<?xml version='1.0' encoding='utf-8'?>
<gpx xmlns="http://www.topografix.com/GPX/1/1" xmlns:xsi="http://www.w3.org/2001/XMLSchema-instance" creator="PIT Pathfinder" version="1.1" xsi:schemaLocation="http://www.topografix.com/GPX/1/1 http://www.topografix.com/GPX/1/1/gpx.xsd">
  <metadata>
    <name>Orwell Logistics Park to Sizewell C - Framlingham Deviation Route</name>
    <desc>OSRM generated driving route</desc>
    <time>2026-06-26T08:00:00.000Z</time>
  </metadata>
  <wpt lat="52.02628" lon="1.22374">
    <ele>0</ele>
    <name>Orwell Logistics Park, Nacton, Ipswich IP10 0DD</name>
    <cmt>Waypoint no: 1</cmt>
    <desc>This is waypoint no: 1</desc>
  </wpt>
  <wpt lat="52.21828" lon="1.61742">
    <ele>0</ele>
    <name>Sizewell C Power Station, Leiston, Suffolk</name>
    <cmt>Waypoint no: 2</cmt>
    <desc>This is waypoint no: 2</desc>
  </wpt>
  <trk>
    <name>Orwell Logistics Park to Sizewell C (Alt Deviated)</name>
    <desc>This is track no: 1</desc>
    <number>1</number>
    <trkseg>
      <trkpt lat="52.02628" lon="1.22374">
        <ele>0</ele>
        <time>2026-06-26T08:00:00.000Z</time>
        <name>1</name>
        <extensions>
          <speed_mps>17.882</speed_mps>
          <speed_mph>40.0</speed_mph>
        </extensions>
      </trkpt>
      <trkpt lat="52.02614" lon="1.22429">
        <ele>0</ele>
        <time>2026-06-26T08:00:02.257Z</time>
        <name>2</name>
        <extensions>
          <speed_mps>17.882</speed_mps>
          <speed_mph>40.0</speed_mph>
        </extensions>
      </trkpt>
      <trkpt lat="52.02601" lon="1.22483">
        <ele>0</ele>
        <time>2026-06-26T08:00:04.515Z</time>
        <name>3</name>
        <extensions>
          <speed_mps>17.882</speed_mps>
          <speed_mph>40.0</speed_mph>
        </extensions>
      </trkpt>
      <trkpt lat="52.02587" lon="1.22538">
        <ele>0</ele>
        <time>2026-06-26T08:00:06.774Z</time>
        <name>4</name>
        <extensions>
          <speed_mps>17.882</speed_mps>
          <speed_mph>40.0</speed_mph>
        </extensions>
      </trkpt>
      <trkpt lat="52.02576" lon="1.22594">
        <ele>0</ele>
        <time>2026-06-26T08:00:09.017Z</time>
        <name>5</name>
        <extensions>
          <speed_mps>17.882</speed_mps>
          <speed_mph>40.0</speed_mph>
        </extensions>
      </trkpt>
      <trkpt lat="52.02582" lon="1.22652">
        <ele>0</ele>
        <time>2026-06-26T08:00:11.262Z</time>
        <name>6</name>
        <extensions>
          <speed_mps>17.882</speed_mps>
          <speed_mph>40.0</speed_mph>
        </extensions>
      </trkpt>
      <trkpt lat="52.02584" lon="1.22710">
        <ele>0</ele>
        <time>2026-06-26T08:00:13.488Z</time>
        <name>7</name>
        <extensions>
          <speed_mps>17.882</speed_mps>
          <speed_mph>40.0</speed_mph>
        </extensions>
      </trkpt>
      <trkpt lat="52.02565" lon="1.22759">
        <ele>0</ele>
        <time>2026-06-26T08:00:15.702Z</time>
        <name>8</name>
        <extensions>
          <speed_mps>17.882</speed_mps>
          <speed_mph>40.0</speed_mph>
        </extensions>
      </trkpt>
      <trkpt lat="52.02542" lon="1.22802">
        <ele>0</ele>
        <time>2026-06-26T08:00:17.876Z</time>
        <name>9</name>
        <extensions>
          <speed_mps>17.882</speed_mps>
          <speed_mph>40.0</speed_mph>
        </extensions>
      </trkpt>
      <trkpt lat="52.02526" lon="1.22759">
        <ele>0</ele>
        <time>2026-06-26T08:00:19.781Z</time>
        <name>10</name>
        <extensions>
          <speed_mps>17.882</speed_mps>
          <speed_mph>40.0</speed_mph>
        </extensions>
      </trkpt>
      <trkpt lat="52.02505" lon="1.22714">
        <ele>0</ele>
        <time>2026-06-26T08:00:21.976Z</time>
        <name>11</name>
        <extensions>
          <speed_mps>17.882</speed_mps>
          <speed_mph>40.0</speed_mph>
        </extensions>
      </trkpt>
      <trkpt lat="52.02471" lon="1.22702">
        <ele>0</ele>
        <time>2026-06-26T08:00:24.131Z</time>
        <name>12</name>
        <extensions>
          <speed_mps>17.882</speed_mps>
          <speed_mph>40.0</speed_mph>
        </extensions>
      </trkpt>
      <trkpt lat="52.02449" lon="1.22745">
        <ele>0</ele>
        <time>2026-06-26T08:00:26.265Z</time>
        <name>13</name>
        <extensions>
          <speed_mps>17.882</speed_mps>
          <speed_mph>40.0</speed_mph>
        </extensions>
      </trkpt>
      <trkpt lat="52.02435" lon="1.22799">
        <ele>0</ele>
        <time>2026-06-26T08:00:28.506Z</time>
        <name>14</name>
        <extensions>
          <speed_mps>17.882</speed_mps>
          <speed_mph>40.0</speed_mph>
        </extensions>
      </trkpt>
      <trkpt lat="52.02428" lon="1.22857">
        <ele>0</ele>
        <time>2026-06-26T08:00:30.764Z</time>
        <name>15</name>
        <extensions>
          <speed_mps>17.882</speed_mps>
          <speed_mph>40.0</speed_mph>
        </extensions>
      </trkpt>
      <trkpt lat="52.02421" lon="1.22915">
        <ele>0</ele>
        <time>2026-06-26T08:00:33.021Z</time>
        <name>16</name>
        <extensions>
          <speed_mps>17.882</speed_mps>
          <speed_mph>40.0</speed_mph>
        </extensions>
      </trkpt>
      <trkpt lat="52.02417" lon="1.22973">
        <ele>0</ele>
        <time>2026-06-26T08:00:35.279Z</time>
        <name>17</name>
        <extensions>
          <speed_mps>17.882</speed_mps>
          <speed_mph>40.0</speed_mph>
        </extensions>
      </trkpt>
      <trkpt lat="52.02416" lon="1.23032">
        <ele>0</ele>
        <time>2026-06-26T08:00:37.536Z</time>
        <name>18</name>
        <extensions>
          <speed_mps>17.882</speed_mps>
          <speed_mph>40.0</speed_mph>
        </extensions>
      </trkpt>
      <trkpt lat="52.02417" lon="1.23091">
        <ele>0</ele>
        <time>2026-06-26T08:00:39.791Z</time>
        <name>19</name>
        <extensions>
          <speed_mps>17.882</speed_mps>
          <speed_mph>40.0</speed_mph>
        </extensions>
      </trkpt>
      <trkpt lat="52.02421" lon="1.23150">
        <ele>0</ele>
        <time>2026-06-26T08:00:42.049Z</time>
        <name>20</name>
        <extensions>
          <speed_mps>17.882</speed_mps>
          <speed_mph>40.0</speed_mph>
        </extensions>
      </trkpt>
      <trkpt lat="52.02426" lon="1.23208">
        <ele>0</ele>
        <time>2026-06-26T08:00:44.305Z</time>
        <name>21</name>
        <extensions>
          <speed_mps>17.882</speed_mps>
          <speed_mph>40.0</speed_mph>
        </extensions>
      </trkpt>
      <trkpt lat="52.02434" lon="1.23266">
        <ele>0</ele>
        <time>2026-06-26T08:00:46.562Z</time>
        <name>22</name>
        <extensions>
          <speed_mps>17.882</speed_mps>
          <speed_mph>40.0</speed_mph>
        </extensions>
      </trkpt>
      <trkpt lat="52.02445" lon="1.23322">
        <ele>0</ele>
        <time>2026-06-26T08:00:48.819Z</time>
        <name>23</name>
        <extensions>
          <speed_mps>17.882</speed_mps>
          <speed_mph>40.0</speed_mph>
        </extensions>
      </trkpt>
      <trkpt lat="52.02458" lon="1.23377">
        <ele>0</ele>
        <time>2026-06-26T08:00:51.077Z</time>
        <name>24</name>
        <extensions>
          <speed_mps>17.882</speed_mps>
          <speed_mph>40.0</speed_mph>
        </extensions>
      </trkpt>
      <trkpt lat="52.02472" lon="1.23431">
        <ele>0</ele>
        <time>2026-06-26T08:00:53.335Z</time>
        <name>25</name>
        <extensions>
          <speed_mps>17.882</speed_mps>
          <speed_mph>40.0</speed_mph>
        </extensions>
      </trkpt>
      <trkpt lat="52.02488" lon="1.23484">
        <ele>0</ele>
        <time>2026-06-26T08:00:55.592Z</time>
        <name>26</name>
        <extensions>
          <speed_mps>17.882</speed_mps>
          <speed_mph>40.0</speed_mph>
        </extensions>
      </trkpt>
      <trkpt lat="52.02506" lon="1.23536">
        <ele>0</ele>
        <time>2026-06-26T08:00:57.850Z</time>
        <name>27</name>
        <extensions>
          <speed_mps>17.882</speed_mps>
          <speed_mph>40.0</speed_mph>
        </extensions>
      </trkpt>
      <trkpt lat="52.02523" lon="1.23588">
        <ele>0</ele>
        <time>2026-06-26T08:01:00.108Z</time>
        <name>28</name>
        <extensions>
          <speed_mps>17.882</speed_mps>
          <speed_mph>40.0</speed_mph>
        </extensions>
      </trkpt>
      <trkpt lat="52.02540" lon="1.23640">
        <ele>0</ele>
        <time>2026-06-26T08:01:02.366Z</time>
        <name>29</name>
        <extensions>
          <speed_mps>17.882</speed_mps>
          <speed_mph>40.0</speed_mph>
        </extensions>
      </trkpt>
      <trkpt lat="52.02558" lon="1.23692">
        <ele>0</ele>
        <time>2026-06-26T08:01:04.624Z</time>
        <name>30</name>
        <extensions>
          <speed_mps>17.882</speed_mps>
          <speed_mph>40.0</speed_mph>
        </extensions>
      </trkpt>
      <trkpt lat="52.02576" lon="1.23743">
        <ele>0</ele>
        <time>2026-06-26T08:01:06.882Z</time>
        <name>31</name>
        <extensions>
          <speed_mps>17.882</speed_mps>
          <speed_mph>40.0</speed_mph>
        </extensions>
      </trkpt>
      <trkpt lat="52.02595" lon="1.23793">
        <ele>0</ele>
        <time>2026-06-26T08:01:09.140Z</time>
        <name>32</name>
        <extensions>
          <speed_mps>17.882</speed_mps>
          <speed_mph>40.0</speed_mph>
        </extensions>
      </trkpt>
      <trkpt lat="52.02613" lon="1.23844">
        <ele>0</ele>
        <time>2026-06-26T08:01:11.398Z</time>
        <name>33</name>
        <extensions>
          <speed_mps>17.882</speed_mps>
          <speed_mph>40.0</speed_mph>
        </extensions>
      </trkpt>
      <trkpt lat="52.02632" lon="1.23895">
        <ele>0</ele>
        <time>2026-06-26T08:01:13.656Z</time>
        <name>34</name>
        <extensions>
          <speed_mps>17.882</speed_mps>
          <speed_mph>40.0</speed_mph>
        </extensions>
      </trkpt>
      <trkpt lat="52.02651" lon="1.23945">
        <ele>0</ele>
        <time>2026-06-26T08:01:15.914Z</time>
        <name>35</name>
        <extensions>
          <speed_mps>17.882</speed_mps>
          <speed_mph>40.0</speed_mph>
        </extensions>
      </trkpt>
      <trkpt lat="52.02670" lon="1.23996">
        <ele>0</ele>
        <time>2026-06-26T08:01:18.172Z</time>
        <name>36</name>
        <extensions>
          <speed_mps>17.882</speed_mps>
          <speed_mph>40.0</speed_mph>
        </extensions>
      </trkpt>
      <trkpt lat="52.02688" lon="1.24046">
        <ele>0</ele>
        <time>2026-06-26T08:01:20.430Z</time>
        <name>37</name>
        <extensions>
          <speed_mps>17.882</speed_mps>
          <speed_mph>40.0</speed_mph>
        </extensions>
      </trkpt>
      <trkpt lat="52.02707" lon="1.24097">
        <ele>0</ele>
        <time>2026-06-26T08:01:22.688Z</time>
        <name>38</name>
        <extensions>
          <speed_mps>17.882</speed_mps>
          <speed_mph>40.0</speed_mph>
        </extensions>
      </trkpt>
      <trkpt lat="52.02725" lon="1.24148">
        <ele>0</ele>
        <time>2026-06-26T08:01:24.946Z</time>
        <name>39</name>
        <extensions>
          <speed_mps>17.882</speed_mps>
          <speed_mph>40.0</speed_mph>
        </extensions>
      </trkpt>
      <trkpt lat="52.02742" lon="1.24200">
        <ele>0</ele>
        <time>2026-06-26T08:01:27.204Z</time>
        <name>40</name>
        <extensions>
          <speed_mps>17.882</speed_mps>
          <speed_mph>40.0</speed_mph>
        </extensions>
      </trkpt>
      <trkpt lat="52.02756" lon="1.24255">
        <ele>0</ele>
        <time>2026-06-26T08:01:29.460Z</time>
        <name>41</name>
        <extensions>
          <speed_mps>17.882</speed_mps>
          <speed_mph>40.0</speed_mph>
        </extensions>
      </trkpt>
      <trkpt lat="52.02769" lon="1.24310">
        <ele>0</ele>
        <time>2026-06-26T08:01:31.718Z</time>
        <name>42</name>
        <extensions>
          <speed_mps>17.882</speed_mps>
          <speed_mph>40.0</speed_mph>
        </extensions>
      </trkpt>
      <trkpt lat="52.02780" lon="1.24366">
        <ele>0</ele>
        <time>2026-06-26T08:01:33.976Z</time>
        <name>43</name>
        <extensions>
          <speed_mps>17.882</speed_mps>
          <speed_mph>40.0</speed_mph>
        </extensions>
      </trkpt>
      <trkpt lat="52.02789" lon="1.24423">
        <ele>0</ele>
        <time>2026-06-26T08:01:36.230Z</time>
        <name>44</name>
        <extensions>
          <speed_mps>17.882</speed_mps>
          <speed_mph>40.0</speed_mph>
        </extensions>
      </trkpt>
      <trkpt lat="52.02795" lon="1.24481">
        <ele>0</ele>
        <time>2026-06-26T08:01:38.488Z</time>
        <name>45</name>
        <extensions>
          <speed_mps>17.882</speed_mps>
          <speed_mph>40.0</speed_mph>
        </extensions>
      </trkpt>
      <trkpt lat="52.02799" lon="1.24540">
        <ele>0</ele>
        <time>2026-06-26T08:01:40.743Z</time>
        <name>46</name>
        <extensions>
          <speed_mps>17.882</speed_mps>
          <speed_mph>40.0</speed_mph>
        </extensions>
      </trkpt>
      <trkpt lat="52.02802" lon="1.24599">
        <ele>0</ele>
        <time>2026-06-26T08:01:43.001Z</time>
        <name>47</name>
        <extensions>
          <speed_mps>17.882</speed_mps>
          <speed_mph>40.0</speed_mph>
        </extensions>
      </trkpt>
      <trkpt lat="52.02801" lon="1.24658">
        <ele>0</ele>
        <time>2026-06-26T08:01:45.258Z</time>
        <name>48</name>
        <extensions>
          <speed_mps>17.882</speed_mps>
          <speed_mph>40.0</speed_mph>
        </extensions>
      </trkpt>
      <trkpt lat="52.02799" lon="1.24717">
        <ele>0</ele>
        <time>2026-06-26T08:01:47.516Z</time>
        <name>49</name>
        <extensions>
          <speed_mps>17.882</speed_mps>
          <speed_mph>40.0</speed_mph>
        </extensions>
      </trkpt>
      <trkpt lat="52.02795" lon="1.24775">
        <ele>0</ele>
        <time>2026-06-26T08:01:49.773Z</time>
        <name>50</name>
        <extensions>
          <speed_mps>17.882</speed_mps>
          <speed_mph>40.0</speed_mph>
        </extensions>
      </trkpt>
      <trkpt lat="52.02788" lon="1.24833">
        <ele>0</ele>
        <time>2026-06-26T08:01:52.031Z</time>
        <name>51</name>
        <extensions>
          <speed_mps>17.882</speed_mps>
          <speed_mph>40.0</speed_mph>
        </extensions>
      </trkpt>
      <trkpt lat="52.02783" lon="1.24892">
        <ele>0</ele>
        <time>2026-06-26T08:01:54.284Z</time>
        <name>52</name>
        <extensions>
          <speed_mps>17.882</speed_mps>
          <speed_mph>40.0</speed_mph>
        </extensions>
      </trkpt>
      <trkpt lat="52.02779" lon="1.24950">
        <ele>0</ele>
        <time>2026-06-26T08:01:56.533Z</time>
        <name>53</name>
        <extensions>
          <speed_mps>17.882</speed_mps>
          <speed_mph>40.0</speed_mph>
        </extensions>
      </trkpt>
      <trkpt lat="52.02769" lon="1.25007">
        <ele>0</ele>
        <time>2026-06-26T08:01:58.791Z</time>
        <name>54</name>
        <extensions>
          <speed_mps>17.882</speed_mps>
          <speed_mph>40.0</speed_mph>
        </extensions>
      </trkpt>
      <trkpt lat="52.02759" lon="1.25064">
        <ele>0</ele>
        <time>2026-06-26T08:02:01.048Z</time>
        <name>55</name>
        <extensions>
          <speed_mps>17.882</speed_mps>
          <speed_mph>40.0</speed_mph>
        </extensions>
      </trkpt>
      <trkpt lat="52.02748" lon="1.25120">
        <ele>0</ele>
        <time>2026-06-26T08:02:03.306Z</time>
        <name>56</name>
        <extensions>
          <speed_mps>17.882</speed_mps>
          <speed_mph>40.0</speed_mph>
        </extensions>
      </trkpt>
      <trkpt lat="52.02737" lon="1.25176">
        <ele>0</ele>
        <time>2026-06-26T08:02:05.564Z</time>
        <name>57</name>
        <extensions>
          <speed_mps>17.882</speed_mps>
          <speed_mph>40.0</speed_mph>
        </extensions>
      </trkpt>
      <trkpt lat="52.02726" lon="1.25232">
        <ele>0</ele>
        <time>2026-06-26T08:02:07.822Z</time>
        <name>58</name>
        <extensions>
          <speed_mps>17.882</speed_mps>
          <speed_mph>40.0</speed_mph>
        </extensions>
      </trkpt>
      <trkpt lat="52.02714" lon="1.25288">
        <ele>0</ele>
        <time>2026-06-26T08:02:10.081Z</time>
        <name>59</name>
        <extensions>
          <speed_mps>17.882</speed_mps>
          <speed_mph>40.0</speed_mph>
        </extensions>
      </trkpt>
      <trkpt lat="52.02702" lon="1.25344">
        <ele>0</ele>
        <time>2026-06-26T08:02:12.339Z</time>
        <name>60</name>
        <extensions>
          <speed_mps>17.882</speed_mps>
          <speed_mph>40.0</speed_mph>
        </extensions>
      </trkpt>
      <trkpt lat="52.02691" lon="1.25400">
        <ele>0</ele>
        <time>2026-06-26T08:02:14.596Z</time>
        <name>61</name>
        <extensions>
          <speed_mps>17.882</speed_mps>
          <speed_mph>40.0</speed_mph>
        </extensions>
      </trkpt>
      <trkpt lat="52.02688" lon="1.25458">
        <ele>0</ele>
        <time>2026-06-26T08:02:16.825Z</time>
        <name>62</name>
        <extensions>
          <speed_mps>17.882</speed_mps>
          <speed_mph>40.0</speed_mph>
        </extensions>
      </trkpt>
      <trkpt lat="52.02699" lon="1.25514">
        <ele>0</ele>
        <time>2026-06-26T08:02:19.068Z</time>
        <name>63</name>
        <extensions>
          <speed_mps>17.882</speed_mps>
          <speed_mph>40.0</speed_mph>
        </extensions>
      </trkpt>
      <trkpt lat="52.02720" lon="1.25561">
        <ele>0</ele>
        <time>2026-06-26T08:02:21.279Z</time>
        <name>64</name>
        <extensions>
          <speed_mps>17.882</speed_mps>
          <speed_mph>40.0</speed_mph>
        </extensions>
      </trkpt>
      <trkpt lat="52.02750" lon="1.25594">
        <ele>0</ele>
        <time>2026-06-26T08:02:23.523Z</time>
        <name>65</name>
        <extensions>
          <speed_mps>17.882</speed_mps>
          <speed_mph>40.0</speed_mph>
        </extensions>
      </trkpt>
      <trkpt lat="52.02782" lon="1.25620">
        <ele>0</ele>
        <time>2026-06-26T08:02:25.781Z</time>
        <name>66</name>
        <extensions>
          <speed_mps>17.882</speed_mps>
          <speed_mph>40.0</speed_mph>
        </extensions>
      </trkpt>
      <trkpt lat="52.02815" lon="1.25645">
        <ele>0</ele>
        <time>2026-06-26T08:02:28.039Z</time>
        <name>67</name>
        <extensions>
          <speed_mps>17.882</speed_mps>
          <speed_mph>40.0</speed_mph>
        </extensions>
      </trkpt>
      <trkpt lat="52.02849" lon="1.25667">
        <ele>0</ele>
        <time>2026-06-26T08:02:30.296Z</time>
        <name>68</name>
        <extensions>
          <speed_mps>17.882</speed_mps>
          <speed_mph>40.0</speed_mph>
        </extensions>
      </trkpt>
      <trkpt lat="52.02883" lon="1.25687">
        <ele>0</ele>
        <time>2026-06-26T08:02:32.554Z</time>
        <name>69</name>
        <extensions>
          <speed_mps>17.882</speed_mps>
          <speed_mph>40.0</speed_mph>
        </extensions>
      </trkpt>
      <trkpt lat="52.02917" lon="1.25706">
        <ele>0</ele>
        <time>2026-06-26T08:02:34.812Z</time>
        <name>70</name>
        <extensions>
          <speed_mps>17.882</speed_mps>
          <speed_mph>40.0</speed_mph>
        </extensions>
      </trkpt>
      <trkpt lat="52.02952" lon="1.25722">
        <ele>0</ele>
        <time>2026-06-26T08:02:37.069Z</time>
        <name>71</name>
        <extensions>
          <speed_mps>17.882</speed_mps>
          <speed_mph>40.0</speed_mph>
        </extensions>
      </trkpt>
      <trkpt lat="52.02988" lon="1.25736">
        <ele>0</ele>
        <time>2026-06-26T08:02:39.327Z</time>
        <name>72</name>
        <extensions>
          <speed_mps>17.882</speed_mps>
          <speed_mph>40.0</speed_mph>
        </extensions>
      </trkpt>
      <trkpt lat="52.03023" lon="1.25747">
        <ele>0</ele>
        <time>2026-06-26T08:02:41.585Z</time>
        <name>73</name>
        <extensions>
          <speed_mps>17.882</speed_mps>
          <speed_mph>40.0</speed_mph>
        </extensions>
      </trkpt>
      <trkpt lat="52.03059" lon="1.25757">
        <ele>0</ele>
        <time>2026-06-26T08:02:43.843Z</time>
        <name>74</name>
        <extensions>
          <speed_mps>17.882</speed_mps>
          <speed_mph>40.0</speed_mph>
        </extensions>
      </trkpt>
      <trkpt lat="52.03095" lon="1.25763">
        <ele>0</ele>
        <time>2026-06-26T08:02:46.101Z</time>
        <name>75</name>
        <extensions>
          <speed_mps>17.882</speed_mps>
          <speed_mph>40.0</speed_mph>
        </extensions>
      </trkpt>
      <trkpt lat="52.03131" lon="1.25769">
        <ele>0</ele>
        <time>2026-06-26T08:02:48.359Z</time>
        <name>76</name>
        <extensions>
          <speed_mps>17.882</speed_mps>
          <speed_mph>40.0</speed_mph>
        </extensions>
      </trkpt>
      <trkpt lat="52.03168" lon="1.25773">
        <ele>0</ele>
        <time>2026-06-26T08:02:50.617Z</time>
        <name>77</name>
        <extensions>
          <speed_mps>17.882</speed_mps>
          <speed_mph>40.0</speed_mph>
        </extensions>
      </trkpt>
      <trkpt lat="52.03204" lon="1.25777">
        <ele>0</ele>
        <time>2026-06-26T08:02:52.875Z</time>
        <name>78</name>
        <extensions>
          <speed_mps>17.882</speed_mps>
          <speed_mph>40.0</speed_mph>
        </extensions>
      </trkpt>
      <trkpt lat="52.03240" lon="1.25782">
        <ele>0</ele>
        <time>2026-06-26T08:02:55.133Z</time>
        <name>79</name>
        <extensions>
          <speed_mps>17.882</speed_mps>
          <speed_mph>40.0</speed_mph>
        </extensions>
      </trkpt>
      <trkpt lat="52.03276" lon="1.25787">
        <ele>0</ele>
        <time>2026-06-26T08:02:57.390Z</time>
        <name>80</name>
        <extensions>
          <speed_mps>17.882</speed_mps>
          <speed_mph>40.0</speed_mph>
        </extensions>
      </trkpt>
      <trkpt lat="52.03312" lon="1.25795">
        <ele>0</ele>
        <time>2026-06-26T08:02:59.648Z</time>
        <name>81</name>
        <extensions>
          <speed_mps>17.882</speed_mps>
          <speed_mph>40.0</speed_mph>
        </extensions>
      </trkpt>
      <trkpt lat="52.03348" lon="1.25804">
        <ele>0</ele>
        <time>2026-06-26T08:03:01.906Z</time>
        <name>82</name>
        <extensions>
          <speed_mps>17.882</speed_mps>
          <speed_mph>40.0</speed_mph>
        </extensions>
      </trkpt>
      <trkpt lat="52.03384" lon="1.25816">
        <ele>0</ele>
        <time>2026-06-26T08:03:04.164Z</time>
        <name>83</name>
        <extensions>
          <speed_mps>17.882</speed_mps>
          <speed_mph>40.0</speed_mph>
        </extensions>
      </trkpt>
      <trkpt lat="52.03419" lon="1.25829">
        <ele>0</ele>
        <time>2026-06-26T08:03:06.421Z</time>
        <name>84</name>
        <extensions>
          <speed_mps>17.882</speed_mps>
          <speed_mph>40.0</speed_mph>
        </extensions>
      </trkpt>
      <trkpt lat="52.03454" lon="1.25844">
        <ele>0</ele>
        <time>2026-06-26T08:03:08.679Z</time>
        <name>85</name>
        <extensions>
          <speed_mps>17.882</speed_mps>
          <speed_mph>40.0</speed_mph>
        </extensions>
      </trkpt>
      <trkpt lat="52.03489" lon="1.25863">
        <ele>0</ele>
        <time>2026-06-26T08:03:10.937Z</time>
        <name>86</name>
        <extensions>
          <speed_mps>17.882</speed_mps>
          <speed_mph>40.0</speed_mph>
        </extensions>
      </trkpt>
      <trkpt lat="52.03523" lon="1.25883">
        <ele>0</ele>
        <time>2026-06-26T08:03:13.196Z</time>
        <name>87</name>
        <extensions>
          <speed_mps>17.882</speed_mps>
          <speed_mph>40.0</speed_mph>
        </extensions>
      </trkpt>
      <trkpt lat="52.03557" lon="1.25902">
        <ele>0</ele>
        <time>2026-06-26T08:03:15.454Z</time>
        <name>88</name>
        <extensions>
          <speed_mps>17.882</speed_mps>
          <speed_mph>40.0</speed_mph>
        </extensions>
      </trkpt>
      <trkpt lat="52.03591" lon="1.25922">
        <ele>0</ele>
        <time>2026-06-26T08:03:17.711Z</time>
        <name>89</name>
        <extensions>
          <speed_mps>17.882</speed_mps>
          <speed_mph>40.0</speed_mph>
        </extensions>
      </trkpt>
      <trkpt lat="52.03625" lon="1.25943">
        <ele>0</ele>
        <time>2026-06-26T08:03:19.969Z</time>
        <name>90</name>
        <extensions>
          <speed_mps>17.882</speed_mps>
          <speed_mph>40.0</speed_mph>
        </extensions>
      </trkpt>
      <trkpt lat="52.03659" lon="1.25965">
        <ele>0</ele>
        <time>2026-06-26T08:03:22.228Z</time>
        <name>91</name>
        <extensions>
          <speed_mps>17.882</speed_mps>
          <speed_mph>40.0</speed_mph>
        </extensions>
      </trkpt>
      <trkpt lat="52.03692" lon="1.25988">
        <ele>0</ele>
        <time>2026-06-26T08:03:24.486Z</time>
        <name>92</name>
        <extensions>
          <speed_mps>17.882</speed_mps>
          <speed_mph>40.0</speed_mph>
        </extensions>
      </trkpt>
      <trkpt lat="52.03726" lon="1.26011">
        <ele>0</ele>
        <time>2026-06-26T08:03:26.744Z</time>
        <name>93</name>
        <extensions>
          <speed_mps>17.882</speed_mps>
          <speed_mph>40.0</speed_mph>
        </extensions>
      </trkpt>
      <trkpt lat="52.03759" lon="1.26035">
        <ele>0</ele>
        <time>2026-06-26T08:03:29.002Z</time>
        <name>94</name>
        <extensions>
          <speed_mps>17.882</speed_mps>
          <speed_mph>40.0</speed_mph>
        </extensions>
      </trkpt>
      <trkpt lat="52.03792" lon="1.26059">
        <ele>0</ele>
        <time>2026-06-26T08:03:31.260Z</time>
        <name>95</name>
        <extensions>
          <speed_mps>17.882</speed_mps>
          <speed_mph>40.0</speed_mph>
        </extensions>
      </trkpt>
      <trkpt lat="52.03825" lon="1.26085">
        <ele>0</ele>
        <time>2026-06-26T08:03:33.517Z</time>
        <name>96</name>
        <extensions>
          <speed_mps>17.882</speed_mps>
          <speed_mph>40.0</speed_mph>
        </extensions>
      </trkpt>
      <trkpt lat="52.03857" lon="1.26111">
        <ele>0</ele>
        <time>2026-06-26T08:03:35.775Z</time>
        <name>97</name>
        <extensions>
          <speed_mps>17.882</speed_mps>
          <speed_mph>40.0</speed_mph>
        </extensions>
      </trkpt>
      <trkpt lat="52.03889" lon="1.26139">
        <ele>0</ele>
        <time>2026-06-26T08:03:38.034Z</time>
        <name>98</name>
        <extensions>
          <speed_mps>17.882</speed_mps>
          <speed_mph>40.0</speed_mph>
        </extensions>
      </trkpt>
      <trkpt lat="52.03921" lon="1.26168">
        <ele>0</ele>
        <time>2026-06-26T08:03:40.291Z</time>
        <name>99</name>
        <extensions>
          <speed_mps>17.882</speed_mps>
          <speed_mph>40.0</speed_mph>
        </extensions>
      </trkpt>
      <trkpt lat="52.03952" lon="1.26198">
        <ele>0</ele>
        <time>2026-06-26T08:03:42.549Z</time>
        <name>100</name>
        <extensions>
          <speed_mps>17.882</speed_mps>
          <speed_mph>40.0</speed_mph>
        </extensions>
      </trkpt>
      <trkpt lat="52.03983" lon="1.26228">
        <ele>0</ele>
        <time>2026-06-26T08:03:44.807Z</time>
        <name>101</name>
        <extensions>
          <speed_mps>17.882</speed_mps>
          <speed_mph>40.0</speed_mph>
        </extensions>
      </trkpt>
      <trkpt lat="52.04014" lon="1.26259">
        <ele>0</ele>
        <time>2026-06-26T08:03:47.065Z</time>
        <name>102</name>
        <extensions>
          <speed_mps>17.882</speed_mps>
          <speed_mph>40.0</speed_mph>
        </extensions>
      </trkpt>
      <trkpt lat="52.04045" lon="1.26292">
        <ele>0</ele>
        <time>2026-06-26T08:03:49.323Z</time>
        <name>103</name>
        <extensions>
          <speed_mps>17.882</speed_mps>
          <speed_mph>40.0</speed_mph>
        </extensions>
      </trkpt>
      <trkpt lat="52.04075" lon="1.26325">
        <ele>0</ele>
        <time>2026-06-26T08:03:51.581Z</time>
        <name>104</name>
        <extensions>
          <speed_mps>17.882</speed_mps>
          <speed_mph>40.0</speed_mph>
        </extensions>
      </trkpt>
      <trkpt lat="52.04104" lon="1.26359">
        <ele>0</ele>
        <time>2026-06-26T08:03:53.838Z</time>
        <name>105</name>
        <extensions>
          <speed_mps>17.882</speed_mps>
          <speed_mph>40.0</speed_mph>
        </extensions>
      </trkpt>
      <trkpt lat="52.04133" lon="1.26396">
        <ele>0</ele>
        <time>2026-06-26T08:03:56.096Z</time>
        <name>106</name>
        <extensions>
          <speed_mps>17.882</speed_mps>
          <speed_mph>40.0</speed_mph>
        </extensions>
      </trkpt>
      <trkpt lat="52.04159" lon="1.26436">
        <ele>0</ele>
        <time>2026-06-26T08:03:58.354Z</time>
        <name>107</name>
        <extensions>
          <speed_mps>17.882</speed_mps>
          <speed_mph>40.0</speed_mph>
        </extensions>
      </trkpt>
      <trkpt lat="52.04186" lon="1.26476">
        <ele>0</ele>
        <time>2026-06-26T08:04:00.612Z</time>
        <name>108</name>
        <extensions>
          <speed_mps>17.882</speed_mps>
          <speed_mph>40.0</speed_mph>
        </extensions>
      </trkpt>
      <trkpt lat="52.04212" lon="1.26518">
        <ele>0</ele>
        <time>2026-06-26T08:04:02.870Z</time>
        <name>109</name>
        <extensions>
          <speed_mps>17.882</speed_mps>
          <speed_mph>40.0</speed_mph>
        </extensions>
      </trkpt>
      <trkpt lat="52.04238" lon="1.26559">
        <ele>0</ele>
        <time>2026-06-26T08:04:05.128Z</time>
        <name>110</name>
        <extensions>
          <speed_mps>17.882</speed_mps>
          <speed_mph>40.0</speed_mph>
        </extensions>
      </trkpt>
      <trkpt lat="52.04263" lon="1.26601">
        <ele>0</ele>
        <time>2026-06-26T08:04:07.386Z</time>
        <name>111</name>
        <extensions>
          <speed_mps>17.882</speed_mps>
          <speed_mph>40.0</speed_mph>
        </extensions>
      </trkpt>
      <trkpt lat="52.04288" lon="1.26644">
        <ele>0</ele>
        <time>2026-06-26T08:04:09.644Z</time>
        <name>112</name>
        <extensions>
          <speed_mps>17.882</speed_mps>
          <speed_mph>40.0</speed_mph>
        </extensions>
      </trkpt>
      <trkpt lat="52.04313" lon="1.26686">
        <ele>0</ele>
        <time>2026-06-26T08:04:11.902Z</time>
        <name>113</name>
        <extensions>
          <speed_mps>17.882</speed_mps>
          <speed_mph>40.0</speed_mph>
        </extensions>
      </trkpt>
      <trkpt lat="52.04339" lon="1.26728">
        <ele>0</ele>
        <time>2026-06-26T08:04:14.160Z</time>
        <name>114</name>
        <extensions>
          <speed_mps>17.882</speed_mps>
          <speed_mph>40.0</speed_mph>
        </extensions>
      </trkpt>
      <trkpt lat="52.04365" lon="1.26770">
        <ele>0</ele>
        <time>2026-06-26T08:04:16.418Z</time>
        <name>115</name>
        <extensions>
          <speed_mps>17.882</speed_mps>
          <speed_mph>40.0</speed_mph>
        </extensions>
      </trkpt>
      <trkpt lat="52.04390" lon="1.26812">
        <ele>0</ele>
        <time>2026-06-26T08:04:18.676Z</time>
        <name>116</name>
        <extensions>
          <speed_mps>17.882</speed_mps>
          <speed_mph>40.0</speed_mph>
        </extensions>
      </trkpt>
      <trkpt lat="52.04416" lon="1.26854">
        <ele>0</ele>
        <time>2026-06-26T08:04:20.934Z</time>
        <name>117</name>
        <extensions>
          <speed_mps>17.882</speed_mps>
          <speed_mph>40.0</speed_mph>
        </extensions>
      </trkpt>
      <trkpt lat="52.04441" lon="1.26896">
        <ele>0</ele>
        <time>2026-06-26T08:04:23.192Z</time>
        <name>118</name>
        <extensions>
          <speed_mps>17.882</speed_mps>
          <speed_mph>40.0</speed_mph>
        </extensions>
      </trkpt>
      <trkpt lat="52.04466" lon="1.26938">
        <ele>0</ele>
        <time>2026-06-26T08:04:25.450Z</time>
        <name>119</name>
        <extensions>
          <speed_mps>17.882</speed_mps>
          <speed_mph>40.0</speed_mph>
        </extensions>
      </trkpt>
      <trkpt lat="52.04492" lon="1.26981">
        <ele>0</ele>
        <time>2026-06-26T08:04:27.708Z</time>
        <name>120</name>
        <extensions>
          <speed_mps>17.882</speed_mps>
          <speed_mph>40.0</speed_mph>
        </extensions>
      </trkpt>
      <trkpt lat="52.04517" lon="1.27023">
        <ele>0</ele>
        <time>2026-06-26T08:04:29.966Z</time>
        <name>121</name>
        <extensions>
          <speed_mps>17.882</speed_mps>
          <speed_mph>40.0</speed_mph>
        </extensions>
      </trkpt>
      <trkpt lat="52.04542" lon="1.27065">
        <ele>0</ele>
        <time>2026-06-26T08:04:32.224Z</time>
        <name>122</name>
        <extensions>
          <speed_mps>17.882</speed_mps>
          <speed_mph>40.0</speed_mph>
        </extensions>
      </trkpt>
      <trkpt lat="52.04568" lon="1.27107">
        <ele>0</ele>
        <time>2026-06-26T08:04:34.483Z</time>
        <name>123</name>
        <extensions>
          <speed_mps>17.882</speed_mps>
          <speed_mph>40.0</speed_mph>
        </extensions>
      </trkpt>
      <trkpt lat="52.04593" lon="1.27149">
        <ele>0</ele>
        <time>2026-06-26T08:04:36.741Z</time>
        <name>124</name>
        <extensions>
          <speed_mps>17.882</speed_mps>
          <speed_mph>40.0</speed_mph>
        </extensions>
      </trkpt>
      <trkpt lat="52.04619" lon="1.27191">
        <ele>0</ele>
        <time>2026-06-26T08:04:38.999Z</time>
        <name>125</name>
        <extensions>
          <speed_mps>17.882</speed_mps>
          <speed_mph>40.0</speed_mph>
        </extensions>
      </trkpt>
      <trkpt lat="52.04645" lon="1.27233">
        <ele>0</ele>
        <time>2026-06-26T08:04:41.257Z</time>
        <name>126</name>
        <extensions>
          <speed_mps>17.882</speed_mps>
          <speed_mph>40.0</speed_mph>
        </extensions>
      </trkpt>
      <trkpt lat="52.04670" lon="1.27275">
        <ele>0</ele>
        <time>2026-06-26T08:04:43.515Z</time>
        <name>127</name>
        <extensions>
          <speed_mps>17.882</speed_mps>
          <speed_mph>40.0</speed_mph>
        </extensions>
      </trkpt>
      <trkpt lat="52.04696" lon="1.27316">
        <ele>0</ele>
        <time>2026-06-26T08:04:45.773Z</time>
        <name>128</name>
        <extensions>
          <speed_mps>17.882</speed_mps>
          <speed_mph>40.0</speed_mph>
        </extensions>
      </trkpt>
      <trkpt lat="52.04722" lon="1.27358">
        <ele>0</ele>
        <time>2026-06-26T08:04:48.031Z</time>
        <name>129</name>
        <extensions>
          <speed_mps>17.882</speed_mps>
          <speed_mph>40.0</speed_mph>
        </extensions>
      </trkpt>
      <trkpt lat="52.04748" lon="1.27400">
        <ele>0</ele>
        <time>2026-06-26T08:04:50.289Z</time>
        <name>130</name>
        <extensions>
          <speed_mps>17.882</speed_mps>
          <speed_mph>40.0</speed_mph>
        </extensions>
      </trkpt>
      <trkpt lat="52.04774" lon="1.27439">
        <ele>0</ele>
        <time>2026-06-26T08:04:52.525Z</time>
        <name>131</name>
        <extensions>
          <speed_mps>17.882</speed_mps>
          <speed_mph>40.0</speed_mph>
        </extensions>
      </trkpt>
      <trkpt lat="52.04809" lon="1.27448">
        <ele>0</ele>
        <time>2026-06-26T08:04:54.733Z</time>
        <name>132</name>
        <extensions>
          <speed_mps>17.882</speed_mps>
          <speed_mph>40.0</speed_mph>
        </extensions>
      </trkpt>
      <trkpt lat="52.04831" lon="1.27494">
        <ele>0</ele>
        <time>2026-06-26T08:04:56.921Z</time>
        <name>133</name>
        <extensions>
          <speed_mps>17.882</speed_mps>
          <speed_mph>40.0</speed_mph>
        </extensions>
      </trkpt>
      <trkpt lat="52.04848" lon="1.27545">
        <ele>0</ele>
        <time>2026-06-26T08:04:59.175Z</time>
        <name>134</name>
        <extensions>
          <speed_mps>17.882</speed_mps>
          <speed_mph>40.0</speed_mph>
        </extensions>
      </trkpt>
      <trkpt lat="52.04875" lon="1.27585">
        <ele>0</ele>
        <time>2026-06-26T08:05:01.426Z</time>
        <name>135</name>
        <extensions>
          <speed_mps>17.882</speed_mps>
          <speed_mph>40.0</speed_mph>
        </extensions>
      </trkpt>
      <trkpt lat="52.04905" lon="1.27618">
        <ele>0</ele>
        <time>2026-06-26T08:05:03.684Z</time>
        <name>136</name>
        <extensions>
          <speed_mps>17.882</speed_mps>
          <speed_mph>40.0</speed_mph>
        </extensions>
      </trkpt>
      <trkpt lat="52.04937" lon="1.27647">
        <ele>0</ele>
        <time>2026-06-26T08:05:05.942Z</time>
        <name>137</name>
        <extensions>
          <speed_mps>17.882</speed_mps>
          <speed_mph>40.0</speed_mph>
        </extensions>
      </trkpt>
      <trkpt lat="52.04969" lon="1.27675">
        <ele>0</ele>
        <time>2026-06-26T08:05:08.200Z</time>
        <name>138</name>
        <extensions>
          <speed_mps>17.882</speed_mps>
          <speed_mph>40.0</speed_mph>
        </extensions>
      </trkpt>
      <trkpt lat="52.05002" lon="1.27699">
        <ele>0</ele>
        <time>2026-06-26T08:05:10.457Z</time>
        <name>139</name>
        <extensions>
          <speed_mps>17.882</speed_mps>
          <speed_mph>40.0</speed_mph>
        </extensions>
      </trkpt>
      <trkpt lat="52.05036" lon="1.27720">
        <ele>0</ele>
        <time>2026-06-26T08:05:12.714Z</time>
        <name>140</name>
        <extensions>
          <speed_mps>17.882</speed_mps>
          <speed_mph>40.0</speed_mph>
        </extensions>
      </trkpt>
      <trkpt lat="52.05071" lon="1.27737">
        <ele>0</ele>
        <time>2026-06-26T08:05:14.972Z</time>
        <name>141</name>
        <extensions>
          <speed_mps>17.882</speed_mps>
          <speed_mph>40.0</speed_mph>
        </extensions>
      </trkpt>
      <trkpt lat="52.05106" lon="1.27753">
        <ele>0</ele>
        <time>2026-06-26T08:05:17.229Z</time>
        <name>142</name>
        <extensions>
          <speed_mps>17.882</speed_mps>
          <speed_mph>40.0</speed_mph>
        </extensions>
      </trkpt>
      <trkpt lat="52.05141" lon="1.27764">
        <ele>0</ele>
        <time>2026-06-26T08:05:19.487Z</time>
        <name>143</name>
        <extensions>
          <speed_mps>17.882</speed_mps>
          <speed_mph>40.0</speed_mph>
        </extensions>
      </trkpt>
      <trkpt lat="52.05177" lon="1.27773">
        <ele>0</ele>
        <time>2026-06-26T08:05:21.745Z</time>
        <name>144</name>
        <extensions>
          <speed_mps>17.882</speed_mps>
          <speed_mph>40.0</speed_mph>
        </extensions>
      </trkpt>
      <trkpt lat="52.05213" lon="1.27778">
        <ele>0</ele>
        <time>2026-06-26T08:05:24.003Z</time>
        <name>145</name>
        <extensions>
          <speed_mps>17.882</speed_mps>
          <speed_mph>40.0</speed_mph>
        </extensions>
      </trkpt>
      <trkpt lat="52.05250" lon="1.27780">
        <ele>0</ele>
        <time>2026-06-26T08:05:26.260Z</time>
        <name>146</name>
        <extensions>
          <speed_mps>17.882</speed_mps>
          <speed_mph>40.0</speed_mph>
        </extensions>
      </trkpt>
      <trkpt lat="52.05286" lon="1.27779">
        <ele>0</ele>
        <time>2026-06-26T08:05:28.517Z</time>
        <name>147</name>
        <extensions>
          <speed_mps>17.882</speed_mps>
          <speed_mph>40.0</speed_mph>
        </extensions>
      </trkpt>
      <trkpt lat="52.05322" lon="1.27777">
        <ele>0</ele>
        <time>2026-06-26T08:05:30.775Z</time>
        <name>148</name>
        <extensions>
          <speed_mps>17.882</speed_mps>
          <speed_mph>40.0</speed_mph>
        </extensions>
      </trkpt>
      <trkpt lat="52.05358" lon="1.27772">
        <ele>0</ele>
        <time>2026-06-26T08:05:33.033Z</time>
        <name>149</name>
        <extensions>
          <speed_mps>17.882</speed_mps>
          <speed_mph>40.0</speed_mph>
        </extensions>
      </trkpt>
      <trkpt lat="52.05395" lon="1.27768">
        <ele>0</ele>
        <time>2026-06-26T08:05:35.291Z</time>
        <name>150</name>
        <extensions>
          <speed_mps>17.882</speed_mps>
          <speed_mph>40.0</speed_mph>
        </extensions>
      </trkpt>
      <trkpt lat="52.05431" lon="1.27764">
        <ele>0</ele>
        <time>2026-06-26T08:05:37.549Z</time>
        <name>151</name>
        <extensions>
          <speed_mps>17.882</speed_mps>
          <speed_mph>40.0</speed_mph>
        </extensions>
      </trkpt>
      <trkpt lat="52.05467" lon="1.27759">
        <ele>0</ele>
        <time>2026-06-26T08:05:39.807Z</time>
        <name>152</name>
        <extensions>
          <speed_mps>17.882</speed_mps>
          <speed_mph>40.0</speed_mph>
        </extensions>
      </trkpt>
      <trkpt lat="52.05503" lon="1.27755">
        <ele>0</ele>
        <time>2026-06-26T08:05:42.065Z</time>
        <name>153</name>
        <extensions>
          <speed_mps>17.882</speed_mps>
          <speed_mph>40.0</speed_mph>
        </extensions>
      </trkpt>
      <trkpt lat="52.05539" lon="1.27750">
        <ele>0</ele>
        <time>2026-06-26T08:05:44.323Z</time>
        <name>154</name>
        <extensions>
          <speed_mps>17.882</speed_mps>
          <speed_mph>40.0</speed_mph>
        </extensions>
      </trkpt>
      <trkpt lat="52.05576" lon="1.27745">
        <ele>0</ele>
        <time>2026-06-26T08:05:46.581Z</time>
        <name>155</name>
        <extensions>
          <speed_mps>17.882</speed_mps>
          <speed_mph>40.0</speed_mph>
        </extensions>
      </trkpt>
      <trkpt lat="52.05612" lon="1.27739">
        <ele>0</ele>
        <time>2026-06-26T08:05:48.839Z</time>
        <name>156</name>
        <extensions>
          <speed_mps>17.882</speed_mps>
          <speed_mph>40.0</speed_mph>
        </extensions>
      </trkpt>
      <trkpt lat="52.05648" lon="1.27733">
        <ele>0</ele>
        <time>2026-06-26T08:05:51.097Z</time>
        <name>157</name>
        <extensions>
          <speed_mps>17.882</speed_mps>
          <speed_mph>40.0</speed_mph>
        </extensions>
      </trkpt>
      <trkpt lat="52.05684" lon="1.27727">
        <ele>0</ele>
        <time>2026-06-26T08:05:53.355Z</time>
        <name>158</name>
        <extensions>
          <speed_mps>17.882</speed_mps>
          <speed_mph>40.0</speed_mph>
        </extensions>
      </trkpt>
      <trkpt lat="52.05720" lon="1.27721">
        <ele>0</ele>
        <time>2026-06-26T08:05:55.613Z</time>
        <name>159</name>
        <extensions>
          <speed_mps>17.882</speed_mps>
          <speed_mph>40.0</speed_mph>
        </extensions>
      </trkpt>
      <trkpt lat="52.05756" lon="1.27714">
        <ele>0</ele>
        <time>2026-06-26T08:05:57.871Z</time>
        <name>160</name>
        <extensions>
          <speed_mps>17.882</speed_mps>
          <speed_mph>40.0</speed_mph>
        </extensions>
      </trkpt>
      <trkpt lat="52.05792" lon="1.27707">
        <ele>0</ele>
        <time>2026-06-26T08:06:00.129Z</time>
        <name>161</name>
        <extensions>
          <speed_mps>17.882</speed_mps>
          <speed_mph>40.0</speed_mph>
        </extensions>
      </trkpt>
      <trkpt lat="52.05828" lon="1.27699">
        <ele>0</ele>
        <time>2026-06-26T08:06:02.387Z</time>
        <name>162</name>
        <extensions>
          <speed_mps>17.882</speed_mps>
          <speed_mph>40.0</speed_mph>
        </extensions>
      </trkpt>
      <trkpt lat="52.05864" lon="1.27692">
        <ele>0</ele>
        <time>2026-06-26T08:06:04.645Z</time>
        <name>163</name>
        <extensions>
          <speed_mps>17.882</speed_mps>
          <speed_mph>40.0</speed_mph>
        </extensions>
      </trkpt>
      <trkpt lat="52.05900" lon="1.27684">
        <ele>0</ele>
        <time>2026-06-26T08:06:06.903Z</time>
        <name>164</name>
        <extensions>
          <speed_mps>17.882</speed_mps>
          <speed_mph>40.0</speed_mph>
        </extensions>
      </trkpt>
      <trkpt lat="52.05936" lon="1.27675">
        <ele>0</ele>
        <time>2026-06-26T08:06:09.161Z</time>
        <name>165</name>
        <extensions>
          <speed_mps>17.882</speed_mps>
          <speed_mph>40.0</speed_mph>
        </extensions>
      </trkpt>
      <trkpt lat="52.05970" lon="1.27658">
        <ele>0</ele>
        <time>2026-06-26T08:06:11.386Z</time>
        <name>166</name>
        <extensions>
          <speed_mps>17.882</speed_mps>
          <speed_mph>40.0</speed_mph>
        </extensions>
      </trkpt>
      <trkpt lat="52.05997" lon="1.27619">
        <ele>0</ele>
        <time>2026-06-26T08:06:13.607Z</time>
        <name>167</name>
        <extensions>
          <speed_mps>17.882</speed_mps>
          <speed_mph>40.0</speed_mph>
        </extensions>
      </trkpt>
      <trkpt lat="52.06031" lon="1.27633">
        <ele>0</ele>
        <time>2026-06-26T08:06:15.765Z</time>
        <name>168</name>
        <extensions>
          <speed_mps>17.882</speed_mps>
          <speed_mph>40.0</speed_mph>
        </extensions>
      </trkpt>
      <trkpt lat="52.06066" lon="1.27638">
        <ele>0</ele>
        <time>2026-06-26T08:06:17.986Z</time>
        <name>169</name>
        <extensions>
          <speed_mps>17.882</speed_mps>
          <speed_mph>40.0</speed_mph>
        </extensions>
      </trkpt>
      <trkpt lat="52.06102" lon="1.27625">
        <ele>0</ele>
        <time>2026-06-26T08:06:20.244Z</time>
        <name>170</name>
        <extensions>
          <speed_mps>17.882</speed_mps>
          <speed_mph>40.0</speed_mph>
        </extensions>
      </trkpt>
      <trkpt lat="52.06137" lon="1.27613">
        <ele>0</ele>
        <time>2026-06-26T08:06:22.502Z</time>
        <name>171</name>
        <extensions>
          <speed_mps>17.882</speed_mps>
          <speed_mph>40.0</speed_mph>
        </extensions>
      </trkpt>
      <trkpt lat="52.06173" lon="1.27601">
        <ele>0</ele>
        <time>2026-06-26T08:06:24.760Z</time>
        <name>172</name>
        <extensions>
          <speed_mps>17.882</speed_mps>
          <speed_mph>40.0</speed_mph>
        </extensions>
      </trkpt>
      <trkpt lat="52.06208" lon="1.27588">
        <ele>0</ele>
        <time>2026-06-26T08:06:27.018Z</time>
        <name>173</name>
        <extensions>
          <speed_mps>17.882</speed_mps>
          <speed_mph>40.0</speed_mph>
        </extensions>
      </trkpt>
      <trkpt lat="52.06244" lon="1.27576">
        <ele>0</ele>
        <time>2026-06-26T08:06:29.276Z</time>
        <name>174</name>
        <extensions>
          <speed_mps>17.882</speed_mps>
          <speed_mph>40.0</speed_mph>
        </extensions>
      </trkpt>
      <trkpt lat="52.06279" lon="1.27564">
        <ele>0</ele>
        <time>2026-06-26T08:06:31.534Z</time>
        <name>175</name>
        <extensions>
          <speed_mps>17.882</speed_mps>
          <speed_mph>40.0</speed_mph>
        </extensions>
      </trkpt>
      <trkpt lat="52.06315" lon="1.27552">
        <ele>0</ele>
        <time>2026-06-26T08:06:33.793Z</time>
        <name>176</name>
        <extensions>
          <speed_mps>17.882</speed_mps>
          <speed_mph>40.0</speed_mph>
        </extensions>
      </trkpt>
      <trkpt lat="52.06350" lon="1.27540">
        <ele>0</ele>
        <time>2026-06-26T08:06:36.051Z</time>
        <name>177</name>
        <extensions>
          <speed_mps>17.882</speed_mps>
          <speed_mph>40.0</speed_mph>
        </extensions>
      </trkpt>
      <trkpt lat="52.06386" lon="1.27527">
        <ele>0</ele>
        <time>2026-06-26T08:06:38.309Z</time>
        <name>178</name>
        <extensions>
          <speed_mps>17.882</speed_mps>
          <speed_mph>40.0</speed_mph>
        </extensions>
      </trkpt>
      <trkpt lat="52.06422" lon="1.27515">
        <ele>0</ele>
        <time>2026-06-26T08:06:40.567Z</time>
        <name>179</name>
        <extensions>
          <speed_mps>17.882</speed_mps>
          <speed_mph>40.0</speed_mph>
        </extensions>
      </trkpt>
      <trkpt lat="52.06457" lon="1.27503">
        <ele>0</ele>
        <time>2026-06-26T08:06:42.825Z</time>
        <name>180</name>
        <extensions>
          <speed_mps>17.882</speed_mps>
          <speed_mph>40.0</speed_mph>
        </extensions>
      </trkpt>
      <trkpt lat="52.06493" lon="1.27490">
        <ele>0</ele>
        <time>2026-06-26T08:06:45.083Z</time>
        <name>181</name>
        <extensions>
          <speed_mps>17.882</speed_mps>
          <speed_mph>40.0</speed_mph>
        </extensions>
      </trkpt>
      <trkpt lat="52.06526" lon="1.27467">
        <ele>0</ele>
        <time>2026-06-26T08:06:47.317Z</time>
        <name>182</name>
        <extensions>
          <speed_mps>17.882</speed_mps>
          <speed_mph>40.0</speed_mph>
        </extensions>
      </trkpt>
      <trkpt lat="52.06549" lon="1.27426">
        <ele>0</ele>
        <time>2026-06-26T08:06:49.498Z</time>
        <name>183</name>
        <extensions>
          <speed_mps>17.882</speed_mps>
          <speed_mph>40.0</speed_mph>
        </extensions>
      </trkpt>
      <trkpt lat="52.06584" lon="1.27433">
        <ele>0</ele>
        <time>2026-06-26T08:06:51.693Z</time>
        <name>184</name>
        <extensions>
          <speed_mps>17.882</speed_mps>
          <speed_mph>40.0</speed_mph>
        </extensions>
      </trkpt>
      <trkpt lat="52.06620" lon="1.27424">
        <ele>0</ele>
        <time>2026-06-26T08:06:53.907Z</time>
        <name>185</name>
        <extensions>
          <speed_mps>17.882</speed_mps>
          <speed_mph>40.0</speed_mph>
        </extensions>
      </trkpt>
      <trkpt lat="52.06653" lon="1.27400">
        <ele>0</ele>
        <time>2026-06-26T08:06:56.165Z</time>
        <name>186</name>
        <extensions>
          <speed_mps>17.882</speed_mps>
          <speed_mph>40.0</speed_mph>
        </extensions>
      </trkpt>
      <trkpt lat="52.06686" lon="1.27375">
        <ele>0</ele>
        <time>2026-06-26T08:06:58.423Z</time>
        <name>187</name>
        <extensions>
          <speed_mps>17.882</speed_mps>
          <speed_mph>40.0</speed_mph>
        </extensions>
      </trkpt>
      <trkpt lat="52.06717" lon="1.27346">
        <ele>0</ele>
        <time>2026-06-26T08:07:00.681Z</time>
        <name>188</name>
        <extensions>
          <speed_mps>17.882</speed_mps>
          <speed_mph>40.0</speed_mph>
        </extensions>
      </trkpt>
      <trkpt lat="52.06747" lon="1.27313">
        <ele>0</ele>
        <time>2026-06-26T08:07:02.938Z</time>
        <name>189</name>
        <extensions>
          <speed_mps>17.882</speed_mps>
          <speed_mph>40.0</speed_mph>
        </extensions>
      </trkpt>
      <trkpt lat="52.06776" lon="1.27278">
        <ele>0</ele>
        <time>2026-06-26T08:07:05.194Z</time>
        <name>190</name>
        <extensions>
          <speed_mps>17.882</speed_mps>
          <speed_mph>40.0</speed_mph>
        </extensions>
      </trkpt>
      <trkpt lat="52.06804" lon="1.27239">
        <ele>0</ele>
        <time>2026-06-26T08:07:07.451Z</time>
        <name>191</name>
        <extensions>
          <speed_mps>17.882</speed_mps>
          <speed_mph>40.0</speed_mph>
        </extensions>
      </trkpt>
      <trkpt lat="52.06829" lon="1.27197">
        <ele>0</ele>
        <time>2026-06-26T08:07:09.709Z</time>
        <name>192</name>
        <extensions>
          <speed_mps>17.882</speed_mps>
          <speed_mph>40.0</speed_mph>
        </extensions>
      </trkpt>
      <trkpt lat="52.06854" lon="1.27153">
        <ele>0</ele>
        <time>2026-06-26T08:07:11.966Z</time>
        <name>193</name>
        <extensions>
          <speed_mps>17.882</speed_mps>
          <speed_mph>40.0</speed_mph>
        </extensions>
      </trkpt>
      <trkpt lat="52.06878" lon="1.27109">
        <ele>0</ele>
        <time>2026-06-26T08:07:14.224Z</time>
        <name>194</name>
        <extensions>
          <speed_mps>17.882</speed_mps>
          <speed_mph>40.0</speed_mph>
        </extensions>
      </trkpt>
      <trkpt lat="52.06901" lon="1.27064">
        <ele>0</ele>
        <time>2026-06-26T08:07:16.483Z</time>
        <name>195</name>
        <extensions>
          <speed_mps>17.882</speed_mps>
          <speed_mph>40.0</speed_mph>
        </extensions>
      </trkpt>
      <trkpt lat="52.06924" lon="1.27018">
        <ele>0</ele>
        <time>2026-06-26T08:07:18.740Z</time>
        <name>196</name>
        <extensions>
          <speed_mps>17.882</speed_mps>
          <speed_mph>40.0</speed_mph>
        </extensions>
      </trkpt>
      <trkpt lat="52.06941" lon="1.26966">
        <ele>0</ele>
        <time>2026-06-26T08:07:20.989Z</time>
        <name>197</name>
        <extensions>
          <speed_mps>17.882</speed_mps>
          <speed_mph>40.0</speed_mph>
        </extensions>
      </trkpt>
      <trkpt lat="52.06950" lon="1.26911">
        <ele>0</ele>
        <time>2026-06-26T08:07:23.154Z</time>
        <name>198</name>
        <extensions>
          <speed_mps>17.882</speed_mps>
          <speed_mph>40.0</speed_mph>
        </extensions>
      </trkpt>
      <trkpt lat="52.06983" lon="1.26896">
        <ele>0</ele>
        <time>2026-06-26T08:07:25.312Z</time>
        <name>199</name>
        <extensions>
          <speed_mps>17.882</speed_mps>
          <speed_mph>40.0</speed_mph>
        </extensions>
      </trkpt>
      <trkpt lat="52.07018" lon="1.26880">
        <ele>0</ele>
        <time>2026-06-26T08:07:27.563Z</time>
        <name>200</name>
        <extensions>
          <speed_mps>17.882</speed_mps>
          <speed_mph>40.0</speed_mph>
        </extensions>
      </trkpt>
      <trkpt lat="52.07053" lon="1.26862">
        <ele>0</ele>
        <time>2026-06-26T08:07:29.821Z</time>
        <name>201</name>
        <extensions>
          <speed_mps>17.882</speed_mps>
          <speed_mph>40.0</speed_mph>
        </extensions>
      </trkpt>
      <trkpt lat="52.07088" lon="1.26845">
        <ele>0</ele>
        <time>2026-06-26T08:07:32.079Z</time>
        <name>202</name>
        <extensions>
          <speed_mps>17.882</speed_mps>
          <speed_mph>40.0</speed_mph>
        </extensions>
      </trkpt>
      <trkpt lat="52.07122" lon="1.26828">
        <ele>0</ele>
        <time>2026-06-26T08:07:34.337Z</time>
        <name>203</name>
        <extensions>
          <speed_mps>17.882</speed_mps>
          <speed_mph>40.0</speed_mph>
        </extensions>
      </trkpt>
      <trkpt lat="52.07157" lon="1.26813">
        <ele>0</ele>
        <time>2026-06-26T08:07:36.595Z</time>
        <name>204</name>
        <extensions>
          <speed_mps>17.882</speed_mps>
          <speed_mph>40.0</speed_mph>
        </extensions>
      </trkpt>
      <trkpt lat="52.07193" lon="1.26800">
        <ele>0</ele>
        <time>2026-06-26T08:07:38.852Z</time>
        <name>205</name>
        <extensions>
          <speed_mps>17.882</speed_mps>
          <speed_mph>40.0</speed_mph>
        </extensions>
      </trkpt>
      <trkpt lat="52.07229" lon="1.26790">
        <ele>0</ele>
        <time>2026-06-26T08:07:41.110Z</time>
        <name>206</name>
        <extensions>
          <speed_mps>17.882</speed_mps>
          <speed_mph>40.0</speed_mph>
        </extensions>
      </trkpt>
      <trkpt lat="52.07265" lon="1.26782">
        <ele>0</ele>
        <time>2026-06-26T08:07:43.368Z</time>
        <name>207</name>
        <extensions>
          <speed_mps>17.882</speed_mps>
          <speed_mph>40.0</speed_mph>
        </extensions>
      </trkpt>
      <trkpt lat="52.07301" lon="1.26776">
        <ele>0</ele>
        <time>2026-06-26T08:07:45.626Z</time>
        <name>208</name>
        <extensions>
          <speed_mps>17.882</speed_mps>
          <speed_mph>40.0</speed_mph>
        </extensions>
      </trkpt>
      <trkpt lat="52.07337" lon="1.26773">
        <ele>0</ele>
        <time>2026-06-26T08:07:47.883Z</time>
        <name>209</name>
        <extensions>
          <speed_mps>17.882</speed_mps>
          <speed_mph>40.0</speed_mph>
        </extensions>
      </trkpt>
      <trkpt lat="52.07373" lon="1.26772">
        <ele>0</ele>
        <time>2026-06-26T08:07:50.140Z</time>
        <name>210</name>
        <extensions>
          <speed_mps>17.882</speed_mps>
          <speed_mph>40.0</speed_mph>
        </extensions>
      </trkpt>
      <trkpt lat="52.07410" lon="1.26773">
        <ele>0</ele>
        <time>2026-06-26T08:07:52.398Z</time>
        <name>211</name>
        <extensions>
          <speed_mps>17.882</speed_mps>
          <speed_mph>40.0</speed_mph>
        </extensions>
      </trkpt>
      <trkpt lat="52.07446" lon="1.26776">
        <ele>0</ele>
        <time>2026-06-26T08:07:54.656Z</time>
        <name>212</name>
        <extensions>
          <speed_mps>17.882</speed_mps>
          <speed_mph>40.0</speed_mph>
        </extensions>
      </trkpt>
      <trkpt lat="52.07482" lon="1.26783">
        <ele>0</ele>
        <time>2026-06-26T08:07:56.913Z</time>
        <name>213</name>
        <extensions>
          <speed_mps>17.882</speed_mps>
          <speed_mph>40.0</speed_mph>
        </extensions>
      </trkpt>
      <trkpt lat="52.07518" lon="1.26791">
        <ele>0</ele>
        <time>2026-06-26T08:07:59.171Z</time>
        <name>214</name>
        <extensions>
          <speed_mps>17.882</speed_mps>
          <speed_mph>40.0</speed_mph>
        </extensions>
      </trkpt>
      <trkpt lat="52.07554" lon="1.26800">
        <ele>0</ele>
        <time>2026-06-26T08:08:01.429Z</time>
        <name>215</name>
        <extensions>
          <speed_mps>17.882</speed_mps>
          <speed_mph>40.0</speed_mph>
        </extensions>
      </trkpt>
      <trkpt lat="52.07589" lon="1.26811">
        <ele>0</ele>
        <time>2026-06-26T08:08:03.686Z</time>
        <name>216</name>
        <extensions>
          <speed_mps>17.882</speed_mps>
          <speed_mph>40.0</speed_mph>
        </extensions>
      </trkpt>
      <trkpt lat="52.07624" lon="1.26827">
        <ele>0</ele>
        <time>2026-06-26T08:08:05.943Z</time>
        <name>217</name>
        <extensions>
          <speed_mps>17.882</speed_mps>
          <speed_mph>40.0</speed_mph>
        </extensions>
      </trkpt>
      <trkpt lat="52.07659" lon="1.26843">
        <ele>0</ele>
        <time>2026-06-26T08:08:08.201Z</time>
        <name>218</name>
        <extensions>
          <speed_mps>17.882</speed_mps>
          <speed_mph>40.0</speed_mph>
        </extensions>
      </trkpt>
      <trkpt lat="52.07693" lon="1.26864">
        <ele>0</ele>
        <time>2026-06-26T08:08:10.459Z</time>
        <name>219</name>
        <extensions>
          <speed_mps>17.882</speed_mps>
          <speed_mph>40.0</speed_mph>
        </extensions>
      </trkpt>
      <trkpt lat="52.07727" lon="1.26885">
        <ele>0</ele>
        <time>2026-06-26T08:08:12.717Z</time>
        <name>220</name>
        <extensions>
          <speed_mps>17.882</speed_mps>
          <speed_mph>40.0</speed_mph>
        </extensions>
      </trkpt>
      <trkpt lat="52.07760" lon="1.26911">
        <ele>0</ele>
        <time>2026-06-26T08:08:14.975Z</time>
        <name>221</name>
        <extensions>
          <speed_mps>17.882</speed_mps>
          <speed_mph>40.0</speed_mph>
        </extensions>
      </trkpt>
      <trkpt lat="52.07793" lon="1.26936">
        <ele>0</ele>
        <time>2026-06-26T08:08:17.233Z</time>
        <name>222</name>
        <extensions>
          <speed_mps>17.882</speed_mps>
          <speed_mph>40.0</speed_mph>
        </extensions>
      </trkpt>
      <trkpt lat="52.07825" lon="1.26964">
        <ele>0</ele>
        <time>2026-06-26T08:08:19.491Z</time>
        <name>223</name>
        <extensions>
          <speed_mps>17.882</speed_mps>
          <speed_mph>40.0</speed_mph>
        </extensions>
      </trkpt>
      <trkpt lat="52.07857" lon="1.26992">
        <ele>0</ele>
        <time>2026-06-26T08:08:21.749Z</time>
        <name>224</name>
        <extensions>
          <speed_mps>17.882</speed_mps>
          <speed_mph>40.0</speed_mph>
        </extensions>
      </trkpt>
      <trkpt lat="52.07886" lon="1.27026">
        <ele>0</ele>
        <time>2026-06-26T08:08:24.005Z</time>
        <name>225</name>
        <extensions>
          <speed_mps>17.882</speed_mps>
          <speed_mph>40.0</speed_mph>
        </extensions>
      </trkpt>
      <trkpt lat="52.07916" lon="1.27061">
        <ele>0</ele>
        <time>2026-06-26T08:08:26.263Z</time>
        <name>226</name>
        <extensions>
          <speed_mps>17.882</speed_mps>
          <speed_mph>40.0</speed_mph>
        </extensions>
      </trkpt>
      <trkpt lat="52.07945" lon="1.27096">
        <ele>0</ele>
        <time>2026-06-26T08:08:28.522Z</time>
        <name>227</name>
        <extensions>
          <speed_mps>17.882</speed_mps>
          <speed_mph>40.0</speed_mph>
        </extensions>
      </trkpt>
      <trkpt lat="52.07975" lon="1.27130">
        <ele>0</ele>
        <time>2026-06-26T08:08:30.780Z</time>
        <name>228</name>
        <extensions>
          <speed_mps>17.882</speed_mps>
          <speed_mph>40.0</speed_mph>
        </extensions>
      </trkpt>
      <trkpt lat="52.08003" lon="1.27167">
        <ele>0</ele>
        <time>2026-06-26T08:08:33.030Z</time>
        <name>229</name>
        <extensions>
          <speed_mps>17.882</speed_mps>
          <speed_mph>40.0</speed_mph>
        </extensions>
      </trkpt>
      <trkpt lat="52.08028" lon="1.27210">
        <ele>0</ele>
        <time>2026-06-26T08:08:35.288Z</time>
        <name>230</name>
        <extensions>
          <speed_mps>17.882</speed_mps>
          <speed_mph>40.0</speed_mph>
        </extensions>
      </trkpt>
      <trkpt lat="52.08053" lon="1.27252">
        <ele>0</ele>
        <time>2026-06-26T08:08:37.546Z</time>
        <name>231</name>
        <extensions>
          <speed_mps>17.882</speed_mps>
          <speed_mph>40.0</speed_mph>
        </extensions>
      </trkpt>
      <trkpt lat="52.08078" lon="1.27295">
        <ele>0</ele>
        <time>2026-06-26T08:08:39.804Z</time>
        <name>232</name>
        <extensions>
          <speed_mps>17.882</speed_mps>
          <speed_mph>40.0</speed_mph>
        </extensions>
      </trkpt>
      <trkpt lat="52.08101" lon="1.27341">
        <ele>0</ele>
        <time>2026-06-26T08:08:42.058Z</time>
        <name>233</name>
        <extensions>
          <speed_mps>17.882</speed_mps>
          <speed_mph>40.0</speed_mph>
        </extensions>
      </trkpt>
      <trkpt lat="52.08122" lon="1.27389">
        <ele>0</ele>
        <time>2026-06-26T08:08:44.316Z</time>
        <name>234</name>
        <extensions>
          <speed_mps>17.882</speed_mps>
          <speed_mph>40.0</speed_mph>
        </extensions>
      </trkpt>
      <trkpt lat="52.08143" lon="1.27438">
        <ele>0</ele>
        <time>2026-06-26T08:08:46.573Z</time>
        <name>235</name>
        <extensions>
          <speed_mps>17.882</speed_mps>
          <speed_mph>40.0</speed_mph>
        </extensions>
      </trkpt>
      <trkpt lat="52.08162" lon="1.27487">
        <ele>0</ele>
        <time>2026-06-26T08:08:48.831Z</time>
        <name>236</name>
        <extensions>
          <speed_mps>17.882</speed_mps>
          <speed_mph>40.0</speed_mph>
        </extensions>
      </trkpt>
      <trkpt lat="52.08181" lon="1.27538">
        <ele>0</ele>
        <time>2026-06-26T08:08:51.086Z</time>
        <name>237</name>
        <extensions>
          <speed_mps>17.882</speed_mps>
          <speed_mph>40.0</speed_mph>
        </extensions>
      </trkpt>
      <trkpt lat="52.08197" lon="1.27591">
        <ele>0</ele>
        <time>2026-06-26T08:08:53.344Z</time>
        <name>238</name>
        <extensions>
          <speed_mps>17.882</speed_mps>
          <speed_mph>40.0</speed_mph>
        </extensions>
      </trkpt>
      <trkpt lat="52.08213" lon="1.27644">
        <ele>0</ele>
        <time>2026-06-26T08:08:55.602Z</time>
        <name>239</name>
        <extensions>
          <speed_mps>17.882</speed_mps>
          <speed_mph>40.0</speed_mph>
        </extensions>
      </trkpt>
      <trkpt lat="52.08229" lon="1.27697">
        <ele>0</ele>
        <time>2026-06-26T08:08:57.859Z</time>
        <name>240</name>
        <extensions>
          <speed_mps>17.882</speed_mps>
          <speed_mph>40.0</speed_mph>
        </extensions>
      </trkpt>
      <trkpt lat="52.08241" lon="1.27753">
        <ele>0</ele>
        <time>2026-06-26T08:09:00.117Z</time>
        <name>241</name>
        <extensions>
          <speed_mps>17.882</speed_mps>
          <speed_mph>40.0</speed_mph>
        </extensions>
      </trkpt>
      <trkpt lat="52.08254" lon="1.27808">
        <ele>0</ele>
        <time>2026-06-26T08:09:02.375Z</time>
        <name>242</name>
        <extensions>
          <speed_mps>17.882</speed_mps>
          <speed_mph>40.0</speed_mph>
        </extensions>
      </trkpt>
      <trkpt lat="52.08267" lon="1.27863">
        <ele>0</ele>
        <time>2026-06-26T08:09:04.633Z</time>
        <name>243</name>
        <extensions>
          <speed_mps>17.882</speed_mps>
          <speed_mph>40.0</speed_mph>
        </extensions>
      </trkpt>
      <trkpt lat="52.08279" lon="1.27919">
        <ele>0</ele>
        <time>2026-06-26T08:09:06.891Z</time>
        <name>244</name>
        <extensions>
          <speed_mps>17.882</speed_mps>
          <speed_mph>40.0</speed_mph>
        </extensions>
      </trkpt>
      <trkpt lat="52.08291" lon="1.27974">
        <ele>0</ele>
        <time>2026-06-26T08:09:09.149Z</time>
        <name>245</name>
        <extensions>
          <speed_mps>17.882</speed_mps>
          <speed_mph>40.0</speed_mph>
        </extensions>
      </trkpt>
      <trkpt lat="52.08304" lon="1.28030">
        <ele>0</ele>
        <time>2026-06-26T08:09:11.407Z</time>
        <name>246</name>
        <extensions>
          <speed_mps>17.882</speed_mps>
          <speed_mph>40.0</speed_mph>
        </extensions>
      </trkpt>
      <trkpt lat="52.08318" lon="1.28085">
        <ele>0</ele>
        <time>2026-06-26T08:09:13.665Z</time>
        <name>247</name>
        <extensions>
          <speed_mps>17.882</speed_mps>
          <speed_mph>40.0</speed_mph>
        </extensions>
      </trkpt>
      <trkpt lat="52.08330" lon="1.28140">
        <ele>0</ele>
        <time>2026-06-26T08:09:15.923Z</time>
        <name>248</name>
        <extensions>
          <speed_mps>17.882</speed_mps>
          <speed_mph>40.0</speed_mph>
        </extensions>
      </trkpt>
      <trkpt lat="52.08342" lon="1.28196">
        <ele>0</ele>
        <time>2026-06-26T08:09:18.181Z</time>
        <name>249</name>
        <extensions>
          <speed_mps>17.882</speed_mps>
          <speed_mph>40.0</speed_mph>
        </extensions>
      </trkpt>
      <trkpt lat="52.08354" lon="1.28252">
        <ele>0</ele>
        <time>2026-06-26T08:09:20.439Z</time>
        <name>250</name>
        <extensions>
          <speed_mps>17.882</speed_mps>
          <speed_mph>40.0</speed_mph>
        </extensions>
      </trkpt>
      <trkpt lat="52.08365" lon="1.28308">
        <ele>0</ele>
        <time>2026-06-26T08:09:22.695Z</time>
        <name>251</name>
        <extensions>
          <speed_mps>17.882</speed_mps>
          <speed_mph>40.0</speed_mph>
        </extensions>
      </trkpt>
      <trkpt lat="52.08374" lon="1.28365">
        <ele>0</ele>
        <time>2026-06-26T08:09:24.954Z</time>
        <name>252</name>
        <extensions>
          <speed_mps>17.882</speed_mps>
          <speed_mph>40.0</speed_mph>
        </extensions>
      </trkpt>
      <trkpt lat="52.08383" lon="1.28422">
        <ele>0</ele>
        <time>2026-06-26T08:09:27.212Z</time>
        <name>253</name>
        <extensions>
          <speed_mps>17.882</speed_mps>
          <speed_mph>40.0</speed_mph>
        </extensions>
      </trkpt>
      <trkpt lat="52.08391" lon="1.28480">
        <ele>0</ele>
        <time>2026-06-26T08:09:29.470Z</time>
        <name>254</name>
        <extensions>
          <speed_mps>17.882</speed_mps>
          <speed_mph>40.0</speed_mph>
        </extensions>
      </trkpt>
      <trkpt lat="52.08399" lon="1.28538">
        <ele>0</ele>
        <time>2026-06-26T08:09:31.727Z</time>
        <name>255</name>
        <extensions>
          <speed_mps>17.882</speed_mps>
          <speed_mph>40.0</speed_mph>
        </extensions>
      </trkpt>
      <trkpt lat="52.08405" lon="1.28596">
        <ele>0</ele>
        <time>2026-06-26T08:09:33.985Z</time>
        <name>256</name>
        <extensions>
          <speed_mps>17.882</speed_mps>
          <speed_mph>40.0</speed_mph>
        </extensions>
      </trkpt>
      <trkpt lat="52.08411" lon="1.28654">
        <ele>0</ele>
        <time>2026-06-26T08:09:36.243Z</time>
        <name>257</name>
        <extensions>
          <speed_mps>17.882</speed_mps>
          <speed_mph>40.0</speed_mph>
        </extensions>
      </trkpt>
      <trkpt lat="52.08417" lon="1.28713">
        <ele>0</ele>
        <time>2026-06-26T08:09:38.501Z</time>
        <name>258</name>
        <extensions>
          <speed_mps>17.882</speed_mps>
          <speed_mph>40.0</speed_mph>
        </extensions>
      </trkpt>
      <trkpt lat="52.08431" lon="1.28765">
        <ele>0</ele>
        <time>2026-06-26T08:09:40.674Z</time>
        <name>259</name>
        <extensions>
          <speed_mps>17.882</speed_mps>
          <speed_mph>40.0</speed_mph>
        </extensions>
      </trkpt>
      <trkpt lat="52.08451" lon="1.28811">
        <ele>0</ele>
        <time>2026-06-26T08:09:42.829Z</time>
        <name>260</name>
        <extensions>
          <speed_mps>17.882</speed_mps>
          <speed_mph>40.0</speed_mph>
        </extensions>
      </trkpt>
      <trkpt lat="52.08469" lon="1.28861">
        <ele>0</ele>
        <time>2026-06-26T08:09:45.074Z</time>
        <name>261</name>
        <extensions>
          <speed_mps>17.882</speed_mps>
          <speed_mph>40.0</speed_mph>
        </extensions>
      </trkpt>
      <trkpt lat="52.08495" lon="1.28903">
        <ele>0</ele>
        <time>2026-06-26T08:09:47.325Z</time>
        <name>262</name>
        <extensions>
          <speed_mps>17.882</speed_mps>
          <speed_mph>40.0</speed_mph>
        </extensions>
      </trkpt>
      <trkpt lat="52.08524" lon="1.28937">
        <ele>0</ele>
        <time>2026-06-26T08:09:49.583Z</time>
        <name>263</name>
        <extensions>
          <speed_mps>17.882</speed_mps>
          <speed_mph>40.0</speed_mph>
        </extensions>
      </trkpt>
      <trkpt lat="52.08554" lon="1.28971">
        <ele>0</ele>
        <time>2026-06-26T08:09:51.840Z</time>
        <name>264</name>
        <extensions>
          <speed_mps>17.882</speed_mps>
          <speed_mph>40.0</speed_mph>
        </extensions>
      </trkpt>
      <trkpt lat="52.08585" lon="1.29004">
        <ele>0</ele>
        <time>2026-06-26T08:09:54.098Z</time>
        <name>265</name>
        <extensions>
          <speed_mps>17.882</speed_mps>
          <speed_mph>40.0</speed_mph>
        </extensions>
      </trkpt>
      <trkpt lat="52.08615" lon="1.29035">
        <ele>0</ele>
        <time>2026-06-26T08:09:56.356Z</time>
        <name>266</name>
        <extensions>
          <speed_mps>17.882</speed_mps>
          <speed_mph>40.0</speed_mph>
        </extensions>
      </trkpt>
      <trkpt lat="52.08647" lon="1.29065">
        <ele>0</ele>
        <time>2026-06-26T08:09:58.614Z</time>
        <name>267</name>
        <extensions>
          <speed_mps>17.882</speed_mps>
          <speed_mph>40.0</speed_mph>
        </extensions>
      </trkpt>
      <trkpt lat="52.08678" lon="1.29095">
        <ele>0</ele>
        <time>2026-06-26T08:10:00.872Z</time>
        <name>268</name>
        <extensions>
          <speed_mps>17.882</speed_mps>
          <speed_mph>40.0</speed_mph>
        </extensions>
      </trkpt>
      <trkpt lat="52.08709" lon="1.29126">
        <ele>0</ele>
        <time>2026-06-26T08:10:03.130Z</time>
        <name>269</name>
        <extensions>
          <speed_mps>17.882</speed_mps>
          <speed_mph>40.0</speed_mph>
        </extensions>
      </trkpt>
      <trkpt lat="52.08740" lon="1.29157">
        <ele>0</ele>
        <time>2026-06-26T08:10:05.388Z</time>
        <name>270</name>
        <extensions>
          <speed_mps>17.882</speed_mps>
          <speed_mph>40.0</speed_mph>
        </extensions>
      </trkpt>
      <trkpt lat="52.08771" lon="1.29188">
        <ele>0</ele>
        <time>2026-06-26T08:10:07.646Z</time>
        <name>271</name>
        <extensions>
          <speed_mps>17.882</speed_mps>
          <speed_mph>40.0</speed_mph>
        </extensions>
      </trkpt>
      <trkpt lat="52.08801" lon="1.29219">
        <ele>0</ele>
        <time>2026-06-26T08:10:09.904Z</time>
        <name>272</name>
        <extensions>
          <speed_mps>17.882</speed_mps>
          <speed_mph>40.0</speed_mph>
        </extensions>
      </trkpt>
      <trkpt lat="52.08832" lon="1.29251">
        <ele>0</ele>
        <time>2026-06-26T08:10:12.162Z</time>
        <name>273</name>
        <extensions>
          <speed_mps>17.882</speed_mps>
          <speed_mph>40.0</speed_mph>
        </extensions>
      </trkpt>
      <trkpt lat="52.08861" lon="1.29287">
        <ele>0</ele>
        <time>2026-06-26T08:10:14.398Z</time>
        <name>274</name>
        <extensions>
          <speed_mps>17.882</speed_mps>
          <speed_mph>40.0</speed_mph>
        </extensions>
      </trkpt>
      <trkpt lat="52.08891" lon="1.29318">
        <ele>0</ele>
        <time>2026-06-26T08:10:16.656Z</time>
        <name>275</name>
        <extensions>
          <speed_mps>17.882</speed_mps>
          <speed_mph>40.0</speed_mph>
        </extensions>
      </trkpt>
      <trkpt lat="52.08922" lon="1.29349">
        <ele>0</ele>
        <time>2026-06-26T08:10:18.914Z</time>
        <name>276</name>
        <extensions>
          <speed_mps>17.882</speed_mps>
          <speed_mph>40.0</speed_mph>
        </extensions>
      </trkpt>
      <trkpt lat="52.08953" lon="1.29380">
        <ele>0</ele>
        <time>2026-06-26T08:10:21.172Z</time>
        <name>277</name>
        <extensions>
          <speed_mps>17.882</speed_mps>
          <speed_mph>40.0</speed_mph>
        </extensions>
      </trkpt>
      <trkpt lat="52.08984" lon="1.29411">
        <ele>0</ele>
        <time>2026-06-26T08:10:23.430Z</time>
        <name>278</name>
        <extensions>
          <speed_mps>17.882</speed_mps>
          <speed_mph>40.0</speed_mph>
        </extensions>
      </trkpt>
      <trkpt lat="52.09015" lon="1.29442">
        <ele>0</ele>
        <time>2026-06-26T08:10:25.688Z</time>
        <name>279</name>
        <extensions>
          <speed_mps>17.882</speed_mps>
          <speed_mph>40.0</speed_mph>
        </extensions>
      </trkpt>
      <trkpt lat="52.09046" lon="1.29473">
        <ele>0</ele>
        <time>2026-06-26T08:10:27.947Z</time>
        <name>280</name>
        <extensions>
          <speed_mps>17.882</speed_mps>
          <speed_mph>40.0</speed_mph>
        </extensions>
      </trkpt>
      <trkpt lat="52.09077" lon="1.29504">
        <ele>0</ele>
        <time>2026-06-26T08:10:30.205Z</time>
        <name>281</name>
        <extensions>
          <speed_mps>17.882</speed_mps>
          <speed_mph>40.0</speed_mph>
        </extensions>
      </trkpt>
      <trkpt lat="52.09108" lon="1.29534">
        <ele>0</ele>
        <time>2026-06-26T08:10:32.463Z</time>
        <name>282</name>
        <extensions>
          <speed_mps>17.882</speed_mps>
          <speed_mph>40.0</speed_mph>
        </extensions>
      </trkpt>
      <trkpt lat="52.09139" lon="1.29565">
        <ele>0</ele>
        <time>2026-06-26T08:10:34.721Z</time>
        <name>283</name>
        <extensions>
          <speed_mps>17.882</speed_mps>
          <speed_mph>40.0</speed_mph>
        </extensions>
      </trkpt>
      <trkpt lat="52.09170" lon="1.29596">
        <ele>0</ele>
        <time>2026-06-26T08:10:36.979Z</time>
        <name>284</name>
        <extensions>
          <speed_mps>17.882</speed_mps>
          <speed_mph>40.0</speed_mph>
        </extensions>
      </trkpt>
      <trkpt lat="52.09201" lon="1.29627">
        <ele>0</ele>
        <time>2026-06-26T08:10:39.237Z</time>
        <name>285</name>
        <extensions>
          <speed_mps>17.882</speed_mps>
          <speed_mph>40.0</speed_mph>
        </extensions>
      </trkpt>
      <trkpt lat="52.09232" lon="1.29657">
        <ele>0</ele>
        <time>2026-06-26T08:10:41.495Z</time>
        <name>286</name>
        <extensions>
          <speed_mps>17.882</speed_mps>
          <speed_mph>40.0</speed_mph>
        </extensions>
      </trkpt>
      <trkpt lat="52.09263" lon="1.29687">
        <ele>0</ele>
        <time>2026-06-26T08:10:43.753Z</time>
        <name>287</name>
        <extensions>
          <speed_mps>17.882</speed_mps>
          <speed_mph>40.0</speed_mph>
        </extensions>
      </trkpt>
      <trkpt lat="52.09295" lon="1.29717">
        <ele>0</ele>
        <time>2026-06-26T08:10:46.011Z</time>
        <name>288</name>
        <extensions>
          <speed_mps>17.882</speed_mps>
          <speed_mph>40.0</speed_mph>
        </extensions>
      </trkpt>
      <trkpt lat="52.09326" lon="1.29747">
        <ele>0</ele>
        <time>2026-06-26T08:10:48.269Z</time>
        <name>289</name>
        <extensions>
          <speed_mps>17.882</speed_mps>
          <speed_mph>40.0</speed_mph>
        </extensions>
      </trkpt>
      <trkpt lat="52.09359" lon="1.29772">
        <ele>0</ele>
        <time>2026-06-26T08:10:50.527Z</time>
        <name>290</name>
        <extensions>
          <speed_mps>17.882</speed_mps>
          <speed_mph>40.0</speed_mph>
        </extensions>
      </trkpt>
      <trkpt lat="52.09392" lon="1.29795">
        <ele>0</ele>
        <time>2026-06-26T08:10:52.783Z</time>
        <name>291</name>
        <extensions>
          <speed_mps>17.882</speed_mps>
          <speed_mph>40.0</speed_mph>
        </extensions>
      </trkpt>
      <trkpt lat="52.09427" lon="1.29813">
        <ele>0</ele>
        <time>2026-06-26T08:10:55.040Z</time>
        <name>292</name>
        <extensions>
          <speed_mps>17.882</speed_mps>
          <speed_mph>40.0</speed_mph>
        </extensions>
      </trkpt>
      <trkpt lat="52.09462" lon="1.29820">
        <ele>0</ele>
        <time>2026-06-26T08:10:57.269Z</time>
        <name>293</name>
        <extensions>
          <speed_mps>17.882</speed_mps>
          <speed_mph>40.0</speed_mph>
        </extensions>
      </trkpt>
      <trkpt lat="52.09499" lon="1.29824">
        <ele>0</ele>
        <time>2026-06-26T08:10:59.519Z</time>
        <name>294</name>
        <extensions>
          <speed_mps>17.882</speed_mps>
          <speed_mph>40.0</speed_mph>
        </extensions>
      </trkpt>
      <trkpt lat="52.09535" lon="1.29827">
        <ele>0</ele>
        <time>2026-06-26T08:11:01.777Z</time>
        <name>295</name>
        <extensions>
          <speed_mps>17.882</speed_mps>
          <speed_mph>40.0</speed_mph>
        </extensions>
      </trkpt>
      <trkpt lat="52.09571" lon="1.29825">
        <ele>0</ele>
        <time>2026-06-26T08:11:04.030Z</time>
        <name>296</name>
        <extensions>
          <speed_mps>17.882</speed_mps>
          <speed_mph>40.0</speed_mph>
        </extensions>
      </trkpt>
      <trkpt lat="52.09605" lon="1.29804">
        <ele>0</ele>
        <time>2026-06-26T08:11:06.256Z</time>
        <name>297</name>
        <extensions>
          <speed_mps>17.882</speed_mps>
          <speed_mph>40.0</speed_mph>
        </extensions>
      </trkpt>
      <trkpt lat="52.09637" lon="1.29825">
        <ele>0</ele>
        <time>2026-06-26T08:11:08.426Z</time>
        <name>298</name>
        <extensions>
          <speed_mps>17.882</speed_mps>
          <speed_mph>40.0</speed_mph>
        </extensions>
      </trkpt>
      <trkpt lat="52.09673" lon="1.29829">
        <ele>0</ele>
        <time>2026-06-26T08:11:10.679Z</time>
        <name>299</name>
        <extensions>
          <speed_mps>17.882</speed_mps>
          <speed_mph>40.0</speed_mph>
        </extensions>
      </trkpt>
      <trkpt lat="52.09710" lon="1.29828">
        <ele>0</ele>
        <time>2026-06-26T08:11:12.937Z</time>
        <name>300</name>
        <extensions>
          <speed_mps>17.882</speed_mps>
          <speed_mph>40.0</speed_mph>
        </extensions>
      </trkpt>
      <trkpt lat="52.09746" lon="1.29831">
        <ele>0</ele>
        <time>2026-06-26T08:11:15.193Z</time>
        <name>301</name>
        <extensions>
          <speed_mps>17.882</speed_mps>
          <speed_mph>40.0</speed_mph>
        </extensions>
      </trkpt>
      <trkpt lat="52.09782" lon="1.29836">
        <ele>0</ele>
        <time>2026-06-26T08:11:17.451Z</time>
        <name>302</name>
        <extensions>
          <speed_mps>17.882</speed_mps>
          <speed_mph>40.0</speed_mph>
        </extensions>
      </trkpt>
      <trkpt lat="52.09817" lon="1.29848">
        <ele>0</ele>
        <time>2026-06-26T08:11:19.705Z</time>
        <name>303</name>
        <extensions>
          <speed_mps>17.882</speed_mps>
          <speed_mph>40.0</speed_mph>
        </extensions>
      </trkpt>
      <trkpt lat="52.09852" lon="1.29866">
        <ele>0</ele>
        <time>2026-06-26T08:11:21.962Z</time>
        <name>304</name>
        <extensions>
          <speed_mps>17.882</speed_mps>
          <speed_mph>40.0</speed_mph>
        </extensions>
      </trkpt>
      <trkpt lat="52.09886" lon="1.29887">
        <ele>0</ele>
        <time>2026-06-26T08:11:24.218Z</time>
        <name>305</name>
        <extensions>
          <speed_mps>17.882</speed_mps>
          <speed_mph>40.0</speed_mph>
        </extensions>
      </trkpt>
      <trkpt lat="52.09919" lon="1.29911">
        <ele>0</ele>
        <time>2026-06-26T08:11:26.476Z</time>
        <name>306</name>
        <extensions>
          <speed_mps>17.882</speed_mps>
          <speed_mph>40.0</speed_mph>
        </extensions>
      </trkpt>
      <trkpt lat="52.09953" lon="1.29933">
        <ele>0</ele>
        <time>2026-06-26T08:11:28.734Z</time>
        <name>307</name>
        <extensions>
          <speed_mps>17.882</speed_mps>
          <speed_mph>40.0</speed_mph>
        </extensions>
      </trkpt>
      <trkpt lat="52.09987" lon="1.29954">
        <ele>0</ele>
        <time>2026-06-26T08:11:30.991Z</time>
        <name>308</name>
        <extensions>
          <speed_mps>17.882</speed_mps>
          <speed_mph>40.0</speed_mph>
        </extensions>
      </trkpt>
      <trkpt lat="52.10021" lon="1.29973">
        <ele>0</ele>
        <time>2026-06-26T08:11:33.250Z</time>
        <name>309</name>
        <extensions>
          <speed_mps>17.882</speed_mps>
          <speed_mph>40.0</speed_mph>
        </extensions>
      </trkpt>
      <trkpt lat="52.10055" lon="1.29993">
        <ele>0</ele>
        <time>2026-06-26T08:11:35.507Z</time>
        <name>310</name>
        <extensions>
          <speed_mps>17.882</speed_mps>
          <speed_mph>40.0</speed_mph>
        </extensions>
      </trkpt>
      <trkpt lat="52.10090" lon="1.30012">
        <ele>0</ele>
        <time>2026-06-26T08:11:37.766Z</time>
        <name>311</name>
        <extensions>
          <speed_mps>17.882</speed_mps>
          <speed_mph>40.0</speed_mph>
        </extensions>
      </trkpt>
      <trkpt lat="52.10124" lon="1.30031">
        <ele>0</ele>
        <time>2026-06-26T08:11:40.024Z</time>
        <name>312</name>
        <extensions>
          <speed_mps>17.882</speed_mps>
          <speed_mph>40.0</speed_mph>
        </extensions>
      </trkpt>
      <trkpt lat="52.10157" lon="1.30057">
        <ele>0</ele>
        <time>2026-06-26T08:11:42.280Z</time>
        <name>313</name>
        <extensions>
          <speed_mps>17.882</speed_mps>
          <speed_mph>40.0</speed_mph>
        </extensions>
      </trkpt>
      <trkpt lat="52.10189" lon="1.30085">
        <ele>0</ele>
        <time>2026-06-26T08:11:44.537Z</time>
        <name>314</name>
        <extensions>
          <speed_mps>17.882</speed_mps>
          <speed_mph>40.0</speed_mph>
        </extensions>
      </trkpt>
      <trkpt lat="52.10219" lon="1.30118">
        <ele>0</ele>
        <time>2026-06-26T08:11:46.792Z</time>
        <name>315</name>
        <extensions>
          <speed_mps>17.882</speed_mps>
          <speed_mph>40.0</speed_mph>
        </extensions>
      </trkpt>
      <trkpt lat="52.10246" lon="1.30158">
        <ele>0</ele>
        <time>2026-06-26T08:11:49.048Z</time>
        <name>316</name>
        <extensions>
          <speed_mps>17.882</speed_mps>
          <speed_mph>40.0</speed_mph>
        </extensions>
      </trkpt>
      <trkpt lat="52.10272" lon="1.30199">
        <ele>0</ele>
        <time>2026-06-26T08:11:51.306Z</time>
        <name>317</name>
        <extensions>
          <speed_mps>17.882</speed_mps>
          <speed_mph>40.0</speed_mph>
        </extensions>
      </trkpt>
      <trkpt lat="52.10296" lon="1.30242">
        <ele>0</ele>
        <time>2026-06-26T08:11:53.561Z</time>
        <name>318</name>
        <extensions>
          <speed_mps>17.882</speed_mps>
          <speed_mph>40.0</speed_mph>
        </extensions>
      </trkpt>
      <trkpt lat="52.10317" lon="1.30290">
        <ele>0</ele>
        <time>2026-06-26T08:11:55.818Z</time>
        <name>319</name>
        <extensions>
          <speed_mps>17.882</speed_mps>
          <speed_mph>40.0</speed_mph>
        </extensions>
      </trkpt>
      <trkpt lat="52.10336" lon="1.30341">
        <ele>0</ele>
        <time>2026-06-26T08:11:58.076Z</time>
        <name>320</name>
        <extensions>
          <speed_mps>17.882</speed_mps>
          <speed_mph>40.0</speed_mph>
        </extensions>
      </trkpt>
      <trkpt lat="52.10355" lon="1.30392">
        <ele>0</ele>
        <time>2026-06-26T08:12:00.334Z</time>
        <name>321</name>
        <extensions>
          <speed_mps>17.882</speed_mps>
          <speed_mph>40.0</speed_mph>
        </extensions>
      </trkpt>
      <trkpt lat="52.10373" lon="1.30443">
        <ele>0</ele>
        <time>2026-06-26T08:12:02.592Z</time>
        <name>322</name>
        <extensions>
          <speed_mps>17.882</speed_mps>
          <speed_mph>40.0</speed_mph>
        </extensions>
      </trkpt>
      <trkpt lat="52.10392" lon="1.30493">
        <ele>0</ele>
        <time>2026-06-26T08:12:04.850Z</time>
        <name>323</name>
        <extensions>
          <speed_mps>17.882</speed_mps>
          <speed_mph>40.0</speed_mph>
        </extensions>
      </trkpt>
      <trkpt lat="52.10411" lon="1.30544">
        <ele>0</ele>
        <time>2026-06-26T08:12:07.108Z</time>
        <name>324</name>
        <extensions>
          <speed_mps>17.882</speed_mps>
          <speed_mph>40.0</speed_mph>
        </extensions>
      </trkpt>
      <trkpt lat="52.10429" lon="1.30595">
        <ele>0</ele>
        <time>2026-06-26T08:12:09.366Z</time>
        <name>325</name>
        <extensions>
          <speed_mps>17.882</speed_mps>
          <speed_mph>40.0</speed_mph>
        </extensions>
      </trkpt>
      <trkpt lat="52.10448" lon="1.30646">
        <ele>0</ele>
        <time>2026-06-26T08:12:11.624Z</time>
        <name>326</name>
        <extensions>
          <speed_mps>17.882</speed_mps>
          <speed_mph>40.0</speed_mph>
        </extensions>
      </trkpt>
      <trkpt lat="52.10466" lon="1.30696">
        <ele>0</ele>
        <time>2026-06-26T08:12:13.882Z</time>
        <name>327</name>
        <extensions>
          <speed_mps>17.882</speed_mps>
          <speed_mph>40.0</speed_mph>
        </extensions>
      </trkpt>
      <trkpt lat="52.10485" lon="1.30747">
        <ele>0</ele>
        <time>2026-06-26T08:12:16.140Z</time>
        <name>328</name>
        <extensions>
          <speed_mps>17.882</speed_mps>
          <speed_mph>40.0</speed_mph>
        </extensions>
      </trkpt>
      <trkpt lat="52.10505" lon="1.30797">
        <ele>0</ele>
        <time>2026-06-26T08:12:18.398Z</time>
        <name>329</name>
        <extensions>
          <speed_mps>17.882</speed_mps>
          <speed_mph>40.0</speed_mph>
        </extensions>
      </trkpt>
      <trkpt lat="52.10526" lon="1.30845">
        <ele>0</ele>
        <time>2026-06-26T08:12:20.655Z</time>
        <name>330</name>
        <extensions>
          <speed_mps>17.882</speed_mps>
          <speed_mph>40.0</speed_mph>
        </extensions>
      </trkpt>
      <trkpt lat="52.10549" lon="1.30891">
        <ele>0</ele>
        <time>2026-06-26T08:12:22.912Z</time>
        <name>331</name>
        <extensions>
          <speed_mps>17.882</speed_mps>
          <speed_mph>40.0</speed_mph>
        </extensions>
      </trkpt>
      <trkpt lat="52.10576" lon="1.30927">
        <ele>0</ele>
        <time>2026-06-26T08:12:25.128Z</time>
        <name>332</name>
        <extensions>
          <speed_mps>17.882</speed_mps>
          <speed_mph>40.0</speed_mph>
        </extensions>
      </trkpt>
      <trkpt lat="52.10609" lon="1.30949">
        <ele>0</ele>
        <time>2026-06-26T08:12:27.330Z</time>
        <name>333</name>
        <extensions>
          <speed_mps>17.882</speed_mps>
          <speed_mph>40.0</speed_mph>
        </extensions>
      </trkpt>
      <trkpt lat="52.10633" lon="1.30994">
        <ele>0</ele>
        <time>2026-06-26T08:12:29.586Z</time>
        <name>334</name>
        <extensions>
          <speed_mps>17.882</speed_mps>
          <speed_mph>40.0</speed_mph>
        </extensions>
      </trkpt>
      <trkpt lat="52.10660" lon="1.31032">
        <ele>0</ele>
        <time>2026-06-26T08:12:31.830Z</time>
        <name>335</name>
        <extensions>
          <speed_mps>17.882</speed_mps>
          <speed_mph>40.0</speed_mph>
        </extensions>
      </trkpt>
      <trkpt lat="52.10692" lon="1.31059">
        <ele>0</ele>
        <time>2026-06-26T08:12:34.082Z</time>
        <name>336</name>
        <extensions>
          <speed_mps>17.882</speed_mps>
          <speed_mph>40.0</speed_mph>
        </extensions>
      </trkpt>
      <trkpt lat="52.10725" lon="1.31082">
        <ele>0</ele>
        <time>2026-06-26T08:12:36.301Z</time>
        <name>337</name>
        <extensions>
          <speed_mps>17.882</speed_mps>
          <speed_mph>40.0</speed_mph>
        </extensions>
      </trkpt>
      <trkpt lat="52.10760" lon="1.31098">
        <ele>0</ele>
        <time>2026-06-26T08:12:38.558Z</time>
        <name>338</name>
        <extensions>
          <speed_mps>17.882</speed_mps>
          <speed_mph>40.0</speed_mph>
        </extensions>
      </trkpt>
      <trkpt lat="52.10795" lon="1.31111">
        <ele>0</ele>
        <time>2026-06-26T08:12:40.815Z</time>
        <name>339</name>
        <extensions>
          <speed_mps>17.882</speed_mps>
          <speed_mph>40.0</speed_mph>
        </extensions>
      </trkpt>
      <trkpt lat="52.10831" lon="1.31122">
        <ele>0</ele>
        <time>2026-06-26T08:12:43.074Z</time>
        <name>340</name>
        <extensions>
          <speed_mps>17.882</speed_mps>
          <speed_mph>40.0</speed_mph>
        </extensions>
      </trkpt>
      <trkpt lat="52.10867" lon="1.31133">
        <ele>0</ele>
        <time>2026-06-26T08:12:45.332Z</time>
        <name>341</name>
        <extensions>
          <speed_mps>17.882</speed_mps>
          <speed_mph>40.0</speed_mph>
        </extensions>
      </trkpt>
      <trkpt lat="52.10902" lon="1.31144">
        <ele>0</ele>
        <time>2026-06-26T08:12:47.590Z</time>
        <name>342</name>
        <extensions>
          <speed_mps>17.882</speed_mps>
          <speed_mph>40.0</speed_mph>
        </extensions>
      </trkpt>
      <trkpt lat="52.10938" lon="1.31155">
        <ele>0</ele>
        <time>2026-06-26T08:12:49.848Z</time>
        <name>343</name>
        <extensions>
          <speed_mps>17.882</speed_mps>
          <speed_mph>40.0</speed_mph>
        </extensions>
      </trkpt>
      <trkpt lat="52.10974" lon="1.31165">
        <ele>0</ele>
        <time>2026-06-26T08:12:52.106Z</time>
        <name>344</name>
        <extensions>
          <speed_mps>17.882</speed_mps>
          <speed_mph>40.0</speed_mph>
        </extensions>
      </trkpt>
      <trkpt lat="52.11010" lon="1.31176">
        <ele>0</ele>
        <time>2026-06-26T08:12:54.364Z</time>
        <name>345</name>
        <extensions>
          <speed_mps>17.882</speed_mps>
          <speed_mph>40.0</speed_mph>
        </extensions>
      </trkpt>
      <trkpt lat="52.11045" lon="1.31186">
        <ele>0</ele>
        <time>2026-06-26T08:12:56.622Z</time>
        <name>346</name>
        <extensions>
          <speed_mps>17.882</speed_mps>
          <speed_mph>40.0</speed_mph>
        </extensions>
      </trkpt>
      <trkpt lat="52.11081" lon="1.31196">
        <ele>0</ele>
        <time>2026-06-26T08:12:58.880Z</time>
        <name>347</name>
        <extensions>
          <speed_mps>17.882</speed_mps>
          <speed_mph>40.0</speed_mph>
        </extensions>
      </trkpt>
      <trkpt lat="52.11117" lon="1.31207">
        <ele>0</ele>
        <time>2026-06-26T08:13:01.138Z</time>
        <name>348</name>
        <extensions>
          <speed_mps>17.882</speed_mps>
          <speed_mph>40.0</speed_mph>
        </extensions>
      </trkpt>
      <trkpt lat="52.11153" lon="1.31217">
        <ele>0</ele>
        <time>2026-06-26T08:13:03.396Z</time>
        <name>349</name>
        <extensions>
          <speed_mps>17.882</speed_mps>
          <speed_mph>40.0</speed_mph>
        </extensions>
      </trkpt>
      <trkpt lat="52.11188" lon="1.31227">
        <ele>0</ele>
        <time>2026-06-26T08:13:05.654Z</time>
        <name>350</name>
        <extensions>
          <speed_mps>17.882</speed_mps>
          <speed_mph>40.0</speed_mph>
        </extensions>
      </trkpt>
      <trkpt lat="52.11224" lon="1.31238">
        <ele>0</ele>
        <time>2026-06-26T08:13:07.912Z</time>
        <name>351</name>
        <extensions>
          <speed_mps>17.882</speed_mps>
          <speed_mph>40.0</speed_mph>
        </extensions>
      </trkpt>
      <trkpt lat="52.11260" lon="1.31248">
        <ele>0</ele>
        <time>2026-06-26T08:13:10.170Z</time>
        <name>352</name>
        <extensions>
          <speed_mps>17.882</speed_mps>
          <speed_mph>40.0</speed_mph>
        </extensions>
      </trkpt>
      <trkpt lat="52.11296" lon="1.31259">
        <ele>0</ele>
        <time>2026-06-26T08:13:12.428Z</time>
        <name>353</name>
        <extensions>
          <speed_mps>17.882</speed_mps>
          <speed_mph>40.0</speed_mph>
        </extensions>
      </trkpt>
      <trkpt lat="52.11331" lon="1.31270">
        <ele>0</ele>
        <time>2026-06-26T08:13:14.686Z</time>
        <name>354</name>
        <extensions>
          <speed_mps>17.882</speed_mps>
          <speed_mph>40.0</speed_mph>
        </extensions>
      </trkpt>
      <trkpt lat="52.11367" lon="1.31281">
        <ele>0</ele>
        <time>2026-06-26T08:13:16.944Z</time>
        <name>355</name>
        <extensions>
          <speed_mps>17.882</speed_mps>
          <speed_mph>40.0</speed_mph>
        </extensions>
      </trkpt>
      <trkpt lat="52.11403" lon="1.31292">
        <ele>0</ele>
        <time>2026-06-26T08:13:19.202Z</time>
        <name>356</name>
        <extensions>
          <speed_mps>17.882</speed_mps>
          <speed_mph>40.0</speed_mph>
        </extensions>
      </trkpt>
      <trkpt lat="52.11438" lon="1.31303">
        <ele>0</ele>
        <time>2026-06-26T08:13:21.460Z</time>
        <name>357</name>
        <extensions>
          <speed_mps>17.882</speed_mps>
          <speed_mph>40.0</speed_mph>
        </extensions>
      </trkpt>
      <trkpt lat="52.11474" lon="1.31316">
        <ele>0</ele>
        <time>2026-06-26T08:13:23.718Z</time>
        <name>358</name>
        <extensions>
          <speed_mps>17.882</speed_mps>
          <speed_mph>40.0</speed_mph>
        </extensions>
      </trkpt>
      <trkpt lat="52.11494" lon="1.31289">
        <ele>0</ele>
        <time>2026-06-26T08:13:25.386Z</time>
        <name>359</name>
        <extensions>
          <speed_mps>17.882</speed_mps>
          <speed_mph>40.0</speed_mph>
        </extensions>
      </trkpt>
      <trkpt lat="52.11518" lon="1.31246">
        <ele>0</ele>
        <time>2026-06-26T08:13:27.598Z</time>
        <name>360</name>
        <extensions>
          <speed_mps>17.882</speed_mps>
          <speed_mph>40.0</speed_mph>
        </extensions>
      </trkpt>
      <trkpt lat="52.11553" lon="1.31228">
        <ele>0</ele>
        <time>2026-06-26T08:13:29.850Z</time>
        <name>361</name>
        <extensions>
          <speed_mps>17.882</speed_mps>
          <speed_mph>40.0</speed_mph>
        </extensions>
      </trkpt>
      <trkpt lat="52.11588" lon="1.31211">
        <ele>0</ele>
        <time>2026-06-26T08:13:32.108Z</time>
        <name>362</name>
        <extensions>
          <speed_mps>17.882</speed_mps>
          <speed_mph>40.0</speed_mph>
        </extensions>
      </trkpt>
      <trkpt lat="52.11622" lon="1.31195">
        <ele>0</ele>
        <time>2026-06-26T08:13:34.366Z</time>
        <name>363</name>
        <extensions>
          <speed_mps>17.882</speed_mps>
          <speed_mph>40.0</speed_mph>
        </extensions>
      </trkpt>
      <trkpt lat="52.11657" lon="1.31178">
        <ele>0</ele>
        <time>2026-06-26T08:13:36.624Z</time>
        <name>364</name>
        <extensions>
          <speed_mps>17.882</speed_mps>
          <speed_mph>40.0</speed_mph>
        </extensions>
      </trkpt>
      <trkpt lat="52.11692" lon="1.31161">
        <ele>0</ele>
        <time>2026-06-26T08:13:38.882Z</time>
        <name>365</name>
        <extensions>
          <speed_mps>17.882</speed_mps>
          <speed_mph>40.0</speed_mph>
        </extensions>
      </trkpt>
      <trkpt lat="52.11727" lon="1.31150">
        <ele>0</ele>
        <time>2026-06-26T08:13:41.121Z</time>
        <name>366</name>
        <extensions>
          <speed_mps>17.882</speed_mps>
          <speed_mph>40.0</speed_mph>
        </extensions>
      </trkpt>
      <trkpt lat="52.11762" lon="1.31166">
        <ele>0</ele>
        <time>2026-06-26T08:13:43.347Z</time>
        <name>367</name>
        <extensions>
          <speed_mps>17.882</speed_mps>
          <speed_mph>40.0</speed_mph>
        </extensions>
      </trkpt>
      <trkpt lat="52.11795" lon="1.31188">
        <ele>0</ele>
        <time>2026-06-26T08:13:45.601Z</time>
        <name>368</name>
        <extensions>
          <speed_mps>17.882</speed_mps>
          <speed_mph>40.0</speed_mph>
        </extensions>
      </trkpt>
      <trkpt lat="52.11830" lon="1.31206">
        <ele>0</ele>
        <time>2026-06-26T08:13:47.859Z</time>
        <name>369</name>
        <extensions>
          <speed_mps>17.882</speed_mps>
          <speed_mph>40.0</speed_mph>
        </extensions>
      </trkpt>
      <trkpt lat="52.11865" lon="1.31224">
        <ele>0</ele>
        <time>2026-06-26T08:13:50.117Z</time>
        <name>370</name>
        <extensions>
          <speed_mps>17.882</speed_mps>
          <speed_mph>40.0</speed_mph>
        </extensions>
      </trkpt>
      <trkpt lat="52.11900" lon="1.31238">
        <ele>0</ele>
        <time>2026-06-26T08:13:52.368Z</time>
        <name>371</name>
        <extensions>
          <speed_mps>17.882</speed_mps>
          <speed_mph>40.0</speed_mph>
        </extensions>
      </trkpt>
      <trkpt lat="52.11927" lon="1.31209">
        <ele>0</ele>
        <time>2026-06-26T08:13:54.405Z</time>
        <name>372</name>
        <extensions>
          <speed_mps>17.882</speed_mps>
          <speed_mph>40.0</speed_mph>
        </extensions>
      </trkpt>
      <trkpt lat="52.11943" lon="1.31156">
        <ele>0</ele>
        <time>2026-06-26T08:13:56.663Z</time>
        <name>373</name>
        <extensions>
          <speed_mps>17.882</speed_mps>
          <speed_mph>40.0</speed_mph>
        </extensions>
      </trkpt>
      <trkpt lat="52.11959" lon="1.31103">
        <ele>0</ele>
        <time>2026-06-26T08:13:58.921Z</time>
        <name>374</name>
        <extensions>
          <speed_mps>17.882</speed_mps>
          <speed_mph>40.0</speed_mph>
        </extensions>
      </trkpt>
      <trkpt lat="52.11975" lon="1.31050">
        <ele>0</ele>
        <time>2026-06-26T08:14:01.179Z</time>
        <name>375</name>
        <extensions>
          <speed_mps>17.882</speed_mps>
          <speed_mph>40.0</speed_mph>
        </extensions>
      </trkpt>
      <trkpt lat="52.11991" lon="1.30997">
        <ele>0</ele>
        <time>2026-06-26T08:14:03.437Z</time>
        <name>376</name>
        <extensions>
          <speed_mps>17.882</speed_mps>
          <speed_mph>40.0</speed_mph>
        </extensions>
      </trkpt>
      <trkpt lat="52.12006" lon="1.30943">
        <ele>0</ele>
        <time>2026-06-26T08:14:05.695Z</time>
        <name>377</name>
        <extensions>
          <speed_mps>17.882</speed_mps>
          <speed_mph>40.0</speed_mph>
        </extensions>
      </trkpt>
      <trkpt lat="52.12029" lon="1.30898">
        <ele>0</ele>
        <time>2026-06-26T08:14:07.898Z</time>
        <name>378</name>
        <extensions>
          <speed_mps>17.882</speed_mps>
          <speed_mph>40.0</speed_mph>
        </extensions>
      </trkpt>
      <trkpt lat="52.12063" lon="1.30890">
        <ele>0</ele>
        <time>2026-06-26T08:14:10.081Z</time>
        <name>379</name>
        <extensions>
          <speed_mps>17.882</speed_mps>
          <speed_mph>40.0</speed_mph>
        </extensions>
      </trkpt>
      <trkpt lat="52.12099" lon="1.30900">
        <ele>0</ele>
        <time>2026-06-26T08:14:12.339Z</time>
        <name>380</name>
        <extensions>
          <speed_mps>17.882</speed_mps>
          <speed_mph>40.0</speed_mph>
        </extensions>
      </trkpt>
      <trkpt lat="52.12135" lon="1.30910">
        <ele>0</ele>
        <time>2026-06-26T08:14:14.597Z</time>
        <name>381</name>
        <extensions>
          <speed_mps>17.882</speed_mps>
          <speed_mph>40.0</speed_mph>
        </extensions>
      </trkpt>
      <trkpt lat="52.12171" lon="1.30917">
        <ele>0</ele>
        <time>2026-06-26T08:14:16.846Z</time>
        <name>382</name>
        <extensions>
          <speed_mps>17.882</speed_mps>
          <speed_mph>40.0</speed_mph>
        </extensions>
      </trkpt>
      <trkpt lat="52.12197" lon="1.30881">
        <ele>0</ele>
        <time>2026-06-26T08:14:18.991Z</time>
        <name>383</name>
        <extensions>
          <speed_mps>17.882</speed_mps>
          <speed_mph>40.0</speed_mph>
        </extensions>
      </trkpt>
      <trkpt lat="52.12214" lon="1.30829">
        <ele>0</ele>
        <time>2026-06-26T08:14:21.235Z</time>
        <name>384</name>
        <extensions>
          <speed_mps>17.882</speed_mps>
          <speed_mph>40.0</speed_mph>
        </extensions>
      </trkpt>
      <trkpt lat="52.12222" lon="1.30771">
        <ele>0</ele>
        <time>2026-06-26T08:14:23.488Z</time>
        <name>385</name>
        <extensions>
          <speed_mps>17.882</speed_mps>
          <speed_mph>40.0</speed_mph>
        </extensions>
      </trkpt>
      <trkpt lat="52.12239" lon="1.30720">
        <ele>0</ele>
        <time>2026-06-26T08:14:25.728Z</time>
        <name>386</name>
        <extensions>
          <speed_mps>17.882</speed_mps>
          <speed_mph>40.0</speed_mph>
        </extensions>
      </trkpt>
      <trkpt lat="52.12268" lon="1.30685">
        <ele>0</ele>
        <time>2026-06-26T08:14:27.964Z</time>
        <name>387</name>
        <extensions>
          <speed_mps>17.882</speed_mps>
          <speed_mph>40.0</speed_mph>
        </extensions>
      </trkpt>
      <trkpt lat="52.12300" lon="1.30656">
        <ele>0</ele>
        <time>2026-06-26T08:14:30.222Z</time>
        <name>388</name>
        <extensions>
          <speed_mps>17.882</speed_mps>
          <speed_mph>40.0</speed_mph>
        </extensions>
      </trkpt>
      <trkpt lat="52.12331" lon="1.30625">
        <ele>0</ele>
        <time>2026-06-26T08:14:32.477Z</time>
        <name>389</name>
        <extensions>
          <speed_mps>17.882</speed_mps>
          <speed_mph>40.0</speed_mph>
        </extensions>
      </trkpt>
      <trkpt lat="52.12357" lon="1.30585">
        <ele>0</ele>
        <time>2026-06-26T08:14:34.727Z</time>
        <name>390</name>
        <extensions>
          <speed_mps>17.882</speed_mps>
          <speed_mph>40.0</speed_mph>
        </extensions>
      </trkpt>
      <trkpt lat="52.12378" lon="1.30537">
        <ele>0</ele>
        <time>2026-06-26T08:14:36.983Z</time>
        <name>391</name>
        <extensions>
          <speed_mps>17.882</speed_mps>
          <speed_mph>40.0</speed_mph>
        </extensions>
      </trkpt>
      <trkpt lat="52.12397" lon="1.30487">
        <ele>0</ele>
        <time>2026-06-26T08:14:39.241Z</time>
        <name>392</name>
        <extensions>
          <speed_mps>17.882</speed_mps>
          <speed_mph>40.0</speed_mph>
        </extensions>
      </trkpt>
      <trkpt lat="52.12414" lon="1.30434">
        <ele>0</ele>
        <time>2026-06-26T08:14:41.496Z</time>
        <name>393</name>
        <extensions>
          <speed_mps>17.882</speed_mps>
          <speed_mph>40.0</speed_mph>
        </extensions>
      </trkpt>
      <trkpt lat="52.12427" lon="1.30379">
        <ele>0</ele>
        <time>2026-06-26T08:14:43.754Z</time>
        <name>394</name>
        <extensions>
          <speed_mps>17.882</speed_mps>
          <speed_mph>40.0</speed_mph>
        </extensions>
      </trkpt>
      <trkpt lat="52.12443" lon="1.30326">
        <ele>0</ele>
        <time>2026-06-26T08:14:46.003Z</time>
        <name>395</name>
        <extensions>
          <speed_mps>17.882</speed_mps>
          <speed_mph>40.0</speed_mph>
        </extensions>
      </trkpt>
      <trkpt lat="52.12463" lon="1.30276">
        <ele>0</ele>
        <time>2026-06-26T08:14:48.261Z</time>
        <name>396</name>
        <extensions>
          <speed_mps>17.882</speed_mps>
          <speed_mph>40.0</speed_mph>
        </extensions>
      </trkpt>
      <trkpt lat="52.12480" lon="1.30225">
        <ele>0</ele>
        <time>2026-06-26T08:14:50.518Z</time>
        <name>397</name>
        <extensions>
          <speed_mps>17.882</speed_mps>
          <speed_mph>40.0</speed_mph>
        </extensions>
      </trkpt>
      <trkpt lat="52.12498" lon="1.30173">
        <ele>0</ele>
        <time>2026-06-26T08:14:52.776Z</time>
        <name>398</name>
        <extensions>
          <speed_mps>17.882</speed_mps>
          <speed_mph>40.0</speed_mph>
        </extensions>
      </trkpt>
      <trkpt lat="52.12515" lon="1.30121">
        <ele>0</ele>
        <time>2026-06-26T08:14:55.034Z</time>
        <name>399</name>
        <extensions>
          <speed_mps>17.882</speed_mps>
          <speed_mph>40.0</speed_mph>
        </extensions>
      </trkpt>
      <trkpt lat="52.12533" lon="1.30070">
        <ele>0</ele>
        <time>2026-06-26T08:14:57.291Z</time>
        <name>400</name>
        <extensions>
          <speed_mps>17.882</speed_mps>
          <speed_mph>40.0</speed_mph>
        </extensions>
      </trkpt>
      <trkpt lat="52.12556" lon="1.30024">
        <ele>0</ele>
        <time>2026-06-26T08:14:59.543Z</time>
        <name>401</name>
        <extensions>
          <speed_mps>17.882</speed_mps>
          <speed_mph>40.0</speed_mph>
        </extensions>
      </trkpt>
      <trkpt lat="52.12583" lon="1.29984">
        <ele>0</ele>
        <time>2026-06-26T08:15:01.800Z</time>
        <name>402</name>
        <extensions>
          <speed_mps>17.882</speed_mps>
          <speed_mph>40.0</speed_mph>
        </extensions>
      </trkpt>
      <trkpt lat="52.12610" lon="1.29944">
        <ele>0</ele>
        <time>2026-06-26T08:15:04.058Z</time>
        <name>403</name>
        <extensions>
          <speed_mps>17.882</speed_mps>
          <speed_mph>40.0</speed_mph>
        </extensions>
      </trkpt>
      <trkpt lat="52.12636" lon="1.29902">
        <ele>0</ele>
        <time>2026-06-26T08:15:06.316Z</time>
        <name>404</name>
        <extensions>
          <speed_mps>17.882</speed_mps>
          <speed_mph>40.0</speed_mph>
        </extensions>
      </trkpt>
      <trkpt lat="52.12661" lon="1.29861">
        <ele>0</ele>
        <time>2026-06-26T08:15:08.574Z</time>
        <name>405</name>
        <extensions>
          <speed_mps>17.882</speed_mps>
          <speed_mph>40.0</speed_mph>
        </extensions>
      </trkpt>
      <trkpt lat="52.12687" lon="1.29819">
        <ele>0</ele>
        <time>2026-06-26T08:15:10.832Z</time>
        <name>406</name>
        <extensions>
          <speed_mps>17.882</speed_mps>
          <speed_mph>40.0</speed_mph>
        </extensions>
      </trkpt>
      <trkpt lat="52.12712" lon="1.29776">
        <ele>0</ele>
        <time>2026-06-26T08:15:13.087Z</time>
        <name>407</name>
        <extensions>
          <speed_mps>17.882</speed_mps>
          <speed_mph>40.0</speed_mph>
        </extensions>
      </trkpt>
      <trkpt lat="52.12735" lon="1.29730">
        <ele>0</ele>
        <time>2026-06-26T08:15:15.345Z</time>
        <name>408</name>
        <extensions>
          <speed_mps>17.882</speed_mps>
          <speed_mph>40.0</speed_mph>
        </extensions>
      </trkpt>
      <trkpt lat="52.12759" lon="1.29686">
        <ele>0</ele>
        <time>2026-06-26T08:15:17.602Z</time>
        <name>409</name>
        <extensions>
          <speed_mps>17.882</speed_mps>
          <speed_mph>40.0</speed_mph>
        </extensions>
      </trkpt>
      <trkpt lat="52.12784" lon="1.29642">
        <ele>0</ele>
        <time>2026-06-26T08:15:19.860Z</time>
        <name>410</name>
        <extensions>
          <speed_mps>17.882</speed_mps>
          <speed_mph>40.0</speed_mph>
        </extensions>
      </trkpt>
      <trkpt lat="52.12808" lon="1.29599">
        <ele>0</ele>
        <time>2026-06-26T08:15:22.119Z</time>
        <name>411</name>
        <extensions>
          <speed_mps>17.882</speed_mps>
          <speed_mph>40.0</speed_mph>
        </extensions>
      </trkpt>
      <trkpt lat="52.12833" lon="1.29555">
        <ele>0</ele>
        <time>2026-06-26T08:15:24.377Z</time>
        <name>412</name>
        <extensions>
          <speed_mps>17.882</speed_mps>
          <speed_mph>40.0</speed_mph>
        </extensions>
      </trkpt>
      <trkpt lat="52.12857" lon="1.29512">
        <ele>0</ele>
        <time>2026-06-26T08:15:26.635Z</time>
        <name>413</name>
        <extensions>
          <speed_mps>17.882</speed_mps>
          <speed_mph>40.0</speed_mph>
        </extensions>
      </trkpt>
      <trkpt lat="52.12882" lon="1.29468">
        <ele>0</ele>
        <time>2026-06-26T08:15:28.893Z</time>
        <name>414</name>
        <extensions>
          <speed_mps>17.882</speed_mps>
          <speed_mph>40.0</speed_mph>
        </extensions>
      </trkpt>
      <trkpt lat="52.12908" lon="1.29427">
        <ele>0</ele>
        <time>2026-06-26T08:15:31.148Z</time>
        <name>415</name>
        <extensions>
          <speed_mps>17.882</speed_mps>
          <speed_mph>40.0</speed_mph>
        </extensions>
      </trkpt>
      <trkpt lat="52.12935" lon="1.29388">
        <ele>0</ele>
        <time>2026-06-26T08:15:33.406Z</time>
        <name>416</name>
        <extensions>
          <speed_mps>17.882</speed_mps>
          <speed_mph>40.0</speed_mph>
        </extensions>
      </trkpt>
      <trkpt lat="52.12964" lon="1.29353">
        <ele>0</ele>
        <time>2026-06-26T08:15:35.654Z</time>
        <name>417</name>
        <extensions>
          <speed_mps>17.882</speed_mps>
          <speed_mph>40.0</speed_mph>
        </extensions>
      </trkpt>
      <trkpt lat="52.12995" lon="1.29321">
        <ele>0</ele>
        <time>2026-06-26T08:15:37.906Z</time>
        <name>418</name>
        <extensions>
          <speed_mps>17.882</speed_mps>
          <speed_mph>40.0</speed_mph>
        </extensions>
      </trkpt>
      <trkpt lat="52.13022" lon="1.29282">
        <ele>0</ele>
        <time>2026-06-26T08:15:40.164Z</time>
        <name>419</name>
        <extensions>
          <speed_mps>17.882</speed_mps>
          <speed_mph>40.0</speed_mph>
        </extensions>
      </trkpt>
      <trkpt lat="52.13043" lon="1.29234">
        <ele>0</ele>
        <time>2026-06-26T08:15:42.405Z</time>
        <name>420</name>
        <extensions>
          <speed_mps>17.882</speed_mps>
          <speed_mph>40.0</speed_mph>
        </extensions>
      </trkpt>
      <trkpt lat="52.13062" lon="1.29184">
        <ele>0</ele>
        <time>2026-06-26T08:15:44.662Z</time>
        <name>421</name>
        <extensions>
          <speed_mps>17.882</speed_mps>
          <speed_mph>40.0</speed_mph>
        </extensions>
      </trkpt>
      <trkpt lat="52.13083" lon="1.29136">
        <ele>0</ele>
        <time>2026-06-26T08:15:46.920Z</time>
        <name>422</name>
        <extensions>
          <speed_mps>17.882</speed_mps>
          <speed_mph>40.0</speed_mph>
        </extensions>
      </trkpt>
      <trkpt lat="52.13107" lon="1.29091">
        <ele>0</ele>
        <time>2026-06-26T08:15:49.172Z</time>
        <name>423</name>
        <extensions>
          <speed_mps>17.882</speed_mps>
          <speed_mph>40.0</speed_mph>
        </extensions>
      </trkpt>
      <trkpt lat="52.13132" lon="1.29048">
        <ele>0</ele>
        <time>2026-06-26T08:15:51.430Z</time>
        <name>424</name>
        <extensions>
          <speed_mps>17.882</speed_mps>
          <speed_mph>40.0</speed_mph>
        </extensions>
      </trkpt>
      <trkpt lat="52.13157" lon="1.29005">
        <ele>0</ele>
        <time>2026-06-26T08:15:53.689Z</time>
        <name>425</name>
        <extensions>
          <speed_mps>17.882</speed_mps>
          <speed_mph>40.0</speed_mph>
        </extensions>
      </trkpt>
      <trkpt lat="52.13187" lon="1.28973">
        <ele>0</ele>
        <time>2026-06-26T08:15:55.930Z</time>
        <name>426</name>
        <extensions>
          <speed_mps>17.882</speed_mps>
          <speed_mph>40.0</speed_mph>
        </extensions>
      </trkpt>
      <trkpt lat="52.13219" lon="1.28944">
        <ele>0</ele>
        <time>2026-06-26T08:15:58.189Z</time>
        <name>427</name>
        <extensions>
          <speed_mps>17.882</speed_mps>
          <speed_mph>40.0</speed_mph>
        </extensions>
      </trkpt>
      <trkpt lat="52.13253" lon="1.28926">
        <ele>0</ele>
        <time>2026-06-26T08:16:00.436Z</time>
        <name>428</name>
        <extensions>
          <speed_mps>17.882</speed_mps>
          <speed_mph>40.0</speed_mph>
        </extensions>
      </trkpt>
      <trkpt lat="52.13288" lon="1.28910">
        <ele>0</ele>
        <time>2026-06-26T08:16:02.694Z</time>
        <name>429</name>
        <extensions>
          <speed_mps>17.882</speed_mps>
          <speed_mph>40.0</speed_mph>
        </extensions>
      </trkpt>
      <trkpt lat="52.13324" lon="1.28901">
        <ele>0</ele>
        <time>2026-06-26T08:16:04.947Z</time>
        <name>430</name>
        <extensions>
          <speed_mps>17.882</speed_mps>
          <speed_mph>40.0</speed_mph>
        </extensions>
      </trkpt>
      <trkpt lat="52.13360" lon="1.28894">
        <ele>0</ele>
        <time>2026-06-26T08:16:07.205Z</time>
        <name>431</name>
        <extensions>
          <speed_mps>17.882</speed_mps>
          <speed_mph>40.0</speed_mph>
        </extensions>
      </trkpt>
      <trkpt lat="52.13393" lon="1.28872">
        <ele>0</ele>
        <time>2026-06-26T08:16:09.443Z</time>
        <name>432</name>
        <extensions>
          <speed_mps>17.882</speed_mps>
          <speed_mph>40.0</speed_mph>
        </extensions>
      </trkpt>
      <trkpt lat="52.13426" lon="1.28847">
        <ele>0</ele>
        <time>2026-06-26T08:16:11.701Z</time>
        <name>433</name>
        <extensions>
          <speed_mps>17.882</speed_mps>
          <speed_mph>40.0</speed_mph>
        </extensions>
      </trkpt>
      <trkpt lat="52.13457" lon="1.28817">
        <ele>0</ele>
        <time>2026-06-26T08:16:13.951Z</time>
        <name>434</name>
        <extensions>
          <speed_mps>17.882</speed_mps>
          <speed_mph>40.0</speed_mph>
        </extensions>
      </trkpt>
      <trkpt lat="52.13487" lon="1.28782">
        <ele>0</ele>
        <time>2026-06-26T08:16:16.209Z</time>
        <name>435</name>
        <extensions>
          <speed_mps>17.882</speed_mps>
          <speed_mph>40.0</speed_mph>
        </extensions>
      </trkpt>
      <trkpt lat="52.13516" lon="1.28748">
        <ele>0</ele>
        <time>2026-06-26T08:16:18.467Z</time>
        <name>436</name>
        <extensions>
          <speed_mps>17.882</speed_mps>
          <speed_mph>40.0</speed_mph>
        </extensions>
      </trkpt>
      <trkpt lat="52.13546" lon="1.28714">
        <ele>0</ele>
        <time>2026-06-26T08:16:20.725Z</time>
        <name>437</name>
        <extensions>
          <speed_mps>17.882</speed_mps>
          <speed_mph>40.0</speed_mph>
        </extensions>
      </trkpt>
      <trkpt lat="52.13575" lon="1.28679">
        <ele>0</ele>
        <time>2026-06-26T08:16:22.983Z</time>
        <name>438</name>
        <extensions>
          <speed_mps>17.882</speed_mps>
          <speed_mph>40.0</speed_mph>
        </extensions>
      </trkpt>
      <trkpt lat="52.13604" lon="1.28643">
        <ele>0</ele>
        <time>2026-06-26T08:16:25.241Z</time>
        <name>439</name>
        <extensions>
          <speed_mps>17.882</speed_mps>
          <speed_mph>40.0</speed_mph>
        </extensions>
      </trkpt>
      <trkpt lat="52.13632" lon="1.28605">
        <ele>0</ele>
        <time>2026-06-26T08:16:27.498Z</time>
        <name>440</name>
        <extensions>
          <speed_mps>17.882</speed_mps>
          <speed_mph>40.0</speed_mph>
        </extensions>
      </trkpt>
      <trkpt lat="52.13660" lon="1.28568">
        <ele>0</ele>
        <time>2026-06-26T08:16:29.756Z</time>
        <name>441</name>
        <extensions>
          <speed_mps>17.882</speed_mps>
          <speed_mph>40.0</speed_mph>
        </extensions>
      </trkpt>
      <trkpt lat="52.13688" lon="1.28530">
        <ele>0</ele>
        <time>2026-06-26T08:16:32.014Z</time>
        <name>442</name>
        <extensions>
          <speed_mps>17.882</speed_mps>
          <speed_mph>40.0</speed_mph>
        </extensions>
      </trkpt>
      <trkpt lat="52.13717" lon="1.28494">
        <ele>0</ele>
        <time>2026-06-26T08:16:34.272Z</time>
        <name>443</name>
        <extensions>
          <speed_mps>17.882</speed_mps>
          <speed_mph>40.0</speed_mph>
        </extensions>
      </trkpt>
      <trkpt lat="52.13746" lon="1.28458">
        <ele>0</ele>
        <time>2026-06-26T08:16:36.530Z</time>
        <name>444</name>
        <extensions>
          <speed_mps>17.882</speed_mps>
          <speed_mph>40.0</speed_mph>
        </extensions>
      </trkpt>
      <trkpt lat="52.13775" lon="1.28423">
        <ele>0</ele>
        <time>2026-06-26T08:16:38.788Z</time>
        <name>445</name>
        <extensions>
          <speed_mps>17.882</speed_mps>
          <speed_mph>40.0</speed_mph>
        </extensions>
      </trkpt>
      <trkpt lat="52.13804" lon="1.28388">
        <ele>0</ele>
        <time>2026-06-26T08:16:41.046Z</time>
        <name>446</name>
        <extensions>
          <speed_mps>17.882</speed_mps>
          <speed_mph>40.0</speed_mph>
        </extensions>
      </trkpt>
      <trkpt lat="52.13833" lon="1.28351">
        <ele>0</ele>
        <time>2026-06-26T08:16:43.304Z</time>
        <name>447</name>
        <extensions>
          <speed_mps>17.882</speed_mps>
          <speed_mph>40.0</speed_mph>
        </extensions>
      </trkpt>
      <trkpt lat="52.13860" lon="1.28312">
        <ele>0</ele>
        <time>2026-06-26T08:16:45.561Z</time>
        <name>448</name>
        <extensions>
          <speed_mps>17.882</speed_mps>
          <speed_mph>40.0</speed_mph>
        </extensions>
      </trkpt>
      <trkpt lat="52.13884" lon="1.28268">
        <ele>0</ele>
        <time>2026-06-26T08:16:47.817Z</time>
        <name>449</name>
        <extensions>
          <speed_mps>17.882</speed_mps>
          <speed_mph>40.0</speed_mph>
        </extensions>
      </trkpt>
      <trkpt lat="52.13903" lon="1.28218">
        <ele>0</ele>
        <time>2026-06-26T08:16:50.055Z</time>
        <name>450</name>
        <extensions>
          <speed_mps>17.882</speed_mps>
          <speed_mph>40.0</speed_mph>
        </extensions>
      </trkpt>
      <trkpt lat="52.13915" lon="1.28162">
        <ele>0</ele>
        <time>2026-06-26T08:16:52.313Z</time>
        <name>451</name>
        <extensions>
          <speed_mps>17.882</speed_mps>
          <speed_mph>40.0</speed_mph>
        </extensions>
      </trkpt>
      <trkpt lat="52.13931" lon="1.28109">
        <ele>0</ele>
        <time>2026-06-26T08:16:54.570Z</time>
        <name>452</name>
        <extensions>
          <speed_mps>17.882</speed_mps>
          <speed_mph>40.0</speed_mph>
        </extensions>
      </trkpt>
      <trkpt lat="52.13951" lon="1.28060">
        <ele>0</ele>
        <time>2026-06-26T08:16:56.827Z</time>
        <name>453</name>
        <extensions>
          <speed_mps>17.882</speed_mps>
          <speed_mph>40.0</speed_mph>
        </extensions>
      </trkpt>
      <trkpt lat="52.13976" lon="1.28017">
        <ele>0</ele>
        <time>2026-06-26T08:16:59.061Z</time>
        <name>454</name>
        <extensions>
          <speed_mps>17.882</speed_mps>
          <speed_mph>40.0</speed_mph>
        </extensions>
      </trkpt>
      <trkpt lat="52.14005" lon="1.27981">
        <ele>0</ele>
        <time>2026-06-26T08:17:01.319Z</time>
        <name>455</name>
        <extensions>
          <speed_mps>17.882</speed_mps>
          <speed_mph>40.0</speed_mph>
        </extensions>
      </trkpt>
      <trkpt lat="52.14032" lon="1.27942">
        <ele>0</ele>
        <time>2026-06-26T08:17:03.577Z</time>
        <name>456</name>
        <extensions>
          <speed_mps>17.882</speed_mps>
          <speed_mph>40.0</speed_mph>
        </extensions>
      </trkpt>
      <trkpt lat="52.14059" lon="1.27904">
        <ele>0</ele>
        <time>2026-06-26T08:17:05.835Z</time>
        <name>457</name>
        <extensions>
          <speed_mps>17.882</speed_mps>
          <speed_mph>40.0</speed_mph>
        </extensions>
      </trkpt>
      <trkpt lat="52.14087" lon="1.27865">
        <ele>0</ele>
        <time>2026-06-26T08:17:08.093Z</time>
        <name>458</name>
        <extensions>
          <speed_mps>17.882</speed_mps>
          <speed_mph>40.0</speed_mph>
        </extensions>
      </trkpt>
      <trkpt lat="52.14114" lon="1.27826">
        <ele>0</ele>
        <time>2026-06-26T08:17:10.351Z</time>
        <name>459</name>
        <extensions>
          <speed_mps>17.882</speed_mps>
          <speed_mph>40.0</speed_mph>
        </extensions>
      </trkpt>
      <trkpt lat="52.14142" lon="1.27788">
        <ele>0</ele>
        <time>2026-06-26T08:17:12.609Z</time>
        <name>460</name>
        <extensions>
          <speed_mps>17.882</speed_mps>
          <speed_mph>40.0</speed_mph>
        </extensions>
      </trkpt>
      <trkpt lat="52.14168" lon="1.27747">
        <ele>0</ele>
        <time>2026-06-26T08:17:14.856Z</time>
        <name>461</name>
        <extensions>
          <speed_mps>17.882</speed_mps>
          <speed_mph>40.0</speed_mph>
        </extensions>
      </trkpt>
      <trkpt lat="52.14189" lon="1.27699">
        <ele>0</ele>
        <time>2026-06-26T08:17:17.109Z</time>
        <name>462</name>
        <extensions>
          <speed_mps>17.882</speed_mps>
          <speed_mph>40.0</speed_mph>
        </extensions>
      </trkpt>
      <trkpt lat="52.14208" lon="1.27649">
        <ele>0</ele>
        <time>2026-06-26T08:17:19.368Z</time>
        <name>463</name>
        <extensions>
          <speed_mps>17.882</speed_mps>
          <speed_mph>40.0</speed_mph>
        </extensions>
      </trkpt>
      <trkpt lat="52.14228" lon="1.27599">
        <ele>0</ele>
        <time>2026-06-26T08:17:21.626Z</time>
        <name>464</name>
        <extensions>
          <speed_mps>17.882</speed_mps>
          <speed_mph>40.0</speed_mph>
        </extensions>
      </trkpt>
      <trkpt lat="52.14252" lon="1.27555">
        <ele>0</ele>
        <time>2026-06-26T08:17:23.873Z</time>
        <name>465</name>
        <extensions>
          <speed_mps>17.882</speed_mps>
          <speed_mph>40.0</speed_mph>
        </extensions>
      </trkpt>
      <trkpt lat="52.14278" lon="1.27514">
        <ele>0</ele>
        <time>2026-06-26T08:17:26.131Z</time>
        <name>466</name>
        <extensions>
          <speed_mps>17.882</speed_mps>
          <speed_mph>40.0</speed_mph>
        </extensions>
      </trkpt>
      <trkpt lat="52.14304" lon="1.27472">
        <ele>0</ele>
        <time>2026-06-26T08:17:28.389Z</time>
        <name>467</name>
        <extensions>
          <speed_mps>17.882</speed_mps>
          <speed_mph>40.0</speed_mph>
        </extensions>
      </trkpt>
      <trkpt lat="52.14328" lon="1.27428">
        <ele>0</ele>
        <time>2026-06-26T08:17:30.643Z</time>
        <name>468</name>
        <extensions>
          <speed_mps>17.882</speed_mps>
          <speed_mph>40.0</speed_mph>
        </extensions>
      </trkpt>
      <trkpt lat="52.14352" lon="1.27383">
        <ele>0</ele>
        <time>2026-06-26T08:17:32.901Z</time>
        <name>469</name>
        <extensions>
          <speed_mps>17.882</speed_mps>
          <speed_mph>40.0</speed_mph>
        </extensions>
      </trkpt>
      <trkpt lat="52.14376" lon="1.27339">
        <ele>0</ele>
        <time>2026-06-26T08:17:35.159Z</time>
        <name>470</name>
        <extensions>
          <speed_mps>17.882</speed_mps>
          <speed_mph>40.0</speed_mph>
        </extensions>
      </trkpt>
      <trkpt lat="52.14401" lon="1.27296">
        <ele>0</ele>
        <time>2026-06-26T08:17:37.417Z</time>
        <name>471</name>
        <extensions>
          <speed_mps>17.882</speed_mps>
          <speed_mph>40.0</speed_mph>
        </extensions>
      </trkpt>
      <trkpt lat="52.14429" lon="1.27259">
        <ele>0</ele>
        <time>2026-06-26T08:17:39.668Z</time>
        <name>472</name>
        <extensions>
          <speed_mps>17.882</speed_mps>
          <speed_mph>40.0</speed_mph>
        </extensions>
      </trkpt>
      <trkpt lat="52.14461" lon="1.27231">
        <ele>0</ele>
        <time>2026-06-26T08:17:41.923Z</time>
        <name>473</name>
        <extensions>
          <speed_mps>17.882</speed_mps>
          <speed_mph>40.0</speed_mph>
        </extensions>
      </trkpt>
      <trkpt lat="52.14495" lon="1.27213">
        <ele>0</ele>
        <time>2026-06-26T08:17:44.175Z</time>
        <name>474</name>
        <extensions>
          <speed_mps>17.882</speed_mps>
          <speed_mph>40.0</speed_mph>
        </extensions>
      </trkpt>
      <trkpt lat="52.14531" lon="1.27206">
        <ele>0</ele>
        <time>2026-06-26T08:17:46.433Z</time>
        <name>475</name>
        <extensions>
          <speed_mps>17.882</speed_mps>
          <speed_mph>40.0</speed_mph>
        </extensions>
      </trkpt>
      <trkpt lat="52.14567" lon="1.27198">
        <ele>0</ele>
        <time>2026-06-26T08:17:48.687Z</time>
        <name>476</name>
        <extensions>
          <speed_mps>17.882</speed_mps>
          <speed_mph>40.0</speed_mph>
        </extensions>
      </trkpt>
      <trkpt lat="52.14602" lon="1.27181">
        <ele>0</ele>
        <time>2026-06-26T08:17:50.945Z</time>
        <name>477</name>
        <extensions>
          <speed_mps>17.882</speed_mps>
          <speed_mph>40.0</speed_mph>
        </extensions>
      </trkpt>
      <trkpt lat="52.14637" lon="1.27165">
        <ele>0</ele>
        <time>2026-06-26T08:17:53.203Z</time>
        <name>478</name>
        <extensions>
          <speed_mps>17.882</speed_mps>
          <speed_mph>40.0</speed_mph>
        </extensions>
      </trkpt>
      <trkpt lat="52.14672" lon="1.27151">
        <ele>0</ele>
        <time>2026-06-26T08:17:55.460Z</time>
        <name>479</name>
        <extensions>
          <speed_mps>17.882</speed_mps>
          <speed_mph>40.0</speed_mph>
        </extensions>
      </trkpt>
      <trkpt lat="52.14708" lon="1.27144">
        <ele>0</ele>
        <time>2026-06-26T08:17:57.704Z</time>
        <name>480</name>
        <extensions>
          <speed_mps>17.882</speed_mps>
          <speed_mph>40.0</speed_mph>
        </extensions>
      </trkpt>
      <trkpt lat="52.14744" lon="1.27149">
        <ele>0</ele>
        <time>2026-06-26T08:17:59.957Z</time>
        <name>481</name>
        <extensions>
          <speed_mps>17.882</speed_mps>
          <speed_mph>40.0</speed_mph>
        </extensions>
      </trkpt>
      <trkpt lat="52.14780" lon="1.27144">
        <ele>0</ele>
        <time>2026-06-26T08:18:02.208Z</time>
        <name>482</name>
        <extensions>
          <speed_mps>17.882</speed_mps>
          <speed_mph>40.0</speed_mph>
        </extensions>
      </trkpt>
      <trkpt lat="52.14814" lon="1.27121">
        <ele>0</ele>
        <time>2026-06-26T08:18:04.454Z</time>
        <name>483</name>
        <extensions>
          <speed_mps>17.882</speed_mps>
          <speed_mph>40.0</speed_mph>
        </extensions>
      </trkpt>
      <trkpt lat="52.14836" lon="1.27141">
        <ele>0</ele>
        <time>2026-06-26T08:18:06.070Z</time>
        <name>484</name>
        <extensions>
          <speed_mps>17.882</speed_mps>
          <speed_mph>40.0</speed_mph>
        </extensions>
      </trkpt>
      <trkpt lat="52.14855" lon="1.27192">
        <ele>0</ele>
        <time>2026-06-26T08:18:08.328Z</time>
        <name>485</name>
        <extensions>
          <speed_mps>17.882</speed_mps>
          <speed_mph>40.0</speed_mph>
        </extensions>
      </trkpt>
      <trkpt lat="52.14873" lon="1.27243">
        <ele>0</ele>
        <time>2026-06-26T08:18:10.586Z</time>
        <name>486</name>
        <extensions>
          <speed_mps>17.882</speed_mps>
          <speed_mph>40.0</speed_mph>
        </extensions>
      </trkpt>
      <trkpt lat="52.14892" lon="1.27294">
        <ele>0</ele>
        <time>2026-06-26T08:18:12.844Z</time>
        <name>487</name>
        <extensions>
          <speed_mps>17.882</speed_mps>
          <speed_mph>40.0</speed_mph>
        </extensions>
      </trkpt>
      <trkpt lat="52.14910" lon="1.27345">
        <ele>0</ele>
        <time>2026-06-26T08:18:15.102Z</time>
        <name>488</name>
        <extensions>
          <speed_mps>17.882</speed_mps>
          <speed_mph>40.0</speed_mph>
        </extensions>
      </trkpt>
      <trkpt lat="52.14929" lon="1.27396">
        <ele>0</ele>
        <time>2026-06-26T08:18:17.360Z</time>
        <name>489</name>
        <extensions>
          <speed_mps>17.882</speed_mps>
          <speed_mph>40.0</speed_mph>
        </extensions>
      </trkpt>
      <trkpt lat="52.14947" lon="1.27447">
        <ele>0</ele>
        <time>2026-06-26T08:18:19.618Z</time>
        <name>490</name>
        <extensions>
          <speed_mps>17.882</speed_mps>
          <speed_mph>40.0</speed_mph>
        </extensions>
      </trkpt>
      <trkpt lat="52.14966" lon="1.27498">
        <ele>0</ele>
        <time>2026-06-26T08:18:21.876Z</time>
        <name>491</name>
        <extensions>
          <speed_mps>17.882</speed_mps>
          <speed_mph>40.0</speed_mph>
        </extensions>
      </trkpt>
      <trkpt lat="52.14984" lon="1.27549">
        <ele>0</ele>
        <time>2026-06-26T08:18:24.135Z</time>
        <name>492</name>
        <extensions>
          <speed_mps>17.882</speed_mps>
          <speed_mph>40.0</speed_mph>
        </extensions>
      </trkpt>
      <trkpt lat="52.15002" lon="1.27600">
        <ele>0</ele>
        <time>2026-06-26T08:18:26.393Z</time>
        <name>493</name>
        <extensions>
          <speed_mps>17.882</speed_mps>
          <speed_mph>40.0</speed_mph>
        </extensions>
      </trkpt>
      <trkpt lat="52.15020" lon="1.27651">
        <ele>0</ele>
        <time>2026-06-26T08:18:28.651Z</time>
        <name>494</name>
        <extensions>
          <speed_mps>17.882</speed_mps>
          <speed_mph>40.0</speed_mph>
        </extensions>
      </trkpt>
      <trkpt lat="52.15039" lon="1.27702">
        <ele>0</ele>
        <time>2026-06-26T08:18:30.909Z</time>
        <name>495</name>
        <extensions>
          <speed_mps>17.882</speed_mps>
          <speed_mph>40.0</speed_mph>
        </extensions>
      </trkpt>
      <trkpt lat="52.15056" lon="1.27754">
        <ele>0</ele>
        <time>2026-06-26T08:18:33.167Z</time>
        <name>496</name>
        <extensions>
          <speed_mps>17.882</speed_mps>
          <speed_mph>40.0</speed_mph>
        </extensions>
      </trkpt>
      <trkpt lat="52.15074" lon="1.27806">
        <ele>0</ele>
        <time>2026-06-26T08:18:35.425Z</time>
        <name>497</name>
        <extensions>
          <speed_mps>17.882</speed_mps>
          <speed_mph>40.0</speed_mph>
        </extensions>
      </trkpt>
      <trkpt lat="52.15091" lon="1.27859">
        <ele>0</ele>
        <time>2026-06-26T08:18:37.683Z</time>
        <name>498</name>
        <extensions>
          <speed_mps>17.882</speed_mps>
          <speed_mph>40.0</speed_mph>
        </extensions>
      </trkpt>
      <trkpt lat="52.15108" lon="1.27911">
        <ele>0</ele>
        <time>2026-06-26T08:18:39.941Z</time>
        <name>499</name>
        <extensions>
          <speed_mps>17.882</speed_mps>
          <speed_mph>40.0</speed_mph>
        </extensions>
      </trkpt>
      <trkpt lat="52.15126" lon="1.27962">
        <ele>0</ele>
        <time>2026-06-26T08:18:42.199Z</time>
        <name>500</name>
        <extensions>
          <speed_mps>17.882</speed_mps>
          <speed_mph>40.0</speed_mph>
        </extensions>
      </trkpt>
      <trkpt lat="52.15144" lon="1.28014">
        <ele>0</ele>
        <time>2026-06-26T08:18:44.457Z</time>
        <name>501</name>
        <extensions>
          <speed_mps>17.882</speed_mps>
          <speed_mph>40.0</speed_mph>
        </extensions>
      </trkpt>
      <trkpt lat="52.15162" lon="1.28065">
        <ele>0</ele>
        <time>2026-06-26T08:18:46.715Z</time>
        <name>502</name>
        <extensions>
          <speed_mps>17.882</speed_mps>
          <speed_mph>40.0</speed_mph>
        </extensions>
      </trkpt>
      <trkpt lat="52.15180" lon="1.28116">
        <ele>0</ele>
        <time>2026-06-26T08:18:48.973Z</time>
        <name>503</name>
        <extensions>
          <speed_mps>17.882</speed_mps>
          <speed_mph>40.0</speed_mph>
        </extensions>
      </trkpt>
      <trkpt lat="52.15199" lon="1.28167">
        <ele>0</ele>
        <time>2026-06-26T08:18:51.231Z</time>
        <name>504</name>
        <extensions>
          <speed_mps>17.882</speed_mps>
          <speed_mph>40.0</speed_mph>
        </extensions>
      </trkpt>
      <trkpt lat="52.15218" lon="1.28217">
        <ele>0</ele>
        <time>2026-06-26T08:18:53.489Z</time>
        <name>505</name>
        <extensions>
          <speed_mps>17.882</speed_mps>
          <speed_mph>40.0</speed_mph>
        </extensions>
      </trkpt>
      <trkpt lat="52.15238" lon="1.28266">
        <ele>0</ele>
        <time>2026-06-26T08:18:55.746Z</time>
        <name>506</name>
        <extensions>
          <speed_mps>17.882</speed_mps>
          <speed_mph>40.0</speed_mph>
        </extensions>
      </trkpt>
      <trkpt lat="52.15259" lon="1.28315">
        <ele>0</ele>
        <time>2026-06-26T08:18:58.004Z</time>
        <name>507</name>
        <extensions>
          <speed_mps>17.882</speed_mps>
          <speed_mph>40.0</speed_mph>
        </extensions>
      </trkpt>
      <trkpt lat="52.15279" lon="1.28364">
        <ele>0</ele>
        <time>2026-06-26T08:19:00.261Z</time>
        <name>508</name>
        <extensions>
          <speed_mps>17.882</speed_mps>
          <speed_mph>40.0</speed_mph>
        </extensions>
      </trkpt>
      <trkpt lat="52.15296" lon="1.28416">
        <ele>0</ele>
        <time>2026-06-26T08:19:02.519Z</time>
        <name>509</name>
        <extensions>
          <speed_mps>17.882</speed_mps>
          <speed_mph>40.0</speed_mph>
        </extensions>
      </trkpt>
      <trkpt lat="52.15312" lon="1.28470">
        <ele>0</ele>
        <time>2026-06-26T08:19:04.777Z</time>
        <name>510</name>
        <extensions>
          <speed_mps>17.882</speed_mps>
          <speed_mph>40.0</speed_mph>
        </extensions>
      </trkpt>
      <trkpt lat="52.15326" lon="1.28524">
        <ele>0</ele>
        <time>2026-06-26T08:19:07.035Z</time>
        <name>511</name>
        <extensions>
          <speed_mps>17.882</speed_mps>
          <speed_mph>40.0</speed_mph>
        </extensions>
      </trkpt>
      <trkpt lat="52.15341" lon="1.28578">
        <ele>0</ele>
        <time>2026-06-26T08:19:09.293Z</time>
        <name>512</name>
        <extensions>
          <speed_mps>17.882</speed_mps>
          <speed_mph>40.0</speed_mph>
        </extensions>
      </trkpt>
      <trkpt lat="52.15356" lon="1.28632">
        <ele>0</ele>
        <time>2026-06-26T08:19:11.551Z</time>
        <name>513</name>
        <extensions>
          <speed_mps>17.882</speed_mps>
          <speed_mph>40.0</speed_mph>
        </extensions>
      </trkpt>
      <trkpt lat="52.15370" lon="1.28686">
        <ele>0</ele>
        <time>2026-06-26T08:19:13.809Z</time>
        <name>514</name>
        <extensions>
          <speed_mps>17.882</speed_mps>
          <speed_mph>40.0</speed_mph>
        </extensions>
      </trkpt>
      <trkpt lat="52.15386" lon="1.28740">
        <ele>0</ele>
        <time>2026-06-26T08:19:16.067Z</time>
        <name>515</name>
        <extensions>
          <speed_mps>17.882</speed_mps>
          <speed_mph>40.0</speed_mph>
        </extensions>
      </trkpt>
      <trkpt lat="52.15401" lon="1.28794">
        <ele>0</ele>
        <time>2026-06-26T08:19:18.324Z</time>
        <name>516</name>
        <extensions>
          <speed_mps>17.882</speed_mps>
          <speed_mph>40.0</speed_mph>
        </extensions>
      </trkpt>
      <trkpt lat="52.15414" lon="1.28849">
        <ele>0</ele>
        <time>2026-06-26T08:19:20.582Z</time>
        <name>517</name>
        <extensions>
          <speed_mps>17.882</speed_mps>
          <speed_mph>40.0</speed_mph>
        </extensions>
      </trkpt>
      <trkpt lat="52.15425" lon="1.28905">
        <ele>0</ele>
        <time>2026-06-26T08:19:22.839Z</time>
        <name>518</name>
        <extensions>
          <speed_mps>17.882</speed_mps>
          <speed_mph>40.0</speed_mph>
        </extensions>
      </trkpt>
      <trkpt lat="52.15435" lon="1.28962">
        <ele>0</ele>
        <time>2026-06-26T08:19:25.097Z</time>
        <name>519</name>
        <extensions>
          <speed_mps>17.882</speed_mps>
          <speed_mph>40.0</speed_mph>
        </extensions>
      </trkpt>
      <trkpt lat="52.15445" lon="1.29019">
        <ele>0</ele>
        <time>2026-06-26T08:19:27.355Z</time>
        <name>520</name>
        <extensions>
          <speed_mps>17.882</speed_mps>
          <speed_mph>40.0</speed_mph>
        </extensions>
      </trkpt>
      <trkpt lat="52.15456" lon="1.29075">
        <ele>0</ele>
        <time>2026-06-26T08:19:29.610Z</time>
        <name>521</name>
        <extensions>
          <speed_mps>17.882</speed_mps>
          <speed_mph>40.0</speed_mph>
        </extensions>
      </trkpt>
      <trkpt lat="52.15471" lon="1.29129">
        <ele>0</ele>
        <time>2026-06-26T08:19:31.869Z</time>
        <name>522</name>
        <extensions>
          <speed_mps>17.882</speed_mps>
          <speed_mph>40.0</speed_mph>
        </extensions>
      </trkpt>
      <trkpt lat="52.15486" lon="1.29183">
        <ele>0</ele>
        <time>2026-06-26T08:19:34.127Z</time>
        <name>523</name>
        <extensions>
          <speed_mps>17.882</speed_mps>
          <speed_mph>40.0</speed_mph>
        </extensions>
      </trkpt>
      <trkpt lat="52.15501" lon="1.29237">
        <ele>0</ele>
        <time>2026-06-26T08:19:36.385Z</time>
        <name>524</name>
        <extensions>
          <speed_mps>17.882</speed_mps>
          <speed_mph>40.0</speed_mph>
        </extensions>
      </trkpt>
      <trkpt lat="52.15516" lon="1.29291">
        <ele>0</ele>
        <time>2026-06-26T08:19:38.643Z</time>
        <name>525</name>
        <extensions>
          <speed_mps>17.882</speed_mps>
          <speed_mph>40.0</speed_mph>
        </extensions>
      </trkpt>
      <trkpt lat="52.15531" lon="1.29345">
        <ele>0</ele>
        <time>2026-06-26T08:19:40.901Z</time>
        <name>526</name>
        <extensions>
          <speed_mps>17.882</speed_mps>
          <speed_mph>40.0</speed_mph>
        </extensions>
      </trkpt>
      <trkpt lat="52.15555" lon="1.29374">
        <ele>0</ele>
        <time>2026-06-26T08:19:42.798Z</time>
        <name>527</name>
        <extensions>
          <speed_mps>17.882</speed_mps>
          <speed_mph>40.0</speed_mph>
        </extensions>
      </trkpt>
      <trkpt lat="52.15592" lon="1.29372">
        <ele>0</ele>
        <time>2026-06-26T08:19:45.051Z</time>
        <name>528</name>
        <extensions>
          <speed_mps>17.882</speed_mps>
          <speed_mph>40.0</speed_mph>
        </extensions>
      </trkpt>
      <trkpt lat="52.15625" lon="1.29351">
        <ele>0</ele>
        <time>2026-06-26T08:19:47.296Z</time>
        <name>529</name>
        <extensions>
          <speed_mps>17.882</speed_mps>
          <speed_mph>40.0</speed_mph>
        </extensions>
      </trkpt>
      <trkpt lat="52.15656" lon="1.29319">
        <ele>0</ele>
        <time>2026-06-26T08:19:49.553Z</time>
        <name>530</name>
        <extensions>
          <speed_mps>17.882</speed_mps>
          <speed_mph>40.0</speed_mph>
        </extensions>
      </trkpt>
      <trkpt lat="52.15687" lon="1.29290">
        <ele>0</ele>
        <time>2026-06-26T08:19:51.805Z</time>
        <name>531</name>
        <extensions>
          <speed_mps>17.882</speed_mps>
          <speed_mph>40.0</speed_mph>
        </extensions>
      </trkpt>
      <trkpt lat="52.15721" lon="1.29270">
        <ele>0</ele>
        <time>2026-06-26T08:19:54.060Z</time>
        <name>532</name>
        <extensions>
          <speed_mps>17.882</speed_mps>
          <speed_mph>40.0</speed_mph>
        </extensions>
      </trkpt>
      <trkpt lat="52.15757" lon="1.29256">
        <ele>0</ele>
        <time>2026-06-26T08:19:56.314Z</time>
        <name>533</name>
        <extensions>
          <speed_mps>17.882</speed_mps>
          <speed_mph>40.0</speed_mph>
        </extensions>
      </trkpt>
      <trkpt lat="52.15793" lon="1.29253">
        <ele>0</ele>
        <time>2026-06-26T08:19:58.558Z</time>
        <name>534</name>
        <extensions>
          <speed_mps>17.882</speed_mps>
          <speed_mph>40.0</speed_mph>
        </extensions>
      </trkpt>
      <trkpt lat="52.15823" lon="1.29283">
        <ele>0</ele>
        <time>2026-06-26T08:20:00.785Z</time>
        <name>535</name>
        <extensions>
          <speed_mps>17.882</speed_mps>
          <speed_mph>40.0</speed_mph>
        </extensions>
      </trkpt>
      <trkpt lat="52.15852" lon="1.29321">
        <ele>0</ele>
        <time>2026-06-26T08:20:03.043Z</time>
        <name>536</name>
        <extensions>
          <speed_mps>17.882</speed_mps>
          <speed_mph>40.0</speed_mph>
        </extensions>
      </trkpt>
      <trkpt lat="52.15881" lon="1.29354">
        <ele>0</ele>
        <time>2026-06-26T08:20:05.292Z</time>
        <name>537</name>
        <extensions>
          <speed_mps>17.882</speed_mps>
          <speed_mph>40.0</speed_mph>
        </extensions>
      </trkpt>
      <trkpt lat="52.15915" lon="1.29376">
        <ele>0</ele>
        <time>2026-06-26T08:20:07.540Z</time>
        <name>538</name>
        <extensions>
          <speed_mps>17.882</speed_mps>
          <speed_mph>40.0</speed_mph>
        </extensions>
      </trkpt>
      <trkpt lat="52.15951" lon="1.29387">
        <ele>0</ele>
        <time>2026-06-26T08:20:09.797Z</time>
        <name>539</name>
        <extensions>
          <speed_mps>17.882</speed_mps>
          <speed_mph>40.0</speed_mph>
        </extensions>
      </trkpt>
      <trkpt lat="52.15986" lon="1.29395">
        <ele>0</ele>
        <time>2026-06-26T08:20:12.055Z</time>
        <name>540</name>
        <extensions>
          <speed_mps>17.882</speed_mps>
          <speed_mph>40.0</speed_mph>
        </extensions>
      </trkpt>
      <trkpt lat="52.16023" lon="1.29401">
        <ele>0</ele>
        <time>2026-06-26T08:20:14.311Z</time>
        <name>541</name>
        <extensions>
          <speed_mps>17.882</speed_mps>
          <speed_mph>40.0</speed_mph>
        </extensions>
      </trkpt>
      <trkpt lat="52.16059" lon="1.29399">
        <ele>0</ele>
        <time>2026-06-26T08:20:16.567Z</time>
        <name>542</name>
        <extensions>
          <speed_mps>17.882</speed_mps>
          <speed_mph>40.0</speed_mph>
        </extensions>
      </trkpt>
      <trkpt lat="52.16095" lon="1.29395">
        <ele>0</ele>
        <time>2026-06-26T08:20:18.824Z</time>
        <name>543</name>
        <extensions>
          <speed_mps>17.882</speed_mps>
          <speed_mph>40.0</speed_mph>
        </extensions>
      </trkpt>
      <trkpt lat="52.16131" lon="1.29400">
        <ele>0</ele>
        <time>2026-06-26T08:20:21.070Z</time>
        <name>544</name>
        <extensions>
          <speed_mps>17.882</speed_mps>
          <speed_mph>40.0</speed_mph>
        </extensions>
      </trkpt>
      <trkpt lat="52.16165" lon="1.29423">
        <ele>0</ele>
        <time>2026-06-26T08:20:23.326Z</time>
        <name>545</name>
        <extensions>
          <speed_mps>17.882</speed_mps>
          <speed_mph>40.0</speed_mph>
        </extensions>
      </trkpt>
      <trkpt lat="52.16198" lon="1.29446">
        <ele>0</ele>
        <time>2026-06-26T08:20:25.580Z</time>
        <name>546</name>
        <extensions>
          <speed_mps>17.882</speed_mps>
          <speed_mph>40.0</speed_mph>
        </extensions>
      </trkpt>
      <trkpt lat="52.16229" lon="1.29475">
        <ele>0</ele>
        <time>2026-06-26T08:20:27.833Z</time>
        <name>547</name>
        <extensions>
          <speed_mps>17.882</speed_mps>
          <speed_mph>40.0</speed_mph>
        </extensions>
      </trkpt>
      <trkpt lat="52.16258" lon="1.29512">
        <ele>0</ele>
        <time>2026-06-26T08:20:30.088Z</time>
        <name>548</name>
        <extensions>
          <speed_mps>17.882</speed_mps>
          <speed_mph>40.0</speed_mph>
        </extensions>
      </trkpt>
      <trkpt lat="52.16286" lon="1.29550">
        <ele>0</ele>
        <time>2026-06-26T08:20:32.347Z</time>
        <name>549</name>
        <extensions>
          <speed_mps>17.882</speed_mps>
          <speed_mph>40.0</speed_mph>
        </extensions>
      </trkpt>
      <trkpt lat="52.16313" lon="1.29588">
        <ele>0</ele>
        <time>2026-06-26T08:20:34.605Z</time>
        <name>550</name>
        <extensions>
          <speed_mps>17.882</speed_mps>
          <speed_mph>40.0</speed_mph>
        </extensions>
      </trkpt>
      <trkpt lat="52.16343" lon="1.29622">
        <ele>0</ele>
        <time>2026-06-26T08:20:36.859Z</time>
        <name>551</name>
        <extensions>
          <speed_mps>17.882</speed_mps>
          <speed_mph>40.0</speed_mph>
        </extensions>
      </trkpt>
      <trkpt lat="52.16377" lon="1.29642">
        <ele>0</ele>
        <time>2026-06-26T08:20:39.089Z</time>
        <name>552</name>
        <extensions>
          <speed_mps>17.882</speed_mps>
          <speed_mph>40.0</speed_mph>
        </extensions>
      </trkpt>
      <trkpt lat="52.16413" lon="1.29644">
        <ele>0</ele>
        <time>2026-06-26T08:20:41.335Z</time>
        <name>553</name>
        <extensions>
          <speed_mps>17.882</speed_mps>
          <speed_mph>40.0</speed_mph>
        </extensions>
      </trkpt>
      <trkpt lat="52.16449" lon="1.29645">
        <ele>0</ele>
        <time>2026-06-26T08:20:43.593Z</time>
        <name>554</name>
        <extensions>
          <speed_mps>17.882</speed_mps>
          <speed_mph>40.0</speed_mph>
        </extensions>
      </trkpt>
      <trkpt lat="52.16485" lon="1.29641">
        <ele>0</ele>
        <time>2026-06-26T08:20:45.847Z</time>
        <name>555</name>
        <extensions>
          <speed_mps>17.882</speed_mps>
          <speed_mph>40.0</speed_mph>
        </extensions>
      </trkpt>
      <trkpt lat="52.16521" lon="1.29634">
        <ele>0</ele>
        <time>2026-06-26T08:20:48.106Z</time>
        <name>556</name>
        <extensions>
          <speed_mps>17.882</speed_mps>
          <speed_mph>40.0</speed_mph>
        </extensions>
      </trkpt>
      <trkpt lat="52.16558" lon="1.29631">
        <ele>0</ele>
        <time>2026-06-26T08:20:50.361Z</time>
        <name>557</name>
        <extensions>
          <speed_mps>17.882</speed_mps>
          <speed_mph>40.0</speed_mph>
        </extensions>
      </trkpt>
      <trkpt lat="52.16593" lon="1.29639">
        <ele>0</ele>
        <time>2026-06-26T08:20:52.612Z</time>
        <name>558</name>
        <extensions>
          <speed_mps>17.882</speed_mps>
          <speed_mph>40.0</speed_mph>
        </extensions>
      </trkpt>
      <trkpt lat="52.16629" lon="1.29653">
        <ele>0</ele>
        <time>2026-06-26T08:20:54.870Z</time>
        <name>559</name>
        <extensions>
          <speed_mps>17.882</speed_mps>
          <speed_mph>40.0</speed_mph>
        </extensions>
      </trkpt>
      <trkpt lat="52.16664" lon="1.29670">
        <ele>0</ele>
        <time>2026-06-26T08:20:57.126Z</time>
        <name>560</name>
        <extensions>
          <speed_mps>17.882</speed_mps>
          <speed_mph>40.0</speed_mph>
        </extensions>
      </trkpt>
      <trkpt lat="52.16698" lon="1.29687">
        <ele>0</ele>
        <time>2026-06-26T08:20:59.384Z</time>
        <name>561</name>
        <extensions>
          <speed_mps>17.882</speed_mps>
          <speed_mph>40.0</speed_mph>
        </extensions>
      </trkpt>
      <trkpt lat="52.16732" lon="1.29707">
        <ele>0</ele>
        <time>2026-06-26T08:21:01.637Z</time>
        <name>562</name>
        <extensions>
          <speed_mps>17.882</speed_mps>
          <speed_mph>40.0</speed_mph>
        </extensions>
      </trkpt>
      <trkpt lat="52.16765" lon="1.29732">
        <ele>0</ele>
        <time>2026-06-26T08:21:03.894Z</time>
        <name>563</name>
        <extensions>
          <speed_mps>17.882</speed_mps>
          <speed_mph>40.0</speed_mph>
        </extensions>
      </trkpt>
      <trkpt lat="52.16798" lon="1.29758">
        <ele>0</ele>
        <time>2026-06-26T08:21:06.153Z</time>
        <name>564</name>
        <extensions>
          <speed_mps>17.882</speed_mps>
          <speed_mph>40.0</speed_mph>
        </extensions>
      </trkpt>
      <trkpt lat="52.16831" lon="1.29783">
        <ele>0</ele>
        <time>2026-06-26T08:21:08.411Z</time>
        <name>565</name>
        <extensions>
          <speed_mps>17.882</speed_mps>
          <speed_mph>40.0</speed_mph>
        </extensions>
      </trkpt>
      <trkpt lat="52.16864" lon="1.29808">
        <ele>0</ele>
        <time>2026-06-26T08:21:10.668Z</time>
        <name>566</name>
        <extensions>
          <speed_mps>17.882</speed_mps>
          <speed_mph>40.0</speed_mph>
        </extensions>
      </trkpt>
      <trkpt lat="52.16897" lon="1.29831">
        <ele>0</ele>
        <time>2026-06-26T08:21:12.926Z</time>
        <name>567</name>
        <extensions>
          <speed_mps>17.882</speed_mps>
          <speed_mph>40.0</speed_mph>
        </extensions>
      </trkpt>
      <trkpt lat="52.16930" lon="1.29857">
        <ele>0</ele>
        <time>2026-06-26T08:21:15.183Z</time>
        <name>568</name>
        <extensions>
          <speed_mps>17.882</speed_mps>
          <speed_mph>40.0</speed_mph>
        </extensions>
      </trkpt>
      <trkpt lat="52.16962" lon="1.29884">
        <ele>0</ele>
        <time>2026-06-26T08:21:17.441Z</time>
        <name>569</name>
        <extensions>
          <speed_mps>17.882</speed_mps>
          <speed_mph>40.0</speed_mph>
        </extensions>
      </trkpt>
      <trkpt lat="52.16994" lon="1.29911">
        <ele>0</ele>
        <time>2026-06-26T08:21:19.699Z</time>
        <name>570</name>
        <extensions>
          <speed_mps>17.882</speed_mps>
          <speed_mph>40.0</speed_mph>
        </extensions>
      </trkpt>
      <trkpt lat="52.17027" lon="1.29935">
        <ele>0</ele>
        <time>2026-06-26T08:21:21.954Z</time>
        <name>571</name>
        <extensions>
          <speed_mps>17.882</speed_mps>
          <speed_mph>40.0</speed_mph>
        </extensions>
      </trkpt>
      <trkpt lat="52.17061" lon="1.29957">
        <ele>0</ele>
        <time>2026-06-26T08:21:24.212Z</time>
        <name>572</name>
        <extensions>
          <speed_mps>17.882</speed_mps>
          <speed_mph>40.0</speed_mph>
        </extensions>
      </trkpt>
      <trkpt lat="52.17096" lon="1.29974">
        <ele>0</ele>
        <time>2026-06-26T08:21:26.467Z</time>
        <name>573</name>
        <extensions>
          <speed_mps>17.882</speed_mps>
          <speed_mph>40.0</speed_mph>
        </extensions>
      </trkpt>
      <trkpt lat="52.17132" lon="1.29982">
        <ele>0</ele>
        <time>2026-06-26T08:21:28.725Z</time>
        <name>574</name>
        <extensions>
          <speed_mps>17.882</speed_mps>
          <speed_mph>40.0</speed_mph>
        </extensions>
      </trkpt>
      <trkpt lat="52.17168" lon="1.29987">
        <ele>0</ele>
        <time>2026-06-26T08:21:30.980Z</time>
        <name>575</name>
        <extensions>
          <speed_mps>17.882</speed_mps>
          <speed_mph>40.0</speed_mph>
        </extensions>
      </trkpt>
      <trkpt lat="52.17204" lon="1.29984">
        <ele>0</ele>
        <time>2026-06-26T08:21:33.238Z</time>
        <name>576</name>
        <extensions>
          <speed_mps>17.882</speed_mps>
          <speed_mph>40.0</speed_mph>
        </extensions>
      </trkpt>
      <trkpt lat="52.17240" lon="1.29987">
        <ele>0</ele>
        <time>2026-06-26T08:21:35.480Z</time>
        <name>577</name>
        <extensions>
          <speed_mps>17.882</speed_mps>
          <speed_mph>40.0</speed_mph>
        </extensions>
      </trkpt>
      <trkpt lat="52.17273" lon="1.30014">
        <ele>0</ele>
        <time>2026-06-26T08:21:37.737Z</time>
        <name>578</name>
        <extensions>
          <speed_mps>17.882</speed_mps>
          <speed_mph>40.0</speed_mph>
        </extensions>
      </trkpt>
      <trkpt lat="52.17303" lon="1.30045">
        <ele>0</ele>
        <time>2026-06-26T08:21:39.964Z</time>
        <name>579</name>
        <extensions>
          <speed_mps>17.882</speed_mps>
          <speed_mph>40.0</speed_mph>
        </extensions>
      </trkpt>
      <trkpt lat="52.17335" lon="1.30022">
        <ele>0</ele>
        <time>2026-06-26T08:21:42.147Z</time>
        <name>580</name>
        <extensions>
          <speed_mps>17.882</speed_mps>
          <speed_mph>40.0</speed_mph>
        </extensions>
      </trkpt>
      <trkpt lat="52.17365" lon="1.29989">
        <ele>0</ele>
        <time>2026-06-26T08:21:44.405Z</time>
        <name>581</name>
        <extensions>
          <speed_mps>17.882</speed_mps>
          <speed_mph>40.0</speed_mph>
        </extensions>
      </trkpt>
      <trkpt lat="52.17397" lon="1.29960">
        <ele>0</ele>
        <time>2026-06-26T08:21:46.660Z</time>
        <name>582</name>
        <extensions>
          <speed_mps>17.882</speed_mps>
          <speed_mph>40.0</speed_mph>
        </extensions>
      </trkpt>
      <trkpt lat="52.17429" lon="1.29933">
        <ele>0</ele>
        <time>2026-06-26T08:21:48.918Z</time>
        <name>583</name>
        <extensions>
          <speed_mps>17.882</speed_mps>
          <speed_mph>40.0</speed_mph>
        </extensions>
      </trkpt>
      <trkpt lat="52.17462" lon="1.29907">
        <ele>0</ele>
        <time>2026-06-26T08:21:51.176Z</time>
        <name>584</name>
        <extensions>
          <speed_mps>17.882</speed_mps>
          <speed_mph>40.0</speed_mph>
        </extensions>
      </trkpt>
      <trkpt lat="52.17495" lon="1.29883">
        <ele>0</ele>
        <time>2026-06-26T08:21:53.433Z</time>
        <name>585</name>
        <extensions>
          <speed_mps>17.882</speed_mps>
          <speed_mph>40.0</speed_mph>
        </extensions>
      </trkpt>
      <trkpt lat="52.17530" lon="1.29872">
        <ele>0</ele>
        <time>2026-06-26T08:21:55.667Z</time>
        <name>586</name>
        <extensions>
          <speed_mps>17.882</speed_mps>
          <speed_mph>40.0</speed_mph>
        </extensions>
      </trkpt>
      <trkpt lat="52.17565" lon="1.29887">
        <ele>0</ele>
        <time>2026-06-26T08:21:57.914Z</time>
        <name>587</name>
        <extensions>
          <speed_mps>17.882</speed_mps>
          <speed_mph>40.0</speed_mph>
        </extensions>
      </trkpt>
      <trkpt lat="52.17598" lon="1.29911">
        <ele>0</ele>
        <time>2026-06-26T08:22:00.171Z</time>
        <name>588</name>
        <extensions>
          <speed_mps>17.882</speed_mps>
          <speed_mph>40.0</speed_mph>
        </extensions>
      </trkpt>
      <trkpt lat="52.17632" lon="1.29935">
        <ele>0</ele>
        <time>2026-06-26T08:22:02.430Z</time>
        <name>589</name>
        <extensions>
          <speed_mps>17.882</speed_mps>
          <speed_mph>40.0</speed_mph>
        </extensions>
      </trkpt>
      <trkpt lat="52.17666" lon="1.29956">
        <ele>0</ele>
        <time>2026-06-26T08:22:04.688Z</time>
        <name>590</name>
        <extensions>
          <speed_mps>17.882</speed_mps>
          <speed_mph>40.0</speed_mph>
        </extensions>
      </trkpt>
      <trkpt lat="52.17699" lon="1.29978">
        <ele>0</ele>
        <time>2026-06-26T08:22:06.946Z</time>
        <name>591</name>
        <extensions>
          <speed_mps>17.882</speed_mps>
          <speed_mph>40.0</speed_mph>
        </extensions>
      </trkpt>
      <trkpt lat="52.17733" lon="1.29999">
        <ele>0</ele>
        <time>2026-06-26T08:22:09.202Z</time>
        <name>592</name>
        <extensions>
          <speed_mps>17.882</speed_mps>
          <speed_mph>40.0</speed_mph>
        </extensions>
      </trkpt>
      <trkpt lat="52.17769" lon="1.30004">
        <ele>0</ele>
        <time>2026-06-26T08:22:11.440Z</time>
        <name>593</name>
        <extensions>
          <speed_mps>17.882</speed_mps>
          <speed_mph>40.0</speed_mph>
        </extensions>
      </trkpt>
      <trkpt lat="52.17805" lon="1.29996">
        <ele>0</ele>
        <time>2026-06-26T08:22:13.693Z</time>
        <name>594</name>
        <extensions>
          <speed_mps>17.882</speed_mps>
          <speed_mph>40.0</speed_mph>
        </extensions>
      </trkpt>
      <trkpt lat="52.17841" lon="1.29999">
        <ele>0</ele>
        <time>2026-06-26T08:22:15.942Z</time>
        <name>595</name>
        <extensions>
          <speed_mps>17.882</speed_mps>
          <speed_mph>40.0</speed_mph>
        </extensions>
      </trkpt>
      <trkpt lat="52.17877" lon="1.30005">
        <ele>0</ele>
        <time>2026-06-26T08:22:18.199Z</time>
        <name>596</name>
        <extensions>
          <speed_mps>17.882</speed_mps>
          <speed_mph>40.0</speed_mph>
        </extensions>
      </trkpt>
      <trkpt lat="52.17913" lon="1.30005">
        <ele>0</ele>
        <time>2026-06-26T08:22:20.455Z</time>
        <name>597</name>
        <extensions>
          <speed_mps>17.882</speed_mps>
          <speed_mph>40.0</speed_mph>
        </extensions>
      </trkpt>
      <trkpt lat="52.17950" lon="1.30008">
        <ele>0</ele>
        <time>2026-06-26T08:22:22.712Z</time>
        <name>598</name>
        <extensions>
          <speed_mps>17.882</speed_mps>
          <speed_mph>40.0</speed_mph>
        </extensions>
      </trkpt>
      <trkpt lat="52.17986" lon="1.30009">
        <ele>0</ele>
        <time>2026-06-26T08:22:24.970Z</time>
        <name>599</name>
        <extensions>
          <speed_mps>17.882</speed_mps>
          <speed_mph>40.0</speed_mph>
        </extensions>
      </trkpt>
      <trkpt lat="52.18022" lon="1.30011">
        <ele>0</ele>
        <time>2026-06-26T08:22:27.228Z</time>
        <name>600</name>
        <extensions>
          <speed_mps>17.882</speed_mps>
          <speed_mph>40.0</speed_mph>
        </extensions>
      </trkpt>
      <trkpt lat="52.18059" lon="1.30012">
        <ele>0</ele>
        <time>2026-06-26T08:22:29.486Z</time>
        <name>601</name>
        <extensions>
          <speed_mps>17.882</speed_mps>
          <speed_mph>40.0</speed_mph>
        </extensions>
      </trkpt>
      <trkpt lat="52.18095" lon="1.30013">
        <ele>0</ele>
        <time>2026-06-26T08:22:31.745Z</time>
        <name>602</name>
        <extensions>
          <speed_mps>17.882</speed_mps>
          <speed_mph>40.0</speed_mph>
        </extensions>
      </trkpt>
      <trkpt lat="52.18131" lon="1.30014">
        <ele>0</ele>
        <time>2026-06-26T08:22:34.003Z</time>
        <name>603</name>
        <extensions>
          <speed_mps>17.882</speed_mps>
          <speed_mph>40.0</speed_mph>
        </extensions>
      </trkpt>
      <trkpt lat="52.18166" lon="1.30021">
        <ele>0</ele>
        <time>2026-06-26T08:22:36.212Z</time>
        <name>604</name>
        <extensions>
          <speed_mps>17.882</speed_mps>
          <speed_mph>40.0</speed_mph>
        </extensions>
      </trkpt>
      <trkpt lat="52.18176" lon="1.30074">
        <ele>0</ele>
        <time>2026-06-26T08:22:38.293Z</time>
        <name>605</name>
        <extensions>
          <speed_mps>17.882</speed_mps>
          <speed_mph>40.0</speed_mph>
        </extensions>
      </trkpt>
      <trkpt lat="52.18168" lon="1.30132">
        <ele>0</ele>
        <time>2026-06-26T08:22:40.551Z</time>
        <name>606</name>
        <extensions>
          <speed_mps>17.882</speed_mps>
          <speed_mph>40.0</speed_mph>
        </extensions>
      </trkpt>
      <trkpt lat="52.18160" lon="1.30189">
        <ele>0</ele>
        <time>2026-06-26T08:22:42.809Z</time>
        <name>607</name>
        <extensions>
          <speed_mps>17.882</speed_mps>
          <speed_mph>40.0</speed_mph>
        </extensions>
      </trkpt>
      <trkpt lat="52.18152" lon="1.30247">
        <ele>0</ele>
        <time>2026-06-26T08:22:45.067Z</time>
        <name>608</name>
        <extensions>
          <speed_mps>17.882</speed_mps>
          <speed_mph>40.0</speed_mph>
        </extensions>
      </trkpt>
      <trkpt lat="52.18146" lon="1.30306">
        <ele>0</ele>
        <time>2026-06-26T08:22:47.323Z</time>
        <name>609</name>
        <extensions>
          <speed_mps>17.882</speed_mps>
          <speed_mph>40.0</speed_mph>
        </extensions>
      </trkpt>
      <trkpt lat="52.18152" lon="1.30364">
        <ele>0</ele>
        <time>2026-06-26T08:22:49.569Z</time>
        <name>610</name>
        <extensions>
          <speed_mps>17.882</speed_mps>
          <speed_mph>40.0</speed_mph>
        </extensions>
      </trkpt>
      <trkpt lat="52.18168" lon="1.30416">
        <ele>0</ele>
        <time>2026-06-26T08:22:51.817Z</time>
        <name>611</name>
        <extensions>
          <speed_mps>17.882</speed_mps>
          <speed_mph>40.0</speed_mph>
        </extensions>
      </trkpt>
      <trkpt lat="52.18198" lon="1.30449">
        <ele>0</ele>
        <time>2026-06-26T08:22:54.054Z</time>
        <name>612</name>
        <extensions>
          <speed_mps>17.882</speed_mps>
          <speed_mph>40.0</speed_mph>
        </extensions>
      </trkpt>
      <trkpt lat="52.18229" lon="1.30479">
        <ele>0</ele>
        <time>2026-06-26T08:22:56.312Z</time>
        <name>613</name>
        <extensions>
          <speed_mps>17.882</speed_mps>
          <speed_mph>40.0</speed_mph>
        </extensions>
      </trkpt>
      <trkpt lat="52.18259" lon="1.30514">
        <ele>0</ele>
        <time>2026-06-26T08:22:58.565Z</time>
        <name>614</name>
        <extensions>
          <speed_mps>17.882</speed_mps>
          <speed_mph>40.0</speed_mph>
        </extensions>
      </trkpt>
      <trkpt lat="52.18288" lon="1.30548">
        <ele>0</ele>
        <time>2026-06-26T08:23:00.812Z</time>
        <name>615</name>
        <extensions>
          <speed_mps>17.882</speed_mps>
          <speed_mph>40.0</speed_mph>
        </extensions>
      </trkpt>
      <trkpt lat="52.18322" lon="1.30570">
        <ele>0</ele>
        <time>2026-06-26T08:23:03.065Z</time>
        <name>616</name>
        <extensions>
          <speed_mps>17.882</speed_mps>
          <speed_mph>40.0</speed_mph>
        </extensions>
      </trkpt>
      <trkpt lat="52.18356" lon="1.30591">
        <ele>0</ele>
        <time>2026-06-26T08:23:05.314Z</time>
        <name>617</name>
        <extensions>
          <speed_mps>17.882</speed_mps>
          <speed_mph>40.0</speed_mph>
        </extensions>
      </trkpt>
      <trkpt lat="52.18384" lon="1.30626">
        <ele>0</ele>
        <time>2026-06-26T08:23:07.553Z</time>
        <name>618</name>
        <extensions>
          <speed_mps>17.882</speed_mps>
          <speed_mph>40.0</speed_mph>
        </extensions>
      </trkpt>
      <trkpt lat="52.18403" lon="1.30676">
        <ele>0</ele>
        <time>2026-06-26T08:23:09.786Z</time>
        <name>619</name>
        <extensions>
          <speed_mps>17.882</speed_mps>
          <speed_mph>40.0</speed_mph>
        </extensions>
      </trkpt>
      <trkpt lat="52.18419" lon="1.30730">
        <ele>0</ele>
        <time>2026-06-26T08:23:12.044Z</time>
        <name>620</name>
        <extensions>
          <speed_mps>17.882</speed_mps>
          <speed_mph>40.0</speed_mph>
        </extensions>
      </trkpt>
      <trkpt lat="52.18439" lon="1.30779">
        <ele>0</ele>
        <time>2026-06-26T08:23:14.301Z</time>
        <name>621</name>
        <extensions>
          <speed_mps>17.882</speed_mps>
          <speed_mph>40.0</speed_mph>
        </extensions>
      </trkpt>
      <trkpt lat="52.18462" lon="1.30825">
        <ele>0</ele>
        <time>2026-06-26T08:23:16.558Z</time>
        <name>622</name>
        <extensions>
          <speed_mps>17.882</speed_mps>
          <speed_mph>40.0</speed_mph>
        </extensions>
      </trkpt>
      <trkpt lat="52.18485" lon="1.30871">
        <ele>0</ele>
        <time>2026-06-26T08:23:18.816Z</time>
        <name>623</name>
        <extensions>
          <speed_mps>17.882</speed_mps>
          <speed_mph>40.0</speed_mph>
        </extensions>
      </trkpt>
      <trkpt lat="52.18507" lon="1.30918">
        <ele>0</ele>
        <time>2026-06-26T08:23:21.074Z</time>
        <name>624</name>
        <extensions>
          <speed_mps>17.882</speed_mps>
          <speed_mph>40.0</speed_mph>
        </extensions>
      </trkpt>
      <trkpt lat="52.18527" lon="1.30968">
        <ele>0</ele>
        <time>2026-06-26T08:23:23.332Z</time>
        <name>625</name>
        <extensions>
          <speed_mps>17.882</speed_mps>
          <speed_mph>40.0</speed_mph>
        </extensions>
      </trkpt>
      <trkpt lat="52.18549" lon="1.31013">
        <ele>0</ele>
        <time>2026-06-26T08:23:25.566Z</time>
        <name>626</name>
        <extensions>
          <speed_mps>17.882</speed_mps>
          <speed_mph>40.0</speed_mph>
        </extensions>
      </trkpt>
      <trkpt lat="52.18582" lon="1.31037">
        <ele>0</ele>
        <time>2026-06-26T08:23:27.777Z</time>
        <name>627</name>
        <extensions>
          <speed_mps>17.882</speed_mps>
          <speed_mph>40.0</speed_mph>
        </extensions>
      </trkpt>
      <trkpt lat="52.18616" lon="1.31024">
        <ele>0</ele>
        <time>2026-06-26T08:23:29.949Z</time>
        <name>628</name>
        <extensions>
          <speed_mps>17.882</speed_mps>
          <speed_mph>40.0</speed_mph>
        </extensions>
      </trkpt>
      <trkpt lat="52.18645" lon="1.30989">
        <ele>0</ele>
        <time>2026-06-26T08:23:32.207Z</time>
        <name>629</name>
        <extensions>
          <speed_mps>17.882</speed_mps>
          <speed_mph>40.0</speed_mph>
        </extensions>
      </trkpt>
      <trkpt lat="52.18675" lon="1.30954">
        <ele>0</ele>
        <time>2026-06-26T08:23:34.465Z</time>
        <name>630</name>
        <extensions>
          <speed_mps>17.882</speed_mps>
          <speed_mph>40.0</speed_mph>
        </extensions>
      </trkpt>
      <trkpt lat="52.18708" lon="1.30930">
        <ele>0</ele>
        <time>2026-06-26T08:23:36.719Z</time>
        <name>631</name>
        <extensions>
          <speed_mps>17.882</speed_mps>
          <speed_mph>40.0</speed_mph>
        </extensions>
      </trkpt>
      <trkpt lat="52.18742" lon="1.30911">
        <ele>0</ele>
        <time>2026-06-26T08:23:38.977Z</time>
        <name>632</name>
        <extensions>
          <speed_mps>17.882</speed_mps>
          <speed_mph>40.0</speed_mph>
        </extensions>
      </trkpt>
      <trkpt lat="52.18776" lon="1.30892">
        <ele>0</ele>
        <time>2026-06-26T08:23:41.235Z</time>
        <name>633</name>
        <extensions>
          <speed_mps>17.882</speed_mps>
          <speed_mph>40.0</speed_mph>
        </extensions>
      </trkpt>
      <trkpt lat="52.18811" lon="1.30891">
        <ele>0</ele>
        <time>2026-06-26T08:23:43.360Z</time>
        <name>634</name>
        <extensions>
          <speed_mps>17.882</speed_mps>
          <speed_mph>40.0</speed_mph>
        </extensions>
      </trkpt>
      <trkpt lat="52.18835" lon="1.30934">
        <ele>0</ele>
        <time>2026-06-26T08:23:45.611Z</time>
        <name>635</name>
        <extensions>
          <speed_mps>17.882</speed_mps>
          <speed_mph>40.0</speed_mph>
        </extensions>
      </trkpt>
      <trkpt lat="52.18860" lon="1.30978">
        <ele>0</ele>
        <time>2026-06-26T08:23:47.869Z</time>
        <name>636</name>
        <extensions>
          <speed_mps>17.882</speed_mps>
          <speed_mph>40.0</speed_mph>
        </extensions>
      </trkpt>
      <trkpt lat="52.18884" lon="1.31022">
        <ele>0</ele>
        <time>2026-06-26T08:23:50.127Z</time>
        <name>637</name>
        <extensions>
          <speed_mps>17.882</speed_mps>
          <speed_mph>40.0</speed_mph>
        </extensions>
      </trkpt>
      <trkpt lat="52.18909" lon="1.31065">
        <ele>0</ele>
        <time>2026-06-26T08:23:52.385Z</time>
        <name>638</name>
        <extensions>
          <speed_mps>17.882</speed_mps>
          <speed_mph>40.0</speed_mph>
        </extensions>
      </trkpt>
      <trkpt lat="52.18934" lon="1.31108">
        <ele>0</ele>
        <time>2026-06-26T08:23:54.640Z</time>
        <name>639</name>
        <extensions>
          <speed_mps>17.882</speed_mps>
          <speed_mph>40.0</speed_mph>
        </extensions>
      </trkpt>
      <trkpt lat="52.18955" lon="1.31156">
        <ele>0</ele>
        <time>2026-06-26T08:23:56.898Z</time>
        <name>640</name>
        <extensions>
          <speed_mps>17.882</speed_mps>
          <speed_mph>40.0</speed_mph>
        </extensions>
      </trkpt>
      <trkpt lat="52.18977" lon="1.31204">
        <ele>0</ele>
        <time>2026-06-26T08:23:59.156Z</time>
        <name>641</name>
        <extensions>
          <speed_mps>17.882</speed_mps>
          <speed_mph>40.0</speed_mph>
        </extensions>
      </trkpt>
      <trkpt lat="52.19002" lon="1.31230">
        <ele>0</ele>
        <time>2026-06-26T08:24:01.024Z</time>
        <name>642</name>
        <extensions>
          <speed_mps>17.882</speed_mps>
          <speed_mph>40.0</speed_mph>
        </extensions>
      </trkpt>
      <trkpt lat="52.19036" lon="1.31208">
        <ele>0</ele>
        <time>2026-06-26T08:24:03.278Z</time>
        <name>643</name>
        <extensions>
          <speed_mps>17.882</speed_mps>
          <speed_mph>40.0</speed_mph>
        </extensions>
      </trkpt>
      <trkpt lat="52.19071" lon="1.31197">
        <ele>0</ele>
        <time>2026-06-26T08:24:05.526Z</time>
        <name>644</name>
        <extensions>
          <speed_mps>17.882</speed_mps>
          <speed_mph>40.0</speed_mph>
        </extensions>
      </trkpt>
      <trkpt lat="52.19107" lon="1.31188">
        <ele>0</ele>
        <time>2026-06-26T08:24:07.784Z</time>
        <name>645</name>
        <extensions>
          <speed_mps>17.882</speed_mps>
          <speed_mph>40.0</speed_mph>
        </extensions>
      </trkpt>
      <trkpt lat="52.19142" lon="1.31171">
        <ele>0</ele>
        <time>2026-06-26T08:24:10.042Z</time>
        <name>646</name>
        <extensions>
          <speed_mps>17.882</speed_mps>
          <speed_mph>40.0</speed_mph>
        </extensions>
      </trkpt>
      <trkpt lat="52.19176" lon="1.31153">
        <ele>0</ele>
        <time>2026-06-26T08:24:12.300Z</time>
        <name>647</name>
        <extensions>
          <speed_mps>17.882</speed_mps>
          <speed_mph>40.0</speed_mph>
        </extensions>
      </trkpt>
      <trkpt lat="52.19211" lon="1.31136">
        <ele>0</ele>
        <time>2026-06-26T08:24:14.558Z</time>
        <name>648</name>
        <extensions>
          <speed_mps>17.882</speed_mps>
          <speed_mph>40.0</speed_mph>
        </extensions>
      </trkpt>
      <trkpt lat="52.19246" lon="1.31121">
        <ele>0</ele>
        <time>2026-06-26T08:24:16.814Z</time>
        <name>649</name>
        <extensions>
          <speed_mps>17.882</speed_mps>
          <speed_mph>40.0</speed_mph>
        </extensions>
      </trkpt>
      <trkpt lat="52.19282" lon="1.31112">
        <ele>0</ele>
        <time>2026-06-26T08:24:19.071Z</time>
        <name>650</name>
        <extensions>
          <speed_mps>17.882</speed_mps>
          <speed_mph>40.0</speed_mph>
        </extensions>
      </trkpt>
      <trkpt lat="52.19318" lon="1.31104">
        <ele>0</ele>
        <time>2026-06-26T08:24:21.329Z</time>
        <name>651</name>
        <extensions>
          <speed_mps>17.882</speed_mps>
          <speed_mph>40.0</speed_mph>
        </extensions>
      </trkpt>
      <trkpt lat="52.19336" lon="1.31151">
        <ele>0</ele>
        <time>2026-06-26T08:24:23.459Z</time>
        <name>652</name>
        <extensions>
          <speed_mps>17.882</speed_mps>
          <speed_mph>40.0</speed_mph>
        </extensions>
      </trkpt>
      <trkpt lat="52.19351" lon="1.31205">
        <ele>0</ele>
        <time>2026-06-26T08:24:25.713Z</time>
        <name>653</name>
        <extensions>
          <speed_mps>17.882</speed_mps>
          <speed_mph>40.0</speed_mph>
        </extensions>
      </trkpt>
      <trkpt lat="52.19363" lon="1.31261">
        <ele>0</ele>
        <time>2026-06-26T08:24:27.971Z</time>
        <name>654</name>
        <extensions>
          <speed_mps>17.882</speed_mps>
          <speed_mph>40.0</speed_mph>
        </extensions>
      </trkpt>
      <trkpt lat="52.19377" lon="1.31316">
        <ele>0</ele>
        <time>2026-06-26T08:24:30.226Z</time>
        <name>655</name>
        <extensions>
          <speed_mps>17.882</speed_mps>
          <speed_mph>40.0</speed_mph>
        </extensions>
      </trkpt>
      <trkpt lat="52.19393" lon="1.31369">
        <ele>0</ele>
        <time>2026-06-26T08:24:32.484Z</time>
        <name>656</name>
        <extensions>
          <speed_mps>17.882</speed_mps>
          <speed_mph>40.0</speed_mph>
        </extensions>
      </trkpt>
      <trkpt lat="52.19410" lon="1.31421">
        <ele>0</ele>
        <time>2026-06-26T08:24:34.742Z</time>
        <name>657</name>
        <extensions>
          <speed_mps>17.882</speed_mps>
          <speed_mph>40.0</speed_mph>
        </extensions>
      </trkpt>
      <trkpt lat="52.19432" lon="1.31467">
        <ele>0</ele>
        <time>2026-06-26T08:24:36.989Z</time>
        <name>658</name>
        <extensions>
          <speed_mps>17.882</speed_mps>
          <speed_mph>40.0</speed_mph>
        </extensions>
      </trkpt>
      <trkpt lat="52.19462" lon="1.31501">
        <ele>0</ele>
        <time>2026-06-26T08:24:39.246Z</time>
        <name>659</name>
        <extensions>
          <speed_mps>17.882</speed_mps>
          <speed_mph>40.0</speed_mph>
        </extensions>
      </trkpt>
      <trkpt lat="52.19492" lon="1.31534">
        <ele>0</ele>
        <time>2026-06-26T08:24:41.504Z</time>
        <name>660</name>
        <extensions>
          <speed_mps>17.882</speed_mps>
          <speed_mph>40.0</speed_mph>
        </extensions>
      </trkpt>
      <trkpt lat="52.19523" lon="1.31566">
        <ele>0</ele>
        <time>2026-06-26T08:24:43.762Z</time>
        <name>661</name>
        <extensions>
          <speed_mps>17.882</speed_mps>
          <speed_mph>40.0</speed_mph>
        </extensions>
      </trkpt>
      <trkpt lat="52.19554" lon="1.31597">
        <ele>0</ele>
        <time>2026-06-26T08:24:46.020Z</time>
        <name>662</name>
        <extensions>
          <speed_mps>17.882</speed_mps>
          <speed_mph>40.0</speed_mph>
        </extensions>
      </trkpt>
      <trkpt lat="52.19586" lon="1.31625">
        <ele>0</ele>
        <time>2026-06-26T08:24:48.276Z</time>
        <name>663</name>
        <extensions>
          <speed_mps>17.882</speed_mps>
          <speed_mph>40.0</speed_mph>
        </extensions>
      </trkpt>
      <trkpt lat="52.19619" lon="1.31650">
        <ele>0</ele>
        <time>2026-06-26T08:24:50.534Z</time>
        <name>664</name>
        <extensions>
          <speed_mps>17.882</speed_mps>
          <speed_mph>40.0</speed_mph>
        </extensions>
      </trkpt>
      <trkpt lat="52.19652" lon="1.31675">
        <ele>0</ele>
        <time>2026-06-26T08:24:52.792Z</time>
        <name>665</name>
        <extensions>
          <speed_mps>17.882</speed_mps>
          <speed_mph>40.0</speed_mph>
        </extensions>
      </trkpt>
      <trkpt lat="52.19679" lon="1.31711">
        <ele>0</ele>
        <time>2026-06-26T08:24:54.977Z</time>
        <name>666</name>
        <extensions>
          <speed_mps>17.882</speed_mps>
          <speed_mph>40.0</speed_mph>
        </extensions>
      </trkpt>
      <trkpt lat="52.19714" lon="1.31728">
        <ele>0</ele>
        <time>2026-06-26T08:24:57.232Z</time>
        <name>667</name>
        <extensions>
          <speed_mps>17.882</speed_mps>
          <speed_mph>40.0</speed_mph>
        </extensions>
      </trkpt>
      <trkpt lat="52.19748" lon="1.31747">
        <ele>0</ele>
        <time>2026-06-26T08:24:59.490Z</time>
        <name>668</name>
        <extensions>
          <speed_mps>17.882</speed_mps>
          <speed_mph>40.0</speed_mph>
        </extensions>
      </trkpt>
      <trkpt lat="52.19784" lon="1.31758">
        <ele>0</ele>
        <time>2026-06-26T08:25:01.742Z</time>
        <name>669</name>
        <extensions>
          <speed_mps>17.882</speed_mps>
          <speed_mph>40.0</speed_mph>
        </extensions>
      </trkpt>
      <trkpt lat="52.19820" lon="1.31758">
        <ele>0</ele>
        <time>2026-06-26T08:25:03.994Z</time>
        <name>670</name>
        <extensions>
          <speed_mps>17.882</speed_mps>
          <speed_mph>40.0</speed_mph>
        </extensions>
      </trkpt>
      <trkpt lat="52.19856" lon="1.31749">
        <ele>0</ele>
        <time>2026-06-26T08:25:06.251Z</time>
        <name>671</name>
        <extensions>
          <speed_mps>17.882</speed_mps>
          <speed_mph>40.0</speed_mph>
        </extensions>
      </trkpt>
      <trkpt lat="52.19892" lon="1.31739">
        <ele>0</ele>
        <time>2026-06-26T08:25:08.509Z</time>
        <name>672</name>
        <extensions>
          <speed_mps>17.882</speed_mps>
          <speed_mph>40.0</speed_mph>
        </extensions>
      </trkpt>
      <trkpt lat="52.19928" lon="1.31736">
        <ele>0</ele>
        <time>2026-06-26T08:25:10.750Z</time>
        <name>673</name>
        <extensions>
          <speed_mps>17.882</speed_mps>
          <speed_mph>40.0</speed_mph>
        </extensions>
      </trkpt>
      <trkpt lat="52.19963" lon="1.31750">
        <ele>0</ele>
        <time>2026-06-26T08:25:13.007Z</time>
        <name>674</name>
        <extensions>
          <speed_mps>17.882</speed_mps>
          <speed_mph>40.0</speed_mph>
        </extensions>
      </trkpt>
      <trkpt lat="52.19998" lon="1.31764">
        <ele>0</ele>
        <time>2026-06-26T08:25:15.264Z</time>
        <name>675</name>
        <extensions>
          <speed_mps>17.882</speed_mps>
          <speed_mph>40.0</speed_mph>
        </extensions>
      </trkpt>
      <trkpt lat="52.20034" lon="1.31775">
        <ele>0</ele>
        <time>2026-06-26T08:25:17.522Z</time>
        <name>676</name>
        <extensions>
          <speed_mps>17.882</speed_mps>
          <speed_mph>40.0</speed_mph>
        </extensions>
      </trkpt>
      <trkpt lat="52.20070" lon="1.31786">
        <ele>0</ele>
        <time>2026-06-26T08:25:19.780Z</time>
        <name>677</name>
        <extensions>
          <speed_mps>17.882</speed_mps>
          <speed_mph>40.0</speed_mph>
        </extensions>
      </trkpt>
      <trkpt lat="52.20106" lon="1.31790">
        <ele>0</ele>
        <time>2026-06-26T08:25:22.015Z</time>
        <name>678</name>
        <extensions>
          <speed_mps>17.882</speed_mps>
          <speed_mph>40.0</speed_mph>
        </extensions>
      </trkpt>
      <trkpt lat="52.20134" lon="1.31754">
        <ele>0</ele>
        <time>2026-06-26T08:25:24.222Z</time>
        <name>679</name>
        <extensions>
          <speed_mps>17.882</speed_mps>
          <speed_mph>40.0</speed_mph>
        </extensions>
      </trkpt>
      <trkpt lat="52.20153" lon="1.31705">
        <ele>0</ele>
        <time>2026-06-26T08:25:26.458Z</time>
        <name>680</name>
        <extensions>
          <speed_mps>17.882</speed_mps>
          <speed_mph>40.0</speed_mph>
        </extensions>
      </trkpt>
      <trkpt lat="52.20163" lon="1.31648">
        <ele>0</ele>
        <time>2026-06-26T08:25:28.713Z</time>
        <name>681</name>
        <extensions>
          <speed_mps>17.882</speed_mps>
          <speed_mph>40.0</speed_mph>
        </extensions>
      </trkpt>
      <trkpt lat="52.20181" lon="1.31599">
        <ele>0</ele>
        <time>2026-06-26T08:25:30.893Z</time>
        <name>682</name>
        <extensions>
          <speed_mps>17.882</speed_mps>
          <speed_mph>40.0</speed_mph>
        </extensions>
      </trkpt>
      <trkpt lat="52.20216" lon="1.31599">
        <ele>0</ele>
        <time>2026-06-26T08:25:33.050Z</time>
        <name>683</name>
        <extensions>
          <speed_mps>17.882</speed_mps>
          <speed_mph>40.0</speed_mph>
        </extensions>
      </trkpt>
      <trkpt lat="52.20250" lon="1.31619">
        <ele>0</ele>
        <time>2026-06-26T08:25:35.308Z</time>
        <name>684</name>
        <extensions>
          <speed_mps>17.882</speed_mps>
          <speed_mph>40.0</speed_mph>
        </extensions>
      </trkpt>
      <trkpt lat="52.20284" lon="1.31641">
        <ele>0</ele>
        <time>2026-06-26T08:25:37.565Z</time>
        <name>685</name>
        <extensions>
          <speed_mps>17.882</speed_mps>
          <speed_mph>40.0</speed_mph>
        </extensions>
      </trkpt>
      <trkpt lat="52.20316" lon="1.31667">
        <ele>0</ele>
        <time>2026-06-26T08:25:39.823Z</time>
        <name>686</name>
        <extensions>
          <speed_mps>17.882</speed_mps>
          <speed_mph>40.0</speed_mph>
        </extensions>
      </trkpt>
      <trkpt lat="52.20348" lon="1.31695">
        <ele>0</ele>
        <time>2026-06-26T08:25:42.081Z</time>
        <name>687</name>
        <extensions>
          <speed_mps>17.882</speed_mps>
          <speed_mph>40.0</speed_mph>
        </extensions>
      </trkpt>
      <trkpt lat="52.20380" lon="1.31723">
        <ele>0</ele>
        <time>2026-06-26T08:25:44.339Z</time>
        <name>688</name>
        <extensions>
          <speed_mps>17.882</speed_mps>
          <speed_mph>40.0</speed_mph>
        </extensions>
      </trkpt>
      <trkpt lat="52.20413" lon="1.31749">
        <ele>0</ele>
        <time>2026-06-26T08:25:46.597Z</time>
        <name>689</name>
        <extensions>
          <speed_mps>17.882</speed_mps>
          <speed_mph>40.0</speed_mph>
        </extensions>
      </trkpt>
      <trkpt lat="52.20446" lon="1.31772">
        <ele>0</ele>
        <time>2026-06-26T08:25:48.852Z</time>
        <name>690</name>
        <extensions>
          <speed_mps>17.882</speed_mps>
          <speed_mph>40.0</speed_mph>
        </extensions>
      </trkpt>
      <trkpt lat="52.20481" lon="1.31788">
        <ele>0</ele>
        <time>2026-06-26T08:25:51.109Z</time>
        <name>691</name>
        <extensions>
          <speed_mps>17.882</speed_mps>
          <speed_mph>40.0</speed_mph>
        </extensions>
      </trkpt>
      <trkpt lat="52.20516" lon="1.31805">
        <ele>0</ele>
        <time>2026-06-26T08:25:53.366Z</time>
        <name>692</name>
        <extensions>
          <speed_mps>17.882</speed_mps>
          <speed_mph>40.0</speed_mph>
        </extensions>
      </trkpt>
      <trkpt lat="52.20552" lon="1.31818">
        <ele>0</ele>
        <time>2026-06-26T08:25:55.621Z</time>
        <name>693</name>
        <extensions>
          <speed_mps>17.882</speed_mps>
          <speed_mph>40.0</speed_mph>
        </extensions>
      </trkpt>
      <trkpt lat="52.20588" lon="1.31825">
        <ele>0</ele>
        <time>2026-06-26T08:25:57.879Z</time>
        <name>694</name>
        <extensions>
          <speed_mps>17.882</speed_mps>
          <speed_mph>40.0</speed_mph>
        </extensions>
      </trkpt>
      <trkpt lat="52.20624" lon="1.31833">
        <ele>0</ele>
        <time>2026-06-26T08:26:00.137Z</time>
        <name>695</name>
        <extensions>
          <speed_mps>17.882</speed_mps>
          <speed_mph>40.0</speed_mph>
        </extensions>
      </trkpt>
      <trkpt lat="52.20660" lon="1.31841">
        <ele>0</ele>
        <time>2026-06-26T08:26:02.395Z</time>
        <name>696</name>
        <extensions>
          <speed_mps>17.882</speed_mps>
          <speed_mph>40.0</speed_mph>
        </extensions>
      </trkpt>
      <trkpt lat="52.20695" lon="1.31850">
        <ele>0</ele>
        <time>2026-06-26T08:26:04.652Z</time>
        <name>697</name>
        <extensions>
          <speed_mps>17.882</speed_mps>
          <speed_mph>40.0</speed_mph>
        </extensions>
      </trkpt>
      <trkpt lat="52.20732" lon="1.31856">
        <ele>0</ele>
        <time>2026-06-26T08:26:06.910Z</time>
        <name>698</name>
        <extensions>
          <speed_mps>17.882</speed_mps>
          <speed_mph>40.0</speed_mph>
        </extensions>
      </trkpt>
      <trkpt lat="52.20768" lon="1.31863">
        <ele>0</ele>
        <time>2026-06-26T08:26:09.168Z</time>
        <name>699</name>
        <extensions>
          <speed_mps>17.882</speed_mps>
          <speed_mph>40.0</speed_mph>
        </extensions>
      </trkpt>
      <trkpt lat="52.20804" lon="1.31866">
        <ele>0</ele>
        <time>2026-06-26T08:26:11.424Z</time>
        <name>700</name>
        <extensions>
          <speed_mps>17.882</speed_mps>
          <speed_mph>40.0</speed_mph>
        </extensions>
      </trkpt>
      <trkpt lat="52.20840" lon="1.31862">
        <ele>0</ele>
        <time>2026-06-26T08:26:13.681Z</time>
        <name>701</name>
        <extensions>
          <speed_mps>17.882</speed_mps>
          <speed_mph>40.0</speed_mph>
        </extensions>
      </trkpt>
      <trkpt lat="52.20876" lon="1.31863">
        <ele>0</ele>
        <time>2026-06-26T08:26:15.937Z</time>
        <name>702</name>
        <extensions>
          <speed_mps>17.882</speed_mps>
          <speed_mph>40.0</speed_mph>
        </extensions>
      </trkpt>
      <trkpt lat="52.20912" lon="1.31858">
        <ele>0</ele>
        <time>2026-06-26T08:26:18.174Z</time>
        <name>703</name>
        <extensions>
          <speed_mps>17.882</speed_mps>
          <speed_mph>40.0</speed_mph>
        </extensions>
      </trkpt>
      <trkpt lat="52.20937" lon="1.31820">
        <ele>0</ele>
        <time>2026-06-26T08:26:20.295Z</time>
        <name>704</name>
        <extensions>
          <speed_mps>17.882</speed_mps>
          <speed_mph>40.0</speed_mph>
        </extensions>
      </trkpt>
      <trkpt lat="52.20940" lon="1.31761">
        <ele>0</ele>
        <time>2026-06-26T08:26:22.544Z</time>
        <name>705</name>
        <extensions>
          <speed_mps>17.882</speed_mps>
          <speed_mph>40.0</speed_mph>
        </extensions>
      </trkpt>
      <trkpt lat="52.20941" lon="1.31702">
        <ele>0</ele>
        <time>2026-06-26T08:26:24.802Z</time>
        <name>706</name>
        <extensions>
          <speed_mps>17.882</speed_mps>
          <speed_mph>40.0</speed_mph>
        </extensions>
      </trkpt>
      <trkpt lat="52.20946" lon="1.31644">
        <ele>0</ele>
        <time>2026-06-26T08:26:27.018Z</time>
        <name>707</name>
        <extensions>
          <speed_mps>17.882</speed_mps>
          <speed_mph>40.0</speed_mph>
        </extensions>
      </trkpt>
      <trkpt lat="52.20975" lon="1.31611">
        <ele>0</ele>
        <time>2026-06-26T08:26:29.226Z</time>
        <name>708</name>
        <extensions>
          <speed_mps>17.882</speed_mps>
          <speed_mph>40.0</speed_mph>
        </extensions>
      </trkpt>
      <trkpt lat="52.21009" lon="1.31589">
        <ele>0</ele>
        <time>2026-06-26T08:26:31.483Z</time>
        <name>709</name>
        <extensions>
          <speed_mps>17.882</speed_mps>
          <speed_mph>40.0</speed_mph>
        </extensions>
      </trkpt>
      <trkpt lat="52.21031" lon="1.31545">
        <ele>0</ele>
        <time>2026-06-26T08:26:33.667Z</time>
        <name>710</name>
        <extensions>
          <speed_mps>17.882</speed_mps>
          <speed_mph>40.0</speed_mph>
        </extensions>
      </trkpt>
      <trkpt lat="52.21039" lon="1.31487">
        <ele>0</ele>
        <time>2026-06-26T08:26:35.921Z</time>
        <name>711</name>
        <extensions>
          <speed_mps>17.882</speed_mps>
          <speed_mph>40.0</speed_mph>
        </extensions>
      </trkpt>
      <trkpt lat="52.21043" lon="1.31428">
        <ele>0</ele>
        <time>2026-06-26T08:26:38.179Z</time>
        <name>712</name>
        <extensions>
          <speed_mps>17.882</speed_mps>
          <speed_mph>40.0</speed_mph>
        </extensions>
      </trkpt>
      <trkpt lat="52.21060" lon="1.31380">
        <ele>0</ele>
        <time>2026-06-26T08:26:40.300Z</time>
        <name>713</name>
        <extensions>
          <speed_mps>17.882</speed_mps>
          <speed_mph>40.0</speed_mph>
        </extensions>
      </trkpt>
      <trkpt lat="52.21095" lon="1.31368">
        <ele>0</ele>
        <time>2026-06-26T08:26:42.543Z</time>
        <name>714</name>
        <extensions>
          <speed_mps>17.882</speed_mps>
          <speed_mph>40.0</speed_mph>
        </extensions>
      </trkpt>
      <trkpt lat="52.21131" lon="1.31360">
        <ele>0</ele>
        <time>2026-06-26T08:26:44.801Z</time>
        <name>715</name>
        <extensions>
          <speed_mps>17.882</speed_mps>
          <speed_mph>40.0</speed_mph>
        </extensions>
      </trkpt>
      <trkpt lat="52.21167" lon="1.31350">
        <ele>0</ele>
        <time>2026-06-26T08:26:47.059Z</time>
        <name>716</name>
        <extensions>
          <speed_mps>17.882</speed_mps>
          <speed_mph>40.0</speed_mph>
        </extensions>
      </trkpt>
      <trkpt lat="52.21203" lon="1.31338">
        <ele>0</ele>
        <time>2026-06-26T08:26:49.315Z</time>
        <name>717</name>
        <extensions>
          <speed_mps>17.882</speed_mps>
          <speed_mph>40.0</speed_mph>
        </extensions>
      </trkpt>
      <trkpt lat="52.21236" lon="1.31315">
        <ele>0</ele>
        <time>2026-06-26T08:26:51.573Z</time>
        <name>718</name>
        <extensions>
          <speed_mps>17.882</speed_mps>
          <speed_mph>40.0</speed_mph>
        </extensions>
      </trkpt>
      <trkpt lat="52.21269" lon="1.31289">
        <ele>0</ele>
        <time>2026-06-26T08:26:53.828Z</time>
        <name>719</name>
        <extensions>
          <speed_mps>17.882</speed_mps>
          <speed_mph>40.0</speed_mph>
        </extensions>
      </trkpt>
      <trkpt lat="52.21302" lon="1.31265">
        <ele>0</ele>
        <time>2026-06-26T08:26:56.084Z</time>
        <name>720</name>
        <extensions>
          <speed_mps>17.882</speed_mps>
          <speed_mph>40.0</speed_mph>
        </extensions>
      </trkpt>
      <trkpt lat="52.21337" lon="1.31251">
        <ele>0</ele>
        <time>2026-06-26T08:26:58.336Z</time>
        <name>721</name>
        <extensions>
          <speed_mps>17.882</speed_mps>
          <speed_mph>40.0</speed_mph>
        </extensions>
      </trkpt>
      <trkpt lat="52.21373" lon="1.31257">
        <ele>0</ele>
        <time>2026-06-26T08:27:00.562Z</time>
        <name>722</name>
        <extensions>
          <speed_mps>17.882</speed_mps>
          <speed_mph>40.0</speed_mph>
        </extensions>
      </trkpt>
      <trkpt lat="52.21408" lon="1.31270">
        <ele>0</ele>
        <time>2026-06-26T08:27:02.798Z</time>
        <name>723</name>
        <extensions>
          <speed_mps>17.882</speed_mps>
          <speed_mph>40.0</speed_mph>
        </extensions>
      </trkpt>
      <trkpt lat="52.21444" lon="1.31263">
        <ele>0</ele>
        <time>2026-06-26T08:27:05.056Z</time>
        <name>724</name>
        <extensions>
          <speed_mps>17.882</speed_mps>
          <speed_mph>40.0</speed_mph>
        </extensions>
      </trkpt>
      <trkpt lat="52.21480" lon="1.31260">
        <ele>0</ele>
        <time>2026-06-26T08:27:07.312Z</time>
        <name>725</name>
        <extensions>
          <speed_mps>17.882</speed_mps>
          <speed_mph>40.0</speed_mph>
        </extensions>
      </trkpt>
      <trkpt lat="52.21516" lon="1.31263">
        <ele>0</ele>
        <time>2026-06-26T08:27:09.566Z</time>
        <name>726</name>
        <extensions>
          <speed_mps>17.882</speed_mps>
          <speed_mph>40.0</speed_mph>
        </extensions>
      </trkpt>
      <trkpt lat="52.21551" lon="1.31280">
        <ele>0</ele>
        <time>2026-06-26T08:27:11.816Z</time>
        <name>727</name>
        <extensions>
          <speed_mps>17.882</speed_mps>
          <speed_mph>40.0</speed_mph>
        </extensions>
      </trkpt>
      <trkpt lat="52.21584" lon="1.31304">
        <ele>0</ele>
        <time>2026-06-26T08:27:14.074Z</time>
        <name>728</name>
        <extensions>
          <speed_mps>17.882</speed_mps>
          <speed_mph>40.0</speed_mph>
        </extensions>
      </trkpt>
      <trkpt lat="52.21620" lon="1.31307">
        <ele>0</ele>
        <time>2026-06-26T08:27:16.293Z</time>
        <name>729</name>
        <extensions>
          <speed_mps>17.882</speed_mps>
          <speed_mph>40.0</speed_mph>
        </extensions>
      </trkpt>
      <trkpt lat="52.21656" lon="1.31302">
        <ele>0</ele>
        <time>2026-06-26T08:27:18.550Z</time>
        <name>730</name>
        <extensions>
          <speed_mps>17.882</speed_mps>
          <speed_mph>40.0</speed_mph>
        </extensions>
      </trkpt>
      <trkpt lat="52.21692" lon="1.31306">
        <ele>0</ele>
        <time>2026-06-26T08:27:20.801Z</time>
        <name>731</name>
        <extensions>
          <speed_mps>17.882</speed_mps>
          <speed_mph>40.0</speed_mph>
        </extensions>
      </trkpt>
      <trkpt lat="52.21728" lon="1.31311">
        <ele>0</ele>
        <time>2026-06-26T08:27:23.052Z</time>
        <name>732</name>
        <extensions>
          <speed_mps>17.882</speed_mps>
          <speed_mph>40.0</speed_mph>
        </extensions>
      </trkpt>
      <trkpt lat="52.21762" lon="1.31294">
        <ele>0</ele>
        <time>2026-06-26T08:27:25.274Z</time>
        <name>733</name>
        <extensions>
          <speed_mps>17.882</speed_mps>
          <speed_mph>40.0</speed_mph>
        </extensions>
      </trkpt>
      <trkpt lat="52.21795" lon="1.31268">
        <ele>0</ele>
        <time>2026-06-26T08:27:27.531Z</time>
        <name>734</name>
        <extensions>
          <speed_mps>17.882</speed_mps>
          <speed_mph>40.0</speed_mph>
        </extensions>
      </trkpt>
      <trkpt lat="52.21827" lon="1.31274">
        <ele>0</ele>
        <time>2026-06-26T08:27:29.543Z</time>
        <name>735</name>
        <extensions>
          <speed_mps>17.882</speed_mps>
          <speed_mph>40.0</speed_mph>
        </extensions>
      </trkpt>
      <trkpt lat="52.21860" lon="1.31297">
        <ele>0</ele>
        <time>2026-06-26T08:27:31.787Z</time>
        <name>736</name>
        <extensions>
          <speed_mps>17.882</speed_mps>
          <speed_mph>40.0</speed_mph>
        </extensions>
      </trkpt>
      <trkpt lat="52.21896" lon="1.31309">
        <ele>0</ele>
        <time>2026-06-26T08:27:34.034Z</time>
        <name>737</name>
        <extensions>
          <speed_mps>17.882</speed_mps>
          <speed_mph>40.0</speed_mph>
        </extensions>
      </trkpt>
      <trkpt lat="52.21926" lon="1.31328">
        <ele>0</ele>
        <time>2026-06-26T08:27:36.076Z</time>
        <name>738</name>
        <extensions>
          <speed_mps>17.882</speed_mps>
          <speed_mph>40.0</speed_mph>
        </extensions>
      </trkpt>
      <trkpt lat="52.21929" lon="1.31387">
        <ele>0</ele>
        <time>2026-06-26T08:27:38.334Z</time>
        <name>739</name>
        <extensions>
          <speed_mps>17.882</speed_mps>
          <speed_mph>40.0</speed_mph>
        </extensions>
      </trkpt>
      <trkpt lat="52.21933" lon="1.31446">
        <ele>0</ele>
        <time>2026-06-26T08:27:40.592Z</time>
        <name>740</name>
        <extensions>
          <speed_mps>17.882</speed_mps>
          <speed_mph>40.0</speed_mph>
        </extensions>
      </trkpt>
      <trkpt lat="52.21936" lon="1.31505">
        <ele>0</ele>
        <time>2026-06-26T08:27:42.850Z</time>
        <name>741</name>
        <extensions>
          <speed_mps>17.882</speed_mps>
          <speed_mph>40.0</speed_mph>
        </extensions>
      </trkpt>
      <trkpt lat="52.21940" lon="1.31564">
        <ele>0</ele>
        <time>2026-06-26T08:27:45.108Z</time>
        <name>742</name>
        <extensions>
          <speed_mps>17.882</speed_mps>
          <speed_mph>40.0</speed_mph>
        </extensions>
      </trkpt>
      <trkpt lat="52.21944" lon="1.31623">
        <ele>0</ele>
        <time>2026-06-26T08:27:47.365Z</time>
        <name>743</name>
        <extensions>
          <speed_mps>17.882</speed_mps>
          <speed_mph>40.0</speed_mph>
        </extensions>
      </trkpt>
      <trkpt lat="52.21950" lon="1.31682">
        <ele>0</ele>
        <time>2026-06-26T08:27:49.623Z</time>
        <name>744</name>
        <extensions>
          <speed_mps>17.882</speed_mps>
          <speed_mph>40.0</speed_mph>
        </extensions>
      </trkpt>
      <trkpt lat="52.21956" lon="1.31740">
        <ele>0</ele>
        <time>2026-06-26T08:27:51.881Z</time>
        <name>745</name>
        <extensions>
          <speed_mps>17.882</speed_mps>
          <speed_mph>40.0</speed_mph>
        </extensions>
      </trkpt>
      <trkpt lat="52.21962" lon="1.31799">
        <ele>0</ele>
        <time>2026-06-26T08:27:54.139Z</time>
        <name>746</name>
        <extensions>
          <speed_mps>17.882</speed_mps>
          <speed_mph>40.0</speed_mph>
        </extensions>
      </trkpt>
      <trkpt lat="52.21969" lon="1.31857">
        <ele>0</ele>
        <time>2026-06-26T08:27:56.397Z</time>
        <name>747</name>
        <extensions>
          <speed_mps>17.882</speed_mps>
          <speed_mph>40.0</speed_mph>
        </extensions>
      </trkpt>
      <trkpt lat="52.21974" lon="1.31915">
        <ele>0</ele>
        <time>2026-06-26T08:27:58.654Z</time>
        <name>748</name>
        <extensions>
          <speed_mps>17.882</speed_mps>
          <speed_mph>40.0</speed_mph>
        </extensions>
      </trkpt>
      <trkpt lat="52.21979" lon="1.31974">
        <ele>0</ele>
        <time>2026-06-26T08:28:00.912Z</time>
        <name>749</name>
        <extensions>
          <speed_mps>17.882</speed_mps>
          <speed_mph>40.0</speed_mph>
        </extensions>
      </trkpt>
      <trkpt lat="52.21982" lon="1.32033">
        <ele>0</ele>
        <time>2026-06-26T08:28:03.169Z</time>
        <name>750</name>
        <extensions>
          <speed_mps>17.882</speed_mps>
          <speed_mph>40.0</speed_mph>
        </extensions>
      </trkpt>
      <trkpt lat="52.21984" lon="1.32092">
        <ele>0</ele>
        <time>2026-06-26T08:28:05.427Z</time>
        <name>751</name>
        <extensions>
          <speed_mps>17.882</speed_mps>
          <speed_mph>40.0</speed_mph>
        </extensions>
      </trkpt>
      <trkpt lat="52.21986" lon="1.32152">
        <ele>0</ele>
        <time>2026-06-26T08:28:07.686Z</time>
        <name>752</name>
        <extensions>
          <speed_mps>17.882</speed_mps>
          <speed_mph>40.0</speed_mph>
        </extensions>
      </trkpt>
      <trkpt lat="52.21989" lon="1.32211">
        <ele>0</ele>
        <time>2026-06-26T08:28:09.944Z</time>
        <name>753</name>
        <extensions>
          <speed_mps>17.882</speed_mps>
          <speed_mph>40.0</speed_mph>
        </extensions>
      </trkpt>
      <trkpt lat="52.21991" lon="1.32270">
        <ele>0</ele>
        <time>2026-06-26T08:28:12.202Z</time>
        <name>754</name>
        <extensions>
          <speed_mps>17.882</speed_mps>
          <speed_mph>40.0</speed_mph>
        </extensions>
      </trkpt>
      <trkpt lat="52.21993" lon="1.32329">
        <ele>0</ele>
        <time>2026-06-26T08:28:14.460Z</time>
        <name>755</name>
        <extensions>
          <speed_mps>17.882</speed_mps>
          <speed_mph>40.0</speed_mph>
        </extensions>
      </trkpt>
      <trkpt lat="52.22004" lon="1.32384">
        <ele>0</ele>
        <time>2026-06-26T08:28:16.666Z</time>
        <name>756</name>
        <extensions>
          <speed_mps>17.882</speed_mps>
          <speed_mph>40.0</speed_mph>
        </extensions>
      </trkpt>
      <trkpt lat="52.22027" lon="1.32431">
        <ele>0</ele>
        <time>2026-06-26T08:28:18.925Z</time>
        <name>757</name>
        <extensions>
          <speed_mps>17.882</speed_mps>
          <speed_mph>40.0</speed_mph>
        </extensions>
      </trkpt>
      <trkpt lat="52.22046" lon="1.32481">
        <ele>0</ele>
        <time>2026-06-26T08:28:21.179Z</time>
        <name>758</name>
        <extensions>
          <speed_mps>17.882</speed_mps>
          <speed_mph>40.0</speed_mph>
        </extensions>
      </trkpt>
      <trkpt lat="52.22064" lon="1.32532">
        <ele>0</ele>
        <time>2026-06-26T08:28:23.437Z</time>
        <name>759</name>
        <extensions>
          <speed_mps>17.882</speed_mps>
          <speed_mph>40.0</speed_mph>
        </extensions>
      </trkpt>
      <trkpt lat="52.22082" lon="1.32584">
        <ele>0</ele>
        <time>2026-06-26T08:28:25.695Z</time>
        <name>760</name>
        <extensions>
          <speed_mps>17.882</speed_mps>
          <speed_mph>40.0</speed_mph>
        </extensions>
      </trkpt>
      <trkpt lat="52.22108" lon="1.32623">
        <ele>0</ele>
        <time>2026-06-26T08:28:27.866Z</time>
        <name>761</name>
        <extensions>
          <speed_mps>17.882</speed_mps>
          <speed_mph>40.0</speed_mph>
        </extensions>
      </trkpt>
      <trkpt lat="52.22144" lon="1.32628">
        <ele>0</ele>
        <time>2026-06-26T08:28:30.124Z</time>
        <name>762</name>
        <extensions>
          <speed_mps>17.882</speed_mps>
          <speed_mph>40.0</speed_mph>
        </extensions>
      </trkpt>
      <trkpt lat="52.22180" lon="1.32634">
        <ele>0</ele>
        <time>2026-06-26T08:28:32.380Z</time>
        <name>763</name>
        <extensions>
          <speed_mps>17.882</speed_mps>
          <speed_mph>40.0</speed_mph>
        </extensions>
      </trkpt>
      <trkpt lat="52.22215" lon="1.32650">
        <ele>0</ele>
        <time>2026-06-26T08:28:34.638Z</time>
        <name>764</name>
        <extensions>
          <speed_mps>17.882</speed_mps>
          <speed_mph>40.0</speed_mph>
        </extensions>
      </trkpt>
      <trkpt lat="52.22241" lon="1.32682">
        <ele>0</ele>
        <time>2026-06-26T08:28:36.694Z</time>
        <name>765</name>
        <extensions>
          <speed_mps>17.882</speed_mps>
          <speed_mph>40.0</speed_mph>
        </extensions>
      </trkpt>
      <trkpt lat="52.22238" lon="1.32741">
        <ele>0</ele>
        <time>2026-06-26T08:28:38.925Z</time>
        <name>766</name>
        <extensions>
          <speed_mps>17.882</speed_mps>
          <speed_mph>40.0</speed_mph>
        </extensions>
      </trkpt>
      <trkpt lat="52.22231" lon="1.32799">
        <ele>0</ele>
        <time>2026-06-26T08:28:41.183Z</time>
        <name>767</name>
        <extensions>
          <speed_mps>17.882</speed_mps>
          <speed_mph>40.0</speed_mph>
        </extensions>
      </trkpt>
      <trkpt lat="52.22216" lon="1.32852">
        <ele>0</ele>
        <time>2026-06-26T08:28:43.418Z</time>
        <name>768</name>
        <extensions>
          <speed_mps>17.882</speed_mps>
          <speed_mph>40.0</speed_mph>
        </extensions>
      </trkpt>
      <trkpt lat="52.22195" lon="1.32900">
        <ele>0</ele>
        <time>2026-06-26T08:28:45.676Z</time>
        <name>769</name>
        <extensions>
          <speed_mps>17.882</speed_mps>
          <speed_mph>40.0</speed_mph>
        </extensions>
      </trkpt>
      <trkpt lat="52.22175" lon="1.32950">
        <ele>0</ele>
        <time>2026-06-26T08:28:47.934Z</time>
        <name>770</name>
        <extensions>
          <speed_mps>17.882</speed_mps>
          <speed_mph>40.0</speed_mph>
        </extensions>
      </trkpt>
      <trkpt lat="52.22158" lon="1.33003">
        <ele>0</ele>
        <time>2026-06-26T08:28:50.191Z</time>
        <name>771</name>
        <extensions>
          <speed_mps>17.882</speed_mps>
          <speed_mph>40.0</speed_mph>
        </extensions>
      </trkpt>
      <trkpt lat="52.22138" lon="1.33051">
        <ele>0</ele>
        <time>2026-06-26T08:28:52.448Z</time>
        <name>772</name>
        <extensions>
          <speed_mps>17.882</speed_mps>
          <speed_mph>40.0</speed_mph>
        </extensions>
      </trkpt>
      <trkpt lat="52.22116" lon="1.33098">
        <ele>0</ele>
        <time>2026-06-26T08:28:54.704Z</time>
        <name>773</name>
        <extensions>
          <speed_mps>17.882</speed_mps>
          <speed_mph>40.0</speed_mph>
        </extensions>
      </trkpt>
      <trkpt lat="52.22088" lon="1.33136">
        <ele>0</ele>
        <time>2026-06-26T08:28:56.949Z</time>
        <name>774</name>
        <extensions>
          <speed_mps>17.882</speed_mps>
          <speed_mph>40.0</speed_mph>
        </extensions>
      </trkpt>
      <trkpt lat="52.22063" lon="1.33177">
        <ele>0</ele>
        <time>2026-06-26T08:28:59.176Z</time>
        <name>775</name>
        <extensions>
          <speed_mps>17.882</speed_mps>
          <speed_mph>40.0</speed_mph>
        </extensions>
      </trkpt>
      <trkpt lat="52.22048" lon="1.33231">
        <ele>0</ele>
        <time>2026-06-26T08:29:01.414Z</time>
        <name>776</name>
        <extensions>
          <speed_mps>17.882</speed_mps>
          <speed_mph>40.0</speed_mph>
        </extensions>
      </trkpt>
      <trkpt lat="52.22042" lon="1.33289">
        <ele>0</ele>
        <time>2026-06-26T08:29:03.669Z</time>
        <name>777</name>
        <extensions>
          <speed_mps>17.882</speed_mps>
          <speed_mph>40.0</speed_mph>
        </extensions>
      </trkpt>
      <trkpt lat="52.22039" lon="1.33348">
        <ele>0</ele>
        <time>2026-06-26T08:29:05.925Z</time>
        <name>778</name>
        <extensions>
          <speed_mps>17.882</speed_mps>
          <speed_mph>40.0</speed_mph>
        </extensions>
      </trkpt>
      <trkpt lat="52.22042" lon="1.33407">
        <ele>0</ele>
        <time>2026-06-26T08:29:08.175Z</time>
        <name>779</name>
        <extensions>
          <speed_mps>17.882</speed_mps>
          <speed_mph>40.0</speed_mph>
        </extensions>
      </trkpt>
      <trkpt lat="52.22048" lon="1.33465">
        <ele>0</ele>
        <time>2026-06-26T08:29:10.432Z</time>
        <name>780</name>
        <extensions>
          <speed_mps>17.882</speed_mps>
          <speed_mph>40.0</speed_mph>
        </extensions>
      </trkpt>
      <trkpt lat="52.22053" lon="1.33524">
        <ele>0</ele>
        <time>2026-06-26T08:29:12.680Z</time>
        <name>781</name>
        <extensions>
          <speed_mps>17.882</speed_mps>
          <speed_mph>40.0</speed_mph>
        </extensions>
      </trkpt>
      <trkpt lat="52.22059" lon="1.33582">
        <ele>0</ele>
        <time>2026-06-26T08:29:14.933Z</time>
        <name>782</name>
        <extensions>
          <speed_mps>17.882</speed_mps>
          <speed_mph>40.0</speed_mph>
        </extensions>
      </trkpt>
      <trkpt lat="52.22064" lon="1.33641">
        <ele>0</ele>
        <time>2026-06-26T08:29:17.191Z</time>
        <name>783</name>
        <extensions>
          <speed_mps>17.882</speed_mps>
          <speed_mph>40.0</speed_mph>
        </extensions>
      </trkpt>
      <trkpt lat="52.22068" lon="1.33700">
        <ele>0</ele>
        <time>2026-06-26T08:29:19.449Z</time>
        <name>784</name>
        <extensions>
          <speed_mps>17.882</speed_mps>
          <speed_mph>40.0</speed_mph>
        </extensions>
      </trkpt>
      <trkpt lat="52.22070" lon="1.33759">
        <ele>0</ele>
        <time>2026-06-26T08:29:21.704Z</time>
        <name>785</name>
        <extensions>
          <speed_mps>17.882</speed_mps>
          <speed_mph>40.0</speed_mph>
        </extensions>
      </trkpt>
      <trkpt lat="52.22070" lon="1.33818">
        <ele>0</ele>
        <time>2026-06-26T08:29:23.962Z</time>
        <name>786</name>
        <extensions>
          <speed_mps>17.882</speed_mps>
          <speed_mph>40.0</speed_mph>
        </extensions>
      </trkpt>
      <trkpt lat="52.22068" lon="1.33877">
        <ele>0</ele>
        <time>2026-06-26T08:29:26.219Z</time>
        <name>787</name>
        <extensions>
          <speed_mps>17.882</speed_mps>
          <speed_mph>40.0</speed_mph>
        </extensions>
      </trkpt>
      <trkpt lat="52.22061" lon="1.33935">
        <ele>0</ele>
        <time>2026-06-26T08:29:28.474Z</time>
        <name>788</name>
        <extensions>
          <speed_mps>17.882</speed_mps>
          <speed_mph>40.0</speed_mph>
        </extensions>
      </trkpt>
      <trkpt lat="52.22051" lon="1.33992">
        <ele>0</ele>
        <time>2026-06-26T08:29:30.732Z</time>
        <name>789</name>
        <extensions>
          <speed_mps>17.882</speed_mps>
          <speed_mph>40.0</speed_mph>
        </extensions>
      </trkpt>
      <trkpt lat="52.22044" lon="1.34050">
        <ele>0</ele>
        <time>2026-06-26T08:29:32.990Z</time>
        <name>790</name>
        <extensions>
          <speed_mps>17.882</speed_mps>
          <speed_mph>40.0</speed_mph>
        </extensions>
      </trkpt>
      <trkpt lat="52.22042" lon="1.34110">
        <ele>0</ele>
        <time>2026-06-26T08:29:35.242Z</time>
        <name>791</name>
        <extensions>
          <speed_mps>17.882</speed_mps>
          <speed_mph>40.0</speed_mph>
        </extensions>
      </trkpt>
      <trkpt lat="52.22042" lon="1.34169">
        <ele>0</ele>
        <time>2026-06-26T08:29:37.500Z</time>
        <name>792</name>
        <extensions>
          <speed_mps>17.882</speed_mps>
          <speed_mph>40.0</speed_mph>
        </extensions>
      </trkpt>
      <trkpt lat="52.22053" lon="1.34208">
        <ele>0</ele>
        <time>2026-06-26T08:29:39.156Z</time>
        <name>793</name>
        <extensions>
          <speed_mps>17.882</speed_mps>
          <speed_mph>40.0</speed_mph>
        </extensions>
      </trkpt>
      <trkpt lat="52.22089" lon="1.34203">
        <ele>0</ele>
        <time>2026-06-26T08:29:41.413Z</time>
        <name>794</name>
        <extensions>
          <speed_mps>17.882</speed_mps>
          <speed_mph>40.0</speed_mph>
        </extensions>
      </trkpt>
      <trkpt lat="52.22114" lon="1.34207">
        <ele>0</ele>
        <time>2026-06-26T08:29:42.961Z</time>
        <name>795</name>
        <extensions>
          <speed_mps>17.882</speed_mps>
          <speed_mph>40.0</speed_mph>
        </extensions>
      </trkpt>
      <trkpt lat="52.22111" lon="1.34266">
        <ele>0</ele>
        <time>2026-06-26T08:29:45.210Z</time>
        <name>796</name>
        <extensions>
          <speed_mps>17.882</speed_mps>
          <speed_mph>40.0</speed_mph>
        </extensions>
      </trkpt>
      <trkpt lat="52.22109" lon="1.34325">
        <ele>0</ele>
        <time>2026-06-26T08:29:47.468Z</time>
        <name>797</name>
        <extensions>
          <speed_mps>17.882</speed_mps>
          <speed_mph>40.0</speed_mph>
        </extensions>
      </trkpt>
      <trkpt lat="52.22110" lon="1.34384">
        <ele>0</ele>
        <time>2026-06-26T08:29:49.726Z</time>
        <name>798</name>
        <extensions>
          <speed_mps>17.882</speed_mps>
          <speed_mph>40.0</speed_mph>
        </extensions>
      </trkpt>
      <trkpt lat="52.22115" lon="1.34443">
        <ele>0</ele>
        <time>2026-06-26T08:29:51.973Z</time>
        <name>799</name>
        <extensions>
          <speed_mps>17.882</speed_mps>
          <speed_mph>40.0</speed_mph>
        </extensions>
      </trkpt>
      <trkpt lat="52.22117" lon="1.34501">
        <ele>0</ele>
        <time>2026-06-26T08:29:54.213Z</time>
        <name>800</name>
        <extensions>
          <speed_mps>17.882</speed_mps>
          <speed_mph>40.0</speed_mph>
        </extensions>
      </trkpt>
      <trkpt lat="52.22115" lon="1.34560">
        <ele>0</ele>
        <time>2026-06-26T08:29:56.471Z</time>
        <name>801</name>
        <extensions>
          <speed_mps>17.882</speed_mps>
          <speed_mph>40.0</speed_mph>
        </extensions>
      </trkpt>
      <trkpt lat="52.22117" lon="1.34619">
        <ele>0</ele>
        <time>2026-06-26T08:29:58.723Z</time>
        <name>802</name>
        <extensions>
          <speed_mps>17.882</speed_mps>
          <speed_mph>40.0</speed_mph>
        </extensions>
      </trkpt>
      <trkpt lat="52.22126" lon="1.34677">
        <ele>0</ele>
        <time>2026-06-26T08:30:00.978Z</time>
        <name>803</name>
        <extensions>
          <speed_mps>17.882</speed_mps>
          <speed_mph>40.0</speed_mph>
        </extensions>
      </trkpt>
      <trkpt lat="52.22136" lon="1.34734">
        <ele>0</ele>
        <time>2026-06-26T08:30:03.236Z</time>
        <name>804</name>
        <extensions>
          <speed_mps>17.882</speed_mps>
          <speed_mph>40.0</speed_mph>
        </extensions>
      </trkpt>
      <trkpt lat="52.22158" lon="1.34779">
        <ele>0</ele>
        <time>2026-06-26T08:30:05.444Z</time>
        <name>805</name>
        <extensions>
          <speed_mps>17.882</speed_mps>
          <speed_mph>40.0</speed_mph>
        </extensions>
      </trkpt>
      <trkpt lat="52.22190" lon="1.34806">
        <ele>0</ele>
        <time>2026-06-26T08:30:07.686Z</time>
        <name>806</name>
        <extensions>
          <speed_mps>17.882</speed_mps>
          <speed_mph>40.0</speed_mph>
        </extensions>
      </trkpt>
      <trkpt lat="52.22224" lon="1.34827">
        <ele>0</ele>
        <time>2026-06-26T08:30:09.943Z</time>
        <name>807</name>
        <extensions>
          <speed_mps>17.882</speed_mps>
          <speed_mph>40.0</speed_mph>
        </extensions>
      </trkpt>
      <trkpt lat="52.22238" lon="1.34868">
        <ele>0</ele>
        <time>2026-06-26T08:30:11.736Z</time>
        <name>808</name>
        <extensions>
          <speed_mps>17.882</speed_mps>
          <speed_mph>40.0</speed_mph>
        </extensions>
      </trkpt>
      <trkpt lat="52.22222" lon="1.34921">
        <ele>0</ele>
        <time>2026-06-26T08:30:13.994Z</time>
        <name>809</name>
        <extensions>
          <speed_mps>17.882</speed_mps>
          <speed_mph>40.0</speed_mph>
        </extensions>
      </trkpt>
      <trkpt lat="52.22206" lon="1.34974">
        <ele>0</ele>
        <time>2026-06-26T08:30:16.252Z</time>
        <name>810</name>
        <extensions>
          <speed_mps>17.882</speed_mps>
          <speed_mph>40.0</speed_mph>
        </extensions>
      </trkpt>
      <trkpt lat="52.22190" lon="1.35027">
        <ele>0</ele>
        <time>2026-06-26T08:30:18.510Z</time>
        <name>811</name>
        <extensions>
          <speed_mps>17.882</speed_mps>
          <speed_mph>40.0</speed_mph>
        </extensions>
      </trkpt>
      <trkpt lat="52.22174" lon="1.35080">
        <ele>0</ele>
        <time>2026-06-26T08:30:20.768Z</time>
        <name>812</name>
        <extensions>
          <speed_mps>17.882</speed_mps>
          <speed_mph>40.0</speed_mph>
        </extensions>
      </trkpt>
      <trkpt lat="52.22158" lon="1.35134">
        <ele>0</ele>
        <time>2026-06-26T08:30:23.026Z</time>
        <name>813</name>
        <extensions>
          <speed_mps>17.882</speed_mps>
          <speed_mph>40.0</speed_mph>
        </extensions>
      </trkpt>
      <trkpt lat="52.22142" lon="1.35187">
        <ele>0</ele>
        <time>2026-06-26T08:30:25.284Z</time>
        <name>814</name>
        <extensions>
          <speed_mps>17.882</speed_mps>
          <speed_mph>40.0</speed_mph>
        </extensions>
      </trkpt>
      <trkpt lat="52.22125" lon="1.35240">
        <ele>0</ele>
        <time>2026-06-26T08:30:27.542Z</time>
        <name>815</name>
        <extensions>
          <speed_mps>17.882</speed_mps>
          <speed_mph>40.0</speed_mph>
        </extensions>
      </trkpt>
      <trkpt lat="52.22109" lon="1.35293">
        <ele>0</ele>
        <time>2026-06-26T08:30:29.800Z</time>
        <name>816</name>
        <extensions>
          <speed_mps>17.882</speed_mps>
          <speed_mph>40.0</speed_mph>
        </extensions>
      </trkpt>
      <trkpt lat="52.22110" lon="1.35349">
        <ele>0</ele>
        <time>2026-06-26T08:30:31.948Z</time>
        <name>817</name>
        <extensions>
          <speed_mps>17.882</speed_mps>
          <speed_mph>40.0</speed_mph>
        </extensions>
      </trkpt>
      <trkpt lat="52.22133" lon="1.35394">
        <ele>0</ele>
        <time>2026-06-26T08:30:34.175Z</time>
        <name>818</name>
        <extensions>
          <speed_mps>17.882</speed_mps>
          <speed_mph>40.0</speed_mph>
        </extensions>
      </trkpt>
      <trkpt lat="52.22160" lon="1.35433">
        <ele>0</ele>
        <time>2026-06-26T08:30:36.433Z</time>
        <name>819</name>
        <extensions>
          <speed_mps>17.882</speed_mps>
          <speed_mph>40.0</speed_mph>
        </extensions>
      </trkpt>
      <trkpt lat="52.22180" lon="1.35482">
        <ele>0</ele>
        <time>2026-06-26T08:30:38.668Z</time>
        <name>820</name>
        <extensions>
          <speed_mps>17.882</speed_mps>
          <speed_mph>40.0</speed_mph>
        </extensions>
      </trkpt>
      <trkpt lat="52.22187" lon="1.35540">
        <ele>0</ele>
        <time>2026-06-26T08:30:40.917Z</time>
        <name>821</name>
        <extensions>
          <speed_mps>17.882</speed_mps>
          <speed_mph>40.0</speed_mph>
        </extensions>
      </trkpt>
      <trkpt lat="52.22189" lon="1.35599">
        <ele>0</ele>
        <time>2026-06-26T08:30:43.174Z</time>
        <name>822</name>
        <extensions>
          <speed_mps>17.882</speed_mps>
          <speed_mph>40.0</speed_mph>
        </extensions>
      </trkpt>
      <trkpt lat="52.22191" lon="1.35658">
        <ele>0</ele>
        <time>2026-06-26T08:30:45.429Z</time>
        <name>823</name>
        <extensions>
          <speed_mps>17.882</speed_mps>
          <speed_mph>40.0</speed_mph>
        </extensions>
      </trkpt>
      <trkpt lat="52.22198" lon="1.35716">
        <ele>0</ele>
        <time>2026-06-26T08:30:47.686Z</time>
        <name>824</name>
        <extensions>
          <speed_mps>17.882</speed_mps>
          <speed_mph>40.0</speed_mph>
        </extensions>
      </trkpt>
      <trkpt lat="52.22206" lon="1.35774">
        <ele>0</ele>
        <time>2026-06-26T08:30:49.944Z</time>
        <name>825</name>
        <extensions>
          <speed_mps>17.882</speed_mps>
          <speed_mph>40.0</speed_mph>
        </extensions>
      </trkpt>
      <trkpt lat="52.22215" lon="1.35831">
        <ele>0</ele>
        <time>2026-06-26T08:30:52.202Z</time>
        <name>826</name>
        <extensions>
          <speed_mps>17.882</speed_mps>
          <speed_mph>40.0</speed_mph>
        </extensions>
      </trkpt>
      <trkpt lat="52.22224" lon="1.35889">
        <ele>0</ele>
        <time>2026-06-26T08:30:54.460Z</time>
        <name>827</name>
        <extensions>
          <speed_mps>17.882</speed_mps>
          <speed_mph>40.0</speed_mph>
        </extensions>
      </trkpt>
      <trkpt lat="52.22232" lon="1.35947">
        <ele>0</ele>
        <time>2026-06-26T08:30:56.714Z</time>
        <name>828</name>
        <extensions>
          <speed_mps>17.882</speed_mps>
          <speed_mph>40.0</speed_mph>
        </extensions>
      </trkpt>
      <trkpt lat="52.22236" lon="1.36005">
        <ele>0</ele>
        <time>2026-06-26T08:30:58.966Z</time>
        <name>829</name>
        <extensions>
          <speed_mps>17.882</speed_mps>
          <speed_mph>40.0</speed_mph>
        </extensions>
      </trkpt>
      <trkpt lat="52.22233" lon="1.36064">
        <ele>0</ele>
        <time>2026-06-26T08:31:01.224Z</time>
        <name>830</name>
        <extensions>
          <speed_mps>17.882</speed_mps>
          <speed_mph>40.0</speed_mph>
        </extensions>
      </trkpt>
      <trkpt lat="52.22233" lon="1.36124">
        <ele>0</ele>
        <time>2026-06-26T08:31:03.481Z</time>
        <name>831</name>
        <extensions>
          <speed_mps>17.882</speed_mps>
          <speed_mph>40.0</speed_mph>
        </extensions>
      </trkpt>
      <trkpt lat="52.22237" lon="1.36182">
        <ele>0</ele>
        <time>2026-06-26T08:31:05.732Z</time>
        <name>832</name>
        <extensions>
          <speed_mps>17.882</speed_mps>
          <speed_mph>40.0</speed_mph>
        </extensions>
      </trkpt>
      <trkpt lat="52.22247" lon="1.36239">
        <ele>0</ele>
        <time>2026-06-26T08:31:07.986Z</time>
        <name>833</name>
        <extensions>
          <speed_mps>17.882</speed_mps>
          <speed_mph>40.0</speed_mph>
        </extensions>
      </trkpt>
      <trkpt lat="52.22258" lon="1.36296">
        <ele>0</ele>
        <time>2026-06-26T08:31:10.244Z</time>
        <name>834</name>
        <extensions>
          <speed_mps>17.882</speed_mps>
          <speed_mph>40.0</speed_mph>
        </extensions>
      </trkpt>
      <trkpt lat="52.22265" lon="1.36354">
        <ele>0</ele>
        <time>2026-06-26T08:31:12.495Z</time>
        <name>835</name>
        <extensions>
          <speed_mps>17.882</speed_mps>
          <speed_mph>40.0</speed_mph>
        </extensions>
      </trkpt>
      <trkpt lat="52.22265" lon="1.36413">
        <ele>0</ele>
        <time>2026-06-26T08:31:14.744Z</time>
        <name>836</name>
        <extensions>
          <speed_mps>17.882</speed_mps>
          <speed_mph>40.0</speed_mph>
        </extensions>
      </trkpt>
      <trkpt lat="52.22261" lon="1.36472">
        <ele>0</ele>
        <time>2026-06-26T08:31:17.001Z</time>
        <name>837</name>
        <extensions>
          <speed_mps>17.882</speed_mps>
          <speed_mph>40.0</speed_mph>
        </extensions>
      </trkpt>
      <trkpt lat="52.22255" lon="1.36530">
        <ele>0</ele>
        <time>2026-06-26T08:31:19.259Z</time>
        <name>838</name>
        <extensions>
          <speed_mps>17.882</speed_mps>
          <speed_mph>40.0</speed_mph>
        </extensions>
      </trkpt>
      <trkpt lat="52.22250" lon="1.36589">
        <ele>0</ele>
        <time>2026-06-26T08:31:21.517Z</time>
        <name>839</name>
        <extensions>
          <speed_mps>17.882</speed_mps>
          <speed_mph>40.0</speed_mph>
        </extensions>
      </trkpt>
      <trkpt lat="52.22244" lon="1.36647">
        <ele>0</ele>
        <time>2026-06-26T08:31:23.775Z</time>
        <name>840</name>
        <extensions>
          <speed_mps>17.882</speed_mps>
          <speed_mph>40.0</speed_mph>
        </extensions>
      </trkpt>
      <trkpt lat="52.22241" lon="1.36706">
        <ele>0</ele>
        <time>2026-06-26T08:31:26.029Z</time>
        <name>841</name>
        <extensions>
          <speed_mps>17.882</speed_mps>
          <speed_mph>40.0</speed_mph>
        </extensions>
      </trkpt>
      <trkpt lat="52.22245" lon="1.36765">
        <ele>0</ele>
        <time>2026-06-26T08:31:28.282Z</time>
        <name>842</name>
        <extensions>
          <speed_mps>17.882</speed_mps>
          <speed_mph>40.0</speed_mph>
        </extensions>
      </trkpt>
      <trkpt lat="52.22256" lon="1.36821">
        <ele>0</ele>
        <time>2026-06-26T08:31:30.539Z</time>
        <name>843</name>
        <extensions>
          <speed_mps>17.882</speed_mps>
          <speed_mph>40.0</speed_mph>
        </extensions>
      </trkpt>
      <trkpt lat="52.22268" lon="1.36878">
        <ele>0</ele>
        <time>2026-06-26T08:31:32.797Z</time>
        <name>844</name>
        <extensions>
          <speed_mps>17.882</speed_mps>
          <speed_mph>40.0</speed_mph>
        </extensions>
      </trkpt>
      <trkpt lat="52.22278" lon="1.36934">
        <ele>0</ele>
        <time>2026-06-26T08:31:35.054Z</time>
        <name>845</name>
        <extensions>
          <speed_mps>17.882</speed_mps>
          <speed_mph>40.0</speed_mph>
        </extensions>
      </trkpt>
      <trkpt lat="52.22288" lon="1.36992">
        <ele>0</ele>
        <time>2026-06-26T08:31:37.312Z</time>
        <name>846</name>
        <extensions>
          <speed_mps>17.882</speed_mps>
          <speed_mph>40.0</speed_mph>
        </extensions>
      </trkpt>
      <trkpt lat="52.22296" lon="1.37049">
        <ele>0</ele>
        <time>2026-06-26T08:31:39.568Z</time>
        <name>847</name>
        <extensions>
          <speed_mps>17.882</speed_mps>
          <speed_mph>40.0</speed_mph>
        </extensions>
      </trkpt>
      <trkpt lat="52.22302" lon="1.37108">
        <ele>0</ele>
        <time>2026-06-26T08:31:41.826Z</time>
        <name>848</name>
        <extensions>
          <speed_mps>17.882</speed_mps>
          <speed_mph>40.0</speed_mph>
        </extensions>
      </trkpt>
      <trkpt lat="52.22308" lon="1.37166">
        <ele>0</ele>
        <time>2026-06-26T08:31:44.084Z</time>
        <name>849</name>
        <extensions>
          <speed_mps>17.882</speed_mps>
          <speed_mph>40.0</speed_mph>
        </extensions>
      </trkpt>
      <trkpt lat="52.22314" lon="1.37225">
        <ele>0</ele>
        <time>2026-06-26T08:31:46.341Z</time>
        <name>850</name>
        <extensions>
          <speed_mps>17.882</speed_mps>
          <speed_mph>40.0</speed_mph>
        </extensions>
      </trkpt>
      <trkpt lat="52.22322" lon="1.37282">
        <ele>0</ele>
        <time>2026-06-26T08:31:48.599Z</time>
        <name>851</name>
        <extensions>
          <speed_mps>17.882</speed_mps>
          <speed_mph>40.0</speed_mph>
        </extensions>
      </trkpt>
      <trkpt lat="52.22330" lon="1.37340">
        <ele>0</ele>
        <time>2026-06-26T08:31:50.857Z</time>
        <name>852</name>
        <extensions>
          <speed_mps>17.882</speed_mps>
          <speed_mph>40.0</speed_mph>
        </extensions>
      </trkpt>
      <trkpt lat="52.22335" lon="1.37399">
        <ele>0</ele>
        <time>2026-06-26T08:31:53.115Z</time>
        <name>853</name>
        <extensions>
          <speed_mps>17.882</speed_mps>
          <speed_mph>40.0</speed_mph>
        </extensions>
      </trkpt>
      <trkpt lat="52.22341" lon="1.37457">
        <ele>0</ele>
        <time>2026-06-26T08:31:55.373Z</time>
        <name>854</name>
        <extensions>
          <speed_mps>17.882</speed_mps>
          <speed_mph>40.0</speed_mph>
        </extensions>
      </trkpt>
      <trkpt lat="52.22345" lon="1.37516">
        <ele>0</ele>
        <time>2026-06-26T08:31:57.631Z</time>
        <name>855</name>
        <extensions>
          <speed_mps>17.882</speed_mps>
          <speed_mph>40.0</speed_mph>
        </extensions>
      </trkpt>
      <trkpt lat="52.22348" lon="1.37575">
        <ele>0</ele>
        <time>2026-06-26T08:31:59.889Z</time>
        <name>856</name>
        <extensions>
          <speed_mps>17.882</speed_mps>
          <speed_mph>40.0</speed_mph>
        </extensions>
      </trkpt>
      <trkpt lat="52.22345" lon="1.37634">
        <ele>0</ele>
        <time>2026-06-26T08:32:02.146Z</time>
        <name>857</name>
        <extensions>
          <speed_mps>17.882</speed_mps>
          <speed_mph>40.0</speed_mph>
        </extensions>
      </trkpt>
      <trkpt lat="52.22339" lon="1.37693">
        <ele>0</ele>
        <time>2026-06-26T08:32:04.402Z</time>
        <name>858</name>
        <extensions>
          <speed_mps>17.882</speed_mps>
          <speed_mph>40.0</speed_mph>
        </extensions>
      </trkpt>
      <trkpt lat="52.22333" lon="1.37751">
        <ele>0</ele>
        <time>2026-06-26T08:32:06.660Z</time>
        <name>859</name>
        <extensions>
          <speed_mps>17.882</speed_mps>
          <speed_mph>40.0</speed_mph>
        </extensions>
      </trkpt>
      <trkpt lat="52.22327" lon="1.37810">
        <ele>0</ele>
        <time>2026-06-26T08:32:08.918Z</time>
        <name>860</name>
        <extensions>
          <speed_mps>17.882</speed_mps>
          <speed_mph>40.0</speed_mph>
        </extensions>
      </trkpt>
      <trkpt lat="52.22320" lon="1.37868">
        <ele>0</ele>
        <time>2026-06-26T08:32:11.176Z</time>
        <name>861</name>
        <extensions>
          <speed_mps>17.882</speed_mps>
          <speed_mph>40.0</speed_mph>
        </extensions>
      </trkpt>
      <trkpt lat="52.22317" lon="1.37927">
        <ele>0</ele>
        <time>2026-06-26T08:32:13.428Z</time>
        <name>862</name>
        <extensions>
          <speed_mps>17.882</speed_mps>
          <speed_mph>40.0</speed_mph>
        </extensions>
      </trkpt>
      <trkpt lat="52.22316" lon="1.37986">
        <ele>0</ele>
        <time>2026-06-26T08:32:15.686Z</time>
        <name>863</name>
        <extensions>
          <speed_mps>17.882</speed_mps>
          <speed_mph>40.0</speed_mph>
        </extensions>
      </trkpt>
      <trkpt lat="52.22316" lon="1.38045">
        <ele>0</ele>
        <time>2026-06-26T08:32:17.943Z</time>
        <name>864</name>
        <extensions>
          <speed_mps>17.882</speed_mps>
          <speed_mph>40.0</speed_mph>
        </extensions>
      </trkpt>
      <trkpt lat="52.22323" lon="1.38103">
        <ele>0</ele>
        <time>2026-06-26T08:32:20.200Z</time>
        <name>865</name>
        <extensions>
          <speed_mps>17.882</speed_mps>
          <speed_mph>40.0</speed_mph>
        </extensions>
      </trkpt>
      <trkpt lat="52.22332" lon="1.38161">
        <ele>0</ele>
        <time>2026-06-26T08:32:22.458Z</time>
        <name>866</name>
        <extensions>
          <speed_mps>17.882</speed_mps>
          <speed_mph>40.0</speed_mph>
        </extensions>
      </trkpt>
      <trkpt lat="52.22340" lon="1.38219">
        <ele>0</ele>
        <time>2026-06-26T08:32:24.716Z</time>
        <name>867</name>
        <extensions>
          <speed_mps>17.882</speed_mps>
          <speed_mph>40.0</speed_mph>
        </extensions>
      </trkpt>
      <trkpt lat="52.22346" lon="1.38277">
        <ele>0</ele>
        <time>2026-06-26T08:32:26.974Z</time>
        <name>868</name>
        <extensions>
          <speed_mps>17.882</speed_mps>
          <speed_mph>40.0</speed_mph>
        </extensions>
      </trkpt>
      <trkpt lat="52.22347" lon="1.38336">
        <ele>0</ele>
        <time>2026-06-26T08:32:29.218Z</time>
        <name>869</name>
        <extensions>
          <speed_mps>17.882</speed_mps>
          <speed_mph>40.0</speed_mph>
        </extensions>
      </trkpt>
      <trkpt lat="52.22339" lon="1.38394">
        <ele>0</ele>
        <time>2026-06-26T08:32:31.475Z</time>
        <name>870</name>
        <extensions>
          <speed_mps>17.882</speed_mps>
          <speed_mph>40.0</speed_mph>
        </extensions>
      </trkpt>
      <trkpt lat="52.22331" lon="1.38452">
        <ele>0</ele>
        <time>2026-06-26T08:32:33.733Z</time>
        <name>871</name>
        <extensions>
          <speed_mps>17.882</speed_mps>
          <speed_mph>40.0</speed_mph>
        </extensions>
      </trkpt>
      <trkpt lat="52.22324" lon="1.38510">
        <ele>0</ele>
        <time>2026-06-26T08:32:35.991Z</time>
        <name>872</name>
        <extensions>
          <speed_mps>17.882</speed_mps>
          <speed_mph>40.0</speed_mph>
        </extensions>
      </trkpt>
      <trkpt lat="52.22317" lon="1.38568">
        <ele>0</ele>
        <time>2026-06-26T08:32:38.249Z</time>
        <name>873</name>
        <extensions>
          <speed_mps>17.882</speed_mps>
          <speed_mph>40.0</speed_mph>
        </extensions>
      </trkpt>
      <trkpt lat="52.22309" lon="1.38626">
        <ele>0</ele>
        <time>2026-06-26T08:32:40.500Z</time>
        <name>874</name>
        <extensions>
          <speed_mps>17.882</speed_mps>
          <speed_mph>40.0</speed_mph>
        </extensions>
      </trkpt>
      <trkpt lat="52.22292" lon="1.38678">
        <ele>0</ele>
        <time>2026-06-26T08:32:42.754Z</time>
        <name>875</name>
        <extensions>
          <speed_mps>17.882</speed_mps>
          <speed_mph>40.0</speed_mph>
        </extensions>
      </trkpt>
      <trkpt lat="52.22267" lon="1.38721">
        <ele>0</ele>
        <time>2026-06-26T08:32:44.984Z</time>
        <name>876</name>
        <extensions>
          <speed_mps>17.882</speed_mps>
          <speed_mph>40.0</speed_mph>
        </extensions>
      </trkpt>
      <trkpt lat="52.22234" lon="1.38741">
        <ele>0</ele>
        <time>2026-06-26T08:32:47.214Z</time>
        <name>877</name>
        <extensions>
          <speed_mps>17.882</speed_mps>
          <speed_mph>40.0</speed_mph>
        </extensions>
      </trkpt>
      <trkpt lat="52.22198" lon="1.38742">
        <ele>0</ele>
        <time>2026-06-26T08:32:49.451Z</time>
        <name>878</name>
        <extensions>
          <speed_mps>17.882</speed_mps>
          <speed_mph>40.0</speed_mph>
        </extensions>
      </trkpt>
      <trkpt lat="52.22164" lon="1.38763">
        <ele>0</ele>
        <time>2026-06-26T08:32:51.688Z</time>
        <name>879</name>
        <extensions>
          <speed_mps>17.882</speed_mps>
          <speed_mph>40.0</speed_mph>
        </extensions>
      </trkpt>
      <trkpt lat="52.22136" lon="1.38799">
        <ele>0</ele>
        <time>2026-06-26T08:32:53.933Z</time>
        <name>880</name>
        <extensions>
          <speed_mps>17.882</speed_mps>
          <speed_mph>40.0</speed_mph>
        </extensions>
      </trkpt>
      <trkpt lat="52.22121" lon="1.38851">
        <ele>0</ele>
        <time>2026-06-26T08:32:56.126Z</time>
        <name>881</name>
        <extensions>
          <speed_mps>17.882</speed_mps>
          <speed_mph>40.0</speed_mph>
        </extensions>
      </trkpt>
      <trkpt lat="52.22123" lon="1.38910">
        <ele>0</ele>
        <time>2026-06-26T08:32:58.375Z</time>
        <name>882</name>
        <extensions>
          <speed_mps>17.882</speed_mps>
          <speed_mph>40.0</speed_mph>
        </extensions>
      </trkpt>
      <trkpt lat="52.22130" lon="1.38968">
        <ele>0</ele>
        <time>2026-06-26T08:33:00.629Z</time>
        <name>883</name>
        <extensions>
          <speed_mps>17.882</speed_mps>
          <speed_mph>40.0</speed_mph>
        </extensions>
      </trkpt>
      <trkpt lat="52.22141" lon="1.39024">
        <ele>0</ele>
        <time>2026-06-26T08:33:02.888Z</time>
        <name>884</name>
        <extensions>
          <speed_mps>17.882</speed_mps>
          <speed_mph>40.0</speed_mph>
        </extensions>
      </trkpt>
      <trkpt lat="52.22149" lon="1.39082">
        <ele>0</ele>
        <time>2026-06-26T08:33:05.144Z</time>
        <name>885</name>
        <extensions>
          <speed_mps>17.882</speed_mps>
          <speed_mph>40.0</speed_mph>
        </extensions>
      </trkpt>
      <trkpt lat="52.22151" lon="1.39141">
        <ele>0</ele>
        <time>2026-06-26T08:33:07.395Z</time>
        <name>886</name>
        <extensions>
          <speed_mps>17.882</speed_mps>
          <speed_mph>40.0</speed_mph>
        </extensions>
      </trkpt>
      <trkpt lat="52.22151" lon="1.39200">
        <ele>0</ele>
        <time>2026-06-26T08:33:09.653Z</time>
        <name>887</name>
        <extensions>
          <speed_mps>17.882</speed_mps>
          <speed_mph>40.0</speed_mph>
        </extensions>
      </trkpt>
      <trkpt lat="52.22150" lon="1.39260">
        <ele>0</ele>
        <time>2026-06-26T08:33:11.911Z</time>
        <name>888</name>
        <extensions>
          <speed_mps>17.882</speed_mps>
          <speed_mph>40.0</speed_mph>
        </extensions>
      </trkpt>
      <trkpt lat="52.22153" lon="1.39319">
        <ele>0</ele>
        <time>2026-06-26T08:33:14.162Z</time>
        <name>889</name>
        <extensions>
          <speed_mps>17.882</speed_mps>
          <speed_mph>40.0</speed_mph>
        </extensions>
      </trkpt>
      <trkpt lat="52.22163" lon="1.39376">
        <ele>0</ele>
        <time>2026-06-26T08:33:16.418Z</time>
        <name>890</name>
        <extensions>
          <speed_mps>17.882</speed_mps>
          <speed_mph>40.0</speed_mph>
        </extensions>
      </trkpt>
      <trkpt lat="52.22174" lon="1.39432">
        <ele>0</ele>
        <time>2026-06-26T08:33:18.676Z</time>
        <name>891</name>
        <extensions>
          <speed_mps>17.882</speed_mps>
          <speed_mph>40.0</speed_mph>
        </extensions>
      </trkpt>
      <trkpt lat="52.22186" lon="1.39488">
        <ele>0</ele>
        <time>2026-06-26T08:33:20.934Z</time>
        <name>892</name>
        <extensions>
          <speed_mps>17.882</speed_mps>
          <speed_mph>40.0</speed_mph>
        </extensions>
      </trkpt>
      <trkpt lat="52.22198" lon="1.39544">
        <ele>0</ele>
        <time>2026-06-26T08:33:23.191Z</time>
        <name>893</name>
        <extensions>
          <speed_mps>17.882</speed_mps>
          <speed_mph>40.0</speed_mph>
        </extensions>
      </trkpt>
      <trkpt lat="52.22213" lon="1.39598">
        <ele>0</ele>
        <time>2026-06-26T08:33:25.447Z</time>
        <name>894</name>
        <extensions>
          <speed_mps>17.882</speed_mps>
          <speed_mph>40.0</speed_mph>
        </extensions>
      </trkpt>
      <trkpt lat="52.22230" lon="1.39650">
        <ele>0</ele>
        <time>2026-06-26T08:33:27.705Z</time>
        <name>895</name>
        <extensions>
          <speed_mps>17.882</speed_mps>
          <speed_mph>40.0</speed_mph>
        </extensions>
      </trkpt>
      <trkpt lat="52.22247" lon="1.39703">
        <ele>0</ele>
        <time>2026-06-26T08:33:29.961Z</time>
        <name>896</name>
        <extensions>
          <speed_mps>17.882</speed_mps>
          <speed_mph>40.0</speed_mph>
        </extensions>
      </trkpt>
      <trkpt lat="52.22258" lon="1.39759">
        <ele>0</ele>
        <time>2026-06-26T08:33:32.219Z</time>
        <name>897</name>
        <extensions>
          <speed_mps>17.882</speed_mps>
          <speed_mph>40.0</speed_mph>
        </extensions>
      </trkpt>
      <trkpt lat="52.22266" lon="1.39817">
        <ele>0</ele>
        <time>2026-06-26T08:33:34.476Z</time>
        <name>898</name>
        <extensions>
          <speed_mps>17.882</speed_mps>
          <speed_mph>40.0</speed_mph>
        </extensions>
      </trkpt>
      <trkpt lat="52.22270" lon="1.39876">
        <ele>0</ele>
        <time>2026-06-26T08:33:36.733Z</time>
        <name>899</name>
        <extensions>
          <speed_mps>17.882</speed_mps>
          <speed_mph>40.0</speed_mph>
        </extensions>
      </trkpt>
      <trkpt lat="52.22276" lon="1.39934">
        <ele>0</ele>
        <time>2026-06-26T08:33:38.991Z</time>
        <name>900</name>
        <extensions>
          <speed_mps>17.882</speed_mps>
          <speed_mph>40.0</speed_mph>
        </extensions>
      </trkpt>
      <trkpt lat="52.22284" lon="1.39992">
        <ele>0</ele>
        <time>2026-06-26T08:33:41.247Z</time>
        <name>901</name>
        <extensions>
          <speed_mps>17.882</speed_mps>
          <speed_mph>40.0</speed_mph>
        </extensions>
      </trkpt>
      <trkpt lat="52.22296" lon="1.40047">
        <ele>0</ele>
        <time>2026-06-26T08:33:43.500Z</time>
        <name>902</name>
        <extensions>
          <speed_mps>17.882</speed_mps>
          <speed_mph>40.0</speed_mph>
        </extensions>
      </trkpt>
      <trkpt lat="52.22312" lon="1.40101">
        <ele>0</ele>
        <time>2026-06-26T08:33:45.757Z</time>
        <name>903</name>
        <extensions>
          <speed_mps>17.882</speed_mps>
          <speed_mph>40.0</speed_mph>
        </extensions>
      </trkpt>
      <trkpt lat="52.22328" lon="1.40154">
        <ele>0</ele>
        <time>2026-06-26T08:33:48.015Z</time>
        <name>904</name>
        <extensions>
          <speed_mps>17.882</speed_mps>
          <speed_mph>40.0</speed_mph>
        </extensions>
      </trkpt>
      <trkpt lat="52.22337" lon="1.40211">
        <ele>0</ele>
        <time>2026-06-26T08:33:50.242Z</time>
        <name>905</name>
        <extensions>
          <speed_mps>17.882</speed_mps>
          <speed_mph>40.0</speed_mph>
        </extensions>
      </trkpt>
      <trkpt lat="52.22333" lon="1.40270">
        <ele>0</ele>
        <time>2026-06-26T08:33:52.500Z</time>
        <name>906</name>
        <extensions>
          <speed_mps>17.882</speed_mps>
          <speed_mph>40.0</speed_mph>
        </extensions>
      </trkpt>
      <trkpt lat="52.22330" lon="1.40329">
        <ele>0</ele>
        <time>2026-06-26T08:33:54.758Z</time>
        <name>907</name>
        <extensions>
          <speed_mps>17.882</speed_mps>
          <speed_mph>40.0</speed_mph>
        </extensions>
      </trkpt>
      <trkpt lat="52.22329" lon="1.40388">
        <ele>0</ele>
        <time>2026-06-26T08:33:57.014Z</time>
        <name>908</name>
        <extensions>
          <speed_mps>17.882</speed_mps>
          <speed_mph>40.0</speed_mph>
        </extensions>
      </trkpt>
      <trkpt lat="52.22328" lon="1.40447">
        <ele>0</ele>
        <time>2026-06-26T08:33:59.272Z</time>
        <name>909</name>
        <extensions>
          <speed_mps>17.882</speed_mps>
          <speed_mph>40.0</speed_mph>
        </extensions>
      </trkpt>
      <trkpt lat="52.22328" lon="1.40507">
        <ele>0</ele>
        <time>2026-06-26T08:34:01.530Z</time>
        <name>910</name>
        <extensions>
          <speed_mps>17.882</speed_mps>
          <speed_mph>40.0</speed_mph>
        </extensions>
      </trkpt>
      <trkpt lat="52.22328" lon="1.40566">
        <ele>0</ele>
        <time>2026-06-26T08:34:03.788Z</time>
        <name>911</name>
        <extensions>
          <speed_mps>17.882</speed_mps>
          <speed_mph>40.0</speed_mph>
        </extensions>
      </trkpt>
      <trkpt lat="52.22326" lon="1.40625">
        <ele>0</ele>
        <time>2026-06-26T08:34:06.046Z</time>
        <name>912</name>
        <extensions>
          <speed_mps>17.882</speed_mps>
          <speed_mph>40.0</speed_mph>
        </extensions>
      </trkpt>
      <trkpt lat="52.22324" lon="1.40684">
        <ele>0</ele>
        <time>2026-06-26T08:34:08.304Z</time>
        <name>913</name>
        <extensions>
          <speed_mps>17.882</speed_mps>
          <speed_mph>40.0</speed_mph>
        </extensions>
      </trkpt>
      <trkpt lat="52.22322" lon="1.40743">
        <ele>0</ele>
        <time>2026-06-26T08:34:10.562Z</time>
        <name>914</name>
        <extensions>
          <speed_mps>17.882</speed_mps>
          <speed_mph>40.0</speed_mph>
        </extensions>
      </trkpt>
      <trkpt lat="52.22320" lon="1.40803">
        <ele>0</ele>
        <time>2026-06-26T08:34:12.820Z</time>
        <name>915</name>
        <extensions>
          <speed_mps>17.882</speed_mps>
          <speed_mph>40.0</speed_mph>
        </extensions>
      </trkpt>
      <trkpt lat="52.22319" lon="1.40862">
        <ele>0</ele>
        <time>2026-06-26T08:34:15.078Z</time>
        <name>916</name>
        <extensions>
          <speed_mps>17.882</speed_mps>
          <speed_mph>40.0</speed_mph>
        </extensions>
      </trkpt>
      <trkpt lat="52.22318" lon="1.40921">
        <ele>0</ele>
        <time>2026-06-26T08:34:17.336Z</time>
        <name>917</name>
        <extensions>
          <speed_mps>17.882</speed_mps>
          <speed_mph>40.0</speed_mph>
        </extensions>
      </trkpt>
      <trkpt lat="52.22318" lon="1.40980">
        <ele>0</ele>
        <time>2026-06-26T08:34:19.594Z</time>
        <name>918</name>
        <extensions>
          <speed_mps>17.882</speed_mps>
          <speed_mph>40.0</speed_mph>
        </extensions>
      </trkpt>
      <trkpt lat="52.22317" lon="1.41039">
        <ele>0</ele>
        <time>2026-06-26T08:34:21.849Z</time>
        <name>919</name>
        <extensions>
          <speed_mps>17.882</speed_mps>
          <speed_mph>40.0</speed_mph>
        </extensions>
      </trkpt>
      <trkpt lat="52.22312" lon="1.41098">
        <ele>0</ele>
        <time>2026-06-26T08:34:24.107Z</time>
        <name>920</name>
        <extensions>
          <speed_mps>17.882</speed_mps>
          <speed_mph>40.0</speed_mph>
        </extensions>
      </trkpt>
      <trkpt lat="52.22308" lon="1.41157">
        <ele>0</ele>
        <time>2026-06-26T08:34:26.362Z</time>
        <name>921</name>
        <extensions>
          <speed_mps>17.882</speed_mps>
          <speed_mph>40.0</speed_mph>
        </extensions>
      </trkpt>
      <trkpt lat="52.22310" lon="1.41216">
        <ele>0</ele>
        <time>2026-06-26T08:34:28.619Z</time>
        <name>922</name>
        <extensions>
          <speed_mps>17.882</speed_mps>
          <speed_mph>40.0</speed_mph>
        </extensions>
      </trkpt>
      <trkpt lat="52.22314" lon="1.41275">
        <ele>0</ele>
        <time>2026-06-26T08:34:30.877Z</time>
        <name>923</name>
        <extensions>
          <speed_mps>17.882</speed_mps>
          <speed_mph>40.0</speed_mph>
        </extensions>
      </trkpt>
      <trkpt lat="52.22319" lon="1.41334">
        <ele>0</ele>
        <time>2026-06-26T08:34:33.134Z</time>
        <name>924</name>
        <extensions>
          <speed_mps>17.882</speed_mps>
          <speed_mph>40.0</speed_mph>
        </extensions>
      </trkpt>
      <trkpt lat="52.22326" lon="1.41392">
        <ele>0</ele>
        <time>2026-06-26T08:34:35.390Z</time>
        <name>925</name>
        <extensions>
          <speed_mps>17.882</speed_mps>
          <speed_mph>40.0</speed_mph>
        </extensions>
      </trkpt>
      <trkpt lat="52.22339" lon="1.41447">
        <ele>0</ele>
        <time>2026-06-26T08:34:37.645Z</time>
        <name>926</name>
        <extensions>
          <speed_mps>17.882</speed_mps>
          <speed_mph>40.0</speed_mph>
        </extensions>
      </trkpt>
      <trkpt lat="52.22354" lon="1.41502">
        <ele>0</ele>
        <time>2026-06-26T08:34:39.903Z</time>
        <name>927</name>
        <extensions>
          <speed_mps>17.882</speed_mps>
          <speed_mph>40.0</speed_mph>
        </extensions>
      </trkpt>
      <trkpt lat="52.22368" lon="1.41556">
        <ele>0</ele>
        <time>2026-06-26T08:34:42.161Z</time>
        <name>928</name>
        <extensions>
          <speed_mps>17.882</speed_mps>
          <speed_mph>40.0</speed_mph>
        </extensions>
      </trkpt>
      <trkpt lat="52.22379" lon="1.41612">
        <ele>0</ele>
        <time>2026-06-26T08:34:44.417Z</time>
        <name>929</name>
        <extensions>
          <speed_mps>17.882</speed_mps>
          <speed_mph>40.0</speed_mph>
        </extensions>
      </trkpt>
      <trkpt lat="52.22385" lon="1.41671">
        <ele>0</ele>
        <time>2026-06-26T08:34:46.673Z</time>
        <name>930</name>
        <extensions>
          <speed_mps>17.882</speed_mps>
          <speed_mph>40.0</speed_mph>
        </extensions>
      </trkpt>
      <trkpt lat="52.22387" lon="1.41730">
        <ele>0</ele>
        <time>2026-06-26T08:34:48.930Z</time>
        <name>931</name>
        <extensions>
          <speed_mps>17.882</speed_mps>
          <speed_mph>40.0</speed_mph>
        </extensions>
      </trkpt>
      <trkpt lat="52.22389" lon="1.41789">
        <ele>0</ele>
        <time>2026-06-26T08:34:51.188Z</time>
        <name>932</name>
        <extensions>
          <speed_mps>17.882</speed_mps>
          <speed_mph>40.0</speed_mph>
        </extensions>
      </trkpt>
      <trkpt lat="52.22391" lon="1.41848">
        <ele>0</ele>
        <time>2026-06-26T08:34:53.438Z</time>
        <name>933</name>
        <extensions>
          <speed_mps>17.882</speed_mps>
          <speed_mph>40.0</speed_mph>
        </extensions>
      </trkpt>
      <trkpt lat="52.22405" lon="1.41903">
        <ele>0</ele>
        <time>2026-06-26T08:34:55.689Z</time>
        <name>934</name>
        <extensions>
          <speed_mps>17.882</speed_mps>
          <speed_mph>40.0</speed_mph>
        </extensions>
      </trkpt>
      <trkpt lat="52.22418" lon="1.41958">
        <ele>0</ele>
        <time>2026-06-26T08:34:57.937Z</time>
        <name>935</name>
        <extensions>
          <speed_mps>17.882</speed_mps>
          <speed_mph>40.0</speed_mph>
        </extensions>
      </trkpt>
      <trkpt lat="52.22427" lon="1.42015">
        <ele>0</ele>
        <time>2026-06-26T08:35:00.190Z</time>
        <name>936</name>
        <extensions>
          <speed_mps>17.882</speed_mps>
          <speed_mph>40.0</speed_mph>
        </extensions>
      </trkpt>
      <trkpt lat="52.22449" lon="1.42063">
        <ele>0</ele>
        <time>2026-06-26T08:35:02.440Z</time>
        <name>937</name>
        <extensions>
          <speed_mps>17.882</speed_mps>
          <speed_mph>40.0</speed_mph>
        </extensions>
      </trkpt>
      <trkpt lat="52.22474" lon="1.42104">
        <ele>0</ele>
        <time>2026-06-26T08:35:04.695Z</time>
        <name>938</name>
        <extensions>
          <speed_mps>17.882</speed_mps>
          <speed_mph>40.0</speed_mph>
        </extensions>
      </trkpt>
      <trkpt lat="52.22504" lon="1.42139">
        <ele>0</ele>
        <time>2026-06-26T08:35:06.953Z</time>
        <name>939</name>
        <extensions>
          <speed_mps>17.882</speed_mps>
          <speed_mph>40.0</speed_mph>
        </extensions>
      </trkpt>
      <trkpt lat="52.22534" lon="1.42172">
        <ele>0</ele>
        <time>2026-06-26T08:35:09.211Z</time>
        <name>940</name>
        <extensions>
          <speed_mps>17.882</speed_mps>
          <speed_mph>40.0</speed_mph>
        </extensions>
      </trkpt>
      <trkpt lat="52.22562" lon="1.42210">
        <ele>0</ele>
        <time>2026-06-26T08:35:11.458Z</time>
        <name>941</name>
        <extensions>
          <speed_mps>17.882</speed_mps>
          <speed_mph>40.0</speed_mph>
        </extensions>
      </trkpt>
      <trkpt lat="52.22583" lon="1.42258">
        <ele>0</ele>
        <time>2026-06-26T08:35:13.716Z</time>
        <name>942</name>
        <extensions>
          <speed_mps>17.882</speed_mps>
          <speed_mph>40.0</speed_mph>
        </extensions>
      </trkpt>
      <trkpt lat="52.22604" lon="1.42306">
        <ele>0</ele>
        <time>2026-06-26T08:35:15.974Z</time>
        <name>943</name>
        <extensions>
          <speed_mps>17.882</speed_mps>
          <speed_mph>40.0</speed_mph>
        </extensions>
      </trkpt>
      <trkpt lat="52.22626" lon="1.42354">
        <ele>0</ele>
        <time>2026-06-26T08:35:18.232Z</time>
        <name>944</name>
        <extensions>
          <speed_mps>17.882</speed_mps>
          <speed_mph>40.0</speed_mph>
        </extensions>
      </trkpt>
      <trkpt lat="52.22648" lon="1.42401">
        <ele>0</ele>
        <time>2026-06-26T08:35:20.490Z</time>
        <name>945</name>
        <extensions>
          <speed_mps>17.882</speed_mps>
          <speed_mph>40.0</speed_mph>
        </extensions>
      </trkpt>
      <trkpt lat="52.22666" lon="1.42452">
        <ele>0</ele>
        <time>2026-06-26T08:35:22.729Z</time>
        <name>946</name>
        <extensions>
          <speed_mps>17.882</speed_mps>
          <speed_mph>40.0</speed_mph>
        </extensions>
      </trkpt>
      <trkpt lat="52.22664" lon="1.42510">
        <ele>0</ele>
        <time>2026-06-26T08:35:24.968Z</time>
        <name>947</name>
        <extensions>
          <speed_mps>17.882</speed_mps>
          <speed_mph>40.0</speed_mph>
        </extensions>
      </trkpt>
      <trkpt lat="52.22653" lon="1.42566">
        <ele>0</ele>
        <time>2026-06-26T08:35:27.221Z</time>
        <name>948</name>
        <extensions>
          <speed_mps>17.882</speed_mps>
          <speed_mph>40.0</speed_mph>
        </extensions>
      </trkpt>
      <trkpt lat="52.22639" lon="1.42621">
        <ele>0</ele>
        <time>2026-06-26T08:35:29.474Z</time>
        <name>949</name>
        <extensions>
          <speed_mps>17.882</speed_mps>
          <speed_mph>40.0</speed_mph>
        </extensions>
      </trkpt>
      <trkpt lat="52.22631" lon="1.42679">
        <ele>0</ele>
        <time>2026-06-26T08:35:31.732Z</time>
        <name>950</name>
        <extensions>
          <speed_mps>17.882</speed_mps>
          <speed_mph>40.0</speed_mph>
        </extensions>
      </trkpt>
      <trkpt lat="52.22623" lon="1.42737">
        <ele>0</ele>
        <time>2026-06-26T08:35:33.990Z</time>
        <name>951</name>
        <extensions>
          <speed_mps>17.882</speed_mps>
          <speed_mph>40.0</speed_mph>
        </extensions>
      </trkpt>
      <trkpt lat="52.22615" lon="1.42794">
        <ele>0</ele>
        <time>2026-06-26T08:35:36.248Z</time>
        <name>952</name>
        <extensions>
          <speed_mps>17.882</speed_mps>
          <speed_mph>40.0</speed_mph>
        </extensions>
      </trkpt>
      <trkpt lat="52.22607" lon="1.42852">
        <ele>0</ele>
        <time>2026-06-26T08:35:38.506Z</time>
        <name>953</name>
        <extensions>
          <speed_mps>17.882</speed_mps>
          <speed_mph>40.0</speed_mph>
        </extensions>
      </trkpt>
      <trkpt lat="52.22600" lon="1.42910">
        <ele>0</ele>
        <time>2026-06-26T08:35:40.763Z</time>
        <name>954</name>
        <extensions>
          <speed_mps>17.882</speed_mps>
          <speed_mph>40.0</speed_mph>
        </extensions>
      </trkpt>
      <trkpt lat="52.22620" lon="1.42952">
        <ele>0</ele>
        <time>2026-06-26T08:35:42.781Z</time>
        <name>955</name>
        <extensions>
          <speed_mps>17.882</speed_mps>
          <speed_mph>40.0</speed_mph>
        </extensions>
      </trkpt>
      <trkpt lat="52.22655" lon="1.42965">
        <ele>0</ele>
        <time>2026-06-26T08:35:45.032Z</time>
        <name>956</name>
        <extensions>
          <speed_mps>17.882</speed_mps>
          <speed_mph>40.0</speed_mph>
        </extensions>
      </trkpt>
      <trkpt lat="52.22662" lon="1.43019">
        <ele>0</ele>
        <time>2026-06-26T08:35:47.115Z</time>
        <name>957</name>
        <extensions>
          <speed_mps>17.882</speed_mps>
          <speed_mph>40.0</speed_mph>
        </extensions>
      </trkpt>
      <trkpt lat="52.22653" lon="1.43077">
        <ele>0</ele>
        <time>2026-06-26T08:35:49.373Z</time>
        <name>958</name>
        <extensions>
          <speed_mps>17.882</speed_mps>
          <speed_mph>40.0</speed_mph>
        </extensions>
      </trkpt>
      <trkpt lat="52.22657" lon="1.43130">
        <ele>0</ele>
        <time>2026-06-26T08:35:51.402Z</time>
        <name>959</name>
        <extensions>
          <speed_mps>17.882</speed_mps>
          <speed_mph>40.0</speed_mph>
        </extensions>
      </trkpt>
      <trkpt lat="52.22685" lon="1.43167">
        <ele>0</ele>
        <time>2026-06-26T08:35:53.660Z</time>
        <name>960</name>
        <extensions>
          <speed_mps>17.882</speed_mps>
          <speed_mph>40.0</speed_mph>
        </extensions>
      </trkpt>
      <trkpt lat="52.22712" lon="1.43206">
        <ele>0</ele>
        <time>2026-06-26T08:35:55.918Z</time>
        <name>961</name>
        <extensions>
          <speed_mps>17.882</speed_mps>
          <speed_mph>40.0</speed_mph>
        </extensions>
      </trkpt>
      <trkpt lat="52.22737" lon="1.43248">
        <ele>0</ele>
        <time>2026-06-26T08:35:58.104Z</time>
        <name>962</name>
        <extensions>
          <speed_mps>17.882</speed_mps>
          <speed_mph>40.0</speed_mph>
        </extensions>
      </trkpt>
      <trkpt lat="52.22717" lon="1.43297">
        <ele>0</ele>
        <time>2026-06-26T08:36:00.336Z</time>
        <name>963</name>
        <extensions>
          <speed_mps>17.882</speed_mps>
          <speed_mph>40.0</speed_mph>
        </extensions>
      </trkpt>
      <trkpt lat="52.22696" lon="1.43345">
        <ele>0</ele>
        <time>2026-06-26T08:36:02.594Z</time>
        <name>964</name>
        <extensions>
          <speed_mps>17.882</speed_mps>
          <speed_mph>40.0</speed_mph>
        </extensions>
      </trkpt>
      <trkpt lat="52.22675" lon="1.43394">
        <ele>0</ele>
        <time>2026-06-26T08:36:04.849Z</time>
        <name>965</name>
        <extensions>
          <speed_mps>17.882</speed_mps>
          <speed_mph>40.0</speed_mph>
        </extensions>
      </trkpt>
      <trkpt lat="52.22657" lon="1.43445">
        <ele>0</ele>
        <time>2026-06-26T08:36:07.102Z</time>
        <name>966</name>
        <extensions>
          <speed_mps>17.882</speed_mps>
          <speed_mph>40.0</speed_mph>
        </extensions>
      </trkpt>
      <trkpt lat="52.22645" lon="1.43501">
        <ele>0</ele>
        <time>2026-06-26T08:36:09.360Z</time>
        <name>967</name>
        <extensions>
          <speed_mps>17.882</speed_mps>
          <speed_mph>40.0</speed_mph>
        </extensions>
      </trkpt>
      <trkpt lat="52.22638" lon="1.43559">
        <ele>0</ele>
        <time>2026-06-26T08:36:11.615Z</time>
        <name>968</name>
        <extensions>
          <speed_mps>17.882</speed_mps>
          <speed_mph>40.0</speed_mph>
        </extensions>
      </trkpt>
      <trkpt lat="52.22631" lon="1.43617">
        <ele>0</ele>
        <time>2026-06-26T08:36:13.873Z</time>
        <name>969</name>
        <extensions>
          <speed_mps>17.882</speed_mps>
          <speed_mph>40.0</speed_mph>
        </extensions>
      </trkpt>
      <trkpt lat="52.22625" lon="1.43676">
        <ele>0</ele>
        <time>2026-06-26T08:36:16.131Z</time>
        <name>970</name>
        <extensions>
          <speed_mps>17.882</speed_mps>
          <speed_mph>40.0</speed_mph>
        </extensions>
      </trkpt>
      <trkpt lat="52.22622" lon="1.43735">
        <ele>0</ele>
        <time>2026-06-26T08:36:18.382Z</time>
        <name>971</name>
        <extensions>
          <speed_mps>17.882</speed_mps>
          <speed_mph>40.0</speed_mph>
        </extensions>
      </trkpt>
      <trkpt lat="52.22621" lon="1.43794">
        <ele>0</ele>
        <time>2026-06-26T08:36:20.640Z</time>
        <name>972</name>
        <extensions>
          <speed_mps>17.882</speed_mps>
          <speed_mph>40.0</speed_mph>
        </extensions>
      </trkpt>
      <trkpt lat="52.22625" lon="1.43852">
        <ele>0</ele>
        <time>2026-06-26T08:36:22.869Z</time>
        <name>973</name>
        <extensions>
          <speed_mps>17.882</speed_mps>
          <speed_mph>40.0</speed_mph>
        </extensions>
      </trkpt>
      <trkpt lat="52.22651" lon="1.43887">
        <ele>0</ele>
        <time>2026-06-26T08:36:24.949Z</time>
        <name>974</name>
        <extensions>
          <speed_mps>17.882</speed_mps>
          <speed_mph>40.0</speed_mph>
        </extensions>
      </trkpt>
      <trkpt lat="52.22686" lon="1.43898">
        <ele>0</ele>
        <time>2026-06-26T08:36:27.201Z</time>
        <name>975</name>
        <extensions>
          <speed_mps>17.882</speed_mps>
          <speed_mph>40.0</speed_mph>
        </extensions>
      </trkpt>
      <trkpt lat="52.22722" lon="1.43902">
        <ele>0</ele>
        <time>2026-06-26T08:36:29.459Z</time>
        <name>976</name>
        <extensions>
          <speed_mps>17.882</speed_mps>
          <speed_mph>40.0</speed_mph>
        </extensions>
      </trkpt>
      <trkpt lat="52.22759" lon="1.43899">
        <ele>0</ele>
        <time>2026-06-26T08:36:31.715Z</time>
        <name>977</name>
        <extensions>
          <speed_mps>17.882</speed_mps>
          <speed_mph>40.0</speed_mph>
        </extensions>
      </trkpt>
      <trkpt lat="52.22795" lon="1.43889">
        <ele>0</ele>
        <time>2026-06-26T08:36:33.971Z</time>
        <name>978</name>
        <extensions>
          <speed_mps>17.882</speed_mps>
          <speed_mph>40.0</speed_mph>
        </extensions>
      </trkpt>
      <trkpt lat="52.22831" lon="1.43887">
        <ele>0</ele>
        <time>2026-06-26T08:36:36.215Z</time>
        <name>979</name>
        <extensions>
          <speed_mps>17.882</speed_mps>
          <speed_mph>40.0</speed_mph>
        </extensions>
      </trkpt>
      <trkpt lat="52.22867" lon="1.43894">
        <ele>0</ele>
        <time>2026-06-26T08:36:38.472Z</time>
        <name>980</name>
        <extensions>
          <speed_mps>17.882</speed_mps>
          <speed_mph>40.0</speed_mph>
        </extensions>
      </trkpt>
      <trkpt lat="52.22876" lon="1.43941">
        <ele>0</ele>
        <time>2026-06-26T08:36:40.351Z</time>
        <name>981</name>
        <extensions>
          <speed_mps>17.882</speed_mps>
          <speed_mph>40.0</speed_mph>
        </extensions>
      </trkpt>
      <trkpt lat="52.22865" lon="1.43997">
        <ele>0</ele>
        <time>2026-06-26T08:36:42.609Z</time>
        <name>982</name>
        <extensions>
          <speed_mps>17.882</speed_mps>
          <speed_mph>40.0</speed_mph>
        </extensions>
      </trkpt>
      <trkpt lat="52.22854" lon="1.44054">
        <ele>0</ele>
        <time>2026-06-26T08:36:44.864Z</time>
        <name>983</name>
        <extensions>
          <speed_mps>17.882</speed_mps>
          <speed_mph>40.0</speed_mph>
        </extensions>
      </trkpt>
      <trkpt lat="52.22847" lon="1.44112">
        <ele>0</ele>
        <time>2026-06-26T08:36:47.118Z</time>
        <name>984</name>
        <extensions>
          <speed_mps>17.882</speed_mps>
          <speed_mph>40.0</speed_mph>
        </extensions>
      </trkpt>
      <trkpt lat="52.22845" lon="1.44171">
        <ele>0</ele>
        <time>2026-06-26T08:36:49.375Z</time>
        <name>985</name>
        <extensions>
          <speed_mps>17.882</speed_mps>
          <speed_mph>40.0</speed_mph>
        </extensions>
      </trkpt>
      <trkpt lat="52.22844" lon="1.44230">
        <ele>0</ele>
        <time>2026-06-26T08:36:51.632Z</time>
        <name>986</name>
        <extensions>
          <speed_mps>17.882</speed_mps>
          <speed_mph>40.0</speed_mph>
        </extensions>
      </trkpt>
      <trkpt lat="52.22843" lon="1.44289">
        <ele>0</ele>
        <time>2026-06-26T08:36:53.890Z</time>
        <name>987</name>
        <extensions>
          <speed_mps>17.882</speed_mps>
          <speed_mph>40.0</speed_mph>
        </extensions>
      </trkpt>
      <trkpt lat="52.22843" lon="1.44349">
        <ele>0</ele>
        <time>2026-06-26T08:36:56.147Z</time>
        <name>988</name>
        <extensions>
          <speed_mps>17.882</speed_mps>
          <speed_mph>40.0</speed_mph>
        </extensions>
      </trkpt>
      <trkpt lat="52.22846" lon="1.44408">
        <ele>0</ele>
        <time>2026-06-26T08:36:58.405Z</time>
        <name>989</name>
        <extensions>
          <speed_mps>17.882</speed_mps>
          <speed_mph>40.0</speed_mph>
        </extensions>
      </trkpt>
      <trkpt lat="52.22848" lon="1.44467">
        <ele>0</ele>
        <time>2026-06-26T08:37:00.664Z</time>
        <name>990</name>
        <extensions>
          <speed_mps>17.882</speed_mps>
          <speed_mph>40.0</speed_mph>
        </extensions>
      </trkpt>
      <trkpt lat="52.22853" lon="1.44526">
        <ele>0</ele>
        <time>2026-06-26T08:37:02.920Z</time>
        <name>991</name>
        <extensions>
          <speed_mps>17.882</speed_mps>
          <speed_mph>40.0</speed_mph>
        </extensions>
      </trkpt>
      <trkpt lat="52.22858" lon="1.44584">
        <ele>0</ele>
        <time>2026-06-26T08:37:05.178Z</time>
        <name>992</name>
        <extensions>
          <speed_mps>17.882</speed_mps>
          <speed_mph>40.0</speed_mph>
        </extensions>
      </trkpt>
      <trkpt lat="52.22862" lon="1.44643">
        <ele>0</ele>
        <time>2026-06-26T08:37:07.435Z</time>
        <name>993</name>
        <extensions>
          <speed_mps>17.882</speed_mps>
          <speed_mph>40.0</speed_mph>
        </extensions>
      </trkpt>
      <trkpt lat="52.22859" lon="1.44702">
        <ele>0</ele>
        <time>2026-06-26T08:37:09.668Z</time>
        <name>994</name>
        <extensions>
          <speed_mps>17.882</speed_mps>
          <speed_mph>40.0</speed_mph>
        </extensions>
      </trkpt>
      <trkpt lat="52.22841" lon="1.44753">
        <ele>0</ele>
        <time>2026-06-26T08:37:11.926Z</time>
        <name>995</name>
        <extensions>
          <speed_mps>17.882</speed_mps>
          <speed_mph>40.0</speed_mph>
        </extensions>
      </trkpt>
      <trkpt lat="52.22826" lon="1.44807">
        <ele>0</ele>
        <time>2026-06-26T08:37:14.177Z</time>
        <name>996</name>
        <extensions>
          <speed_mps>17.882</speed_mps>
          <speed_mph>40.0</speed_mph>
        </extensions>
      </trkpt>
      <trkpt lat="52.22816" lon="1.44864">
        <ele>0</ele>
        <time>2026-06-26T08:37:16.430Z</time>
        <name>997</name>
        <extensions>
          <speed_mps>17.882</speed_mps>
          <speed_mph>40.0</speed_mph>
        </extensions>
      </trkpt>
      <trkpt lat="52.22808" lon="1.44922">
        <ele>0</ele>
        <time>2026-06-26T08:37:18.688Z</time>
        <name>998</name>
        <extensions>
          <speed_mps>17.882</speed_mps>
          <speed_mph>40.0</speed_mph>
        </extensions>
      </trkpt>
      <trkpt lat="52.22795" lon="1.44976">
        <ele>0</ele>
        <time>2026-06-26T08:37:20.918Z</time>
        <name>999</name>
        <extensions>
          <speed_mps>17.882</speed_mps>
          <speed_mph>40.0</speed_mph>
        </extensions>
      </trkpt>
      <trkpt lat="52.22777" lon="1.45027">
        <ele>0</ele>
        <time>2026-06-26T08:37:23.176Z</time>
        <name>1000</name>
        <extensions>
          <speed_mps>17.882</speed_mps>
          <speed_mph>40.0</speed_mph>
        </extensions>
      </trkpt>
      <trkpt lat="52.22760" lon="1.45079">
        <ele>0</ele>
        <time>2026-06-26T08:37:25.427Z</time>
        <name>1001</name>
        <extensions>
          <speed_mps>17.882</speed_mps>
          <speed_mph>40.0</speed_mph>
        </extensions>
      </trkpt>
      <trkpt lat="52.22747" lon="1.45135">
        <ele>0</ele>
        <time>2026-06-26T08:37:27.685Z</time>
        <name>1002</name>
        <extensions>
          <speed_mps>17.882</speed_mps>
          <speed_mph>40.0</speed_mph>
        </extensions>
      </trkpt>
      <trkpt lat="52.22735" lon="1.45191">
        <ele>0</ele>
        <time>2026-06-26T08:37:29.939Z</time>
        <name>1003</name>
        <extensions>
          <speed_mps>17.882</speed_mps>
          <speed_mph>40.0</speed_mph>
        </extensions>
      </trkpt>
      <trkpt lat="52.22726" lon="1.45248">
        <ele>0</ele>
        <time>2026-06-26T08:37:32.197Z</time>
        <name>1004</name>
        <extensions>
          <speed_mps>17.882</speed_mps>
          <speed_mph>40.0</speed_mph>
        </extensions>
      </trkpt>
      <trkpt lat="52.22718" lon="1.45306">
        <ele>0</ele>
        <time>2026-06-26T08:37:34.455Z</time>
        <name>1005</name>
        <extensions>
          <speed_mps>17.882</speed_mps>
          <speed_mph>40.0</speed_mph>
        </extensions>
      </trkpt>
      <trkpt lat="52.22709" lon="1.45363">
        <ele>0</ele>
        <time>2026-06-26T08:37:36.713Z</time>
        <name>1006</name>
        <extensions>
          <speed_mps>17.882</speed_mps>
          <speed_mph>40.0</speed_mph>
        </extensions>
      </trkpt>
      <trkpt lat="52.22699" lon="1.45420">
        <ele>0</ele>
        <time>2026-06-26T08:37:38.970Z</time>
        <name>1007</name>
        <extensions>
          <speed_mps>17.882</speed_mps>
          <speed_mph>40.0</speed_mph>
        </extensions>
      </trkpt>
      <trkpt lat="52.22689" lon="1.45477">
        <ele>0</ele>
        <time>2026-06-26T08:37:41.228Z</time>
        <name>1008</name>
        <extensions>
          <speed_mps>17.882</speed_mps>
          <speed_mph>40.0</speed_mph>
        </extensions>
      </trkpt>
      <trkpt lat="52.22679" lon="1.45534">
        <ele>0</ele>
        <time>2026-06-26T08:37:43.474Z</time>
        <name>1009</name>
        <extensions>
          <speed_mps>17.882</speed_mps>
          <speed_mph>40.0</speed_mph>
        </extensions>
      </trkpt>
      <trkpt lat="52.22682" lon="1.45593">
        <ele>0</ele>
        <time>2026-06-26T08:37:45.727Z</time>
        <name>1010</name>
        <extensions>
          <speed_mps>17.882</speed_mps>
          <speed_mph>40.0</speed_mph>
        </extensions>
      </trkpt>
      <trkpt lat="52.22691" lon="1.45650">
        <ele>0</ele>
        <time>2026-06-26T08:37:47.985Z</time>
        <name>1011</name>
        <extensions>
          <speed_mps>17.882</speed_mps>
          <speed_mph>40.0</speed_mph>
        </extensions>
      </trkpt>
      <trkpt lat="52.22700" lon="1.45708">
        <ele>0</ele>
        <time>2026-06-26T08:37:50.243Z</time>
        <name>1012</name>
        <extensions>
          <speed_mps>17.882</speed_mps>
          <speed_mph>40.0</speed_mph>
        </extensions>
      </trkpt>
      <trkpt lat="52.22710" lon="1.45765">
        <ele>0</ele>
        <time>2026-06-26T08:37:52.501Z</time>
        <name>1013</name>
        <extensions>
          <speed_mps>17.882</speed_mps>
          <speed_mph>40.0</speed_mph>
        </extensions>
      </trkpt>
      <trkpt lat="52.22718" lon="1.45822">
        <ele>0</ele>
        <time>2026-06-26T08:37:54.759Z</time>
        <name>1014</name>
        <extensions>
          <speed_mps>17.882</speed_mps>
          <speed_mph>40.0</speed_mph>
        </extensions>
      </trkpt>
      <trkpt lat="52.22727" lon="1.45880">
        <ele>0</ele>
        <time>2026-06-26T08:37:57.017Z</time>
        <name>1015</name>
        <extensions>
          <speed_mps>17.882</speed_mps>
          <speed_mph>40.0</speed_mph>
        </extensions>
      </trkpt>
      <trkpt lat="52.22736" lon="1.45937">
        <ele>0</ele>
        <time>2026-06-26T08:37:59.275Z</time>
        <name>1016</name>
        <extensions>
          <speed_mps>17.882</speed_mps>
          <speed_mph>40.0</speed_mph>
        </extensions>
      </trkpt>
      <trkpt lat="52.22745" lon="1.45995">
        <ele>0</ele>
        <time>2026-06-26T08:38:01.533Z</time>
        <name>1017</name>
        <extensions>
          <speed_mps>17.882</speed_mps>
          <speed_mph>40.0</speed_mph>
        </extensions>
      </trkpt>
      <trkpt lat="52.22754" lon="1.46052">
        <ele>0</ele>
        <time>2026-06-26T08:38:03.791Z</time>
        <name>1018</name>
        <extensions>
          <speed_mps>17.882</speed_mps>
          <speed_mph>40.0</speed_mph>
        </extensions>
      </trkpt>
      <trkpt lat="52.22766" lon="1.46108">
        <ele>0</ele>
        <time>2026-06-26T08:38:06.036Z</time>
        <name>1019</name>
        <extensions>
          <speed_mps>17.882</speed_mps>
          <speed_mph>40.0</speed_mph>
        </extensions>
      </trkpt>
      <trkpt lat="52.22791" lon="1.46149">
        <ele>0</ele>
        <time>2026-06-26T08:38:08.245Z</time>
        <name>1020</name>
        <extensions>
          <speed_mps>17.882</speed_mps>
          <speed_mph>40.0</speed_mph>
        </extensions>
      </trkpt>
      <trkpt lat="52.22819" lon="1.46187">
        <ele>0</ele>
        <time>2026-06-26T08:38:10.503Z</time>
        <name>1021</name>
        <extensions>
          <speed_mps>17.882</speed_mps>
          <speed_mph>40.0</speed_mph>
        </extensions>
      </trkpt>
      <trkpt lat="52.22847" lon="1.46224">
        <ele>0</ele>
        <time>2026-06-26T08:38:12.761Z</time>
        <name>1022</name>
        <extensions>
          <speed_mps>17.882</speed_mps>
          <speed_mph>40.0</speed_mph>
        </extensions>
      </trkpt>
      <trkpt lat="52.22876" lon="1.46261">
        <ele>0</ele>
        <time>2026-06-26T08:38:15.019Z</time>
        <name>1023</name>
        <extensions>
          <speed_mps>17.882</speed_mps>
          <speed_mph>40.0</speed_mph>
        </extensions>
      </trkpt>
      <trkpt lat="52.22874" lon="1.46315">
        <ele>0</ele>
        <time>2026-06-26T08:38:17.067Z</time>
        <name>1024</name>
        <extensions>
          <speed_mps>17.882</speed_mps>
          <speed_mph>40.0</speed_mph>
        </extensions>
      </trkpt>
      <trkpt lat="52.22856" lon="1.46367">
        <ele>0</ele>
        <time>2026-06-26T08:38:19.325Z</time>
        <name>1025</name>
        <extensions>
          <speed_mps>17.882</speed_mps>
          <speed_mph>40.0</speed_mph>
        </extensions>
      </trkpt>
      <trkpt lat="52.22840" lon="1.46419">
        <ele>0</ele>
        <time>2026-06-26T08:38:21.577Z</time>
        <name>1026</name>
        <extensions>
          <speed_mps>17.882</speed_mps>
          <speed_mph>40.0</speed_mph>
        </extensions>
      </trkpt>
      <trkpt lat="52.22829" lon="1.46476">
        <ele>0</ele>
        <time>2026-06-26T08:38:23.835Z</time>
        <name>1027</name>
        <extensions>
          <speed_mps>17.882</speed_mps>
          <speed_mph>40.0</speed_mph>
        </extensions>
      </trkpt>
      <trkpt lat="52.22818" lon="1.46533">
        <ele>0</ele>
        <time>2026-06-26T08:38:26.093Z</time>
        <name>1028</name>
        <extensions>
          <speed_mps>17.882</speed_mps>
          <speed_mph>40.0</speed_mph>
        </extensions>
      </trkpt>
      <trkpt lat="52.22808" lon="1.46589">
        <ele>0</ele>
        <time>2026-06-26T08:38:28.351Z</time>
        <name>1029</name>
        <extensions>
          <speed_mps>17.882</speed_mps>
          <speed_mph>40.0</speed_mph>
        </extensions>
      </trkpt>
      <trkpt lat="52.22797" lon="1.46646">
        <ele>0</ele>
        <time>2026-06-26T08:38:30.609Z</time>
        <name>1030</name>
        <extensions>
          <speed_mps>17.882</speed_mps>
          <speed_mph>40.0</speed_mph>
        </extensions>
      </trkpt>
      <trkpt lat="52.22789" lon="1.46704">
        <ele>0</ele>
        <time>2026-06-26T08:38:32.863Z</time>
        <name>1031</name>
        <extensions>
          <speed_mps>17.882</speed_mps>
          <speed_mph>40.0</speed_mph>
        </extensions>
      </trkpt>
      <trkpt lat="52.22782" lon="1.46762">
        <ele>0</ele>
        <time>2026-06-26T08:38:35.121Z</time>
        <name>1032</name>
        <extensions>
          <speed_mps>17.882</speed_mps>
          <speed_mph>40.0</speed_mph>
        </extensions>
      </trkpt>
      <trkpt lat="52.22779" lon="1.46821">
        <ele>0</ele>
        <time>2026-06-26T08:38:37.363Z</time>
        <name>1033</name>
        <extensions>
          <speed_mps>17.882</speed_mps>
          <speed_mph>40.0</speed_mph>
        </extensions>
      </trkpt>
      <trkpt lat="52.22782" lon="1.46880">
        <ele>0</ele>
        <time>2026-06-26T08:38:39.621Z</time>
        <name>1034</name>
        <extensions>
          <speed_mps>17.882</speed_mps>
          <speed_mph>40.0</speed_mph>
        </extensions>
      </trkpt>
      <trkpt lat="52.22791" lon="1.46937">
        <ele>0</ele>
        <time>2026-06-26T08:38:41.856Z</time>
        <name>1035</name>
        <extensions>
          <speed_mps>17.882</speed_mps>
          <speed_mph>40.0</speed_mph>
        </extensions>
      </trkpt>
      <trkpt lat="52.22804" lon="1.46992">
        <ele>0</ele>
        <time>2026-06-26T08:38:44.114Z</time>
        <name>1036</name>
        <extensions>
          <speed_mps>17.882</speed_mps>
          <speed_mph>40.0</speed_mph>
        </extensions>
      </trkpt>
      <trkpt lat="52.22818" lon="1.47047">
        <ele>0</ele>
        <time>2026-06-26T08:38:46.372Z</time>
        <name>1037</name>
        <extensions>
          <speed_mps>17.882</speed_mps>
          <speed_mph>40.0</speed_mph>
        </extensions>
      </trkpt>
      <trkpt lat="52.22831" lon="1.47102">
        <ele>0</ele>
        <time>2026-06-26T08:38:48.631Z</time>
        <name>1038</name>
        <extensions>
          <speed_mps>17.882</speed_mps>
          <speed_mph>40.0</speed_mph>
        </extensions>
      </trkpt>
      <trkpt lat="52.22843" lon="1.47158">
        <ele>0</ele>
        <time>2026-06-26T08:38:50.887Z</time>
        <name>1039</name>
        <extensions>
          <speed_mps>17.882</speed_mps>
          <speed_mph>40.0</speed_mph>
        </extensions>
      </trkpt>
      <trkpt lat="52.22850" lon="1.47216">
        <ele>0</ele>
        <time>2026-06-26T08:38:53.141Z</time>
        <name>1040</name>
        <extensions>
          <speed_mps>17.882</speed_mps>
          <speed_mph>40.0</speed_mph>
        </extensions>
      </trkpt>
      <trkpt lat="52.22859" lon="1.47273">
        <ele>0</ele>
        <time>2026-06-26T08:38:55.391Z</time>
        <name>1041</name>
        <extensions>
          <speed_mps>17.882</speed_mps>
          <speed_mph>40.0</speed_mph>
        </extensions>
      </trkpt>
      <trkpt lat="52.22869" lon="1.47330">
        <ele>0</ele>
        <time>2026-06-26T08:38:57.628Z</time>
        <name>1042</name>
        <extensions>
          <speed_mps>17.882</speed_mps>
          <speed_mph>40.0</speed_mph>
        </extensions>
      </trkpt>
      <trkpt lat="52.22868" lon="1.47389">
        <ele>0</ele>
        <time>2026-06-26T08:38:59.880Z</time>
        <name>1043</name>
        <extensions>
          <speed_mps>17.882</speed_mps>
          <speed_mph>40.0</speed_mph>
        </extensions>
      </trkpt>
      <trkpt lat="52.22863" lon="1.47447">
        <ele>0</ele>
        <time>2026-06-26T08:39:02.138Z</time>
        <name>1044</name>
        <extensions>
          <speed_mps>17.882</speed_mps>
          <speed_mph>40.0</speed_mph>
        </extensions>
      </trkpt>
      <trkpt lat="52.22871" lon="1.47503">
        <ele>0</ele>
        <time>2026-06-26T08:39:04.293Z</time>
        <name>1045</name>
        <extensions>
          <speed_mps>17.882</speed_mps>
          <speed_mph>40.0</speed_mph>
        </extensions>
      </trkpt>
      <trkpt lat="52.22903" lon="1.47529">
        <ele>0</ele>
        <time>2026-06-26T08:39:06.515Z</time>
        <name>1046</name>
        <extensions>
          <speed_mps>17.882</speed_mps>
          <speed_mph>40.0</speed_mph>
        </extensions>
      </trkpt>
      <trkpt lat="52.22936" lon="1.47555">
        <ele>0</ele>
        <time>2026-06-26T08:39:08.771Z</time>
        <name>1047</name>
        <extensions>
          <speed_mps>17.882</speed_mps>
          <speed_mph>40.0</speed_mph>
        </extensions>
      </trkpt>
      <trkpt lat="52.22968" lon="1.47583">
        <ele>0</ele>
        <time>2026-06-26T08:39:11.029Z</time>
        <name>1048</name>
        <extensions>
          <speed_mps>17.882</speed_mps>
          <speed_mph>40.0</speed_mph>
        </extensions>
      </trkpt>
      <trkpt lat="52.23000" lon="1.47611">
        <ele>0</ele>
        <time>2026-06-26T08:39:13.287Z</time>
        <name>1049</name>
        <extensions>
          <speed_mps>17.882</speed_mps>
          <speed_mph>40.0</speed_mph>
        </extensions>
      </trkpt>
      <trkpt lat="52.23027" lon="1.47650">
        <ele>0</ele>
        <time>2026-06-26T08:39:15.545Z</time>
        <name>1050</name>
        <extensions>
          <speed_mps>17.882</speed_mps>
          <speed_mph>40.0</speed_mph>
        </extensions>
      </trkpt>
      <trkpt lat="52.23054" lon="1.47690">
        <ele>0</ele>
        <time>2026-06-26T08:39:17.803Z</time>
        <name>1051</name>
        <extensions>
          <speed_mps>17.882</speed_mps>
          <speed_mph>40.0</speed_mph>
        </extensions>
      </trkpt>
      <trkpt lat="52.23045" lon="1.47722">
        <ele>0</ele>
        <time>2026-06-26T08:39:19.167Z</time>
        <name>1052</name>
        <extensions>
          <speed_mps>17.882</speed_mps>
          <speed_mph>40.0</speed_mph>
        </extensions>
      </trkpt>
      <trkpt lat="52.23013" lon="1.47751">
        <ele>0</ele>
        <time>2026-06-26T08:39:21.425Z</time>
        <name>1053</name>
        <extensions>
          <speed_mps>17.882</speed_mps>
          <speed_mph>40.0</speed_mph>
        </extensions>
      </trkpt>
      <trkpt lat="52.22981" lon="1.47779">
        <ele>0</ele>
        <time>2026-06-26T08:39:23.683Z</time>
        <name>1054</name>
        <extensions>
          <speed_mps>17.882</speed_mps>
          <speed_mph>40.0</speed_mph>
        </extensions>
      </trkpt>
      <trkpt lat="52.22949" lon="1.47807">
        <ele>0</ele>
        <time>2026-06-26T08:39:25.941Z</time>
        <name>1055</name>
        <extensions>
          <speed_mps>17.882</speed_mps>
          <speed_mph>40.0</speed_mph>
        </extensions>
      </trkpt>
      <trkpt lat="52.22932" lon="1.47858">
        <ele>0</ele>
        <time>2026-06-26T08:39:28.144Z</time>
        <name>1056</name>
        <extensions>
          <speed_mps>17.882</speed_mps>
          <speed_mph>40.0</speed_mph>
        </extensions>
      </trkpt>
      <trkpt lat="52.22960" lon="1.47879">
        <ele>0</ele>
        <time>2026-06-26T08:39:30.094Z</time>
        <name>1057</name>
        <extensions>
          <speed_mps>17.882</speed_mps>
          <speed_mph>40.0</speed_mph>
        </extensions>
      </trkpt>
      <trkpt lat="52.22995" lon="1.47894">
        <ele>0</ele>
        <time>2026-06-26T08:39:32.352Z</time>
        <name>1058</name>
        <extensions>
          <speed_mps>17.882</speed_mps>
          <speed_mph>40.0</speed_mph>
        </extensions>
      </trkpt>
      <trkpt lat="52.23030" lon="1.47911">
        <ele>0</ele>
        <time>2026-06-26T08:39:34.610Z</time>
        <name>1059</name>
        <extensions>
          <speed_mps>17.882</speed_mps>
          <speed_mph>40.0</speed_mph>
        </extensions>
      </trkpt>
      <trkpt lat="52.23065" lon="1.47928">
        <ele>0</ele>
        <time>2026-06-26T08:39:36.869Z</time>
        <name>1060</name>
        <extensions>
          <speed_mps>17.882</speed_mps>
          <speed_mph>40.0</speed_mph>
        </extensions>
      </trkpt>
      <trkpt lat="52.23100" lon="1.47945">
        <ele>0</ele>
        <time>2026-06-26T08:39:39.126Z</time>
        <name>1061</name>
        <extensions>
          <speed_mps>17.882</speed_mps>
          <speed_mph>40.0</speed_mph>
        </extensions>
      </trkpt>
      <trkpt lat="52.23134" lon="1.47965">
        <ele>0</ele>
        <time>2026-06-26T08:39:41.384Z</time>
        <name>1062</name>
        <extensions>
          <speed_mps>17.882</speed_mps>
          <speed_mph>40.0</speed_mph>
        </extensions>
      </trkpt>
      <trkpt lat="52.23168" lon="1.47985">
        <ele>0</ele>
        <time>2026-06-26T08:39:43.642Z</time>
        <name>1063</name>
        <extensions>
          <speed_mps>17.882</speed_mps>
          <speed_mph>40.0</speed_mph>
        </extensions>
      </trkpt>
      <trkpt lat="52.23202" lon="1.48005">
        <ele>0</ele>
        <time>2026-06-26T08:39:45.900Z</time>
        <name>1064</name>
        <extensions>
          <speed_mps>17.882</speed_mps>
          <speed_mph>40.0</speed_mph>
        </extensions>
      </trkpt>
      <trkpt lat="52.23236" lon="1.48025">
        <ele>0</ele>
        <time>2026-06-26T08:39:48.157Z</time>
        <name>1065</name>
        <extensions>
          <speed_mps>17.882</speed_mps>
          <speed_mph>40.0</speed_mph>
        </extensions>
      </trkpt>
      <trkpt lat="52.23270" lon="1.48048">
        <ele>0</ele>
        <time>2026-06-26T08:39:50.415Z</time>
        <name>1066</name>
        <extensions>
          <speed_mps>17.882</speed_mps>
          <speed_mph>40.0</speed_mph>
        </extensions>
      </trkpt>
      <trkpt lat="52.23303" lon="1.48071">
        <ele>0</ele>
        <time>2026-06-26T08:39:52.673Z</time>
        <name>1067</name>
        <extensions>
          <speed_mps>17.882</speed_mps>
          <speed_mph>40.0</speed_mph>
        </extensions>
      </trkpt>
      <trkpt lat="52.23337" lon="1.48095">
        <ele>0</ele>
        <time>2026-06-26T08:39:54.932Z</time>
        <name>1068</name>
        <extensions>
          <speed_mps>17.882</speed_mps>
          <speed_mph>40.0</speed_mph>
        </extensions>
      </trkpt>
      <trkpt lat="52.23370" lon="1.48118">
        <ele>0</ele>
        <time>2026-06-26T08:39:57.190Z</time>
        <name>1069</name>
        <extensions>
          <speed_mps>17.882</speed_mps>
          <speed_mph>40.0</speed_mph>
        </extensions>
      </trkpt>
      <trkpt lat="52.23403" lon="1.48142">
        <ele>0</ele>
        <time>2026-06-26T08:39:59.448Z</time>
        <name>1070</name>
        <extensions>
          <speed_mps>17.882</speed_mps>
          <speed_mph>40.0</speed_mph>
        </extensions>
      </trkpt>
      <trkpt lat="52.23436" lon="1.48166">
        <ele>0</ele>
        <time>2026-06-26T08:40:01.706Z</time>
        <name>1071</name>
        <extensions>
          <speed_mps>17.882</speed_mps>
          <speed_mph>40.0</speed_mph>
        </extensions>
      </trkpt>
      <trkpt lat="52.23469" lon="1.48193">
        <ele>0</ele>
        <time>2026-06-26T08:40:03.963Z</time>
        <name>1072</name>
        <extensions>
          <speed_mps>17.882</speed_mps>
          <speed_mph>40.0</speed_mph>
        </extensions>
      </trkpt>
      <trkpt lat="52.23501" lon="1.48221">
        <ele>0</ele>
        <time>2026-06-26T08:40:06.221Z</time>
        <name>1073</name>
        <extensions>
          <speed_mps>17.882</speed_mps>
          <speed_mph>40.0</speed_mph>
        </extensions>
      </trkpt>
      <trkpt lat="52.23533" lon="1.48248">
        <ele>0</ele>
        <time>2026-06-26T08:40:08.479Z</time>
        <name>1074</name>
        <extensions>
          <speed_mps>17.882</speed_mps>
          <speed_mph>40.0</speed_mph>
        </extensions>
      </trkpt>
      <trkpt lat="52.23565" lon="1.48277">
        <ele>0</ele>
        <time>2026-06-26T08:40:10.737Z</time>
        <name>1075</name>
        <extensions>
          <speed_mps>17.882</speed_mps>
          <speed_mph>40.0</speed_mph>
        </extensions>
      </trkpt>
      <trkpt lat="52.23596" lon="1.48307">
        <ele>0</ele>
        <time>2026-06-26T08:40:12.995Z</time>
        <name>1076</name>
        <extensions>
          <speed_mps>17.882</speed_mps>
          <speed_mph>40.0</speed_mph>
        </extensions>
      </trkpt>
      <trkpt lat="52.23626" lon="1.48340">
        <ele>0</ele>
        <time>2026-06-26T08:40:15.252Z</time>
        <name>1077</name>
        <extensions>
          <speed_mps>17.882</speed_mps>
          <speed_mph>40.0</speed_mph>
        </extensions>
      </trkpt>
      <trkpt lat="52.23655" lon="1.48377">
        <ele>0</ele>
        <time>2026-06-26T08:40:17.509Z</time>
        <name>1078</name>
        <extensions>
          <speed_mps>17.882</speed_mps>
          <speed_mph>40.0</speed_mph>
        </extensions>
      </trkpt>
      <trkpt lat="52.23681" lon="1.48417">
        <ele>0</ele>
        <time>2026-06-26T08:40:19.766Z</time>
        <name>1079</name>
        <extensions>
          <speed_mps>17.882</speed_mps>
          <speed_mph>40.0</speed_mph>
        </extensions>
      </trkpt>
      <trkpt lat="52.23706" lon="1.48460">
        <ele>0</ele>
        <time>2026-06-26T08:40:22.023Z</time>
        <name>1080</name>
        <extensions>
          <speed_mps>17.882</speed_mps>
          <speed_mph>40.0</speed_mph>
        </extensions>
      </trkpt>
      <trkpt lat="52.23730" lon="1.48505">
        <ele>0</ele>
        <time>2026-06-26T08:40:24.281Z</time>
        <name>1081</name>
        <extensions>
          <speed_mps>17.882</speed_mps>
          <speed_mph>40.0</speed_mph>
        </extensions>
      </trkpt>
      <trkpt lat="52.23752" lon="1.48552">
        <ele>0</ele>
        <time>2026-06-26T08:40:26.539Z</time>
        <name>1082</name>
        <extensions>
          <speed_mps>17.882</speed_mps>
          <speed_mph>40.0</speed_mph>
        </extensions>
      </trkpt>
      <trkpt lat="52.23775" lon="1.48598">
        <ele>0</ele>
        <time>2026-06-26T08:40:28.797Z</time>
        <name>1083</name>
        <extensions>
          <speed_mps>17.882</speed_mps>
          <speed_mph>40.0</speed_mph>
        </extensions>
      </trkpt>
      <trkpt lat="52.23798" lon="1.48644">
        <ele>0</ele>
        <time>2026-06-26T08:40:31.054Z</time>
        <name>1084</name>
        <extensions>
          <speed_mps>17.882</speed_mps>
          <speed_mph>40.0</speed_mph>
        </extensions>
      </trkpt>
      <trkpt lat="52.23822" lon="1.48689">
        <ele>0</ele>
        <time>2026-06-26T08:40:33.313Z</time>
        <name>1085</name>
        <extensions>
          <speed_mps>17.882</speed_mps>
          <speed_mph>40.0</speed_mph>
        </extensions>
      </trkpt>
      <trkpt lat="52.23847" lon="1.48732">
        <ele>0</ele>
        <time>2026-06-26T08:40:35.569Z</time>
        <name>1086</name>
        <extensions>
          <speed_mps>17.882</speed_mps>
          <speed_mph>40.0</speed_mph>
        </extensions>
      </trkpt>
      <trkpt lat="52.23874" lon="1.48772">
        <ele>0</ele>
        <time>2026-06-26T08:40:37.824Z</time>
        <name>1087</name>
        <extensions>
          <speed_mps>17.882</speed_mps>
          <speed_mph>40.0</speed_mph>
        </extensions>
      </trkpt>
      <trkpt lat="52.23903" lon="1.48806">
        <ele>0</ele>
        <time>2026-06-26T08:40:40.079Z</time>
        <name>1088</name>
        <extensions>
          <speed_mps>17.882</speed_mps>
          <speed_mph>40.0</speed_mph>
        </extensions>
      </trkpt>
      <trkpt lat="52.23934" lon="1.48837">
        <ele>0</ele>
        <time>2026-06-26T08:40:42.337Z</time>
        <name>1089</name>
        <extensions>
          <speed_mps>17.882</speed_mps>
          <speed_mph>40.0</speed_mph>
        </extensions>
      </trkpt>
      <trkpt lat="52.23967" lon="1.48863">
        <ele>0</ele>
        <time>2026-06-26T08:40:44.591Z</time>
        <name>1090</name>
        <extensions>
          <speed_mps>17.882</speed_mps>
          <speed_mph>40.0</speed_mph>
        </extensions>
      </trkpt>
      <trkpt lat="52.24000" lon="1.48885">
        <ele>0</ele>
        <time>2026-06-26T08:40:46.848Z</time>
        <name>1091</name>
        <extensions>
          <speed_mps>17.882</speed_mps>
          <speed_mph>40.0</speed_mph>
        </extensions>
      </trkpt>
      <trkpt lat="52.24035" lon="1.48903">
        <ele>0</ele>
        <time>2026-06-26T08:40:49.106Z</time>
        <name>1092</name>
        <extensions>
          <speed_mps>17.882</speed_mps>
          <speed_mph>40.0</speed_mph>
        </extensions>
      </trkpt>
      <trkpt lat="52.24070" lon="1.48918">
        <ele>0</ele>
        <time>2026-06-26T08:40:51.363Z</time>
        <name>1093</name>
        <extensions>
          <speed_mps>17.882</speed_mps>
          <speed_mph>40.0</speed_mph>
        </extensions>
      </trkpt>
      <trkpt lat="52.24105" lon="1.48932">
        <ele>0</ele>
        <time>2026-06-26T08:40:53.621Z</time>
        <name>1094</name>
        <extensions>
          <speed_mps>17.882</speed_mps>
          <speed_mph>40.0</speed_mph>
        </extensions>
      </trkpt>
      <trkpt lat="52.24141" lon="1.48945">
        <ele>0</ele>
        <time>2026-06-26T08:40:55.879Z</time>
        <name>1095</name>
        <extensions>
          <speed_mps>17.882</speed_mps>
          <speed_mph>40.0</speed_mph>
        </extensions>
      </trkpt>
      <trkpt lat="52.24176" lon="1.48957">
        <ele>0</ele>
        <time>2026-06-26T08:40:58.137Z</time>
        <name>1096</name>
        <extensions>
          <speed_mps>17.882</speed_mps>
          <speed_mph>40.0</speed_mph>
        </extensions>
      </trkpt>
      <trkpt lat="52.24212" lon="1.48970">
        <ele>0</ele>
        <time>2026-06-26T08:41:00.395Z</time>
        <name>1097</name>
        <extensions>
          <speed_mps>17.882</speed_mps>
          <speed_mph>40.0</speed_mph>
        </extensions>
      </trkpt>
      <trkpt lat="52.24247" lon="1.48982">
        <ele>0</ele>
        <time>2026-06-26T08:41:02.653Z</time>
        <name>1098</name>
        <extensions>
          <speed_mps>17.882</speed_mps>
          <speed_mph>40.0</speed_mph>
        </extensions>
      </trkpt>
      <trkpt lat="52.24283" lon="1.48994">
        <ele>0</ele>
        <time>2026-06-26T08:41:04.911Z</time>
        <name>1099</name>
        <extensions>
          <speed_mps>17.882</speed_mps>
          <speed_mph>40.0</speed_mph>
        </extensions>
      </trkpt>
      <trkpt lat="52.24318" lon="1.49007">
        <ele>0</ele>
        <time>2026-06-26T08:41:07.169Z</time>
        <name>1100</name>
        <extensions>
          <speed_mps>17.882</speed_mps>
          <speed_mph>40.0</speed_mph>
        </extensions>
      </trkpt>
      <trkpt lat="52.24354" lon="1.49020">
        <ele>0</ele>
        <time>2026-06-26T08:41:09.427Z</time>
        <name>1101</name>
        <extensions>
          <speed_mps>17.882</speed_mps>
          <speed_mph>40.0</speed_mph>
        </extensions>
      </trkpt>
      <trkpt lat="52.24389" lon="1.49035">
        <ele>0</ele>
        <time>2026-06-26T08:41:11.685Z</time>
        <name>1102</name>
        <extensions>
          <speed_mps>17.882</speed_mps>
          <speed_mph>40.0</speed_mph>
        </extensions>
      </trkpt>
      <trkpt lat="52.24424" lon="1.49052">
        <ele>0</ele>
        <time>2026-06-26T08:41:13.943Z</time>
        <name>1103</name>
        <extensions>
          <speed_mps>17.882</speed_mps>
          <speed_mph>40.0</speed_mph>
        </extensions>
      </trkpt>
      <trkpt lat="52.24458" lon="1.49071">
        <ele>0</ele>
        <time>2026-06-26T08:41:16.201Z</time>
        <name>1104</name>
        <extensions>
          <speed_mps>17.882</speed_mps>
          <speed_mph>40.0</speed_mph>
        </extensions>
      </trkpt>
      <trkpt lat="52.24492" lon="1.49090">
        <ele>0</ele>
        <time>2026-06-26T08:41:18.459Z</time>
        <name>1105</name>
        <extensions>
          <speed_mps>17.882</speed_mps>
          <speed_mph>40.0</speed_mph>
        </extensions>
      </trkpt>
      <trkpt lat="52.24526" lon="1.49112">
        <ele>0</ele>
        <time>2026-06-26T08:41:20.717Z</time>
        <name>1106</name>
        <extensions>
          <speed_mps>17.882</speed_mps>
          <speed_mph>40.0</speed_mph>
        </extensions>
      </trkpt>
      <trkpt lat="52.24560" lon="1.49133">
        <ele>0</ele>
        <time>2026-06-26T08:41:22.975Z</time>
        <name>1107</name>
        <extensions>
          <speed_mps>17.882</speed_mps>
          <speed_mph>40.0</speed_mph>
        </extensions>
      </trkpt>
      <trkpt lat="52.24594" lon="1.49154">
        <ele>0</ele>
        <time>2026-06-26T08:41:25.233Z</time>
        <name>1108</name>
        <extensions>
          <speed_mps>17.882</speed_mps>
          <speed_mph>40.0</speed_mph>
        </extensions>
      </trkpt>
      <trkpt lat="52.24628" lon="1.49174">
        <ele>0</ele>
        <time>2026-06-26T08:41:27.491Z</time>
        <name>1109</name>
        <extensions>
          <speed_mps>17.882</speed_mps>
          <speed_mph>40.0</speed_mph>
        </extensions>
      </trkpt>
      <trkpt lat="52.24662" lon="1.49195">
        <ele>0</ele>
        <time>2026-06-26T08:41:29.749Z</time>
        <name>1110</name>
        <extensions>
          <speed_mps>17.882</speed_mps>
          <speed_mph>40.0</speed_mph>
        </extensions>
      </trkpt>
      <trkpt lat="52.24696" lon="1.49216">
        <ele>0</ele>
        <time>2026-06-26T08:41:32.007Z</time>
        <name>1111</name>
        <extensions>
          <speed_mps>17.882</speed_mps>
          <speed_mph>40.0</speed_mph>
        </extensions>
      </trkpt>
      <trkpt lat="52.24730" lon="1.49237">
        <ele>0</ele>
        <time>2026-06-26T08:41:34.265Z</time>
        <name>1112</name>
        <extensions>
          <speed_mps>17.882</speed_mps>
          <speed_mph>40.0</speed_mph>
        </extensions>
      </trkpt>
      <trkpt lat="52.24764" lon="1.49260">
        <ele>0</ele>
        <time>2026-06-26T08:41:36.523Z</time>
        <name>1113</name>
        <extensions>
          <speed_mps>17.882</speed_mps>
          <speed_mph>40.0</speed_mph>
        </extensions>
      </trkpt>
      <trkpt lat="52.24797" lon="1.49283">
        <ele>0</ele>
        <time>2026-06-26T08:41:38.781Z</time>
        <name>1114</name>
        <extensions>
          <speed_mps>17.882</speed_mps>
          <speed_mph>40.0</speed_mph>
        </extensions>
      </trkpt>
      <trkpt lat="52.24831" lon="1.49305">
        <ele>0</ele>
        <time>2026-06-26T08:41:41.039Z</time>
        <name>1115</name>
        <extensions>
          <speed_mps>17.882</speed_mps>
          <speed_mph>40.0</speed_mph>
        </extensions>
      </trkpt>
      <trkpt lat="52.24864" lon="1.49328">
        <ele>0</ele>
        <time>2026-06-26T08:41:43.297Z</time>
        <name>1116</name>
        <extensions>
          <speed_mps>17.882</speed_mps>
          <speed_mph>40.0</speed_mph>
        </extensions>
      </trkpt>
      <trkpt lat="52.24897" lon="1.49353">
        <ele>0</ele>
        <time>2026-06-26T08:41:45.554Z</time>
        <name>1117</name>
        <extensions>
          <speed_mps>17.882</speed_mps>
          <speed_mph>40.0</speed_mph>
        </extensions>
      </trkpt>
      <trkpt lat="52.24930" lon="1.49378">
        <ele>0</ele>
        <time>2026-06-26T08:41:47.812Z</time>
        <name>1118</name>
        <extensions>
          <speed_mps>17.882</speed_mps>
          <speed_mph>40.0</speed_mph>
        </extensions>
      </trkpt>
      <trkpt lat="52.24963" lon="1.49403">
        <ele>0</ele>
        <time>2026-06-26T08:41:50.070Z</time>
        <name>1119</name>
        <extensions>
          <speed_mps>17.882</speed_mps>
          <speed_mph>40.0</speed_mph>
        </extensions>
      </trkpt>
      <trkpt lat="52.24996" lon="1.49429">
        <ele>0</ele>
        <time>2026-06-26T08:41:52.328Z</time>
        <name>1120</name>
        <extensions>
          <speed_mps>17.882</speed_mps>
          <speed_mph>40.0</speed_mph>
        </extensions>
      </trkpt>
      <trkpt lat="52.25029" lon="1.49454">
        <ele>0</ele>
        <time>2026-06-26T08:41:54.586Z</time>
        <name>1121</name>
        <extensions>
          <speed_mps>17.882</speed_mps>
          <speed_mph>40.0</speed_mph>
        </extensions>
      </trkpt>
      <trkpt lat="52.25062" lon="1.49478">
        <ele>0</ele>
        <time>2026-06-26T08:41:56.844Z</time>
        <name>1122</name>
        <extensions>
          <speed_mps>17.882</speed_mps>
          <speed_mph>40.0</speed_mph>
        </extensions>
      </trkpt>
      <trkpt lat="52.25095" lon="1.49502">
        <ele>0</ele>
        <time>2026-06-26T08:41:59.102Z</time>
        <name>1123</name>
        <extensions>
          <speed_mps>17.882</speed_mps>
          <speed_mph>40.0</speed_mph>
        </extensions>
      </trkpt>
      <trkpt lat="52.25128" lon="1.49527">
        <ele>0</ele>
        <time>2026-06-26T08:42:01.359Z</time>
        <name>1124</name>
        <extensions>
          <speed_mps>17.882</speed_mps>
          <speed_mph>40.0</speed_mph>
        </extensions>
      </trkpt>
      <trkpt lat="52.25160" lon="1.49554">
        <ele>0</ele>
        <time>2026-06-26T08:42:03.617Z</time>
        <name>1125</name>
        <extensions>
          <speed_mps>17.882</speed_mps>
          <speed_mph>40.0</speed_mph>
        </extensions>
      </trkpt>
      <trkpt lat="52.25193" lon="1.49581">
        <ele>0</ele>
        <time>2026-06-26T08:42:05.875Z</time>
        <name>1126</name>
        <extensions>
          <speed_mps>17.882</speed_mps>
          <speed_mph>40.0</speed_mph>
        </extensions>
      </trkpt>
      <trkpt lat="52.25225" lon="1.49608">
        <ele>0</ele>
        <time>2026-06-26T08:42:08.133Z</time>
        <name>1127</name>
        <extensions>
          <speed_mps>17.882</speed_mps>
          <speed_mph>40.0</speed_mph>
        </extensions>
      </trkpt>
      <trkpt lat="52.25255" lon="1.49640">
        <ele>0</ele>
        <time>2026-06-26T08:42:10.391Z</time>
        <name>1128</name>
        <extensions>
          <speed_mps>17.882</speed_mps>
          <speed_mph>40.0</speed_mph>
        </extensions>
      </trkpt>
      <trkpt lat="52.25286" lon="1.49672">
        <ele>0</ele>
        <time>2026-06-26T08:42:12.649Z</time>
        <name>1129</name>
        <extensions>
          <speed_mps>17.882</speed_mps>
          <speed_mph>40.0</speed_mph>
        </extensions>
      </trkpt>
      <trkpt lat="52.25316" lon="1.49705">
        <ele>0</ele>
        <time>2026-06-26T08:42:14.907Z</time>
        <name>1130</name>
        <extensions>
          <speed_mps>17.882</speed_mps>
          <speed_mph>40.0</speed_mph>
        </extensions>
      </trkpt>
      <trkpt lat="52.25344" lon="1.49743">
        <ele>0</ele>
        <time>2026-06-26T08:42:17.165Z</time>
        <name>1131</name>
        <extensions>
          <speed_mps>17.882</speed_mps>
          <speed_mph>40.0</speed_mph>
        </extensions>
      </trkpt>
      <trkpt lat="52.25372" lon="1.49781">
        <ele>0</ele>
        <time>2026-06-26T08:42:19.423Z</time>
        <name>1132</name>
        <extensions>
          <speed_mps>17.882</speed_mps>
          <speed_mph>40.0</speed_mph>
        </extensions>
      </trkpt>
      <trkpt lat="52.25393" lon="1.49829">
        <ele>0</ele>
        <time>2026-06-26T08:42:21.675Z</time>
        <name>1133</name>
        <extensions>
          <speed_mps>17.882</speed_mps>
          <speed_mph>40.0</speed_mph>
        </extensions>
      </trkpt>
      <trkpt lat="52.25414" lon="1.49878">
        <ele>0</ele>
        <time>2026-06-26T08:42:23.933Z</time>
        <name>1134</name>
        <extensions>
          <speed_mps>17.882</speed_mps>
          <speed_mph>40.0</speed_mph>
        </extensions>
      </trkpt>
      <trkpt lat="52.25435" lon="1.49926">
        <ele>0</ele>
        <time>2026-06-26T08:42:26.191Z</time>
        <name>1135</name>
        <extensions>
          <speed_mps>17.882</speed_mps>
          <speed_mph>40.0</speed_mph>
        </extensions>
      </trkpt>
      <trkpt lat="52.25456" lon="1.49975">
        <ele>0</ele>
        <time>2026-06-26T08:42:28.449Z</time>
        <name>1136</name>
        <extensions>
          <speed_mps>17.882</speed_mps>
          <speed_mph>40.0</speed_mph>
        </extensions>
      </trkpt>
      <trkpt lat="52.25481" lon="1.50017">
        <ele>0</ele>
        <time>2026-06-26T08:42:30.707Z</time>
        <name>1137</name>
        <extensions>
          <speed_mps>17.882</speed_mps>
          <speed_mph>40.0</speed_mph>
        </extensions>
      </trkpt>
      <trkpt lat="52.25507" lon="1.50058">
        <ele>0</ele>
        <time>2026-06-26T08:42:32.964Z</time>
        <name>1138</name>
        <extensions>
          <speed_mps>17.882</speed_mps>
          <speed_mph>40.0</speed_mph>
        </extensions>
      </trkpt>
      <trkpt lat="52.25537" lon="1.50093">
        <ele>0</ele>
        <time>2026-06-26T08:42:35.223Z</time>
        <name>1139</name>
        <extensions>
          <speed_mps>17.882</speed_mps>
          <speed_mph>40.0</speed_mph>
        </extensions>
      </trkpt>
      <trkpt lat="52.25566" lon="1.50128">
        <ele>0</ele>
        <time>2026-06-26T08:42:37.481Z</time>
        <name>1140</name>
        <extensions>
          <speed_mps>17.882</speed_mps>
          <speed_mph>40.0</speed_mph>
        </extensions>
      </trkpt>
      <trkpt lat="52.25563" lon="1.50171">
        <ele>0</ele>
        <time>2026-06-26T08:42:39.115Z</time>
        <name>1141</name>
        <extensions>
          <speed_mps>17.882</speed_mps>
          <speed_mph>40.0</speed_mph>
        </extensions>
      </trkpt>
      <trkpt lat="52.25540" lon="1.50217">
        <ele>0</ele>
        <time>2026-06-26T08:42:41.372Z</time>
        <name>1142</name>
        <extensions>
          <speed_mps>17.882</speed_mps>
          <speed_mph>40.0</speed_mph>
        </extensions>
      </trkpt>
      <trkpt lat="52.25520" lon="1.50266">
        <ele>0</ele>
        <time>2026-06-26T08:42:43.627Z</time>
        <name>1143</name>
        <extensions>
          <speed_mps>17.882</speed_mps>
          <speed_mph>40.0</speed_mph>
        </extensions>
      </trkpt>
      <trkpt lat="52.25499" lon="1.50315">
        <ele>0</ele>
        <time>2026-06-26T08:42:45.883Z</time>
        <name>1144</name>
        <extensions>
          <speed_mps>17.882</speed_mps>
          <speed_mph>40.0</speed_mph>
        </extensions>
      </trkpt>
      <trkpt lat="52.25479" lon="1.50364">
        <ele>0</ele>
        <time>2026-06-26T08:42:48.138Z</time>
        <name>1145</name>
        <extensions>
          <speed_mps>17.882</speed_mps>
          <speed_mph>40.0</speed_mph>
        </extensions>
      </trkpt>
      <trkpt lat="52.25469" lon="1.50395">
        <ele>0</ele>
        <time>2026-06-26T08:42:49.468Z</time>
        <name>1146</name>
        <extensions>
          <speed_mps>17.882</speed_mps>
          <speed_mph>40.0</speed_mph>
        </extensions>
      </trkpt>
      <trkpt lat="52.25487" lon="1.50343">
        <ele>0</ele>
        <time>2026-06-26T08:42:51.721Z</time>
        <name>1147</name>
        <extensions>
          <speed_mps>17.882</speed_mps>
          <speed_mph>40.0</speed_mph>
        </extensions>
      </trkpt>
      <trkpt lat="52.25508" lon="1.50295">
        <ele>0</ele>
        <time>2026-06-26T08:42:53.979Z</time>
        <name>1148</name>
        <extensions>
          <speed_mps>17.882</speed_mps>
          <speed_mph>40.0</speed_mph>
        </extensions>
      </trkpt>
      <trkpt lat="52.25527" lon="1.50245">
        <ele>0</ele>
        <time>2026-06-26T08:42:56.236Z</time>
        <name>1149</name>
        <extensions>
          <speed_mps>17.882</speed_mps>
          <speed_mph>40.0</speed_mph>
        </extensions>
      </trkpt>
      <trkpt lat="52.25549" lon="1.50198">
        <ele>0</ele>
        <time>2026-06-26T08:42:58.489Z</time>
        <name>1150</name>
        <extensions>
          <speed_mps>17.882</speed_mps>
          <speed_mph>40.0</speed_mph>
        </extensions>
      </trkpt>
      <trkpt lat="52.25572" lon="1.50151">
        <ele>0</ele>
        <time>2026-06-26T08:43:00.746Z</time>
        <name>1151</name>
        <extensions>
          <speed_mps>17.882</speed_mps>
          <speed_mph>40.0</speed_mph>
        </extensions>
      </trkpt>
      <trkpt lat="52.25554" lon="1.50114">
        <ele>0</ele>
        <time>2026-06-26T08:43:02.560Z</time>
        <name>1152</name>
        <extensions>
          <speed_mps>17.882</speed_mps>
          <speed_mph>40.0</speed_mph>
        </extensions>
      </trkpt>
      <trkpt lat="52.25525" lon="1.50079">
        <ele>0</ele>
        <time>2026-06-26T08:43:04.818Z</time>
        <name>1153</name>
        <extensions>
          <speed_mps>17.882</speed_mps>
          <speed_mph>40.0</speed_mph>
        </extensions>
      </trkpt>
      <trkpt lat="52.25497" lon="1.50041">
        <ele>0</ele>
        <time>2026-06-26T08:43:07.070Z</time>
        <name>1154</name>
        <extensions>
          <speed_mps>17.882</speed_mps>
          <speed_mph>40.0</speed_mph>
        </extensions>
      </trkpt>
      <trkpt lat="52.25471" lon="1.50000">
        <ele>0</ele>
        <time>2026-06-26T08:43:09.329Z</time>
        <name>1155</name>
        <extensions>
          <speed_mps>17.882</speed_mps>
          <speed_mph>40.0</speed_mph>
        </extensions>
      </trkpt>
      <trkpt lat="52.25447" lon="1.49955">
        <ele>0</ele>
        <time>2026-06-26T08:43:11.577Z</time>
        <name>1156</name>
        <extensions>
          <speed_mps>17.882</speed_mps>
          <speed_mph>40.0</speed_mph>
        </extensions>
      </trkpt>
      <trkpt lat="52.25426" lon="1.49906">
        <ele>0</ele>
        <time>2026-06-26T08:43:13.835Z</time>
        <name>1157</name>
        <extensions>
          <speed_mps>17.882</speed_mps>
          <speed_mph>40.0</speed_mph>
        </extensions>
      </trkpt>
      <trkpt lat="52.25406" lon="1.49858">
        <ele>0</ele>
        <time>2026-06-26T08:43:16.093Z</time>
        <name>1158</name>
        <extensions>
          <speed_mps>17.882</speed_mps>
          <speed_mph>40.0</speed_mph>
        </extensions>
      </trkpt>
      <trkpt lat="52.25385" lon="1.49809">
        <ele>0</ele>
        <time>2026-06-26T08:43:18.351Z</time>
        <name>1159</name>
        <extensions>
          <speed_mps>17.882</speed_mps>
          <speed_mph>40.0</speed_mph>
        </extensions>
      </trkpt>
      <trkpt lat="52.25361" lon="1.49765">
        <ele>0</ele>
        <time>2026-06-26T08:43:20.591Z</time>
        <name>1160</name>
        <extensions>
          <speed_mps>17.882</speed_mps>
          <speed_mph>40.0</speed_mph>
        </extensions>
      </trkpt>
      <trkpt lat="52.25333" lon="1.49727">
        <ele>0</ele>
        <time>2026-06-26T08:43:22.849Z</time>
        <name>1161</name>
        <extensions>
          <speed_mps>17.882</speed_mps>
          <speed_mph>40.0</speed_mph>
        </extensions>
      </trkpt>
      <trkpt lat="52.25304" lon="1.49691">
        <ele>0</ele>
        <time>2026-06-26T08:43:25.102Z</time>
        <name>1162</name>
        <extensions>
          <speed_mps>17.882</speed_mps>
          <speed_mph>40.0</speed_mph>
        </extensions>
      </trkpt>
      <trkpt lat="52.25273" lon="1.49659">
        <ele>0</ele>
        <time>2026-06-26T08:43:27.360Z</time>
        <name>1163</name>
        <extensions>
          <speed_mps>17.882</speed_mps>
          <speed_mph>40.0</speed_mph>
        </extensions>
      </trkpt>
      <trkpt lat="52.25243" lon="1.49627">
        <ele>0</ele>
        <time>2026-06-26T08:43:29.619Z</time>
        <name>1164</name>
        <extensions>
          <speed_mps>17.882</speed_mps>
          <speed_mph>40.0</speed_mph>
        </extensions>
      </trkpt>
      <trkpt lat="52.25212" lon="1.49597">
        <ele>0</ele>
        <time>2026-06-26T08:43:31.874Z</time>
        <name>1165</name>
        <extensions>
          <speed_mps>17.882</speed_mps>
          <speed_mph>40.0</speed_mph>
        </extensions>
      </trkpt>
      <trkpt lat="52.25179" lon="1.49570">
        <ele>0</ele>
        <time>2026-06-26T08:43:34.132Z</time>
        <name>1166</name>
        <extensions>
          <speed_mps>17.882</speed_mps>
          <speed_mph>40.0</speed_mph>
        </extensions>
      </trkpt>
      <trkpt lat="52.25147" lon="1.49543">
        <ele>0</ele>
        <time>2026-06-26T08:43:36.390Z</time>
        <name>1167</name>
        <extensions>
          <speed_mps>17.882</speed_mps>
          <speed_mph>40.0</speed_mph>
        </extensions>
      </trkpt>
      <trkpt lat="52.25115" lon="1.49516">
        <ele>0</ele>
        <time>2026-06-26T08:43:38.648Z</time>
        <name>1168</name>
        <extensions>
          <speed_mps>17.882</speed_mps>
          <speed_mph>40.0</speed_mph>
        </extensions>
      </trkpt>
      <trkpt lat="52.25081" lon="1.49492">
        <ele>0</ele>
        <time>2026-06-26T08:43:40.906Z</time>
        <name>1169</name>
        <extensions>
          <speed_mps>17.882</speed_mps>
          <speed_mph>40.0</speed_mph>
        </extensions>
      </trkpt>
      <trkpt lat="52.25048" lon="1.49468">
        <ele>0</ele>
        <time>2026-06-26T08:43:43.164Z</time>
        <name>1170</name>
        <extensions>
          <speed_mps>17.882</speed_mps>
          <speed_mph>40.0</speed_mph>
        </extensions>
      </trkpt>
      <trkpt lat="52.25015" lon="1.49444">
        <ele>0</ele>
        <time>2026-06-26T08:43:45.422Z</time>
        <name>1171</name>
        <extensions>
          <speed_mps>17.882</speed_mps>
          <speed_mph>40.0</speed_mph>
        </extensions>
      </trkpt>
      <trkpt lat="52.24982" lon="1.49418">
        <ele>0</ele>
        <time>2026-06-26T08:43:47.680Z</time>
        <name>1172</name>
        <extensions>
          <speed_mps>17.882</speed_mps>
          <speed_mph>40.0</speed_mph>
        </extensions>
      </trkpt>
      <trkpt lat="52.24969" lon="1.49455">
        <ele>0</ele>
        <time>2026-06-26T08:43:49.324Z</time>
        <name>1173</name>
        <extensions>
          <speed_mps>17.882</speed_mps>
          <speed_mph>40.0</speed_mph>
        </extensions>
      </trkpt>
      <trkpt lat="52.24962" lon="1.49513">
        <ele>0</ele>
        <time>2026-06-26T08:43:51.582Z</time>
        <name>1174</name>
        <extensions>
          <speed_mps>17.882</speed_mps>
          <speed_mph>40.0</speed_mph>
        </extensions>
      </trkpt>
      <trkpt lat="52.24954" lon="1.49571">
        <ele>0</ele>
        <time>2026-06-26T08:43:53.840Z</time>
        <name>1175</name>
        <extensions>
          <speed_mps>17.882</speed_mps>
          <speed_mph>40.0</speed_mph>
        </extensions>
      </trkpt>
      <trkpt lat="52.24949" lon="1.49630">
        <ele>0</ele>
        <time>2026-06-26T08:43:56.096Z</time>
        <name>1176</name>
        <extensions>
          <speed_mps>17.882</speed_mps>
          <speed_mph>40.0</speed_mph>
        </extensions>
      </trkpt>
      <trkpt lat="52.24945" lon="1.49689">
        <ele>0</ele>
        <time>2026-06-26T08:43:58.354Z</time>
        <name>1177</name>
        <extensions>
          <speed_mps>17.882</speed_mps>
          <speed_mph>40.0</speed_mph>
        </extensions>
      </trkpt>
      <trkpt lat="52.24943" lon="1.49748">
        <ele>0</ele>
        <time>2026-06-26T08:44:00.612Z</time>
        <name>1178</name>
        <extensions>
          <speed_mps>17.882</speed_mps>
          <speed_mph>40.0</speed_mph>
        </extensions>
      </trkpt>
      <trkpt lat="52.24940" lon="1.49807">
        <ele>0</ele>
        <time>2026-06-26T08:44:02.870Z</time>
        <name>1179</name>
        <extensions>
          <speed_mps>17.882</speed_mps>
          <speed_mph>40.0</speed_mph>
        </extensions>
      </trkpt>
      <trkpt lat="52.24936" lon="1.49866">
        <ele>0</ele>
        <time>2026-06-26T08:44:05.126Z</time>
        <name>1180</name>
        <extensions>
          <speed_mps>17.882</speed_mps>
          <speed_mph>40.0</speed_mph>
        </extensions>
      </trkpt>
      <trkpt lat="52.24928" lon="1.49924">
        <ele>0</ele>
        <time>2026-06-26T08:44:07.383Z</time>
        <name>1181</name>
        <extensions>
          <speed_mps>17.882</speed_mps>
          <speed_mph>40.0</speed_mph>
        </extensions>
      </trkpt>
      <trkpt lat="52.24918" lon="1.49981">
        <ele>0</ele>
        <time>2026-06-26T08:44:09.640Z</time>
        <name>1182</name>
        <extensions>
          <speed_mps>17.882</speed_mps>
          <speed_mph>40.0</speed_mph>
        </extensions>
      </trkpt>
      <trkpt lat="52.24905" lon="1.50036">
        <ele>0</ele>
        <time>2026-06-26T08:44:11.895Z</time>
        <name>1183</name>
        <extensions>
          <speed_mps>17.882</speed_mps>
          <speed_mph>40.0</speed_mph>
        </extensions>
      </trkpt>
      <trkpt lat="52.24889" lon="1.50089">
        <ele>0</ele>
        <time>2026-06-26T08:44:14.154Z</time>
        <name>1184</name>
        <extensions>
          <speed_mps>17.882</speed_mps>
          <speed_mph>40.0</speed_mph>
        </extensions>
      </trkpt>
      <trkpt lat="52.24873" lon="1.50143">
        <ele>0</ele>
        <time>2026-06-26T08:44:16.411Z</time>
        <name>1185</name>
        <extensions>
          <speed_mps>17.882</speed_mps>
          <speed_mph>40.0</speed_mph>
        </extensions>
      </trkpt>
      <trkpt lat="52.24855" lon="1.50194">
        <ele>0</ele>
        <time>2026-06-26T08:44:18.662Z</time>
        <name>1186</name>
        <extensions>
          <speed_mps>17.882</speed_mps>
          <speed_mph>40.0</speed_mph>
        </extensions>
      </trkpt>
      <trkpt lat="52.24841" lon="1.50249">
        <ele>0</ele>
        <time>2026-06-26T08:44:20.920Z</time>
        <name>1187</name>
        <extensions>
          <speed_mps>17.882</speed_mps>
          <speed_mph>40.0</speed_mph>
        </extensions>
      </trkpt>
      <trkpt lat="52.24828" lon="1.50304">
        <ele>0</ele>
        <time>2026-06-26T08:44:23.178Z</time>
        <name>1188</name>
        <extensions>
          <speed_mps>17.882</speed_mps>
          <speed_mph>40.0</speed_mph>
        </extensions>
      </trkpt>
      <trkpt lat="52.24814" lon="1.50358">
        <ele>0</ele>
        <time>2026-06-26T08:44:25.436Z</time>
        <name>1189</name>
        <extensions>
          <speed_mps>17.882</speed_mps>
          <speed_mph>40.0</speed_mph>
        </extensions>
      </trkpt>
      <trkpt lat="52.24801" lon="1.50414">
        <ele>0</ele>
        <time>2026-06-26T08:44:27.694Z</time>
        <name>1190</name>
        <extensions>
          <speed_mps>17.882</speed_mps>
          <speed_mph>40.0</speed_mph>
        </extensions>
      </trkpt>
      <trkpt lat="52.24788" lon="1.50469">
        <ele>0</ele>
        <time>2026-06-26T08:44:29.952Z</time>
        <name>1191</name>
        <extensions>
          <speed_mps>17.882</speed_mps>
          <speed_mph>40.0</speed_mph>
        </extensions>
      </trkpt>
      <trkpt lat="52.24775" lon="1.50525">
        <ele>0</ele>
        <time>2026-06-26T08:44:32.210Z</time>
        <name>1192</name>
        <extensions>
          <speed_mps>17.882</speed_mps>
          <speed_mph>40.0</speed_mph>
        </extensions>
      </trkpt>
      <trkpt lat="52.24756" lon="1.50575">
        <ele>0</ele>
        <time>2026-06-26T08:44:34.451Z</time>
        <name>1193</name>
        <extensions>
          <speed_mps>17.882</speed_mps>
          <speed_mph>40.0</speed_mph>
        </extensions>
      </trkpt>
      <trkpt lat="52.24735" lon="1.50623">
        <ele>0</ele>
        <time>2026-06-26T08:44:36.709Z</time>
        <name>1194</name>
        <extensions>
          <speed_mps>17.882</speed_mps>
          <speed_mph>40.0</speed_mph>
        </extensions>
      </trkpt>
      <trkpt lat="52.24707" lon="1.50660">
        <ele>0</ele>
        <time>2026-06-26T08:44:38.953Z</time>
        <name>1195</name>
        <extensions>
          <speed_mps>17.882</speed_mps>
          <speed_mph>40.0</speed_mph>
        </extensions>
      </trkpt>
      <trkpt lat="52.24672" lon="1.50676">
        <ele>0</ele>
        <time>2026-06-26T08:44:41.184Z</time>
        <name>1196</name>
        <extensions>
          <speed_mps>17.882</speed_mps>
          <speed_mph>40.0</speed_mph>
        </extensions>
      </trkpt>
      <trkpt lat="52.24641" lon="1.50706">
        <ele>0</ele>
        <time>2026-06-26T08:44:43.431Z</time>
        <name>1197</name>
        <extensions>
          <speed_mps>17.882</speed_mps>
          <speed_mph>40.0</speed_mph>
        </extensions>
      </trkpt>
      <trkpt lat="52.24611" lon="1.50740">
        <ele>0</ele>
        <time>2026-06-26T08:44:45.689Z</time>
        <name>1198</name>
        <extensions>
          <speed_mps>17.882</speed_mps>
          <speed_mph>40.0</speed_mph>
        </extensions>
      </trkpt>
      <trkpt lat="52.24580" lon="1.50771">
        <ele>0</ele>
        <time>2026-06-26T08:44:47.944Z</time>
        <name>1199</name>
        <extensions>
          <speed_mps>17.882</speed_mps>
          <speed_mph>40.0</speed_mph>
        </extensions>
      </trkpt>
      <trkpt lat="52.24551" lon="1.50806">
        <ele>0</ele>
        <time>2026-06-26T08:44:50.187Z</time>
        <name>1200</name>
        <extensions>
          <speed_mps>17.882</speed_mps>
          <speed_mph>40.0</speed_mph>
        </extensions>
      </trkpt>
      <trkpt lat="52.24527" lon="1.50849">
        <ele>0</ele>
        <time>2026-06-26T08:44:52.445Z</time>
        <name>1201</name>
        <extensions>
          <speed_mps>17.882</speed_mps>
          <speed_mph>40.0</speed_mph>
        </extensions>
      </trkpt>
      <trkpt lat="52.24502" lon="1.50893">
        <ele>0</ele>
        <time>2026-06-26T08:44:54.703Z</time>
        <name>1202</name>
        <extensions>
          <speed_mps>17.882</speed_mps>
          <speed_mph>40.0</speed_mph>
        </extensions>
      </trkpt>
      <trkpt lat="52.24478" lon="1.50937">
        <ele>0</ele>
        <time>2026-06-26T08:44:56.961Z</time>
        <name>1203</name>
        <extensions>
          <speed_mps>17.882</speed_mps>
          <speed_mph>40.0</speed_mph>
        </extensions>
      </trkpt>
      <trkpt lat="52.24454" lon="1.50981">
        <ele>0</ele>
        <time>2026-06-26T08:44:59.219Z</time>
        <name>1204</name>
        <extensions>
          <speed_mps>17.882</speed_mps>
          <speed_mph>40.0</speed_mph>
        </extensions>
      </trkpt>
      <trkpt lat="52.24427" lon="1.51020">
        <ele>0</ele>
        <time>2026-06-26T08:45:01.446Z</time>
        <name>1205</name>
        <extensions>
          <speed_mps>17.882</speed_mps>
          <speed_mph>40.0</speed_mph>
        </extensions>
      </trkpt>
      <trkpt lat="52.24394" lon="1.51045">
        <ele>0</ele>
        <time>2026-06-26T08:45:03.704Z</time>
        <name>1206</name>
        <extensions>
          <speed_mps>17.882</speed_mps>
          <speed_mph>40.0</speed_mph>
        </extensions>
      </trkpt>
      <trkpt lat="52.24361" lon="1.51070">
        <ele>0</ele>
        <time>2026-06-26T08:45:05.962Z</time>
        <name>1207</name>
        <extensions>
          <speed_mps>17.882</speed_mps>
          <speed_mph>40.0</speed_mph>
        </extensions>
      </trkpt>
      <trkpt lat="52.24328" lon="1.51094">
        <ele>0</ele>
        <time>2026-06-26T08:45:08.220Z</time>
        <name>1208</name>
        <extensions>
          <speed_mps>17.882</speed_mps>
          <speed_mph>40.0</speed_mph>
        </extensions>
      </trkpt>
      <trkpt lat="52.24301" lon="1.51076">
        <ele>0</ele>
        <time>2026-06-26T08:45:10.043Z</time>
        <name>1209</name>
        <extensions>
          <speed_mps>17.882</speed_mps>
          <speed_mph>40.0</speed_mph>
        </extensions>
      </trkpt>
      <trkpt lat="52.24273" lon="1.51039">
        <ele>0</ele>
        <time>2026-06-26T08:45:12.291Z</time>
        <name>1210</name>
        <extensions>
          <speed_mps>17.882</speed_mps>
          <speed_mph>40.0</speed_mph>
        </extensions>
      </trkpt>
      <trkpt lat="52.24242" lon="1.51010">
        <ele>0</ele>
        <time>2026-06-26T08:45:14.548Z</time>
        <name>1211</name>
        <extensions>
          <speed_mps>17.882</speed_mps>
          <speed_mph>40.0</speed_mph>
        </extensions>
      </trkpt>
      <trkpt lat="52.24211" lon="1.50977">
        <ele>0</ele>
        <time>2026-06-26T08:45:16.801Z</time>
        <name>1212</name>
        <extensions>
          <speed_mps>17.882</speed_mps>
          <speed_mph>40.0</speed_mph>
        </extensions>
      </trkpt>
      <trkpt lat="52.24187" lon="1.50933">
        <ele>0</ele>
        <time>2026-06-26T08:45:19.051Z</time>
        <name>1213</name>
        <extensions>
          <speed_mps>17.882</speed_mps>
          <speed_mph>40.0</speed_mph>
        </extensions>
      </trkpt>
      <trkpt lat="52.24158" lon="1.50920">
        <ele>0</ele>
        <time>2026-06-26T08:45:20.926Z</time>
        <name>1214</name>
        <extensions>
          <speed_mps>17.882</speed_mps>
          <speed_mph>40.0</speed_mph>
        </extensions>
      </trkpt>
      <trkpt lat="52.24126" lon="1.50948">
        <ele>0</ele>
        <time>2026-06-26T08:45:23.182Z</time>
        <name>1215</name>
        <extensions>
          <speed_mps>17.882</speed_mps>
          <speed_mph>40.0</speed_mph>
        </extensions>
      </trkpt>
      <trkpt lat="52.24094" lon="1.50976">
        <ele>0</ele>
        <time>2026-06-26T08:45:25.440Z</time>
        <name>1216</name>
        <extensions>
          <speed_mps>17.882</speed_mps>
          <speed_mph>40.0</speed_mph>
        </extensions>
      </trkpt>
      <trkpt lat="52.24062" lon="1.51004">
        <ele>0</ele>
        <time>2026-06-26T08:45:27.698Z</time>
        <name>1217</name>
        <extensions>
          <speed_mps>17.882</speed_mps>
          <speed_mph>40.0</speed_mph>
        </extensions>
      </trkpt>
      <trkpt lat="52.24033" lon="1.51039">
        <ele>0</ele>
        <time>2026-06-26T08:45:29.948Z</time>
        <name>1218</name>
        <extensions>
          <speed_mps>17.882</speed_mps>
          <speed_mph>40.0</speed_mph>
        </extensions>
      </trkpt>
      <trkpt lat="52.24012" lon="1.51087">
        <ele>0</ele>
        <time>2026-06-26T08:45:32.198Z</time>
        <name>1219</name>
        <extensions>
          <speed_mps>17.882</speed_mps>
          <speed_mph>40.0</speed_mph>
        </extensions>
      </trkpt>
      <trkpt lat="52.23992" lon="1.51136">
        <ele>0</ele>
        <time>2026-06-26T08:45:34.456Z</time>
        <name>1220</name>
        <extensions>
          <speed_mps>17.882</speed_mps>
          <speed_mph>40.0</speed_mph>
        </extensions>
      </trkpt>
      <trkpt lat="52.23973" lon="1.51187">
        <ele>0</ele>
        <time>2026-06-26T08:45:36.714Z</time>
        <name>1221</name>
        <extensions>
          <speed_mps>17.882</speed_mps>
          <speed_mph>40.0</speed_mph>
        </extensions>
      </trkpt>
      <trkpt lat="52.23953" lon="1.51237">
        <ele>0</ele>
        <time>2026-06-26T08:45:38.972Z</time>
        <name>1222</name>
        <extensions>
          <speed_mps>17.882</speed_mps>
          <speed_mph>40.0</speed_mph>
        </extensions>
      </trkpt>
      <trkpt lat="52.23933" lon="1.51286">
        <ele>0</ele>
        <time>2026-06-26T08:45:41.230Z</time>
        <name>1223</name>
        <extensions>
          <speed_mps>17.882</speed_mps>
          <speed_mph>40.0</speed_mph>
        </extensions>
      </trkpt>
      <trkpt lat="52.23913" lon="1.51336">
        <ele>0</ele>
        <time>2026-06-26T08:45:43.488Z</time>
        <name>1224</name>
        <extensions>
          <speed_mps>17.882</speed_mps>
          <speed_mph>40.0</speed_mph>
        </extensions>
      </trkpt>
      <trkpt lat="52.23891" lon="1.51383">
        <ele>0</ele>
        <time>2026-06-26T08:45:45.745Z</time>
        <name>1225</name>
        <extensions>
          <speed_mps>17.882</speed_mps>
          <speed_mph>40.0</speed_mph>
        </extensions>
      </trkpt>
      <trkpt lat="52.23869" lon="1.51429">
        <ele>0</ele>
        <time>2026-06-26T08:45:48.003Z</time>
        <name>1226</name>
        <extensions>
          <speed_mps>17.882</speed_mps>
          <speed_mph>40.0</speed_mph>
        </extensions>
      </trkpt>
      <trkpt lat="52.23846" lon="1.51476">
        <ele>0</ele>
        <time>2026-06-26T08:45:50.261Z</time>
        <name>1227</name>
        <extensions>
          <speed_mps>17.882</speed_mps>
          <speed_mph>40.0</speed_mph>
        </extensions>
      </trkpt>
      <trkpt lat="52.23828" lon="1.51527">
        <ele>0</ele>
        <time>2026-06-26T08:45:52.514Z</time>
        <name>1228</name>
        <extensions>
          <speed_mps>17.882</speed_mps>
          <speed_mph>40.0</speed_mph>
        </extensions>
      </trkpt>
      <trkpt lat="52.23817" lon="1.51583">
        <ele>0</ele>
        <time>2026-06-26T08:45:54.771Z</time>
        <name>1229</name>
        <extensions>
          <speed_mps>17.882</speed_mps>
          <speed_mph>40.0</speed_mph>
        </extensions>
      </trkpt>
      <trkpt lat="52.23805" lon="1.51640">
        <ele>0</ele>
        <time>2026-06-26T08:45:57.029Z</time>
        <name>1230</name>
        <extensions>
          <speed_mps>17.882</speed_mps>
          <speed_mph>40.0</speed_mph>
        </extensions>
      </trkpt>
      <trkpt lat="52.23795" lon="1.51696">
        <ele>0</ele>
        <time>2026-06-26T08:45:59.286Z</time>
        <name>1231</name>
        <extensions>
          <speed_mps>17.882</speed_mps>
          <speed_mph>40.0</speed_mph>
        </extensions>
      </trkpt>
      <trkpt lat="52.23784" lon="1.51753">
        <ele>0</ele>
        <time>2026-06-26T08:46:01.544Z</time>
        <name>1232</name>
        <extensions>
          <speed_mps>17.882</speed_mps>
          <speed_mph>40.0</speed_mph>
        </extensions>
      </trkpt>
      <trkpt lat="52.23771" lon="1.51807">
        <ele>0</ele>
        <time>2026-06-26T08:46:03.774Z</time>
        <name>1233</name>
        <extensions>
          <speed_mps>17.882</speed_mps>
          <speed_mph>40.0</speed_mph>
        </extensions>
      </trkpt>
      <trkpt lat="52.23738" lon="1.51832">
        <ele>0</ele>
        <time>2026-06-26T08:46:05.998Z</time>
        <name>1234</name>
        <extensions>
          <speed_mps>17.882</speed_mps>
          <speed_mph>40.0</speed_mph>
        </extensions>
      </trkpt>
      <trkpt lat="52.23704" lon="1.51851">
        <ele>0</ele>
        <time>2026-06-26T08:46:08.256Z</time>
        <name>1235</name>
        <extensions>
          <speed_mps>17.882</speed_mps>
          <speed_mph>40.0</speed_mph>
        </extensions>
      </trkpt>
      <trkpt lat="52.23669" lon="1.51869">
        <ele>0</ele>
        <time>2026-06-26T08:46:10.514Z</time>
        <name>1236</name>
        <extensions>
          <speed_mps>17.882</speed_mps>
          <speed_mph>40.0</speed_mph>
        </extensions>
      </trkpt>
      <trkpt lat="52.23634" lon="1.51887">
        <ele>0</ele>
        <time>2026-06-26T08:46:12.772Z</time>
        <name>1237</name>
        <extensions>
          <speed_mps>17.882</speed_mps>
          <speed_mph>40.0</speed_mph>
        </extensions>
      </trkpt>
      <trkpt lat="52.23600" lon="1.51907">
        <ele>0</ele>
        <time>2026-06-26T08:46:15.030Z</time>
        <name>1238</name>
        <extensions>
          <speed_mps>17.882</speed_mps>
          <speed_mph>40.0</speed_mph>
        </extensions>
      </trkpt>
      <trkpt lat="52.23566" lon="1.51928">
        <ele>0</ele>
        <time>2026-06-26T08:46:17.288Z</time>
        <name>1239</name>
        <extensions>
          <speed_mps>17.882</speed_mps>
          <speed_mph>40.0</speed_mph>
        </extensions>
      </trkpt>
      <trkpt lat="52.23532" lon="1.51948">
        <ele>0</ele>
        <time>2026-06-26T08:46:19.546Z</time>
        <name>1240</name>
        <extensions>
          <speed_mps>17.882</speed_mps>
          <speed_mph>40.0</speed_mph>
        </extensions>
      </trkpt>
      <trkpt lat="52.23498" lon="1.51968">
        <ele>0</ele>
        <time>2026-06-26T08:46:21.804Z</time>
        <name>1241</name>
        <extensions>
          <speed_mps>17.882</speed_mps>
          <speed_mph>40.0</speed_mph>
        </extensions>
      </trkpt>
      <trkpt lat="52.23464" lon="1.51987">
        <ele>0</ele>
        <time>2026-06-26T08:46:24.062Z</time>
        <name>1242</name>
        <extensions>
          <speed_mps>17.882</speed_mps>
          <speed_mph>40.0</speed_mph>
        </extensions>
      </trkpt>
      <trkpt lat="52.23429" lon="1.52007">
        <ele>0</ele>
        <time>2026-06-26T08:46:26.320Z</time>
        <name>1243</name>
        <extensions>
          <speed_mps>17.882</speed_mps>
          <speed_mph>40.0</speed_mph>
        </extensions>
      </trkpt>
      <trkpt lat="52.23395" lon="1.52027">
        <ele>0</ele>
        <time>2026-06-26T08:46:28.577Z</time>
        <name>1244</name>
        <extensions>
          <speed_mps>17.882</speed_mps>
          <speed_mph>40.0</speed_mph>
        </extensions>
      </trkpt>
      <trkpt lat="52.23361" lon="1.52047">
        <ele>0</ele>
        <time>2026-06-26T08:46:30.834Z</time>
        <name>1245</name>
        <extensions>
          <speed_mps>17.882</speed_mps>
          <speed_mph>40.0</speed_mph>
        </extensions>
      </trkpt>
      <trkpt lat="52.23327" lon="1.52067">
        <ele>0</ele>
        <time>2026-06-26T08:46:33.092Z</time>
        <name>1246</name>
        <extensions>
          <speed_mps>17.882</speed_mps>
          <speed_mph>40.0</speed_mph>
        </extensions>
      </trkpt>
      <trkpt lat="52.23293" lon="1.52087">
        <ele>0</ele>
        <time>2026-06-26T08:46:35.350Z</time>
        <name>1247</name>
        <extensions>
          <speed_mps>17.882</speed_mps>
          <speed_mph>40.0</speed_mph>
        </extensions>
      </trkpt>
      <trkpt lat="52.23259" lon="1.52108">
        <ele>0</ele>
        <time>2026-06-26T08:46:37.608Z</time>
        <name>1248</name>
        <extensions>
          <speed_mps>17.882</speed_mps>
          <speed_mph>40.0</speed_mph>
        </extensions>
      </trkpt>
      <trkpt lat="52.23225" lon="1.52128">
        <ele>0</ele>
        <time>2026-06-26T08:46:39.866Z</time>
        <name>1249</name>
        <extensions>
          <speed_mps>17.882</speed_mps>
          <speed_mph>40.0</speed_mph>
        </extensions>
      </trkpt>
      <trkpt lat="52.23190" lon="1.52148">
        <ele>0</ele>
        <time>2026-06-26T08:46:42.124Z</time>
        <name>1250</name>
        <extensions>
          <speed_mps>17.882</speed_mps>
          <speed_mph>40.0</speed_mph>
        </extensions>
      </trkpt>
      <trkpt lat="52.23156" lon="1.52168">
        <ele>0</ele>
        <time>2026-06-26T08:46:44.381Z</time>
        <name>1251</name>
        <extensions>
          <speed_mps>17.882</speed_mps>
          <speed_mph>40.0</speed_mph>
        </extensions>
      </trkpt>
      <trkpt lat="52.23122" lon="1.52187">
        <ele>0</ele>
        <time>2026-06-26T08:46:46.638Z</time>
        <name>1252</name>
        <extensions>
          <speed_mps>17.882</speed_mps>
          <speed_mph>40.0</speed_mph>
        </extensions>
      </trkpt>
      <trkpt lat="52.23089" lon="1.52170">
        <ele>0</ele>
        <time>2026-06-26T08:46:48.813Z</time>
        <name>1253</name>
        <extensions>
          <speed_mps>17.882</speed_mps>
          <speed_mph>40.0</speed_mph>
        </extensions>
      </trkpt>
      <trkpt lat="52.23058" lon="1.52138">
        <ele>0</ele>
        <time>2026-06-26T08:46:51.071Z</time>
        <name>1254</name>
        <extensions>
          <speed_mps>17.882</speed_mps>
          <speed_mph>40.0</speed_mph>
        </extensions>
      </trkpt>
      <trkpt lat="52.23024" lon="1.52149">
        <ele>0</ele>
        <time>2026-06-26T08:46:53.259Z</time>
        <name>1255</name>
        <extensions>
          <speed_mps>17.882</speed_mps>
          <speed_mph>40.0</speed_mph>
        </extensions>
      </trkpt>
      <trkpt lat="52.22987" lon="1.52151">
        <ele>0</ele>
        <time>2026-06-26T08:46:55.515Z</time>
        <name>1256</name>
        <extensions>
          <speed_mps>17.882</speed_mps>
          <speed_mph>40.0</speed_mph>
        </extensions>
      </trkpt>
      <trkpt lat="52.22951" lon="1.52143">
        <ele>0</ele>
        <time>2026-06-26T08:46:57.770Z</time>
        <name>1257</name>
        <extensions>
          <speed_mps>17.882</speed_mps>
          <speed_mph>40.0</speed_mph>
        </extensions>
      </trkpt>
      <trkpt lat="52.22915" lon="1.52138">
        <ele>0</ele>
        <time>2026-06-26T08:47:00.021Z</time>
        <name>1258</name>
        <extensions>
          <speed_mps>17.882</speed_mps>
          <speed_mph>40.0</speed_mph>
        </extensions>
      </trkpt>
      <trkpt lat="52.22885" lon="1.52106">
        <ele>0</ele>
        <time>2026-06-26T08:47:02.253Z</time>
        <name>1259</name>
        <extensions>
          <speed_mps>17.882</speed_mps>
          <speed_mph>40.0</speed_mph>
        </extensions>
      </trkpt>
      <trkpt lat="52.22850" lon="1.52104">
        <ele>0</ele>
        <time>2026-06-26T08:47:04.475Z</time>
        <name>1260</name>
        <extensions>
          <speed_mps>17.882</speed_mps>
          <speed_mph>40.0</speed_mph>
        </extensions>
      </trkpt>
      <trkpt lat="52.22813" lon="1.52112">
        <ele>0</ele>
        <time>2026-06-26T08:47:06.733Z</time>
        <name>1261</name>
        <extensions>
          <speed_mps>17.882</speed_mps>
          <speed_mph>40.0</speed_mph>
        </extensions>
      </trkpt>
      <trkpt lat="52.22777" lon="1.52119">
        <ele>0</ele>
        <time>2026-06-26T08:47:08.991Z</time>
        <name>1262</name>
        <extensions>
          <speed_mps>17.882</speed_mps>
          <speed_mph>40.0</speed_mph>
        </extensions>
      </trkpt>
      <trkpt lat="52.22746" lon="1.52142">
        <ele>0</ele>
        <time>2026-06-26T08:47:11.136Z</time>
        <name>1263</name>
        <extensions>
          <speed_mps>17.882</speed_mps>
          <speed_mph>40.0</speed_mph>
        </extensions>
      </trkpt>
      <trkpt lat="52.22722" lon="1.52187">
        <ele>0</ele>
        <time>2026-06-26T08:47:13.394Z</time>
        <name>1264</name>
        <extensions>
          <speed_mps>17.882</speed_mps>
          <speed_mph>40.0</speed_mph>
        </extensions>
      </trkpt>
      <trkpt lat="52.22700" lon="1.52228">
        <ele>0</ele>
        <time>2026-06-26T08:47:15.477Z</time>
        <name>1265</name>
        <extensions>
          <speed_mps>17.882</speed_mps>
          <speed_mph>40.0</speed_mph>
        </extensions>
      </trkpt>
      <trkpt lat="52.22727" lon="1.52268">
        <ele>0</ele>
        <time>2026-06-26T08:47:17.735Z</time>
        <name>1266</name>
        <extensions>
          <speed_mps>17.882</speed_mps>
          <speed_mph>40.0</speed_mph>
        </extensions>
      </trkpt>
      <trkpt lat="52.22754" lon="1.52308">
        <ele>0</ele>
        <time>2026-06-26T08:47:19.993Z</time>
        <name>1267</name>
        <extensions>
          <speed_mps>17.882</speed_mps>
          <speed_mph>40.0</speed_mph>
        </extensions>
      </trkpt>
      <trkpt lat="52.22774" lon="1.52356">
        <ele>0</ele>
        <time>2026-06-26T08:47:22.240Z</time>
        <name>1268</name>
        <extensions>
          <speed_mps>17.882</speed_mps>
          <speed_mph>40.0</speed_mph>
        </extensions>
      </trkpt>
      <trkpt lat="52.22788" lon="1.52412">
        <ele>0</ele>
        <time>2026-06-26T08:47:24.497Z</time>
        <name>1269</name>
        <extensions>
          <speed_mps>17.882</speed_mps>
          <speed_mph>40.0</speed_mph>
        </extensions>
      </trkpt>
      <trkpt lat="52.22802" lon="1.52466">
        <ele>0</ele>
        <time>2026-06-26T08:47:26.754Z</time>
        <name>1270</name>
        <extensions>
          <speed_mps>17.882</speed_mps>
          <speed_mph>40.0</speed_mph>
        </extensions>
      </trkpt>
      <trkpt lat="52.22821" lon="1.52516">
        <ele>0</ele>
        <time>2026-06-26T08:47:29.009Z</time>
        <name>1271</name>
        <extensions>
          <speed_mps>17.882</speed_mps>
          <speed_mph>40.0</speed_mph>
        </extensions>
      </trkpt>
      <trkpt lat="52.22842" lon="1.52565">
        <ele>0</ele>
        <time>2026-06-26T08:47:31.267Z</time>
        <name>1272</name>
        <extensions>
          <speed_mps>17.882</speed_mps>
          <speed_mph>40.0</speed_mph>
        </extensions>
      </trkpt>
      <trkpt lat="52.22855" lon="1.52619">
        <ele>0</ele>
        <time>2026-06-26T08:47:33.488Z</time>
        <name>1273</name>
        <extensions>
          <speed_mps>17.882</speed_mps>
          <speed_mph>40.0</speed_mph>
        </extensions>
      </trkpt>
      <trkpt lat="52.22856" lon="1.52678">
        <ele>0</ele>
        <time>2026-06-26T08:47:35.744Z</time>
        <name>1274</name>
        <extensions>
          <speed_mps>17.882</speed_mps>
          <speed_mph>40.0</speed_mph>
        </extensions>
      </trkpt>
      <trkpt lat="52.22856" lon="1.52738">
        <ele>0</ele>
        <time>2026-06-26T08:47:38.002Z</time>
        <name>1275</name>
        <extensions>
          <speed_mps>17.882</speed_mps>
          <speed_mph>40.0</speed_mph>
        </extensions>
      </trkpt>
      <trkpt lat="52.22856" lon="1.52797">
        <ele>0</ele>
        <time>2026-06-26T08:47:40.260Z</time>
        <name>1276</name>
        <extensions>
          <speed_mps>17.882</speed_mps>
          <speed_mph>40.0</speed_mph>
        </extensions>
      </trkpt>
      <trkpt lat="52.22855" lon="1.52856">
        <ele>0</ele>
        <time>2026-06-26T08:47:42.518Z</time>
        <name>1277</name>
        <extensions>
          <speed_mps>17.882</speed_mps>
          <speed_mph>40.0</speed_mph>
        </extensions>
      </trkpt>
      <trkpt lat="52.22855" lon="1.52915">
        <ele>0</ele>
        <time>2026-06-26T08:47:44.776Z</time>
        <name>1278</name>
        <extensions>
          <speed_mps>17.882</speed_mps>
          <speed_mph>40.0</speed_mph>
        </extensions>
      </trkpt>
      <trkpt lat="52.22855" lon="1.52975">
        <ele>0</ele>
        <time>2026-06-26T08:47:47.034Z</time>
        <name>1279</name>
        <extensions>
          <speed_mps>17.882</speed_mps>
          <speed_mph>40.0</speed_mph>
        </extensions>
      </trkpt>
      <trkpt lat="52.22855" lon="1.53034">
        <ele>0</ele>
        <time>2026-06-26T08:47:49.292Z</time>
        <name>1280</name>
        <extensions>
          <speed_mps>17.882</speed_mps>
          <speed_mph>40.0</speed_mph>
        </extensions>
      </trkpt>
      <trkpt lat="52.22857" lon="1.53093">
        <ele>0</ele>
        <time>2026-06-26T08:47:51.546Z</time>
        <name>1281</name>
        <extensions>
          <speed_mps>17.882</speed_mps>
          <speed_mph>40.0</speed_mph>
        </extensions>
      </trkpt>
      <trkpt lat="52.22862" lon="1.53152">
        <ele>0</ele>
        <time>2026-06-26T08:47:53.804Z</time>
        <name>1282</name>
        <extensions>
          <speed_mps>17.882</speed_mps>
          <speed_mph>40.0</speed_mph>
        </extensions>
      </trkpt>
      <trkpt lat="52.22864" lon="1.53211">
        <ele>0</ele>
        <time>2026-06-26T08:47:56.060Z</time>
        <name>1283</name>
        <extensions>
          <speed_mps>17.882</speed_mps>
          <speed_mph>40.0</speed_mph>
        </extensions>
      </trkpt>
      <trkpt lat="52.22863" lon="1.53270">
        <ele>0</ele>
        <time>2026-06-26T08:47:58.316Z</time>
        <name>1284</name>
        <extensions>
          <speed_mps>17.882</speed_mps>
          <speed_mph>40.0</speed_mph>
        </extensions>
      </trkpt>
      <trkpt lat="52.22859" lon="1.53329">
        <ele>0</ele>
        <time>2026-06-26T08:48:00.574Z</time>
        <name>1285</name>
        <extensions>
          <speed_mps>17.882</speed_mps>
          <speed_mph>40.0</speed_mph>
        </extensions>
      </trkpt>
      <trkpt lat="52.22854" lon="1.53388">
        <ele>0</ele>
        <time>2026-06-26T08:48:02.832Z</time>
        <name>1286</name>
        <extensions>
          <speed_mps>17.882</speed_mps>
          <speed_mph>40.0</speed_mph>
        </extensions>
      </trkpt>
      <trkpt lat="52.22854" lon="1.53447">
        <ele>0</ele>
        <time>2026-06-26T08:48:05.083Z</time>
        <name>1287</name>
        <extensions>
          <speed_mps>17.882</speed_mps>
          <speed_mph>40.0</speed_mph>
        </extensions>
      </trkpt>
      <trkpt lat="52.22865" lon="1.53503">
        <ele>0</ele>
        <time>2026-06-26T08:48:07.324Z</time>
        <name>1288</name>
        <extensions>
          <speed_mps>17.882</speed_mps>
          <speed_mph>40.0</speed_mph>
        </extensions>
      </trkpt>
      <trkpt lat="52.22889" lon="1.53547">
        <ele>0</ele>
        <time>2026-06-26T08:48:09.579Z</time>
        <name>1289</name>
        <extensions>
          <speed_mps>17.882</speed_mps>
          <speed_mph>40.0</speed_mph>
        </extensions>
      </trkpt>
      <trkpt lat="52.22915" lon="1.53587">
        <ele>0</ele>
        <time>2026-06-26T08:48:11.837Z</time>
        <name>1290</name>
        <extensions>
          <speed_mps>17.882</speed_mps>
          <speed_mph>40.0</speed_mph>
        </extensions>
      </trkpt>
      <trkpt lat="52.22942" lon="1.53627">
        <ele>0</ele>
        <time>2026-06-26T08:48:14.095Z</time>
        <name>1291</name>
        <extensions>
          <speed_mps>17.882</speed_mps>
          <speed_mph>40.0</speed_mph>
        </extensions>
      </trkpt>
      <trkpt lat="52.22970" lon="1.53666">
        <ele>0</ele>
        <time>2026-06-26T08:48:16.353Z</time>
        <name>1292</name>
        <extensions>
          <speed_mps>17.882</speed_mps>
          <speed_mph>40.0</speed_mph>
        </extensions>
      </trkpt>
      <trkpt lat="52.22999" lon="1.53702">
        <ele>0</ele>
        <time>2026-06-26T08:48:18.611Z</time>
        <name>1293</name>
        <extensions>
          <speed_mps>17.882</speed_mps>
          <speed_mph>40.0</speed_mph>
        </extensions>
      </trkpt>
      <trkpt lat="52.23001" lon="1.53739">
        <ele>0</ele>
        <time>2026-06-26T08:48:20.034Z</time>
        <name>1294</name>
        <extensions>
          <speed_mps>17.882</speed_mps>
          <speed_mph>40.0</speed_mph>
        </extensions>
      </trkpt>
      <trkpt lat="52.22974" lon="1.53780">
        <ele>0</ele>
        <time>2026-06-26T08:48:22.292Z</time>
        <name>1295</name>
        <extensions>
          <speed_mps>17.882</speed_mps>
          <speed_mph>40.0</speed_mph>
        </extensions>
      </trkpt>
      <trkpt lat="52.22948" lon="1.53821">
        <ele>0</ele>
        <time>2026-06-26T08:48:24.550Z</time>
        <name>1296</name>
        <extensions>
          <speed_mps>17.882</speed_mps>
          <speed_mph>40.0</speed_mph>
        </extensions>
      </trkpt>
      <trkpt lat="52.22922" lon="1.53863">
        <ele>0</ele>
        <time>2026-06-26T08:48:26.808Z</time>
        <name>1297</name>
        <extensions>
          <speed_mps>17.882</speed_mps>
          <speed_mph>40.0</speed_mph>
        </extensions>
      </trkpt>
      <trkpt lat="52.22896" lon="1.53905">
        <ele>0</ele>
        <time>2026-06-26T08:48:29.066Z</time>
        <name>1298</name>
        <extensions>
          <speed_mps>17.882</speed_mps>
          <speed_mph>40.0</speed_mph>
        </extensions>
      </trkpt>
      <trkpt lat="52.22870" lon="1.53946">
        <ele>0</ele>
        <time>2026-06-26T08:48:31.324Z</time>
        <name>1299</name>
        <extensions>
          <speed_mps>17.882</speed_mps>
          <speed_mph>40.0</speed_mph>
        </extensions>
      </trkpt>
      <trkpt lat="52.22844" lon="1.53987">
        <ele>0</ele>
        <time>2026-06-26T08:48:33.582Z</time>
        <name>1300</name>
        <extensions>
          <speed_mps>17.882</speed_mps>
          <speed_mph>40.0</speed_mph>
        </extensions>
      </trkpt>
      <trkpt lat="52.22817" lon="1.54026">
        <ele>0</ele>
        <time>2026-06-26T08:48:35.839Z</time>
        <name>1301</name>
        <extensions>
          <speed_mps>17.882</speed_mps>
          <speed_mph>40.0</speed_mph>
        </extensions>
      </trkpt>
      <trkpt lat="52.22789" lon="1.54065">
        <ele>0</ele>
        <time>2026-06-26T08:48:38.097Z</time>
        <name>1302</name>
        <extensions>
          <speed_mps>17.882</speed_mps>
          <speed_mph>40.0</speed_mph>
        </extensions>
      </trkpt>
      <trkpt lat="52.22762" lon="1.54104">
        <ele>0</ele>
        <time>2026-06-26T08:48:40.355Z</time>
        <name>1303</name>
        <extensions>
          <speed_mps>17.882</speed_mps>
          <speed_mph>40.0</speed_mph>
        </extensions>
      </trkpt>
      <trkpt lat="52.22734" lon="1.54143">
        <ele>0</ele>
        <time>2026-06-26T08:48:42.613Z</time>
        <name>1304</name>
        <extensions>
          <speed_mps>17.882</speed_mps>
          <speed_mph>40.0</speed_mph>
        </extensions>
      </trkpt>
      <trkpt lat="52.22712" lon="1.54188">
        <ele>0</ele>
        <time>2026-06-26T08:48:44.860Z</time>
        <name>1305</name>
        <extensions>
          <speed_mps>17.882</speed_mps>
          <speed_mph>40.0</speed_mph>
        </extensions>
      </trkpt>
      <trkpt lat="52.22690" lon="1.54236">
        <ele>0</ele>
        <time>2026-06-26T08:48:47.118Z</time>
        <name>1306</name>
        <extensions>
          <speed_mps>17.882</speed_mps>
          <speed_mph>40.0</speed_mph>
        </extensions>
      </trkpt>
      <trkpt lat="52.22669" lon="1.54284">
        <ele>0</ele>
        <time>2026-06-26T08:48:49.376Z</time>
        <name>1307</name>
        <extensions>
          <speed_mps>17.882</speed_mps>
          <speed_mph>40.0</speed_mph>
        </extensions>
      </trkpt>
      <trkpt lat="52.22648" lon="1.54332">
        <ele>0</ele>
        <time>2026-06-26T08:48:51.634Z</time>
        <name>1308</name>
        <extensions>
          <speed_mps>17.882</speed_mps>
          <speed_mph>40.0</speed_mph>
        </extensions>
      </trkpt>
      <trkpt lat="52.22625" lon="1.54378">
        <ele>0</ele>
        <time>2026-06-26T08:48:53.891Z</time>
        <name>1309</name>
        <extensions>
          <speed_mps>17.882</speed_mps>
          <speed_mph>40.0</speed_mph>
        </extensions>
      </trkpt>
      <trkpt lat="52.22603" lon="1.54425">
        <ele>0</ele>
        <time>2026-06-26T08:48:56.148Z</time>
        <name>1310</name>
        <extensions>
          <speed_mps>17.882</speed_mps>
          <speed_mph>40.0</speed_mph>
        </extensions>
      </trkpt>
      <trkpt lat="52.22582" lon="1.54473">
        <ele>0</ele>
        <time>2026-06-26T08:48:58.406Z</time>
        <name>1311</name>
        <extensions>
          <speed_mps>17.882</speed_mps>
          <speed_mph>40.0</speed_mph>
        </extensions>
      </trkpt>
      <trkpt lat="52.22560" lon="1.54521">
        <ele>0</ele>
        <time>2026-06-26T08:49:00.664Z</time>
        <name>1312</name>
        <extensions>
          <speed_mps>17.882</speed_mps>
          <speed_mph>40.0</speed_mph>
        </extensions>
      </trkpt>
      <trkpt lat="52.22538" lon="1.54568">
        <ele>0</ele>
        <time>2026-06-26T08:49:02.922Z</time>
        <name>1313</name>
        <extensions>
          <speed_mps>17.882</speed_mps>
          <speed_mph>40.0</speed_mph>
        </extensions>
      </trkpt>
      <trkpt lat="52.22518" lon="1.54618">
        <ele>0</ele>
        <time>2026-06-26T08:49:05.174Z</time>
        <name>1314</name>
        <extensions>
          <speed_mps>17.882</speed_mps>
          <speed_mph>40.0</speed_mph>
        </extensions>
      </trkpt>
      <trkpt lat="52.22500" lon="1.54669">
        <ele>0</ele>
        <time>2026-06-26T08:49:07.432Z</time>
        <name>1315</name>
        <extensions>
          <speed_mps>17.882</speed_mps>
          <speed_mph>40.0</speed_mph>
        </extensions>
      </trkpt>
      <trkpt lat="52.22482" lon="1.54721">
        <ele>0</ele>
        <time>2026-06-26T08:49:09.690Z</time>
        <name>1316</name>
        <extensions>
          <speed_mps>17.882</speed_mps>
          <speed_mph>40.0</speed_mph>
        </extensions>
      </trkpt>
      <trkpt lat="52.22460" lon="1.54767">
        <ele>0</ele>
        <time>2026-06-26T08:49:11.940Z</time>
        <name>1317</name>
        <extensions>
          <speed_mps>17.882</speed_mps>
          <speed_mph>40.0</speed_mph>
        </extensions>
      </trkpt>
      <trkpt lat="52.22435" lon="1.54811">
        <ele>0</ele>
        <time>2026-06-26T08:49:14.197Z</time>
        <name>1318</name>
        <extensions>
          <speed_mps>17.882</speed_mps>
          <speed_mph>40.0</speed_mph>
        </extensions>
      </trkpt>
      <trkpt lat="52.22410" lon="1.54854">
        <ele>0</ele>
        <time>2026-06-26T08:49:16.455Z</time>
        <name>1319</name>
        <extensions>
          <speed_mps>17.882</speed_mps>
          <speed_mph>40.0</speed_mph>
        </extensions>
      </trkpt>
      <trkpt lat="52.22384" lon="1.54895">
        <ele>0</ele>
        <time>2026-06-26T08:49:18.713Z</time>
        <name>1320</name>
        <extensions>
          <speed_mps>17.882</speed_mps>
          <speed_mph>40.0</speed_mph>
        </extensions>
      </trkpt>
      <trkpt lat="52.22358" lon="1.54935">
        <ele>0</ele>
        <time>2026-06-26T08:49:20.970Z</time>
        <name>1321</name>
        <extensions>
          <speed_mps>17.882</speed_mps>
          <speed_mph>40.0</speed_mph>
        </extensions>
      </trkpt>
      <trkpt lat="52.22329" lon="1.54972">
        <ele>0</ele>
        <time>2026-06-26T08:49:23.228Z</time>
        <name>1322</name>
        <extensions>
          <speed_mps>17.882</speed_mps>
          <speed_mph>40.0</speed_mph>
        </extensions>
      </trkpt>
      <trkpt lat="52.22300" lon="1.55008">
        <ele>0</ele>
        <time>2026-06-26T08:49:25.486Z</time>
        <name>1323</name>
        <extensions>
          <speed_mps>17.882</speed_mps>
          <speed_mph>40.0</speed_mph>
        </extensions>
      </trkpt>
      <trkpt lat="52.22273" lon="1.55047">
        <ele>0</ele>
        <time>2026-06-26T08:49:27.744Z</time>
        <name>1324</name>
        <extensions>
          <speed_mps>17.882</speed_mps>
          <speed_mph>40.0</speed_mph>
        </extensions>
      </trkpt>
      <trkpt lat="52.22246" lon="1.55087">
        <ele>0</ele>
        <time>2026-06-26T08:49:30.002Z</time>
        <name>1325</name>
        <extensions>
          <speed_mps>17.882</speed_mps>
          <speed_mph>40.0</speed_mph>
        </extensions>
      </trkpt>
      <trkpt lat="52.22219" lon="1.55126">
        <ele>0</ele>
        <time>2026-06-26T08:49:32.259Z</time>
        <name>1326</name>
        <extensions>
          <speed_mps>17.882</speed_mps>
          <speed_mph>40.0</speed_mph>
        </extensions>
      </trkpt>
      <trkpt lat="52.22191" lon="1.55164">
        <ele>0</ele>
        <time>2026-06-26T08:49:34.517Z</time>
        <name>1327</name>
        <extensions>
          <speed_mps>17.882</speed_mps>
          <speed_mph>40.0</speed_mph>
        </extensions>
      </trkpt>
      <trkpt lat="52.22163" lon="1.55202">
        <ele>0</ele>
        <time>2026-06-26T08:49:36.776Z</time>
        <name>1328</name>
        <extensions>
          <speed_mps>17.882</speed_mps>
          <speed_mph>40.0</speed_mph>
        </extensions>
      </trkpt>
      <trkpt lat="52.22135" lon="1.55241">
        <ele>0</ele>
        <time>2026-06-26T08:49:39.034Z</time>
        <name>1329</name>
        <extensions>
          <speed_mps>17.882</speed_mps>
          <speed_mph>40.0</speed_mph>
        </extensions>
      </trkpt>
      <trkpt lat="52.22108" lon="1.55279">
        <ele>0</ele>
        <time>2026-06-26T08:49:41.292Z</time>
        <name>1330</name>
        <extensions>
          <speed_mps>17.882</speed_mps>
          <speed_mph>40.0</speed_mph>
        </extensions>
      </trkpt>
      <trkpt lat="52.22080" lon="1.55317">
        <ele>0</ele>
        <time>2026-06-26T08:49:43.550Z</time>
        <name>1331</name>
        <extensions>
          <speed_mps>17.882</speed_mps>
          <speed_mph>40.0</speed_mph>
        </extensions>
      </trkpt>
      <trkpt lat="52.22052" lon="1.55356">
        <ele>0</ele>
        <time>2026-06-26T08:49:45.808Z</time>
        <name>1332</name>
        <extensions>
          <speed_mps>17.882</speed_mps>
          <speed_mph>40.0</speed_mph>
        </extensions>
      </trkpt>
      <trkpt lat="52.22025" lon="1.55395">
        <ele>0</ele>
        <time>2026-06-26T08:49:48.066Z</time>
        <name>1333</name>
        <extensions>
          <speed_mps>17.882</speed_mps>
          <speed_mph>40.0</speed_mph>
        </extensions>
      </trkpt>
      <trkpt lat="52.21998" lon="1.55433">
        <ele>0</ele>
        <time>2026-06-26T08:49:50.324Z</time>
        <name>1334</name>
        <extensions>
          <speed_mps>17.882</speed_mps>
          <speed_mph>40.0</speed_mph>
        </extensions>
      </trkpt>
      <trkpt lat="52.21970" lon="1.55472">
        <ele>0</ele>
        <time>2026-06-26T08:49:52.582Z</time>
        <name>1335</name>
        <extensions>
          <speed_mps>17.882</speed_mps>
          <speed_mph>40.0</speed_mph>
        </extensions>
      </trkpt>
      <trkpt lat="52.21943" lon="1.55511">
        <ele>0</ele>
        <time>2026-06-26T08:49:54.840Z</time>
        <name>1336</name>
        <extensions>
          <speed_mps>17.882</speed_mps>
          <speed_mph>40.0</speed_mph>
        </extensions>
      </trkpt>
      <trkpt lat="52.21915" lon="1.55550">
        <ele>0</ele>
        <time>2026-06-26T08:49:57.098Z</time>
        <name>1337</name>
        <extensions>
          <speed_mps>17.882</speed_mps>
          <speed_mph>40.0</speed_mph>
        </extensions>
      </trkpt>
      <trkpt lat="52.21888" lon="1.55589">
        <ele>0</ele>
        <time>2026-06-26T08:49:59.356Z</time>
        <name>1338</name>
        <extensions>
          <speed_mps>17.882</speed_mps>
          <speed_mph>40.0</speed_mph>
        </extensions>
      </trkpt>
      <trkpt lat="52.21861" lon="1.55628">
        <ele>0</ele>
        <time>2026-06-26T08:50:01.614Z</time>
        <name>1339</name>
        <extensions>
          <speed_mps>17.882</speed_mps>
          <speed_mph>40.0</speed_mph>
        </extensions>
      </trkpt>
      <trkpt lat="52.21835" lon="1.55670">
        <ele>0</ele>
        <time>2026-06-26T08:50:03.872Z</time>
        <name>1340</name>
        <extensions>
          <speed_mps>17.882</speed_mps>
          <speed_mph>40.0</speed_mph>
        </extensions>
      </trkpt>
      <trkpt lat="52.21810" lon="1.55712">
        <ele>0</ele>
        <time>2026-06-26T08:50:06.130Z</time>
        <name>1341</name>
        <extensions>
          <speed_mps>17.882</speed_mps>
          <speed_mph>40.0</speed_mph>
        </extensions>
      </trkpt>
      <trkpt lat="52.21786" lon="1.55757">
        <ele>0</ele>
        <time>2026-06-26T08:50:08.364Z</time>
        <name>1342</name>
        <extensions>
          <speed_mps>17.882</speed_mps>
          <speed_mph>40.0</speed_mph>
        </extensions>
      </trkpt>
      <trkpt lat="52.21771" lon="1.55811">
        <ele>0</ele>
        <time>2026-06-26T08:50:10.622Z</time>
        <name>1343</name>
        <extensions>
          <speed_mps>17.882</speed_mps>
          <speed_mph>40.0</speed_mph>
        </extensions>
      </trkpt>
      <trkpt lat="52.21756" lon="1.55865">
        <ele>0</ele>
        <time>2026-06-26T08:50:12.880Z</time>
        <name>1344</name>
        <extensions>
          <speed_mps>17.882</speed_mps>
          <speed_mph>40.0</speed_mph>
        </extensions>
      </trkpt>
      <trkpt lat="52.21747" lon="1.55917">
        <ele>0</ele>
        <time>2026-06-26T08:50:14.923Z</time>
        <name>1345</name>
        <extensions>
          <speed_mps>17.882</speed_mps>
          <speed_mph>40.0</speed_mph>
        </extensions>
      </trkpt>
      <trkpt lat="52.21753" lon="1.55975">
        <ele>0</ele>
        <time>2026-06-26T08:50:17.167Z</time>
        <name>1346</name>
        <extensions>
          <speed_mps>17.882</speed_mps>
          <speed_mph>40.0</speed_mph>
        </extensions>
      </trkpt>
      <trkpt lat="52.21773" lon="1.56024">
        <ele>0</ele>
        <time>2026-06-26T08:50:19.412Z</time>
        <name>1347</name>
        <extensions>
          <speed_mps>17.882</speed_mps>
          <speed_mph>40.0</speed_mph>
        </extensions>
      </trkpt>
      <trkpt lat="52.21796" lon="1.56070">
        <ele>0</ele>
        <time>2026-06-26T08:50:21.670Z</time>
        <name>1348</name>
        <extensions>
          <speed_mps>17.882</speed_mps>
          <speed_mph>40.0</speed_mph>
        </extensions>
      </trkpt>
      <trkpt lat="52.21818" lon="1.56117">
        <ele>0</ele>
        <time>2026-06-26T08:50:23.928Z</time>
        <name>1349</name>
        <extensions>
          <speed_mps>17.882</speed_mps>
          <speed_mph>40.0</speed_mph>
        </extensions>
      </trkpt>
      <trkpt lat="52.21841" lon="1.56163">
        <ele>0</ele>
        <time>2026-06-26T08:50:26.186Z</time>
        <name>1350</name>
        <extensions>
          <speed_mps>17.882</speed_mps>
          <speed_mph>40.0</speed_mph>
        </extensions>
      </trkpt>
      <trkpt lat="52.21864" lon="1.56209">
        <ele>0</ele>
        <time>2026-06-26T08:50:28.443Z</time>
        <name>1351</name>
        <extensions>
          <speed_mps>17.882</speed_mps>
          <speed_mph>40.0</speed_mph>
        </extensions>
      </trkpt>
      <trkpt lat="52.21890" lon="1.56250">
        <ele>0</ele>
        <time>2026-06-26T08:50:30.701Z</time>
        <name>1352</name>
        <extensions>
          <speed_mps>17.882</speed_mps>
          <speed_mph>40.0</speed_mph>
        </extensions>
      </trkpt>
      <trkpt lat="52.21914" lon="1.56295">
        <ele>0</ele>
        <time>2026-06-26T08:50:32.955Z</time>
        <name>1353</name>
        <extensions>
          <speed_mps>17.882</speed_mps>
          <speed_mph>40.0</speed_mph>
        </extensions>
      </trkpt>
      <trkpt lat="52.21933" lon="1.56345">
        <ele>0</ele>
        <time>2026-06-26T08:50:35.212Z</time>
        <name>1354</name>
        <extensions>
          <speed_mps>17.882</speed_mps>
          <speed_mph>40.0</speed_mph>
        </extensions>
      </trkpt>
      <trkpt lat="52.21954" lon="1.56393">
        <ele>0</ele>
        <time>2026-06-26T08:50:37.468Z</time>
        <name>1355</name>
        <extensions>
          <speed_mps>17.882</speed_mps>
          <speed_mph>40.0</speed_mph>
        </extensions>
      </trkpt>
      <trkpt lat="52.21978" lon="1.56438">
        <ele>0</ele>
        <time>2026-06-26T08:50:39.726Z</time>
        <name>1356</name>
        <extensions>
          <speed_mps>17.882</speed_mps>
          <speed_mph>40.0</speed_mph>
        </extensions>
      </trkpt>
      <trkpt lat="52.22000" lon="1.56486">
        <ele>0</ele>
        <time>2026-06-26T08:50:41.983Z</time>
        <name>1357</name>
        <extensions>
          <speed_mps>17.882</speed_mps>
          <speed_mph>40.0</speed_mph>
        </extensions>
      </trkpt>
      <trkpt lat="52.22007" lon="1.56543">
        <ele>0</ele>
        <time>2026-06-26T08:50:44.215Z</time>
        <name>1358</name>
        <extensions>
          <speed_mps>17.882</speed_mps>
          <speed_mph>40.0</speed_mph>
        </extensions>
      </trkpt>
      <trkpt lat="52.22009" lon="1.56602">
        <ele>0</ele>
        <time>2026-06-26T08:50:46.473Z</time>
        <name>1359</name>
        <extensions>
          <speed_mps>17.882</speed_mps>
          <speed_mph>40.0</speed_mph>
        </extensions>
      </trkpt>
      <trkpt lat="52.22011" lon="1.56662">
        <ele>0</ele>
        <time>2026-06-26T08:50:48.731Z</time>
        <name>1360</name>
        <extensions>
          <speed_mps>17.882</speed_mps>
          <speed_mph>40.0</speed_mph>
        </extensions>
      </trkpt>
      <trkpt lat="52.22009" lon="1.56721">
        <ele>0</ele>
        <time>2026-06-26T08:50:50.987Z</time>
        <name>1361</name>
        <extensions>
          <speed_mps>17.882</speed_mps>
          <speed_mph>40.0</speed_mph>
        </extensions>
      </trkpt>
      <trkpt lat="52.22006" lon="1.56780">
        <ele>0</ele>
        <time>2026-06-26T08:50:53.245Z</time>
        <name>1362</name>
        <extensions>
          <speed_mps>17.882</speed_mps>
          <speed_mph>40.0</speed_mph>
        </extensions>
      </trkpt>
      <trkpt lat="52.22002" lon="1.56839">
        <ele>0</ele>
        <time>2026-06-26T08:50:55.503Z</time>
        <name>1363</name>
        <extensions>
          <speed_mps>17.882</speed_mps>
          <speed_mph>40.0</speed_mph>
        </extensions>
      </trkpt>
      <trkpt lat="52.21998" lon="1.56898">
        <ele>0</ele>
        <time>2026-06-26T08:50:57.761Z</time>
        <name>1364</name>
        <extensions>
          <speed_mps>17.882</speed_mps>
          <speed_mph>40.0</speed_mph>
        </extensions>
      </trkpt>
      <trkpt lat="52.21997" lon="1.56957">
        <ele>0</ele>
        <time>2026-06-26T08:51:00.018Z</time>
        <name>1365</name>
        <extensions>
          <speed_mps>17.882</speed_mps>
          <speed_mph>40.0</speed_mph>
        </extensions>
      </trkpt>
      <trkpt lat="52.22005" lon="1.57015">
        <ele>0</ele>
        <time>2026-06-26T08:51:02.271Z</time>
        <name>1366</name>
        <extensions>
          <speed_mps>17.882</speed_mps>
          <speed_mph>40.0</speed_mph>
        </extensions>
      </trkpt>
      <trkpt lat="52.22007" lon="1.57074">
        <ele>0</ele>
        <time>2026-06-26T08:51:04.518Z</time>
        <name>1367</name>
        <extensions>
          <speed_mps>17.882</speed_mps>
          <speed_mph>40.0</speed_mph>
        </extensions>
      </trkpt>
      <trkpt lat="52.22004" lon="1.57133">
        <ele>0</ele>
        <time>2026-06-26T08:51:06.776Z</time>
        <name>1368</name>
        <extensions>
          <speed_mps>17.882</speed_mps>
          <speed_mph>40.0</speed_mph>
        </extensions>
      </trkpt>
      <trkpt lat="52.22001" lon="1.57192">
        <ele>0</ele>
        <time>2026-06-26T08:51:09.034Z</time>
        <name>1369</name>
        <extensions>
          <speed_mps>17.882</speed_mps>
          <speed_mph>40.0</speed_mph>
        </extensions>
      </trkpt>
      <trkpt lat="52.21997" lon="1.57251">
        <ele>0</ele>
        <time>2026-06-26T08:51:11.292Z</time>
        <name>1370</name>
        <extensions>
          <speed_mps>17.882</speed_mps>
          <speed_mph>40.0</speed_mph>
        </extensions>
      </trkpt>
      <trkpt lat="52.21982" lon="1.57304">
        <ele>0</ele>
        <time>2026-06-26T08:51:13.533Z</time>
        <name>1371</name>
        <extensions>
          <speed_mps>17.882</speed_mps>
          <speed_mph>40.0</speed_mph>
        </extensions>
      </trkpt>
      <trkpt lat="52.21967" lon="1.57358">
        <ele>0</ele>
        <time>2026-06-26T08:51:15.788Z</time>
        <name>1372</name>
        <extensions>
          <speed_mps>17.882</speed_mps>
          <speed_mph>40.0</speed_mph>
        </extensions>
      </trkpt>
      <trkpt lat="52.21960" lon="1.57416">
        <ele>0</ele>
        <time>2026-06-26T08:51:18.046Z</time>
        <name>1373</name>
        <extensions>
          <speed_mps>17.882</speed_mps>
          <speed_mph>40.0</speed_mph>
        </extensions>
      </trkpt>
      <trkpt lat="52.21954" lon="1.57475">
        <ele>0</ele>
        <time>2026-06-26T08:51:20.304Z</time>
        <name>1374</name>
        <extensions>
          <speed_mps>17.882</speed_mps>
          <speed_mph>40.0</speed_mph>
        </extensions>
      </trkpt>
      <trkpt lat="52.21948" lon="1.57533">
        <ele>0</ele>
        <time>2026-06-26T08:51:22.561Z</time>
        <name>1375</name>
        <extensions>
          <speed_mps>17.882</speed_mps>
          <speed_mph>40.0</speed_mph>
        </extensions>
      </trkpt>
      <trkpt lat="52.21940" lon="1.57591">
        <ele>0</ele>
        <time>2026-06-26T08:51:24.819Z</time>
        <name>1376</name>
        <extensions>
          <speed_mps>17.882</speed_mps>
          <speed_mph>40.0</speed_mph>
        </extensions>
      </trkpt>
      <trkpt lat="52.21929" lon="1.57647">
        <ele>0</ele>
        <time>2026-06-26T08:51:27.067Z</time>
        <name>1377</name>
        <extensions>
          <speed_mps>17.882</speed_mps>
          <speed_mph>40.0</speed_mph>
        </extensions>
      </trkpt>
      <trkpt lat="52.21915" lon="1.57702">
        <ele>0</ele>
        <time>2026-06-26T08:51:29.325Z</time>
        <name>1378</name>
        <extensions>
          <speed_mps>17.882</speed_mps>
          <speed_mph>40.0</speed_mph>
        </extensions>
      </trkpt>
      <trkpt lat="52.21900" lon="1.57756">
        <ele>0</ele>
        <time>2026-06-26T08:51:31.583Z</time>
        <name>1379</name>
        <extensions>
          <speed_mps>17.882</speed_mps>
          <speed_mph>40.0</speed_mph>
        </extensions>
      </trkpt>
      <trkpt lat="52.21886" lon="1.57810">
        <ele>0</ele>
        <time>2026-06-26T08:51:33.841Z</time>
        <name>1380</name>
        <extensions>
          <speed_mps>17.882</speed_mps>
          <speed_mph>40.0</speed_mph>
        </extensions>
      </trkpt>
      <trkpt lat="52.21871" lon="1.57863">
        <ele>0</ele>
        <time>2026-06-26T08:51:36.049Z</time>
        <name>1381</name>
        <extensions>
          <speed_mps>17.882</speed_mps>
          <speed_mph>40.0</speed_mph>
        </extensions>
      </trkpt>
      <trkpt lat="52.21840" lon="1.57833">
        <ele>0</ele>
        <time>2026-06-26T08:51:38.285Z</time>
        <name>1382</name>
        <extensions>
          <speed_mps>17.882</speed_mps>
          <speed_mph>40.0</speed_mph>
        </extensions>
      </trkpt>
      <trkpt lat="52.21819" lon="1.57881">
        <ele>0</ele>
        <time>2026-06-26T08:51:40.543Z</time>
        <name>1383</name>
        <extensions>
          <speed_mps>17.882</speed_mps>
          <speed_mph>40.0</speed_mph>
        </extensions>
      </trkpt>
      <trkpt lat="52.21797" lon="1.57929">
        <ele>0</ele>
        <time>2026-06-26T08:51:42.802Z</time>
        <name>1384</name>
        <extensions>
          <speed_mps>17.882</speed_mps>
          <speed_mph>40.0</speed_mph>
        </extensions>
      </trkpt>
      <trkpt lat="52.21777" lon="1.57978">
        <ele>0</ele>
        <time>2026-06-26T08:51:45.059Z</time>
        <name>1385</name>
        <extensions>
          <speed_mps>17.882</speed_mps>
          <speed_mph>40.0</speed_mph>
        </extensions>
      </trkpt>
      <trkpt lat="52.21758" lon="1.58029">
        <ele>0</ele>
        <time>2026-06-26T08:51:47.311Z</time>
        <name>1386</name>
        <extensions>
          <speed_mps>17.882</speed_mps>
          <speed_mph>40.0</speed_mph>
        </extensions>
      </trkpt>
      <trkpt lat="52.21748" lon="1.58086">
        <ele>0</ele>
        <time>2026-06-26T08:51:49.559Z</time>
        <name>1387</name>
        <extensions>
          <speed_mps>17.882</speed_mps>
          <speed_mph>40.0</speed_mph>
        </extensions>
      </trkpt>
      <trkpt lat="52.21747" lon="1.58145">
        <ele>0</ele>
        <time>2026-06-26T08:51:51.814Z</time>
        <name>1388</name>
        <extensions>
          <speed_mps>17.882</speed_mps>
          <speed_mph>40.0</speed_mph>
        </extensions>
      </trkpt>
      <trkpt lat="52.21747" lon="1.58204">
        <ele>0</ele>
        <time>2026-06-26T08:51:54.072Z</time>
        <name>1389</name>
        <extensions>
          <speed_mps>17.882</speed_mps>
          <speed_mph>40.0</speed_mph>
        </extensions>
      </trkpt>
      <trkpt lat="52.21749" lon="1.58263">
        <ele>0</ele>
        <time>2026-06-26T08:51:56.330Z</time>
        <name>1390</name>
        <extensions>
          <speed_mps>17.882</speed_mps>
          <speed_mph>40.0</speed_mph>
        </extensions>
      </trkpt>
      <trkpt lat="52.21750" lon="1.58323">
        <ele>0</ele>
        <time>2026-06-26T08:51:58.587Z</time>
        <name>1391</name>
        <extensions>
          <speed_mps>17.882</speed_mps>
          <speed_mph>40.0</speed_mph>
        </extensions>
      </trkpt>
      <trkpt lat="52.21754" lon="1.58382">
        <ele>0</ele>
        <time>2026-06-26T08:52:00.845Z</time>
        <name>1392</name>
        <extensions>
          <speed_mps>17.882</speed_mps>
          <speed_mph>40.0</speed_mph>
        </extensions>
      </trkpt>
      <trkpt lat="52.21758" lon="1.58440">
        <ele>0</ele>
        <time>2026-06-26T08:52:03.103Z</time>
        <name>1393</name>
        <extensions>
          <speed_mps>17.882</speed_mps>
          <speed_mph>40.0</speed_mph>
        </extensions>
      </trkpt>
      <trkpt lat="52.21761" lon="1.58499">
        <ele>0</ele>
        <time>2026-06-26T08:52:05.361Z</time>
        <name>1394</name>
        <extensions>
          <speed_mps>17.882</speed_mps>
          <speed_mph>40.0</speed_mph>
        </extensions>
      </trkpt>
      <trkpt lat="52.21765" lon="1.58558">
        <ele>0</ele>
        <time>2026-06-26T08:52:07.619Z</time>
        <name>1395</name>
        <extensions>
          <speed_mps>17.882</speed_mps>
          <speed_mph>40.0</speed_mph>
        </extensions>
      </trkpt>
      <trkpt lat="52.21768" lon="1.58617">
        <ele>0</ele>
        <time>2026-06-26T08:52:09.876Z</time>
        <name>1396</name>
        <extensions>
          <speed_mps>17.882</speed_mps>
          <speed_mph>40.0</speed_mph>
        </extensions>
      </trkpt>
      <trkpt lat="52.21762" lon="1.58676">
        <ele>0</ele>
        <time>2026-06-26T08:52:12.134Z</time>
        <name>1397</name>
        <extensions>
          <speed_mps>17.882</speed_mps>
          <speed_mph>40.0</speed_mph>
        </extensions>
      </trkpt>
      <trkpt lat="52.21750" lon="1.58732">
        <ele>0</ele>
        <time>2026-06-26T08:52:14.391Z</time>
        <name>1398</name>
        <extensions>
          <speed_mps>17.882</speed_mps>
          <speed_mph>40.0</speed_mph>
        </extensions>
      </trkpt>
      <trkpt lat="52.21742" lon="1.58790">
        <ele>0</ele>
        <time>2026-06-26T08:52:16.641Z</time>
        <name>1399</name>
        <extensions>
          <speed_mps>17.882</speed_mps>
          <speed_mph>40.0</speed_mph>
        </extensions>
      </trkpt>
      <trkpt lat="52.21743" lon="1.58849">
        <ele>0</ele>
        <time>2026-06-26T08:52:18.891Z</time>
        <name>1400</name>
        <extensions>
          <speed_mps>17.882</speed_mps>
          <speed_mph>40.0</speed_mph>
        </extensions>
      </trkpt>
      <trkpt lat="52.21746" lon="1.58908">
        <ele>0</ele>
        <time>2026-06-26T08:52:21.145Z</time>
        <name>1401</name>
        <extensions>
          <speed_mps>17.882</speed_mps>
          <speed_mph>40.0</speed_mph>
        </extensions>
      </trkpt>
      <trkpt lat="52.21738" lon="1.58964">
        <ele>0</ele>
        <time>2026-06-26T08:52:23.364Z</time>
        <name>1402</name>
        <extensions>
          <speed_mps>17.882</speed_mps>
          <speed_mph>40.0</speed_mph>
        </extensions>
      </trkpt>
      <trkpt lat="52.21720" lon="1.59015">
        <ele>0</ele>
        <time>2026-06-26T08:52:25.608Z</time>
        <name>1403</name>
        <extensions>
          <speed_mps>17.882</speed_mps>
          <speed_mph>40.0</speed_mph>
        </extensions>
      </trkpt>
      <trkpt lat="52.21692" lon="1.59053">
        <ele>0</ele>
        <time>2026-06-26T08:52:27.858Z</time>
        <name>1404</name>
        <extensions>
          <speed_mps>17.882</speed_mps>
          <speed_mph>40.0</speed_mph>
        </extensions>
      </trkpt>
      <trkpt lat="52.21658" lon="1.59072">
        <ele>0</ele>
        <time>2026-06-26T08:52:30.111Z</time>
        <name>1405</name>
        <extensions>
          <speed_mps>17.882</speed_mps>
          <speed_mph>40.0</speed_mph>
        </extensions>
      </trkpt>
      <trkpt lat="52.21623" lon="1.59089">
        <ele>0</ele>
        <time>2026-06-26T08:52:32.368Z</time>
        <name>1406</name>
        <extensions>
          <speed_mps>17.882</speed_mps>
          <speed_mph>40.0</speed_mph>
        </extensions>
      </trkpt>
      <trkpt lat="52.21589" lon="1.59108">
        <ele>0</ele>
        <time>2026-06-26T08:52:34.625Z</time>
        <name>1407</name>
        <extensions>
          <speed_mps>17.882</speed_mps>
          <speed_mph>40.0</speed_mph>
        </extensions>
      </trkpt>
      <trkpt lat="52.21556" lon="1.59133">
        <ele>0</ele>
        <time>2026-06-26T08:52:36.883Z</time>
        <name>1408</name>
        <extensions>
          <speed_mps>17.882</speed_mps>
          <speed_mph>40.0</speed_mph>
        </extensions>
      </trkpt>
      <trkpt lat="52.21523" lon="1.59157">
        <ele>0</ele>
        <time>2026-06-26T08:52:39.141Z</time>
        <name>1409</name>
        <extensions>
          <speed_mps>17.882</speed_mps>
          <speed_mph>40.0</speed_mph>
        </extensions>
      </trkpt>
      <trkpt lat="52.21490" lon="1.59184">
        <ele>0</ele>
        <time>2026-06-26T08:52:41.397Z</time>
        <name>1410</name>
        <extensions>
          <speed_mps>17.882</speed_mps>
          <speed_mph>40.0</speed_mph>
        </extensions>
      </trkpt>
      <trkpt lat="52.21460" lon="1.59215">
        <ele>0</ele>
        <time>2026-06-26T08:52:43.655Z</time>
        <name>1411</name>
        <extensions>
          <speed_mps>17.882</speed_mps>
          <speed_mph>40.0</speed_mph>
        </extensions>
      </trkpt>
      <trkpt lat="52.21429" lon="1.59248">
        <ele>0</ele>
        <time>2026-06-26T08:52:45.909Z</time>
        <name>1412</name>
        <extensions>
          <speed_mps>17.882</speed_mps>
          <speed_mph>40.0</speed_mph>
        </extensions>
      </trkpt>
      <trkpt lat="52.21397" lon="1.59276">
        <ele>0</ele>
        <time>2026-06-26T08:52:48.165Z</time>
        <name>1413</name>
        <extensions>
          <speed_mps>17.882</speed_mps>
          <speed_mph>40.0</speed_mph>
        </extensions>
      </trkpt>
      <trkpt lat="52.21366" lon="1.59306">
        <ele>0</ele>
        <time>2026-06-26T08:52:50.423Z</time>
        <name>1414</name>
        <extensions>
          <speed_mps>17.882</speed_mps>
          <speed_mph>40.0</speed_mph>
        </extensions>
      </trkpt>
      <trkpt lat="52.21334" lon="1.59333">
        <ele>0</ele>
        <time>2026-06-26T08:52:52.678Z</time>
        <name>1415</name>
        <extensions>
          <speed_mps>17.882</speed_mps>
          <speed_mph>40.0</speed_mph>
        </extensions>
      </trkpt>
      <trkpt lat="52.21300" lon="1.59354">
        <ele>0</ele>
        <time>2026-06-26T08:52:54.935Z</time>
        <name>1416</name>
        <extensions>
          <speed_mps>17.882</speed_mps>
          <speed_mph>40.0</speed_mph>
        </extensions>
      </trkpt>
      <trkpt lat="52.21265" lon="1.59371">
        <ele>0</ele>
        <time>2026-06-26T08:52:57.193Z</time>
        <name>1417</name>
        <extensions>
          <speed_mps>17.882</speed_mps>
          <speed_mph>40.0</speed_mph>
        </extensions>
      </trkpt>
      <trkpt lat="52.21230" lon="1.59388">
        <ele>0</ele>
        <time>2026-06-26T08:52:59.451Z</time>
        <name>1418</name>
        <extensions>
          <speed_mps>17.882</speed_mps>
          <speed_mph>40.0</speed_mph>
        </extensions>
      </trkpt>
      <trkpt lat="52.21195" lon="1.59405">
        <ele>0</ele>
        <time>2026-06-26T08:53:01.709Z</time>
        <name>1419</name>
        <extensions>
          <speed_mps>17.882</speed_mps>
          <speed_mph>40.0</speed_mph>
        </extensions>
      </trkpt>
      <trkpt lat="52.21161" lon="1.59423">
        <ele>0</ele>
        <time>2026-06-26T08:53:03.967Z</time>
        <name>1420</name>
        <extensions>
          <speed_mps>17.882</speed_mps>
          <speed_mph>40.0</speed_mph>
        </extensions>
      </trkpt>
      <trkpt lat="52.21126" lon="1.59441">
        <ele>0</ele>
        <time>2026-06-26T08:53:06.225Z</time>
        <name>1421</name>
        <extensions>
          <speed_mps>17.882</speed_mps>
          <speed_mph>40.0</speed_mph>
        </extensions>
      </trkpt>
      <trkpt lat="52.21092" lon="1.59458">
        <ele>0</ele>
        <time>2026-06-26T08:53:08.483Z</time>
        <name>1422</name>
        <extensions>
          <speed_mps>17.882</speed_mps>
          <speed_mph>40.0</speed_mph>
        </extensions>
      </trkpt>
      <trkpt lat="52.21057" lon="1.59475">
        <ele>0</ele>
        <time>2026-06-26T08:53:10.741Z</time>
        <name>1423</name>
        <extensions>
          <speed_mps>17.882</speed_mps>
          <speed_mph>40.0</speed_mph>
        </extensions>
      </trkpt>
      <trkpt lat="52.21022" lon="1.59493">
        <ele>0</ele>
        <time>2026-06-26T08:53:12.999Z</time>
        <name>1424</name>
        <extensions>
          <speed_mps>17.882</speed_mps>
          <speed_mph>40.0</speed_mph>
        </extensions>
      </trkpt>
      <trkpt lat="52.20987" lon="1.59510">
        <ele>0</ele>
        <time>2026-06-26T08:53:15.257Z</time>
        <name>1425</name>
        <extensions>
          <speed_mps>17.882</speed_mps>
          <speed_mph>40.0</speed_mph>
        </extensions>
      </trkpt>
      <trkpt lat="52.20953" lon="1.59527">
        <ele>0</ele>
        <time>2026-06-26T08:53:17.515Z</time>
        <name>1426</name>
        <extensions>
          <speed_mps>17.882</speed_mps>
          <speed_mph>40.0</speed_mph>
        </extensions>
      </trkpt>
      <trkpt lat="52.20918" lon="1.59544">
        <ele>0</ele>
        <time>2026-06-26T08:53:19.773Z</time>
        <name>1427</name>
        <extensions>
          <speed_mps>17.882</speed_mps>
          <speed_mph>40.0</speed_mph>
        </extensions>
      </trkpt>
      <trkpt lat="52.20883" lon="1.59561">
        <ele>0</ele>
        <time>2026-06-26T08:53:22.031Z</time>
        <name>1428</name>
        <extensions>
          <speed_mps>17.882</speed_mps>
          <speed_mph>40.0</speed_mph>
        </extensions>
      </trkpt>
      <trkpt lat="52.20848" lon="1.59578">
        <ele>0</ele>
        <time>2026-06-26T08:53:24.289Z</time>
        <name>1429</name>
        <extensions>
          <speed_mps>17.882</speed_mps>
          <speed_mph>40.0</speed_mph>
        </extensions>
      </trkpt>
      <trkpt lat="52.20813" lon="1.59595">
        <ele>0</ele>
        <time>2026-06-26T08:53:26.547Z</time>
        <name>1430</name>
        <extensions>
          <speed_mps>17.882</speed_mps>
          <speed_mph>40.0</speed_mph>
        </extensions>
      </trkpt>
      <trkpt lat="52.20779" lon="1.59612">
        <ele>0</ele>
        <time>2026-06-26T08:53:28.805Z</time>
        <name>1431</name>
        <extensions>
          <speed_mps>17.882</speed_mps>
          <speed_mph>40.0</speed_mph>
        </extensions>
      </trkpt>
      <trkpt lat="52.20744" lon="1.59629">
        <ele>0</ele>
        <time>2026-06-26T08:53:31.063Z</time>
        <name>1432</name>
        <extensions>
          <speed_mps>17.882</speed_mps>
          <speed_mph>40.0</speed_mph>
        </extensions>
      </trkpt>
      <trkpt lat="52.20708" lon="1.59641">
        <ele>0</ele>
        <time>2026-06-26T08:53:33.320Z</time>
        <name>1433</name>
        <extensions>
          <speed_mps>17.882</speed_mps>
          <speed_mph>40.0</speed_mph>
        </extensions>
      </trkpt>
      <trkpt lat="52.20673" lon="1.59653">
        <ele>0</ele>
        <time>2026-06-26T08:53:35.578Z</time>
        <name>1434</name>
        <extensions>
          <speed_mps>17.882</speed_mps>
          <speed_mph>40.0</speed_mph>
        </extensions>
      </trkpt>
      <trkpt lat="52.20637" lon="1.59664">
        <ele>0</ele>
        <time>2026-06-26T08:53:37.836Z</time>
        <name>1435</name>
        <extensions>
          <speed_mps>17.882</speed_mps>
          <speed_mph>40.0</speed_mph>
        </extensions>
      </trkpt>
      <trkpt lat="52.20605" lon="1.59691">
        <ele>0</ele>
        <time>2026-06-26T08:53:40.077Z</time>
        <name>1436</name>
        <extensions>
          <speed_mps>17.882</speed_mps>
          <speed_mph>40.0</speed_mph>
        </extensions>
      </trkpt>
      <trkpt lat="52.20580" lon="1.59734">
        <ele>0</ele>
        <time>2026-06-26T08:53:42.328Z</time>
        <name>1437</name>
        <extensions>
          <speed_mps>17.882</speed_mps>
          <speed_mph>40.0</speed_mph>
        </extensions>
      </trkpt>
      <trkpt lat="52.20561" lon="1.59784">
        <ele>0</ele>
        <time>2026-06-26T08:53:44.585Z</time>
        <name>1438</name>
        <extensions>
          <speed_mps>17.882</speed_mps>
          <speed_mph>40.0</speed_mph>
        </extensions>
      </trkpt>
      <trkpt lat="52.20544" lon="1.59837">
        <ele>0</ele>
        <time>2026-06-26T08:53:46.842Z</time>
        <name>1439</name>
        <extensions>
          <speed_mps>17.882</speed_mps>
          <speed_mph>40.0</speed_mph>
        </extensions>
      </trkpt>
      <trkpt lat="52.20529" lon="1.59890">
        <ele>0</ele>
        <time>2026-06-26T08:53:49.100Z</time>
        <name>1440</name>
        <extensions>
          <speed_mps>17.882</speed_mps>
          <speed_mph>40.0</speed_mph>
        </extensions>
      </trkpt>
      <trkpt lat="52.20512" lon="1.59943">
        <ele>0</ele>
        <time>2026-06-26T08:53:51.358Z</time>
        <name>1441</name>
        <extensions>
          <speed_mps>17.882</speed_mps>
          <speed_mph>40.0</speed_mph>
        </extensions>
      </trkpt>
      <trkpt lat="52.20496" lon="1.59996">
        <ele>0</ele>
        <time>2026-06-26T08:53:53.616Z</time>
        <name>1442</name>
        <extensions>
          <speed_mps>17.882</speed_mps>
          <speed_mph>40.0</speed_mph>
        </extensions>
      </trkpt>
      <trkpt lat="52.20480" lon="1.60050">
        <ele>0</ele>
        <time>2026-06-26T08:53:55.874Z</time>
        <name>1443</name>
        <extensions>
          <speed_mps>17.882</speed_mps>
          <speed_mph>40.0</speed_mph>
        </extensions>
      </trkpt>
      <trkpt lat="52.20467" lon="1.60105">
        <ele>0</ele>
        <time>2026-06-26T08:53:58.131Z</time>
        <name>1444</name>
        <extensions>
          <speed_mps>17.882</speed_mps>
          <speed_mph>40.0</speed_mph>
        </extensions>
      </trkpt>
      <trkpt lat="52.20458" lon="1.60162">
        <ele>0</ele>
        <time>2026-06-26T08:54:00.389Z</time>
        <name>1445</name>
        <extensions>
          <speed_mps>17.882</speed_mps>
          <speed_mph>40.0</speed_mph>
        </extensions>
      </trkpt>
      <trkpt lat="52.20448" lon="1.60219">
        <ele>0</ele>
        <time>2026-06-26T08:54:02.647Z</time>
        <name>1446</name>
        <extensions>
          <speed_mps>17.882</speed_mps>
          <speed_mph>40.0</speed_mph>
        </extensions>
      </trkpt>
      <trkpt lat="52.20442" lon="1.60278">
        <ele>0</ele>
        <time>2026-06-26T08:54:04.902Z</time>
        <name>1447</name>
        <extensions>
          <speed_mps>17.882</speed_mps>
          <speed_mph>40.0</speed_mph>
        </extensions>
      </trkpt>
      <trkpt lat="52.20441" lon="1.60337">
        <ele>0</ele>
        <time>2026-06-26T08:54:07.159Z</time>
        <name>1448</name>
        <extensions>
          <speed_mps>17.882</speed_mps>
          <speed_mph>40.0</speed_mph>
        </extensions>
      </trkpt>
      <trkpt lat="52.20442" lon="1.60396">
        <ele>0</ele>
        <time>2026-06-26T08:54:09.416Z</time>
        <name>1449</name>
        <extensions>
          <speed_mps>17.882</speed_mps>
          <speed_mph>40.0</speed_mph>
        </extensions>
      </trkpt>
      <trkpt lat="52.20446" lon="1.60455">
        <ele>0</ele>
        <time>2026-06-26T08:54:11.672Z</time>
        <name>1450</name>
        <extensions>
          <speed_mps>17.882</speed_mps>
          <speed_mph>40.0</speed_mph>
        </extensions>
      </trkpt>
      <trkpt lat="52.20452" lon="1.60513">
        <ele>0</ele>
        <time>2026-06-26T08:54:13.929Z</time>
        <name>1451</name>
        <extensions>
          <speed_mps>17.882</speed_mps>
          <speed_mph>40.0</speed_mph>
        </extensions>
      </trkpt>
      <trkpt lat="52.20462" lon="1.60570">
        <ele>0</ele>
        <time>2026-06-26T08:54:16.187Z</time>
        <name>1452</name>
        <extensions>
          <speed_mps>17.882</speed_mps>
          <speed_mph>40.0</speed_mph>
        </extensions>
      </trkpt>
      <trkpt lat="52.20472" lon="1.60627">
        <ele>0</ele>
        <time>2026-06-26T08:54:18.445Z</time>
        <name>1453</name>
        <extensions>
          <speed_mps>17.882</speed_mps>
          <speed_mph>40.0</speed_mph>
        </extensions>
      </trkpt>
      <trkpt lat="52.20481" lon="1.60685">
        <ele>0</ele>
        <time>2026-06-26T08:54:20.703Z</time>
        <name>1454</name>
        <extensions>
          <speed_mps>17.882</speed_mps>
          <speed_mph>40.0</speed_mph>
        </extensions>
      </trkpt>
      <trkpt lat="52.20491" lon="1.60742">
        <ele>0</ele>
        <time>2026-06-26T08:54:22.961Z</time>
        <name>1455</name>
        <extensions>
          <speed_mps>17.882</speed_mps>
          <speed_mph>40.0</speed_mph>
        </extensions>
      </trkpt>
      <trkpt lat="52.20501" lon="1.60799">
        <ele>0</ele>
        <time>2026-06-26T08:54:25.219Z</time>
        <name>1456</name>
        <extensions>
          <speed_mps>17.882</speed_mps>
          <speed_mph>40.0</speed_mph>
        </extensions>
      </trkpt>
      <trkpt lat="52.20510" lon="1.60856">
        <ele>0</ele>
        <time>2026-06-26T08:54:27.477Z</time>
        <name>1457</name>
        <extensions>
          <speed_mps>17.882</speed_mps>
          <speed_mph>40.0</speed_mph>
        </extensions>
      </trkpt>
      <trkpt lat="52.20520" lon="1.60913">
        <ele>0</ele>
        <time>2026-06-26T08:54:29.735Z</time>
        <name>1458</name>
        <extensions>
          <speed_mps>17.882</speed_mps>
          <speed_mph>40.0</speed_mph>
        </extensions>
      </trkpt>
      <trkpt lat="52.20531" lon="1.60969">
        <ele>0</ele>
        <time>2026-06-26T08:54:31.993Z</time>
        <name>1459</name>
        <extensions>
          <speed_mps>17.882</speed_mps>
          <speed_mph>40.0</speed_mph>
        </extensions>
      </trkpt>
      <trkpt lat="52.20541" lon="1.61026">
        <ele>0</ele>
        <time>2026-06-26T08:54:34.251Z</time>
        <name>1460</name>
        <extensions>
          <speed_mps>17.882</speed_mps>
          <speed_mph>40.0</speed_mph>
        </extensions>
      </trkpt>
      <trkpt lat="52.20551" lon="1.61083">
        <ele>0</ele>
        <time>2026-06-26T08:54:36.509Z</time>
        <name>1461</name>
        <extensions>
          <speed_mps>17.882</speed_mps>
          <speed_mph>40.0</speed_mph>
        </extensions>
      </trkpt>
      <trkpt lat="52.20561" lon="1.61140">
        <ele>0</ele>
        <time>2026-06-26T08:54:38.767Z</time>
        <name>1462</name>
        <extensions>
          <speed_mps>17.882</speed_mps>
          <speed_mph>40.0</speed_mph>
        </extensions>
      </trkpt>
      <trkpt lat="52.20571" lon="1.61197">
        <ele>0</ele>
        <time>2026-06-26T08:54:41.025Z</time>
        <name>1463</name>
        <extensions>
          <speed_mps>17.882</speed_mps>
          <speed_mph>40.0</speed_mph>
        </extensions>
      </trkpt>
      <trkpt lat="52.20581" lon="1.61254">
        <ele>0</ele>
        <time>2026-06-26T08:54:43.283Z</time>
        <name>1464</name>
        <extensions>
          <speed_mps>17.882</speed_mps>
          <speed_mph>40.0</speed_mph>
        </extensions>
      </trkpt>
      <trkpt lat="52.20591" lon="1.61311">
        <ele>0</ele>
        <time>2026-06-26T08:54:45.541Z</time>
        <name>1465</name>
        <extensions>
          <speed_mps>17.882</speed_mps>
          <speed_mph>40.0</speed_mph>
        </extensions>
      </trkpt>
      <trkpt lat="52.20599" lon="1.61369">
        <ele>0</ele>
        <time>2026-06-26T08:54:47.798Z</time>
        <name>1466</name>
        <extensions>
          <speed_mps>17.882</speed_mps>
          <speed_mph>40.0</speed_mph>
        </extensions>
      </trkpt>
      <trkpt lat="52.20605" lon="1.61427">
        <ele>0</ele>
        <time>2026-06-26T08:54:50.054Z</time>
        <name>1467</name>
        <extensions>
          <speed_mps>17.882</speed_mps>
          <speed_mph>40.0</speed_mph>
        </extensions>
      </trkpt>
      <trkpt lat="52.20610" lon="1.61486">
        <ele>0</ele>
        <time>2026-06-26T08:54:52.312Z</time>
        <name>1468</name>
        <extensions>
          <speed_mps>17.882</speed_mps>
          <speed_mph>40.0</speed_mph>
        </extensions>
      </trkpt>
      <trkpt lat="52.20612" lon="1.61545">
        <ele>0</ele>
        <time>2026-06-26T08:54:54.570Z</time>
        <name>1469</name>
        <extensions>
          <speed_mps>17.882</speed_mps>
          <speed_mph>40.0</speed_mph>
        </extensions>
      </trkpt>
      <trkpt lat="52.20612" lon="1.61605">
        <ele>0</ele>
        <time>2026-06-26T08:54:56.828Z</time>
        <name>1470</name>
        <extensions>
          <speed_mps>17.882</speed_mps>
          <speed_mph>40.0</speed_mph>
        </extensions>
      </trkpt>
      <trkpt lat="52.20616" lon="1.61663">
        <ele>0</ele>
        <time>2026-06-26T08:54:59.077Z</time>
        <name>1471</name>
        <extensions>
          <speed_mps>17.882</speed_mps>
          <speed_mph>40.0</speed_mph>
        </extensions>
      </trkpt>
      <trkpt lat="52.20630" lon="1.61718">
        <ele>0</ele>
        <time>2026-06-26T08:55:01.331Z</time>
        <name>1472</name>
        <extensions>
          <speed_mps>17.882</speed_mps>
          <speed_mph>40.0</speed_mph>
        </extensions>
      </trkpt>
      <trkpt lat="52.20647" lon="1.61770">
        <ele>0</ele>
        <time>2026-06-26T08:55:03.588Z</time>
        <name>1473</name>
        <extensions>
          <speed_mps>17.882</speed_mps>
          <speed_mph>40.0</speed_mph>
        </extensions>
      </trkpt>
      <trkpt lat="52.20667" lon="1.61820">
        <ele>0</ele>
        <time>2026-06-26T08:55:05.844Z</time>
        <name>1474</name>
        <extensions>
          <speed_mps>17.882</speed_mps>
          <speed_mph>40.0</speed_mph>
        </extensions>
      </trkpt>
      <trkpt lat="52.20688" lon="1.61868">
        <ele>0</ele>
        <time>2026-06-26T08:55:08.102Z</time>
        <name>1475</name>
        <extensions>
          <speed_mps>17.882</speed_mps>
          <speed_mph>40.0</speed_mph>
        </extensions>
      </trkpt>
      <trkpt lat="52.20708" lon="1.61917">
        <ele>0</ele>
        <time>2026-06-26T08:55:10.360Z</time>
        <name>1476</name>
        <extensions>
          <speed_mps>17.882</speed_mps>
          <speed_mph>40.0</speed_mph>
        </extensions>
      </trkpt>
      <trkpt lat="52.20730" lon="1.61949">
        <ele>0</ele>
        <time>2026-06-26T08:55:12.190Z</time>
        <name>1477</name>
        <extensions>
          <speed_mps>17.882</speed_mps>
          <speed_mph>40.0</speed_mph>
        </extensions>
      </trkpt>
      <trkpt lat="52.20766" lon="1.61958">
        <ele>0</ele>
        <time>2026-06-26T08:55:14.445Z</time>
        <name>1478</name>
        <extensions>
          <speed_mps>17.882</speed_mps>
          <speed_mph>40.0</speed_mph>
        </extensions>
      </trkpt>
      <trkpt lat="52.20802" lon="1.61951">
        <ele>0</ele>
        <time>2026-06-26T08:55:16.697Z</time>
        <name>1479</name>
        <extensions>
          <speed_mps>17.882</speed_mps>
          <speed_mph>40.0</speed_mph>
        </extensions>
      </trkpt>
      <trkpt lat="52.20837" lon="1.61934">
        <ele>0</ele>
        <time>2026-06-26T08:55:18.954Z</time>
        <name>1480</name>
        <extensions>
          <speed_mps>17.882</speed_mps>
          <speed_mph>40.0</speed_mph>
        </extensions>
      </trkpt>
      <trkpt lat="52.20869" lon="1.61907">
        <ele>0</ele>
        <time>2026-06-26T08:55:21.203Z</time>
        <name>1481</name>
        <extensions>
          <speed_mps>17.882</speed_mps>
          <speed_mph>40.0</speed_mph>
        </extensions>
      </trkpt>
      <trkpt lat="52.20900" lon="1.61876">
        <ele>0</ele>
        <time>2026-06-26T08:55:23.460Z</time>
        <name>1482</name>
        <extensions>
          <speed_mps>17.882</speed_mps>
          <speed_mph>40.0</speed_mph>
        </extensions>
      </trkpt>
      <trkpt lat="52.20930" lon="1.61843">
        <ele>0</ele>
        <time>2026-06-26T08:55:25.718Z</time>
        <name>1483</name>
        <extensions>
          <speed_mps>17.882</speed_mps>
          <speed_mph>40.0</speed_mph>
        </extensions>
      </trkpt>
      <trkpt lat="52.20960" lon="1.61811">
        <ele>0</ele>
        <time>2026-06-26T08:55:27.976Z</time>
        <name>1484</name>
        <extensions>
          <speed_mps>17.882</speed_mps>
          <speed_mph>40.0</speed_mph>
        </extensions>
      </trkpt>
      <trkpt lat="52.20991" lon="1.61778">
        <ele>0</ele>
        <time>2026-06-26T08:55:30.234Z</time>
        <name>1485</name>
        <extensions>
          <speed_mps>17.882</speed_mps>
          <speed_mph>40.0</speed_mph>
        </extensions>
      </trkpt>
      <trkpt lat="52.21018" lon="1.61739">
        <ele>0</ele>
        <time>2026-06-26T08:55:32.476Z</time>
        <name>1486</name>
        <extensions>
          <speed_mps>17.882</speed_mps>
          <speed_mph>40.0</speed_mph>
        </extensions>
      </trkpt>
      <trkpt lat="52.21032" lon="1.61686">
        <ele>0</ele>
        <time>2026-06-26T08:55:34.711Z</time>
        <name>1487</name>
        <extensions>
          <speed_mps>17.882</speed_mps>
          <speed_mph>40.0</speed_mph>
        </extensions>
      </trkpt>
      <trkpt lat="52.21041" lon="1.61628">
        <ele>0</ele>
        <time>2026-06-26T08:55:36.969Z</time>
        <name>1488</name>
        <extensions>
          <speed_mps>17.882</speed_mps>
          <speed_mph>40.0</speed_mph>
        </extensions>
      </trkpt>
      <trkpt lat="52.21052" lon="1.61572">
        <ele>0</ele>
        <time>2026-06-26T08:55:39.217Z</time>
        <name>1489</name>
        <extensions>
          <speed_mps>17.882</speed_mps>
          <speed_mph>40.0</speed_mph>
        </extensions>
      </trkpt>
      <trkpt lat="52.21081" lon="1.61541">
        <ele>0</ele>
        <time>2026-06-26T08:55:41.393Z</time>
        <name>1490</name>
        <extensions>
          <speed_mps>17.882</speed_mps>
          <speed_mph>40.0</speed_mph>
        </extensions>
      </trkpt>
      <trkpt lat="52.21117" lon="1.61541">
        <ele>0</ele>
        <time>2026-06-26T08:55:43.647Z</time>
        <name>1491</name>
        <extensions>
          <speed_mps>17.882</speed_mps>
          <speed_mph>40.0</speed_mph>
        </extensions>
      </trkpt>
      <trkpt lat="52.21154" lon="1.61544">
        <ele>0</ele>
        <time>2026-06-26T08:55:45.905Z</time>
        <name>1492</name>
        <extensions>
          <speed_mps>17.882</speed_mps>
          <speed_mph>40.0</speed_mph>
        </extensions>
      </trkpt>
      <trkpt lat="52.21190" lon="1.61547">
        <ele>0</ele>
        <time>2026-06-26T08:55:48.163Z</time>
        <name>1493</name>
        <extensions>
          <speed_mps>17.882</speed_mps>
          <speed_mph>40.0</speed_mph>
        </extensions>
      </trkpt>
      <trkpt lat="52.21226" lon="1.61551">
        <ele>0</ele>
        <time>2026-06-26T08:55:50.421Z</time>
        <name>1494</name>
        <extensions>
          <speed_mps>17.882</speed_mps>
          <speed_mph>40.0</speed_mph>
        </extensions>
      </trkpt>
      <trkpt lat="52.21262" lon="1.61550">
        <ele>0</ele>
        <time>2026-06-26T08:55:52.677Z</time>
        <name>1495</name>
        <extensions>
          <speed_mps>17.882</speed_mps>
          <speed_mph>40.0</speed_mph>
        </extensions>
      </trkpt>
      <trkpt lat="52.21299" lon="1.61549">
        <ele>0</ele>
        <time>2026-06-26T08:55:54.935Z</time>
        <name>1496</name>
        <extensions>
          <speed_mps>17.882</speed_mps>
          <speed_mph>40.0</speed_mph>
        </extensions>
      </trkpt>
      <trkpt lat="52.21335" lon="1.61549">
        <ele>0</ele>
        <time>2026-06-26T08:55:57.192Z</time>
        <name>1497</name>
        <extensions>
          <speed_mps>17.882</speed_mps>
          <speed_mph>40.0</speed_mph>
        </extensions>
      </trkpt>
      <trkpt lat="52.21371" lon="1.61551">
        <ele>0</ele>
        <time>2026-06-26T08:55:59.450Z</time>
        <name>1498</name>
        <extensions>
          <speed_mps>17.882</speed_mps>
          <speed_mph>40.0</speed_mph>
        </extensions>
      </trkpt>
      <trkpt lat="52.21408" lon="1.61556">
        <ele>0</ele>
        <time>2026-06-26T08:56:01.707Z</time>
        <name>1499</name>
        <extensions>
          <speed_mps>17.882</speed_mps>
          <speed_mph>40.0</speed_mph>
        </extensions>
      </trkpt>
      <trkpt lat="52.21444" lon="1.61562">
        <ele>0</ele>
        <time>2026-06-26T08:56:03.966Z</time>
        <name>1500</name>
        <extensions>
          <speed_mps>17.882</speed_mps>
          <speed_mph>40.0</speed_mph>
        </extensions>
      </trkpt>
      <trkpt lat="52.21480" lon="1.61568">
        <ele>0</ele>
        <time>2026-06-26T08:56:06.224Z</time>
        <name>1501</name>
        <extensions>
          <speed_mps>17.882</speed_mps>
          <speed_mph>40.0</speed_mph>
        </extensions>
      </trkpt>
      <trkpt lat="52.21516" lon="1.61570">
        <ele>0</ele>
        <time>2026-06-26T08:56:08.482Z</time>
        <name>1502</name>
        <extensions>
          <speed_mps>17.882</speed_mps>
          <speed_mph>40.0</speed_mph>
        </extensions>
      </trkpt>
      <trkpt lat="52.21552" lon="1.61573">
        <ele>0</ele>
        <time>2026-06-26T08:56:10.740Z</time>
        <name>1503</name>
        <extensions>
          <speed_mps>17.882</speed_mps>
          <speed_mph>40.0</speed_mph>
        </extensions>
      </trkpt>
      <trkpt lat="52.21589" lon="1.61576">
        <ele>0</ele>
        <time>2026-06-26T08:56:12.998Z</time>
        <name>1504</name>
        <extensions>
          <speed_mps>17.882</speed_mps>
          <speed_mph>40.0</speed_mph>
        </extensions>
      </trkpt>
      <trkpt lat="52.21622" lon="1.61562">
        <ele>0</ele>
        <time>2026-06-26T08:56:15.153Z</time>
        <name>1505</name>
        <extensions>
          <speed_mps>17.882</speed_mps>
          <speed_mph>40.0</speed_mph>
        </extensions>
      </trkpt>
      <trkpt lat="52.21658" lon="1.61566">
        <ele>0</ele>
        <time>2026-06-26T08:56:17.411Z</time>
        <name>1506</name>
        <extensions>
          <speed_mps>17.882</speed_mps>
          <speed_mph>40.0</speed_mph>
        </extensions>
      </trkpt>
      <trkpt lat="52.21695" lon="1.61569">
        <ele>0</ele>
        <time>2026-06-26T08:56:19.669Z</time>
        <name>1507</name>
        <extensions>
          <speed_mps>17.882</speed_mps>
          <speed_mph>40.0</speed_mph>
        </extensions>
      </trkpt>
      <trkpt lat="52.21731" lon="1.61573">
        <ele>0</ele>
        <time>2026-06-26T08:56:21.927Z</time>
        <name>1508</name>
        <extensions>
          <speed_mps>17.882</speed_mps>
          <speed_mph>40.0</speed_mph>
        </extensions>
      </trkpt>
      <trkpt lat="52.21765" lon="1.61564">
        <ele>0</ele>
        <time>2026-06-26T08:56:24.066Z</time>
        <name>1509</name>
        <extensions>
          <speed_mps>17.882</speed_mps>
          <speed_mph>40.0</speed_mph>
        </extensions>
      </trkpt>
      <trkpt lat="52.21798" lon="1.61548">
        <ele>0</ele>
        <time>2026-06-26T08:56:26.192Z</time>
        <name>1510</name>
        <extensions>
          <speed_mps>17.882</speed_mps>
          <speed_mph>40.0</speed_mph>
        </extensions>
      </trkpt>
      <trkpt lat="52.21799" lon="1.61603">
        <ele>0</ele>
        <time>2026-06-26T08:56:28.260Z</time>
        <name>1511</name>
        <extensions>
          <speed_mps>17.882</speed_mps>
          <speed_mph>40.0</speed_mph>
        </extensions>
      </trkpt>
      <trkpt lat="52.21797" lon="1.61662">
        <ele>0</ele>
        <time>2026-06-26T08:56:30.518Z</time>
        <name>1512</name>
        <extensions>
          <speed_mps>17.882</speed_mps>
          <speed_mph>40.0</speed_mph>
        </extensions>
      </trkpt>
      <trkpt lat="52.21831" lon="1.61669">
        <ele>0</ele>
        <time>2026-06-26T08:56:32.665Z</time>
        <name>1513</name>
        <extensions>
          <speed_mps>17.882</speed_mps>
          <speed_mph>40.0</speed_mph>
        </extensions>
      </trkpt>
    </trkseg>
  </trk>
</gpx>
