<?xml version='1.0' encoding='utf-8'?>
<gpx xmlns="http://www.topografix.com/GPX/1/1" xmlns:xsi="http://www.w3.org/2001/XMLSchema-instance" creator="PIT Pathfinder" version="1.1" xsi:schemaLocation="http://www.topografix.com/GPX/1/1 http://www.topografix.com/GPX/1/1/gpx.xsd">
  <metadata>
    <name>Orwell Logistics Park to Sizewell C - Knodishall Deviation Route</name>
    <desc>OSRM generated driving route</desc>
    <time>2026-06-26T08:00:00.000Z</time>
  </metadata>
  <wpt lat="52.02628" lon="1.22374">
    <ele>0</ele>
    <name>Orwell Logistics Park, Nacton, Ipswich IP10 0DD</name>
    <cmt>Waypoint no: 1</cmt>
    <desc>This is waypoint no: 1</desc>
  </wpt>
  <wpt lat="52.21828" lon="1.61742">
    <ele>0</ele>
    <name>Sizewell C Power Station, Leiston, Suffolk</name>
    <cmt>Waypoint no: 2</cmt>
    <desc>This is waypoint no: 2</desc>
  </wpt>
  <trk>
    <name>Orwell Logistics Park to Sizewell C (Deviated)</name>
    <desc>This is track no: 1</desc>
    <number>1</number>
    <trkseg>
      <trkpt lat="52.02628" lon="1.22374">
        <ele>0</ele>
        <time>2026-06-26T08:00:00.000Z</time>
        <name>1</name>
        <extensions>
          <speed_mps>22.352</speed_mps>
          <speed_mph>50.0</speed_mph>
        </extensions>
      </trkpt>
      <trkpt lat="52.02616" lon="1.22420">
        <ele>0</ele>
        <time>2026-06-26T08:00:01.525Z</time>
        <name>2</name>
        <extensions>
          <speed_mps>22.352</speed_mps>
          <speed_mph>50.0</speed_mph>
        </extensions>
      </trkpt>
      <trkpt lat="52.02605" lon="1.22466">
        <ele>0</ele>
        <time>2026-06-26T08:00:03.050Z</time>
        <name>3</name>
        <extensions>
          <speed_mps>22.352</speed_mps>
          <speed_mph>50.0</speed_mph>
        </extensions>
      </trkpt>
      <trkpt lat="52.02593" lon="1.22513">
        <ele>0</ele>
        <time>2026-06-26T08:00:04.575Z</time>
        <name>4</name>
        <extensions>
          <speed_mps>22.352</speed_mps>
          <speed_mph>50.0</speed_mph>
        </extensions>
      </trkpt>
      <trkpt lat="52.02582" lon="1.22559">
        <ele>0</ele>
        <time>2026-06-26T08:00:06.101Z</time>
        <name>5</name>
        <extensions>
          <speed_mps>22.352</speed_mps>
          <speed_mph>50.0</speed_mph>
        </extensions>
      </trkpt>
      <trkpt lat="52.02576" lon="1.22607">
        <ele>0</ele>
        <time>2026-06-26T08:00:07.607Z</time>
        <name>6</name>
        <extensions>
          <speed_mps>22.352</speed_mps>
          <speed_mph>50.0</speed_mph>
        </extensions>
      </trkpt>
      <trkpt lat="52.02583" lon="1.22656">
        <ele>0</ele>
        <time>2026-06-26T08:00:09.129Z</time>
        <name>7</name>
        <extensions>
          <speed_mps>22.352</speed_mps>
          <speed_mph>50.0</speed_mph>
        </extensions>
      </trkpt>
      <trkpt lat="52.02585" lon="1.22705">
        <ele>0</ele>
        <time>2026-06-26T08:00:10.639Z</time>
        <name>8</name>
        <extensions>
          <speed_mps>22.352</speed_mps>
          <speed_mph>50.0</speed_mph>
        </extensions>
      </trkpt>
      <trkpt lat="52.02571" lon="1.22749">
        <ele>0</ele>
        <time>2026-06-26T08:00:12.142Z</time>
        <name>9</name>
        <extensions>
          <speed_mps>22.352</speed_mps>
          <speed_mph>50.0</speed_mph>
        </extensions>
      </trkpt>
      <trkpt lat="52.02551" lon="1.22785">
        <ele>0</ele>
        <time>2026-06-26T08:00:13.645Z</time>
        <name>10</name>
        <extensions>
          <speed_mps>22.352</speed_mps>
          <speed_mph>50.0</speed_mph>
        </extensions>
      </trkpt>
      <trkpt lat="52.02529" lon="1.22791">
        <ele>0</ele>
        <time>2026-06-26T08:00:14.773Z</time>
        <name>11</name>
        <extensions>
          <speed_mps>22.352</speed_mps>
          <speed_mph>50.0</speed_mph>
        </extensions>
      </trkpt>
      <trkpt lat="52.02523" lon="1.22743">
        <ele>0</ele>
        <time>2026-06-26T08:00:16.270Z</time>
        <name>12</name>
        <extensions>
          <speed_mps>22.352</speed_mps>
          <speed_mph>50.0</speed_mph>
        </extensions>
      </trkpt>
      <trkpt lat="52.02501" lon="1.22709">
        <ele>0</ele>
        <time>2026-06-26T08:00:17.779Z</time>
        <name>13</name>
        <extensions>
          <speed_mps>22.352</speed_mps>
          <speed_mph>50.0</speed_mph>
        </extensions>
      </trkpt>
      <trkpt lat="52.02472" lon="1.22702">
        <ele>0</ele>
        <time>2026-06-26T08:00:19.245Z</time>
        <name>14</name>
        <extensions>
          <speed_mps>22.352</speed_mps>
          <speed_mph>50.0</speed_mph>
        </extensions>
      </trkpt>
      <trkpt lat="52.02451" lon="1.22735">
        <ele>0</ele>
        <time>2026-06-26T08:00:20.686Z</time>
        <name>15</name>
        <extensions>
          <speed_mps>22.352</speed_mps>
          <speed_mph>50.0</speed_mph>
        </extensions>
      </trkpt>
      <trkpt lat="52.02438" lon="1.22780">
        <ele>0</ele>
        <time>2026-06-26T08:00:22.206Z</time>
        <name>16</name>
        <extensions>
          <speed_mps>22.352</speed_mps>
          <speed_mph>50.0</speed_mph>
        </extensions>
      </trkpt>
      <trkpt lat="52.02431" lon="1.22828">
        <ele>0</ele>
        <time>2026-06-26T08:00:23.731Z</time>
        <name>17</name>
        <extensions>
          <speed_mps>22.352</speed_mps>
          <speed_mph>50.0</speed_mph>
        </extensions>
      </trkpt>
      <trkpt lat="52.02425" lon="1.22877">
        <ele>0</ele>
        <time>2026-06-26T08:00:25.256Z</time>
        <name>18</name>
        <extensions>
          <speed_mps>22.352</speed_mps>
          <speed_mph>50.0</speed_mph>
        </extensions>
      </trkpt>
      <trkpt lat="52.02420" lon="1.22926">
        <ele>0</ele>
        <time>2026-06-26T08:00:26.780Z</time>
        <name>19</name>
        <extensions>
          <speed_mps>22.352</speed_mps>
          <speed_mph>50.0</speed_mph>
        </extensions>
      </trkpt>
      <trkpt lat="52.02417" lon="1.22976">
        <ele>0</ele>
        <time>2026-06-26T08:00:28.306Z</time>
        <name>20</name>
        <extensions>
          <speed_mps>22.352</speed_mps>
          <speed_mph>50.0</speed_mph>
        </extensions>
      </trkpt>
      <trkpt lat="52.02416" lon="1.23026">
        <ele>0</ele>
        <time>2026-06-26T08:00:29.830Z</time>
        <name>21</name>
        <extensions>
          <speed_mps>22.352</speed_mps>
          <speed_mph>50.0</speed_mph>
        </extensions>
      </trkpt>
      <trkpt lat="52.02416" lon="1.23076">
        <ele>0</ele>
        <time>2026-06-26T08:00:31.356Z</time>
        <name>22</name>
        <extensions>
          <speed_mps>22.352</speed_mps>
          <speed_mph>50.0</speed_mph>
        </extensions>
      </trkpt>
      <trkpt lat="52.02419" lon="1.23125">
        <ele>0</ele>
        <time>2026-06-26T08:00:32.881Z</time>
        <name>23</name>
        <extensions>
          <speed_mps>22.352</speed_mps>
          <speed_mph>50.0</speed_mph>
        </extensions>
      </trkpt>
      <trkpt lat="52.02422" lon="1.23175">
        <ele>0</ele>
        <time>2026-06-26T08:00:34.406Z</time>
        <name>24</name>
        <extensions>
          <speed_mps>22.352</speed_mps>
          <speed_mph>50.0</speed_mph>
        </extensions>
      </trkpt>
      <trkpt lat="52.02428" lon="1.23224">
        <ele>0</ele>
        <time>2026-06-26T08:00:35.932Z</time>
        <name>25</name>
        <extensions>
          <speed_mps>22.352</speed_mps>
          <speed_mph>50.0</speed_mph>
        </extensions>
      </trkpt>
      <trkpt lat="52.02435" lon="1.23272">
        <ele>0</ele>
        <time>2026-06-26T08:00:37.456Z</time>
        <name>26</name>
        <extensions>
          <speed_mps>22.352</speed_mps>
          <speed_mph>50.0</speed_mph>
        </extensions>
      </trkpt>
      <trkpt lat="52.02445" lon="1.23319">
        <ele>0</ele>
        <time>2026-06-26T08:00:38.981Z</time>
        <name>27</name>
        <extensions>
          <speed_mps>22.352</speed_mps>
          <speed_mph>50.0</speed_mph>
        </extensions>
      </trkpt>
      <trkpt lat="52.02455" lon="1.23366">
        <ele>0</ele>
        <time>2026-06-26T08:00:40.506Z</time>
        <name>28</name>
        <extensions>
          <speed_mps>22.352</speed_mps>
          <speed_mph>50.0</speed_mph>
        </extensions>
      </trkpt>
      <trkpt lat="52.02467" lon="1.23412">
        <ele>0</ele>
        <time>2026-06-26T08:00:42.030Z</time>
        <name>29</name>
        <extensions>
          <speed_mps>22.352</speed_mps>
          <speed_mph>50.0</speed_mph>
        </extensions>
      </trkpt>
      <trkpt lat="52.02480" lon="1.23457">
        <ele>0</ele>
        <time>2026-06-26T08:00:43.555Z</time>
        <name>30</name>
        <extensions>
          <speed_mps>22.352</speed_mps>
          <speed_mph>50.0</speed_mph>
        </extensions>
      </trkpt>
      <trkpt lat="52.02494" lon="1.23502">
        <ele>0</ele>
        <time>2026-06-26T08:00:45.081Z</time>
        <name>31</name>
        <extensions>
          <speed_mps>22.352</speed_mps>
          <speed_mph>50.0</speed_mph>
        </extensions>
      </trkpt>
      <trkpt lat="52.02509" lon="1.23546">
        <ele>0</ele>
        <time>2026-06-26T08:00:46.606Z</time>
        <name>32</name>
        <extensions>
          <speed_mps>22.352</speed_mps>
          <speed_mph>50.0</speed_mph>
        </extensions>
      </trkpt>
      <trkpt lat="52.02523" lon="1.23589">
        <ele>0</ele>
        <time>2026-06-26T08:00:48.131Z</time>
        <name>33</name>
        <extensions>
          <speed_mps>22.352</speed_mps>
          <speed_mph>50.0</speed_mph>
        </extensions>
      </trkpt>
      <trkpt lat="52.02538" lon="1.23633">
        <ele>0</ele>
        <time>2026-06-26T08:00:49.657Z</time>
        <name>34</name>
        <extensions>
          <speed_mps>22.352</speed_mps>
          <speed_mph>50.0</speed_mph>
        </extensions>
      </trkpt>
      <trkpt lat="52.02553" lon="1.23677">
        <ele>0</ele>
        <time>2026-06-26T08:00:51.182Z</time>
        <name>35</name>
        <extensions>
          <speed_mps>22.352</speed_mps>
          <speed_mph>50.0</speed_mph>
        </extensions>
      </trkpt>
      <trkpt lat="52.02567" lon="1.23720">
        <ele>0</ele>
        <time>2026-06-26T08:00:52.707Z</time>
        <name>36</name>
        <extensions>
          <speed_mps>22.352</speed_mps>
          <speed_mph>50.0</speed_mph>
        </extensions>
      </trkpt>
      <trkpt lat="52.02583" lon="1.23763">
        <ele>0</ele>
        <time>2026-06-26T08:00:54.233Z</time>
        <name>37</name>
        <extensions>
          <speed_mps>22.352</speed_mps>
          <speed_mph>50.0</speed_mph>
        </extensions>
      </trkpt>
      <trkpt lat="52.02599" lon="1.23806">
        <ele>0</ele>
        <time>2026-06-26T08:00:55.758Z</time>
        <name>38</name>
        <extensions>
          <speed_mps>22.352</speed_mps>
          <speed_mph>50.0</speed_mph>
        </extensions>
      </trkpt>
      <trkpt lat="52.02615" lon="1.23848">
        <ele>0</ele>
        <time>2026-06-26T08:00:57.283Z</time>
        <name>39</name>
        <extensions>
          <speed_mps>22.352</speed_mps>
          <speed_mph>50.0</speed_mph>
        </extensions>
      </trkpt>
      <trkpt lat="52.02631" lon="1.23891">
        <ele>0</ele>
        <time>2026-06-26T08:00:58.809Z</time>
        <name>40</name>
        <extensions>
          <speed_mps>22.352</speed_mps>
          <speed_mph>50.0</speed_mph>
        </extensions>
      </trkpt>
      <trkpt lat="52.02647" lon="1.23934">
        <ele>0</ele>
        <time>2026-06-26T08:01:00.334Z</time>
        <name>41</name>
        <extensions>
          <speed_mps>22.352</speed_mps>
          <speed_mph>50.0</speed_mph>
        </extensions>
      </trkpt>
      <trkpt lat="52.02662" lon="1.23976">
        <ele>0</ele>
        <time>2026-06-26T08:01:01.859Z</time>
        <name>42</name>
        <extensions>
          <speed_mps>22.352</speed_mps>
          <speed_mph>50.0</speed_mph>
        </extensions>
      </trkpt>
      <trkpt lat="52.02678" lon="1.24019">
        <ele>0</ele>
        <time>2026-06-26T08:01:03.385Z</time>
        <name>43</name>
        <extensions>
          <speed_mps>22.352</speed_mps>
          <speed_mph>50.0</speed_mph>
        </extensions>
      </trkpt>
      <trkpt lat="52.02694" lon="1.24062">
        <ele>0</ele>
        <time>2026-06-26T08:01:04.910Z</time>
        <name>44</name>
        <extensions>
          <speed_mps>22.352</speed_mps>
          <speed_mph>50.0</speed_mph>
        </extensions>
      </trkpt>
      <trkpt lat="52.02710" lon="1.24104">
        <ele>0</ele>
        <time>2026-06-26T08:01:06.435Z</time>
        <name>45</name>
        <extensions>
          <speed_mps>22.352</speed_mps>
          <speed_mph>50.0</speed_mph>
        </extensions>
      </trkpt>
      <trkpt lat="52.02725" lon="1.24148">
        <ele>0</ele>
        <time>2026-06-26T08:01:07.960Z</time>
        <name>46</name>
        <extensions>
          <speed_mps>22.352</speed_mps>
          <speed_mph>50.0</speed_mph>
        </extensions>
      </trkpt>
      <trkpt lat="52.02739" lon="1.24192">
        <ele>0</ele>
        <time>2026-06-26T08:01:09.485Z</time>
        <name>47</name>
        <extensions>
          <speed_mps>22.352</speed_mps>
          <speed_mph>50.0</speed_mph>
        </extensions>
      </trkpt>
      <trkpt lat="52.02751" lon="1.24238">
        <ele>0</ele>
        <time>2026-06-26T08:01:11.009Z</time>
        <name>48</name>
        <extensions>
          <speed_mps>22.352</speed_mps>
          <speed_mph>50.0</speed_mph>
        </extensions>
      </trkpt>
      <trkpt lat="52.02763" lon="1.24284">
        <ele>0</ele>
        <time>2026-06-26T08:01:12.534Z</time>
        <name>49</name>
        <extensions>
          <speed_mps>22.352</speed_mps>
          <speed_mph>50.0</speed_mph>
        </extensions>
      </trkpt>
      <trkpt lat="52.02773" lon="1.24331">
        <ele>0</ele>
        <time>2026-06-26T08:01:14.058Z</time>
        <name>50</name>
        <extensions>
          <speed_mps>22.352</speed_mps>
          <speed_mph>50.0</speed_mph>
        </extensions>
      </trkpt>
      <trkpt lat="52.02782" lon="1.24379">
        <ele>0</ele>
        <time>2026-06-26T08:01:15.584Z</time>
        <name>51</name>
        <extensions>
          <speed_mps>22.352</speed_mps>
          <speed_mph>50.0</speed_mph>
        </extensions>
      </trkpt>
      <trkpt lat="52.02789" lon="1.24427">
        <ele>0</ele>
        <time>2026-06-26T08:01:17.106Z</time>
        <name>52</name>
        <extensions>
          <speed_mps>22.352</speed_mps>
          <speed_mph>50.0</speed_mph>
        </extensions>
      </trkpt>
      <trkpt lat="52.02794" lon="1.24476">
        <ele>0</ele>
        <time>2026-06-26T08:01:18.631Z</time>
        <name>53</name>
        <extensions>
          <speed_mps>22.352</speed_mps>
          <speed_mph>50.0</speed_mph>
        </extensions>
      </trkpt>
      <trkpt lat="52.02799" lon="1.24525">
        <ele>0</ele>
        <time>2026-06-26T08:01:20.155Z</time>
        <name>54</name>
        <extensions>
          <speed_mps>22.352</speed_mps>
          <speed_mph>50.0</speed_mph>
        </extensions>
      </trkpt>
      <trkpt lat="52.02801" lon="1.24575">
        <ele>0</ele>
        <time>2026-06-26T08:01:21.680Z</time>
        <name>55</name>
        <extensions>
          <speed_mps>22.352</speed_mps>
          <speed_mph>50.0</speed_mph>
        </extensions>
      </trkpt>
      <trkpt lat="52.02802" lon="1.24625">
        <ele>0</ele>
        <time>2026-06-26T08:01:23.203Z</time>
        <name>56</name>
        <extensions>
          <speed_mps>22.352</speed_mps>
          <speed_mph>50.0</speed_mph>
        </extensions>
      </trkpt>
      <trkpt lat="52.02800" lon="1.24675">
        <ele>0</ele>
        <time>2026-06-26T08:01:24.729Z</time>
        <name>57</name>
        <extensions>
          <speed_mps>22.352</speed_mps>
          <speed_mph>50.0</speed_mph>
        </extensions>
      </trkpt>
      <trkpt lat="52.02799" lon="1.24724">
        <ele>0</ele>
        <time>2026-06-26T08:01:26.254Z</time>
        <name>58</name>
        <extensions>
          <speed_mps>22.352</speed_mps>
          <speed_mph>50.0</speed_mph>
        </extensions>
      </trkpt>
      <trkpt lat="52.02795" lon="1.24774">
        <ele>0</ele>
        <time>2026-06-26T08:01:27.778Z</time>
        <name>59</name>
        <extensions>
          <speed_mps>22.352</speed_mps>
          <speed_mph>50.0</speed_mph>
        </extensions>
      </trkpt>
      <trkpt lat="52.02790" lon="1.24823">
        <ele>0</ele>
        <time>2026-06-26T08:01:29.304Z</time>
        <name>60</name>
        <extensions>
          <speed_mps>22.352</speed_mps>
          <speed_mph>50.0</speed_mph>
        </extensions>
      </trkpt>
      <trkpt lat="52.02784" lon="1.24872">
        <ele>0</ele>
        <time>2026-06-26T08:01:30.829Z</time>
        <name>61</name>
        <extensions>
          <speed_mps>22.352</speed_mps>
          <speed_mph>50.0</speed_mph>
        </extensions>
      </trkpt>
      <trkpt lat="52.02782" lon="1.24922">
        <ele>0</ele>
        <time>2026-06-26T08:01:32.352Z</time>
        <name>62</name>
        <extensions>
          <speed_mps>22.352</speed_mps>
          <speed_mph>50.0</speed_mph>
        </extensions>
      </trkpt>
      <trkpt lat="52.02775" lon="1.24970">
        <ele>0</ele>
        <time>2026-06-26T08:01:33.877Z</time>
        <name>63</name>
        <extensions>
          <speed_mps>22.352</speed_mps>
          <speed_mph>50.0</speed_mph>
        </extensions>
      </trkpt>
      <trkpt lat="52.02767" lon="1.25018">
        <ele>0</ele>
        <time>2026-06-26T08:01:35.402Z</time>
        <name>64</name>
        <extensions>
          <speed_mps>22.352</speed_mps>
          <speed_mph>50.0</speed_mph>
        </extensions>
      </trkpt>
      <trkpt lat="52.02759" lon="1.25066">
        <ele>0</ele>
        <time>2026-06-26T08:01:36.927Z</time>
        <name>65</name>
        <extensions>
          <speed_mps>22.352</speed_mps>
          <speed_mph>50.0</speed_mph>
        </extensions>
      </trkpt>
      <trkpt lat="52.02749" lon="1.25113">
        <ele>0</ele>
        <time>2026-06-26T08:01:38.453Z</time>
        <name>66</name>
        <extensions>
          <speed_mps>22.352</speed_mps>
          <speed_mph>50.0</speed_mph>
        </extensions>
      </trkpt>
      <trkpt lat="52.02740" lon="1.25161">
        <ele>0</ele>
        <time>2026-06-26T08:01:39.978Z</time>
        <name>67</name>
        <extensions>
          <speed_mps>22.352</speed_mps>
          <speed_mph>50.0</speed_mph>
        </extensions>
      </trkpt>
      <trkpt lat="52.02730" lon="1.25208">
        <ele>0</ele>
        <time>2026-06-26T08:01:41.503Z</time>
        <name>68</name>
        <extensions>
          <speed_mps>22.352</speed_mps>
          <speed_mph>50.0</speed_mph>
        </extensions>
      </trkpt>
      <trkpt lat="52.02721" lon="1.25255">
        <ele>0</ele>
        <time>2026-06-26T08:01:43.029Z</time>
        <name>69</name>
        <extensions>
          <speed_mps>22.352</speed_mps>
          <speed_mph>50.0</speed_mph>
        </extensions>
      </trkpt>
      <trkpt lat="52.02711" lon="1.25303">
        <ele>0</ele>
        <time>2026-06-26T08:01:44.554Z</time>
        <name>70</name>
        <extensions>
          <speed_mps>22.352</speed_mps>
          <speed_mph>50.0</speed_mph>
        </extensions>
      </trkpt>
      <trkpt lat="52.02701" lon="1.25350">
        <ele>0</ele>
        <time>2026-06-26T08:01:46.079Z</time>
        <name>71</name>
        <extensions>
          <speed_mps>22.352</speed_mps>
          <speed_mph>50.0</speed_mph>
        </extensions>
      </trkpt>
      <trkpt lat="52.02692" lon="1.25397">
        <ele>0</ele>
        <time>2026-06-26T08:01:47.605Z</time>
        <name>72</name>
        <extensions>
          <speed_mps>22.352</speed_mps>
          <speed_mph>50.0</speed_mph>
        </extensions>
      </trkpt>
      <trkpt lat="52.02688" lon="1.25446">
        <ele>0</ele>
        <time>2026-06-26T08:01:49.114Z</time>
        <name>73</name>
        <extensions>
          <speed_mps>22.352</speed_mps>
          <speed_mph>50.0</speed_mph>
        </extensions>
      </trkpt>
      <trkpt lat="52.02694" lon="1.25495">
        <ele>0</ele>
        <time>2026-06-26T08:01:50.631Z</time>
        <name>74</name>
        <extensions>
          <speed_mps>22.352</speed_mps>
          <speed_mph>50.0</speed_mph>
        </extensions>
      </trkpt>
      <trkpt lat="52.02707" lon="1.25540">
        <ele>0</ele>
        <time>2026-06-26T08:01:52.156Z</time>
        <name>75</name>
        <extensions>
          <speed_mps>22.352</speed_mps>
          <speed_mph>50.0</speed_mph>
        </extensions>
      </trkpt>
      <trkpt lat="52.02729" lon="1.25573">
        <ele>0</ele>
        <time>2026-06-26T08:01:53.667Z</time>
        <name>76</name>
        <extensions>
          <speed_mps>22.352</speed_mps>
          <speed_mph>50.0</speed_mph>
        </extensions>
      </trkpt>
      <trkpt lat="52.02755" lon="1.25599">
        <ele>0</ele>
        <time>2026-06-26T08:01:55.186Z</time>
        <name>77</name>
        <extensions>
          <speed_mps>22.352</speed_mps>
          <speed_mph>50.0</speed_mph>
        </extensions>
      </trkpt>
      <trkpt lat="52.02783" lon="1.25620">
        <ele>0</ele>
        <time>2026-06-26T08:01:56.711Z</time>
        <name>78</name>
        <extensions>
          <speed_mps>22.352</speed_mps>
          <speed_mph>50.0</speed_mph>
        </extensions>
      </trkpt>
      <trkpt lat="52.02811" lon="1.25642">
        <ele>0</ele>
        <time>2026-06-26T08:01:58.236Z</time>
        <name>79</name>
        <extensions>
          <speed_mps>22.352</speed_mps>
          <speed_mph>50.0</speed_mph>
        </extensions>
      </trkpt>
      <trkpt lat="52.02839" lon="1.25661">
        <ele>0</ele>
        <time>2026-06-26T08:01:59.761Z</time>
        <name>80</name>
        <extensions>
          <speed_mps>22.352</speed_mps>
          <speed_mph>50.0</speed_mph>
        </extensions>
      </trkpt>
      <trkpt lat="52.02868" lon="1.25678">
        <ele>0</ele>
        <time>2026-06-26T08:02:01.286Z</time>
        <name>81</name>
        <extensions>
          <speed_mps>22.352</speed_mps>
          <speed_mph>50.0</speed_mph>
        </extensions>
      </trkpt>
      <trkpt lat="52.02897" lon="1.25695">
        <ele>0</ele>
        <time>2026-06-26T08:02:02.811Z</time>
        <name>82</name>
        <extensions>
          <speed_mps>22.352</speed_mps>
          <speed_mph>50.0</speed_mph>
        </extensions>
      </trkpt>
      <trkpt lat="52.02926" lon="1.25710">
        <ele>0</ele>
        <time>2026-06-26T08:02:04.336Z</time>
        <name>83</name>
        <extensions>
          <speed_mps>22.352</speed_mps>
          <speed_mph>50.0</speed_mph>
        </extensions>
      </trkpt>
      <trkpt lat="52.02955" lon="1.25723">
        <ele>0</ele>
        <time>2026-06-26T08:02:05.861Z</time>
        <name>84</name>
        <extensions>
          <speed_mps>22.352</speed_mps>
          <speed_mph>50.0</speed_mph>
        </extensions>
      </trkpt>
      <trkpt lat="52.02985" lon="1.25735">
        <ele>0</ele>
        <time>2026-06-26T08:02:07.387Z</time>
        <name>85</name>
        <extensions>
          <speed_mps>22.352</speed_mps>
          <speed_mph>50.0</speed_mph>
        </extensions>
      </trkpt>
      <trkpt lat="52.03015" lon="1.25745">
        <ele>0</ele>
        <time>2026-06-26T08:02:08.912Z</time>
        <name>86</name>
        <extensions>
          <speed_mps>22.352</speed_mps>
          <speed_mph>50.0</speed_mph>
        </extensions>
      </trkpt>
      <trkpt lat="52.03045" lon="1.25754">
        <ele>0</ele>
        <time>2026-06-26T08:02:10.437Z</time>
        <name>87</name>
        <extensions>
          <speed_mps>22.352</speed_mps>
          <speed_mph>50.0</speed_mph>
        </extensions>
      </trkpt>
      <trkpt lat="52.03076" lon="1.25760">
        <ele>0</ele>
        <time>2026-06-26T08:02:11.962Z</time>
        <name>88</name>
        <extensions>
          <speed_mps>22.352</speed_mps>
          <speed_mph>50.0</speed_mph>
        </extensions>
      </trkpt>
      <trkpt lat="52.03106" lon="1.25765">
        <ele>0</ele>
        <time>2026-06-26T08:02:13.488Z</time>
        <name>89</name>
        <extensions>
          <speed_mps>22.352</speed_mps>
          <speed_mph>50.0</speed_mph>
        </extensions>
      </trkpt>
      <trkpt lat="52.03137" lon="1.25769">
        <ele>0</ele>
        <time>2026-06-26T08:02:15.013Z</time>
        <name>90</name>
        <extensions>
          <speed_mps>22.352</speed_mps>
          <speed_mph>50.0</speed_mph>
        </extensions>
      </trkpt>
      <trkpt lat="52.03167" lon="1.25773">
        <ele>0</ele>
        <time>2026-06-26T08:02:16.538Z</time>
        <name>91</name>
        <extensions>
          <speed_mps>22.352</speed_mps>
          <speed_mph>50.0</speed_mph>
        </extensions>
      </trkpt>
      <trkpt lat="52.03198" lon="1.25777">
        <ele>0</ele>
        <time>2026-06-26T08:02:18.063Z</time>
        <name>92</name>
        <extensions>
          <speed_mps>22.352</speed_mps>
          <speed_mph>50.0</speed_mph>
        </extensions>
      </trkpt>
      <trkpt lat="52.03229" lon="1.25780">
        <ele>0</ele>
        <time>2026-06-26T08:02:19.589Z</time>
        <name>93</name>
        <extensions>
          <speed_mps>22.352</speed_mps>
          <speed_mph>50.0</speed_mph>
        </extensions>
      </trkpt>
      <trkpt lat="52.03259" lon="1.25784">
        <ele>0</ele>
        <time>2026-06-26T08:02:21.114Z</time>
        <name>94</name>
        <extensions>
          <speed_mps>22.352</speed_mps>
          <speed_mph>50.0</speed_mph>
        </extensions>
      </trkpt>
      <trkpt lat="52.03290" lon="1.25790">
        <ele>0</ele>
        <time>2026-06-26T08:02:22.639Z</time>
        <name>95</name>
        <extensions>
          <speed_mps>22.352</speed_mps>
          <speed_mph>50.0</speed_mph>
        </extensions>
      </trkpt>
      <trkpt lat="52.03320" lon="1.25797">
        <ele>0</ele>
        <time>2026-06-26T08:02:24.164Z</time>
        <name>96</name>
        <extensions>
          <speed_mps>22.352</speed_mps>
          <speed_mph>50.0</speed_mph>
        </extensions>
      </trkpt>
      <trkpt lat="52.03350" lon="1.25805">
        <ele>0</ele>
        <time>2026-06-26T08:02:25.689Z</time>
        <name>97</name>
        <extensions>
          <speed_mps>22.352</speed_mps>
          <speed_mph>50.0</speed_mph>
        </extensions>
      </trkpt>
      <trkpt lat="52.03380" lon="1.25815">
        <ele>0</ele>
        <time>2026-06-26T08:02:27.215Z</time>
        <name>98</name>
        <extensions>
          <speed_mps>22.352</speed_mps>
          <speed_mph>50.0</speed_mph>
        </extensions>
      </trkpt>
      <trkpt lat="52.03410" lon="1.25826">
        <ele>0</ele>
        <time>2026-06-26T08:02:28.740Z</time>
        <name>99</name>
        <extensions>
          <speed_mps>22.352</speed_mps>
          <speed_mph>50.0</speed_mph>
        </extensions>
      </trkpt>
      <trkpt lat="52.03440" lon="1.25838">
        <ele>0</ele>
        <time>2026-06-26T08:02:30.265Z</time>
        <name>100</name>
        <extensions>
          <speed_mps>22.352</speed_mps>
          <speed_mph>50.0</speed_mph>
        </extensions>
      </trkpt>
      <trkpt lat="52.03469" lon="1.25852">
        <ele>0</ele>
        <time>2026-06-26T08:02:31.789Z</time>
        <name>101</name>
        <extensions>
          <speed_mps>22.352</speed_mps>
          <speed_mph>50.0</speed_mph>
        </extensions>
      </trkpt>
      <trkpt lat="52.03498" lon="1.25869">
        <ele>0</ele>
        <time>2026-06-26T08:02:33.314Z</time>
        <name>102</name>
        <extensions>
          <speed_mps>22.352</speed_mps>
          <speed_mph>50.0</speed_mph>
        </extensions>
      </trkpt>
      <trkpt lat="52.03527" lon="1.25885">
        <ele>0</ele>
        <time>2026-06-26T08:02:34.840Z</time>
        <name>103</name>
        <extensions>
          <speed_mps>22.352</speed_mps>
          <speed_mph>50.0</speed_mph>
        </extensions>
      </trkpt>
      <trkpt lat="52.03556" lon="1.25901">
        <ele>0</ele>
        <time>2026-06-26T08:02:36.365Z</time>
        <name>104</name>
        <extensions>
          <speed_mps>22.352</speed_mps>
          <speed_mph>50.0</speed_mph>
        </extensions>
      </trkpt>
      <trkpt lat="52.03585" lon="1.25918">
        <ele>0</ele>
        <time>2026-06-26T08:02:37.890Z</time>
        <name>105</name>
        <extensions>
          <speed_mps>22.352</speed_mps>
          <speed_mph>50.0</speed_mph>
        </extensions>
      </trkpt>
      <trkpt lat="52.03614" lon="1.25936">
        <ele>0</ele>
        <time>2026-06-26T08:02:39.416Z</time>
        <name>106</name>
        <extensions>
          <speed_mps>22.352</speed_mps>
          <speed_mph>50.0</speed_mph>
        </extensions>
      </trkpt>
      <trkpt lat="52.03642" lon="1.25954">
        <ele>0</ele>
        <time>2026-06-26T08:02:40.941Z</time>
        <name>107</name>
        <extensions>
          <speed_mps>22.352</speed_mps>
          <speed_mph>50.0</speed_mph>
        </extensions>
      </trkpt>
      <trkpt lat="52.03671" lon="1.25973">
        <ele>0</ele>
        <time>2026-06-26T08:02:42.466Z</time>
        <name>108</name>
        <extensions>
          <speed_mps>22.352</speed_mps>
          <speed_mph>50.0</speed_mph>
        </extensions>
      </trkpt>
      <trkpt lat="52.03699" lon="1.25992">
        <ele>0</ele>
        <time>2026-06-26T08:02:43.992Z</time>
        <name>109</name>
        <extensions>
          <speed_mps>22.352</speed_mps>
          <speed_mph>50.0</speed_mph>
        </extensions>
      </trkpt>
      <trkpt lat="52.03727" lon="1.26012">
        <ele>0</ele>
        <time>2026-06-26T08:02:45.517Z</time>
        <name>110</name>
        <extensions>
          <speed_mps>22.352</speed_mps>
          <speed_mph>50.0</speed_mph>
        </extensions>
      </trkpt>
      <trkpt lat="52.03755" lon="1.26032">
        <ele>0</ele>
        <time>2026-06-26T08:02:47.042Z</time>
        <name>111</name>
        <extensions>
          <speed_mps>22.352</speed_mps>
          <speed_mph>50.0</speed_mph>
        </extensions>
      </trkpt>
      <trkpt lat="52.03783" lon="1.26053">
        <ele>0</ele>
        <time>2026-06-26T08:02:48.568Z</time>
        <name>112</name>
        <extensions>
          <speed_mps>22.352</speed_mps>
          <speed_mph>50.0</speed_mph>
        </extensions>
      </trkpt>
      <trkpt lat="52.03811" lon="1.26074">
        <ele>0</ele>
        <time>2026-06-26T08:02:50.093Z</time>
        <name>113</name>
        <extensions>
          <speed_mps>22.352</speed_mps>
          <speed_mph>50.0</speed_mph>
        </extensions>
      </trkpt>
      <trkpt lat="52.03838" lon="1.26096">
        <ele>0</ele>
        <time>2026-06-26T08:02:51.618Z</time>
        <name>114</name>
        <extensions>
          <speed_mps>22.352</speed_mps>
          <speed_mph>50.0</speed_mph>
        </extensions>
      </trkpt>
      <trkpt lat="52.03866" lon="1.26118">
        <ele>0</ele>
        <time>2026-06-26T08:02:53.143Z</time>
        <name>115</name>
        <extensions>
          <speed_mps>22.352</speed_mps>
          <speed_mph>50.0</speed_mph>
        </extensions>
      </trkpt>
      <trkpt lat="52.03893" lon="1.26142">
        <ele>0</ele>
        <time>2026-06-26T08:02:54.669Z</time>
        <name>116</name>
        <extensions>
          <speed_mps>22.352</speed_mps>
          <speed_mph>50.0</speed_mph>
        </extensions>
      </trkpt>
      <trkpt lat="52.03919" lon="1.26166">
        <ele>0</ele>
        <time>2026-06-26T08:02:56.194Z</time>
        <name>117</name>
        <extensions>
          <speed_mps>22.352</speed_mps>
          <speed_mph>50.0</speed_mph>
        </extensions>
      </trkpt>
      <trkpt lat="52.03946" lon="1.26191">
        <ele>0</ele>
        <time>2026-06-26T08:02:57.719Z</time>
        <name>118</name>
        <extensions>
          <speed_mps>22.352</speed_mps>
          <speed_mph>50.0</speed_mph>
        </extensions>
      </trkpt>
      <trkpt lat="52.03972" lon="1.26217">
        <ele>0</ele>
        <time>2026-06-26T08:02:59.245Z</time>
        <name>119</name>
        <extensions>
          <speed_mps>22.352</speed_mps>
          <speed_mph>50.0</speed_mph>
        </extensions>
      </trkpt>
      <trkpt lat="52.03998" lon="1.26243">
        <ele>0</ele>
        <time>2026-06-26T08:03:00.770Z</time>
        <name>120</name>
        <extensions>
          <speed_mps>22.352</speed_mps>
          <speed_mph>50.0</speed_mph>
        </extensions>
      </trkpt>
      <trkpt lat="52.04024" lon="1.26270">
        <ele>0</ele>
        <time>2026-06-26T08:03:02.295Z</time>
        <name>121</name>
        <extensions>
          <speed_mps>22.352</speed_mps>
          <speed_mph>50.0</speed_mph>
        </extensions>
      </trkpt>
      <trkpt lat="52.04050" lon="1.26297">
        <ele>0</ele>
        <time>2026-06-26T08:03:03.821Z</time>
        <name>122</name>
        <extensions>
          <speed_mps>22.352</speed_mps>
          <speed_mph>50.0</speed_mph>
        </extensions>
      </trkpt>
      <trkpt lat="52.04075" lon="1.26325">
        <ele>0</ele>
        <time>2026-06-26T08:03:05.346Z</time>
        <name>123</name>
        <extensions>
          <speed_mps>22.352</speed_mps>
          <speed_mph>50.0</speed_mph>
        </extensions>
      </trkpt>
      <trkpt lat="52.04100" lon="1.26354">
        <ele>0</ele>
        <time>2026-06-26T08:03:06.870Z</time>
        <name>124</name>
        <extensions>
          <speed_mps>22.352</speed_mps>
          <speed_mph>50.0</speed_mph>
        </extensions>
      </trkpt>
      <trkpt lat="52.04124" lon="1.26385">
        <ele>0</ele>
        <time>2026-06-26T08:03:08.396Z</time>
        <name>125</name>
        <extensions>
          <speed_mps>22.352</speed_mps>
          <speed_mph>50.0</speed_mph>
        </extensions>
      </trkpt>
      <trkpt lat="52.04147" lon="1.26418">
        <ele>0</ele>
        <time>2026-06-26T08:03:09.920Z</time>
        <name>126</name>
        <extensions>
          <speed_mps>22.352</speed_mps>
          <speed_mph>50.0</speed_mph>
        </extensions>
      </trkpt>
      <trkpt lat="52.04170" lon="1.26452">
        <ele>0</ele>
        <time>2026-06-26T08:03:11.445Z</time>
        <name>127</name>
        <extensions>
          <speed_mps>22.352</speed_mps>
          <speed_mph>50.0</speed_mph>
        </extensions>
      </trkpt>
      <trkpt lat="52.04192" lon="1.26486">
        <ele>0</ele>
        <time>2026-06-26T08:03:12.971Z</time>
        <name>128</name>
        <extensions>
          <speed_mps>22.352</speed_mps>
          <speed_mph>50.0</speed_mph>
        </extensions>
      </trkpt>
      <trkpt lat="52.04214" lon="1.26521">
        <ele>0</ele>
        <time>2026-06-26T08:03:14.496Z</time>
        <name>129</name>
        <extensions>
          <speed_mps>22.352</speed_mps>
          <speed_mph>50.0</speed_mph>
        </extensions>
      </trkpt>
      <trkpt lat="52.04236" lon="1.26556">
        <ele>0</ele>
        <time>2026-06-26T08:03:16.021Z</time>
        <name>130</name>
        <extensions>
          <speed_mps>22.352</speed_mps>
          <speed_mph>50.0</speed_mph>
        </extensions>
      </trkpt>
      <trkpt lat="52.04257" lon="1.26592">
        <ele>0</ele>
        <time>2026-06-26T08:03:17.547Z</time>
        <name>131</name>
        <extensions>
          <speed_mps>22.352</speed_mps>
          <speed_mph>50.0</speed_mph>
        </extensions>
      </trkpt>
      <trkpt lat="52.04278" lon="1.26627">
        <ele>0</ele>
        <time>2026-06-26T08:03:19.072Z</time>
        <name>132</name>
        <extensions>
          <speed_mps>22.352</speed_mps>
          <speed_mph>50.0</speed_mph>
        </extensions>
      </trkpt>
      <trkpt lat="52.04300" lon="1.26663">
        <ele>0</ele>
        <time>2026-06-26T08:03:20.597Z</time>
        <name>133</name>
        <extensions>
          <speed_mps>22.352</speed_mps>
          <speed_mph>50.0</speed_mph>
        </extensions>
      </trkpt>
      <trkpt lat="52.04321" lon="1.26699">
        <ele>0</ele>
        <time>2026-06-26T08:03:22.123Z</time>
        <name>134</name>
        <extensions>
          <speed_mps>22.352</speed_mps>
          <speed_mph>50.0</speed_mph>
        </extensions>
      </trkpt>
      <trkpt lat="52.04343" lon="1.26734">
        <ele>0</ele>
        <time>2026-06-26T08:03:23.648Z</time>
        <name>135</name>
        <extensions>
          <speed_mps>22.352</speed_mps>
          <speed_mph>50.0</speed_mph>
        </extensions>
      </trkpt>
      <trkpt lat="52.04364" lon="1.26770">
        <ele>0</ele>
        <time>2026-06-26T08:03:25.173Z</time>
        <name>136</name>
        <extensions>
          <speed_mps>22.352</speed_mps>
          <speed_mph>50.0</speed_mph>
        </extensions>
      </trkpt>
      <trkpt lat="52.04386" lon="1.26805">
        <ele>0</ele>
        <time>2026-06-26T08:03:26.698Z</time>
        <name>137</name>
        <extensions>
          <speed_mps>22.352</speed_mps>
          <speed_mph>50.0</speed_mph>
        </extensions>
      </trkpt>
      <trkpt lat="52.04407" lon="1.26841">
        <ele>0</ele>
        <time>2026-06-26T08:03:28.224Z</time>
        <name>138</name>
        <extensions>
          <speed_mps>22.352</speed_mps>
          <speed_mph>50.0</speed_mph>
        </extensions>
      </trkpt>
      <trkpt lat="52.04429" lon="1.26876">
        <ele>0</ele>
        <time>2026-06-26T08:03:29.749Z</time>
        <name>139</name>
        <extensions>
          <speed_mps>22.352</speed_mps>
          <speed_mph>50.0</speed_mph>
        </extensions>
      </trkpt>
      <trkpt lat="52.04450" lon="1.26912">
        <ele>0</ele>
        <time>2026-06-26T08:03:31.274Z</time>
        <name>140</name>
        <extensions>
          <speed_mps>22.352</speed_mps>
          <speed_mph>50.0</speed_mph>
        </extensions>
      </trkpt>
      <trkpt lat="52.04472" lon="1.26947">
        <ele>0</ele>
        <time>2026-06-26T08:03:32.800Z</time>
        <name>141</name>
        <extensions>
          <speed_mps>22.352</speed_mps>
          <speed_mph>50.0</speed_mph>
        </extensions>
      </trkpt>
      <trkpt lat="52.04493" lon="1.26983">
        <ele>0</ele>
        <time>2026-06-26T08:03:34.325Z</time>
        <name>142</name>
        <extensions>
          <speed_mps>22.352</speed_mps>
          <speed_mph>50.0</speed_mph>
        </extensions>
      </trkpt>
      <trkpt lat="52.04515" lon="1.27019">
        <ele>0</ele>
        <time>2026-06-26T08:03:35.850Z</time>
        <name>143</name>
        <extensions>
          <speed_mps>22.352</speed_mps>
          <speed_mph>50.0</speed_mph>
        </extensions>
      </trkpt>
      <trkpt lat="52.04536" lon="1.27055">
        <ele>0</ele>
        <time>2026-06-26T08:03:37.376Z</time>
        <name>144</name>
        <extensions>
          <speed_mps>22.352</speed_mps>
          <speed_mph>50.0</speed_mph>
        </extensions>
      </trkpt>
      <trkpt lat="52.04557" lon="1.27090">
        <ele>0</ele>
        <time>2026-06-26T08:03:38.901Z</time>
        <name>145</name>
        <extensions>
          <speed_mps>22.352</speed_mps>
          <speed_mph>50.0</speed_mph>
        </extensions>
      </trkpt>
      <trkpt lat="52.04579" lon="1.27126">
        <ele>0</ele>
        <time>2026-06-26T08:03:40.426Z</time>
        <name>146</name>
        <extensions>
          <speed_mps>22.352</speed_mps>
          <speed_mph>50.0</speed_mph>
        </extensions>
      </trkpt>
      <trkpt lat="52.04601" lon="1.27161">
        <ele>0</ele>
        <time>2026-06-26T08:03:41.952Z</time>
        <name>147</name>
        <extensions>
          <speed_mps>22.352</speed_mps>
          <speed_mph>50.0</speed_mph>
        </extensions>
      </trkpt>
      <trkpt lat="52.04622" lon="1.27196">
        <ele>0</ele>
        <time>2026-06-26T08:03:43.477Z</time>
        <name>148</name>
        <extensions>
          <speed_mps>22.352</speed_mps>
          <speed_mph>50.0</speed_mph>
        </extensions>
      </trkpt>
      <trkpt lat="52.04644" lon="1.27232">
        <ele>0</ele>
        <time>2026-06-26T08:03:45.002Z</time>
        <name>149</name>
        <extensions>
          <speed_mps>22.352</speed_mps>
          <speed_mph>50.0</speed_mph>
        </extensions>
      </trkpt>
      <trkpt lat="52.04666" lon="1.27267">
        <ele>0</ele>
        <time>2026-06-26T08:03:46.528Z</time>
        <name>150</name>
        <extensions>
          <speed_mps>22.352</speed_mps>
          <speed_mph>50.0</speed_mph>
        </extensions>
      </trkpt>
      <trkpt lat="52.04687" lon="1.27302">
        <ele>0</ele>
        <time>2026-06-26T08:03:48.053Z</time>
        <name>151</name>
        <extensions>
          <speed_mps>22.352</speed_mps>
          <speed_mph>50.0</speed_mph>
        </extensions>
      </trkpt>
      <trkpt lat="52.04709" lon="1.27337">
        <ele>0</ele>
        <time>2026-06-26T08:03:49.578Z</time>
        <name>152</name>
        <extensions>
          <speed_mps>22.352</speed_mps>
          <speed_mph>50.0</speed_mph>
        </extensions>
      </trkpt>
      <trkpt lat="52.04731" lon="1.27373">
        <ele>0</ele>
        <time>2026-06-26T08:03:51.104Z</time>
        <name>153</name>
        <extensions>
          <speed_mps>22.352</speed_mps>
          <speed_mph>50.0</speed_mph>
        </extensions>
      </trkpt>
      <trkpt lat="52.04752" lon="1.27408">
        <ele>0</ele>
        <time>2026-06-26T08:03:52.629Z</time>
        <name>154</name>
        <extensions>
          <speed_mps>22.352</speed_mps>
          <speed_mph>50.0</speed_mph>
        </extensions>
      </trkpt>
      <trkpt lat="52.04775" lon="1.27440">
        <ele>0</ele>
        <time>2026-06-26T08:03:54.132Z</time>
        <name>155</name>
        <extensions>
          <speed_mps>22.352</speed_mps>
          <speed_mph>50.0</speed_mph>
        </extensions>
      </trkpt>
      <trkpt lat="52.04805" lon="1.27446">
        <ele>0</ele>
        <time>2026-06-26T08:03:55.624Z</time>
        <name>156</name>
        <extensions>
          <speed_mps>22.352</speed_mps>
          <speed_mph>50.0</speed_mph>
        </extensions>
      </trkpt>
      <trkpt lat="52.04826" lon="1.27480">
        <ele>0</ele>
        <time>2026-06-26T08:03:57.080Z</time>
        <name>157</name>
        <extensions>
          <speed_mps>22.352</speed_mps>
          <speed_mph>50.0</speed_mph>
        </extensions>
      </trkpt>
      <trkpt lat="52.04841" lon="1.27523">
        <ele>0</ele>
        <time>2026-06-26T08:03:58.604Z</time>
        <name>158</name>
        <extensions>
          <speed_mps>22.352</speed_mps>
          <speed_mph>50.0</speed_mph>
        </extensions>
      </trkpt>
      <trkpt lat="52.04859" lon="1.27563">
        <ele>0</ele>
        <time>2026-06-26T08:04:00.114Z</time>
        <name>159</name>
        <extensions>
          <speed_mps>22.352</speed_mps>
          <speed_mph>50.0</speed_mph>
        </extensions>
      </trkpt>
      <trkpt lat="52.04883" lon="1.27593">
        <ele>0</ele>
        <time>2026-06-26T08:04:01.637Z</time>
        <name>160</name>
        <extensions>
          <speed_mps>22.352</speed_mps>
          <speed_mph>50.0</speed_mph>
        </extensions>
      </trkpt>
      <trkpt lat="52.04909" lon="1.27621">
        <ele>0</ele>
        <time>2026-06-26T08:04:03.162Z</time>
        <name>161</name>
        <extensions>
          <speed_mps>22.352</speed_mps>
          <speed_mph>50.0</speed_mph>
        </extensions>
      </trkpt>
      <trkpt lat="52.04935" lon="1.27645">
        <ele>0</ele>
        <time>2026-06-26T08:04:04.687Z</time>
        <name>162</name>
        <extensions>
          <speed_mps>22.352</speed_mps>
          <speed_mph>50.0</speed_mph>
        </extensions>
      </trkpt>
      <trkpt lat="52.04962" lon="1.27669">
        <ele>0</ele>
        <time>2026-06-26T08:04:06.213Z</time>
        <name>163</name>
        <extensions>
          <speed_mps>22.352</speed_mps>
          <speed_mph>50.0</speed_mph>
        </extensions>
      </trkpt>
      <trkpt lat="52.04990" lon="1.27691">
        <ele>0</ele>
        <time>2026-06-26T08:04:07.737Z</time>
        <name>164</name>
        <extensions>
          <speed_mps>22.352</speed_mps>
          <speed_mph>50.0</speed_mph>
        </extensions>
      </trkpt>
      <trkpt lat="52.05018" lon="1.27710">
        <ele>0</ele>
        <time>2026-06-26T08:04:09.261Z</time>
        <name>165</name>
        <extensions>
          <speed_mps>22.352</speed_mps>
          <speed_mph>50.0</speed_mph>
        </extensions>
      </trkpt>
      <trkpt lat="52.05047" lon="1.27726">
        <ele>0</ele>
        <time>2026-06-26T08:04:10.786Z</time>
        <name>166</name>
        <extensions>
          <speed_mps>22.352</speed_mps>
          <speed_mph>50.0</speed_mph>
        </extensions>
      </trkpt>
      <trkpt lat="52.05076" lon="1.27740">
        <ele>0</ele>
        <time>2026-06-26T08:04:12.312Z</time>
        <name>167</name>
        <extensions>
          <speed_mps>22.352</speed_mps>
          <speed_mph>50.0</speed_mph>
        </extensions>
      </trkpt>
      <trkpt lat="52.05106" lon="1.27753">
        <ele>0</ele>
        <time>2026-06-26T08:04:13.837Z</time>
        <name>168</name>
        <extensions>
          <speed_mps>22.352</speed_mps>
          <speed_mph>50.0</speed_mph>
        </extensions>
      </trkpt>
      <trkpt lat="52.05136" lon="1.27763">
        <ele>0</ele>
        <time>2026-06-26T08:04:15.362Z</time>
        <name>169</name>
        <extensions>
          <speed_mps>22.352</speed_mps>
          <speed_mph>50.0</speed_mph>
        </extensions>
      </trkpt>
      <trkpt lat="52.05166" lon="1.27770">
        <ele>0</ele>
        <time>2026-06-26T08:04:16.887Z</time>
        <name>170</name>
        <extensions>
          <speed_mps>22.352</speed_mps>
          <speed_mph>50.0</speed_mph>
        </extensions>
      </trkpt>
      <trkpt lat="52.05197" lon="1.27776">
        <ele>0</ele>
        <time>2026-06-26T08:04:18.412Z</time>
        <name>171</name>
        <extensions>
          <speed_mps>22.352</speed_mps>
          <speed_mph>50.0</speed_mph>
        </extensions>
      </trkpt>
      <trkpt lat="52.05227" lon="1.27779">
        <ele>0</ele>
        <time>2026-06-26T08:04:19.937Z</time>
        <name>172</name>
        <extensions>
          <speed_mps>22.352</speed_mps>
          <speed_mph>50.0</speed_mph>
        </extensions>
      </trkpt>
      <trkpt lat="52.05258" lon="1.27780">
        <ele>0</ele>
        <time>2026-06-26T08:04:21.462Z</time>
        <name>173</name>
        <extensions>
          <speed_mps>22.352</speed_mps>
          <speed_mph>50.0</speed_mph>
        </extensions>
      </trkpt>
      <trkpt lat="52.05289" lon="1.27779">
        <ele>0</ele>
        <time>2026-06-26T08:04:22.987Z</time>
        <name>174</name>
        <extensions>
          <speed_mps>22.352</speed_mps>
          <speed_mph>50.0</speed_mph>
        </extensions>
      </trkpt>
      <trkpt lat="52.05319" lon="1.27777">
        <ele>0</ele>
        <time>2026-06-26T08:04:24.512Z</time>
        <name>175</name>
        <extensions>
          <speed_mps>22.352</speed_mps>
          <speed_mph>50.0</speed_mph>
        </extensions>
      </trkpt>
      <trkpt lat="52.05350" lon="1.27773">
        <ele>0</ele>
        <time>2026-06-26T08:04:26.038Z</time>
        <name>176</name>
        <extensions>
          <speed_mps>22.352</speed_mps>
          <speed_mph>50.0</speed_mph>
        </extensions>
      </trkpt>
      <trkpt lat="52.05380" lon="1.27770">
        <ele>0</ele>
        <time>2026-06-26T08:04:27.563Z</time>
        <name>177</name>
        <extensions>
          <speed_mps>22.352</speed_mps>
          <speed_mph>50.0</speed_mph>
        </extensions>
      </trkpt>
      <trkpt lat="52.05411" lon="1.27766">
        <ele>0</ele>
        <time>2026-06-26T08:04:29.088Z</time>
        <name>178</name>
        <extensions>
          <speed_mps>22.352</speed_mps>
          <speed_mph>50.0</speed_mph>
        </extensions>
      </trkpt>
      <trkpt lat="52.05442" lon="1.27763">
        <ele>0</ele>
        <time>2026-06-26T08:04:30.614Z</time>
        <name>179</name>
        <extensions>
          <speed_mps>22.352</speed_mps>
          <speed_mph>50.0</speed_mph>
        </extensions>
      </trkpt>
      <trkpt lat="52.05472" lon="1.27759">
        <ele>0</ele>
        <time>2026-06-26T08:04:32.139Z</time>
        <name>180</name>
        <extensions>
          <speed_mps>22.352</speed_mps>
          <speed_mph>50.0</speed_mph>
        </extensions>
      </trkpt>
      <trkpt lat="52.05503" lon="1.27755">
        <ele>0</ele>
        <time>2026-06-26T08:04:33.664Z</time>
        <name>181</name>
        <extensions>
          <speed_mps>22.352</speed_mps>
          <speed_mph>50.0</speed_mph>
        </extensions>
      </trkpt>
      <trkpt lat="52.05533" lon="1.27751">
        <ele>0</ele>
        <time>2026-06-26T08:04:35.190Z</time>
        <name>182</name>
        <extensions>
          <speed_mps>22.352</speed_mps>
          <speed_mph>50.0</speed_mph>
        </extensions>
      </trkpt>
      <trkpt lat="52.05564" lon="1.27747">
        <ele>0</ele>
        <time>2026-06-26T08:04:36.715Z</time>
        <name>183</name>
        <extensions>
          <speed_mps>22.352</speed_mps>
          <speed_mph>50.0</speed_mph>
        </extensions>
      </trkpt>
      <trkpt lat="52.05594" lon="1.27742">
        <ele>0</ele>
        <time>2026-06-26T08:04:38.240Z</time>
        <name>184</name>
        <extensions>
          <speed_mps>22.352</speed_mps>
          <speed_mph>50.0</speed_mph>
        </extensions>
      </trkpt>
      <trkpt lat="52.05625" lon="1.27737">
        <ele>0</ele>
        <time>2026-06-26T08:04:39.766Z</time>
        <name>185</name>
        <extensions>
          <speed_mps>22.352</speed_mps>
          <speed_mph>50.0</speed_mph>
        </extensions>
      </trkpt>
      <trkpt lat="52.05655" lon="1.27732">
        <ele>0</ele>
        <time>2026-06-26T08:04:41.291Z</time>
        <name>186</name>
        <extensions>
          <speed_mps>22.352</speed_mps>
          <speed_mph>50.0</speed_mph>
        </extensions>
      </trkpt>
      <trkpt lat="52.05686" lon="1.27727">
        <ele>0</ele>
        <time>2026-06-26T08:04:42.816Z</time>
        <name>187</name>
        <extensions>
          <speed_mps>22.352</speed_mps>
          <speed_mph>50.0</speed_mph>
        </extensions>
      </trkpt>
      <trkpt lat="52.05716" lon="1.27722">
        <ele>0</ele>
        <time>2026-06-26T08:04:44.342Z</time>
        <name>188</name>
        <extensions>
          <speed_mps>22.352</speed_mps>
          <speed_mph>50.0</speed_mph>
        </extensions>
      </trkpt>
      <trkpt lat="52.05747" lon="1.27716">
        <ele>0</ele>
        <time>2026-06-26T08:04:45.867Z</time>
        <name>189</name>
        <extensions>
          <speed_mps>22.352</speed_mps>
          <speed_mph>50.0</speed_mph>
        </extensions>
      </trkpt>
      <trkpt lat="52.05777" lon="1.27710">
        <ele>0</ele>
        <time>2026-06-26T08:04:47.392Z</time>
        <name>190</name>
        <extensions>
          <speed_mps>22.352</speed_mps>
          <speed_mph>50.0</speed_mph>
        </extensions>
      </trkpt>
      <trkpt lat="52.05808" lon="1.27704">
        <ele>0</ele>
        <time>2026-06-26T08:04:48.918Z</time>
        <name>191</name>
        <extensions>
          <speed_mps>22.352</speed_mps>
          <speed_mph>50.0</speed_mph>
        </extensions>
      </trkpt>
      <trkpt lat="52.05838" lon="1.27697">
        <ele>0</ele>
        <time>2026-06-26T08:04:50.443Z</time>
        <name>192</name>
        <extensions>
          <speed_mps>22.352</speed_mps>
          <speed_mph>50.0</speed_mph>
        </extensions>
      </trkpt>
      <trkpt lat="52.05869" lon="1.27691">
        <ele>0</ele>
        <time>2026-06-26T08:04:51.968Z</time>
        <name>193</name>
        <extensions>
          <speed_mps>22.352</speed_mps>
          <speed_mph>50.0</speed_mph>
        </extensions>
      </trkpt>
      <trkpt lat="52.05899" lon="1.27684">
        <ele>0</ele>
        <time>2026-06-26T08:04:53.494Z</time>
        <name>194</name>
        <extensions>
          <speed_mps>22.352</speed_mps>
          <speed_mph>50.0</speed_mph>
        </extensions>
      </trkpt>
      <trkpt lat="52.05929" lon="1.27677">
        <ele>0</ele>
        <time>2026-06-26T08:04:55.019Z</time>
        <name>195</name>
        <extensions>
          <speed_mps>22.352</speed_mps>
          <speed_mph>50.0</speed_mph>
        </extensions>
      </trkpt>
      <trkpt lat="52.05959" lon="1.27668">
        <ele>0</ele>
        <time>2026-06-26T08:04:56.542Z</time>
        <name>196</name>
        <extensions>
          <speed_mps>22.352</speed_mps>
          <speed_mph>50.0</speed_mph>
        </extensions>
      </trkpt>
      <trkpt lat="52.05982" lon="1.27636">
        <ele>0</ele>
        <time>2026-06-26T08:04:58.037Z</time>
        <name>197</name>
        <extensions>
          <speed_mps>22.352</speed_mps>
          <speed_mph>50.0</speed_mph>
        </extensions>
      </trkpt>
      <trkpt lat="52.06009" lon="1.27617">
        <ele>0</ele>
        <time>2026-06-26T08:04:59.494Z</time>
        <name>198</name>
        <extensions>
          <speed_mps>22.352</speed_mps>
          <speed_mph>50.0</speed_mph>
        </extensions>
      </trkpt>
      <trkpt lat="52.06037" lon="1.27636">
        <ele>0</ele>
        <time>2026-06-26T08:05:00.997Z</time>
        <name>199</name>
        <extensions>
          <speed_mps>22.352</speed_mps>
          <speed_mph>50.0</speed_mph>
        </extensions>
      </trkpt>
      <trkpt lat="52.06067" lon="1.27637">
        <ele>0</ele>
        <time>2026-06-26T08:05:02.499Z</time>
        <name>200</name>
        <extensions>
          <speed_mps>22.352</speed_mps>
          <speed_mph>50.0</speed_mph>
        </extensions>
      </trkpt>
      <trkpt lat="52.06097" lon="1.27627">
        <ele>0</ele>
        <time>2026-06-26T08:05:04.025Z</time>
        <name>201</name>
        <extensions>
          <speed_mps>22.352</speed_mps>
          <speed_mph>50.0</speed_mph>
        </extensions>
      </trkpt>
      <trkpt lat="52.06127" lon="1.27616">
        <ele>0</ele>
        <time>2026-06-26T08:05:05.550Z</time>
        <name>202</name>
        <extensions>
          <speed_mps>22.352</speed_mps>
          <speed_mph>50.0</speed_mph>
        </extensions>
      </trkpt>
      <trkpt lat="52.06157" lon="1.27606">
        <ele>0</ele>
        <time>2026-06-26T08:05:07.075Z</time>
        <name>203</name>
        <extensions>
          <speed_mps>22.352</speed_mps>
          <speed_mph>50.0</speed_mph>
        </extensions>
      </trkpt>
      <trkpt lat="52.06187" lon="1.27596">
        <ele>0</ele>
        <time>2026-06-26T08:05:08.601Z</time>
        <name>204</name>
        <extensions>
          <speed_mps>22.352</speed_mps>
          <speed_mph>50.0</speed_mph>
        </extensions>
      </trkpt>
      <trkpt lat="52.06217" lon="1.27585">
        <ele>0</ele>
        <time>2026-06-26T08:05:10.126Z</time>
        <name>205</name>
        <extensions>
          <speed_mps>22.352</speed_mps>
          <speed_mph>50.0</speed_mph>
        </extensions>
      </trkpt>
      <trkpt lat="52.06247" lon="1.27575">
        <ele>0</ele>
        <time>2026-06-26T08:05:11.652Z</time>
        <name>206</name>
        <extensions>
          <speed_mps>22.352</speed_mps>
          <speed_mph>50.0</speed_mph>
        </extensions>
      </trkpt>
      <trkpt lat="52.06277" lon="1.27565">
        <ele>0</ele>
        <time>2026-06-26T08:05:13.177Z</time>
        <name>207</name>
        <extensions>
          <speed_mps>22.352</speed_mps>
          <speed_mph>50.0</speed_mph>
        </extensions>
      </trkpt>
      <trkpt lat="52.06307" lon="1.27554">
        <ele>0</ele>
        <time>2026-06-26T08:05:14.702Z</time>
        <name>208</name>
        <extensions>
          <speed_mps>22.352</speed_mps>
          <speed_mph>50.0</speed_mph>
        </extensions>
      </trkpt>
      <trkpt lat="52.06337" lon="1.27544">
        <ele>0</ele>
        <time>2026-06-26T08:05:16.228Z</time>
        <name>209</name>
        <extensions>
          <speed_mps>22.352</speed_mps>
          <speed_mph>50.0</speed_mph>
        </extensions>
      </trkpt>
      <trkpt lat="52.06367" lon="1.27534">
        <ele>0</ele>
        <time>2026-06-26T08:05:17.753Z</time>
        <name>210</name>
        <extensions>
          <speed_mps>22.352</speed_mps>
          <speed_mph>50.0</speed_mph>
        </extensions>
      </trkpt>
      <trkpt lat="52.06397" lon="1.27524">
        <ele>0</ele>
        <time>2026-06-26T08:05:19.278Z</time>
        <name>211</name>
        <extensions>
          <speed_mps>22.352</speed_mps>
          <speed_mph>50.0</speed_mph>
        </extensions>
      </trkpt>
      <trkpt lat="52.06427" lon="1.27513">
        <ele>0</ele>
        <time>2026-06-26T08:05:20.804Z</time>
        <name>212</name>
        <extensions>
          <speed_mps>22.352</speed_mps>
          <speed_mph>50.0</speed_mph>
        </extensions>
      </trkpt>
      <trkpt lat="52.06457" lon="1.27503">
        <ele>0</ele>
        <time>2026-06-26T08:05:22.329Z</time>
        <name>213</name>
        <extensions>
          <speed_mps>22.352</speed_mps>
          <speed_mph>50.0</speed_mph>
        </extensions>
      </trkpt>
      <trkpt lat="52.06487" lon="1.27492">
        <ele>0</ele>
        <time>2026-06-26T08:05:23.854Z</time>
        <name>214</name>
        <extensions>
          <speed_mps>22.352</speed_mps>
          <speed_mph>50.0</speed_mph>
        </extensions>
      </trkpt>
      <trkpt lat="52.06516" lon="1.27477">
        <ele>0</ele>
        <time>2026-06-26T08:05:25.373Z</time>
        <name>215</name>
        <extensions>
          <speed_mps>22.352</speed_mps>
          <speed_mph>50.0</speed_mph>
        </extensions>
      </trkpt>
      <trkpt lat="52.06536" lon="1.27442">
        <ele>0</ele>
        <time>2026-06-26T08:05:26.843Z</time>
        <name>216</name>
        <extensions>
          <speed_mps>22.352</speed_mps>
          <speed_mph>50.0</speed_mph>
        </extensions>
      </trkpt>
      <trkpt lat="52.06563" lon="1.27423">
        <ele>0</ele>
        <time>2026-06-26T08:05:28.299Z</time>
        <name>217</name>
        <extensions>
          <speed_mps>22.352</speed_mps>
          <speed_mph>50.0</speed_mph>
        </extensions>
      </trkpt>
      <trkpt lat="52.06593" lon="1.27434">
        <ele>0</ele>
        <time>2026-06-26T08:05:29.810Z</time>
        <name>218</name>
        <extensions>
          <speed_mps>22.352</speed_mps>
          <speed_mph>50.0</speed_mph>
        </extensions>
      </trkpt>
      <trkpt lat="52.06622" lon="1.27423">
        <ele>0</ele>
        <time>2026-06-26T08:05:31.320Z</time>
        <name>219</name>
        <extensions>
          <speed_mps>22.352</speed_mps>
          <speed_mph>50.0</speed_mph>
        </extensions>
      </trkpt>
      <trkpt lat="52.06650" lon="1.27402">
        <ele>0</ele>
        <time>2026-06-26T08:05:32.846Z</time>
        <name>220</name>
        <extensions>
          <speed_mps>22.352</speed_mps>
          <speed_mph>50.0</speed_mph>
        </extensions>
      </trkpt>
      <trkpt lat="52.06678" lon="1.27381">
        <ele>0</ele>
        <time>2026-06-26T08:05:34.371Z</time>
        <name>221</name>
        <extensions>
          <speed_mps>22.352</speed_mps>
          <speed_mph>50.0</speed_mph>
        </extensions>
      </trkpt>
      <trkpt lat="52.06705" lon="1.27357">
        <ele>0</ele>
        <time>2026-06-26T08:05:35.895Z</time>
        <name>222</name>
        <extensions>
          <speed_mps>22.352</speed_mps>
          <speed_mph>50.0</speed_mph>
        </extensions>
      </trkpt>
      <trkpt lat="52.06731" lon="1.27331">
        <ele>0</ele>
        <time>2026-06-26T08:05:37.420Z</time>
        <name>223</name>
        <extensions>
          <speed_mps>22.352</speed_mps>
          <speed_mph>50.0</speed_mph>
        </extensions>
      </trkpt>
      <trkpt lat="52.06756" lon="1.27303">
        <ele>0</ele>
        <time>2026-06-26T08:05:38.945Z</time>
        <name>224</name>
        <extensions>
          <speed_mps>22.352</speed_mps>
          <speed_mph>50.0</speed_mph>
        </extensions>
      </trkpt>
      <trkpt lat="52.06780" lon="1.27272">
        <ele>0</ele>
        <time>2026-06-26T08:05:40.469Z</time>
        <name>225</name>
        <extensions>
          <speed_mps>22.352</speed_mps>
          <speed_mph>50.0</speed_mph>
        </extensions>
      </trkpt>
      <trkpt lat="52.06803" lon="1.27239">
        <ele>0</ele>
        <time>2026-06-26T08:05:41.994Z</time>
        <name>226</name>
        <extensions>
          <speed_mps>22.352</speed_mps>
          <speed_mph>50.0</speed_mph>
        </extensions>
      </trkpt>
      <trkpt lat="52.06825" lon="1.27204">
        <ele>0</ele>
        <time>2026-06-26T08:05:43.519Z</time>
        <name>227</name>
        <extensions>
          <speed_mps>22.352</speed_mps>
          <speed_mph>50.0</speed_mph>
        </extensions>
      </trkpt>
      <trkpt lat="52.06846" lon="1.27168">
        <ele>0</ele>
        <time>2026-06-26T08:05:45.044Z</time>
        <name>228</name>
        <extensions>
          <speed_mps>22.352</speed_mps>
          <speed_mph>50.0</speed_mph>
        </extensions>
      </trkpt>
      <trkpt lat="52.06866" lon="1.27130">
        <ele>0</ele>
        <time>2026-06-26T08:05:46.569Z</time>
        <name>229</name>
        <extensions>
          <speed_mps>22.352</speed_mps>
          <speed_mph>50.0</speed_mph>
        </extensions>
      </trkpt>
      <trkpt lat="52.06886" lon="1.27092">
        <ele>0</ele>
        <time>2026-06-26T08:05:48.094Z</time>
        <name>230</name>
        <extensions>
          <speed_mps>22.352</speed_mps>
          <speed_mph>50.0</speed_mph>
        </extensions>
      </trkpt>
      <trkpt lat="52.06906" lon="1.27054">
        <ele>0</ele>
        <time>2026-06-26T08:05:49.620Z</time>
        <name>231</name>
        <extensions>
          <speed_mps>22.352</speed_mps>
          <speed_mph>50.0</speed_mph>
        </extensions>
      </trkpt>
      <trkpt lat="52.06925" lon="1.27016">
        <ele>0</ele>
        <time>2026-06-26T08:05:51.145Z</time>
        <name>232</name>
        <extensions>
          <speed_mps>22.352</speed_mps>
          <speed_mph>50.0</speed_mph>
        </extensions>
      </trkpt>
      <trkpt lat="52.06940" lon="1.26972">
        <ele>0</ele>
        <time>2026-06-26T08:05:52.666Z</time>
        <name>233</name>
        <extensions>
          <speed_mps>22.352</speed_mps>
          <speed_mph>50.0</speed_mph>
        </extensions>
      </trkpt>
      <trkpt lat="52.06945" lon="1.26924">
        <ele>0</ele>
        <time>2026-06-26T08:05:54.156Z</time>
        <name>234</name>
        <extensions>
          <speed_mps>22.352</speed_mps>
          <speed_mph>50.0</speed_mph>
        </extensions>
      </trkpt>
      <trkpt lat="52.06969" lon="1.26898">
        <ele>0</ele>
        <time>2026-06-26T08:05:55.605Z</time>
        <name>235</name>
        <extensions>
          <speed_mps>22.352</speed_mps>
          <speed_mph>50.0</speed_mph>
        </extensions>
      </trkpt>
      <trkpt lat="52.06998" lon="1.26888">
        <ele>0</ele>
        <time>2026-06-26T08:05:57.089Z</time>
        <name>236</name>
        <extensions>
          <speed_mps>22.352</speed_mps>
          <speed_mph>50.0</speed_mph>
        </extensions>
      </trkpt>
      <trkpt lat="52.07028" lon="1.26874">
        <ele>0</ele>
        <time>2026-06-26T08:05:58.611Z</time>
        <name>237</name>
        <extensions>
          <speed_mps>22.352</speed_mps>
          <speed_mph>50.0</speed_mph>
        </extensions>
      </trkpt>
      <trkpt lat="52.07057" lon="1.26860">
        <ele>0</ele>
        <time>2026-06-26T08:06:00.137Z</time>
        <name>238</name>
        <extensions>
          <speed_mps>22.352</speed_mps>
          <speed_mph>50.0</speed_mph>
        </extensions>
      </trkpt>
      <trkpt lat="52.07086" lon="1.26845">
        <ele>0</ele>
        <time>2026-06-26T08:06:01.662Z</time>
        <name>239</name>
        <extensions>
          <speed_mps>22.352</speed_mps>
          <speed_mph>50.0</speed_mph>
        </extensions>
      </trkpt>
      <trkpt lat="52.07116" lon="1.26831">
        <ele>0</ele>
        <time>2026-06-26T08:06:03.187Z</time>
        <name>240</name>
        <extensions>
          <speed_mps>22.352</speed_mps>
          <speed_mph>50.0</speed_mph>
        </extensions>
      </trkpt>
      <trkpt lat="52.07145" lon="1.26817">
        <ele>0</ele>
        <time>2026-06-26T08:06:04.713Z</time>
        <name>241</name>
        <extensions>
          <speed_mps>22.352</speed_mps>
          <speed_mph>50.0</speed_mph>
        </extensions>
      </trkpt>
      <trkpt lat="52.07175" lon="1.26806">
        <ele>0</ele>
        <time>2026-06-26T08:06:06.238Z</time>
        <name>242</name>
        <extensions>
          <speed_mps>22.352</speed_mps>
          <speed_mph>50.0</speed_mph>
        </extensions>
      </trkpt>
      <trkpt lat="52.07205" lon="1.26796">
        <ele>0</ele>
        <time>2026-06-26T08:06:07.763Z</time>
        <name>243</name>
        <extensions>
          <speed_mps>22.352</speed_mps>
          <speed_mph>50.0</speed_mph>
        </extensions>
      </trkpt>
      <trkpt lat="52.07235" lon="1.26788">
        <ele>0</ele>
        <time>2026-06-26T08:06:09.288Z</time>
        <name>244</name>
        <extensions>
          <speed_mps>22.352</speed_mps>
          <speed_mph>50.0</speed_mph>
        </extensions>
      </trkpt>
      <trkpt lat="52.07266" lon="1.26782">
        <ele>0</ele>
        <time>2026-06-26T08:06:10.813Z</time>
        <name>245</name>
        <extensions>
          <speed_mps>22.352</speed_mps>
          <speed_mph>50.0</speed_mph>
        </extensions>
      </trkpt>
      <trkpt lat="52.07296" lon="1.26777">
        <ele>0</ele>
        <time>2026-06-26T08:06:12.338Z</time>
        <name>246</name>
        <extensions>
          <speed_mps>22.352</speed_mps>
          <speed_mph>50.0</speed_mph>
        </extensions>
      </trkpt>
      <trkpt lat="52.07327" lon="1.26773">
        <ele>0</ele>
        <time>2026-06-26T08:06:13.863Z</time>
        <name>247</name>
        <extensions>
          <speed_mps>22.352</speed_mps>
          <speed_mph>50.0</speed_mph>
        </extensions>
      </trkpt>
      <trkpt lat="52.07358" lon="1.26771">
        <ele>0</ele>
        <time>2026-06-26T08:06:15.388Z</time>
        <name>248</name>
        <extensions>
          <speed_mps>22.352</speed_mps>
          <speed_mph>50.0</speed_mph>
        </extensions>
      </trkpt>
      <trkpt lat="52.07388" lon="1.26772">
        <ele>0</ele>
        <time>2026-06-26T08:06:16.914Z</time>
        <name>249</name>
        <extensions>
          <speed_mps>22.352</speed_mps>
          <speed_mph>50.0</speed_mph>
        </extensions>
      </trkpt>
      <trkpt lat="52.07419" lon="1.26774">
        <ele>0</ele>
        <time>2026-06-26T08:06:18.439Z</time>
        <name>250</name>
        <extensions>
          <speed_mps>22.352</speed_mps>
          <speed_mph>50.0</speed_mph>
        </extensions>
      </trkpt>
      <trkpt lat="52.07449" lon="1.26776">
        <ele>0</ele>
        <time>2026-06-26T08:06:19.964Z</time>
        <name>251</name>
        <extensions>
          <speed_mps>22.352</speed_mps>
          <speed_mph>50.0</speed_mph>
        </extensions>
      </trkpt>
      <trkpt lat="52.07480" lon="1.26782">
        <ele>0</ele>
        <time>2026-06-26T08:06:21.488Z</time>
        <name>252</name>
        <extensions>
          <speed_mps>22.352</speed_mps>
          <speed_mph>50.0</speed_mph>
        </extensions>
      </trkpt>
      <trkpt lat="52.07510" lon="1.26789">
        <ele>0</ele>
        <time>2026-06-26T08:06:23.014Z</time>
        <name>253</name>
        <extensions>
          <speed_mps>22.352</speed_mps>
          <speed_mph>50.0</speed_mph>
        </extensions>
      </trkpt>
      <trkpt lat="52.07541" lon="1.26796">
        <ele>0</ele>
        <time>2026-06-26T08:06:24.539Z</time>
        <name>254</name>
        <extensions>
          <speed_mps>22.352</speed_mps>
          <speed_mph>50.0</speed_mph>
        </extensions>
      </trkpt>
      <trkpt lat="52.07571" lon="1.26804">
        <ele>0</ele>
        <time>2026-06-26T08:06:26.064Z</time>
        <name>255</name>
        <extensions>
          <speed_mps>22.352</speed_mps>
          <speed_mph>50.0</speed_mph>
        </extensions>
      </trkpt>
      <trkpt lat="52.07601" lon="1.26816">
        <ele>0</ele>
        <time>2026-06-26T08:06:27.589Z</time>
        <name>256</name>
        <extensions>
          <speed_mps>22.352</speed_mps>
          <speed_mph>50.0</speed_mph>
        </extensions>
      </trkpt>
      <trkpt lat="52.07630" lon="1.26830">
        <ele>0</ele>
        <time>2026-06-26T08:06:29.114Z</time>
        <name>257</name>
        <extensions>
          <speed_mps>22.352</speed_mps>
          <speed_mph>50.0</speed_mph>
        </extensions>
      </trkpt>
      <trkpt lat="52.07660" lon="1.26843">
        <ele>0</ele>
        <time>2026-06-26T08:06:30.640Z</time>
        <name>258</name>
        <extensions>
          <speed_mps>22.352</speed_mps>
          <speed_mph>50.0</speed_mph>
        </extensions>
      </trkpt>
      <trkpt lat="52.07688" lon="1.26861">
        <ele>0</ele>
        <time>2026-06-26T08:06:32.165Z</time>
        <name>259</name>
        <extensions>
          <speed_mps>22.352</speed_mps>
          <speed_mph>50.0</speed_mph>
        </extensions>
      </trkpt>
      <trkpt lat="52.07717" lon="1.26878">
        <ele>0</ele>
        <time>2026-06-26T08:06:33.690Z</time>
        <name>260</name>
        <extensions>
          <speed_mps>22.352</speed_mps>
          <speed_mph>50.0</speed_mph>
        </extensions>
      </trkpt>
      <trkpt lat="52.07745" lon="1.26899">
        <ele>0</ele>
        <time>2026-06-26T08:06:35.214Z</time>
        <name>261</name>
        <extensions>
          <speed_mps>22.352</speed_mps>
          <speed_mph>50.0</speed_mph>
        </extensions>
      </trkpt>
      <trkpt lat="52.07773" lon="1.26920">
        <ele>0</ele>
        <time>2026-06-26T08:06:36.739Z</time>
        <name>262</name>
        <extensions>
          <speed_mps>22.352</speed_mps>
          <speed_mph>50.0</speed_mph>
        </extensions>
      </trkpt>
      <trkpt lat="52.07800" lon="1.26943">
        <ele>0</ele>
        <time>2026-06-26T08:06:38.264Z</time>
        <name>263</name>
        <extensions>
          <speed_mps>22.352</speed_mps>
          <speed_mph>50.0</speed_mph>
        </extensions>
      </trkpt>
      <trkpt lat="52.07827" lon="1.26966">
        <ele>0</ele>
        <time>2026-06-26T08:06:39.790Z</time>
        <name>264</name>
        <extensions>
          <speed_mps>22.352</speed_mps>
          <speed_mph>50.0</speed_mph>
        </extensions>
      </trkpt>
      <trkpt lat="52.07854" lon="1.26990">
        <ele>0</ele>
        <time>2026-06-26T08:06:41.315Z</time>
        <name>265</name>
        <extensions>
          <speed_mps>22.352</speed_mps>
          <speed_mph>50.0</speed_mph>
        </extensions>
      </trkpt>
      <trkpt lat="52.07879" lon="1.27018">
        <ele>0</ele>
        <time>2026-06-26T08:06:42.838Z</time>
        <name>266</name>
        <extensions>
          <speed_mps>22.352</speed_mps>
          <speed_mph>50.0</speed_mph>
        </extensions>
      </trkpt>
      <trkpt lat="52.07904" lon="1.27047">
        <ele>0</ele>
        <time>2026-06-26T08:06:44.364Z</time>
        <name>267</name>
        <extensions>
          <speed_mps>22.352</speed_mps>
          <speed_mph>50.0</speed_mph>
        </extensions>
      </trkpt>
      <trkpt lat="52.07929" lon="1.27077">
        <ele>0</ele>
        <time>2026-06-26T08:06:45.889Z</time>
        <name>268</name>
        <extensions>
          <speed_mps>22.352</speed_mps>
          <speed_mph>50.0</speed_mph>
        </extensions>
      </trkpt>
      <trkpt lat="52.07954" lon="1.27106">
        <ele>0</ele>
        <time>2026-06-26T08:06:47.414Z</time>
        <name>269</name>
        <extensions>
          <speed_mps>22.352</speed_mps>
          <speed_mph>50.0</speed_mph>
        </extensions>
      </trkpt>
      <trkpt lat="52.07979" lon="1.27135">
        <ele>0</ele>
        <time>2026-06-26T08:06:48.940Z</time>
        <name>270</name>
        <extensions>
          <speed_mps>22.352</speed_mps>
          <speed_mph>50.0</speed_mph>
        </extensions>
      </trkpt>
      <trkpt lat="52.08002" lon="1.27167">
        <ele>0</ele>
        <time>2026-06-26T08:06:50.460Z</time>
        <name>271</name>
        <extensions>
          <speed_mps>22.352</speed_mps>
          <speed_mph>50.0</speed_mph>
        </extensions>
      </trkpt>
      <trkpt lat="52.08024" lon="1.27203">
        <ele>0</ele>
        <time>2026-06-26T08:06:51.985Z</time>
        <name>272</name>
        <extensions>
          <speed_mps>22.352</speed_mps>
          <speed_mph>50.0</speed_mph>
        </extensions>
      </trkpt>
      <trkpt lat="52.08045" lon="1.27238">
        <ele>0</ele>
        <time>2026-06-26T08:06:53.510Z</time>
        <name>273</name>
        <extensions>
          <speed_mps>22.352</speed_mps>
          <speed_mph>50.0</speed_mph>
        </extensions>
      </trkpt>
      <trkpt lat="52.08066" lon="1.27274">
        <ele>0</ele>
        <time>2026-06-26T08:06:55.036Z</time>
        <name>274</name>
        <extensions>
          <speed_mps>22.352</speed_mps>
          <speed_mph>50.0</speed_mph>
        </extensions>
      </trkpt>
      <trkpt lat="52.08087" lon="1.27311">
        <ele>0</ele>
        <time>2026-06-26T08:06:56.560Z</time>
        <name>275</name>
        <extensions>
          <speed_mps>22.352</speed_mps>
          <speed_mph>50.0</speed_mph>
        </extensions>
      </trkpt>
      <trkpt lat="52.08105" lon="1.27351">
        <ele>0</ele>
        <time>2026-06-26T08:06:58.085Z</time>
        <name>276</name>
        <extensions>
          <speed_mps>22.352</speed_mps>
          <speed_mph>50.0</speed_mph>
        </extensions>
      </trkpt>
      <trkpt lat="52.08123" lon="1.27391">
        <ele>0</ele>
        <time>2026-06-26T08:06:59.611Z</time>
        <name>277</name>
        <extensions>
          <speed_mps>22.352</speed_mps>
          <speed_mph>50.0</speed_mph>
        </extensions>
      </trkpt>
      <trkpt lat="52.08141" lon="1.27432">
        <ele>0</ele>
        <time>2026-06-26T08:07:01.135Z</time>
        <name>278</name>
        <extensions>
          <speed_mps>22.352</speed_mps>
          <speed_mph>50.0</speed_mph>
        </extensions>
      </trkpt>
      <trkpt lat="52.08157" lon="1.27474">
        <ele>0</ele>
        <time>2026-06-26T08:07:02.661Z</time>
        <name>279</name>
        <extensions>
          <speed_mps>22.352</speed_mps>
          <speed_mph>50.0</speed_mph>
        </extensions>
      </trkpt>
      <trkpt lat="52.08174" lon="1.27516">
        <ele>0</ele>
        <time>2026-06-26T08:07:04.186Z</time>
        <name>280</name>
        <extensions>
          <speed_mps>22.352</speed_mps>
          <speed_mph>50.0</speed_mph>
        </extensions>
      </trkpt>
      <trkpt lat="52.08188" lon="1.27561">
        <ele>0</ele>
        <time>2026-06-26T08:07:05.711Z</time>
        <name>281</name>
        <extensions>
          <speed_mps>22.352</speed_mps>
          <speed_mph>50.0</speed_mph>
        </extensions>
      </trkpt>
      <trkpt lat="52.08201" lon="1.27606">
        <ele>0</ele>
        <time>2026-06-26T08:07:07.236Z</time>
        <name>282</name>
        <extensions>
          <speed_mps>22.352</speed_mps>
          <speed_mph>50.0</speed_mph>
        </extensions>
      </trkpt>
      <trkpt lat="52.08215" lon="1.27650">
        <ele>0</ele>
        <time>2026-06-26T08:07:08.761Z</time>
        <name>283</name>
        <extensions>
          <speed_mps>22.352</speed_mps>
          <speed_mph>50.0</speed_mph>
        </extensions>
      </trkpt>
      <trkpt lat="52.08228" lon="1.27695">
        <ele>0</ele>
        <time>2026-06-26T08:07:10.286Z</time>
        <name>284</name>
        <extensions>
          <speed_mps>22.352</speed_mps>
          <speed_mph>50.0</speed_mph>
        </extensions>
      </trkpt>
      <trkpt lat="52.08239" lon="1.27742">
        <ele>0</ele>
        <time>2026-06-26T08:07:11.811Z</time>
        <name>285</name>
        <extensions>
          <speed_mps>22.352</speed_mps>
          <speed_mph>50.0</speed_mph>
        </extensions>
      </trkpt>
      <trkpt lat="52.08250" lon="1.27789">
        <ele>0</ele>
        <time>2026-06-26T08:07:13.337Z</time>
        <name>286</name>
        <extensions>
          <speed_mps>22.352</speed_mps>
          <speed_mph>50.0</speed_mph>
        </extensions>
      </trkpt>
      <trkpt lat="52.08261" lon="1.27835">
        <ele>0</ele>
        <time>2026-06-26T08:07:14.862Z</time>
        <name>287</name>
        <extensions>
          <speed_mps>22.352</speed_mps>
          <speed_mph>50.0</speed_mph>
        </extensions>
      </trkpt>
      <trkpt lat="52.08271" lon="1.27882">
        <ele>0</ele>
        <time>2026-06-26T08:07:16.387Z</time>
        <name>288</name>
        <extensions>
          <speed_mps>22.352</speed_mps>
          <speed_mph>50.0</speed_mph>
        </extensions>
      </trkpt>
      <trkpt lat="52.08282" lon="1.27929">
        <ele>0</ele>
        <time>2026-06-26T08:07:17.913Z</time>
        <name>289</name>
        <extensions>
          <speed_mps>22.352</speed_mps>
          <speed_mph>50.0</speed_mph>
        </extensions>
      </trkpt>
      <trkpt lat="52.08292" lon="1.27976">
        <ele>0</ele>
        <time>2026-06-26T08:07:19.438Z</time>
        <name>290</name>
        <extensions>
          <speed_mps>22.352</speed_mps>
          <speed_mph>50.0</speed_mph>
        </extensions>
      </trkpt>
      <trkpt lat="52.08302" lon="1.28023">
        <ele>0</ele>
        <time>2026-06-26T08:07:20.963Z</time>
        <name>291</name>
        <extensions>
          <speed_mps>22.352</speed_mps>
          <speed_mph>50.0</speed_mph>
        </extensions>
      </trkpt>
      <trkpt lat="52.08314" lon="1.28069">
        <ele>0</ele>
        <time>2026-06-26T08:07:22.488Z</time>
        <name>292</name>
        <extensions>
          <speed_mps>22.352</speed_mps>
          <speed_mph>50.0</speed_mph>
        </extensions>
      </trkpt>
      <trkpt lat="52.08325" lon="1.28116">
        <ele>0</ele>
        <time>2026-06-26T08:07:24.013Z</time>
        <name>293</name>
        <extensions>
          <speed_mps>22.352</speed_mps>
          <speed_mph>50.0</speed_mph>
        </extensions>
      </trkpt>
      <trkpt lat="52.08335" lon="1.28163">
        <ele>0</ele>
        <time>2026-06-26T08:07:25.539Z</time>
        <name>294</name>
        <extensions>
          <speed_mps>22.352</speed_mps>
          <speed_mph>50.0</speed_mph>
        </extensions>
      </trkpt>
      <trkpt lat="52.08345" lon="1.28210">
        <ele>0</ele>
        <time>2026-06-26T08:07:27.064Z</time>
        <name>295</name>
        <extensions>
          <speed_mps>22.352</speed_mps>
          <speed_mph>50.0</speed_mph>
        </extensions>
      </trkpt>
      <trkpt lat="52.08355" lon="1.28257">
        <ele>0</ele>
        <time>2026-06-26T08:07:28.589Z</time>
        <name>296</name>
        <extensions>
          <speed_mps>22.352</speed_mps>
          <speed_mph>50.0</speed_mph>
        </extensions>
      </trkpt>
      <trkpt lat="52.08365" lon="1.28304">
        <ele>0</ele>
        <time>2026-06-26T08:07:30.114Z</time>
        <name>297</name>
        <extensions>
          <speed_mps>22.352</speed_mps>
          <speed_mph>50.0</speed_mph>
        </extensions>
      </trkpt>
      <trkpt lat="52.08372" lon="1.28353">
        <ele>0</ele>
        <time>2026-06-26T08:07:31.639Z</time>
        <name>298</name>
        <extensions>
          <speed_mps>22.352</speed_mps>
          <speed_mph>50.0</speed_mph>
        </extensions>
      </trkpt>
      <trkpt lat="52.08380" lon="1.28401">
        <ele>0</ele>
        <time>2026-06-26T08:07:33.165Z</time>
        <name>299</name>
        <extensions>
          <speed_mps>22.352</speed_mps>
          <speed_mph>50.0</speed_mph>
        </extensions>
      </trkpt>
      <trkpt lat="52.08387" lon="1.28450">
        <ele>0</ele>
        <time>2026-06-26T08:07:34.690Z</time>
        <name>300</name>
        <extensions>
          <speed_mps>22.352</speed_mps>
          <speed_mph>50.0</speed_mph>
        </extensions>
      </trkpt>
      <trkpt lat="52.08394" lon="1.28498">
        <ele>0</ele>
        <time>2026-06-26T08:07:36.215Z</time>
        <name>301</name>
        <extensions>
          <speed_mps>22.352</speed_mps>
          <speed_mph>50.0</speed_mph>
        </extensions>
      </trkpt>
      <trkpt lat="52.08400" lon="1.28547">
        <ele>0</ele>
        <time>2026-06-26T08:07:37.741Z</time>
        <name>302</name>
        <extensions>
          <speed_mps>22.352</speed_mps>
          <speed_mph>50.0</speed_mph>
        </extensions>
      </trkpt>
      <trkpt lat="52.08405" lon="1.28596">
        <ele>0</ele>
        <time>2026-06-26T08:07:39.266Z</time>
        <name>303</name>
        <extensions>
          <speed_mps>22.352</speed_mps>
          <speed_mph>50.0</speed_mph>
        </extensions>
      </trkpt>
      <trkpt lat="52.08410" lon="1.28645">
        <ele>0</ele>
        <time>2026-06-26T08:07:40.791Z</time>
        <name>304</name>
        <extensions>
          <speed_mps>22.352</speed_mps>
          <speed_mph>50.0</speed_mph>
        </extensions>
      </trkpt>
      <trkpt lat="52.08415" lon="1.28695">
        <ele>0</ele>
        <time>2026-06-26T08:07:42.316Z</time>
        <name>305</name>
        <extensions>
          <speed_mps>22.352</speed_mps>
          <speed_mph>50.0</speed_mph>
        </extensions>
      </trkpt>
      <trkpt lat="52.08422" lon="1.28743">
        <ele>0</ele>
        <time>2026-06-26T08:07:43.839Z</time>
        <name>306</name>
        <extensions>
          <speed_mps>22.352</speed_mps>
          <speed_mph>50.0</speed_mph>
        </extensions>
      </trkpt>
      <trkpt lat="52.08442" lon="1.28778">
        <ele>0</ele>
        <time>2026-06-26T08:07:45.293Z</time>
        <name>307</name>
        <extensions>
          <speed_mps>22.352</speed_mps>
          <speed_mph>50.0</speed_mph>
        </extensions>
      </trkpt>
      <trkpt lat="52.08454" lon="1.28823">
        <ele>0</ele>
        <time>2026-06-26T08:07:46.802Z</time>
        <name>308</name>
        <extensions>
          <speed_mps>22.352</speed_mps>
          <speed_mph>50.0</speed_mph>
        </extensions>
      </trkpt>
      <trkpt lat="52.08471" lon="1.28865">
        <ele>0</ele>
        <time>2026-06-26T08:07:48.319Z</time>
        <name>309</name>
        <extensions>
          <speed_mps>22.352</speed_mps>
          <speed_mph>50.0</speed_mph>
        </extensions>
      </trkpt>
      <trkpt lat="52.08493" lon="1.28899">
        <ele>0</ele>
        <time>2026-06-26T08:07:49.840Z</time>
        <name>310</name>
        <extensions>
          <speed_mps>22.352</speed_mps>
          <speed_mph>50.0</speed_mph>
        </extensions>
      </trkpt>
      <trkpt lat="52.08517" lon="1.28929">
        <ele>0</ele>
        <time>2026-06-26T08:07:51.365Z</time>
        <name>311</name>
        <extensions>
          <speed_mps>22.352</speed_mps>
          <speed_mph>50.0</speed_mph>
        </extensions>
      </trkpt>
      <trkpt lat="52.08542" lon="1.28958">
        <ele>0</ele>
        <time>2026-06-26T08:07:52.890Z</time>
        <name>312</name>
        <extensions>
          <speed_mps>22.352</speed_mps>
          <speed_mph>50.0</speed_mph>
        </extensions>
      </trkpt>
      <trkpt lat="52.08568" lon="1.28986">
        <ele>0</ele>
        <time>2026-06-26T08:07:54.415Z</time>
        <name>313</name>
        <extensions>
          <speed_mps>22.352</speed_mps>
          <speed_mph>50.0</speed_mph>
        </extensions>
      </trkpt>
      <trkpt lat="52.08593" lon="1.29013">
        <ele>0</ele>
        <time>2026-06-26T08:07:55.940Z</time>
        <name>314</name>
        <extensions>
          <speed_mps>22.352</speed_mps>
          <speed_mph>50.0</speed_mph>
        </extensions>
      </trkpt>
      <trkpt lat="52.08620" lon="1.29039">
        <ele>0</ele>
        <time>2026-06-26T08:07:57.466Z</time>
        <name>315</name>
        <extensions>
          <speed_mps>22.352</speed_mps>
          <speed_mph>50.0</speed_mph>
        </extensions>
      </trkpt>
      <trkpt lat="52.08646" lon="1.29064">
        <ele>0</ele>
        <time>2026-06-26T08:07:58.991Z</time>
        <name>316</name>
        <extensions>
          <speed_mps>22.352</speed_mps>
          <speed_mph>50.0</speed_mph>
        </extensions>
      </trkpt>
      <trkpt lat="52.08672" lon="1.29090">
        <ele>0</ele>
        <time>2026-06-26T08:08:00.516Z</time>
        <name>317</name>
        <extensions>
          <speed_mps>22.352</speed_mps>
          <speed_mph>50.0</speed_mph>
        </extensions>
      </trkpt>
      <trkpt lat="52.08699" lon="1.29116">
        <ele>0</ele>
        <time>2026-06-26T08:08:02.042Z</time>
        <name>318</name>
        <extensions>
          <speed_mps>22.352</speed_mps>
          <speed_mph>50.0</speed_mph>
        </extensions>
      </trkpt>
      <trkpt lat="52.08725" lon="1.29142">
        <ele>0</ele>
        <time>2026-06-26T08:08:03.567Z</time>
        <name>319</name>
        <extensions>
          <speed_mps>22.352</speed_mps>
          <speed_mph>50.0</speed_mph>
        </extensions>
      </trkpt>
      <trkpt lat="52.08751" lon="1.29168">
        <ele>0</ele>
        <time>2026-06-26T08:08:05.092Z</time>
        <name>320</name>
        <extensions>
          <speed_mps>22.352</speed_mps>
          <speed_mph>50.0</speed_mph>
        </extensions>
      </trkpt>
      <trkpt lat="52.08777" lon="1.29195">
        <ele>0</ele>
        <time>2026-06-26T08:08:06.617Z</time>
        <name>321</name>
        <extensions>
          <speed_mps>22.352</speed_mps>
          <speed_mph>50.0</speed_mph>
        </extensions>
      </trkpt>
      <trkpt lat="52.08803" lon="1.29221">
        <ele>0</ele>
        <time>2026-06-26T08:08:08.143Z</time>
        <name>322</name>
        <extensions>
          <speed_mps>22.352</speed_mps>
          <speed_mph>50.0</speed_mph>
        </extensions>
      </trkpt>
      <trkpt lat="52.08829" lon="1.29247">
        <ele>0</ele>
        <time>2026-06-26T08:08:09.668Z</time>
        <name>323</name>
        <extensions>
          <speed_mps>22.352</speed_mps>
          <speed_mph>50.0</speed_mph>
        </extensions>
      </trkpt>
      <trkpt lat="52.08852" lon="1.29279">
        <ele>0</ele>
        <time>2026-06-26T08:08:11.178Z</time>
        <name>324</name>
        <extensions>
          <speed_mps>22.352</speed_mps>
          <speed_mph>50.0</speed_mph>
        </extensions>
      </trkpt>
      <trkpt lat="52.08878" lon="1.29305">
        <ele>0</ele>
        <time>2026-06-26T08:08:12.703Z</time>
        <name>325</name>
        <extensions>
          <speed_mps>22.352</speed_mps>
          <speed_mph>50.0</speed_mph>
        </extensions>
      </trkpt>
      <trkpt lat="52.08905" lon="1.29331">
        <ele>0</ele>
        <time>2026-06-26T08:08:14.229Z</time>
        <name>326</name>
        <extensions>
          <speed_mps>22.352</speed_mps>
          <speed_mph>50.0</speed_mph>
        </extensions>
      </trkpt>
      <trkpt lat="52.08931" lon="1.29358">
        <ele>0</ele>
        <time>2026-06-26T08:08:15.754Z</time>
        <name>327</name>
        <extensions>
          <speed_mps>22.352</speed_mps>
          <speed_mph>50.0</speed_mph>
        </extensions>
      </trkpt>
      <trkpt lat="52.08957" lon="1.29384">
        <ele>0</ele>
        <time>2026-06-26T08:08:17.279Z</time>
        <name>328</name>
        <extensions>
          <speed_mps>22.352</speed_mps>
          <speed_mph>50.0</speed_mph>
        </extensions>
      </trkpt>
      <trkpt lat="52.08983" lon="1.29410">
        <ele>0</ele>
        <time>2026-06-26T08:08:18.805Z</time>
        <name>329</name>
        <extensions>
          <speed_mps>22.352</speed_mps>
          <speed_mph>50.0</speed_mph>
        </extensions>
      </trkpt>
      <trkpt lat="52.09009" lon="1.29436">
        <ele>0</ele>
        <time>2026-06-26T08:08:20.330Z</time>
        <name>330</name>
        <extensions>
          <speed_mps>22.352</speed_mps>
          <speed_mph>50.0</speed_mph>
        </extensions>
      </trkpt>
      <trkpt lat="52.09035" lon="1.29462">
        <ele>0</ele>
        <time>2026-06-26T08:08:21.855Z</time>
        <name>331</name>
        <extensions>
          <speed_mps>22.352</speed_mps>
          <speed_mph>50.0</speed_mph>
        </extensions>
      </trkpt>
      <trkpt lat="52.09061" lon="1.29488">
        <ele>0</ele>
        <time>2026-06-26T08:08:23.381Z</time>
        <name>332</name>
        <extensions>
          <speed_mps>22.352</speed_mps>
          <speed_mph>50.0</speed_mph>
        </extensions>
      </trkpt>
      <trkpt lat="52.09087" lon="1.29514">
        <ele>0</ele>
        <time>2026-06-26T08:08:24.906Z</time>
        <name>333</name>
        <extensions>
          <speed_mps>22.352</speed_mps>
          <speed_mph>50.0</speed_mph>
        </extensions>
      </trkpt>
      <trkpt lat="52.09114" lon="1.29540">
        <ele>0</ele>
        <time>2026-06-26T08:08:26.431Z</time>
        <name>334</name>
        <extensions>
          <speed_mps>22.352</speed_mps>
          <speed_mph>50.0</speed_mph>
        </extensions>
      </trkpt>
      <trkpt lat="52.09140" lon="1.29566">
        <ele>0</ele>
        <time>2026-06-26T08:08:27.957Z</time>
        <name>335</name>
        <extensions>
          <speed_mps>22.352</speed_mps>
          <speed_mph>50.0</speed_mph>
        </extensions>
      </trkpt>
      <trkpt lat="52.09166" lon="1.29592">
        <ele>0</ele>
        <time>2026-06-26T08:08:29.482Z</time>
        <name>336</name>
        <extensions>
          <speed_mps>22.352</speed_mps>
          <speed_mph>50.0</speed_mph>
        </extensions>
      </trkpt>
      <trkpt lat="52.09192" lon="1.29618">
        <ele>0</ele>
        <time>2026-06-26T08:08:31.007Z</time>
        <name>337</name>
        <extensions>
          <speed_mps>22.352</speed_mps>
          <speed_mph>50.0</speed_mph>
        </extensions>
      </trkpt>
      <trkpt lat="52.09218" lon="1.29644">
        <ele>0</ele>
        <time>2026-06-26T08:08:32.533Z</time>
        <name>338</name>
        <extensions>
          <speed_mps>22.352</speed_mps>
          <speed_mph>50.0</speed_mph>
        </extensions>
      </trkpt>
      <trkpt lat="52.09245" lon="1.29669">
        <ele>0</ele>
        <time>2026-06-26T08:08:34.058Z</time>
        <name>339</name>
        <extensions>
          <speed_mps>22.352</speed_mps>
          <speed_mph>50.0</speed_mph>
        </extensions>
      </trkpt>
      <trkpt lat="52.09271" lon="1.29695">
        <ele>0</ele>
        <time>2026-06-26T08:08:35.583Z</time>
        <name>340</name>
        <extensions>
          <speed_mps>22.352</speed_mps>
          <speed_mph>50.0</speed_mph>
        </extensions>
      </trkpt>
      <trkpt lat="52.09297" lon="1.29720">
        <ele>0</ele>
        <time>2026-06-26T08:08:37.109Z</time>
        <name>341</name>
        <extensions>
          <speed_mps>22.352</speed_mps>
          <speed_mph>50.0</speed_mph>
        </extensions>
      </trkpt>
      <trkpt lat="52.09324" lon="1.29745">
        <ele>0</ele>
        <time>2026-06-26T08:08:38.634Z</time>
        <name>342</name>
        <extensions>
          <speed_mps>22.352</speed_mps>
          <speed_mph>50.0</speed_mph>
        </extensions>
      </trkpt>
      <trkpt lat="52.09351" lon="1.29767">
        <ele>0</ele>
        <time>2026-06-26T08:08:40.159Z</time>
        <name>343</name>
        <extensions>
          <speed_mps>22.352</speed_mps>
          <speed_mph>50.0</speed_mph>
        </extensions>
      </trkpt>
      <trkpt lat="52.09380" lon="1.29787">
        <ele>0</ele>
        <time>2026-06-26T08:08:41.684Z</time>
        <name>344</name>
        <extensions>
          <speed_mps>22.352</speed_mps>
          <speed_mph>50.0</speed_mph>
        </extensions>
      </trkpt>
      <trkpt lat="52.09409" lon="1.29803">
        <ele>0</ele>
        <time>2026-06-26T08:08:43.209Z</time>
        <name>345</name>
        <extensions>
          <speed_mps>22.352</speed_mps>
          <speed_mph>50.0</speed_mph>
        </extensions>
      </trkpt>
      <trkpt lat="52.09438" lon="1.29817">
        <ele>0</ele>
        <time>2026-06-26T08:08:44.732Z</time>
        <name>346</name>
        <extensions>
          <speed_mps>22.352</speed_mps>
          <speed_mph>50.0</speed_mph>
        </extensions>
      </trkpt>
      <trkpt lat="52.09468" lon="1.29819">
        <ele>0</ele>
        <time>2026-06-26T08:08:46.233Z</time>
        <name>347</name>
        <extensions>
          <speed_mps>22.352</speed_mps>
          <speed_mph>50.0</speed_mph>
        </extensions>
      </trkpt>
      <trkpt lat="52.09499" lon="1.29824">
        <ele>0</ele>
        <time>2026-06-26T08:08:47.758Z</time>
        <name>348</name>
        <extensions>
          <speed_mps>22.352</speed_mps>
          <speed_mph>50.0</speed_mph>
        </extensions>
      </trkpt>
      <trkpt lat="52.09529" lon="1.29827">
        <ele>0</ele>
        <time>2026-06-26T08:08:49.283Z</time>
        <name>349</name>
        <extensions>
          <speed_mps>22.352</speed_mps>
          <speed_mph>50.0</speed_mph>
        </extensions>
      </trkpt>
      <trkpt lat="52.09560" lon="1.29826">
        <ele>0</ele>
        <time>2026-06-26T08:08:50.808Z</time>
        <name>350</name>
        <extensions>
          <speed_mps>22.352</speed_mps>
          <speed_mph>50.0</speed_mph>
        </extensions>
      </trkpt>
      <trkpt lat="52.09590" lon="1.29816">
        <ele>0</ele>
        <time>2026-06-26T08:08:52.323Z</time>
        <name>351</name>
        <extensions>
          <speed_mps>22.352</speed_mps>
          <speed_mph>50.0</speed_mph>
        </extensions>
      </trkpt>
      <trkpt lat="52.09618" lon="1.29809">
        <ele>0</ele>
        <time>2026-06-26T08:08:53.739Z</time>
        <name>352</name>
        <extensions>
          <speed_mps>22.352</speed_mps>
          <speed_mph>50.0</speed_mph>
        </extensions>
      </trkpt>
      <trkpt lat="52.09628" lon="1.29851">
        <ele>0</ele>
        <time>2026-06-26T08:08:55.142Z</time>
        <name>353</name>
        <extensions>
          <speed_mps>22.352</speed_mps>
          <speed_mph>50.0</speed_mph>
        </extensions>
      </trkpt>
      <trkpt lat="52.09611" lon="1.29891">
        <ele>0</ele>
        <time>2026-06-26T08:08:56.634Z</time>
        <name>354</name>
        <extensions>
          <speed_mps>22.352</speed_mps>
          <speed_mph>50.0</speed_mph>
        </extensions>
      </trkpt>
      <trkpt lat="52.09615" lon="1.29939">
        <ele>0</ele>
        <time>2026-06-26T08:08:58.125Z</time>
        <name>355</name>
        <extensions>
          <speed_mps>22.352</speed_mps>
          <speed_mph>50.0</speed_mph>
        </extensions>
      </trkpt>
      <trkpt lat="52.09621" lon="1.29988">
        <ele>0</ele>
        <time>2026-06-26T08:08:59.650Z</time>
        <name>356</name>
        <extensions>
          <speed_mps>22.352</speed_mps>
          <speed_mph>50.0</speed_mph>
        </extensions>
      </trkpt>
      <trkpt lat="52.09628" lon="1.30037">
        <ele>0</ele>
        <time>2026-06-26T08:09:01.176Z</time>
        <name>357</name>
        <extensions>
          <speed_mps>22.352</speed_mps>
          <speed_mph>50.0</speed_mph>
        </extensions>
      </trkpt>
      <trkpt lat="52.09634" lon="1.30085">
        <ele>0</ele>
        <time>2026-06-26T08:09:02.701Z</time>
        <name>358</name>
        <extensions>
          <speed_mps>22.352</speed_mps>
          <speed_mph>50.0</speed_mph>
        </extensions>
      </trkpt>
      <trkpt lat="52.09641" lon="1.30134">
        <ele>0</ele>
        <time>2026-06-26T08:09:04.226Z</time>
        <name>359</name>
        <extensions>
          <speed_mps>22.352</speed_mps>
          <speed_mph>50.0</speed_mph>
        </extensions>
      </trkpt>
      <trkpt lat="52.09646" lon="1.30183">
        <ele>0</ele>
        <time>2026-06-26T08:09:05.750Z</time>
        <name>360</name>
        <extensions>
          <speed_mps>22.352</speed_mps>
          <speed_mph>50.0</speed_mph>
        </extensions>
      </trkpt>
      <trkpt lat="52.09648" lon="1.30233">
        <ele>0</ele>
        <time>2026-06-26T08:09:07.271Z</time>
        <name>361</name>
        <extensions>
          <speed_mps>22.352</speed_mps>
          <speed_mph>50.0</speed_mph>
        </extensions>
      </trkpt>
      <trkpt lat="52.09647" lon="1.30283">
        <ele>0</ele>
        <time>2026-06-26T08:09:08.797Z</time>
        <name>362</name>
        <extensions>
          <speed_mps>22.352</speed_mps>
          <speed_mph>50.0</speed_mph>
        </extensions>
      </trkpt>
      <trkpt lat="52.09646" lon="1.30333">
        <ele>0</ele>
        <time>2026-06-26T08:09:10.322Z</time>
        <name>363</name>
        <extensions>
          <speed_mps>22.352</speed_mps>
          <speed_mph>50.0</speed_mph>
        </extensions>
      </trkpt>
      <trkpt lat="52.09645" lon="1.30383">
        <ele>0</ele>
        <time>2026-06-26T08:09:11.847Z</time>
        <name>364</name>
        <extensions>
          <speed_mps>22.352</speed_mps>
          <speed_mph>50.0</speed_mph>
        </extensions>
      </trkpt>
      <trkpt lat="52.09644" lon="1.30426">
        <ele>0</ele>
        <time>2026-06-26T08:09:13.175Z</time>
        <name>365</name>
        <extensions>
          <speed_mps>22.352</speed_mps>
          <speed_mph>50.0</speed_mph>
        </extensions>
      </trkpt>
      <trkpt lat="52.09626" lon="1.30467">
        <ele>0</ele>
        <time>2026-06-26T08:09:14.701Z</time>
        <name>366</name>
        <extensions>
          <speed_mps>22.352</speed_mps>
          <speed_mph>50.0</speed_mph>
        </extensions>
      </trkpt>
      <trkpt lat="52.09610" lon="1.30509">
        <ele>0</ele>
        <time>2026-06-26T08:09:16.226Z</time>
        <name>367</name>
        <extensions>
          <speed_mps>22.352</speed_mps>
          <speed_mph>50.0</speed_mph>
        </extensions>
      </trkpt>
      <trkpt lat="52.09594" lon="1.30552">
        <ele>0</ele>
        <time>2026-06-26T08:09:17.751Z</time>
        <name>368</name>
        <extensions>
          <speed_mps>22.352</speed_mps>
          <speed_mph>50.0</speed_mph>
        </extensions>
      </trkpt>
      <trkpt lat="52.09579" lon="1.30595">
        <ele>0</ele>
        <time>2026-06-26T08:09:19.276Z</time>
        <name>369</name>
        <extensions>
          <speed_mps>22.352</speed_mps>
          <speed_mph>50.0</speed_mph>
        </extensions>
      </trkpt>
      <trkpt lat="52.09564" lon="1.30639">
        <ele>0</ele>
        <time>2026-06-26T08:09:20.802Z</time>
        <name>370</name>
        <extensions>
          <speed_mps>22.352</speed_mps>
          <speed_mph>50.0</speed_mph>
        </extensions>
      </trkpt>
      <trkpt lat="52.09549" lon="1.30683">
        <ele>0</ele>
        <time>2026-06-26T08:09:22.327Z</time>
        <name>371</name>
        <extensions>
          <speed_mps>22.352</speed_mps>
          <speed_mph>50.0</speed_mph>
        </extensions>
      </trkpt>
      <trkpt lat="52.09535" lon="1.30727">
        <ele>0</ele>
        <time>2026-06-26T08:09:23.851Z</time>
        <name>372</name>
        <extensions>
          <speed_mps>22.352</speed_mps>
          <speed_mph>50.0</speed_mph>
        </extensions>
      </trkpt>
      <trkpt lat="52.09522" lon="1.30772">
        <ele>0</ele>
        <time>2026-06-26T08:09:25.376Z</time>
        <name>373</name>
        <extensions>
          <speed_mps>22.352</speed_mps>
          <speed_mph>50.0</speed_mph>
        </extensions>
      </trkpt>
      <trkpt lat="52.09510" lon="1.30818">
        <ele>0</ele>
        <time>2026-06-26T08:09:26.900Z</time>
        <name>374</name>
        <extensions>
          <speed_mps>22.352</speed_mps>
          <speed_mph>50.0</speed_mph>
        </extensions>
      </trkpt>
      <trkpt lat="52.09502" lon="1.30866">
        <ele>0</ele>
        <time>2026-06-26T08:09:28.426Z</time>
        <name>375</name>
        <extensions>
          <speed_mps>22.352</speed_mps>
          <speed_mph>50.0</speed_mph>
        </extensions>
      </trkpt>
      <trkpt lat="52.09493" lon="1.30914">
        <ele>0</ele>
        <time>2026-06-26T08:09:29.951Z</time>
        <name>376</name>
        <extensions>
          <speed_mps>22.352</speed_mps>
          <speed_mph>50.0</speed_mph>
        </extensions>
      </trkpt>
      <trkpt lat="52.09487" lon="1.30963">
        <ele>0</ele>
        <time>2026-06-26T08:09:31.476Z</time>
        <name>377</name>
        <extensions>
          <speed_mps>22.352</speed_mps>
          <speed_mph>50.0</speed_mph>
        </extensions>
      </trkpt>
      <trkpt lat="52.09481" lon="1.31012">
        <ele>0</ele>
        <time>2026-06-26T08:09:33.001Z</time>
        <name>378</name>
        <extensions>
          <speed_mps>22.352</speed_mps>
          <speed_mph>50.0</speed_mph>
        </extensions>
      </trkpt>
      <trkpt lat="52.09475" lon="1.31061">
        <ele>0</ele>
        <time>2026-06-26T08:09:34.527Z</time>
        <name>379</name>
        <extensions>
          <speed_mps>22.352</speed_mps>
          <speed_mph>50.0</speed_mph>
        </extensions>
      </trkpt>
      <trkpt lat="52.09470" lon="1.31110">
        <ele>0</ele>
        <time>2026-06-26T08:09:36.052Z</time>
        <name>380</name>
        <extensions>
          <speed_mps>22.352</speed_mps>
          <speed_mph>50.0</speed_mph>
        </extensions>
      </trkpt>
      <trkpt lat="52.09461" lon="1.31158">
        <ele>0</ele>
        <time>2026-06-26T08:09:37.577Z</time>
        <name>381</name>
        <extensions>
          <speed_mps>22.352</speed_mps>
          <speed_mph>50.0</speed_mph>
        </extensions>
      </trkpt>
      <trkpt lat="52.09452" lon="1.31205">
        <ele>0</ele>
        <time>2026-06-26T08:09:39.101Z</time>
        <name>382</name>
        <extensions>
          <speed_mps>22.352</speed_mps>
          <speed_mph>50.0</speed_mph>
        </extensions>
      </trkpt>
      <trkpt lat="52.09442" lon="1.31253">
        <ele>0</ele>
        <time>2026-06-26T08:09:40.627Z</time>
        <name>383</name>
        <extensions>
          <speed_mps>22.352</speed_mps>
          <speed_mph>50.0</speed_mph>
        </extensions>
      </trkpt>
      <trkpt lat="52.09432" lon="1.31300">
        <ele>0</ele>
        <time>2026-06-26T08:09:42.152Z</time>
        <name>384</name>
        <extensions>
          <speed_mps>22.352</speed_mps>
          <speed_mph>50.0</speed_mph>
        </extensions>
      </trkpt>
      <trkpt lat="52.09420" lon="1.31346">
        <ele>0</ele>
        <time>2026-06-26T08:09:43.677Z</time>
        <name>385</name>
        <extensions>
          <speed_mps>22.352</speed_mps>
          <speed_mph>50.0</speed_mph>
        </extensions>
      </trkpt>
      <trkpt lat="52.09407" lon="1.31391">
        <ele>0</ele>
        <time>2026-06-26T08:09:45.200Z</time>
        <name>386</name>
        <extensions>
          <speed_mps>22.352</speed_mps>
          <speed_mph>50.0</speed_mph>
        </extensions>
      </trkpt>
      <trkpt lat="52.09397" lon="1.31434">
        <ele>0</ele>
        <time>2026-06-26T08:09:46.597Z</time>
        <name>387</name>
        <extensions>
          <speed_mps>22.352</speed_mps>
          <speed_mph>50.0</speed_mph>
        </extensions>
      </trkpt>
      <trkpt lat="52.09401" lon="1.31483">
        <ele>0</ele>
        <time>2026-06-26T08:09:48.107Z</time>
        <name>388</name>
        <extensions>
          <speed_mps>22.352</speed_mps>
          <speed_mph>50.0</speed_mph>
        </extensions>
      </trkpt>
      <trkpt lat="52.09406" lon="1.31532">
        <ele>0</ele>
        <time>2026-06-26T08:09:49.632Z</time>
        <name>389</name>
        <extensions>
          <speed_mps>22.352</speed_mps>
          <speed_mph>50.0</speed_mph>
        </extensions>
      </trkpt>
      <trkpt lat="52.09410" lon="1.31581">
        <ele>0</ele>
        <time>2026-06-26T08:09:51.157Z</time>
        <name>390</name>
        <extensions>
          <speed_mps>22.352</speed_mps>
          <speed_mph>50.0</speed_mph>
        </extensions>
      </trkpt>
      <trkpt lat="52.09415" lon="1.31631">
        <ele>0</ele>
        <time>2026-06-26T08:09:52.683Z</time>
        <name>391</name>
        <extensions>
          <speed_mps>22.352</speed_mps>
          <speed_mph>50.0</speed_mph>
        </extensions>
      </trkpt>
      <trkpt lat="52.09423" lon="1.31678">
        <ele>0</ele>
        <time>2026-06-26T08:09:54.201Z</time>
        <name>392</name>
        <extensions>
          <speed_mps>22.352</speed_mps>
          <speed_mph>50.0</speed_mph>
        </extensions>
      </trkpt>
      <trkpt lat="52.09431" lon="1.31727">
        <ele>0</ele>
        <time>2026-06-26T08:09:55.726Z</time>
        <name>393</name>
        <extensions>
          <speed_mps>22.352</speed_mps>
          <speed_mph>50.0</speed_mph>
        </extensions>
      </trkpt>
      <trkpt lat="52.09428" lon="1.31776">
        <ele>0</ele>
        <time>2026-06-26T08:09:57.234Z</time>
        <name>394</name>
        <extensions>
          <speed_mps>22.352</speed_mps>
          <speed_mph>50.0</speed_mph>
        </extensions>
      </trkpt>
      <trkpt lat="52.09414" lon="1.31818">
        <ele>0</ele>
        <time>2026-06-26T08:09:58.698Z</time>
        <name>395</name>
        <extensions>
          <speed_mps>22.352</speed_mps>
          <speed_mph>50.0</speed_mph>
        </extensions>
      </trkpt>
      <trkpt lat="52.09429" lon="1.31861">
        <ele>0</ele>
        <time>2026-06-26T08:10:00.224Z</time>
        <name>396</name>
        <extensions>
          <speed_mps>22.352</speed_mps>
          <speed_mph>50.0</speed_mph>
        </extensions>
      </trkpt>
      <trkpt lat="52.09444" lon="1.31905">
        <ele>0</ele>
        <time>2026-06-26T08:10:01.749Z</time>
        <name>397</name>
        <extensions>
          <speed_mps>22.352</speed_mps>
          <speed_mph>50.0</speed_mph>
        </extensions>
      </trkpt>
      <trkpt lat="52.09458" lon="1.31949">
        <ele>0</ele>
        <time>2026-06-26T08:10:03.274Z</time>
        <name>398</name>
        <extensions>
          <speed_mps>22.352</speed_mps>
          <speed_mph>50.0</speed_mph>
        </extensions>
      </trkpt>
      <trkpt lat="52.09472" lon="1.31993">
        <ele>0</ele>
        <time>2026-06-26T08:10:04.799Z</time>
        <name>399</name>
        <extensions>
          <speed_mps>22.352</speed_mps>
          <speed_mph>50.0</speed_mph>
        </extensions>
      </trkpt>
      <trkpt lat="52.09486" lon="1.32037">
        <ele>0</ele>
        <time>2026-06-26T08:10:06.323Z</time>
        <name>400</name>
        <extensions>
          <speed_mps>22.352</speed_mps>
          <speed_mph>50.0</speed_mph>
        </extensions>
      </trkpt>
      <trkpt lat="52.09472" lon="1.32079">
        <ele>0</ele>
        <time>2026-06-26T08:10:07.784Z</time>
        <name>401</name>
        <extensions>
          <speed_mps>22.352</speed_mps>
          <speed_mph>50.0</speed_mph>
        </extensions>
      </trkpt>
      <trkpt lat="52.09463" lon="1.32122">
        <ele>0</ele>
        <time>2026-06-26T08:10:09.160Z</time>
        <name>402</name>
        <extensions>
          <speed_mps>22.352</speed_mps>
          <speed_mph>50.0</speed_mph>
        </extensions>
      </trkpt>
      <trkpt lat="52.09491" lon="1.32137">
        <ele>0</ele>
        <time>2026-06-26T08:10:10.610Z</time>
        <name>403</name>
        <extensions>
          <speed_mps>22.352</speed_mps>
          <speed_mph>50.0</speed_mph>
        </extensions>
      </trkpt>
      <trkpt lat="52.09520" lon="1.32152">
        <ele>0</ele>
        <time>2026-06-26T08:10:12.132Z</time>
        <name>404</name>
        <extensions>
          <speed_mps>22.352</speed_mps>
          <speed_mph>50.0</speed_mph>
        </extensions>
      </trkpt>
      <trkpt lat="52.09549" lon="1.32168">
        <ele>0</ele>
        <time>2026-06-26T08:10:13.657Z</time>
        <name>405</name>
        <extensions>
          <speed_mps>22.352</speed_mps>
          <speed_mph>50.0</speed_mph>
        </extensions>
      </trkpt>
      <trkpt lat="52.09578" lon="1.32184">
        <ele>0</ele>
        <time>2026-06-26T08:10:15.182Z</time>
        <name>406</name>
        <extensions>
          <speed_mps>22.352</speed_mps>
          <speed_mph>50.0</speed_mph>
        </extensions>
      </trkpt>
      <trkpt lat="52.09607" lon="1.32202">
        <ele>0</ele>
        <time>2026-06-26T08:10:16.707Z</time>
        <name>407</name>
        <extensions>
          <speed_mps>22.352</speed_mps>
          <speed_mph>50.0</speed_mph>
        </extensions>
      </trkpt>
      <trkpt lat="52.09635" lon="1.32221">
        <ele>0</ele>
        <time>2026-06-26T08:10:18.232Z</time>
        <name>408</name>
        <extensions>
          <speed_mps>22.352</speed_mps>
          <speed_mph>50.0</speed_mph>
        </extensions>
      </trkpt>
      <trkpt lat="52.09662" lon="1.32245">
        <ele>0</ele>
        <time>2026-06-26T08:10:19.755Z</time>
        <name>409</name>
        <extensions>
          <speed_mps>22.352</speed_mps>
          <speed_mph>50.0</speed_mph>
        </extensions>
      </trkpt>
      <trkpt lat="52.09688" lon="1.32273">
        <ele>0</ele>
        <time>2026-06-26T08:10:21.280Z</time>
        <name>410</name>
        <extensions>
          <speed_mps>22.352</speed_mps>
          <speed_mph>50.0</speed_mph>
        </extensions>
      </trkpt>
      <trkpt lat="52.09713" lon="1.32300">
        <ele>0</ele>
        <time>2026-06-26T08:10:22.804Z</time>
        <name>411</name>
        <extensions>
          <speed_mps>22.352</speed_mps>
          <speed_mph>50.0</speed_mph>
        </extensions>
      </trkpt>
      <trkpt lat="52.09741" lon="1.32322">
        <ele>0</ele>
        <time>2026-06-26T08:10:24.329Z</time>
        <name>412</name>
        <extensions>
          <speed_mps>22.352</speed_mps>
          <speed_mph>50.0</speed_mph>
        </extensions>
      </trkpt>
      <trkpt lat="52.09768" lon="1.32345">
        <ele>0</ele>
        <time>2026-06-26T08:10:25.855Z</time>
        <name>413</name>
        <extensions>
          <speed_mps>22.352</speed_mps>
          <speed_mph>50.0</speed_mph>
        </extensions>
      </trkpt>
      <trkpt lat="52.09783" lon="1.32376">
        <ele>0</ele>
        <time>2026-06-26T08:10:27.068Z</time>
        <name>414</name>
        <extensions>
          <speed_mps>22.352</speed_mps>
          <speed_mph>50.0</speed_mph>
        </extensions>
      </trkpt>
      <trkpt lat="52.09776" lon="1.32425">
        <ele>0</ele>
        <time>2026-06-26T08:10:28.590Z</time>
        <name>415</name>
        <extensions>
          <speed_mps>22.352</speed_mps>
          <speed_mph>50.0</speed_mph>
        </extensions>
      </trkpt>
      <trkpt lat="52.09768" lon="1.32472">
        <ele>0</ele>
        <time>2026-06-26T08:10:30.085Z</time>
        <name>416</name>
        <extensions>
          <speed_mps>22.352</speed_mps>
          <speed_mph>50.0</speed_mph>
        </extensions>
      </trkpt>
      <trkpt lat="52.09776" lon="1.32521">
        <ele>0</ele>
        <time>2026-06-26T08:10:31.609Z</time>
        <name>417</name>
        <extensions>
          <speed_mps>22.352</speed_mps>
          <speed_mph>50.0</speed_mph>
        </extensions>
      </trkpt>
      <trkpt lat="52.09793" lon="1.32561">
        <ele>0</ele>
        <time>2026-06-26T08:10:33.133Z</time>
        <name>418</name>
        <extensions>
          <speed_mps>22.352</speed_mps>
          <speed_mph>50.0</speed_mph>
        </extensions>
      </trkpt>
      <trkpt lat="52.09809" lon="1.32604">
        <ele>0</ele>
        <time>2026-06-26T08:10:34.655Z</time>
        <name>419</name>
        <extensions>
          <speed_mps>22.352</speed_mps>
          <speed_mph>50.0</speed_mph>
        </extensions>
      </trkpt>
      <trkpt lat="52.09818" lon="1.32651">
        <ele>0</ele>
        <time>2026-06-26T08:10:36.180Z</time>
        <name>420</name>
        <extensions>
          <speed_mps>22.352</speed_mps>
          <speed_mph>50.0</speed_mph>
        </extensions>
      </trkpt>
      <trkpt lat="52.09826" lon="1.32700">
        <ele>0</ele>
        <time>2026-06-26T08:10:37.704Z</time>
        <name>421</name>
        <extensions>
          <speed_mps>22.352</speed_mps>
          <speed_mph>50.0</speed_mph>
        </extensions>
      </trkpt>
      <trkpt lat="52.09833" lon="1.32748">
        <ele>0</ele>
        <time>2026-06-26T08:10:39.230Z</time>
        <name>422</name>
        <extensions>
          <speed_mps>22.352</speed_mps>
          <speed_mph>50.0</speed_mph>
        </extensions>
      </trkpt>
      <trkpt lat="52.09838" lon="1.32797">
        <ele>0</ele>
        <time>2026-06-26T08:10:40.755Z</time>
        <name>423</name>
        <extensions>
          <speed_mps>22.352</speed_mps>
          <speed_mph>50.0</speed_mph>
        </extensions>
      </trkpt>
      <trkpt lat="52.09825" lon="1.32841">
        <ele>0</ele>
        <time>2026-06-26T08:10:42.239Z</time>
        <name>424</name>
        <extensions>
          <speed_mps>22.352</speed_mps>
          <speed_mph>50.0</speed_mph>
        </extensions>
      </trkpt>
      <trkpt lat="52.09813" lon="1.32863">
        <ele>0</ele>
        <time>2026-06-26T08:10:43.141Z</time>
        <name>425</name>
        <extensions>
          <speed_mps>22.352</speed_mps>
          <speed_mph>50.0</speed_mph>
        </extensions>
      </trkpt>
      <trkpt lat="52.09831" lon="1.32825">
        <ele>0</ele>
        <time>2026-06-26T08:10:44.600Z</time>
        <name>426</name>
        <extensions>
          <speed_mps>22.352</speed_mps>
          <speed_mph>50.0</speed_mph>
        </extensions>
      </trkpt>
      <trkpt lat="52.09836" lon="1.32779">
        <ele>0</ele>
        <time>2026-06-26T08:10:46.027Z</time>
        <name>427</name>
        <extensions>
          <speed_mps>22.352</speed_mps>
          <speed_mph>50.0</speed_mph>
        </extensions>
      </trkpt>
      <trkpt lat="52.09830" lon="1.32730">
        <ele>0</ele>
        <time>2026-06-26T08:10:47.552Z</time>
        <name>428</name>
        <extensions>
          <speed_mps>22.352</speed_mps>
          <speed_mph>50.0</speed_mph>
        </extensions>
      </trkpt>
      <trkpt lat="52.09823" lon="1.32682">
        <ele>0</ele>
        <time>2026-06-26T08:10:49.078Z</time>
        <name>429</name>
        <extensions>
          <speed_mps>22.352</speed_mps>
          <speed_mph>50.0</speed_mph>
        </extensions>
      </trkpt>
      <trkpt lat="52.09815" lon="1.32634">
        <ele>0</ele>
        <time>2026-06-26T08:10:50.603Z</time>
        <name>430</name>
        <extensions>
          <speed_mps>22.352</speed_mps>
          <speed_mph>50.0</speed_mph>
        </extensions>
      </trkpt>
      <trkpt lat="52.09804" lon="1.32587">
        <ele>0</ele>
        <time>2026-06-26T08:10:52.120Z</time>
        <name>431</name>
        <extensions>
          <speed_mps>22.352</speed_mps>
          <speed_mph>50.0</speed_mph>
        </extensions>
      </trkpt>
      <trkpt lat="52.09787" lon="1.32546">
        <ele>0</ele>
        <time>2026-06-26T08:10:53.644Z</time>
        <name>432</name>
        <extensions>
          <speed_mps>22.352</speed_mps>
          <speed_mph>50.0</speed_mph>
        </extensions>
      </trkpt>
      <trkpt lat="52.09772" lon="1.32503">
        <ele>0</ele>
        <time>2026-06-26T08:10:55.151Z</time>
        <name>433</name>
        <extensions>
          <speed_mps>22.352</speed_mps>
          <speed_mph>50.0</speed_mph>
        </extensions>
      </trkpt>
      <trkpt lat="52.09770" lon="1.32455">
        <ele>0</ele>
        <time>2026-06-26T08:10:56.622Z</time>
        <name>434</name>
        <extensions>
          <speed_mps>22.352</speed_mps>
          <speed_mph>50.0</speed_mph>
        </extensions>
      </trkpt>
      <trkpt lat="52.09777" lon="1.32407">
        <ele>0</ele>
        <time>2026-06-26T08:10:58.139Z</time>
        <name>435</name>
        <extensions>
          <speed_mps>22.352</speed_mps>
          <speed_mph>50.0</speed_mph>
        </extensions>
      </trkpt>
      <trkpt lat="52.09785" lon="1.32359">
        <ele>0</ele>
        <time>2026-06-26T08:10:59.649Z</time>
        <name>436</name>
        <extensions>
          <speed_mps>22.352</speed_mps>
          <speed_mph>50.0</speed_mph>
        </extensions>
      </trkpt>
      <trkpt lat="52.09758" lon="1.32336">
        <ele>0</ele>
        <time>2026-06-26T08:11:01.174Z</time>
        <name>437</name>
        <extensions>
          <speed_mps>22.352</speed_mps>
          <speed_mph>50.0</speed_mph>
        </extensions>
      </trkpt>
      <trkpt lat="52.09731" lon="1.32314">
        <ele>0</ele>
        <time>2026-06-26T08:11:02.700Z</time>
        <name>438</name>
        <extensions>
          <speed_mps>22.352</speed_mps>
          <speed_mph>50.0</speed_mph>
        </extensions>
      </trkpt>
      <trkpt lat="52.09704" lon="1.32290">
        <ele>0</ele>
        <time>2026-06-26T08:11:04.222Z</time>
        <name>439</name>
        <extensions>
          <speed_mps>22.352</speed_mps>
          <speed_mph>50.0</speed_mph>
        </extensions>
      </trkpt>
      <trkpt lat="52.09678" lon="1.32263">
        <ele>0</ele>
        <time>2026-06-26T08:11:05.748Z</time>
        <name>440</name>
        <extensions>
          <speed_mps>22.352</speed_mps>
          <speed_mph>50.0</speed_mph>
        </extensions>
      </trkpt>
      <trkpt lat="52.09652" lon="1.32235">
        <ele>0</ele>
        <time>2026-06-26T08:11:07.273Z</time>
        <name>441</name>
        <extensions>
          <speed_mps>22.352</speed_mps>
          <speed_mph>50.0</speed_mph>
        </extensions>
      </trkpt>
      <trkpt lat="52.09641" lon="1.32199">
        <ele>0</ele>
        <time>2026-06-26T08:11:08.538Z</time>
        <name>442</name>
        <extensions>
          <speed_mps>22.352</speed_mps>
          <speed_mph>50.0</speed_mph>
        </extensions>
      </trkpt>
      <trkpt lat="52.09644" lon="1.32149">
        <ele>0</ele>
        <time>2026-06-26T08:11:10.062Z</time>
        <name>443</name>
        <extensions>
          <speed_mps>22.352</speed_mps>
          <speed_mph>50.0</speed_mph>
        </extensions>
      </trkpt>
      <trkpt lat="52.09652" lon="1.32101">
        <ele>0</ele>
        <time>2026-06-26T08:11:11.584Z</time>
        <name>444</name>
        <extensions>
          <speed_mps>22.352</speed_mps>
          <speed_mph>50.0</speed_mph>
        </extensions>
      </trkpt>
      <trkpt lat="52.09664" lon="1.32055">
        <ele>0</ele>
        <time>2026-06-26T08:11:13.102Z</time>
        <name>445</name>
        <extensions>
          <speed_mps>22.352</speed_mps>
          <speed_mph>50.0</speed_mph>
        </extensions>
      </trkpt>
      <trkpt lat="52.09680" lon="1.32013">
        <ele>0</ele>
        <time>2026-06-26T08:11:14.627Z</time>
        <name>446</name>
        <extensions>
          <speed_mps>22.352</speed_mps>
          <speed_mph>50.0</speed_mph>
        </extensions>
      </trkpt>
      <trkpt lat="52.09691" lon="1.31967">
        <ele>0</ele>
        <time>2026-06-26T08:11:16.147Z</time>
        <name>447</name>
        <extensions>
          <speed_mps>22.352</speed_mps>
          <speed_mph>50.0</speed_mph>
        </extensions>
      </trkpt>
      <trkpt lat="52.09700" lon="1.31919">
        <ele>0</ele>
        <time>2026-06-26T08:11:17.672Z</time>
        <name>448</name>
        <extensions>
          <speed_mps>22.352</speed_mps>
          <speed_mph>50.0</speed_mph>
        </extensions>
      </trkpt>
      <trkpt lat="52.09708" lon="1.31871">
        <ele>0</ele>
        <time>2026-06-26T08:11:19.197Z</time>
        <name>449</name>
        <extensions>
          <speed_mps>22.352</speed_mps>
          <speed_mph>50.0</speed_mph>
        </extensions>
      </trkpt>
      <trkpt lat="52.09719" lon="1.31824">
        <ele>0</ele>
        <time>2026-06-26T08:11:20.720Z</time>
        <name>450</name>
        <extensions>
          <speed_mps>22.352</speed_mps>
          <speed_mph>50.0</speed_mph>
        </extensions>
      </trkpt>
      <trkpt lat="52.09733" lon="1.31780">
        <ele>0</ele>
        <time>2026-06-26T08:11:22.243Z</time>
        <name>451</name>
        <extensions>
          <speed_mps>22.352</speed_mps>
          <speed_mph>50.0</speed_mph>
        </extensions>
      </trkpt>
      <trkpt lat="52.09748" lon="1.31737">
        <ele>0</ele>
        <time>2026-06-26T08:11:23.768Z</time>
        <name>452</name>
        <extensions>
          <speed_mps>22.352</speed_mps>
          <speed_mph>50.0</speed_mph>
        </extensions>
      </trkpt>
      <trkpt lat="52.09763" lon="1.31693">
        <ele>0</ele>
        <time>2026-06-26T08:11:25.294Z</time>
        <name>453</name>
        <extensions>
          <speed_mps>22.352</speed_mps>
          <speed_mph>50.0</speed_mph>
        </extensions>
      </trkpt>
      <trkpt lat="52.09779" lon="1.31650">
        <ele>0</ele>
        <time>2026-06-26T08:11:26.819Z</time>
        <name>454</name>
        <extensions>
          <speed_mps>22.352</speed_mps>
          <speed_mph>50.0</speed_mph>
        </extensions>
      </trkpt>
      <trkpt lat="52.09794" lon="1.31606">
        <ele>0</ele>
        <time>2026-06-26T08:11:28.344Z</time>
        <name>455</name>
        <extensions>
          <speed_mps>22.352</speed_mps>
          <speed_mph>50.0</speed_mph>
        </extensions>
      </trkpt>
      <trkpt lat="52.09809" lon="1.31563">
        <ele>0</ele>
        <time>2026-06-26T08:11:29.869Z</time>
        <name>456</name>
        <extensions>
          <speed_mps>22.352</speed_mps>
          <speed_mph>50.0</speed_mph>
        </extensions>
      </trkpt>
      <trkpt lat="52.09826" lon="1.31521">
        <ele>0</ele>
        <time>2026-06-26T08:11:31.395Z</time>
        <name>457</name>
        <extensions>
          <speed_mps>22.352</speed_mps>
          <speed_mph>50.0</speed_mph>
        </extensions>
      </trkpt>
      <trkpt lat="52.09842" lon="1.31479">
        <ele>0</ele>
        <time>2026-06-26T08:11:32.920Z</time>
        <name>458</name>
        <extensions>
          <speed_mps>22.352</speed_mps>
          <speed_mph>50.0</speed_mph>
        </extensions>
      </trkpt>
      <trkpt lat="52.09860" lon="1.31439">
        <ele>0</ele>
        <time>2026-06-26T08:11:34.443Z</time>
        <name>459</name>
        <extensions>
          <speed_mps>22.352</speed_mps>
          <speed_mph>50.0</speed_mph>
        </extensions>
      </trkpt>
      <trkpt lat="52.09881" lon="1.31402">
        <ele>0</ele>
        <time>2026-06-26T08:11:35.967Z</time>
        <name>460</name>
        <extensions>
          <speed_mps>22.352</speed_mps>
          <speed_mph>50.0</speed_mph>
        </extensions>
      </trkpt>
      <trkpt lat="52.09902" lon="1.31367">
        <ele>0</ele>
        <time>2026-06-26T08:11:37.493Z</time>
        <name>461</name>
        <extensions>
          <speed_mps>22.352</speed_mps>
          <speed_mph>50.0</speed_mph>
        </extensions>
      </trkpt>
      <trkpt lat="52.09924" lon="1.31332">
        <ele>0</ele>
        <time>2026-06-26T08:11:39.018Z</time>
        <name>462</name>
        <extensions>
          <speed_mps>22.352</speed_mps>
          <speed_mph>50.0</speed_mph>
        </extensions>
      </trkpt>
      <trkpt lat="52.09948" lon="1.31300">
        <ele>0</ele>
        <time>2026-06-26T08:11:40.542Z</time>
        <name>463</name>
        <extensions>
          <speed_mps>22.352</speed_mps>
          <speed_mph>50.0</speed_mph>
        </extensions>
      </trkpt>
      <trkpt lat="52.09978" lon="1.31299">
        <ele>0</ele>
        <time>2026-06-26T08:11:42.016Z</time>
        <name>464</name>
        <extensions>
          <speed_mps>22.352</speed_mps>
          <speed_mph>50.0</speed_mph>
        </extensions>
      </trkpt>
      <trkpt lat="52.10008" lon="1.31308">
        <ele>0</ele>
        <time>2026-06-26T08:11:43.541Z</time>
        <name>465</name>
        <extensions>
          <speed_mps>22.352</speed_mps>
          <speed_mph>50.0</speed_mph>
        </extensions>
      </trkpt>
      <trkpt lat="52.10034" lon="1.31333">
        <ele>0</ele>
        <time>2026-06-26T08:11:45.048Z</time>
        <name>466</name>
        <extensions>
          <speed_mps>22.352</speed_mps>
          <speed_mph>50.0</speed_mph>
        </extensions>
      </trkpt>
      <trkpt lat="52.10055" lon="1.31369">
        <ele>0</ele>
        <time>2026-06-26T08:11:46.573Z</time>
        <name>467</name>
        <extensions>
          <speed_mps>22.352</speed_mps>
          <speed_mph>50.0</speed_mph>
        </extensions>
      </trkpt>
      <trkpt lat="52.10078" lon="1.31403">
        <ele>0</ele>
        <time>2026-06-26T08:11:48.095Z</time>
        <name>468</name>
        <extensions>
          <speed_mps>22.352</speed_mps>
          <speed_mph>50.0</speed_mph>
        </extensions>
      </trkpt>
      <trkpt lat="52.10105" lon="1.31427">
        <ele>0</ele>
        <time>2026-06-26T08:11:49.616Z</time>
        <name>469</name>
        <extensions>
          <speed_mps>22.352</speed_mps>
          <speed_mph>50.0</speed_mph>
        </extensions>
      </trkpt>
      <trkpt lat="52.10134" lon="1.31440">
        <ele>0</ele>
        <time>2026-06-26T08:11:51.136Z</time>
        <name>470</name>
        <extensions>
          <speed_mps>22.352</speed_mps>
          <speed_mph>50.0</speed_mph>
        </extensions>
      </trkpt>
      <trkpt lat="52.10164" lon="1.31447">
        <ele>0</ele>
        <time>2026-06-26T08:11:52.661Z</time>
        <name>471</name>
        <extensions>
          <speed_mps>22.352</speed_mps>
          <speed_mph>50.0</speed_mph>
        </extensions>
      </trkpt>
      <trkpt lat="52.10195" lon="1.31447">
        <ele>0</ele>
        <time>2026-06-26T08:11:54.184Z</time>
        <name>472</name>
        <extensions>
          <speed_mps>22.352</speed_mps>
          <speed_mph>50.0</speed_mph>
        </extensions>
      </trkpt>
      <trkpt lat="52.10226" lon="1.31444">
        <ele>0</ele>
        <time>2026-06-26T08:11:55.708Z</time>
        <name>473</name>
        <extensions>
          <speed_mps>22.352</speed_mps>
          <speed_mph>50.0</speed_mph>
        </extensions>
      </trkpt>
      <trkpt lat="52.10256" lon="1.31439">
        <ele>0</ele>
        <time>2026-06-26T08:11:57.233Z</time>
        <name>474</name>
        <extensions>
          <speed_mps>22.352</speed_mps>
          <speed_mph>50.0</speed_mph>
        </extensions>
      </trkpt>
      <trkpt lat="52.10287" lon="1.31434">
        <ele>0</ele>
        <time>2026-06-26T08:11:58.758Z</time>
        <name>475</name>
        <extensions>
          <speed_mps>22.352</speed_mps>
          <speed_mph>50.0</speed_mph>
        </extensions>
      </trkpt>
      <trkpt lat="52.10317" lon="1.31432">
        <ele>0</ele>
        <time>2026-06-26T08:12:00.283Z</time>
        <name>476</name>
        <extensions>
          <speed_mps>22.352</speed_mps>
          <speed_mph>50.0</speed_mph>
        </extensions>
      </trkpt>
      <trkpt lat="52.10347" lon="1.31420">
        <ele>0</ele>
        <time>2026-06-26T08:12:01.799Z</time>
        <name>477</name>
        <extensions>
          <speed_mps>22.352</speed_mps>
          <speed_mph>50.0</speed_mph>
        </extensions>
      </trkpt>
      <trkpt lat="52.10375" lon="1.31402">
        <ele>0</ele>
        <time>2026-06-26T08:12:03.324Z</time>
        <name>478</name>
        <extensions>
          <speed_mps>22.352</speed_mps>
          <speed_mph>50.0</speed_mph>
        </extensions>
      </trkpt>
      <trkpt lat="52.10403" lon="1.31380">
        <ele>0</ele>
        <time>2026-06-26T08:12:04.849Z</time>
        <name>479</name>
        <extensions>
          <speed_mps>22.352</speed_mps>
          <speed_mph>50.0</speed_mph>
        </extensions>
      </trkpt>
      <trkpt lat="52.10431" lon="1.31360">
        <ele>0</ele>
        <time>2026-06-26T08:12:06.375Z</time>
        <name>480</name>
        <extensions>
          <speed_mps>22.352</speed_mps>
          <speed_mph>50.0</speed_mph>
        </extensions>
      </trkpt>
      <trkpt lat="52.10459" lon="1.31340">
        <ele>0</ele>
        <time>2026-06-26T08:12:07.900Z</time>
        <name>481</name>
        <extensions>
          <speed_mps>22.352</speed_mps>
          <speed_mph>50.0</speed_mph>
        </extensions>
      </trkpt>
      <trkpt lat="52.10488" lon="1.31325">
        <ele>0</ele>
        <time>2026-06-26T08:12:09.422Z</time>
        <name>482</name>
        <extensions>
          <speed_mps>22.352</speed_mps>
          <speed_mph>50.0</speed_mph>
        </extensions>
      </trkpt>
      <trkpt lat="52.10518" lon="1.31314">
        <ele>0</ele>
        <time>2026-06-26T08:12:10.947Z</time>
        <name>483</name>
        <extensions>
          <speed_mps>22.352</speed_mps>
          <speed_mph>50.0</speed_mph>
        </extensions>
      </trkpt>
      <trkpt lat="52.10548" lon="1.31304">
        <ele>0</ele>
        <time>2026-06-26T08:12:12.473Z</time>
        <name>484</name>
        <extensions>
          <speed_mps>22.352</speed_mps>
          <speed_mph>50.0</speed_mph>
        </extensions>
      </trkpt>
      <trkpt lat="52.10578" lon="1.31294">
        <ele>0</ele>
        <time>2026-06-26T08:12:13.998Z</time>
        <name>485</name>
        <extensions>
          <speed_mps>22.352</speed_mps>
          <speed_mph>50.0</speed_mph>
        </extensions>
      </trkpt>
      <trkpt lat="52.10591" lon="1.31265">
        <ele>0</ele>
        <time>2026-06-26T08:12:15.079Z</time>
        <name>486</name>
        <extensions>
          <speed_mps>22.352</speed_mps>
          <speed_mph>50.0</speed_mph>
        </extensions>
      </trkpt>
      <trkpt lat="52.10585" lon="1.31216">
        <ele>0</ele>
        <time>2026-06-26T08:12:16.605Z</time>
        <name>487</name>
        <extensions>
          <speed_mps>22.352</speed_mps>
          <speed_mph>50.0</speed_mph>
        </extensions>
      </trkpt>
      <trkpt lat="52.10578" lon="1.31167">
        <ele>0</ele>
        <time>2026-06-26T08:12:18.130Z</time>
        <name>488</name>
        <extensions>
          <speed_mps>22.352</speed_mps>
          <speed_mph>50.0</speed_mph>
        </extensions>
      </trkpt>
      <trkpt lat="52.10572" lon="1.31118">
        <ele>0</ele>
        <time>2026-06-26T08:12:19.655Z</time>
        <name>489</name>
        <extensions>
          <speed_mps>22.352</speed_mps>
          <speed_mph>50.0</speed_mph>
        </extensions>
      </trkpt>
      <trkpt lat="52.10570" lon="1.31069">
        <ele>0</ele>
        <time>2026-06-26T08:12:21.178Z</time>
        <name>490</name>
        <extensions>
          <speed_mps>22.352</speed_mps>
          <speed_mph>50.0</speed_mph>
        </extensions>
      </trkpt>
      <trkpt lat="52.10571" lon="1.31019">
        <ele>0</ele>
        <time>2026-06-26T08:12:22.691Z</time>
        <name>491</name>
        <extensions>
          <speed_mps>22.352</speed_mps>
          <speed_mph>50.0</speed_mph>
        </extensions>
      </trkpt>
      <trkpt lat="52.10563" lon="1.30972">
        <ele>0</ele>
        <time>2026-06-26T08:12:24.196Z</time>
        <name>492</name>
        <extensions>
          <speed_mps>22.352</speed_mps>
          <speed_mph>50.0</speed_mph>
        </extensions>
      </trkpt>
      <trkpt lat="52.10581" lon="1.30935">
        <ele>0</ele>
        <time>2026-06-26T08:12:25.639Z</time>
        <name>493</name>
        <extensions>
          <speed_mps>22.352</speed_mps>
          <speed_mph>50.0</speed_mph>
        </extensions>
      </trkpt>
      <trkpt lat="52.10609" lon="1.30947">
        <ele>0</ele>
        <time>2026-06-26T08:12:27.080Z</time>
        <name>494</name>
        <extensions>
          <speed_mps>22.352</speed_mps>
          <speed_mph>50.0</speed_mph>
        </extensions>
      </trkpt>
      <trkpt lat="52.10628" lon="1.30986">
        <ele>0</ele>
        <time>2026-06-26T08:12:28.605Z</time>
        <name>495</name>
        <extensions>
          <speed_mps>22.352</speed_mps>
          <speed_mph>50.0</speed_mph>
        </extensions>
      </trkpt>
      <trkpt lat="52.10650" lon="1.31021">
        <ele>0</ele>
        <time>2026-06-26T08:12:30.124Z</time>
        <name>496</name>
        <extensions>
          <speed_mps>22.352</speed_mps>
          <speed_mph>50.0</speed_mph>
        </extensions>
      </trkpt>
      <trkpt lat="52.10676" lon="1.31046">
        <ele>0</ele>
        <time>2026-06-26T08:12:31.645Z</time>
        <name>497</name>
        <extensions>
          <speed_mps>22.352</speed_mps>
          <speed_mph>50.0</speed_mph>
        </extensions>
      </trkpt>
      <trkpt lat="52.10703" lon="1.31071">
        <ele>0</ele>
        <time>2026-06-26T08:12:33.153Z</time>
        <name>498</name>
        <extensions>
          <speed_mps>22.352</speed_mps>
          <speed_mph>50.0</speed_mph>
        </extensions>
      </trkpt>
      <trkpt lat="52.10732" lon="1.31086">
        <ele>0</ele>
        <time>2026-06-26T08:12:34.678Z</time>
        <name>499</name>
        <extensions>
          <speed_mps>22.352</speed_mps>
          <speed_mph>50.0</speed_mph>
        </extensions>
      </trkpt>
      <trkpt lat="52.10762" lon="1.31098">
        <ele>0</ele>
        <time>2026-06-26T08:12:36.203Z</time>
        <name>500</name>
        <extensions>
          <speed_mps>22.352</speed_mps>
          <speed_mph>50.0</speed_mph>
        </extensions>
      </trkpt>
      <trkpt lat="52.10791" lon="1.31110">
        <ele>0</ele>
        <time>2026-06-26T08:12:37.728Z</time>
        <name>501</name>
        <extensions>
          <speed_mps>22.352</speed_mps>
          <speed_mph>50.0</speed_mph>
        </extensions>
      </trkpt>
      <trkpt lat="52.10822" lon="1.31119">
        <ele>0</ele>
        <time>2026-06-26T08:12:39.253Z</time>
        <name>502</name>
        <extensions>
          <speed_mps>22.352</speed_mps>
          <speed_mph>50.0</speed_mph>
        </extensions>
      </trkpt>
      <trkpt lat="52.10852" lon="1.31128">
        <ele>0</ele>
        <time>2026-06-26T08:12:40.779Z</time>
        <name>503</name>
        <extensions>
          <speed_mps>22.352</speed_mps>
          <speed_mph>50.0</speed_mph>
        </extensions>
      </trkpt>
      <trkpt lat="52.10882" lon="1.31137">
        <ele>0</ele>
        <time>2026-06-26T08:12:42.304Z</time>
        <name>504</name>
        <extensions>
          <speed_mps>22.352</speed_mps>
          <speed_mph>50.0</speed_mph>
        </extensions>
      </trkpt>
      <trkpt lat="52.10912" lon="1.31147">
        <ele>0</ele>
        <time>2026-06-26T08:12:43.829Z</time>
        <name>505</name>
        <extensions>
          <speed_mps>22.352</speed_mps>
          <speed_mph>50.0</speed_mph>
        </extensions>
      </trkpt>
      <trkpt lat="52.10942" lon="1.31156">
        <ele>0</ele>
        <time>2026-06-26T08:12:45.355Z</time>
        <name>506</name>
        <extensions>
          <speed_mps>22.352</speed_mps>
          <speed_mph>50.0</speed_mph>
        </extensions>
      </trkpt>
      <trkpt lat="52.10972" lon="1.31165">
        <ele>0</ele>
        <time>2026-06-26T08:12:46.880Z</time>
        <name>507</name>
        <extensions>
          <speed_mps>22.352</speed_mps>
          <speed_mph>50.0</speed_mph>
        </extensions>
      </trkpt>
      <trkpt lat="52.11002" lon="1.31174">
        <ele>0</ele>
        <time>2026-06-26T08:12:48.405Z</time>
        <name>508</name>
        <extensions>
          <speed_mps>22.352</speed_mps>
          <speed_mph>50.0</speed_mph>
        </extensions>
      </trkpt>
      <trkpt lat="52.11033" lon="1.31182">
        <ele>0</ele>
        <time>2026-06-26T08:12:49.931Z</time>
        <name>509</name>
        <extensions>
          <speed_mps>22.352</speed_mps>
          <speed_mph>50.0</speed_mph>
        </extensions>
      </trkpt>
      <trkpt lat="52.11063" lon="1.31191">
        <ele>0</ele>
        <time>2026-06-26T08:12:51.456Z</time>
        <name>510</name>
        <extensions>
          <speed_mps>22.352</speed_mps>
          <speed_mph>50.0</speed_mph>
        </extensions>
      </trkpt>
      <trkpt lat="52.11093" lon="1.31200">
        <ele>0</ele>
        <time>2026-06-26T08:12:52.981Z</time>
        <name>511</name>
        <extensions>
          <speed_mps>22.352</speed_mps>
          <speed_mph>50.0</speed_mph>
        </extensions>
      </trkpt>
      <trkpt lat="52.11123" lon="1.31208">
        <ele>0</ele>
        <time>2026-06-26T08:12:54.507Z</time>
        <name>512</name>
        <extensions>
          <speed_mps>22.352</speed_mps>
          <speed_mph>50.0</speed_mph>
        </extensions>
      </trkpt>
      <trkpt lat="52.11153" lon="1.31217">
        <ele>0</ele>
        <time>2026-06-26T08:12:56.032Z</time>
        <name>513</name>
        <extensions>
          <speed_mps>22.352</speed_mps>
          <speed_mph>50.0</speed_mph>
        </extensions>
      </trkpt>
      <trkpt lat="52.11184" lon="1.31226">
        <ele>0</ele>
        <time>2026-06-26T08:12:57.557Z</time>
        <name>514</name>
        <extensions>
          <speed_mps>22.352</speed_mps>
          <speed_mph>50.0</speed_mph>
        </extensions>
      </trkpt>
      <trkpt lat="52.11214" lon="1.31235">
        <ele>0</ele>
        <time>2026-06-26T08:12:59.083Z</time>
        <name>515</name>
        <extensions>
          <speed_mps>22.352</speed_mps>
          <speed_mph>50.0</speed_mph>
        </extensions>
      </trkpt>
      <trkpt lat="52.11244" lon="1.31243">
        <ele>0</ele>
        <time>2026-06-26T08:13:00.608Z</time>
        <name>516</name>
        <extensions>
          <speed_mps>22.352</speed_mps>
          <speed_mph>50.0</speed_mph>
        </extensions>
      </trkpt>
      <trkpt lat="52.11274" lon="1.31252">
        <ele>0</ele>
        <time>2026-06-26T08:13:02.133Z</time>
        <name>517</name>
        <extensions>
          <speed_mps>22.352</speed_mps>
          <speed_mph>50.0</speed_mph>
        </extensions>
      </trkpt>
      <trkpt lat="52.11304" lon="1.31262">
        <ele>0</ele>
        <time>2026-06-26T08:13:03.659Z</time>
        <name>518</name>
        <extensions>
          <speed_mps>22.352</speed_mps>
          <speed_mph>50.0</speed_mph>
        </extensions>
      </trkpt>
      <trkpt lat="52.11334" lon="1.31271">
        <ele>0</ele>
        <time>2026-06-26T08:13:05.184Z</time>
        <name>519</name>
        <extensions>
          <speed_mps>22.352</speed_mps>
          <speed_mph>50.0</speed_mph>
        </extensions>
      </trkpt>
      <trkpt lat="52.11364" lon="1.31280">
        <ele>0</ele>
        <time>2026-06-26T08:13:06.709Z</time>
        <name>520</name>
        <extensions>
          <speed_mps>22.352</speed_mps>
          <speed_mph>50.0</speed_mph>
        </extensions>
      </trkpt>
      <trkpt lat="52.11395" lon="1.31289">
        <ele>0</ele>
        <time>2026-06-26T08:13:08.235Z</time>
        <name>521</name>
        <extensions>
          <speed_mps>22.352</speed_mps>
          <speed_mph>50.0</speed_mph>
        </extensions>
      </trkpt>
      <trkpt lat="52.11425" lon="1.31298">
        <ele>0</ele>
        <time>2026-06-26T08:13:09.760Z</time>
        <name>522</name>
        <extensions>
          <speed_mps>22.352</speed_mps>
          <speed_mph>50.0</speed_mph>
        </extensions>
      </trkpt>
      <trkpt lat="52.11455" lon="1.31309">
        <ele>0</ele>
        <time>2026-06-26T08:13:11.285Z</time>
        <name>523</name>
        <extensions>
          <speed_mps>22.352</speed_mps>
          <speed_mph>50.0</speed_mph>
        </extensions>
      </trkpt>
      <trkpt lat="52.11485" lon="1.31321">
        <ele>0</ele>
        <time>2026-06-26T08:13:12.810Z</time>
        <name>524</name>
        <extensions>
          <speed_mps>22.352</speed_mps>
          <speed_mph>50.0</speed_mph>
        </extensions>
      </trkpt>
      <trkpt lat="52.11514" lon="1.31335">
        <ele>0</ele>
        <time>2026-06-26T08:13:14.335Z</time>
        <name>525</name>
        <extensions>
          <speed_mps>22.352</speed_mps>
          <speed_mph>50.0</speed_mph>
        </extensions>
      </trkpt>
      <trkpt lat="52.11543" lon="1.31349">
        <ele>0</ele>
        <time>2026-06-26T08:13:15.861Z</time>
        <name>526</name>
        <extensions>
          <speed_mps>22.352</speed_mps>
          <speed_mph>50.0</speed_mph>
        </extensions>
      </trkpt>
      <trkpt lat="52.11572" lon="1.31365">
        <ele>0</ele>
        <time>2026-06-26T08:13:17.384Z</time>
        <name>527</name>
        <extensions>
          <speed_mps>22.352</speed_mps>
          <speed_mph>50.0</speed_mph>
        </extensions>
      </trkpt>
      <trkpt lat="52.11600" lon="1.31387">
        <ele>0</ele>
        <time>2026-06-26T08:13:18.909Z</time>
        <name>528</name>
        <extensions>
          <speed_mps>22.352</speed_mps>
          <speed_mph>50.0</speed_mph>
        </extensions>
      </trkpt>
      <trkpt lat="52.11627" lon="1.31409">
        <ele>0</ele>
        <time>2026-06-26T08:13:20.435Z</time>
        <name>529</name>
        <extensions>
          <speed_mps>22.352</speed_mps>
          <speed_mph>50.0</speed_mph>
        </extensions>
      </trkpt>
      <trkpt lat="52.11655" lon="1.31432">
        <ele>0</ele>
        <time>2026-06-26T08:13:21.959Z</time>
        <name>530</name>
        <extensions>
          <speed_mps>22.352</speed_mps>
          <speed_mph>50.0</speed_mph>
        </extensions>
      </trkpt>
      <trkpt lat="52.11681" lon="1.31458">
        <ele>0</ele>
        <time>2026-06-26T08:13:23.485Z</time>
        <name>531</name>
        <extensions>
          <speed_mps>22.352</speed_mps>
          <speed_mph>50.0</speed_mph>
        </extensions>
      </trkpt>
      <trkpt lat="52.11707" lon="1.31485">
        <ele>0</ele>
        <time>2026-06-26T08:13:25.010Z</time>
        <name>532</name>
        <extensions>
          <speed_mps>22.352</speed_mps>
          <speed_mph>50.0</speed_mph>
        </extensions>
      </trkpt>
      <trkpt lat="52.11732" lon="1.31513">
        <ele>0</ele>
        <time>2026-06-26T08:13:26.535Z</time>
        <name>533</name>
        <extensions>
          <speed_mps>22.352</speed_mps>
          <speed_mph>50.0</speed_mph>
        </extensions>
      </trkpt>
      <trkpt lat="52.11756" lon="1.31544">
        <ele>0</ele>
        <time>2026-06-26T08:13:28.058Z</time>
        <name>534</name>
        <extensions>
          <speed_mps>22.352</speed_mps>
          <speed_mph>50.0</speed_mph>
        </extensions>
      </trkpt>
      <trkpt lat="52.11779" lon="1.31577">
        <ele>0</ele>
        <time>2026-06-26T08:13:29.583Z</time>
        <name>535</name>
        <extensions>
          <speed_mps>22.352</speed_mps>
          <speed_mph>50.0</speed_mph>
        </extensions>
      </trkpt>
      <trkpt lat="52.11802" lon="1.31610">
        <ele>0</ele>
        <time>2026-06-26T08:13:31.108Z</time>
        <name>536</name>
        <extensions>
          <speed_mps>22.352</speed_mps>
          <speed_mph>50.0</speed_mph>
        </extensions>
      </trkpt>
      <trkpt lat="52.11825" lon="1.31642">
        <ele>0</ele>
        <time>2026-06-26T08:13:32.634Z</time>
        <name>537</name>
        <extensions>
          <speed_mps>22.352</speed_mps>
          <speed_mph>50.0</speed_mph>
        </extensions>
      </trkpt>
      <trkpt lat="52.11848" lon="1.31675">
        <ele>0</ele>
        <time>2026-06-26T08:13:34.159Z</time>
        <name>538</name>
        <extensions>
          <speed_mps>22.352</speed_mps>
          <speed_mph>50.0</speed_mph>
        </extensions>
      </trkpt>
      <trkpt lat="52.11871" lon="1.31708">
        <ele>0</ele>
        <time>2026-06-26T08:13:35.684Z</time>
        <name>539</name>
        <extensions>
          <speed_mps>22.352</speed_mps>
          <speed_mph>50.0</speed_mph>
        </extensions>
      </trkpt>
      <trkpt lat="52.11894" lon="1.31742">
        <ele>0</ele>
        <time>2026-06-26T08:13:37.209Z</time>
        <name>540</name>
        <extensions>
          <speed_mps>22.352</speed_mps>
          <speed_mph>50.0</speed_mph>
        </extensions>
      </trkpt>
      <trkpt lat="52.11916" lon="1.31777">
        <ele>0</ele>
        <time>2026-06-26T08:13:38.735Z</time>
        <name>541</name>
        <extensions>
          <speed_mps>22.352</speed_mps>
          <speed_mph>50.0</speed_mph>
        </extensions>
      </trkpt>
      <trkpt lat="52.11938" lon="1.31812">
        <ele>0</ele>
        <time>2026-06-26T08:13:40.260Z</time>
        <name>542</name>
        <extensions>
          <speed_mps>22.352</speed_mps>
          <speed_mph>50.0</speed_mph>
        </extensions>
      </trkpt>
      <trkpt lat="52.11960" lon="1.31847">
        <ele>0</ele>
        <time>2026-06-26T08:13:41.785Z</time>
        <name>543</name>
        <extensions>
          <speed_mps>22.352</speed_mps>
          <speed_mph>50.0</speed_mph>
        </extensions>
      </trkpt>
      <trkpt lat="52.11982" lon="1.31881">
        <ele>0</ele>
        <time>2026-06-26T08:13:43.311Z</time>
        <name>544</name>
        <extensions>
          <speed_mps>22.352</speed_mps>
          <speed_mph>50.0</speed_mph>
        </extensions>
      </trkpt>
      <trkpt lat="52.12004" lon="1.31916">
        <ele>0</ele>
        <time>2026-06-26T08:13:44.836Z</time>
        <name>545</name>
        <extensions>
          <speed_mps>22.352</speed_mps>
          <speed_mph>50.0</speed_mph>
        </extensions>
      </trkpt>
      <trkpt lat="52.12026" lon="1.31951">
        <ele>0</ele>
        <time>2026-06-26T08:13:46.361Z</time>
        <name>546</name>
        <extensions>
          <speed_mps>22.352</speed_mps>
          <speed_mph>50.0</speed_mph>
        </extensions>
      </trkpt>
      <trkpt lat="52.12048" lon="1.31986">
        <ele>0</ele>
        <time>2026-06-26T08:13:47.887Z</time>
        <name>547</name>
        <extensions>
          <speed_mps>22.352</speed_mps>
          <speed_mph>50.0</speed_mph>
        </extensions>
      </trkpt>
      <trkpt lat="52.12070" lon="1.32021">
        <ele>0</ele>
        <time>2026-06-26T08:13:49.412Z</time>
        <name>548</name>
        <extensions>
          <speed_mps>22.352</speed_mps>
          <speed_mph>50.0</speed_mph>
        </extensions>
      </trkpt>
      <trkpt lat="52.12089" lon="1.32060">
        <ele>0</ele>
        <time>2026-06-26T08:13:50.935Z</time>
        <name>549</name>
        <extensions>
          <speed_mps>22.352</speed_mps>
          <speed_mph>50.0</speed_mph>
        </extensions>
      </trkpt>
      <trkpt lat="52.12107" lon="1.32100">
        <ele>0</ele>
        <time>2026-06-26T08:13:52.460Z</time>
        <name>550</name>
        <extensions>
          <speed_mps>22.352</speed_mps>
          <speed_mph>50.0</speed_mph>
        </extensions>
      </trkpt>
      <trkpt lat="52.12125" lon="1.32140">
        <ele>0</ele>
        <time>2026-06-26T08:13:53.986Z</time>
        <name>551</name>
        <extensions>
          <speed_mps>22.352</speed_mps>
          <speed_mph>50.0</speed_mph>
        </extensions>
      </trkpt>
      <trkpt lat="52.12142" lon="1.32181">
        <ele>0</ele>
        <time>2026-06-26T08:13:55.507Z</time>
        <name>552</name>
        <extensions>
          <speed_mps>22.352</speed_mps>
          <speed_mph>50.0</speed_mph>
        </extensions>
      </trkpt>
      <trkpt lat="52.12157" lon="1.32225">
        <ele>0</ele>
        <time>2026-06-26T08:13:57.033Z</time>
        <name>553</name>
        <extensions>
          <speed_mps>22.352</speed_mps>
          <speed_mph>50.0</speed_mph>
        </extensions>
      </trkpt>
      <trkpt lat="52.12171" lon="1.32269">
        <ele>0</ele>
        <time>2026-06-26T08:13:58.558Z</time>
        <name>554</name>
        <extensions>
          <speed_mps>22.352</speed_mps>
          <speed_mph>50.0</speed_mph>
        </extensions>
      </trkpt>
      <trkpt lat="52.12186" lon="1.32313">
        <ele>0</ele>
        <time>2026-06-26T08:14:00.083Z</time>
        <name>555</name>
        <extensions>
          <speed_mps>22.352</speed_mps>
          <speed_mph>50.0</speed_mph>
        </extensions>
      </trkpt>
      <trkpt lat="52.12197" lon="1.32360">
        <ele>0</ele>
        <time>2026-06-26T08:14:01.608Z</time>
        <name>556</name>
        <extensions>
          <speed_mps>22.352</speed_mps>
          <speed_mph>50.0</speed_mph>
        </extensions>
      </trkpt>
      <trkpt lat="52.12207" lon="1.32407">
        <ele>0</ele>
        <time>2026-06-26T08:14:03.134Z</time>
        <name>557</name>
        <extensions>
          <speed_mps>22.352</speed_mps>
          <speed_mph>50.0</speed_mph>
        </extensions>
      </trkpt>
      <trkpt lat="52.12217" lon="1.32454">
        <ele>0</ele>
        <time>2026-06-26T08:14:04.659Z</time>
        <name>558</name>
        <extensions>
          <speed_mps>22.352</speed_mps>
          <speed_mph>50.0</speed_mph>
        </extensions>
      </trkpt>
      <trkpt lat="52.12226" lon="1.32502">
        <ele>0</ele>
        <time>2026-06-26T08:14:06.183Z</time>
        <name>559</name>
        <extensions>
          <speed_mps>22.352</speed_mps>
          <speed_mph>50.0</speed_mph>
        </extensions>
      </trkpt>
      <trkpt lat="52.12234" lon="1.32550">
        <ele>0</ele>
        <time>2026-06-26T08:14:07.709Z</time>
        <name>560</name>
        <extensions>
          <speed_mps>22.352</speed_mps>
          <speed_mph>50.0</speed_mph>
        </extensions>
      </trkpt>
      <trkpt lat="52.12240" lon="1.32599">
        <ele>0</ele>
        <time>2026-06-26T08:14:09.234Z</time>
        <name>561</name>
        <extensions>
          <speed_mps>22.352</speed_mps>
          <speed_mph>50.0</speed_mph>
        </extensions>
      </trkpt>
      <trkpt lat="52.12246" lon="1.32648">
        <ele>0</ele>
        <time>2026-06-26T08:14:10.759Z</time>
        <name>562</name>
        <extensions>
          <speed_mps>22.352</speed_mps>
          <speed_mph>50.0</speed_mph>
        </extensions>
      </trkpt>
      <trkpt lat="52.12250" lon="1.32698">
        <ele>0</ele>
        <time>2026-06-26T08:14:12.284Z</time>
        <name>563</name>
        <extensions>
          <speed_mps>22.352</speed_mps>
          <speed_mph>50.0</speed_mph>
        </extensions>
      </trkpt>
      <trkpt lat="52.12254" lon="1.32747">
        <ele>0</ele>
        <time>2026-06-26T08:14:13.809Z</time>
        <name>564</name>
        <extensions>
          <speed_mps>22.352</speed_mps>
          <speed_mph>50.0</speed_mph>
        </extensions>
      </trkpt>
      <trkpt lat="52.12258" lon="1.32797">
        <ele>0</ele>
        <time>2026-06-26T08:14:15.335Z</time>
        <name>565</name>
        <extensions>
          <speed_mps>22.352</speed_mps>
          <speed_mph>50.0</speed_mph>
        </extensions>
      </trkpt>
      <trkpt lat="52.12262" lon="1.32846">
        <ele>0</ele>
        <time>2026-06-26T08:14:16.860Z</time>
        <name>566</name>
        <extensions>
          <speed_mps>22.352</speed_mps>
          <speed_mph>50.0</speed_mph>
        </extensions>
      </trkpt>
      <trkpt lat="52.12264" lon="1.32896">
        <ele>0</ele>
        <time>2026-06-26T08:14:18.385Z</time>
        <name>567</name>
        <extensions>
          <speed_mps>22.352</speed_mps>
          <speed_mph>50.0</speed_mph>
        </extensions>
      </trkpt>
      <trkpt lat="52.12268" lon="1.32946">
        <ele>0</ele>
        <time>2026-06-26T08:14:19.911Z</time>
        <name>568</name>
        <extensions>
          <speed_mps>22.352</speed_mps>
          <speed_mph>50.0</speed_mph>
        </extensions>
      </trkpt>
      <trkpt lat="52.12277" lon="1.32993">
        <ele>0</ele>
        <time>2026-06-26T08:14:21.422Z</time>
        <name>569</name>
        <extensions>
          <speed_mps>22.352</speed_mps>
          <speed_mph>50.0</speed_mph>
        </extensions>
      </trkpt>
      <trkpt lat="52.12283" lon="1.33042">
        <ele>0</ele>
        <time>2026-06-26T08:14:22.947Z</time>
        <name>570</name>
        <extensions>
          <speed_mps>22.352</speed_mps>
          <speed_mph>50.0</speed_mph>
        </extensions>
      </trkpt>
      <trkpt lat="52.12289" lon="1.33091">
        <ele>0</ele>
        <time>2026-06-26T08:14:24.473Z</time>
        <name>571</name>
        <extensions>
          <speed_mps>22.352</speed_mps>
          <speed_mph>50.0</speed_mph>
        </extensions>
      </trkpt>
      <trkpt lat="52.12296" lon="1.33139">
        <ele>0</ele>
        <time>2026-06-26T08:14:25.998Z</time>
        <name>572</name>
        <extensions>
          <speed_mps>22.352</speed_mps>
          <speed_mph>50.0</speed_mph>
        </extensions>
      </trkpt>
      <trkpt lat="52.12303" lon="1.33188">
        <ele>0</ele>
        <time>2026-06-26T08:14:27.523Z</time>
        <name>573</name>
        <extensions>
          <speed_mps>22.352</speed_mps>
          <speed_mph>50.0</speed_mph>
        </extensions>
      </trkpt>
      <trkpt lat="52.12312" lon="1.33236">
        <ele>0</ele>
        <time>2026-06-26T08:14:29.048Z</time>
        <name>574</name>
        <extensions>
          <speed_mps>22.352</speed_mps>
          <speed_mph>50.0</speed_mph>
        </extensions>
      </trkpt>
      <trkpt lat="52.12320" lon="1.33284">
        <ele>0</ele>
        <time>2026-06-26T08:14:30.573Z</time>
        <name>575</name>
        <extensions>
          <speed_mps>22.352</speed_mps>
          <speed_mph>50.0</speed_mph>
        </extensions>
      </trkpt>
      <trkpt lat="52.12330" lon="1.33331">
        <ele>0</ele>
        <time>2026-06-26T08:14:32.098Z</time>
        <name>576</name>
        <extensions>
          <speed_mps>22.352</speed_mps>
          <speed_mph>50.0</speed_mph>
        </extensions>
      </trkpt>
      <trkpt lat="52.12341" lon="1.33378">
        <ele>0</ele>
        <time>2026-06-26T08:14:33.624Z</time>
        <name>577</name>
        <extensions>
          <speed_mps>22.352</speed_mps>
          <speed_mph>50.0</speed_mph>
        </extensions>
      </trkpt>
      <trkpt lat="52.12352" lon="1.33425">
        <ele>0</ele>
        <time>2026-06-26T08:14:35.149Z</time>
        <name>578</name>
        <extensions>
          <speed_mps>22.352</speed_mps>
          <speed_mph>50.0</speed_mph>
        </extensions>
      </trkpt>
      <trkpt lat="52.12363" lon="1.33471">
        <ele>0</ele>
        <time>2026-06-26T08:14:36.674Z</time>
        <name>579</name>
        <extensions>
          <speed_mps>22.352</speed_mps>
          <speed_mph>50.0</speed_mph>
        </extensions>
      </trkpt>
      <trkpt lat="52.12376" lon="1.33516">
        <ele>0</ele>
        <time>2026-06-26T08:14:38.199Z</time>
        <name>580</name>
        <extensions>
          <speed_mps>22.352</speed_mps>
          <speed_mph>50.0</speed_mph>
        </extensions>
      </trkpt>
      <trkpt lat="52.12389" lon="1.33561">
        <ele>0</ele>
        <time>2026-06-26T08:14:39.724Z</time>
        <name>581</name>
        <extensions>
          <speed_mps>22.352</speed_mps>
          <speed_mph>50.0</speed_mph>
        </extensions>
      </trkpt>
      <trkpt lat="52.12403" lon="1.33605">
        <ele>0</ele>
        <time>2026-06-26T08:14:41.250Z</time>
        <name>582</name>
        <extensions>
          <speed_mps>22.352</speed_mps>
          <speed_mph>50.0</speed_mph>
        </extensions>
      </trkpt>
      <trkpt lat="52.12418" lon="1.33649">
        <ele>0</ele>
        <time>2026-06-26T08:14:42.775Z</time>
        <name>583</name>
        <extensions>
          <speed_mps>22.352</speed_mps>
          <speed_mph>50.0</speed_mph>
        </extensions>
      </trkpt>
      <trkpt lat="52.12433" lon="1.33693">
        <ele>0</ele>
        <time>2026-06-26T08:14:44.300Z</time>
        <name>584</name>
        <extensions>
          <speed_mps>22.352</speed_mps>
          <speed_mph>50.0</speed_mph>
        </extensions>
      </trkpt>
      <trkpt lat="52.12449" lon="1.33736">
        <ele>0</ele>
        <time>2026-06-26T08:14:45.825Z</time>
        <name>585</name>
        <extensions>
          <speed_mps>22.352</speed_mps>
          <speed_mph>50.0</speed_mph>
        </extensions>
      </trkpt>
      <trkpt lat="52.12465" lon="1.33778">
        <ele>0</ele>
        <time>2026-06-26T08:14:47.351Z</time>
        <name>586</name>
        <extensions>
          <speed_mps>22.352</speed_mps>
          <speed_mph>50.0</speed_mph>
        </extensions>
      </trkpt>
      <trkpt lat="52.12483" lon="1.33819">
        <ele>0</ele>
        <time>2026-06-26T08:14:48.876Z</time>
        <name>587</name>
        <extensions>
          <speed_mps>22.352</speed_mps>
          <speed_mph>50.0</speed_mph>
        </extensions>
      </trkpt>
      <trkpt lat="52.12500" lon="1.33860">
        <ele>0</ele>
        <time>2026-06-26T08:14:50.401Z</time>
        <name>588</name>
        <extensions>
          <speed_mps>22.352</speed_mps>
          <speed_mph>50.0</speed_mph>
        </extensions>
      </trkpt>
      <trkpt lat="52.12518" lon="1.33900">
        <ele>0</ele>
        <time>2026-06-26T08:14:51.926Z</time>
        <name>589</name>
        <extensions>
          <speed_mps>22.352</speed_mps>
          <speed_mph>50.0</speed_mph>
        </extensions>
      </trkpt>
      <trkpt lat="52.12537" lon="1.33939">
        <ele>0</ele>
        <time>2026-06-26T08:14:53.452Z</time>
        <name>590</name>
        <extensions>
          <speed_mps>22.352</speed_mps>
          <speed_mph>50.0</speed_mph>
        </extensions>
      </trkpt>
      <trkpt lat="52.12556" lon="1.33978">
        <ele>0</ele>
        <time>2026-06-26T08:14:54.976Z</time>
        <name>591</name>
        <extensions>
          <speed_mps>22.352</speed_mps>
          <speed_mph>50.0</speed_mph>
        </extensions>
      </trkpt>
      <trkpt lat="52.12577" lon="1.34016">
        <ele>0</ele>
        <time>2026-06-26T08:14:56.502Z</time>
        <name>592</name>
        <extensions>
          <speed_mps>22.352</speed_mps>
          <speed_mph>50.0</speed_mph>
        </extensions>
      </trkpt>
      <trkpt lat="52.12597" lon="1.34053">
        <ele>0</ele>
        <time>2026-06-26T08:14:58.027Z</time>
        <name>593</name>
        <extensions>
          <speed_mps>22.352</speed_mps>
          <speed_mph>50.0</speed_mph>
        </extensions>
      </trkpt>
      <trkpt lat="52.12617" lon="1.34091">
        <ele>0</ele>
        <time>2026-06-26T08:14:59.552Z</time>
        <name>594</name>
        <extensions>
          <speed_mps>22.352</speed_mps>
          <speed_mph>50.0</speed_mph>
        </extensions>
      </trkpt>
      <trkpt lat="52.12638" lon="1.34128">
        <ele>0</ele>
        <time>2026-06-26T08:15:01.078Z</time>
        <name>595</name>
        <extensions>
          <speed_mps>22.352</speed_mps>
          <speed_mph>50.0</speed_mph>
        </extensions>
      </trkpt>
      <trkpt lat="52.12658" lon="1.34165">
        <ele>0</ele>
        <time>2026-06-26T08:15:02.602Z</time>
        <name>596</name>
        <extensions>
          <speed_mps>22.352</speed_mps>
          <speed_mph>50.0</speed_mph>
        </extensions>
      </trkpt>
      <trkpt lat="52.12680" lon="1.34200">
        <ele>0</ele>
        <time>2026-06-26T08:15:04.128Z</time>
        <name>597</name>
        <extensions>
          <speed_mps>22.352</speed_mps>
          <speed_mph>50.0</speed_mph>
        </extensions>
      </trkpt>
      <trkpt lat="52.12702" lon="1.34234">
        <ele>0</ele>
        <time>2026-06-26T08:15:05.653Z</time>
        <name>598</name>
        <extensions>
          <speed_mps>22.352</speed_mps>
          <speed_mph>50.0</speed_mph>
        </extensions>
      </trkpt>
      <trkpt lat="52.12725" lon="1.34269">
        <ele>0</ele>
        <time>2026-06-26T08:15:07.178Z</time>
        <name>599</name>
        <extensions>
          <speed_mps>22.352</speed_mps>
          <speed_mph>50.0</speed_mph>
        </extensions>
      </trkpt>
      <trkpt lat="52.12747" lon="1.34303">
        <ele>0</ele>
        <time>2026-06-26T08:15:08.704Z</time>
        <name>600</name>
        <extensions>
          <speed_mps>22.352</speed_mps>
          <speed_mph>50.0</speed_mph>
        </extensions>
      </trkpt>
      <trkpt lat="52.12769" lon="1.34338">
        <ele>0</ele>
        <time>2026-06-26T08:15:10.229Z</time>
        <name>601</name>
        <extensions>
          <speed_mps>22.352</speed_mps>
          <speed_mph>50.0</speed_mph>
        </extensions>
      </trkpt>
      <trkpt lat="52.12793" lon="1.34369">
        <ele>0</ele>
        <time>2026-06-26T08:15:11.754Z</time>
        <name>602</name>
        <extensions>
          <speed_mps>22.352</speed_mps>
          <speed_mph>50.0</speed_mph>
        </extensions>
      </trkpt>
      <trkpt lat="52.12817" lon="1.34400">
        <ele>0</ele>
        <time>2026-06-26T08:15:13.280Z</time>
        <name>603</name>
        <extensions>
          <speed_mps>22.352</speed_mps>
          <speed_mph>50.0</speed_mph>
        </extensions>
      </trkpt>
      <trkpt lat="52.12841" lon="1.34432">
        <ele>0</ele>
        <time>2026-06-26T08:15:14.805Z</time>
        <name>604</name>
        <extensions>
          <speed_mps>22.352</speed_mps>
          <speed_mph>50.0</speed_mph>
        </extensions>
      </trkpt>
      <trkpt lat="52.12865" lon="1.34463">
        <ele>0</ele>
        <time>2026-06-26T08:15:16.330Z</time>
        <name>605</name>
        <extensions>
          <speed_mps>22.352</speed_mps>
          <speed_mph>50.0</speed_mph>
        </extensions>
      </trkpt>
      <trkpt lat="52.12889" lon="1.34493">
        <ele>0</ele>
        <time>2026-06-26T08:15:17.855Z</time>
        <name>606</name>
        <extensions>
          <speed_mps>22.352</speed_mps>
          <speed_mph>50.0</speed_mph>
        </extensions>
      </trkpt>
      <trkpt lat="52.12914" lon="1.34522">
        <ele>0</ele>
        <time>2026-06-26T08:15:19.380Z</time>
        <name>607</name>
        <extensions>
          <speed_mps>22.352</speed_mps>
          <speed_mph>50.0</speed_mph>
        </extensions>
      </trkpt>
      <trkpt lat="52.12939" lon="1.34550">
        <ele>0</ele>
        <time>2026-06-26T08:15:20.906Z</time>
        <name>608</name>
        <extensions>
          <speed_mps>22.352</speed_mps>
          <speed_mph>50.0</speed_mph>
        </extensions>
      </trkpt>
      <trkpt lat="52.12964" lon="1.34579">
        <ele>0</ele>
        <time>2026-06-26T08:15:22.431Z</time>
        <name>609</name>
        <extensions>
          <speed_mps>22.352</speed_mps>
          <speed_mph>50.0</speed_mph>
        </extensions>
      </trkpt>
      <trkpt lat="52.12990" lon="1.34607">
        <ele>0</ele>
        <time>2026-06-26T08:15:23.956Z</time>
        <name>610</name>
        <extensions>
          <speed_mps>22.352</speed_mps>
          <speed_mph>50.0</speed_mph>
        </extensions>
      </trkpt>
      <trkpt lat="52.13016" lon="1.34633">
        <ele>0</ele>
        <time>2026-06-26T08:15:25.481Z</time>
        <name>611</name>
        <extensions>
          <speed_mps>22.352</speed_mps>
          <speed_mph>50.0</speed_mph>
        </extensions>
      </trkpt>
      <trkpt lat="52.13042" lon="1.34659">
        <ele>0</ele>
        <time>2026-06-26T08:15:27.007Z</time>
        <name>612</name>
        <extensions>
          <speed_mps>22.352</speed_mps>
          <speed_mph>50.0</speed_mph>
        </extensions>
      </trkpt>
      <trkpt lat="52.13068" lon="1.34686">
        <ele>0</ele>
        <time>2026-06-26T08:15:28.532Z</time>
        <name>613</name>
        <extensions>
          <speed_mps>22.352</speed_mps>
          <speed_mph>50.0</speed_mph>
        </extensions>
      </trkpt>
      <trkpt lat="52.13094" lon="1.34713">
        <ele>0</ele>
        <time>2026-06-26T08:15:30.057Z</time>
        <name>614</name>
        <extensions>
          <speed_mps>22.352</speed_mps>
          <speed_mph>50.0</speed_mph>
        </extensions>
      </trkpt>
      <trkpt lat="52.13119" lon="1.34741">
        <ele>0</ele>
        <time>2026-06-26T08:15:31.582Z</time>
        <name>615</name>
        <extensions>
          <speed_mps>22.352</speed_mps>
          <speed_mph>50.0</speed_mph>
        </extensions>
      </trkpt>
      <trkpt lat="52.13144" lon="1.34770">
        <ele>0</ele>
        <time>2026-06-26T08:15:33.108Z</time>
        <name>616</name>
        <extensions>
          <speed_mps>22.352</speed_mps>
          <speed_mph>50.0</speed_mph>
        </extensions>
      </trkpt>
      <trkpt lat="52.13168" lon="1.34801">
        <ele>0</ele>
        <time>2026-06-26T08:15:34.633Z</time>
        <name>617</name>
        <extensions>
          <speed_mps>22.352</speed_mps>
          <speed_mph>50.0</speed_mph>
        </extensions>
      </trkpt>
      <trkpt lat="52.13192" lon="1.34831">
        <ele>0</ele>
        <time>2026-06-26T08:15:36.158Z</time>
        <name>618</name>
        <extensions>
          <speed_mps>22.352</speed_mps>
          <speed_mph>50.0</speed_mph>
        </extensions>
      </trkpt>
      <trkpt lat="52.13217" lon="1.34862">
        <ele>0</ele>
        <time>2026-06-26T08:15:37.683Z</time>
        <name>619</name>
        <extensions>
          <speed_mps>22.352</speed_mps>
          <speed_mph>50.0</speed_mph>
        </extensions>
      </trkpt>
      <trkpt lat="52.13240" lon="1.34894">
        <ele>0</ele>
        <time>2026-06-26T08:15:39.207Z</time>
        <name>620</name>
        <extensions>
          <speed_mps>22.352</speed_mps>
          <speed_mph>50.0</speed_mph>
        </extensions>
      </trkpt>
      <trkpt lat="52.13262" lon="1.34929">
        <ele>0</ele>
        <time>2026-06-26T08:15:40.732Z</time>
        <name>621</name>
        <extensions>
          <speed_mps>22.352</speed_mps>
          <speed_mph>50.0</speed_mph>
        </extensions>
      </trkpt>
      <trkpt lat="52.13284" lon="1.34963">
        <ele>0</ele>
        <time>2026-06-26T08:15:42.258Z</time>
        <name>622</name>
        <extensions>
          <speed_mps>22.352</speed_mps>
          <speed_mph>50.0</speed_mph>
        </extensions>
      </trkpt>
      <trkpt lat="52.13306" lon="1.34999">
        <ele>0</ele>
        <time>2026-06-26T08:15:43.780Z</time>
        <name>623</name>
        <extensions>
          <speed_mps>22.352</speed_mps>
          <speed_mph>50.0</speed_mph>
        </extensions>
      </trkpt>
      <trkpt lat="52.13325" lon="1.35038">
        <ele>0</ele>
        <time>2026-06-26T08:15:45.306Z</time>
        <name>624</name>
        <extensions>
          <speed_mps>22.352</speed_mps>
          <speed_mph>50.0</speed_mph>
        </extensions>
      </trkpt>
      <trkpt lat="52.13345" lon="1.35076">
        <ele>0</ele>
        <time>2026-06-26T08:15:46.831Z</time>
        <name>625</name>
        <extensions>
          <speed_mps>22.352</speed_mps>
          <speed_mph>50.0</speed_mph>
        </extensions>
      </trkpt>
      <trkpt lat="52.13364" lon="1.35115">
        <ele>0</ele>
        <time>2026-06-26T08:15:48.356Z</time>
        <name>626</name>
        <extensions>
          <speed_mps>22.352</speed_mps>
          <speed_mph>50.0</speed_mph>
        </extensions>
      </trkpt>
      <trkpt lat="52.13383" lon="1.35155">
        <ele>0</ele>
        <time>2026-06-26T08:15:49.880Z</time>
        <name>627</name>
        <extensions>
          <speed_mps>22.352</speed_mps>
          <speed_mph>50.0</speed_mph>
        </extensions>
      </trkpt>
      <trkpt lat="52.13400" lon="1.35196">
        <ele>0</ele>
        <time>2026-06-26T08:15:51.406Z</time>
        <name>628</name>
        <extensions>
          <speed_mps>22.352</speed_mps>
          <speed_mph>50.0</speed_mph>
        </extensions>
      </trkpt>
      <trkpt lat="52.13421" lon="1.35232">
        <ele>0</ele>
        <time>2026-06-26T08:15:52.918Z</time>
        <name>629</name>
        <extensions>
          <speed_mps>22.352</speed_mps>
          <speed_mph>50.0</speed_mph>
        </extensions>
      </trkpt>
      <trkpt lat="52.13439" lon="1.35272">
        <ele>0</ele>
        <time>2026-06-26T08:15:54.444Z</time>
        <name>630</name>
        <extensions>
          <speed_mps>22.352</speed_mps>
          <speed_mph>50.0</speed_mph>
        </extensions>
      </trkpt>
      <trkpt lat="52.13457" lon="1.35313">
        <ele>0</ele>
        <time>2026-06-26T08:15:55.969Z</time>
        <name>631</name>
        <extensions>
          <speed_mps>22.352</speed_mps>
          <speed_mph>50.0</speed_mph>
        </extensions>
      </trkpt>
      <trkpt lat="52.13475" lon="1.35353">
        <ele>0</ele>
        <time>2026-06-26T08:15:57.494Z</time>
        <name>632</name>
        <extensions>
          <speed_mps>22.352</speed_mps>
          <speed_mph>50.0</speed_mph>
        </extensions>
      </trkpt>
      <trkpt lat="52.13493" lon="1.35394">
        <ele>0</ele>
        <time>2026-06-26T08:15:59.020Z</time>
        <name>633</name>
        <extensions>
          <speed_mps>22.352</speed_mps>
          <speed_mph>50.0</speed_mph>
        </extensions>
      </trkpt>
      <trkpt lat="52.13508" lon="1.35437">
        <ele>0</ele>
        <time>2026-06-26T08:16:00.544Z</time>
        <name>634</name>
        <extensions>
          <speed_mps>22.352</speed_mps>
          <speed_mph>50.0</speed_mph>
        </extensions>
      </trkpt>
      <trkpt lat="52.13523" lon="1.35481">
        <ele>0</ele>
        <time>2026-06-26T08:16:02.070Z</time>
        <name>635</name>
        <extensions>
          <speed_mps>22.352</speed_mps>
          <speed_mph>50.0</speed_mph>
        </extensions>
      </trkpt>
      <trkpt lat="52.13536" lon="1.35526">
        <ele>0</ele>
        <time>2026-06-26T08:16:03.594Z</time>
        <name>636</name>
        <extensions>
          <speed_mps>22.352</speed_mps>
          <speed_mph>50.0</speed_mph>
        </extensions>
      </trkpt>
      <trkpt lat="52.13549" lon="1.35571">
        <ele>0</ele>
        <time>2026-06-26T08:16:05.119Z</time>
        <name>637</name>
        <extensions>
          <speed_mps>22.352</speed_mps>
          <speed_mph>50.0</speed_mph>
        </extensions>
      </trkpt>
      <trkpt lat="52.13559" lon="1.35618">
        <ele>0</ele>
        <time>2026-06-26T08:16:06.641Z</time>
        <name>638</name>
        <extensions>
          <speed_mps>22.352</speed_mps>
          <speed_mph>50.0</speed_mph>
        </extensions>
      </trkpt>
      <trkpt lat="52.13568" lon="1.35666">
        <ele>0</ele>
        <time>2026-06-26T08:16:08.166Z</time>
        <name>639</name>
        <extensions>
          <speed_mps>22.352</speed_mps>
          <speed_mph>50.0</speed_mph>
        </extensions>
      </trkpt>
      <trkpt lat="52.13576" lon="1.35714">
        <ele>0</ele>
        <time>2026-06-26T08:16:09.691Z</time>
        <name>640</name>
        <extensions>
          <speed_mps>22.352</speed_mps>
          <speed_mph>50.0</speed_mph>
        </extensions>
      </trkpt>
      <trkpt lat="52.13585" lon="1.35762">
        <ele>0</ele>
        <time>2026-06-26T08:16:11.217Z</time>
        <name>641</name>
        <extensions>
          <speed_mps>22.352</speed_mps>
          <speed_mph>50.0</speed_mph>
        </extensions>
      </trkpt>
      <trkpt lat="52.13600" lon="1.35797">
        <ele>0</ele>
        <time>2026-06-26T08:16:12.512Z</time>
        <name>642</name>
        <extensions>
          <speed_mps>22.352</speed_mps>
          <speed_mph>50.0</speed_mph>
        </extensions>
      </trkpt>
      <trkpt lat="52.13628" lon="1.35817">
        <ele>0</ele>
        <time>2026-06-26T08:16:14.032Z</time>
        <name>643</name>
        <extensions>
          <speed_mps>22.352</speed_mps>
          <speed_mph>50.0</speed_mph>
        </extensions>
      </trkpt>
      <trkpt lat="52.13654" lon="1.35844">
        <ele>0</ele>
        <time>2026-06-26T08:16:15.557Z</time>
        <name>644</name>
        <extensions>
          <speed_mps>22.352</speed_mps>
          <speed_mph>50.0</speed_mph>
        </extensions>
      </trkpt>
      <trkpt lat="52.13680" lon="1.35871">
        <ele>0</ele>
        <time>2026-06-26T08:16:17.083Z</time>
        <name>645</name>
        <extensions>
          <speed_mps>22.352</speed_mps>
          <speed_mph>50.0</speed_mph>
        </extensions>
      </trkpt>
      <trkpt lat="52.13705" lon="1.35898">
        <ele>0</ele>
        <time>2026-06-26T08:16:18.608Z</time>
        <name>646</name>
        <extensions>
          <speed_mps>22.352</speed_mps>
          <speed_mph>50.0</speed_mph>
        </extensions>
      </trkpt>
      <trkpt lat="52.13732" lon="1.35922">
        <ele>0</ele>
        <time>2026-06-26T08:16:20.126Z</time>
        <name>647</name>
        <extensions>
          <speed_mps>22.352</speed_mps>
          <speed_mph>50.0</speed_mph>
        </extensions>
      </trkpt>
      <trkpt lat="52.13761" lon="1.35940">
        <ele>0</ele>
        <time>2026-06-26T08:16:21.651Z</time>
        <name>648</name>
        <extensions>
          <speed_mps>22.352</speed_mps>
          <speed_mph>50.0</speed_mph>
        </extensions>
      </trkpt>
      <trkpt lat="52.13789" lon="1.35959">
        <ele>0</ele>
        <time>2026-06-26T08:16:23.177Z</time>
        <name>649</name>
        <extensions>
          <speed_mps>22.352</speed_mps>
          <speed_mph>50.0</speed_mph>
        </extensions>
      </trkpt>
      <trkpt lat="52.13818" lon="1.35974">
        <ele>0</ele>
        <time>2026-06-26T08:16:24.702Z</time>
        <name>650</name>
        <extensions>
          <speed_mps>22.352</speed_mps>
          <speed_mph>50.0</speed_mph>
        </extensions>
      </trkpt>
      <trkpt lat="52.13848" lon="1.35985">
        <ele>0</ele>
        <time>2026-06-26T08:16:26.225Z</time>
        <name>651</name>
        <extensions>
          <speed_mps>22.352</speed_mps>
          <speed_mph>50.0</speed_mph>
        </extensions>
      </trkpt>
      <trkpt lat="52.13878" lon="1.35994">
        <ele>0</ele>
        <time>2026-06-26T08:16:27.750Z</time>
        <name>652</name>
        <extensions>
          <speed_mps>22.352</speed_mps>
          <speed_mph>50.0</speed_mph>
        </extensions>
      </trkpt>
      <trkpt lat="52.13909" lon="1.36000">
        <ele>0</ele>
        <time>2026-06-26T08:16:29.275Z</time>
        <name>653</name>
        <extensions>
          <speed_mps>22.352</speed_mps>
          <speed_mph>50.0</speed_mph>
        </extensions>
      </trkpt>
      <trkpt lat="52.13939" lon="1.36007">
        <ele>0</ele>
        <time>2026-06-26T08:16:30.801Z</time>
        <name>654</name>
        <extensions>
          <speed_mps>22.352</speed_mps>
          <speed_mph>50.0</speed_mph>
        </extensions>
      </trkpt>
      <trkpt lat="52.13969" lon="1.36014">
        <ele>0</ele>
        <time>2026-06-26T08:16:32.326Z</time>
        <name>655</name>
        <extensions>
          <speed_mps>22.352</speed_mps>
          <speed_mph>50.0</speed_mph>
        </extensions>
      </trkpt>
      <trkpt lat="52.14000" lon="1.36024">
        <ele>0</ele>
        <time>2026-06-26T08:16:33.851Z</time>
        <name>656</name>
        <extensions>
          <speed_mps>22.352</speed_mps>
          <speed_mph>50.0</speed_mph>
        </extensions>
      </trkpt>
      <trkpt lat="52.14030" lon="1.36034">
        <ele>0</ele>
        <time>2026-06-26T08:16:35.377Z</time>
        <name>657</name>
        <extensions>
          <speed_mps>22.352</speed_mps>
          <speed_mph>50.0</speed_mph>
        </extensions>
      </trkpt>
      <trkpt lat="52.14060" lon="1.36044">
        <ele>0</ele>
        <time>2026-06-26T08:16:36.901Z</time>
        <name>658</name>
        <extensions>
          <speed_mps>22.352</speed_mps>
          <speed_mph>50.0</speed_mph>
        </extensions>
      </trkpt>
      <trkpt lat="52.14088" lon="1.36061">
        <ele>0</ele>
        <time>2026-06-26T08:16:38.426Z</time>
        <name>659</name>
        <extensions>
          <speed_mps>22.352</speed_mps>
          <speed_mph>50.0</speed_mph>
        </extensions>
      </trkpt>
      <trkpt lat="52.14117" lon="1.36079">
        <ele>0</ele>
        <time>2026-06-26T08:16:39.952Z</time>
        <name>660</name>
        <extensions>
          <speed_mps>22.352</speed_mps>
          <speed_mph>50.0</speed_mph>
        </extensions>
      </trkpt>
      <trkpt lat="52.14145" lon="1.36098">
        <ele>0</ele>
        <time>2026-06-26T08:16:41.476Z</time>
        <name>661</name>
        <extensions>
          <speed_mps>22.352</speed_mps>
          <speed_mph>50.0</speed_mph>
        </extensions>
      </trkpt>
      <trkpt lat="52.14173" lon="1.36119">
        <ele>0</ele>
        <time>2026-06-26T08:16:43.002Z</time>
        <name>662</name>
        <extensions>
          <speed_mps>22.352</speed_mps>
          <speed_mph>50.0</speed_mph>
        </extensions>
      </trkpt>
      <trkpt lat="52.14201" lon="1.36139">
        <ele>0</ele>
        <time>2026-06-26T08:16:44.527Z</time>
        <name>663</name>
        <extensions>
          <speed_mps>22.352</speed_mps>
          <speed_mph>50.0</speed_mph>
        </extensions>
      </trkpt>
      <trkpt lat="52.14229" lon="1.36159">
        <ele>0</ele>
        <time>2026-06-26T08:16:46.051Z</time>
        <name>664</name>
        <extensions>
          <speed_mps>22.352</speed_mps>
          <speed_mph>50.0</speed_mph>
        </extensions>
      </trkpt>
      <trkpt lat="52.14257" lon="1.36180">
        <ele>0</ele>
        <time>2026-06-26T08:16:47.576Z</time>
        <name>665</name>
        <extensions>
          <speed_mps>22.352</speed_mps>
          <speed_mph>50.0</speed_mph>
        </extensions>
      </trkpt>
      <trkpt lat="52.14285" lon="1.36199">
        <ele>0</ele>
        <time>2026-06-26T08:16:49.102Z</time>
        <name>666</name>
        <extensions>
          <speed_mps>22.352</speed_mps>
          <speed_mph>50.0</speed_mph>
        </extensions>
      </trkpt>
      <trkpt lat="52.14314" lon="1.36218">
        <ele>0</ele>
        <time>2026-06-26T08:16:50.627Z</time>
        <name>667</name>
        <extensions>
          <speed_mps>22.352</speed_mps>
          <speed_mph>50.0</speed_mph>
        </extensions>
      </trkpt>
      <trkpt lat="52.14342" lon="1.36237">
        <ele>0</ele>
        <time>2026-06-26T08:16:52.152Z</time>
        <name>668</name>
        <extensions>
          <speed_mps>22.352</speed_mps>
          <speed_mph>50.0</speed_mph>
        </extensions>
      </trkpt>
      <trkpt lat="52.14370" lon="1.36256">
        <ele>0</ele>
        <time>2026-06-26T08:16:53.677Z</time>
        <name>669</name>
        <extensions>
          <speed_mps>22.352</speed_mps>
          <speed_mph>50.0</speed_mph>
        </extensions>
      </trkpt>
      <trkpt lat="52.14400" lon="1.36272">
        <ele>0</ele>
        <time>2026-06-26T08:16:55.202Z</time>
        <name>670</name>
        <extensions>
          <speed_mps>22.352</speed_mps>
          <speed_mph>50.0</speed_mph>
        </extensions>
      </trkpt>
      <trkpt lat="52.14429" lon="1.36285">
        <ele>0</ele>
        <time>2026-06-26T08:16:56.727Z</time>
        <name>671</name>
        <extensions>
          <speed_mps>22.352</speed_mps>
          <speed_mph>50.0</speed_mph>
        </extensions>
      </trkpt>
      <trkpt lat="52.14459" lon="1.36295">
        <ele>0</ele>
        <time>2026-06-26T08:16:58.249Z</time>
        <name>672</name>
        <extensions>
          <speed_mps>22.352</speed_mps>
          <speed_mph>50.0</speed_mph>
        </extensions>
      </trkpt>
      <trkpt lat="52.14490" lon="1.36300">
        <ele>0</ele>
        <time>2026-06-26T08:16:59.775Z</time>
        <name>673</name>
        <extensions>
          <speed_mps>22.352</speed_mps>
          <speed_mph>50.0</speed_mph>
        </extensions>
      </trkpt>
      <trkpt lat="52.14520" lon="1.36303">
        <ele>0</ele>
        <time>2026-06-26T08:17:01.298Z</time>
        <name>674</name>
        <extensions>
          <speed_mps>22.352</speed_mps>
          <speed_mph>50.0</speed_mph>
        </extensions>
      </trkpt>
      <trkpt lat="52.14551" lon="1.36302">
        <ele>0</ele>
        <time>2026-06-26T08:17:02.823Z</time>
        <name>675</name>
        <extensions>
          <speed_mps>22.352</speed_mps>
          <speed_mph>50.0</speed_mph>
        </extensions>
      </trkpt>
      <trkpt lat="52.14581" lon="1.36298">
        <ele>0</ele>
        <time>2026-06-26T08:17:04.346Z</time>
        <name>676</name>
        <extensions>
          <speed_mps>22.352</speed_mps>
          <speed_mph>50.0</speed_mph>
        </extensions>
      </trkpt>
      <trkpt lat="52.14612" lon="1.36291">
        <ele>0</ele>
        <time>2026-06-26T08:17:05.871Z</time>
        <name>677</name>
        <extensions>
          <speed_mps>22.352</speed_mps>
          <speed_mph>50.0</speed_mph>
        </extensions>
      </trkpt>
      <trkpt lat="52.14642" lon="1.36284">
        <ele>0</ele>
        <time>2026-06-26T08:17:07.397Z</time>
        <name>678</name>
        <extensions>
          <speed_mps>22.352</speed_mps>
          <speed_mph>50.0</speed_mph>
        </extensions>
      </trkpt>
      <trkpt lat="52.14672" lon="1.36277">
        <ele>0</ele>
        <time>2026-06-26T08:17:08.922Z</time>
        <name>679</name>
        <extensions>
          <speed_mps>22.352</speed_mps>
          <speed_mph>50.0</speed_mph>
        </extensions>
      </trkpt>
      <trkpt lat="52.14703" lon="1.36270">
        <ele>0</ele>
        <time>2026-06-26T08:17:10.447Z</time>
        <name>680</name>
        <extensions>
          <speed_mps>22.352</speed_mps>
          <speed_mph>50.0</speed_mph>
        </extensions>
      </trkpt>
      <trkpt lat="52.14733" lon="1.36266">
        <ele>0</ele>
        <time>2026-06-26T08:17:11.972Z</time>
        <name>681</name>
        <extensions>
          <speed_mps>22.352</speed_mps>
          <speed_mph>50.0</speed_mph>
        </extensions>
      </trkpt>
      <trkpt lat="52.14764" lon="1.36265">
        <ele>0</ele>
        <time>2026-06-26T08:17:13.494Z</time>
        <name>682</name>
        <extensions>
          <speed_mps>22.352</speed_mps>
          <speed_mph>50.0</speed_mph>
        </extensions>
      </trkpt>
      <trkpt lat="52.14794" lon="1.36272">
        <ele>0</ele>
        <time>2026-06-26T08:17:15.019Z</time>
        <name>683</name>
        <extensions>
          <speed_mps>22.352</speed_mps>
          <speed_mph>50.0</speed_mph>
        </extensions>
      </trkpt>
      <trkpt lat="52.14825" lon="1.36279">
        <ele>0</ele>
        <time>2026-06-26T08:17:16.544Z</time>
        <name>684</name>
        <extensions>
          <speed_mps>22.352</speed_mps>
          <speed_mph>50.0</speed_mph>
        </extensions>
      </trkpt>
      <trkpt lat="52.14855" lon="1.36288">
        <ele>0</ele>
        <time>2026-06-26T08:17:18.070Z</time>
        <name>685</name>
        <extensions>
          <speed_mps>22.352</speed_mps>
          <speed_mph>50.0</speed_mph>
        </extensions>
      </trkpt>
      <trkpt lat="52.14885" lon="1.36297">
        <ele>0</ele>
        <time>2026-06-26T08:17:19.595Z</time>
        <name>686</name>
        <extensions>
          <speed_mps>22.352</speed_mps>
          <speed_mph>50.0</speed_mph>
        </extensions>
      </trkpt>
      <trkpt lat="52.14915" lon="1.36305">
        <ele>0</ele>
        <time>2026-06-26T08:17:21.120Z</time>
        <name>687</name>
        <extensions>
          <speed_mps>22.352</speed_mps>
          <speed_mph>50.0</speed_mph>
        </extensions>
      </trkpt>
      <trkpt lat="52.14945" lon="1.36314">
        <ele>0</ele>
        <time>2026-06-26T08:17:22.646Z</time>
        <name>688</name>
        <extensions>
          <speed_mps>22.352</speed_mps>
          <speed_mph>50.0</speed_mph>
        </extensions>
      </trkpt>
      <trkpt lat="52.14976" lon="1.36322">
        <ele>0</ele>
        <time>2026-06-26T08:17:24.171Z</time>
        <name>689</name>
        <extensions>
          <speed_mps>22.352</speed_mps>
          <speed_mph>50.0</speed_mph>
        </extensions>
      </trkpt>
      <trkpt lat="52.15006" lon="1.36330">
        <ele>0</ele>
        <time>2026-06-26T08:17:25.696Z</time>
        <name>690</name>
        <extensions>
          <speed_mps>22.352</speed_mps>
          <speed_mph>50.0</speed_mph>
        </extensions>
      </trkpt>
      <trkpt lat="52.15036" lon="1.36336">
        <ele>0</ele>
        <time>2026-06-26T08:17:27.221Z</time>
        <name>691</name>
        <extensions>
          <speed_mps>22.352</speed_mps>
          <speed_mph>50.0</speed_mph>
        </extensions>
      </trkpt>
      <trkpt lat="52.15067" lon="1.36338">
        <ele>0</ele>
        <time>2026-06-26T08:17:28.745Z</time>
        <name>692</name>
        <extensions>
          <speed_mps>22.352</speed_mps>
          <speed_mph>50.0</speed_mph>
        </extensions>
      </trkpt>
      <trkpt lat="52.15098" lon="1.36336">
        <ele>0</ele>
        <time>2026-06-26T08:17:30.271Z</time>
        <name>693</name>
        <extensions>
          <speed_mps>22.352</speed_mps>
          <speed_mph>50.0</speed_mph>
        </extensions>
      </trkpt>
      <trkpt lat="52.15128" lon="1.36334">
        <ele>0</ele>
        <time>2026-06-26T08:17:31.796Z</time>
        <name>694</name>
        <extensions>
          <speed_mps>22.352</speed_mps>
          <speed_mph>50.0</speed_mph>
        </extensions>
      </trkpt>
      <trkpt lat="52.15159" lon="1.36333">
        <ele>0</ele>
        <time>2026-06-26T08:17:33.321Z</time>
        <name>695</name>
        <extensions>
          <speed_mps>22.352</speed_mps>
          <speed_mph>50.0</speed_mph>
        </extensions>
      </trkpt>
      <trkpt lat="52.15190" lon="1.36331">
        <ele>0</ele>
        <time>2026-06-26T08:17:34.846Z</time>
        <name>696</name>
        <extensions>
          <speed_mps>22.352</speed_mps>
          <speed_mph>50.0</speed_mph>
        </extensions>
      </trkpt>
      <trkpt lat="52.15220" lon="1.36321">
        <ele>0</ele>
        <time>2026-06-26T08:17:36.367Z</time>
        <name>697</name>
        <extensions>
          <speed_mps>22.352</speed_mps>
          <speed_mph>50.0</speed_mph>
        </extensions>
      </trkpt>
      <trkpt lat="52.15250" lon="1.36311">
        <ele>0</ele>
        <time>2026-06-26T08:17:37.891Z</time>
        <name>698</name>
        <extensions>
          <speed_mps>22.352</speed_mps>
          <speed_mph>50.0</speed_mph>
        </extensions>
      </trkpt>
      <trkpt lat="52.15280" lon="1.36306">
        <ele>0</ele>
        <time>2026-06-26T08:17:39.416Z</time>
        <name>699</name>
        <extensions>
          <speed_mps>22.352</speed_mps>
          <speed_mph>50.0</speed_mph>
        </extensions>
      </trkpt>
      <trkpt lat="52.15311" lon="1.36307">
        <ele>0</ele>
        <time>2026-06-26T08:17:40.937Z</time>
        <name>700</name>
        <extensions>
          <speed_mps>22.352</speed_mps>
          <speed_mph>50.0</speed_mph>
        </extensions>
      </trkpt>
      <trkpt lat="52.15340" lon="1.36319">
        <ele>0</ele>
        <time>2026-06-26T08:17:42.456Z</time>
        <name>701</name>
        <extensions>
          <speed_mps>22.352</speed_mps>
          <speed_mph>50.0</speed_mph>
        </extensions>
      </trkpt>
      <trkpt lat="52.15370" lon="1.36330">
        <ele>0</ele>
        <time>2026-06-26T08:17:43.981Z</time>
        <name>702</name>
        <extensions>
          <speed_mps>22.352</speed_mps>
          <speed_mph>50.0</speed_mph>
        </extensions>
      </trkpt>
      <trkpt lat="52.15400" lon="1.36341">
        <ele>0</ele>
        <time>2026-06-26T08:17:45.507Z</time>
        <name>703</name>
        <extensions>
          <speed_mps>22.352</speed_mps>
          <speed_mph>50.0</speed_mph>
        </extensions>
      </trkpt>
      <trkpt lat="52.15430" lon="1.36353">
        <ele>0</ele>
        <time>2026-06-26T08:17:47.031Z</time>
        <name>704</name>
        <extensions>
          <speed_mps>22.352</speed_mps>
          <speed_mph>50.0</speed_mph>
        </extensions>
      </trkpt>
      <trkpt lat="52.15459" lon="1.36369">
        <ele>0</ele>
        <time>2026-06-26T08:17:48.557Z</time>
        <name>705</name>
        <extensions>
          <speed_mps>22.352</speed_mps>
          <speed_mph>50.0</speed_mph>
        </extensions>
      </trkpt>
      <trkpt lat="52.15488" lon="1.36385">
        <ele>0</ele>
        <time>2026-06-26T08:17:50.082Z</time>
        <name>706</name>
        <extensions>
          <speed_mps>22.352</speed_mps>
          <speed_mph>50.0</speed_mph>
        </extensions>
      </trkpt>
      <trkpt lat="52.15491" lon="1.36425">
        <ele>0</ele>
        <time>2026-06-26T08:17:51.296Z</time>
        <name>707</name>
        <extensions>
          <speed_mps>22.352</speed_mps>
          <speed_mph>50.0</speed_mph>
        </extensions>
      </trkpt>
      <trkpt lat="52.15494" lon="1.36474">
        <ele>0</ele>
        <time>2026-06-26T08:17:52.790Z</time>
        <name>708</name>
        <extensions>
          <speed_mps>22.352</speed_mps>
          <speed_mph>50.0</speed_mph>
        </extensions>
      </trkpt>
      <trkpt lat="52.15468" lon="1.36499">
        <ele>0</ele>
        <time>2026-06-26T08:17:54.260Z</time>
        <name>709</name>
        <extensions>
          <speed_mps>22.352</speed_mps>
          <speed_mph>50.0</speed_mph>
        </extensions>
      </trkpt>
      <trkpt lat="52.15438" lon="1.36508">
        <ele>0</ele>
        <time>2026-06-26T08:17:55.782Z</time>
        <name>710</name>
        <extensions>
          <speed_mps>22.352</speed_mps>
          <speed_mph>50.0</speed_mph>
        </extensions>
      </trkpt>
      <trkpt lat="52.15451" lon="1.36505">
        <ele>0</ele>
        <time>2026-06-26T08:17:56.439Z</time>
        <name>711</name>
        <extensions>
          <speed_mps>22.352</speed_mps>
          <speed_mph>50.0</speed_mph>
        </extensions>
      </trkpt>
      <trkpt lat="52.15481" lon="1.36492">
        <ele>0</ele>
        <time>2026-06-26T08:17:57.959Z</time>
        <name>712</name>
        <extensions>
          <speed_mps>22.352</speed_mps>
          <speed_mph>50.0</speed_mph>
        </extensions>
      </trkpt>
      <trkpt lat="52.15495" lon="1.36452">
        <ele>0</ele>
        <time>2026-06-26T08:17:59.372Z</time>
        <name>713</name>
        <extensions>
          <speed_mps>22.352</speed_mps>
          <speed_mph>50.0</speed_mph>
        </extensions>
      </trkpt>
      <trkpt lat="52.15494" lon="1.36404">
        <ele>0</ele>
        <time>2026-06-26T08:18:00.847Z</time>
        <name>714</name>
        <extensions>
          <speed_mps>22.352</speed_mps>
          <speed_mph>50.0</speed_mph>
        </extensions>
      </trkpt>
      <trkpt lat="52.15517" lon="1.36401">
        <ele>0</ele>
        <time>2026-06-26T08:18:01.978Z</time>
        <name>715</name>
        <extensions>
          <speed_mps>22.352</speed_mps>
          <speed_mph>50.0</speed_mph>
        </extensions>
      </trkpt>
      <trkpt lat="52.15546" lon="1.36416">
        <ele>0</ele>
        <time>2026-06-26T08:18:03.502Z</time>
        <name>716</name>
        <extensions>
          <speed_mps>22.352</speed_mps>
          <speed_mph>50.0</speed_mph>
        </extensions>
      </trkpt>
      <trkpt lat="52.15575" lon="1.36433">
        <ele>0</ele>
        <time>2026-06-26T08:18:05.027Z</time>
        <name>717</name>
        <extensions>
          <speed_mps>22.352</speed_mps>
          <speed_mph>50.0</speed_mph>
        </extensions>
      </trkpt>
      <trkpt lat="52.15602" lon="1.36456">
        <ele>0</ele>
        <time>2026-06-26T08:18:06.551Z</time>
        <name>718</name>
        <extensions>
          <speed_mps>22.352</speed_mps>
          <speed_mph>50.0</speed_mph>
        </extensions>
      </trkpt>
      <trkpt lat="52.15628" lon="1.36482">
        <ele>0</ele>
        <time>2026-06-26T08:18:08.075Z</time>
        <name>719</name>
        <extensions>
          <speed_mps>22.352</speed_mps>
          <speed_mph>50.0</speed_mph>
        </extensions>
      </trkpt>
      <trkpt lat="52.15653" lon="1.36510">
        <ele>0</ele>
        <time>2026-06-26T08:18:09.600Z</time>
        <name>720</name>
        <extensions>
          <speed_mps>22.352</speed_mps>
          <speed_mph>50.0</speed_mph>
        </extensions>
      </trkpt>
      <trkpt lat="52.15678" lon="1.36539">
        <ele>0</ele>
        <time>2026-06-26T08:18:11.125Z</time>
        <name>721</name>
        <extensions>
          <speed_mps>22.352</speed_mps>
          <speed_mph>50.0</speed_mph>
        </extensions>
      </trkpt>
      <trkpt lat="52.15701" lon="1.36572">
        <ele>0</ele>
        <time>2026-06-26T08:18:12.649Z</time>
        <name>722</name>
        <extensions>
          <speed_mps>22.352</speed_mps>
          <speed_mph>50.0</speed_mph>
        </extensions>
      </trkpt>
      <trkpt lat="52.15714" lon="1.36617">
        <ele>0</ele>
        <time>2026-06-26T08:18:14.151Z</time>
        <name>723</name>
        <extensions>
          <speed_mps>22.352</speed_mps>
          <speed_mph>50.0</speed_mph>
        </extensions>
      </trkpt>
      <trkpt lat="52.15722" lon="1.36665">
        <ele>0</ele>
        <time>2026-06-26T08:18:15.675Z</time>
        <name>724</name>
        <extensions>
          <speed_mps>22.352</speed_mps>
          <speed_mph>50.0</speed_mph>
        </extensions>
      </trkpt>
      <trkpt lat="52.15734" lon="1.36711">
        <ele>0</ele>
        <time>2026-06-26T08:18:17.199Z</time>
        <name>725</name>
        <extensions>
          <speed_mps>22.352</speed_mps>
          <speed_mph>50.0</speed_mph>
        </extensions>
      </trkpt>
      <trkpt lat="52.15749" lon="1.36754">
        <ele>0</ele>
        <time>2026-06-26T08:18:18.724Z</time>
        <name>726</name>
        <extensions>
          <speed_mps>22.352</speed_mps>
          <speed_mph>50.0</speed_mph>
        </extensions>
      </trkpt>
      <trkpt lat="52.15763" lon="1.36798">
        <ele>0</ele>
        <time>2026-06-26T08:18:20.249Z</time>
        <name>727</name>
        <extensions>
          <speed_mps>22.352</speed_mps>
          <speed_mph>50.0</speed_mph>
        </extensions>
      </trkpt>
      <trkpt lat="52.15777" lon="1.36843">
        <ele>0</ele>
        <time>2026-06-26T08:18:21.775Z</time>
        <name>728</name>
        <extensions>
          <speed_mps>22.352</speed_mps>
          <speed_mph>50.0</speed_mph>
        </extensions>
      </trkpt>
      <trkpt lat="52.15794" lon="1.36885">
        <ele>0</ele>
        <time>2026-06-26T08:18:23.298Z</time>
        <name>729</name>
        <extensions>
          <speed_mps>22.352</speed_mps>
          <speed_mph>50.0</speed_mph>
        </extensions>
      </trkpt>
      <trkpt lat="52.15811" lon="1.36927">
        <ele>0</ele>
        <time>2026-06-26T08:18:24.823Z</time>
        <name>730</name>
        <extensions>
          <speed_mps>22.352</speed_mps>
          <speed_mph>50.0</speed_mph>
        </extensions>
      </trkpt>
      <trkpt lat="52.15828" lon="1.36968">
        <ele>0</ele>
        <time>2026-06-26T08:18:26.349Z</time>
        <name>731</name>
        <extensions>
          <speed_mps>22.352</speed_mps>
          <speed_mph>50.0</speed_mph>
        </extensions>
      </trkpt>
      <trkpt lat="52.15845" lon="1.37009">
        <ele>0</ele>
        <time>2026-06-26T08:18:27.874Z</time>
        <name>732</name>
        <extensions>
          <speed_mps>22.352</speed_mps>
          <speed_mph>50.0</speed_mph>
        </extensions>
      </trkpt>
      <trkpt lat="52.15861" lon="1.37052">
        <ele>0</ele>
        <time>2026-06-26T08:18:29.397Z</time>
        <name>733</name>
        <extensions>
          <speed_mps>22.352</speed_mps>
          <speed_mph>50.0</speed_mph>
        </extensions>
      </trkpt>
      <trkpt lat="52.15870" lon="1.37100">
        <ele>0</ele>
        <time>2026-06-26T08:18:30.920Z</time>
        <name>734</name>
        <extensions>
          <speed_mps>22.352</speed_mps>
          <speed_mph>50.0</speed_mph>
        </extensions>
      </trkpt>
      <trkpt lat="52.15879" lon="1.37147">
        <ele>0</ele>
        <time>2026-06-26T08:18:32.442Z</time>
        <name>735</name>
        <extensions>
          <speed_mps>22.352</speed_mps>
          <speed_mph>50.0</speed_mph>
        </extensions>
      </trkpt>
      <trkpt lat="52.15891" lon="1.37194">
        <ele>0</ele>
        <time>2026-06-26T08:18:33.967Z</time>
        <name>736</name>
        <extensions>
          <speed_mps>22.352</speed_mps>
          <speed_mph>50.0</speed_mph>
        </extensions>
      </trkpt>
      <trkpt lat="52.15904" lon="1.37239">
        <ele>0</ele>
        <time>2026-06-26T08:18:35.493Z</time>
        <name>737</name>
        <extensions>
          <speed_mps>22.352</speed_mps>
          <speed_mph>50.0</speed_mph>
        </extensions>
      </trkpt>
      <trkpt lat="52.15916" lon="1.37285">
        <ele>0</ele>
        <time>2026-06-26T08:18:37.018Z</time>
        <name>738</name>
        <extensions>
          <speed_mps>22.352</speed_mps>
          <speed_mph>50.0</speed_mph>
        </extensions>
      </trkpt>
      <trkpt lat="52.15928" lon="1.37331">
        <ele>0</ele>
        <time>2026-06-26T08:18:38.543Z</time>
        <name>739</name>
        <extensions>
          <speed_mps>22.352</speed_mps>
          <speed_mph>50.0</speed_mph>
        </extensions>
      </trkpt>
      <trkpt lat="52.15940" lon="1.37377">
        <ele>0</ele>
        <time>2026-06-26T08:18:40.068Z</time>
        <name>740</name>
        <extensions>
          <speed_mps>22.352</speed_mps>
          <speed_mph>50.0</speed_mph>
        </extensions>
      </trkpt>
      <trkpt lat="52.15951" lon="1.37423">
        <ele>0</ele>
        <time>2026-06-26T08:18:41.594Z</time>
        <name>741</name>
        <extensions>
          <speed_mps>22.352</speed_mps>
          <speed_mph>50.0</speed_mph>
        </extensions>
      </trkpt>
      <trkpt lat="52.15962" lon="1.37470">
        <ele>0</ele>
        <time>2026-06-26T08:18:43.119Z</time>
        <name>742</name>
        <extensions>
          <speed_mps>22.352</speed_mps>
          <speed_mph>50.0</speed_mph>
        </extensions>
      </trkpt>
      <trkpt lat="52.15974" lon="1.37516">
        <ele>0</ele>
        <time>2026-06-26T08:18:44.644Z</time>
        <name>743</name>
        <extensions>
          <speed_mps>22.352</speed_mps>
          <speed_mph>50.0</speed_mph>
        </extensions>
      </trkpt>
      <trkpt lat="52.15986" lon="1.37562">
        <ele>0</ele>
        <time>2026-06-26T08:18:46.169Z</time>
        <name>744</name>
        <extensions>
          <speed_mps>22.352</speed_mps>
          <speed_mph>50.0</speed_mph>
        </extensions>
      </trkpt>
      <trkpt lat="52.16000" lon="1.37607">
        <ele>0</ele>
        <time>2026-06-26T08:18:47.692Z</time>
        <name>745</name>
        <extensions>
          <speed_mps>22.352</speed_mps>
          <speed_mph>50.0</speed_mph>
        </extensions>
      </trkpt>
      <trkpt lat="52.16016" lon="1.37650">
        <ele>0</ele>
        <time>2026-06-26T08:18:49.217Z</time>
        <name>746</name>
        <extensions>
          <speed_mps>22.352</speed_mps>
          <speed_mph>50.0</speed_mph>
        </extensions>
      </trkpt>
      <trkpt lat="52.16032" lon="1.37691">
        <ele>0</ele>
        <time>2026-06-26T08:18:50.743Z</time>
        <name>747</name>
        <extensions>
          <speed_mps>22.352</speed_mps>
          <speed_mph>50.0</speed_mph>
        </extensions>
      </trkpt>
      <trkpt lat="52.16052" lon="1.37730">
        <ele>0</ele>
        <time>2026-06-26T08:18:52.268Z</time>
        <name>748</name>
        <extensions>
          <speed_mps>22.352</speed_mps>
          <speed_mph>50.0</speed_mph>
        </extensions>
      </trkpt>
      <trkpt lat="52.16072" lon="1.37768">
        <ele>0</ele>
        <time>2026-06-26T08:18:53.793Z</time>
        <name>749</name>
        <extensions>
          <speed_mps>22.352</speed_mps>
          <speed_mph>50.0</speed_mph>
        </extensions>
      </trkpt>
      <trkpt lat="52.16091" lon="1.37807">
        <ele>0</ele>
        <time>2026-06-26T08:18:55.318Z</time>
        <name>750</name>
        <extensions>
          <speed_mps>22.352</speed_mps>
          <speed_mph>50.0</speed_mph>
        </extensions>
      </trkpt>
      <trkpt lat="52.16110" lon="1.37846">
        <ele>0</ele>
        <time>2026-06-26T08:18:56.844Z</time>
        <name>751</name>
        <extensions>
          <speed_mps>22.352</speed_mps>
          <speed_mph>50.0</speed_mph>
        </extensions>
      </trkpt>
      <trkpt lat="52.16132" lon="1.37880">
        <ele>0</ele>
        <time>2026-06-26T08:18:58.353Z</time>
        <name>752</name>
        <extensions>
          <speed_mps>22.352</speed_mps>
          <speed_mph>50.0</speed_mph>
        </extensions>
      </trkpt>
      <trkpt lat="52.16159" lon="1.37904">
        <ele>0</ele>
        <time>2026-06-26T08:18:59.854Z</time>
        <name>753</name>
        <extensions>
          <speed_mps>22.352</speed_mps>
          <speed_mph>50.0</speed_mph>
        </extensions>
      </trkpt>
      <trkpt lat="52.16164" lon="1.37951">
        <ele>0</ele>
        <time>2026-06-26T08:19:01.323Z</time>
        <name>754</name>
        <extensions>
          <speed_mps>22.352</speed_mps>
          <speed_mph>50.0</speed_mph>
        </extensions>
      </trkpt>
      <trkpt lat="52.16181" lon="1.37993">
        <ele>0</ele>
        <time>2026-06-26T08:19:02.845Z</time>
        <name>755</name>
        <extensions>
          <speed_mps>22.352</speed_mps>
          <speed_mph>50.0</speed_mph>
        </extensions>
      </trkpt>
      <trkpt lat="52.16199" lon="1.38033">
        <ele>0</ele>
        <time>2026-06-26T08:19:04.371Z</time>
        <name>756</name>
        <extensions>
          <speed_mps>22.352</speed_mps>
          <speed_mph>50.0</speed_mph>
        </extensions>
      </trkpt>
      <trkpt lat="52.16217" lon="1.38074">
        <ele>0</ele>
        <time>2026-06-26T08:19:05.896Z</time>
        <name>757</name>
        <extensions>
          <speed_mps>22.352</speed_mps>
          <speed_mph>50.0</speed_mph>
        </extensions>
      </trkpt>
      <trkpt lat="52.16235" lon="1.38114">
        <ele>0</ele>
        <time>2026-06-26T08:19:07.421Z</time>
        <name>758</name>
        <extensions>
          <speed_mps>22.352</speed_mps>
          <speed_mph>50.0</speed_mph>
        </extensions>
      </trkpt>
      <trkpt lat="52.16252" lon="1.38156">
        <ele>0</ele>
        <time>2026-06-26T08:19:08.946Z</time>
        <name>759</name>
        <extensions>
          <speed_mps>22.352</speed_mps>
          <speed_mph>50.0</speed_mph>
        </extensions>
      </trkpt>
      <trkpt lat="52.16266" lon="1.38200">
        <ele>0</ele>
        <time>2026-06-26T08:19:10.470Z</time>
        <name>760</name>
        <extensions>
          <speed_mps>22.352</speed_mps>
          <speed_mph>50.0</speed_mph>
        </extensions>
      </trkpt>
      <trkpt lat="52.16279" lon="1.38245">
        <ele>0</ele>
        <time>2026-06-26T08:19:11.996Z</time>
        <name>761</name>
        <extensions>
          <speed_mps>22.352</speed_mps>
          <speed_mph>50.0</speed_mph>
        </extensions>
      </trkpt>
      <trkpt lat="52.16291" lon="1.38292">
        <ele>0</ele>
        <time>2026-06-26T08:19:13.521Z</time>
        <name>762</name>
        <extensions>
          <speed_mps>22.352</speed_mps>
          <speed_mph>50.0</speed_mph>
        </extensions>
      </trkpt>
      <trkpt lat="52.16302" lon="1.38338">
        <ele>0</ele>
        <time>2026-06-26T08:19:15.046Z</time>
        <name>763</name>
        <extensions>
          <speed_mps>22.352</speed_mps>
          <speed_mph>50.0</speed_mph>
        </extensions>
      </trkpt>
      <trkpt lat="52.16314" lon="1.38384">
        <ele>0</ele>
        <time>2026-06-26T08:19:16.571Z</time>
        <name>764</name>
        <extensions>
          <speed_mps>22.352</speed_mps>
          <speed_mph>50.0</speed_mph>
        </extensions>
      </trkpt>
      <trkpt lat="52.16326" lon="1.38430">
        <ele>0</ele>
        <time>2026-06-26T08:19:18.096Z</time>
        <name>765</name>
        <extensions>
          <speed_mps>22.352</speed_mps>
          <speed_mph>50.0</speed_mph>
        </extensions>
      </trkpt>
      <trkpt lat="52.16340" lon="1.38475">
        <ele>0</ele>
        <time>2026-06-26T08:19:19.621Z</time>
        <name>766</name>
        <extensions>
          <speed_mps>22.352</speed_mps>
          <speed_mph>50.0</speed_mph>
        </extensions>
      </trkpt>
      <trkpt lat="52.16354" lon="1.38519">
        <ele>0</ele>
        <time>2026-06-26T08:19:21.146Z</time>
        <name>767</name>
        <extensions>
          <speed_mps>22.352</speed_mps>
          <speed_mph>50.0</speed_mph>
        </extensions>
      </trkpt>
      <trkpt lat="52.16372" lon="1.38560">
        <ele>0</ele>
        <time>2026-06-26T08:19:22.671Z</time>
        <name>768</name>
        <extensions>
          <speed_mps>22.352</speed_mps>
          <speed_mph>50.0</speed_mph>
        </extensions>
      </trkpt>
      <trkpt lat="52.16389" lon="1.38601">
        <ele>0</ele>
        <time>2026-06-26T08:19:24.196Z</time>
        <name>769</name>
        <extensions>
          <speed_mps>22.352</speed_mps>
          <speed_mph>50.0</speed_mph>
        </extensions>
      </trkpt>
      <trkpt lat="52.16406" lon="1.38643">
        <ele>0</ele>
        <time>2026-06-26T08:19:25.721Z</time>
        <name>770</name>
        <extensions>
          <speed_mps>22.352</speed_mps>
          <speed_mph>50.0</speed_mph>
        </extensions>
      </trkpt>
      <trkpt lat="52.16421" lon="1.38686">
        <ele>0</ele>
        <time>2026-06-26T08:19:27.246Z</time>
        <name>771</name>
        <extensions>
          <speed_mps>22.352</speed_mps>
          <speed_mph>50.0</speed_mph>
        </extensions>
      </trkpt>
      <trkpt lat="52.16437" lon="1.38729">
        <ele>0</ele>
        <time>2026-06-26T08:19:28.771Z</time>
        <name>772</name>
        <extensions>
          <speed_mps>22.352</speed_mps>
          <speed_mph>50.0</speed_mph>
        </extensions>
      </trkpt>
      <trkpt lat="52.16453" lon="1.38772">
        <ele>0</ele>
        <time>2026-06-26T08:19:30.297Z</time>
        <name>773</name>
        <extensions>
          <speed_mps>22.352</speed_mps>
          <speed_mph>50.0</speed_mph>
        </extensions>
      </trkpt>
      <trkpt lat="52.16469" lon="1.38815">
        <ele>0</ele>
        <time>2026-06-26T08:19:31.822Z</time>
        <name>774</name>
        <extensions>
          <speed_mps>22.352</speed_mps>
          <speed_mph>50.0</speed_mph>
        </extensions>
      </trkpt>
      <trkpt lat="52.16484" lon="1.38858">
        <ele>0</ele>
        <time>2026-06-26T08:19:33.347Z</time>
        <name>775</name>
        <extensions>
          <speed_mps>22.352</speed_mps>
          <speed_mph>50.0</speed_mph>
        </extensions>
      </trkpt>
      <trkpt lat="52.16499" lon="1.38901">
        <ele>0</ele>
        <time>2026-06-26T08:19:34.872Z</time>
        <name>776</name>
        <extensions>
          <speed_mps>22.352</speed_mps>
          <speed_mph>50.0</speed_mph>
        </extensions>
      </trkpt>
      <trkpt lat="52.16510" lon="1.38948">
        <ele>0</ele>
        <time>2026-06-26T08:19:36.389Z</time>
        <name>777</name>
        <extensions>
          <speed_mps>22.352</speed_mps>
          <speed_mph>50.0</speed_mph>
        </extensions>
      </trkpt>
      <trkpt lat="52.16524" lon="1.38992">
        <ele>0</ele>
        <time>2026-06-26T08:19:37.914Z</time>
        <name>778</name>
        <extensions>
          <speed_mps>22.352</speed_mps>
          <speed_mph>50.0</speed_mph>
        </extensions>
      </trkpt>
      <trkpt lat="52.16538" lon="1.39036">
        <ele>0</ele>
        <time>2026-06-26T08:19:39.439Z</time>
        <name>779</name>
        <extensions>
          <speed_mps>22.352</speed_mps>
          <speed_mph>50.0</speed_mph>
        </extensions>
      </trkpt>
      <trkpt lat="52.16551" lon="1.39082">
        <ele>0</ele>
        <time>2026-06-26T08:19:40.965Z</time>
        <name>780</name>
        <extensions>
          <speed_mps>22.352</speed_mps>
          <speed_mph>50.0</speed_mph>
        </extensions>
      </trkpt>
      <trkpt lat="52.16564" lon="1.39127">
        <ele>0</ele>
        <time>2026-06-26T08:19:42.490Z</time>
        <name>781</name>
        <extensions>
          <speed_mps>22.352</speed_mps>
          <speed_mph>50.0</speed_mph>
        </extensions>
      </trkpt>
      <trkpt lat="52.16577" lon="1.39173">
        <ele>0</ele>
        <time>2026-06-26T08:19:44.015Z</time>
        <name>782</name>
        <extensions>
          <speed_mps>22.352</speed_mps>
          <speed_mph>50.0</speed_mph>
        </extensions>
      </trkpt>
      <trkpt lat="52.16589" lon="1.39218">
        <ele>0</ele>
        <time>2026-06-26T08:19:45.541Z</time>
        <name>783</name>
        <extensions>
          <speed_mps>22.352</speed_mps>
          <speed_mph>50.0</speed_mph>
        </extensions>
      </trkpt>
      <trkpt lat="52.16602" lon="1.39264">
        <ele>0</ele>
        <time>2026-06-26T08:19:47.066Z</time>
        <name>784</name>
        <extensions>
          <speed_mps>22.352</speed_mps>
          <speed_mph>50.0</speed_mph>
        </extensions>
      </trkpt>
      <trkpt lat="52.16614" lon="1.39310">
        <ele>0</ele>
        <time>2026-06-26T08:19:48.591Z</time>
        <name>785</name>
        <extensions>
          <speed_mps>22.352</speed_mps>
          <speed_mph>50.0</speed_mph>
        </extensions>
      </trkpt>
      <trkpt lat="52.16627" lon="1.39355">
        <ele>0</ele>
        <time>2026-06-26T08:19:50.117Z</time>
        <name>786</name>
        <extensions>
          <speed_mps>22.352</speed_mps>
          <speed_mph>50.0</speed_mph>
        </extensions>
      </trkpt>
      <trkpt lat="52.16640" lon="1.39400">
        <ele>0</ele>
        <time>2026-06-26T08:19:51.641Z</time>
        <name>787</name>
        <extensions>
          <speed_mps>22.352</speed_mps>
          <speed_mph>50.0</speed_mph>
        </extensions>
      </trkpt>
      <trkpt lat="52.16654" lon="1.39445">
        <ele>0</ele>
        <time>2026-06-26T08:19:53.167Z</time>
        <name>788</name>
        <extensions>
          <speed_mps>22.352</speed_mps>
          <speed_mph>50.0</speed_mph>
        </extensions>
      </trkpt>
      <trkpt lat="52.16669" lon="1.39489">
        <ele>0</ele>
        <time>2026-06-26T08:19:54.692Z</time>
        <name>789</name>
        <extensions>
          <speed_mps>22.352</speed_mps>
          <speed_mph>50.0</speed_mph>
        </extensions>
      </trkpt>
      <trkpt lat="52.16686" lon="1.39530">
        <ele>0</ele>
        <time>2026-06-26T08:19:56.217Z</time>
        <name>790</name>
        <extensions>
          <speed_mps>22.352</speed_mps>
          <speed_mph>50.0</speed_mph>
        </extensions>
      </trkpt>
      <trkpt lat="52.16704" lon="1.39570">
        <ele>0</ele>
        <time>2026-06-26T08:19:57.742Z</time>
        <name>791</name>
        <extensions>
          <speed_mps>22.352</speed_mps>
          <speed_mph>50.0</speed_mph>
        </extensions>
      </trkpt>
      <trkpt lat="52.16722" lon="1.39611">
        <ele>0</ele>
        <time>2026-06-26T08:19:59.268Z</time>
        <name>792</name>
        <extensions>
          <speed_mps>22.352</speed_mps>
          <speed_mph>50.0</speed_mph>
        </extensions>
      </trkpt>
      <trkpt lat="52.16739" lon="1.39652">
        <ele>0</ele>
        <time>2026-06-26T08:20:00.793Z</time>
        <name>793</name>
        <extensions>
          <speed_mps>22.352</speed_mps>
          <speed_mph>50.0</speed_mph>
        </extensions>
      </trkpt>
      <trkpt lat="52.16757" lon="1.39693">
        <ele>0</ele>
        <time>2026-06-26T08:20:02.318Z</time>
        <name>794</name>
        <extensions>
          <speed_mps>22.352</speed_mps>
          <speed_mph>50.0</speed_mph>
        </extensions>
      </trkpt>
      <trkpt lat="52.16774" lon="1.39735">
        <ele>0</ele>
        <time>2026-06-26T08:20:03.844Z</time>
        <name>795</name>
        <extensions>
          <speed_mps>22.352</speed_mps>
          <speed_mph>50.0</speed_mph>
        </extensions>
      </trkpt>
      <trkpt lat="52.16789" lon="1.39778">
        <ele>0</ele>
        <time>2026-06-26T08:20:05.369Z</time>
        <name>796</name>
        <extensions>
          <speed_mps>22.352</speed_mps>
          <speed_mph>50.0</speed_mph>
        </extensions>
      </trkpt>
      <trkpt lat="52.16802" lon="1.39823">
        <ele>0</ele>
        <time>2026-06-26T08:20:06.892Z</time>
        <name>797</name>
        <extensions>
          <speed_mps>22.352</speed_mps>
          <speed_mph>50.0</speed_mph>
        </extensions>
      </trkpt>
      <trkpt lat="52.16813" lon="1.39870">
        <ele>0</ele>
        <time>2026-06-26T08:20:08.418Z</time>
        <name>798</name>
        <extensions>
          <speed_mps>22.352</speed_mps>
          <speed_mph>50.0</speed_mph>
        </extensions>
      </trkpt>
      <trkpt lat="52.16823" lon="1.39917">
        <ele>0</ele>
        <time>2026-06-26T08:20:09.941Z</time>
        <name>799</name>
        <extensions>
          <speed_mps>22.352</speed_mps>
          <speed_mph>50.0</speed_mph>
        </extensions>
      </trkpt>
      <trkpt lat="52.16831" lon="1.39966">
        <ele>0</ele>
        <time>2026-06-26T08:20:11.466Z</time>
        <name>800</name>
        <extensions>
          <speed_mps>22.352</speed_mps>
          <speed_mph>50.0</speed_mph>
        </extensions>
      </trkpt>
      <trkpt lat="52.16838" lon="1.40014">
        <ele>0</ele>
        <time>2026-06-26T08:20:12.991Z</time>
        <name>801</name>
        <extensions>
          <speed_mps>22.352</speed_mps>
          <speed_mph>50.0</speed_mph>
        </extensions>
      </trkpt>
      <trkpt lat="52.16846" lon="1.40062">
        <ele>0</ele>
        <time>2026-06-26T08:20:14.516Z</time>
        <name>802</name>
        <extensions>
          <speed_mps>22.352</speed_mps>
          <speed_mph>50.0</speed_mph>
        </extensions>
      </trkpt>
      <trkpt lat="52.16856" lon="1.40110">
        <ele>0</ele>
        <time>2026-06-26T08:20:16.041Z</time>
        <name>803</name>
        <extensions>
          <speed_mps>22.352</speed_mps>
          <speed_mph>50.0</speed_mph>
        </extensions>
      </trkpt>
      <trkpt lat="52.16868" lon="1.40155">
        <ele>0</ele>
        <time>2026-06-26T08:20:17.565Z</time>
        <name>804</name>
        <extensions>
          <speed_mps>22.352</speed_mps>
          <speed_mph>50.0</speed_mph>
        </extensions>
      </trkpt>
      <trkpt lat="52.16883" lon="1.40199">
        <ele>0</ele>
        <time>2026-06-26T08:20:19.090Z</time>
        <name>805</name>
        <extensions>
          <speed_mps>22.352</speed_mps>
          <speed_mph>50.0</speed_mph>
        </extensions>
      </trkpt>
      <trkpt lat="52.16899" lon="1.40242">
        <ele>0</ele>
        <time>2026-06-26T08:20:20.615Z</time>
        <name>806</name>
        <extensions>
          <speed_mps>22.352</speed_mps>
          <speed_mph>50.0</speed_mph>
        </extensions>
      </trkpt>
      <trkpt lat="52.16914" lon="1.40285">
        <ele>0</ele>
        <time>2026-06-26T08:20:22.141Z</time>
        <name>807</name>
        <extensions>
          <speed_mps>22.352</speed_mps>
          <speed_mph>50.0</speed_mph>
        </extensions>
      </trkpt>
      <trkpt lat="52.16929" lon="1.40329">
        <ele>0</ele>
        <time>2026-06-26T08:20:23.666Z</time>
        <name>808</name>
        <extensions>
          <speed_mps>22.352</speed_mps>
          <speed_mph>50.0</speed_mph>
        </extensions>
      </trkpt>
      <trkpt lat="52.16941" lon="1.40375">
        <ele>0</ele>
        <time>2026-06-26T08:20:25.189Z</time>
        <name>809</name>
        <extensions>
          <speed_mps>22.352</speed_mps>
          <speed_mph>50.0</speed_mph>
        </extensions>
      </trkpt>
      <trkpt lat="52.16953" lon="1.40421">
        <ele>0</ele>
        <time>2026-06-26T08:20:26.715Z</time>
        <name>810</name>
        <extensions>
          <speed_mps>22.352</speed_mps>
          <speed_mph>50.0</speed_mph>
        </extensions>
      </trkpt>
      <trkpt lat="52.16965" lon="1.40467">
        <ele>0</ele>
        <time>2026-06-26T08:20:28.240Z</time>
        <name>811</name>
        <extensions>
          <speed_mps>22.352</speed_mps>
          <speed_mph>50.0</speed_mph>
        </extensions>
      </trkpt>
      <trkpt lat="52.16976" lon="1.40514">
        <ele>0</ele>
        <time>2026-06-26T08:20:29.766Z</time>
        <name>812</name>
        <extensions>
          <speed_mps>22.352</speed_mps>
          <speed_mph>50.0</speed_mph>
        </extensions>
      </trkpt>
      <trkpt lat="52.16988" lon="1.40560">
        <ele>0</ele>
        <time>2026-06-26T08:20:31.291Z</time>
        <name>813</name>
        <extensions>
          <speed_mps>22.352</speed_mps>
          <speed_mph>50.0</speed_mph>
        </extensions>
      </trkpt>
      <trkpt lat="52.16999" lon="1.40606">
        <ele>0</ele>
        <time>2026-06-26T08:20:32.816Z</time>
        <name>814</name>
        <extensions>
          <speed_mps>22.352</speed_mps>
          <speed_mph>50.0</speed_mph>
        </extensions>
      </trkpt>
      <trkpt lat="52.17011" lon="1.40653">
        <ele>0</ele>
        <time>2026-06-26T08:20:34.342Z</time>
        <name>815</name>
        <extensions>
          <speed_mps>22.352</speed_mps>
          <speed_mph>50.0</speed_mph>
        </extensions>
      </trkpt>
      <trkpt lat="52.17022" lon="1.40699">
        <ele>0</ele>
        <time>2026-06-26T08:20:35.867Z</time>
        <name>816</name>
        <extensions>
          <speed_mps>22.352</speed_mps>
          <speed_mph>50.0</speed_mph>
        </extensions>
      </trkpt>
      <trkpt lat="52.17031" lon="1.40747">
        <ele>0</ele>
        <time>2026-06-26T08:20:37.386Z</time>
        <name>817</name>
        <extensions>
          <speed_mps>22.352</speed_mps>
          <speed_mph>50.0</speed_mph>
        </extensions>
      </trkpt>
      <trkpt lat="52.17035" lon="1.40796">
        <ele>0</ele>
        <time>2026-06-26T08:20:38.908Z</time>
        <name>818</name>
        <extensions>
          <speed_mps>22.352</speed_mps>
          <speed_mph>50.0</speed_mph>
        </extensions>
      </trkpt>
      <trkpt lat="52.17035" lon="1.40846">
        <ele>0</ele>
        <time>2026-06-26T08:20:40.431Z</time>
        <name>819</name>
        <extensions>
          <speed_mps>22.352</speed_mps>
          <speed_mph>50.0</speed_mph>
        </extensions>
      </trkpt>
      <trkpt lat="52.17034" lon="1.40896">
        <ele>0</ele>
        <time>2026-06-26T08:20:41.957Z</time>
        <name>820</name>
        <extensions>
          <speed_mps>22.352</speed_mps>
          <speed_mph>50.0</speed_mph>
        </extensions>
      </trkpt>
      <trkpt lat="52.17033" lon="1.40946">
        <ele>0</ele>
        <time>2026-06-26T08:20:43.482Z</time>
        <name>821</name>
        <extensions>
          <speed_mps>22.352</speed_mps>
          <speed_mph>50.0</speed_mph>
        </extensions>
      </trkpt>
      <trkpt lat="52.17033" lon="1.40996">
        <ele>0</ele>
        <time>2026-06-26T08:20:45.005Z</time>
        <name>822</name>
        <extensions>
          <speed_mps>22.352</speed_mps>
          <speed_mph>50.0</speed_mph>
        </extensions>
      </trkpt>
      <trkpt lat="52.17036" lon="1.41046">
        <ele>0</ele>
        <time>2026-06-26T08:20:46.531Z</time>
        <name>823</name>
        <extensions>
          <speed_mps>22.352</speed_mps>
          <speed_mph>50.0</speed_mph>
        </extensions>
      </trkpt>
      <trkpt lat="52.17040" lon="1.41096">
        <ele>0</ele>
        <time>2026-06-26T08:20:48.055Z</time>
        <name>824</name>
        <extensions>
          <speed_mps>22.352</speed_mps>
          <speed_mph>50.0</speed_mph>
        </extensions>
      </trkpt>
      <trkpt lat="52.17049" lon="1.41143">
        <ele>0</ele>
        <time>2026-06-26T08:20:49.576Z</time>
        <name>825</name>
        <extensions>
          <speed_mps>22.352</speed_mps>
          <speed_mph>50.0</speed_mph>
        </extensions>
      </trkpt>
      <trkpt lat="52.17062" lon="1.41188">
        <ele>0</ele>
        <time>2026-06-26T08:20:51.102Z</time>
        <name>826</name>
        <extensions>
          <speed_mps>22.352</speed_mps>
          <speed_mph>50.0</speed_mph>
        </extensions>
      </trkpt>
      <trkpt lat="52.17075" lon="1.41233">
        <ele>0</ele>
        <time>2026-06-26T08:20:52.626Z</time>
        <name>827</name>
        <extensions>
          <speed_mps>22.352</speed_mps>
          <speed_mph>50.0</speed_mph>
        </extensions>
      </trkpt>
      <trkpt lat="52.17091" lon="1.41277">
        <ele>0</ele>
        <time>2026-06-26T08:20:54.152Z</time>
        <name>828</name>
        <extensions>
          <speed_mps>22.352</speed_mps>
          <speed_mph>50.0</speed_mph>
        </extensions>
      </trkpt>
      <trkpt lat="52.17106" lon="1.41320">
        <ele>0</ele>
        <time>2026-06-26T08:20:55.677Z</time>
        <name>829</name>
        <extensions>
          <speed_mps>22.352</speed_mps>
          <speed_mph>50.0</speed_mph>
        </extensions>
      </trkpt>
      <trkpt lat="52.17122" lon="1.41363">
        <ele>0</ele>
        <time>2026-06-26T08:20:57.202Z</time>
        <name>830</name>
        <extensions>
          <speed_mps>22.352</speed_mps>
          <speed_mph>50.0</speed_mph>
        </extensions>
      </trkpt>
      <trkpt lat="52.17138" lon="1.41405">
        <ele>0</ele>
        <time>2026-06-26T08:20:58.727Z</time>
        <name>831</name>
        <extensions>
          <speed_mps>22.352</speed_mps>
          <speed_mph>50.0</speed_mph>
        </extensions>
      </trkpt>
      <trkpt lat="52.17154" lon="1.41448">
        <ele>0</ele>
        <time>2026-06-26T08:21:00.253Z</time>
        <name>832</name>
        <extensions>
          <speed_mps>22.352</speed_mps>
          <speed_mph>50.0</speed_mph>
        </extensions>
      </trkpt>
      <trkpt lat="52.17170" lon="1.41491">
        <ele>0</ele>
        <time>2026-06-26T08:21:01.778Z</time>
        <name>833</name>
        <extensions>
          <speed_mps>22.352</speed_mps>
          <speed_mph>50.0</speed_mph>
        </extensions>
      </trkpt>
      <trkpt lat="52.17184" lon="1.41535">
        <ele>0</ele>
        <time>2026-06-26T08:21:03.303Z</time>
        <name>834</name>
        <extensions>
          <speed_mps>22.352</speed_mps>
          <speed_mph>50.0</speed_mph>
        </extensions>
      </trkpt>
      <trkpt lat="52.17198" lon="1.41580">
        <ele>0</ele>
        <time>2026-06-26T08:21:04.828Z</time>
        <name>835</name>
        <extensions>
          <speed_mps>22.352</speed_mps>
          <speed_mph>50.0</speed_mph>
        </extensions>
      </trkpt>
      <trkpt lat="52.17208" lon="1.41627">
        <ele>0</ele>
        <time>2026-06-26T08:21:06.352Z</time>
        <name>836</name>
        <extensions>
          <speed_mps>22.352</speed_mps>
          <speed_mph>50.0</speed_mph>
        </extensions>
      </trkpt>
      <trkpt lat="52.17214" lon="1.41676">
        <ele>0</ele>
        <time>2026-06-26T08:21:07.873Z</time>
        <name>837</name>
        <extensions>
          <speed_mps>22.352</speed_mps>
          <speed_mph>50.0</speed_mph>
        </extensions>
      </trkpt>
      <trkpt lat="52.17219" lon="1.41725">
        <ele>0</ele>
        <time>2026-06-26T08:21:09.398Z</time>
        <name>838</name>
        <extensions>
          <speed_mps>22.352</speed_mps>
          <speed_mph>50.0</speed_mph>
        </extensions>
      </trkpt>
      <trkpt lat="52.17222" lon="1.41775">
        <ele>0</ele>
        <time>2026-06-26T08:21:10.923Z</time>
        <name>839</name>
        <extensions>
          <speed_mps>22.352</speed_mps>
          <speed_mph>50.0</speed_mph>
        </extensions>
      </trkpt>
      <trkpt lat="52.17226" lon="1.41824">
        <ele>0</ele>
        <time>2026-06-26T08:21:12.449Z</time>
        <name>840</name>
        <extensions>
          <speed_mps>22.352</speed_mps>
          <speed_mph>50.0</speed_mph>
        </extensions>
      </trkpt>
      <trkpt lat="52.17230" lon="1.41874">
        <ele>0</ele>
        <time>2026-06-26T08:21:13.974Z</time>
        <name>841</name>
        <extensions>
          <speed_mps>22.352</speed_mps>
          <speed_mph>50.0</speed_mph>
        </extensions>
      </trkpt>
      <trkpt lat="52.17237" lon="1.41922">
        <ele>0</ele>
        <time>2026-06-26T08:21:15.496Z</time>
        <name>842</name>
        <extensions>
          <speed_mps>22.352</speed_mps>
          <speed_mph>50.0</speed_mph>
        </extensions>
      </trkpt>
      <trkpt lat="52.17246" lon="1.41970">
        <ele>0</ele>
        <time>2026-06-26T08:21:17.018Z</time>
        <name>843</name>
        <extensions>
          <speed_mps>22.352</speed_mps>
          <speed_mph>50.0</speed_mph>
        </extensions>
      </trkpt>
      <trkpt lat="52.17260" lon="1.42015">
        <ele>0</ele>
        <time>2026-06-26T08:21:18.543Z</time>
        <name>844</name>
        <extensions>
          <speed_mps>22.352</speed_mps>
          <speed_mph>50.0</speed_mph>
        </extensions>
      </trkpt>
      <trkpt lat="52.17277" lon="1.42056">
        <ele>0</ele>
        <time>2026-06-26T08:21:20.068Z</time>
        <name>845</name>
        <extensions>
          <speed_mps>22.352</speed_mps>
          <speed_mph>50.0</speed_mph>
        </extensions>
      </trkpt>
      <trkpt lat="52.17296" lon="1.42096">
        <ele>0</ele>
        <time>2026-06-26T08:21:21.591Z</time>
        <name>846</name>
        <extensions>
          <speed_mps>22.352</speed_mps>
          <speed_mph>50.0</speed_mph>
        </extensions>
      </trkpt>
      <trkpt lat="52.17316" lon="1.42133">
        <ele>0</ele>
        <time>2026-06-26T08:21:23.116Z</time>
        <name>847</name>
        <extensions>
          <speed_mps>22.352</speed_mps>
          <speed_mph>50.0</speed_mph>
        </extensions>
      </trkpt>
      <trkpt lat="52.17338" lon="1.42169">
        <ele>0</ele>
        <time>2026-06-26T08:21:24.641Z</time>
        <name>848</name>
        <extensions>
          <speed_mps>22.352</speed_mps>
          <speed_mph>50.0</speed_mph>
        </extensions>
      </trkpt>
      <trkpt lat="52.17361" lon="1.42202">
        <ele>0</ele>
        <time>2026-06-26T08:21:26.166Z</time>
        <name>849</name>
        <extensions>
          <speed_mps>22.352</speed_mps>
          <speed_mph>50.0</speed_mph>
        </extensions>
      </trkpt>
      <trkpt lat="52.17386" lon="1.42229">
        <ele>0</ele>
        <time>2026-06-26T08:21:27.689Z</time>
        <name>850</name>
        <extensions>
          <speed_mps>22.352</speed_mps>
          <speed_mph>50.0</speed_mph>
        </extensions>
      </trkpt>
      <trkpt lat="52.17414" lon="1.42251">
        <ele>0</ele>
        <time>2026-06-26T08:21:29.213Z</time>
        <name>851</name>
        <extensions>
          <speed_mps>22.352</speed_mps>
          <speed_mph>50.0</speed_mph>
        </extensions>
      </trkpt>
      <trkpt lat="52.17442" lon="1.42272">
        <ele>0</ele>
        <time>2026-06-26T08:21:30.739Z</time>
        <name>852</name>
        <extensions>
          <speed_mps>22.352</speed_mps>
          <speed_mph>50.0</speed_mph>
        </extensions>
      </trkpt>
      <trkpt lat="52.17471" lon="1.42288">
        <ele>0</ele>
        <time>2026-06-26T08:21:32.262Z</time>
        <name>853</name>
        <extensions>
          <speed_mps>22.352</speed_mps>
          <speed_mph>50.0</speed_mph>
        </extensions>
      </trkpt>
      <trkpt lat="52.17500" lon="1.42304">
        <ele>0</ele>
        <time>2026-06-26T08:21:33.787Z</time>
        <name>854</name>
        <extensions>
          <speed_mps>22.352</speed_mps>
          <speed_mph>50.0</speed_mph>
        </extensions>
      </trkpt>
      <trkpt lat="52.17528" lon="1.42322">
        <ele>0</ele>
        <time>2026-06-26T08:21:35.311Z</time>
        <name>855</name>
        <extensions>
          <speed_mps>22.352</speed_mps>
          <speed_mph>50.0</speed_mph>
        </extensions>
      </trkpt>
      <trkpt lat="52.17555" lon="1.42347">
        <ele>0</ele>
        <time>2026-06-26T08:21:36.836Z</time>
        <name>856</name>
        <extensions>
          <speed_mps>22.352</speed_mps>
          <speed_mph>50.0</speed_mph>
        </extensions>
      </trkpt>
      <trkpt lat="52.17581" lon="1.42374">
        <ele>0</ele>
        <time>2026-06-26T08:21:38.361Z</time>
        <name>857</name>
        <extensions>
          <speed_mps>22.352</speed_mps>
          <speed_mph>50.0</speed_mph>
        </extensions>
      </trkpt>
      <trkpt lat="52.17607" lon="1.42399">
        <ele>0</ele>
        <time>2026-06-26T08:21:39.886Z</time>
        <name>858</name>
        <extensions>
          <speed_mps>22.352</speed_mps>
          <speed_mph>50.0</speed_mph>
        </extensions>
      </trkpt>
      <trkpt lat="52.17634" lon="1.42423">
        <ele>0</ele>
        <time>2026-06-26T08:21:41.411Z</time>
        <name>859</name>
        <extensions>
          <speed_mps>22.352</speed_mps>
          <speed_mph>50.0</speed_mph>
        </extensions>
      </trkpt>
      <trkpt lat="52.17662" lon="1.42443">
        <ele>0</ele>
        <time>2026-06-26T08:21:42.929Z</time>
        <name>860</name>
        <extensions>
          <speed_mps>22.352</speed_mps>
          <speed_mph>50.0</speed_mph>
        </extensions>
      </trkpt>
      <trkpt lat="52.17692" lon="1.42457">
        <ele>0</ele>
        <time>2026-06-26T08:21:44.455Z</time>
        <name>861</name>
        <extensions>
          <speed_mps>22.352</speed_mps>
          <speed_mph>50.0</speed_mph>
        </extensions>
      </trkpt>
      <trkpt lat="52.17722" lon="1.42460">
        <ele>0</ele>
        <time>2026-06-26T08:21:45.980Z</time>
        <name>862</name>
        <extensions>
          <speed_mps>22.352</speed_mps>
          <speed_mph>50.0</speed_mph>
        </extensions>
      </trkpt>
      <trkpt lat="52.17753" lon="1.42457">
        <ele>0</ele>
        <time>2026-06-26T08:21:47.498Z</time>
        <name>863</name>
        <extensions>
          <speed_mps>22.352</speed_mps>
          <speed_mph>50.0</speed_mph>
        </extensions>
      </trkpt>
      <trkpt lat="52.17783" lon="1.42452">
        <ele>0</ele>
        <time>2026-06-26T08:21:49.023Z</time>
        <name>864</name>
        <extensions>
          <speed_mps>22.352</speed_mps>
          <speed_mph>50.0</speed_mph>
        </extensions>
      </trkpt>
      <trkpt lat="52.17814" lon="1.42445">
        <ele>0</ele>
        <time>2026-06-26T08:21:50.548Z</time>
        <name>865</name>
        <extensions>
          <speed_mps>22.352</speed_mps>
          <speed_mph>50.0</speed_mph>
        </extensions>
      </trkpt>
      <trkpt lat="52.17844" lon="1.42438">
        <ele>0</ele>
        <time>2026-06-26T08:21:52.073Z</time>
        <name>866</name>
        <extensions>
          <speed_mps>22.352</speed_mps>
          <speed_mph>50.0</speed_mph>
        </extensions>
      </trkpt>
      <trkpt lat="52.17874" lon="1.42432">
        <ele>0</ele>
        <time>2026-06-26T08:21:53.599Z</time>
        <name>867</name>
        <extensions>
          <speed_mps>22.352</speed_mps>
          <speed_mph>50.0</speed_mph>
        </extensions>
      </trkpt>
      <trkpt lat="52.17905" lon="1.42427">
        <ele>0</ele>
        <time>2026-06-26T08:21:55.124Z</time>
        <name>868</name>
        <extensions>
          <speed_mps>22.352</speed_mps>
          <speed_mph>50.0</speed_mph>
        </extensions>
      </trkpt>
      <trkpt lat="52.17935" lon="1.42423">
        <ele>0</ele>
        <time>2026-06-26T08:21:56.646Z</time>
        <name>869</name>
        <extensions>
          <speed_mps>22.352</speed_mps>
          <speed_mph>50.0</speed_mph>
        </extensions>
      </trkpt>
      <trkpt lat="52.17966" lon="1.42421">
        <ele>0</ele>
        <time>2026-06-26T08:21:58.171Z</time>
        <name>870</name>
        <extensions>
          <speed_mps>22.352</speed_mps>
          <speed_mph>50.0</speed_mph>
        </extensions>
      </trkpt>
      <trkpt lat="52.17997" lon="1.42419">
        <ele>0</ele>
        <time>2026-06-26T08:21:59.696Z</time>
        <name>871</name>
        <extensions>
          <speed_mps>22.352</speed_mps>
          <speed_mph>50.0</speed_mph>
        </extensions>
      </trkpt>
      <trkpt lat="52.18027" lon="1.42417">
        <ele>0</ele>
        <time>2026-06-26T08:22:01.222Z</time>
        <name>872</name>
        <extensions>
          <speed_mps>22.352</speed_mps>
          <speed_mph>50.0</speed_mph>
        </extensions>
      </trkpt>
      <trkpt lat="52.18058" lon="1.42415">
        <ele>0</ele>
        <time>2026-06-26T08:22:02.747Z</time>
        <name>873</name>
        <extensions>
          <speed_mps>22.352</speed_mps>
          <speed_mph>50.0</speed_mph>
        </extensions>
      </trkpt>
      <trkpt lat="52.18088" lon="1.42413">
        <ele>0</ele>
        <time>2026-06-26T08:22:04.271Z</time>
        <name>874</name>
        <extensions>
          <speed_mps>22.352</speed_mps>
          <speed_mph>50.0</speed_mph>
        </extensions>
      </trkpt>
      <trkpt lat="52.18119" lon="1.42422">
        <ele>0</ele>
        <time>2026-06-26T08:22:05.796Z</time>
        <name>875</name>
        <extensions>
          <speed_mps>22.352</speed_mps>
          <speed_mph>50.0</speed_mph>
        </extensions>
      </trkpt>
      <trkpt lat="52.18148" lon="1.42434">
        <ele>0</ele>
        <time>2026-06-26T08:22:07.320Z</time>
        <name>876</name>
        <extensions>
          <speed_mps>22.352</speed_mps>
          <speed_mph>50.0</speed_mph>
        </extensions>
      </trkpt>
      <trkpt lat="52.18178" lon="1.42448">
        <ele>0</ele>
        <time>2026-06-26T08:22:08.845Z</time>
        <name>877</name>
        <extensions>
          <speed_mps>22.352</speed_mps>
          <speed_mph>50.0</speed_mph>
        </extensions>
      </trkpt>
      <trkpt lat="52.18207" lon="1.42464">
        <ele>0</ele>
        <time>2026-06-26T08:22:10.370Z</time>
        <name>878</name>
        <extensions>
          <speed_mps>22.352</speed_mps>
          <speed_mph>50.0</speed_mph>
        </extensions>
      </trkpt>
      <trkpt lat="52.18236" lon="1.42481">
        <ele>0</ele>
        <time>2026-06-26T08:22:11.896Z</time>
        <name>879</name>
        <extensions>
          <speed_mps>22.352</speed_mps>
          <speed_mph>50.0</speed_mph>
        </extensions>
      </trkpt>
      <trkpt lat="52.18264" lon="1.42501">
        <ele>0</ele>
        <time>2026-06-26T08:22:13.415Z</time>
        <name>880</name>
        <extensions>
          <speed_mps>22.352</speed_mps>
          <speed_mph>50.0</speed_mph>
        </extensions>
      </trkpt>
      <trkpt lat="52.18290" lon="1.42526">
        <ele>0</ele>
        <time>2026-06-26T08:22:14.941Z</time>
        <name>881</name>
        <extensions>
          <speed_mps>22.352</speed_mps>
          <speed_mph>50.0</speed_mph>
        </extensions>
      </trkpt>
      <trkpt lat="52.18315" lon="1.42556">
        <ele>0</ele>
        <time>2026-06-26T08:22:16.464Z</time>
        <name>882</name>
        <extensions>
          <speed_mps>22.352</speed_mps>
          <speed_mph>50.0</speed_mph>
        </extensions>
      </trkpt>
      <trkpt lat="52.18338" lon="1.42589">
        <ele>0</ele>
        <time>2026-06-26T08:22:17.987Z</time>
        <name>883</name>
        <extensions>
          <speed_mps>22.352</speed_mps>
          <speed_mph>50.0</speed_mph>
        </extensions>
      </trkpt>
      <trkpt lat="52.18359" lon="1.42625">
        <ele>0</ele>
        <time>2026-06-26T08:22:19.512Z</time>
        <name>884</name>
        <extensions>
          <speed_mps>22.352</speed_mps>
          <speed_mph>50.0</speed_mph>
        </extensions>
      </trkpt>
      <trkpt lat="52.18375" lon="1.42667">
        <ele>0</ele>
        <time>2026-06-26T08:22:21.034Z</time>
        <name>885</name>
        <extensions>
          <speed_mps>22.352</speed_mps>
          <speed_mph>50.0</speed_mph>
        </extensions>
      </trkpt>
      <trkpt lat="52.18390" lon="1.42711">
        <ele>0</ele>
        <time>2026-06-26T08:22:22.559Z</time>
        <name>886</name>
        <extensions>
          <speed_mps>22.352</speed_mps>
          <speed_mph>50.0</speed_mph>
        </extensions>
      </trkpt>
      <trkpt lat="52.18403" lon="1.42756">
        <ele>0</ele>
        <time>2026-06-26T08:22:24.081Z</time>
        <name>887</name>
        <extensions>
          <speed_mps>22.352</speed_mps>
          <speed_mph>50.0</speed_mph>
        </extensions>
      </trkpt>
      <trkpt lat="52.18414" lon="1.42803">
        <ele>0</ele>
        <time>2026-06-26T08:22:25.606Z</time>
        <name>888</name>
        <extensions>
          <speed_mps>22.352</speed_mps>
          <speed_mph>50.0</speed_mph>
        </extensions>
      </trkpt>
      <trkpt lat="52.18421" lon="1.42851">
        <ele>0</ele>
        <time>2026-06-26T08:22:27.132Z</time>
        <name>889</name>
        <extensions>
          <speed_mps>22.352</speed_mps>
          <speed_mph>50.0</speed_mph>
        </extensions>
      </trkpt>
      <trkpt lat="52.18428" lon="1.42900">
        <ele>0</ele>
        <time>2026-06-26T08:22:28.657Z</time>
        <name>890</name>
        <extensions>
          <speed_mps>22.352</speed_mps>
          <speed_mph>50.0</speed_mph>
        </extensions>
      </trkpt>
      <trkpt lat="52.18432" lon="1.42950">
        <ele>0</ele>
        <time>2026-06-26T08:22:30.182Z</time>
        <name>891</name>
        <extensions>
          <speed_mps>22.352</speed_mps>
          <speed_mph>50.0</speed_mph>
        </extensions>
      </trkpt>
      <trkpt lat="52.18437" lon="1.42999">
        <ele>0</ele>
        <time>2026-06-26T08:22:31.707Z</time>
        <name>892</name>
        <extensions>
          <speed_mps>22.352</speed_mps>
          <speed_mph>50.0</speed_mph>
        </extensions>
      </trkpt>
      <trkpt lat="52.18441" lon="1.43049">
        <ele>0</ele>
        <time>2026-06-26T08:22:33.231Z</time>
        <name>893</name>
        <extensions>
          <speed_mps>22.352</speed_mps>
          <speed_mph>50.0</speed_mph>
        </extensions>
      </trkpt>
      <trkpt lat="52.18442" lon="1.43099">
        <ele>0</ele>
        <time>2026-06-26T08:22:34.756Z</time>
        <name>894</name>
        <extensions>
          <speed_mps>22.352</speed_mps>
          <speed_mph>50.0</speed_mph>
        </extensions>
      </trkpt>
      <trkpt lat="52.18444" lon="1.43148">
        <ele>0</ele>
        <time>2026-06-26T08:22:36.282Z</time>
        <name>895</name>
        <extensions>
          <speed_mps>22.352</speed_mps>
          <speed_mph>50.0</speed_mph>
        </extensions>
      </trkpt>
      <trkpt lat="52.18445" lon="1.43198">
        <ele>0</ele>
        <time>2026-06-26T08:22:37.807Z</time>
        <name>896</name>
        <extensions>
          <speed_mps>22.352</speed_mps>
          <speed_mph>50.0</speed_mph>
        </extensions>
      </trkpt>
      <trkpt lat="52.18446" lon="1.43248">
        <ele>0</ele>
        <time>2026-06-26T08:22:39.332Z</time>
        <name>897</name>
        <extensions>
          <speed_mps>22.352</speed_mps>
          <speed_mph>50.0</speed_mph>
        </extensions>
      </trkpt>
      <trkpt lat="52.18446" lon="1.43298">
        <ele>0</ele>
        <time>2026-06-26T08:22:40.858Z</time>
        <name>898</name>
        <extensions>
          <speed_mps>22.352</speed_mps>
          <speed_mph>50.0</speed_mph>
        </extensions>
      </trkpt>
      <trkpt lat="52.18447" lon="1.43348">
        <ele>0</ele>
        <time>2026-06-26T08:22:42.383Z</time>
        <name>899</name>
        <extensions>
          <speed_mps>22.352</speed_mps>
          <speed_mph>50.0</speed_mph>
        </extensions>
      </trkpt>
      <trkpt lat="52.18450" lon="1.43398">
        <ele>0</ele>
        <time>2026-06-26T08:22:43.904Z</time>
        <name>900</name>
        <extensions>
          <speed_mps>22.352</speed_mps>
          <speed_mph>50.0</speed_mph>
        </extensions>
      </trkpt>
      <trkpt lat="52.18455" lon="1.43447">
        <ele>0</ele>
        <time>2026-06-26T08:22:45.429Z</time>
        <name>901</name>
        <extensions>
          <speed_mps>22.352</speed_mps>
          <speed_mph>50.0</speed_mph>
        </extensions>
      </trkpt>
      <trkpt lat="52.18465" lon="1.43495">
        <ele>0</ele>
        <time>2026-06-26T08:22:46.955Z</time>
        <name>902</name>
        <extensions>
          <speed_mps>22.352</speed_mps>
          <speed_mph>50.0</speed_mph>
        </extensions>
      </trkpt>
      <trkpt lat="52.18475" lon="1.43542">
        <ele>0</ele>
        <time>2026-06-26T08:22:48.480Z</time>
        <name>903</name>
        <extensions>
          <speed_mps>22.352</speed_mps>
          <speed_mph>50.0</speed_mph>
        </extensions>
      </trkpt>
      <trkpt lat="52.18485" lon="1.43589">
        <ele>0</ele>
        <time>2026-06-26T08:22:50.005Z</time>
        <name>904</name>
        <extensions>
          <speed_mps>22.352</speed_mps>
          <speed_mph>50.0</speed_mph>
        </extensions>
      </trkpt>
      <trkpt lat="52.18495" lon="1.43637">
        <ele>0</ele>
        <time>2026-06-26T08:22:51.531Z</time>
        <name>905</name>
        <extensions>
          <speed_mps>22.352</speed_mps>
          <speed_mph>50.0</speed_mph>
        </extensions>
      </trkpt>
      <trkpt lat="52.18505" lon="1.43684">
        <ele>0</ele>
        <time>2026-06-26T08:22:53.056Z</time>
        <name>906</name>
        <extensions>
          <speed_mps>22.352</speed_mps>
          <speed_mph>50.0</speed_mph>
        </extensions>
      </trkpt>
      <trkpt lat="52.18514" lon="1.43731">
        <ele>0</ele>
        <time>2026-06-26T08:22:54.581Z</time>
        <name>907</name>
        <extensions>
          <speed_mps>22.352</speed_mps>
          <speed_mph>50.0</speed_mph>
        </extensions>
      </trkpt>
      <trkpt lat="52.18524" lon="1.43779">
        <ele>0</ele>
        <time>2026-06-26T08:22:56.107Z</time>
        <name>908</name>
        <extensions>
          <speed_mps>22.352</speed_mps>
          <speed_mph>50.0</speed_mph>
        </extensions>
      </trkpt>
      <trkpt lat="52.18534" lon="1.43826">
        <ele>0</ele>
        <time>2026-06-26T08:22:57.632Z</time>
        <name>909</name>
        <extensions>
          <speed_mps>22.352</speed_mps>
          <speed_mph>50.0</speed_mph>
        </extensions>
      </trkpt>
      <trkpt lat="52.18544" lon="1.43873">
        <ele>0</ele>
        <time>2026-06-26T08:22:59.157Z</time>
        <name>910</name>
        <extensions>
          <speed_mps>22.352</speed_mps>
          <speed_mph>50.0</speed_mph>
        </extensions>
      </trkpt>
      <trkpt lat="52.18552" lon="1.43922">
        <ele>0</ele>
        <time>2026-06-26T08:23:00.683Z</time>
        <name>911</name>
        <extensions>
          <speed_mps>22.352</speed_mps>
          <speed_mph>50.0</speed_mph>
        </extensions>
      </trkpt>
      <trkpt lat="52.18560" lon="1.43970">
        <ele>0</ele>
        <time>2026-06-26T08:23:02.208Z</time>
        <name>912</name>
        <extensions>
          <speed_mps>22.352</speed_mps>
          <speed_mph>50.0</speed_mph>
        </extensions>
      </trkpt>
      <trkpt lat="52.18565" lon="1.44019">
        <ele>0</ele>
        <time>2026-06-26T08:23:03.729Z</time>
        <name>913</name>
        <extensions>
          <speed_mps>22.352</speed_mps>
          <speed_mph>50.0</speed_mph>
        </extensions>
      </trkpt>
      <trkpt lat="52.18568" lon="1.44069">
        <ele>0</ele>
        <time>2026-06-26T08:23:05.254Z</time>
        <name>914</name>
        <extensions>
          <speed_mps>22.352</speed_mps>
          <speed_mph>50.0</speed_mph>
        </extensions>
      </trkpt>
      <trkpt lat="52.18571" lon="1.44119">
        <ele>0</ele>
        <time>2026-06-26T08:23:06.779Z</time>
        <name>915</name>
        <extensions>
          <speed_mps>22.352</speed_mps>
          <speed_mph>50.0</speed_mph>
        </extensions>
      </trkpt>
      <trkpt lat="52.18573" lon="1.44168">
        <ele>0</ele>
        <time>2026-06-26T08:23:08.304Z</time>
        <name>916</name>
        <extensions>
          <speed_mps>22.352</speed_mps>
          <speed_mph>50.0</speed_mph>
        </extensions>
      </trkpt>
      <trkpt lat="52.18575" lon="1.44218">
        <ele>0</ele>
        <time>2026-06-26T08:23:09.829Z</time>
        <name>917</name>
        <extensions>
          <speed_mps>22.352</speed_mps>
          <speed_mph>50.0</speed_mph>
        </extensions>
      </trkpt>
      <trkpt lat="52.18580" lon="1.44268">
        <ele>0</ele>
        <time>2026-06-26T08:23:11.354Z</time>
        <name>918</name>
        <extensions>
          <speed_mps>22.352</speed_mps>
          <speed_mph>50.0</speed_mph>
        </extensions>
      </trkpt>
      <trkpt lat="52.18589" lon="1.44316">
        <ele>0</ele>
        <time>2026-06-26T08:23:12.878Z</time>
        <name>919</name>
        <extensions>
          <speed_mps>22.352</speed_mps>
          <speed_mph>50.0</speed_mph>
        </extensions>
      </trkpt>
      <trkpt lat="52.18601" lon="1.44361">
        <ele>0</ele>
        <time>2026-06-26T08:23:14.403Z</time>
        <name>920</name>
        <extensions>
          <speed_mps>22.352</speed_mps>
          <speed_mph>50.0</speed_mph>
        </extensions>
      </trkpt>
      <trkpt lat="52.18614" lon="1.44407">
        <ele>0</ele>
        <time>2026-06-26T08:23:15.928Z</time>
        <name>921</name>
        <extensions>
          <speed_mps>22.352</speed_mps>
          <speed_mph>50.0</speed_mph>
        </extensions>
      </trkpt>
      <trkpt lat="52.18628" lon="1.44451">
        <ele>0</ele>
        <time>2026-06-26T08:23:17.453Z</time>
        <name>922</name>
        <extensions>
          <speed_mps>22.352</speed_mps>
          <speed_mph>50.0</speed_mph>
        </extensions>
      </trkpt>
      <trkpt lat="52.18643" lon="1.44495">
        <ele>0</ele>
        <time>2026-06-26T08:23:18.978Z</time>
        <name>923</name>
        <extensions>
          <speed_mps>22.352</speed_mps>
          <speed_mph>50.0</speed_mph>
        </extensions>
      </trkpt>
      <trkpt lat="52.18660" lon="1.44536">
        <ele>0</ele>
        <time>2026-06-26T08:23:20.502Z</time>
        <name>924</name>
        <extensions>
          <speed_mps>22.352</speed_mps>
          <speed_mph>50.0</speed_mph>
        </extensions>
      </trkpt>
      <trkpt lat="52.18680" lon="1.44575">
        <ele>0</ele>
        <time>2026-06-26T08:23:22.028Z</time>
        <name>925</name>
        <extensions>
          <speed_mps>22.352</speed_mps>
          <speed_mph>50.0</speed_mph>
        </extensions>
      </trkpt>
      <trkpt lat="52.18701" lon="1.44611">
        <ele>0</ele>
        <time>2026-06-26T08:23:23.552Z</time>
        <name>926</name>
        <extensions>
          <speed_mps>22.352</speed_mps>
          <speed_mph>50.0</speed_mph>
        </extensions>
      </trkpt>
      <trkpt lat="52.18723" lon="1.44646">
        <ele>0</ele>
        <time>2026-06-26T08:23:25.078Z</time>
        <name>927</name>
        <extensions>
          <speed_mps>22.352</speed_mps>
          <speed_mph>50.0</speed_mph>
        </extensions>
      </trkpt>
      <trkpt lat="52.18745" lon="1.44681">
        <ele>0</ele>
        <time>2026-06-26T08:23:26.603Z</time>
        <name>928</name>
        <extensions>
          <speed_mps>22.352</speed_mps>
          <speed_mph>50.0</speed_mph>
        </extensions>
      </trkpt>
      <trkpt lat="52.18767" lon="1.44715">
        <ele>0</ele>
        <time>2026-06-26T08:23:28.128Z</time>
        <name>929</name>
        <extensions>
          <speed_mps>22.352</speed_mps>
          <speed_mph>50.0</speed_mph>
        </extensions>
      </trkpt>
      <trkpt lat="52.18789" lon="1.44751">
        <ele>0</ele>
        <time>2026-06-26T08:23:29.653Z</time>
        <name>930</name>
        <extensions>
          <speed_mps>22.352</speed_mps>
          <speed_mph>50.0</speed_mph>
        </extensions>
      </trkpt>
      <trkpt lat="52.18810" lon="1.44786">
        <ele>0</ele>
        <time>2026-06-26T08:23:31.179Z</time>
        <name>931</name>
        <extensions>
          <speed_mps>22.352</speed_mps>
          <speed_mph>50.0</speed_mph>
        </extensions>
      </trkpt>
      <trkpt lat="52.18831" lon="1.44823">
        <ele>0</ele>
        <time>2026-06-26T08:23:32.704Z</time>
        <name>932</name>
        <extensions>
          <speed_mps>22.352</speed_mps>
          <speed_mph>50.0</speed_mph>
        </extensions>
      </trkpt>
      <trkpt lat="52.18852" lon="1.44859">
        <ele>0</ele>
        <time>2026-06-26T08:23:34.229Z</time>
        <name>933</name>
        <extensions>
          <speed_mps>22.352</speed_mps>
          <speed_mph>50.0</speed_mph>
        </extensions>
      </trkpt>
      <trkpt lat="52.18872" lon="1.44898">
        <ele>0</ele>
        <time>2026-06-26T08:23:35.754Z</time>
        <name>934</name>
        <extensions>
          <speed_mps>22.352</speed_mps>
          <speed_mph>50.0</speed_mph>
        </extensions>
      </trkpt>
      <trkpt lat="52.18887" lon="1.44941">
        <ele>0</ele>
        <time>2026-06-26T08:23:37.275Z</time>
        <name>935</name>
        <extensions>
          <speed_mps>22.352</speed_mps>
          <speed_mph>50.0</speed_mph>
        </extensions>
      </trkpt>
      <trkpt lat="52.18893" lon="1.44990">
        <ele>0</ele>
        <time>2026-06-26T08:23:38.791Z</time>
        <name>936</name>
        <extensions>
          <speed_mps>22.352</speed_mps>
          <speed_mph>50.0</speed_mph>
        </extensions>
      </trkpt>
      <trkpt lat="52.18892" lon="1.45040">
        <ele>0</ele>
        <time>2026-06-26T08:23:40.315Z</time>
        <name>937</name>
        <extensions>
          <speed_mps>22.352</speed_mps>
          <speed_mph>50.0</speed_mph>
        </extensions>
      </trkpt>
      <trkpt lat="52.18887" lon="1.45089">
        <ele>0</ele>
        <time>2026-06-26T08:23:41.840Z</time>
        <name>938</name>
        <extensions>
          <speed_mps>22.352</speed_mps>
          <speed_mph>50.0</speed_mph>
        </extensions>
      </trkpt>
      <trkpt lat="52.18881" lon="1.45138">
        <ele>0</ele>
        <time>2026-06-26T08:23:43.365Z</time>
        <name>939</name>
        <extensions>
          <speed_mps>22.352</speed_mps>
          <speed_mph>50.0</speed_mph>
        </extensions>
      </trkpt>
      <trkpt lat="52.18876" lon="1.45188">
        <ele>0</ele>
        <time>2026-06-26T08:23:44.890Z</time>
        <name>940</name>
        <extensions>
          <speed_mps>22.352</speed_mps>
          <speed_mph>50.0</speed_mph>
        </extensions>
      </trkpt>
      <trkpt lat="52.18871" lon="1.45237">
        <ele>0</ele>
        <time>2026-06-26T08:23:46.415Z</time>
        <name>941</name>
        <extensions>
          <speed_mps>22.352</speed_mps>
          <speed_mph>50.0</speed_mph>
        </extensions>
      </trkpt>
      <trkpt lat="52.18868" lon="1.45287">
        <ele>0</ele>
        <time>2026-06-26T08:23:47.941Z</time>
        <name>942</name>
        <extensions>
          <speed_mps>22.352</speed_mps>
          <speed_mph>50.0</speed_mph>
        </extensions>
      </trkpt>
      <trkpt lat="52.18865" lon="1.45336">
        <ele>0</ele>
        <time>2026-06-26T08:23:49.466Z</time>
        <name>943</name>
        <extensions>
          <speed_mps>22.352</speed_mps>
          <speed_mph>50.0</speed_mph>
        </extensions>
      </trkpt>
      <trkpt lat="52.18862" lon="1.45386">
        <ele>0</ele>
        <time>2026-06-26T08:23:50.991Z</time>
        <name>944</name>
        <extensions>
          <speed_mps>22.352</speed_mps>
          <speed_mph>50.0</speed_mph>
        </extensions>
      </trkpt>
      <trkpt lat="52.18860" lon="1.45436">
        <ele>0</ele>
        <time>2026-06-26T08:23:52.517Z</time>
        <name>945</name>
        <extensions>
          <speed_mps>22.352</speed_mps>
          <speed_mph>50.0</speed_mph>
        </extensions>
      </trkpt>
      <trkpt lat="52.18860" lon="1.45486">
        <ele>0</ele>
        <time>2026-06-26T08:23:54.036Z</time>
        <name>946</name>
        <extensions>
          <speed_mps>22.352</speed_mps>
          <speed_mph>50.0</speed_mph>
        </extensions>
      </trkpt>
      <trkpt lat="52.18875" lon="1.45529">
        <ele>0</ele>
        <time>2026-06-26T08:23:55.532Z</time>
        <name>947</name>
        <extensions>
          <speed_mps>22.352</speed_mps>
          <speed_mph>50.0</speed_mph>
        </extensions>
      </trkpt>
      <trkpt lat="52.18900" lon="1.45557">
        <ele>0</ele>
        <time>2026-06-26T08:23:57.043Z</time>
        <name>948</name>
        <extensions>
          <speed_mps>22.352</speed_mps>
          <speed_mph>50.0</speed_mph>
        </extensions>
      </trkpt>
      <trkpt lat="52.18929" lon="1.45574">
        <ele>0</ele>
        <time>2026-06-26T08:23:58.568Z</time>
        <name>949</name>
        <extensions>
          <speed_mps>22.352</speed_mps>
          <speed_mph>50.0</speed_mph>
        </extensions>
      </trkpt>
      <trkpt lat="52.18957" lon="1.45593">
        <ele>0</ele>
        <time>2026-06-26T08:24:00.092Z</time>
        <name>950</name>
        <extensions>
          <speed_mps>22.352</speed_mps>
          <speed_mph>50.0</speed_mph>
        </extensions>
      </trkpt>
      <trkpt lat="52.18984" lon="1.45616">
        <ele>0</ele>
        <time>2026-06-26T08:24:01.617Z</time>
        <name>951</name>
        <extensions>
          <speed_mps>22.352</speed_mps>
          <speed_mph>50.0</speed_mph>
        </extensions>
      </trkpt>
      <trkpt lat="52.19011" lon="1.45639">
        <ele>0</ele>
        <time>2026-06-26T08:24:03.142Z</time>
        <name>952</name>
        <extensions>
          <speed_mps>22.352</speed_mps>
          <speed_mph>50.0</speed_mph>
        </extensions>
      </trkpt>
      <trkpt lat="52.19039" lon="1.45662">
        <ele>0</ele>
        <time>2026-06-26T08:24:04.668Z</time>
        <name>953</name>
        <extensions>
          <speed_mps>22.352</speed_mps>
          <speed_mph>50.0</speed_mph>
        </extensions>
      </trkpt>
      <trkpt lat="52.19065" lon="1.45686">
        <ele>0</ele>
        <time>2026-06-26T08:24:06.193Z</time>
        <name>954</name>
        <extensions>
          <speed_mps>22.352</speed_mps>
          <speed_mph>50.0</speed_mph>
        </extensions>
      </trkpt>
      <trkpt lat="52.19092" lon="1.45711">
        <ele>0</ele>
        <time>2026-06-26T08:24:07.718Z</time>
        <name>955</name>
        <extensions>
          <speed_mps>22.352</speed_mps>
          <speed_mph>50.0</speed_mph>
        </extensions>
      </trkpt>
      <trkpt lat="52.19117" lon="1.45740">
        <ele>0</ele>
        <time>2026-06-26T08:24:09.244Z</time>
        <name>956</name>
        <extensions>
          <speed_mps>22.352</speed_mps>
          <speed_mph>50.0</speed_mph>
        </extensions>
      </trkpt>
      <trkpt lat="52.19140" lon="1.45772">
        <ele>0</ele>
        <time>2026-06-26T08:24:10.766Z</time>
        <name>957</name>
        <extensions>
          <speed_mps>22.352</speed_mps>
          <speed_mph>50.0</speed_mph>
        </extensions>
      </trkpt>
      <trkpt lat="52.19160" lon="1.45811">
        <ele>0</ele>
        <time>2026-06-26T08:24:12.289Z</time>
        <name>958</name>
        <extensions>
          <speed_mps>22.352</speed_mps>
          <speed_mph>50.0</speed_mph>
        </extensions>
      </trkpt>
      <trkpt lat="52.19176" lon="1.45853">
        <ele>0</ele>
        <time>2026-06-26T08:24:13.813Z</time>
        <name>959</name>
        <extensions>
          <speed_mps>22.352</speed_mps>
          <speed_mph>50.0</speed_mph>
        </extensions>
      </trkpt>
      <trkpt lat="52.19187" lon="1.45900">
        <ele>0</ele>
        <time>2026-06-26T08:24:15.336Z</time>
        <name>960</name>
        <extensions>
          <speed_mps>22.352</speed_mps>
          <speed_mph>50.0</speed_mph>
        </extensions>
      </trkpt>
      <trkpt lat="52.19195" lon="1.45948">
        <ele>0</ele>
        <time>2026-06-26T08:24:16.858Z</time>
        <name>961</name>
        <extensions>
          <speed_mps>22.352</speed_mps>
          <speed_mph>50.0</speed_mph>
        </extensions>
      </trkpt>
      <trkpt lat="52.19198" lon="1.45998">
        <ele>0</ele>
        <time>2026-06-26T08:24:18.383Z</time>
        <name>962</name>
        <extensions>
          <speed_mps>22.352</speed_mps>
          <speed_mph>50.0</speed_mph>
        </extensions>
      </trkpt>
      <trkpt lat="52.19197" lon="1.46048">
        <ele>0</ele>
        <time>2026-06-26T08:24:19.908Z</time>
        <name>963</name>
        <extensions>
          <speed_mps>22.352</speed_mps>
          <speed_mph>50.0</speed_mph>
        </extensions>
      </trkpt>
      <trkpt lat="52.19195" lon="1.46098">
        <ele>0</ele>
        <time>2026-06-26T08:24:21.434Z</time>
        <name>964</name>
        <extensions>
          <speed_mps>22.352</speed_mps>
          <speed_mph>50.0</speed_mph>
        </extensions>
      </trkpt>
      <trkpt lat="52.19192" lon="1.46148">
        <ele>0</ele>
        <time>2026-06-26T08:24:22.959Z</time>
        <name>965</name>
        <extensions>
          <speed_mps>22.352</speed_mps>
          <speed_mph>50.0</speed_mph>
        </extensions>
      </trkpt>
      <trkpt lat="52.19190" lon="1.46198">
        <ele>0</ele>
        <time>2026-06-26T08:24:24.484Z</time>
        <name>966</name>
        <extensions>
          <speed_mps>22.352</speed_mps>
          <speed_mph>50.0</speed_mph>
        </extensions>
      </trkpt>
      <trkpt lat="52.19187" lon="1.46247">
        <ele>0</ele>
        <time>2026-06-26T08:24:26.010Z</time>
        <name>967</name>
        <extensions>
          <speed_mps>22.352</speed_mps>
          <speed_mph>50.0</speed_mph>
        </extensions>
      </trkpt>
      <trkpt lat="52.19185" lon="1.46297">
        <ele>0</ele>
        <time>2026-06-26T08:24:27.535Z</time>
        <name>968</name>
        <extensions>
          <speed_mps>22.352</speed_mps>
          <speed_mph>50.0</speed_mph>
        </extensions>
      </trkpt>
      <trkpt lat="52.19182" lon="1.46347">
        <ele>0</ele>
        <time>2026-06-26T08:24:29.060Z</time>
        <name>969</name>
        <extensions>
          <speed_mps>22.352</speed_mps>
          <speed_mph>50.0</speed_mph>
        </extensions>
      </trkpt>
      <trkpt lat="52.19180" lon="1.46397">
        <ele>0</ele>
        <time>2026-06-26T08:24:30.586Z</time>
        <name>970</name>
        <extensions>
          <speed_mps>22.352</speed_mps>
          <speed_mph>50.0</speed_mph>
        </extensions>
      </trkpt>
      <trkpt lat="52.19177" lon="1.46447">
        <ele>0</ele>
        <time>2026-06-26T08:24:32.111Z</time>
        <name>971</name>
        <extensions>
          <speed_mps>22.352</speed_mps>
          <speed_mph>50.0</speed_mph>
        </extensions>
      </trkpt>
      <trkpt lat="52.19174" lon="1.46496">
        <ele>0</ele>
        <time>2026-06-26T08:24:33.633Z</time>
        <name>972</name>
        <extensions>
          <speed_mps>22.352</speed_mps>
          <speed_mph>50.0</speed_mph>
        </extensions>
      </trkpt>
      <trkpt lat="52.19167" lon="1.46545">
        <ele>0</ele>
        <time>2026-06-26T08:24:35.158Z</time>
        <name>973</name>
        <extensions>
          <speed_mps>22.352</speed_mps>
          <speed_mph>50.0</speed_mph>
        </extensions>
      </trkpt>
      <trkpt lat="52.19161" lon="1.46594">
        <ele>0</ele>
        <time>2026-06-26T08:24:36.683Z</time>
        <name>974</name>
        <extensions>
          <speed_mps>22.352</speed_mps>
          <speed_mph>50.0</speed_mph>
        </extensions>
      </trkpt>
      <trkpt lat="52.19153" lon="1.46643">
        <ele>0</ele>
        <time>2026-06-26T08:24:38.208Z</time>
        <name>975</name>
        <extensions>
          <speed_mps>22.352</speed_mps>
          <speed_mph>50.0</speed_mph>
        </extensions>
      </trkpt>
      <trkpt lat="52.19147" lon="1.46691">
        <ele>0</ele>
        <time>2026-06-26T08:24:39.733Z</time>
        <name>976</name>
        <extensions>
          <speed_mps>22.352</speed_mps>
          <speed_mph>50.0</speed_mph>
        </extensions>
      </trkpt>
      <trkpt lat="52.19141" lon="1.46740">
        <ele>0</ele>
        <time>2026-06-26T08:24:41.258Z</time>
        <name>977</name>
        <extensions>
          <speed_mps>22.352</speed_mps>
          <speed_mph>50.0</speed_mph>
        </extensions>
      </trkpt>
      <trkpt lat="52.19149" lon="1.46782">
        <ele>0</ele>
        <time>2026-06-26T08:24:42.600Z</time>
        <name>978</name>
        <extensions>
          <speed_mps>22.352</speed_mps>
          <speed_mph>50.0</speed_mph>
        </extensions>
      </trkpt>
      <trkpt lat="52.19165" lon="1.46821">
        <ele>0</ele>
        <time>2026-06-26T08:24:44.014Z</time>
        <name>979</name>
        <extensions>
          <speed_mps>22.352</speed_mps>
          <speed_mph>50.0</speed_mph>
        </extensions>
      </trkpt>
      <trkpt lat="52.19184" lon="1.46860">
        <ele>0</ele>
        <time>2026-06-26T08:24:45.539Z</time>
        <name>980</name>
        <extensions>
          <speed_mps>22.352</speed_mps>
          <speed_mph>50.0</speed_mph>
        </extensions>
      </trkpt>
      <trkpt lat="52.19197" lon="1.46906">
        <ele>0</ele>
        <time>2026-06-26T08:24:47.061Z</time>
        <name>981</name>
        <extensions>
          <speed_mps>22.352</speed_mps>
          <speed_mph>50.0</speed_mph>
        </extensions>
      </trkpt>
      <trkpt lat="52.19207" lon="1.46953">
        <ele>0</ele>
        <time>2026-06-26T08:24:48.586Z</time>
        <name>982</name>
        <extensions>
          <speed_mps>22.352</speed_mps>
          <speed_mph>50.0</speed_mph>
        </extensions>
      </trkpt>
      <trkpt lat="52.19216" lon="1.47001">
        <ele>0</ele>
        <time>2026-06-26T08:24:50.112Z</time>
        <name>983</name>
        <extensions>
          <speed_mps>22.352</speed_mps>
          <speed_mph>50.0</speed_mph>
        </extensions>
      </trkpt>
      <trkpt lat="52.19225" lon="1.47048">
        <ele>0</ele>
        <time>2026-06-26T08:24:51.637Z</time>
        <name>984</name>
        <extensions>
          <speed_mps>22.352</speed_mps>
          <speed_mph>50.0</speed_mph>
        </extensions>
      </trkpt>
      <trkpt lat="52.19234" lon="1.47096">
        <ele>0</ele>
        <time>2026-06-26T08:24:53.162Z</time>
        <name>985</name>
        <extensions>
          <speed_mps>22.352</speed_mps>
          <speed_mph>50.0</speed_mph>
        </extensions>
      </trkpt>
      <trkpt lat="52.19243" lon="1.47144">
        <ele>0</ele>
        <time>2026-06-26T08:24:54.686Z</time>
        <name>986</name>
        <extensions>
          <speed_mps>22.352</speed_mps>
          <speed_mph>50.0</speed_mph>
        </extensions>
      </trkpt>
      <trkpt lat="52.19253" lon="1.47191">
        <ele>0</ele>
        <time>2026-06-26T08:24:56.212Z</time>
        <name>987</name>
        <extensions>
          <speed_mps>22.352</speed_mps>
          <speed_mph>50.0</speed_mph>
        </extensions>
      </trkpt>
      <trkpt lat="52.19266" lon="1.47237">
        <ele>0</ele>
        <time>2026-06-26T08:24:57.736Z</time>
        <name>988</name>
        <extensions>
          <speed_mps>22.352</speed_mps>
          <speed_mph>50.0</speed_mph>
        </extensions>
      </trkpt>
      <trkpt lat="52.19279" lon="1.47282">
        <ele>0</ele>
        <time>2026-06-26T08:24:59.261Z</time>
        <name>989</name>
        <extensions>
          <speed_mps>22.352</speed_mps>
          <speed_mph>50.0</speed_mph>
        </extensions>
      </trkpt>
      <trkpt lat="52.19294" lon="1.47326">
        <ele>0</ele>
        <time>2026-06-26T08:25:00.786Z</time>
        <name>990</name>
        <extensions>
          <speed_mps>22.352</speed_mps>
          <speed_mph>50.0</speed_mph>
        </extensions>
      </trkpt>
      <trkpt lat="52.19310" lon="1.47368">
        <ele>0</ele>
        <time>2026-06-26T08:25:02.310Z</time>
        <name>991</name>
        <extensions>
          <speed_mps>22.352</speed_mps>
          <speed_mph>50.0</speed_mph>
        </extensions>
      </trkpt>
      <trkpt lat="52.19328" lon="1.47409">
        <ele>0</ele>
        <time>2026-06-26T08:25:03.836Z</time>
        <name>992</name>
        <extensions>
          <speed_mps>22.352</speed_mps>
          <speed_mph>50.0</speed_mph>
        </extensions>
      </trkpt>
      <trkpt lat="52.19348" lon="1.47447">
        <ele>0</ele>
        <time>2026-06-26T08:25:05.359Z</time>
        <name>993</name>
        <extensions>
          <speed_mps>22.352</speed_mps>
          <speed_mph>50.0</speed_mph>
        </extensions>
      </trkpt>
      <trkpt lat="52.19368" lon="1.47484">
        <ele>0</ele>
        <time>2026-06-26T08:25:06.884Z</time>
        <name>994</name>
        <extensions>
          <speed_mps>22.352</speed_mps>
          <speed_mph>50.0</speed_mph>
        </extensions>
      </trkpt>
      <trkpt lat="52.19390" lon="1.47519">
        <ele>0</ele>
        <time>2026-06-26T08:25:08.409Z</time>
        <name>995</name>
        <extensions>
          <speed_mps>22.352</speed_mps>
          <speed_mph>50.0</speed_mph>
        </extensions>
      </trkpt>
      <trkpt lat="52.19414" lon="1.47551">
        <ele>0</ele>
        <time>2026-06-26T08:25:09.933Z</time>
        <name>996</name>
        <extensions>
          <speed_mps>22.352</speed_mps>
          <speed_mph>50.0</speed_mph>
        </extensions>
      </trkpt>
      <trkpt lat="52.19438" lon="1.47582">
        <ele>0</ele>
        <time>2026-06-26T08:25:11.459Z</time>
        <name>997</name>
        <extensions>
          <speed_mps>22.352</speed_mps>
          <speed_mph>50.0</speed_mph>
        </extensions>
      </trkpt>
      <trkpt lat="52.19462" lon="1.47613">
        <ele>0</ele>
        <time>2026-06-26T08:25:12.984Z</time>
        <name>998</name>
        <extensions>
          <speed_mps>22.352</speed_mps>
          <speed_mph>50.0</speed_mph>
        </extensions>
      </trkpt>
      <trkpt lat="52.19486" lon="1.47643">
        <ele>0</ele>
        <time>2026-06-26T08:25:14.509Z</time>
        <name>999</name>
        <extensions>
          <speed_mps>22.352</speed_mps>
          <speed_mph>50.0</speed_mph>
        </extensions>
      </trkpt>
      <trkpt lat="52.19511" lon="1.47672">
        <ele>0</ele>
        <time>2026-06-26T08:25:16.035Z</time>
        <name>1000</name>
        <extensions>
          <speed_mps>22.352</speed_mps>
          <speed_mph>50.0</speed_mph>
        </extensions>
      </trkpt>
      <trkpt lat="52.19536" lon="1.47702">
        <ele>0</ele>
        <time>2026-06-26T08:25:17.560Z</time>
        <name>1001</name>
        <extensions>
          <speed_mps>22.352</speed_mps>
          <speed_mph>50.0</speed_mph>
        </extensions>
      </trkpt>
      <trkpt lat="52.19560" lon="1.47732">
        <ele>0</ele>
        <time>2026-06-26T08:25:19.085Z</time>
        <name>1002</name>
        <extensions>
          <speed_mps>22.352</speed_mps>
          <speed_mph>50.0</speed_mph>
        </extensions>
      </trkpt>
      <trkpt lat="52.19585" lon="1.47762">
        <ele>0</ele>
        <time>2026-06-26T08:25:20.611Z</time>
        <name>1003</name>
        <extensions>
          <speed_mps>22.352</speed_mps>
          <speed_mph>50.0</speed_mph>
        </extensions>
      </trkpt>
      <trkpt lat="52.19610" lon="1.47791">
        <ele>0</ele>
        <time>2026-06-26T08:25:22.136Z</time>
        <name>1004</name>
        <extensions>
          <speed_mps>22.352</speed_mps>
          <speed_mph>50.0</speed_mph>
        </extensions>
      </trkpt>
      <trkpt lat="52.19635" lon="1.47820">
        <ele>0</ele>
        <time>2026-06-26T08:25:23.661Z</time>
        <name>1005</name>
        <extensions>
          <speed_mps>22.352</speed_mps>
          <speed_mph>50.0</speed_mph>
        </extensions>
      </trkpt>
      <trkpt lat="52.19661" lon="1.47846">
        <ele>0</ele>
        <time>2026-06-26T08:25:25.186Z</time>
        <name>1006</name>
        <extensions>
          <speed_mps>22.352</speed_mps>
          <speed_mph>50.0</speed_mph>
        </extensions>
      </trkpt>
      <trkpt lat="52.19688" lon="1.47870">
        <ele>0</ele>
        <time>2026-06-26T08:25:26.711Z</time>
        <name>1007</name>
        <extensions>
          <speed_mps>22.352</speed_mps>
          <speed_mph>50.0</speed_mph>
        </extensions>
      </trkpt>
      <trkpt lat="52.19715" lon="1.47893">
        <ele>0</ele>
        <time>2026-06-26T08:25:28.237Z</time>
        <name>1008</name>
        <extensions>
          <speed_mps>22.352</speed_mps>
          <speed_mph>50.0</speed_mph>
        </extensions>
      </trkpt>
      <trkpt lat="52.19743" lon="1.47913">
        <ele>0</ele>
        <time>2026-06-26T08:25:29.762Z</time>
        <name>1009</name>
        <extensions>
          <speed_mps>22.352</speed_mps>
          <speed_mph>50.0</speed_mph>
        </extensions>
      </trkpt>
      <trkpt lat="52.19772" lon="1.47930">
        <ele>0</ele>
        <time>2026-06-26T08:25:31.287Z</time>
        <name>1010</name>
        <extensions>
          <speed_mps>22.352</speed_mps>
          <speed_mph>50.0</speed_mph>
        </extensions>
      </trkpt>
      <trkpt lat="52.19799" lon="1.47954">
        <ele>0</ele>
        <time>2026-06-26T08:25:32.806Z</time>
        <name>1011</name>
        <extensions>
          <speed_mps>22.352</speed_mps>
          <speed_mph>50.0</speed_mph>
        </extensions>
      </trkpt>
      <trkpt lat="52.19805" lon="1.47999">
        <ele>0</ele>
        <time>2026-06-26T08:25:34.227Z</time>
        <name>1012</name>
        <extensions>
          <speed_mps>22.352</speed_mps>
          <speed_mph>50.0</speed_mph>
        </extensions>
      </trkpt>
      <trkpt lat="52.19813" lon="1.48047">
        <ele>0</ele>
        <time>2026-06-26T08:25:35.742Z</time>
        <name>1013</name>
        <extensions>
          <speed_mps>22.352</speed_mps>
          <speed_mph>50.0</speed_mph>
        </extensions>
      </trkpt>
      <trkpt lat="52.19835" lon="1.48082">
        <ele>0</ele>
        <time>2026-06-26T08:25:37.256Z</time>
        <name>1014</name>
        <extensions>
          <speed_mps>22.352</speed_mps>
          <speed_mph>50.0</speed_mph>
        </extensions>
      </trkpt>
      <trkpt lat="52.19860" lon="1.48112">
        <ele>0</ele>
        <time>2026-06-26T08:25:38.780Z</time>
        <name>1015</name>
        <extensions>
          <speed_mps>22.352</speed_mps>
          <speed_mph>50.0</speed_mph>
        </extensions>
      </trkpt>
      <trkpt lat="52.19884" lon="1.48141">
        <ele>0</ele>
        <time>2026-06-26T08:25:40.306Z</time>
        <name>1016</name>
        <extensions>
          <speed_mps>22.352</speed_mps>
          <speed_mph>50.0</speed_mph>
        </extensions>
      </trkpt>
      <trkpt lat="52.19909" lon="1.48170">
        <ele>0</ele>
        <time>2026-06-26T08:25:41.831Z</time>
        <name>1017</name>
        <extensions>
          <speed_mps>22.352</speed_mps>
          <speed_mph>50.0</speed_mph>
        </extensions>
      </trkpt>
      <trkpt lat="52.19934" lon="1.48199">
        <ele>0</ele>
        <time>2026-06-26T08:25:43.356Z</time>
        <name>1018</name>
        <extensions>
          <speed_mps>22.352</speed_mps>
          <speed_mph>50.0</speed_mph>
        </extensions>
      </trkpt>
      <trkpt lat="52.19959" lon="1.48229">
        <ele>0</ele>
        <time>2026-06-26T08:25:44.882Z</time>
        <name>1019</name>
        <extensions>
          <speed_mps>22.352</speed_mps>
          <speed_mph>50.0</speed_mph>
        </extensions>
      </trkpt>
      <trkpt lat="52.19984" lon="1.48258">
        <ele>0</ele>
        <time>2026-06-26T08:25:46.406Z</time>
        <name>1020</name>
        <extensions>
          <speed_mps>22.352</speed_mps>
          <speed_mph>50.0</speed_mph>
        </extensions>
      </trkpt>
      <trkpt lat="52.20008" lon="1.48288">
        <ele>0</ele>
        <time>2026-06-26T08:25:47.931Z</time>
        <name>1021</name>
        <extensions>
          <speed_mps>22.352</speed_mps>
          <speed_mph>50.0</speed_mph>
        </extensions>
      </trkpt>
      <trkpt lat="52.20033" lon="1.48317">
        <ele>0</ele>
        <time>2026-06-26T08:25:49.457Z</time>
        <name>1022</name>
        <extensions>
          <speed_mps>22.352</speed_mps>
          <speed_mph>50.0</speed_mph>
        </extensions>
      </trkpt>
      <trkpt lat="52.20058" lon="1.48347">
        <ele>0</ele>
        <time>2026-06-26T08:25:50.982Z</time>
        <name>1023</name>
        <extensions>
          <speed_mps>22.352</speed_mps>
          <speed_mph>50.0</speed_mph>
        </extensions>
      </trkpt>
      <trkpt lat="52.20082" lon="1.48378">
        <ele>0</ele>
        <time>2026-06-26T08:25:52.506Z</time>
        <name>1024</name>
        <extensions>
          <speed_mps>22.352</speed_mps>
          <speed_mph>50.0</speed_mph>
        </extensions>
      </trkpt>
      <trkpt lat="52.20104" lon="1.48413">
        <ele>0</ele>
        <time>2026-06-26T08:25:54.030Z</time>
        <name>1025</name>
        <extensions>
          <speed_mps>22.352</speed_mps>
          <speed_mph>50.0</speed_mph>
        </extensions>
      </trkpt>
      <trkpt lat="52.20125" lon="1.48449">
        <ele>0</ele>
        <time>2026-06-26T08:25:55.556Z</time>
        <name>1026</name>
        <extensions>
          <speed_mps>22.352</speed_mps>
          <speed_mph>50.0</speed_mph>
        </extensions>
      </trkpt>
      <trkpt lat="52.20146" lon="1.48486">
        <ele>0</ele>
        <time>2026-06-26T08:25:57.080Z</time>
        <name>1027</name>
        <extensions>
          <speed_mps>22.352</speed_mps>
          <speed_mph>50.0</speed_mph>
        </extensions>
      </trkpt>
      <trkpt lat="52.20167" lon="1.48523">
        <ele>0</ele>
        <time>2026-06-26T08:25:58.606Z</time>
        <name>1028</name>
        <extensions>
          <speed_mps>22.352</speed_mps>
          <speed_mph>50.0</speed_mph>
        </extensions>
      </trkpt>
      <trkpt lat="52.20187" lon="1.48560">
        <ele>0</ele>
        <time>2026-06-26T08:26:00.131Z</time>
        <name>1029</name>
        <extensions>
          <speed_mps>22.352</speed_mps>
          <speed_mph>50.0</speed_mph>
        </extensions>
      </trkpt>
      <trkpt lat="52.20205" lon="1.48600">
        <ele>0</ele>
        <time>2026-06-26T08:26:01.654Z</time>
        <name>1030</name>
        <extensions>
          <speed_mps>22.352</speed_mps>
          <speed_mph>50.0</speed_mph>
        </extensions>
      </trkpt>
      <trkpt lat="52.20221" lon="1.48643">
        <ele>0</ele>
        <time>2026-06-26T08:26:03.179Z</time>
        <name>1031</name>
        <extensions>
          <speed_mps>22.352</speed_mps>
          <speed_mph>50.0</speed_mph>
        </extensions>
      </trkpt>
      <trkpt lat="52.20235" lon="1.48687">
        <ele>0</ele>
        <time>2026-06-26T08:26:04.704Z</time>
        <name>1032</name>
        <extensions>
          <speed_mps>22.352</speed_mps>
          <speed_mph>50.0</speed_mph>
        </extensions>
      </trkpt>
      <trkpt lat="52.20250" lon="1.48731">
        <ele>0</ele>
        <time>2026-06-26T08:26:06.229Z</time>
        <name>1033</name>
        <extensions>
          <speed_mps>22.352</speed_mps>
          <speed_mph>50.0</speed_mph>
        </extensions>
      </trkpt>
      <trkpt lat="52.20264" lon="1.48775">
        <ele>0</ele>
        <time>2026-06-26T08:26:07.755Z</time>
        <name>1034</name>
        <extensions>
          <speed_mps>22.352</speed_mps>
          <speed_mph>50.0</speed_mph>
        </extensions>
      </trkpt>
      <trkpt lat="52.20279" lon="1.48819">
        <ele>0</ele>
        <time>2026-06-26T08:26:09.280Z</time>
        <name>1035</name>
        <extensions>
          <speed_mps>22.352</speed_mps>
          <speed_mph>50.0</speed_mph>
        </extensions>
      </trkpt>
      <trkpt lat="52.20294" lon="1.48863">
        <ele>0</ele>
        <time>2026-06-26T08:26:10.805Z</time>
        <name>1036</name>
        <extensions>
          <speed_mps>22.352</speed_mps>
          <speed_mph>50.0</speed_mph>
        </extensions>
      </trkpt>
      <trkpt lat="52.20310" lon="1.48905">
        <ele>0</ele>
        <time>2026-06-26T08:26:12.330Z</time>
        <name>1037</name>
        <extensions>
          <speed_mps>22.352</speed_mps>
          <speed_mph>50.0</speed_mph>
        </extensions>
      </trkpt>
      <trkpt lat="52.20330" lon="1.48944">
        <ele>0</ele>
        <time>2026-06-26T08:26:13.852Z</time>
        <name>1038</name>
        <extensions>
          <speed_mps>22.352</speed_mps>
          <speed_mph>50.0</speed_mph>
        </extensions>
      </trkpt>
      <trkpt lat="52.20353" lon="1.48975">
        <ele>0</ele>
        <time>2026-06-26T08:26:15.375Z</time>
        <name>1039</name>
        <extensions>
          <speed_mps>22.352</speed_mps>
          <speed_mph>50.0</speed_mph>
        </extensions>
      </trkpt>
      <trkpt lat="52.20374" lon="1.49003">
        <ele>0</ele>
        <time>2026-06-26T08:26:16.681Z</time>
        <name>1040</name>
        <extensions>
          <speed_mps>22.352</speed_mps>
          <speed_mph>50.0</speed_mph>
        </extensions>
      </trkpt>
      <trkpt lat="52.20364" lon="1.49050">
        <ele>0</ele>
        <time>2026-06-26T08:26:18.206Z</time>
        <name>1041</name>
        <extensions>
          <speed_mps>22.352</speed_mps>
          <speed_mph>50.0</speed_mph>
        </extensions>
      </trkpt>
      <trkpt lat="52.20354" lon="1.49097">
        <ele>0</ele>
        <time>2026-06-26T08:26:19.731Z</time>
        <name>1042</name>
        <extensions>
          <speed_mps>22.352</speed_mps>
          <speed_mph>50.0</speed_mph>
        </extensions>
      </trkpt>
      <trkpt lat="52.20341" lon="1.49142">
        <ele>0</ele>
        <time>2026-06-26T08:26:21.253Z</time>
        <name>1043</name>
        <extensions>
          <speed_mps>22.352</speed_mps>
          <speed_mph>50.0</speed_mph>
        </extensions>
      </trkpt>
      <trkpt lat="52.20325" lon="1.49185">
        <ele>0</ele>
        <time>2026-06-26T08:26:22.778Z</time>
        <name>1044</name>
        <extensions>
          <speed_mps>22.352</speed_mps>
          <speed_mph>50.0</speed_mph>
        </extensions>
      </trkpt>
      <trkpt lat="52.20308" lon="1.49227">
        <ele>0</ele>
        <time>2026-06-26T08:26:24.304Z</time>
        <name>1045</name>
        <extensions>
          <speed_mps>22.352</speed_mps>
          <speed_mph>50.0</speed_mph>
        </extensions>
      </trkpt>
      <trkpt lat="52.20291" lon="1.49269">
        <ele>0</ele>
        <time>2026-06-26T08:26:25.829Z</time>
        <name>1046</name>
        <extensions>
          <speed_mps>22.352</speed_mps>
          <speed_mph>50.0</speed_mph>
        </extensions>
      </trkpt>
      <trkpt lat="52.20274" lon="1.49311">
        <ele>0</ele>
        <time>2026-06-26T08:26:27.354Z</time>
        <name>1047</name>
        <extensions>
          <speed_mps>22.352</speed_mps>
          <speed_mph>50.0</speed_mph>
        </extensions>
      </trkpt>
      <trkpt lat="52.20257" lon="1.49352">
        <ele>0</ele>
        <time>2026-06-26T08:26:28.880Z</time>
        <name>1048</name>
        <extensions>
          <speed_mps>22.352</speed_mps>
          <speed_mph>50.0</speed_mph>
        </extensions>
      </trkpt>
      <trkpt lat="52.20238" lon="1.49391">
        <ele>0</ele>
        <time>2026-06-26T08:26:30.402Z</time>
        <name>1049</name>
        <extensions>
          <speed_mps>22.352</speed_mps>
          <speed_mph>50.0</speed_mph>
        </extensions>
      </trkpt>
      <trkpt lat="52.20216" lon="1.49425">
        <ele>0</ele>
        <time>2026-06-26T08:26:31.918Z</time>
        <name>1050</name>
        <extensions>
          <speed_mps>22.352</speed_mps>
          <speed_mph>50.0</speed_mph>
        </extensions>
      </trkpt>
      <trkpt lat="52.20189" lon="1.49450">
        <ele>0</ele>
        <time>2026-06-26T08:26:33.443Z</time>
        <name>1051</name>
        <extensions>
          <speed_mps>22.352</speed_mps>
          <speed_mph>50.0</speed_mph>
        </extensions>
      </trkpt>
      <trkpt lat="52.20163" lon="1.49476">
        <ele>0</ele>
        <time>2026-06-26T08:26:34.968Z</time>
        <name>1052</name>
        <extensions>
          <speed_mps>22.352</speed_mps>
          <speed_mph>50.0</speed_mph>
        </extensions>
      </trkpt>
      <trkpt lat="52.20137" lon="1.49502">
        <ele>0</ele>
        <time>2026-06-26T08:26:36.493Z</time>
        <name>1053</name>
        <extensions>
          <speed_mps>22.352</speed_mps>
          <speed_mph>50.0</speed_mph>
        </extensions>
      </trkpt>
      <trkpt lat="52.20111" lon="1.49528">
        <ele>0</ele>
        <time>2026-06-26T08:26:38.019Z</time>
        <name>1054</name>
        <extensions>
          <speed_mps>22.352</speed_mps>
          <speed_mph>50.0</speed_mph>
        </extensions>
      </trkpt>
      <trkpt lat="52.20085" lon="1.49555">
        <ele>0</ele>
        <time>2026-06-26T08:26:39.543Z</time>
        <name>1055</name>
        <extensions>
          <speed_mps>22.352</speed_mps>
          <speed_mph>50.0</speed_mph>
        </extensions>
      </trkpt>
      <trkpt lat="52.20060" lon="1.49585">
        <ele>0</ele>
        <time>2026-06-26T08:26:41.067Z</time>
        <name>1056</name>
        <extensions>
          <speed_mps>22.352</speed_mps>
          <speed_mph>50.0</speed_mph>
        </extensions>
      </trkpt>
      <trkpt lat="52.20035" lon="1.49613">
        <ele>0</ele>
        <time>2026-06-26T08:26:42.593Z</time>
        <name>1057</name>
        <extensions>
          <speed_mps>22.352</speed_mps>
          <speed_mph>50.0</speed_mph>
        </extensions>
      </trkpt>
      <trkpt lat="52.20009" lon="1.49639">
        <ele>0</ele>
        <time>2026-06-26T08:26:44.118Z</time>
        <name>1058</name>
        <extensions>
          <speed_mps>22.352</speed_mps>
          <speed_mph>50.0</speed_mph>
        </extensions>
      </trkpt>
      <trkpt lat="52.19983" lon="1.49667">
        <ele>0</ele>
        <time>2026-06-26T08:26:45.641Z</time>
        <name>1059</name>
        <extensions>
          <speed_mps>22.352</speed_mps>
          <speed_mph>50.0</speed_mph>
        </extensions>
      </trkpt>
      <trkpt lat="52.19958" lon="1.49696">
        <ele>0</ele>
        <time>2026-06-26T08:26:47.167Z</time>
        <name>1060</name>
        <extensions>
          <speed_mps>22.352</speed_mps>
          <speed_mph>50.0</speed_mph>
        </extensions>
      </trkpt>
      <trkpt lat="52.19936" lon="1.49730">
        <ele>0</ele>
        <time>2026-06-26T08:26:48.687Z</time>
        <name>1061</name>
        <extensions>
          <speed_mps>22.352</speed_mps>
          <speed_mph>50.0</speed_mph>
        </extensions>
      </trkpt>
      <trkpt lat="52.19917" lon="1.49769">
        <ele>0</ele>
        <time>2026-06-26T08:26:50.211Z</time>
        <name>1062</name>
        <extensions>
          <speed_mps>22.352</speed_mps>
          <speed_mph>50.0</speed_mph>
        </extensions>
      </trkpt>
      <trkpt lat="52.19907" lon="1.49815">
        <ele>0</ele>
        <time>2026-06-26T08:26:51.709Z</time>
        <name>1063</name>
        <extensions>
          <speed_mps>22.352</speed_mps>
          <speed_mph>50.0</speed_mph>
        </extensions>
      </trkpt>
      <trkpt lat="52.19911" lon="1.49864">
        <ele>0</ele>
        <time>2026-06-26T08:26:53.232Z</time>
        <name>1064</name>
        <extensions>
          <speed_mps>22.352</speed_mps>
          <speed_mph>50.0</speed_mph>
        </extensions>
      </trkpt>
      <trkpt lat="52.19918" lon="1.49913">
        <ele>0</ele>
        <time>2026-06-26T08:26:54.758Z</time>
        <name>1065</name>
        <extensions>
          <speed_mps>22.352</speed_mps>
          <speed_mph>50.0</speed_mph>
        </extensions>
      </trkpt>
      <trkpt lat="52.19924" lon="1.49962">
        <ele>0</ele>
        <time>2026-06-26T08:26:56.282Z</time>
        <name>1066</name>
        <extensions>
          <speed_mps>22.352</speed_mps>
          <speed_mph>50.0</speed_mph>
        </extensions>
      </trkpt>
      <trkpt lat="52.19926" lon="1.50012">
        <ele>0</ele>
        <time>2026-06-26T08:26:57.806Z</time>
        <name>1067</name>
        <extensions>
          <speed_mps>22.352</speed_mps>
          <speed_mph>50.0</speed_mph>
        </extensions>
      </trkpt>
      <trkpt lat="52.19923" lon="1.50062">
        <ele>0</ele>
        <time>2026-06-26T08:26:59.330Z</time>
        <name>1068</name>
        <extensions>
          <speed_mps>22.352</speed_mps>
          <speed_mph>50.0</speed_mph>
        </extensions>
      </trkpt>
      <trkpt lat="52.19919" lon="1.50111">
        <ele>0</ele>
        <time>2026-06-26T08:27:00.855Z</time>
        <name>1069</name>
        <extensions>
          <speed_mps>22.352</speed_mps>
          <speed_mph>50.0</speed_mph>
        </extensions>
      </trkpt>
      <trkpt lat="52.19914" lon="1.50161">
        <ele>0</ele>
        <time>2026-06-26T08:27:02.380Z</time>
        <name>1070</name>
        <extensions>
          <speed_mps>22.352</speed_mps>
          <speed_mph>50.0</speed_mph>
        </extensions>
      </trkpt>
      <trkpt lat="52.19908" lon="1.50210">
        <ele>0</ele>
        <time>2026-06-26T08:27:03.905Z</time>
        <name>1071</name>
        <extensions>
          <speed_mps>22.352</speed_mps>
          <speed_mph>50.0</speed_mph>
        </extensions>
      </trkpt>
      <trkpt lat="52.19901" lon="1.50259">
        <ele>0</ele>
        <time>2026-06-26T08:27:05.431Z</time>
        <name>1072</name>
        <extensions>
          <speed_mps>22.352</speed_mps>
          <speed_mph>50.0</speed_mph>
        </extensions>
      </trkpt>
      <trkpt lat="52.19896" lon="1.50308">
        <ele>0</ele>
        <time>2026-06-26T08:27:06.956Z</time>
        <name>1073</name>
        <extensions>
          <speed_mps>22.352</speed_mps>
          <speed_mph>50.0</speed_mph>
        </extensions>
      </trkpt>
      <trkpt lat="52.19891" lon="1.50357">
        <ele>0</ele>
        <time>2026-06-26T08:27:08.481Z</time>
        <name>1074</name>
        <extensions>
          <speed_mps>22.352</speed_mps>
          <speed_mph>50.0</speed_mph>
        </extensions>
      </trkpt>
      <trkpt lat="52.19888" lon="1.50407">
        <ele>0</ele>
        <time>2026-06-26T08:27:10.006Z</time>
        <name>1075</name>
        <extensions>
          <speed_mps>22.352</speed_mps>
          <speed_mph>50.0</speed_mph>
        </extensions>
      </trkpt>
      <trkpt lat="52.19882" lon="1.50456">
        <ele>0</ele>
        <time>2026-06-26T08:27:11.531Z</time>
        <name>1076</name>
        <extensions>
          <speed_mps>22.352</speed_mps>
          <speed_mph>50.0</speed_mph>
        </extensions>
      </trkpt>
      <trkpt lat="52.19873" lon="1.50504">
        <ele>0</ele>
        <time>2026-06-26T08:27:13.053Z</time>
        <name>1077</name>
        <extensions>
          <speed_mps>22.352</speed_mps>
          <speed_mph>50.0</speed_mph>
        </extensions>
      </trkpt>
      <trkpt lat="52.19862" lon="1.50550">
        <ele>0</ele>
        <time>2026-06-26T08:27:14.575Z</time>
        <name>1078</name>
        <extensions>
          <speed_mps>22.352</speed_mps>
          <speed_mph>50.0</speed_mph>
        </extensions>
      </trkpt>
      <trkpt lat="52.19858" lon="1.50600">
        <ele>0</ele>
        <time>2026-06-26T08:27:16.091Z</time>
        <name>1079</name>
        <extensions>
          <speed_mps>22.352</speed_mps>
          <speed_mph>50.0</speed_mph>
        </extensions>
      </trkpt>
      <trkpt lat="52.19864" lon="1.50649">
        <ele>0</ele>
        <time>2026-06-26T08:27:17.611Z</time>
        <name>1080</name>
        <extensions>
          <speed_mps>22.352</speed_mps>
          <speed_mph>50.0</speed_mph>
        </extensions>
      </trkpt>
      <trkpt lat="52.19876" lon="1.50694">
        <ele>0</ele>
        <time>2026-06-26T08:27:19.131Z</time>
        <name>1081</name>
        <extensions>
          <speed_mps>22.352</speed_mps>
          <speed_mph>50.0</speed_mph>
        </extensions>
      </trkpt>
      <trkpt lat="52.19892" lon="1.50737">
        <ele>0</ele>
        <time>2026-06-26T08:27:20.657Z</time>
        <name>1082</name>
        <extensions>
          <speed_mps>22.352</speed_mps>
          <speed_mph>50.0</speed_mph>
        </extensions>
      </trkpt>
      <trkpt lat="52.19907" lon="1.50781">
        <ele>0</ele>
        <time>2026-06-26T08:27:22.181Z</time>
        <name>1083</name>
        <extensions>
          <speed_mps>22.352</speed_mps>
          <speed_mph>50.0</speed_mph>
        </extensions>
      </trkpt>
      <trkpt lat="52.19909" lon="1.50829">
        <ele>0</ele>
        <time>2026-06-26T08:27:23.658Z</time>
        <name>1084</name>
        <extensions>
          <speed_mps>22.352</speed_mps>
          <speed_mph>50.0</speed_mph>
        </extensions>
      </trkpt>
      <trkpt lat="52.19889" lon="1.50866">
        <ele>0</ele>
        <time>2026-06-26T08:27:25.161Z</time>
        <name>1085</name>
        <extensions>
          <speed_mps>22.352</speed_mps>
          <speed_mph>50.0</speed_mph>
        </extensions>
      </trkpt>
      <trkpt lat="52.19865" lon="1.50896">
        <ele>0</ele>
        <time>2026-06-26T08:27:26.683Z</time>
        <name>1086</name>
        <extensions>
          <speed_mps>22.352</speed_mps>
          <speed_mph>50.0</speed_mph>
        </extensions>
      </trkpt>
      <trkpt lat="52.19839" lon="1.50924">
        <ele>0</ele>
        <time>2026-06-26T08:27:28.209Z</time>
        <name>1087</name>
        <extensions>
          <speed_mps>22.352</speed_mps>
          <speed_mph>50.0</speed_mph>
        </extensions>
      </trkpt>
      <trkpt lat="52.19814" lon="1.50952">
        <ele>0</ele>
        <time>2026-06-26T08:27:29.734Z</time>
        <name>1088</name>
        <extensions>
          <speed_mps>22.352</speed_mps>
          <speed_mph>50.0</speed_mph>
        </extensions>
      </trkpt>
      <trkpt lat="52.19790" lon="1.50982">
        <ele>0</ele>
        <time>2026-06-26T08:27:31.257Z</time>
        <name>1089</name>
        <extensions>
          <speed_mps>22.352</speed_mps>
          <speed_mph>50.0</speed_mph>
        </extensions>
      </trkpt>
      <trkpt lat="52.19766" lon="1.51014">
        <ele>0</ele>
        <time>2026-06-26T08:27:32.782Z</time>
        <name>1090</name>
        <extensions>
          <speed_mps>22.352</speed_mps>
          <speed_mph>50.0</speed_mph>
        </extensions>
      </trkpt>
      <trkpt lat="52.19744" lon="1.51048">
        <ele>0</ele>
        <time>2026-06-26T08:27:34.307Z</time>
        <name>1091</name>
        <extensions>
          <speed_mps>22.352</speed_mps>
          <speed_mph>50.0</speed_mph>
        </extensions>
      </trkpt>
      <trkpt lat="52.19721" lon="1.51083">
        <ele>0</ele>
        <time>2026-06-26T08:27:35.833Z</time>
        <name>1092</name>
        <extensions>
          <speed_mps>22.352</speed_mps>
          <speed_mph>50.0</speed_mph>
        </extensions>
      </trkpt>
      <trkpt lat="52.19700" lon="1.51118">
        <ele>0</ele>
        <time>2026-06-26T08:27:37.358Z</time>
        <name>1093</name>
        <extensions>
          <speed_mps>22.352</speed_mps>
          <speed_mph>50.0</speed_mph>
        </extensions>
      </trkpt>
      <trkpt lat="52.19679" lon="1.51154">
        <ele>0</ele>
        <time>2026-06-26T08:27:38.883Z</time>
        <name>1094</name>
        <extensions>
          <speed_mps>22.352</speed_mps>
          <speed_mph>50.0</speed_mph>
        </extensions>
      </trkpt>
      <trkpt lat="52.19656" lon="1.51189">
        <ele>0</ele>
        <time>2026-06-26T08:27:40.408Z</time>
        <name>1095</name>
        <extensions>
          <speed_mps>22.352</speed_mps>
          <speed_mph>50.0</speed_mph>
        </extensions>
      </trkpt>
      <trkpt lat="52.19632" lon="1.51220">
        <ele>0</ele>
        <time>2026-06-26T08:27:41.931Z</time>
        <name>1096</name>
        <extensions>
          <speed_mps>22.352</speed_mps>
          <speed_mph>50.0</speed_mph>
        </extensions>
      </trkpt>
      <trkpt lat="52.19607" lon="1.51247">
        <ele>0</ele>
        <time>2026-06-26T08:27:43.457Z</time>
        <name>1097</name>
        <extensions>
          <speed_mps>22.352</speed_mps>
          <speed_mph>50.0</speed_mph>
        </extensions>
      </trkpt>
      <trkpt lat="52.19581" lon="1.51275">
        <ele>0</ele>
        <time>2026-06-26T08:27:44.982Z</time>
        <name>1098</name>
        <extensions>
          <speed_mps>22.352</speed_mps>
          <speed_mph>50.0</speed_mph>
        </extensions>
      </trkpt>
      <trkpt lat="52.19555" lon="1.51301">
        <ele>0</ele>
        <time>2026-06-26T08:27:46.507Z</time>
        <name>1099</name>
        <extensions>
          <speed_mps>22.352</speed_mps>
          <speed_mph>50.0</speed_mph>
        </extensions>
      </trkpt>
      <trkpt lat="52.19528" lon="1.51324">
        <ele>0</ele>
        <time>2026-06-26T08:27:48.032Z</time>
        <name>1100</name>
        <extensions>
          <speed_mps>22.352</speed_mps>
          <speed_mph>50.0</speed_mph>
        </extensions>
      </trkpt>
      <trkpt lat="52.19500" lon="1.51344">
        <ele>0</ele>
        <time>2026-06-26T08:27:49.556Z</time>
        <name>1101</name>
        <extensions>
          <speed_mps>22.352</speed_mps>
          <speed_mph>50.0</speed_mph>
        </extensions>
      </trkpt>
      <trkpt lat="52.19471" lon="1.51361">
        <ele>0</ele>
        <time>2026-06-26T08:27:51.081Z</time>
        <name>1102</name>
        <extensions>
          <speed_mps>22.352</speed_mps>
          <speed_mph>50.0</speed_mph>
        </extensions>
      </trkpt>
      <trkpt lat="52.19442" lon="1.51375">
        <ele>0</ele>
        <time>2026-06-26T08:27:52.606Z</time>
        <name>1103</name>
        <extensions>
          <speed_mps>22.352</speed_mps>
          <speed_mph>50.0</speed_mph>
        </extensions>
      </trkpt>
      <trkpt lat="52.19413" lon="1.51392">
        <ele>0</ele>
        <time>2026-06-26T08:27:54.130Z</time>
        <name>1104</name>
        <extensions>
          <speed_mps>22.352</speed_mps>
          <speed_mph>50.0</speed_mph>
        </extensions>
      </trkpt>
      <trkpt lat="52.19389" lon="1.51424">
        <ele>0</ele>
        <time>2026-06-26T08:27:55.644Z</time>
        <name>1105</name>
        <extensions>
          <speed_mps>22.352</speed_mps>
          <speed_mph>50.0</speed_mph>
        </extensions>
      </trkpt>
      <trkpt lat="52.19373" lon="1.51466">
        <ele>0</ele>
        <time>2026-06-26T08:27:57.162Z</time>
        <name>1106</name>
        <extensions>
          <speed_mps>22.352</speed_mps>
          <speed_mph>50.0</speed_mph>
        </extensions>
      </trkpt>
      <trkpt lat="52.19362" lon="1.51513">
        <ele>0</ele>
        <time>2026-06-26T08:27:58.685Z</time>
        <name>1107</name>
        <extensions>
          <speed_mps>22.352</speed_mps>
          <speed_mph>50.0</speed_mph>
        </extensions>
      </trkpt>
      <trkpt lat="52.19355" lon="1.51561">
        <ele>0</ele>
        <time>2026-06-26T08:28:00.210Z</time>
        <name>1108</name>
        <extensions>
          <speed_mps>22.352</speed_mps>
          <speed_mph>50.0</speed_mph>
        </extensions>
      </trkpt>
      <trkpt lat="52.19351" lon="1.51611">
        <ele>0</ele>
        <time>2026-06-26T08:28:01.734Z</time>
        <name>1109</name>
        <extensions>
          <speed_mps>22.352</speed_mps>
          <speed_mph>50.0</speed_mph>
        </extensions>
      </trkpt>
      <trkpt lat="52.19349" lon="1.51661">
        <ele>0</ele>
        <time>2026-06-26T08:28:03.259Z</time>
        <name>1110</name>
        <extensions>
          <speed_mps>22.352</speed_mps>
          <speed_mph>50.0</speed_mph>
        </extensions>
      </trkpt>
      <trkpt lat="52.19345" lon="1.51711">
        <ele>0</ele>
        <time>2026-06-26T08:28:04.783Z</time>
        <name>1111</name>
        <extensions>
          <speed_mps>22.352</speed_mps>
          <speed_mph>50.0</speed_mph>
        </extensions>
      </trkpt>
      <trkpt lat="52.19335" lon="1.51757">
        <ele>0</ele>
        <time>2026-06-26T08:28:06.298Z</time>
        <name>1112</name>
        <extensions>
          <speed_mps>22.352</speed_mps>
          <speed_mph>50.0</speed_mph>
        </extensions>
      </trkpt>
      <trkpt lat="52.19316" lon="1.51797">
        <ele>0</ele>
        <time>2026-06-26T08:28:07.818Z</time>
        <name>1113</name>
        <extensions>
          <speed_mps>22.352</speed_mps>
          <speed_mph>50.0</speed_mph>
        </extensions>
      </trkpt>
      <trkpt lat="52.19296" lon="1.51834">
        <ele>0</ele>
        <time>2026-06-26T08:28:09.344Z</time>
        <name>1114</name>
        <extensions>
          <speed_mps>22.352</speed_mps>
          <speed_mph>50.0</speed_mph>
        </extensions>
      </trkpt>
      <trkpt lat="52.19278" lon="1.51875">
        <ele>0</ele>
        <time>2026-06-26T08:28:10.866Z</time>
        <name>1115</name>
        <extensions>
          <speed_mps>22.352</speed_mps>
          <speed_mph>50.0</speed_mph>
        </extensions>
      </trkpt>
      <trkpt lat="52.19262" lon="1.51917">
        <ele>0</ele>
        <time>2026-06-26T08:28:12.391Z</time>
        <name>1116</name>
        <extensions>
          <speed_mps>22.352</speed_mps>
          <speed_mph>50.0</speed_mph>
        </extensions>
      </trkpt>
      <trkpt lat="52.19250" lon="1.51963">
        <ele>0</ele>
        <time>2026-06-26T08:28:13.913Z</time>
        <name>1117</name>
        <extensions>
          <speed_mps>22.352</speed_mps>
          <speed_mph>50.0</speed_mph>
        </extensions>
      </trkpt>
      <trkpt lat="52.19244" lon="1.52012">
        <ele>0</ele>
        <time>2026-06-26T08:28:15.437Z</time>
        <name>1118</name>
        <extensions>
          <speed_mps>22.352</speed_mps>
          <speed_mph>50.0</speed_mph>
        </extensions>
      </trkpt>
      <trkpt lat="52.19240" lon="1.52062">
        <ele>0</ele>
        <time>2026-06-26T08:28:16.963Z</time>
        <name>1119</name>
        <extensions>
          <speed_mps>22.352</speed_mps>
          <speed_mph>50.0</speed_mph>
        </extensions>
      </trkpt>
      <trkpt lat="52.19236" lon="1.52111">
        <ele>0</ele>
        <time>2026-06-26T08:28:18.488Z</time>
        <name>1120</name>
        <extensions>
          <speed_mps>22.352</speed_mps>
          <speed_mph>50.0</speed_mph>
        </extensions>
      </trkpt>
      <trkpt lat="52.19233" lon="1.52161">
        <ele>0</ele>
        <time>2026-06-26T08:28:20.013Z</time>
        <name>1121</name>
        <extensions>
          <speed_mps>22.352</speed_mps>
          <speed_mph>50.0</speed_mph>
        </extensions>
      </trkpt>
      <trkpt lat="52.19227" lon="1.52210">
        <ele>0</ele>
        <time>2026-06-26T08:28:21.534Z</time>
        <name>1122</name>
        <extensions>
          <speed_mps>22.352</speed_mps>
          <speed_mph>50.0</speed_mph>
        </extensions>
      </trkpt>
      <trkpt lat="52.19211" lon="1.52252">
        <ele>0</ele>
        <time>2026-06-26T08:28:23.051Z</time>
        <name>1123</name>
        <extensions>
          <speed_mps>22.352</speed_mps>
          <speed_mph>50.0</speed_mph>
        </extensions>
      </trkpt>
      <trkpt lat="52.19191" lon="1.52290">
        <ele>0</ele>
        <time>2026-06-26T08:28:24.576Z</time>
        <name>1124</name>
        <extensions>
          <speed_mps>22.352</speed_mps>
          <speed_mph>50.0</speed_mph>
        </extensions>
      </trkpt>
      <trkpt lat="52.19170" lon="1.52326">
        <ele>0</ele>
        <time>2026-06-26T08:28:26.101Z</time>
        <name>1125</name>
        <extensions>
          <speed_mps>22.352</speed_mps>
          <speed_mph>50.0</speed_mph>
        </extensions>
      </trkpt>
      <trkpt lat="52.19148" lon="1.52361">
        <ele>0</ele>
        <time>2026-06-26T08:28:27.627Z</time>
        <name>1126</name>
        <extensions>
          <speed_mps>22.352</speed_mps>
          <speed_mph>50.0</speed_mph>
        </extensions>
      </trkpt>
      <trkpt lat="52.19126" lon="1.52395">
        <ele>0</ele>
        <time>2026-06-26T08:28:29.152Z</time>
        <name>1127</name>
        <extensions>
          <speed_mps>22.352</speed_mps>
          <speed_mph>50.0</speed_mph>
        </extensions>
      </trkpt>
      <trkpt lat="52.19103" lon="1.52428">
        <ele>0</ele>
        <time>2026-06-26T08:28:30.677Z</time>
        <name>1128</name>
        <extensions>
          <speed_mps>22.352</speed_mps>
          <speed_mph>50.0</speed_mph>
        </extensions>
      </trkpt>
      <trkpt lat="52.19079" lon="1.52460">
        <ele>0</ele>
        <time>2026-06-26T08:28:32.202Z</time>
        <name>1129</name>
        <extensions>
          <speed_mps>22.352</speed_mps>
          <speed_mph>50.0</speed_mph>
        </extensions>
      </trkpt>
      <trkpt lat="52.19055" lon="1.52490">
        <ele>0</ele>
        <time>2026-06-26T08:28:33.727Z</time>
        <name>1130</name>
        <extensions>
          <speed_mps>22.352</speed_mps>
          <speed_mph>50.0</speed_mph>
        </extensions>
      </trkpt>
      <trkpt lat="52.19030" lon="1.52520">
        <ele>0</ele>
        <time>2026-06-26T08:28:35.252Z</time>
        <name>1131</name>
        <extensions>
          <speed_mps>22.352</speed_mps>
          <speed_mph>50.0</speed_mph>
        </extensions>
      </trkpt>
      <trkpt lat="52.19005" lon="1.52549">
        <ele>0</ele>
        <time>2026-06-26T08:28:36.777Z</time>
        <name>1132</name>
        <extensions>
          <speed_mps>22.352</speed_mps>
          <speed_mph>50.0</speed_mph>
        </extensions>
      </trkpt>
      <trkpt lat="52.18989" lon="1.52583">
        <ele>0</ele>
        <time>2026-06-26T08:28:38.101Z</time>
        <name>1133</name>
        <extensions>
          <speed_mps>22.352</speed_mps>
          <speed_mph>50.0</speed_mph>
        </extensions>
      </trkpt>
      <trkpt lat="52.18995" lon="1.52632">
        <ele>0</ele>
        <time>2026-06-26T08:28:39.627Z</time>
        <name>1134</name>
        <extensions>
          <speed_mps>22.352</speed_mps>
          <speed_mph>50.0</speed_mph>
        </extensions>
      </trkpt>
      <trkpt lat="52.19001" lon="1.52681">
        <ele>0</ele>
        <time>2026-06-26T08:28:41.152Z</time>
        <name>1135</name>
        <extensions>
          <speed_mps>22.352</speed_mps>
          <speed_mph>50.0</speed_mph>
        </extensions>
      </trkpt>
      <trkpt lat="52.19008" lon="1.52730">
        <ele>0</ele>
        <time>2026-06-26T08:28:42.677Z</time>
        <name>1136</name>
        <extensions>
          <speed_mps>22.352</speed_mps>
          <speed_mph>50.0</speed_mph>
        </extensions>
      </trkpt>
      <trkpt lat="52.19015" lon="1.52779">
        <ele>0</ele>
        <time>2026-06-26T08:28:44.202Z</time>
        <name>1137</name>
        <extensions>
          <speed_mps>22.352</speed_mps>
          <speed_mph>50.0</speed_mph>
        </extensions>
      </trkpt>
      <trkpt lat="52.19022" lon="1.52827">
        <ele>0</ele>
        <time>2026-06-26T08:28:45.728Z</time>
        <name>1138</name>
        <extensions>
          <speed_mps>22.352</speed_mps>
          <speed_mph>50.0</speed_mph>
        </extensions>
      </trkpt>
      <trkpt lat="52.19019" lon="1.52876">
        <ele>0</ele>
        <time>2026-06-26T08:28:47.229Z</time>
        <name>1139</name>
        <extensions>
          <speed_mps>22.352</speed_mps>
          <speed_mph>50.0</speed_mph>
        </extensions>
      </trkpt>
      <trkpt lat="52.19014" lon="1.52926">
        <ele>0</ele>
        <time>2026-06-26T08:28:48.753Z</time>
        <name>1140</name>
        <extensions>
          <speed_mps>22.352</speed_mps>
          <speed_mph>50.0</speed_mph>
        </extensions>
      </trkpt>
      <trkpt lat="52.19011" lon="1.52975">
        <ele>0</ele>
        <time>2026-06-26T08:28:50.279Z</time>
        <name>1141</name>
        <extensions>
          <speed_mps>22.352</speed_mps>
          <speed_mph>50.0</speed_mph>
        </extensions>
      </trkpt>
      <trkpt lat="52.19008" lon="1.53025">
        <ele>0</ele>
        <time>2026-06-26T08:28:51.804Z</time>
        <name>1142</name>
        <extensions>
          <speed_mps>22.352</speed_mps>
          <speed_mph>50.0</speed_mph>
        </extensions>
      </trkpt>
      <trkpt lat="52.19004" lon="1.53075">
        <ele>0</ele>
        <time>2026-06-26T08:28:53.329Z</time>
        <name>1143</name>
        <extensions>
          <speed_mps>22.352</speed_mps>
          <speed_mph>50.0</speed_mph>
        </extensions>
      </trkpt>
      <trkpt lat="52.19001" lon="1.53125">
        <ele>0</ele>
        <time>2026-06-26T08:28:54.855Z</time>
        <name>1144</name>
        <extensions>
          <speed_mps>22.352</speed_mps>
          <speed_mph>50.0</speed_mph>
        </extensions>
      </trkpt>
      <trkpt lat="52.19005" lon="1.53163">
        <ele>0</ele>
        <time>2026-06-26T08:28:56.057Z</time>
        <name>1145</name>
        <extensions>
          <speed_mps>22.352</speed_mps>
          <speed_mph>50.0</speed_mph>
        </extensions>
      </trkpt>
      <trkpt lat="52.19036" lon="1.53162">
        <ele>0</ele>
        <time>2026-06-26T08:28:57.582Z</time>
        <name>1146</name>
        <extensions>
          <speed_mps>22.352</speed_mps>
          <speed_mph>50.0</speed_mph>
        </extensions>
      </trkpt>
      <trkpt lat="52.19066" lon="1.53173">
        <ele>0</ele>
        <time>2026-06-26T08:28:59.099Z</time>
        <name>1147</name>
        <extensions>
          <speed_mps>22.352</speed_mps>
          <speed_mph>50.0</speed_mph>
        </extensions>
      </trkpt>
      <trkpt lat="52.19095" lon="1.53185">
        <ele>0</ele>
        <time>2026-06-26T08:29:00.623Z</time>
        <name>1148</name>
        <extensions>
          <speed_mps>22.352</speed_mps>
          <speed_mph>50.0</speed_mph>
        </extensions>
      </trkpt>
      <trkpt lat="52.19126" lon="1.53187">
        <ele>0</ele>
        <time>2026-06-26T08:29:02.144Z</time>
        <name>1149</name>
        <extensions>
          <speed_mps>22.352</speed_mps>
          <speed_mph>50.0</speed_mph>
        </extensions>
      </trkpt>
      <trkpt lat="52.19156" lon="1.53180">
        <ele>0</ele>
        <time>2026-06-26T08:29:03.667Z</time>
        <name>1150</name>
        <extensions>
          <speed_mps>22.352</speed_mps>
          <speed_mph>50.0</speed_mph>
        </extensions>
      </trkpt>
      <trkpt lat="52.19186" lon="1.53166">
        <ele>0</ele>
        <time>2026-06-26T08:29:05.191Z</time>
        <name>1151</name>
        <extensions>
          <speed_mps>22.352</speed_mps>
          <speed_mph>50.0</speed_mph>
        </extensions>
      </trkpt>
      <trkpt lat="52.19216" lon="1.53162">
        <ele>0</ele>
        <time>2026-06-26T08:29:06.695Z</time>
        <name>1152</name>
        <extensions>
          <speed_mps>22.352</speed_mps>
          <speed_mph>50.0</speed_mph>
        </extensions>
      </trkpt>
      <trkpt lat="52.19244" lon="1.53180">
        <ele>0</ele>
        <time>2026-06-26T08:29:08.213Z</time>
        <name>1153</name>
        <extensions>
          <speed_mps>22.352</speed_mps>
          <speed_mph>50.0</speed_mph>
        </extensions>
      </trkpt>
      <trkpt lat="52.19272" lon="1.53200">
        <ele>0</ele>
        <time>2026-06-26T08:29:09.735Z</time>
        <name>1154</name>
        <extensions>
          <speed_mps>22.352</speed_mps>
          <speed_mph>50.0</speed_mph>
        </extensions>
      </trkpt>
      <trkpt lat="52.19302" lon="1.53214">
        <ele>0</ele>
        <time>2026-06-26T08:29:11.259Z</time>
        <name>1155</name>
        <extensions>
          <speed_mps>22.352</speed_mps>
          <speed_mph>50.0</speed_mph>
        </extensions>
      </trkpt>
      <trkpt lat="52.19330" lon="1.53232">
        <ele>0</ele>
        <time>2026-06-26T08:29:12.778Z</time>
        <name>1156</name>
        <extensions>
          <speed_mps>22.352</speed_mps>
          <speed_mph>50.0</speed_mph>
        </extensions>
      </trkpt>
      <trkpt lat="52.19358" lon="1.53255">
        <ele>0</ele>
        <time>2026-06-26T08:29:14.303Z</time>
        <name>1157</name>
        <extensions>
          <speed_mps>22.352</speed_mps>
          <speed_mph>50.0</speed_mph>
        </extensions>
      </trkpt>
      <trkpt lat="52.19384" lon="1.53281">
        <ele>0</ele>
        <time>2026-06-26T08:29:15.826Z</time>
        <name>1158</name>
        <extensions>
          <speed_mps>22.352</speed_mps>
          <speed_mph>50.0</speed_mph>
        </extensions>
      </trkpt>
      <trkpt lat="52.19406" lon="1.53315">
        <ele>0</ele>
        <time>2026-06-26T08:29:17.347Z</time>
        <name>1159</name>
        <extensions>
          <speed_mps>22.352</speed_mps>
          <speed_mph>50.0</speed_mph>
        </extensions>
      </trkpt>
      <trkpt lat="52.19425" lon="1.53354">
        <ele>0</ele>
        <time>2026-06-26T08:29:18.872Z</time>
        <name>1160</name>
        <extensions>
          <speed_mps>22.352</speed_mps>
          <speed_mph>50.0</speed_mph>
        </extensions>
      </trkpt>
      <trkpt lat="52.19444" lon="1.53394">
        <ele>0</ele>
        <time>2026-06-26T08:29:20.396Z</time>
        <name>1161</name>
        <extensions>
          <speed_mps>22.352</speed_mps>
          <speed_mph>50.0</speed_mph>
        </extensions>
      </trkpt>
      <trkpt lat="52.19460" lon="1.53436">
        <ele>0</ele>
        <time>2026-06-26T08:29:21.922Z</time>
        <name>1162</name>
        <extensions>
          <speed_mps>22.352</speed_mps>
          <speed_mph>50.0</speed_mph>
        </extensions>
      </trkpt>
      <trkpt lat="52.19477" lon="1.53478">
        <ele>0</ele>
        <time>2026-06-26T08:29:23.447Z</time>
        <name>1163</name>
        <extensions>
          <speed_mps>22.352</speed_mps>
          <speed_mph>50.0</speed_mph>
        </extensions>
      </trkpt>
      <trkpt lat="52.19494" lon="1.53520">
        <ele>0</ele>
        <time>2026-06-26T08:29:24.971Z</time>
        <name>1164</name>
        <extensions>
          <speed_mps>22.352</speed_mps>
          <speed_mph>50.0</speed_mph>
        </extensions>
      </trkpt>
      <trkpt lat="52.19514" lon="1.53557">
        <ele>0</ele>
        <time>2026-06-26T08:29:26.495Z</time>
        <name>1165</name>
        <extensions>
          <speed_mps>22.352</speed_mps>
          <speed_mph>50.0</speed_mph>
        </extensions>
      </trkpt>
      <trkpt lat="52.19536" lon="1.53593">
        <ele>0</ele>
        <time>2026-06-26T08:29:28.020Z</time>
        <name>1166</name>
        <extensions>
          <speed_mps>22.352</speed_mps>
          <speed_mph>50.0</speed_mph>
        </extensions>
      </trkpt>
      <trkpt lat="52.19560" lon="1.53623">
        <ele>0</ele>
        <time>2026-06-26T08:29:29.545Z</time>
        <name>1167</name>
        <extensions>
          <speed_mps>22.352</speed_mps>
          <speed_mph>50.0</speed_mph>
        </extensions>
      </trkpt>
      <trkpt lat="52.19585" lon="1.53653">
        <ele>0</ele>
        <time>2026-06-26T08:29:31.071Z</time>
        <name>1168</name>
        <extensions>
          <speed_mps>22.352</speed_mps>
          <speed_mph>50.0</speed_mph>
        </extensions>
      </trkpt>
      <trkpt lat="52.19609" lon="1.53683">
        <ele>0</ele>
        <time>2026-06-26T08:29:32.596Z</time>
        <name>1169</name>
        <extensions>
          <speed_mps>22.352</speed_mps>
          <speed_mph>50.0</speed_mph>
        </extensions>
      </trkpt>
      <trkpt lat="52.19633" lon="1.53714">
        <ele>0</ele>
        <time>2026-06-26T08:29:34.121Z</time>
        <name>1170</name>
        <extensions>
          <speed_mps>22.352</speed_mps>
          <speed_mph>50.0</speed_mph>
        </extensions>
      </trkpt>
      <trkpt lat="52.19658" lon="1.53744">
        <ele>0</ele>
        <time>2026-06-26T08:29:35.646Z</time>
        <name>1171</name>
        <extensions>
          <speed_mps>22.352</speed_mps>
          <speed_mph>50.0</speed_mph>
        </extensions>
      </trkpt>
      <trkpt lat="52.19684" lon="1.53770">
        <ele>0</ele>
        <time>2026-06-26T08:29:37.170Z</time>
        <name>1172</name>
        <extensions>
          <speed_mps>22.352</speed_mps>
          <speed_mph>50.0</speed_mph>
        </extensions>
      </trkpt>
      <trkpt lat="52.19711" lon="1.53793">
        <ele>0</ele>
        <time>2026-06-26T08:29:38.696Z</time>
        <name>1173</name>
        <extensions>
          <speed_mps>22.352</speed_mps>
          <speed_mph>50.0</speed_mph>
        </extensions>
      </trkpt>
      <trkpt lat="52.19736" lon="1.53819">
        <ele>0</ele>
        <time>2026-06-26T08:29:40.174Z</time>
        <name>1174</name>
        <extensions>
          <speed_mps>22.352</speed_mps>
          <speed_mph>50.0</speed_mph>
        </extensions>
      </trkpt>
      <trkpt lat="52.19737" lon="1.53868">
        <ele>0</ele>
        <time>2026-06-26T08:29:41.670Z</time>
        <name>1175</name>
        <extensions>
          <speed_mps>22.352</speed_mps>
          <speed_mph>50.0</speed_mph>
        </extensions>
      </trkpt>
      <trkpt lat="52.19732" lon="1.53918">
        <ele>0</ele>
        <time>2026-06-26T08:29:43.195Z</time>
        <name>1176</name>
        <extensions>
          <speed_mps>22.352</speed_mps>
          <speed_mph>50.0</speed_mph>
        </extensions>
      </trkpt>
      <trkpt lat="52.19727" lon="1.53967">
        <ele>0</ele>
        <time>2026-06-26T08:29:44.720Z</time>
        <name>1177</name>
        <extensions>
          <speed_mps>22.352</speed_mps>
          <speed_mph>50.0</speed_mph>
        </extensions>
      </trkpt>
      <trkpt lat="52.19721" lon="1.54016">
        <ele>0</ele>
        <time>2026-06-26T08:29:46.244Z</time>
        <name>1178</name>
        <extensions>
          <speed_mps>22.352</speed_mps>
          <speed_mph>50.0</speed_mph>
        </extensions>
      </trkpt>
      <trkpt lat="52.19707" lon="1.54060">
        <ele>0</ele>
        <time>2026-06-26T08:29:47.759Z</time>
        <name>1179</name>
        <extensions>
          <speed_mps>22.352</speed_mps>
          <speed_mph>50.0</speed_mph>
        </extensions>
      </trkpt>
      <trkpt lat="52.19695" lon="1.54104">
        <ele>0</ele>
        <time>2026-06-26T08:29:49.239Z</time>
        <name>1180</name>
        <extensions>
          <speed_mps>22.352</speed_mps>
          <speed_mph>50.0</speed_mph>
        </extensions>
      </trkpt>
      <trkpt lat="52.19712" lon="1.54142">
        <ele>0</ele>
        <time>2026-06-26T08:29:50.674Z</time>
        <name>1181</name>
        <extensions>
          <speed_mps>22.352</speed_mps>
          <speed_mph>50.0</speed_mph>
        </extensions>
      </trkpt>
      <trkpt lat="52.19714" lon="1.54190">
        <ele>0</ele>
        <time>2026-06-26T08:29:52.150Z</time>
        <name>1182</name>
        <extensions>
          <speed_mps>22.352</speed_mps>
          <speed_mph>50.0</speed_mph>
        </extensions>
      </trkpt>
      <trkpt lat="52.19711" lon="1.54239">
        <ele>0</ele>
        <time>2026-06-26T08:29:53.655Z</time>
        <name>1183</name>
        <extensions>
          <speed_mps>22.352</speed_mps>
          <speed_mph>50.0</speed_mph>
        </extensions>
      </trkpt>
      <trkpt lat="52.19709" lon="1.54289">
        <ele>0</ele>
        <time>2026-06-26T08:29:55.171Z</time>
        <name>1184</name>
        <extensions>
          <speed_mps>22.352</speed_mps>
          <speed_mph>50.0</speed_mph>
        </extensions>
      </trkpt>
      <trkpt lat="52.19706" lon="1.54338">
        <ele>0</ele>
        <time>2026-06-26T08:29:56.695Z</time>
        <name>1185</name>
        <extensions>
          <speed_mps>22.352</speed_mps>
          <speed_mph>50.0</speed_mph>
        </extensions>
      </trkpt>
      <trkpt lat="52.19704" lon="1.54388">
        <ele>0</ele>
        <time>2026-06-26T08:29:58.221Z</time>
        <name>1186</name>
        <extensions>
          <speed_mps>22.352</speed_mps>
          <speed_mph>50.0</speed_mph>
        </extensions>
      </trkpt>
      <trkpt lat="52.19702" lon="1.54438">
        <ele>0</ele>
        <time>2026-06-26T08:29:59.746Z</time>
        <name>1187</name>
        <extensions>
          <speed_mps>22.352</speed_mps>
          <speed_mph>50.0</speed_mph>
        </extensions>
      </trkpt>
      <trkpt lat="52.19700" lon="1.54488">
        <ele>0</ele>
        <time>2026-06-26T08:30:01.271Z</time>
        <name>1188</name>
        <extensions>
          <speed_mps>22.352</speed_mps>
          <speed_mph>50.0</speed_mph>
        </extensions>
      </trkpt>
      <trkpt lat="52.19699" lon="1.54538">
        <ele>0</ele>
        <time>2026-06-26T08:30:02.797Z</time>
        <name>1189</name>
        <extensions>
          <speed_mps>22.352</speed_mps>
          <speed_mph>50.0</speed_mph>
        </extensions>
      </trkpt>
      <trkpt lat="52.19697" lon="1.54588">
        <ele>0</ele>
        <time>2026-06-26T08:30:04.322Z</time>
        <name>1190</name>
        <extensions>
          <speed_mps>22.352</speed_mps>
          <speed_mph>50.0</speed_mph>
        </extensions>
      </trkpt>
      <trkpt lat="52.19696" lon="1.54638">
        <ele>0</ele>
        <time>2026-06-26T08:30:05.847Z</time>
        <name>1191</name>
        <extensions>
          <speed_mps>22.352</speed_mps>
          <speed_mph>50.0</speed_mph>
        </extensions>
      </trkpt>
      <trkpt lat="52.19696" lon="1.54664">
        <ele>0</ele>
        <time>2026-06-26T08:30:06.631Z</time>
        <name>1192</name>
        <extensions>
          <speed_mps>22.352</speed_mps>
          <speed_mph>50.0</speed_mph>
        </extensions>
      </trkpt>
      <trkpt lat="52.19696" lon="1.54614">
        <ele>0</ele>
        <time>2026-06-26T08:30:08.157Z</time>
        <name>1193</name>
        <extensions>
          <speed_mps>22.352</speed_mps>
          <speed_mph>50.0</speed_mph>
        </extensions>
      </trkpt>
      <trkpt lat="52.19698" lon="1.54564">
        <ele>0</ele>
        <time>2026-06-26T08:30:09.682Z</time>
        <name>1194</name>
        <extensions>
          <speed_mps>22.352</speed_mps>
          <speed_mph>50.0</speed_mph>
        </extensions>
      </trkpt>
      <trkpt lat="52.19700" lon="1.54514">
        <ele>0</ele>
        <time>2026-06-26T08:30:11.207Z</time>
        <name>1195</name>
        <extensions>
          <speed_mps>22.352</speed_mps>
          <speed_mph>50.0</speed_mph>
        </extensions>
      </trkpt>
      <trkpt lat="52.19701" lon="1.54464">
        <ele>0</ele>
        <time>2026-06-26T08:30:12.733Z</time>
        <name>1196</name>
        <extensions>
          <speed_mps>22.352</speed_mps>
          <speed_mph>50.0</speed_mph>
        </extensions>
      </trkpt>
      <trkpt lat="52.19703" lon="1.54414">
        <ele>0</ele>
        <time>2026-06-26T08:30:14.258Z</time>
        <name>1197</name>
        <extensions>
          <speed_mps>22.352</speed_mps>
          <speed_mph>50.0</speed_mph>
        </extensions>
      </trkpt>
      <trkpt lat="52.19705" lon="1.54364">
        <ele>0</ele>
        <time>2026-06-26T08:30:15.783Z</time>
        <name>1198</name>
        <extensions>
          <speed_mps>22.352</speed_mps>
          <speed_mph>50.0</speed_mph>
        </extensions>
      </trkpt>
      <trkpt lat="52.19707" lon="1.54314">
        <ele>0</ele>
        <time>2026-06-26T08:30:17.308Z</time>
        <name>1199</name>
        <extensions>
          <speed_mps>22.352</speed_mps>
          <speed_mph>50.0</speed_mph>
        </extensions>
      </trkpt>
      <trkpt lat="52.19711" lon="1.54265">
        <ele>0</ele>
        <time>2026-06-26T08:30:18.833Z</time>
        <name>1200</name>
        <extensions>
          <speed_mps>22.352</speed_mps>
          <speed_mph>50.0</speed_mph>
        </extensions>
      </trkpt>
      <trkpt lat="52.19711" lon="1.54215">
        <ele>0</ele>
        <time>2026-06-26T08:30:20.340Z</time>
        <name>1201</name>
        <extensions>
          <speed_mps>22.352</speed_mps>
          <speed_mph>50.0</speed_mph>
        </extensions>
      </trkpt>
      <trkpt lat="52.19714" lon="1.54166">
        <ele>0</ele>
        <time>2026-06-26T08:30:21.837Z</time>
        <name>1202</name>
        <extensions>
          <speed_mps>22.352</speed_mps>
          <speed_mph>50.0</speed_mph>
        </extensions>
      </trkpt>
      <trkpt lat="52.19706" lon="1.54122">
        <ele>0</ele>
        <time>2026-06-26T08:30:23.248Z</time>
        <name>1203</name>
        <extensions>
          <speed_mps>22.352</speed_mps>
          <speed_mph>50.0</speed_mph>
        </extensions>
      </trkpt>
      <trkpt lat="52.19698" lon="1.54081">
        <ele>0</ele>
        <time>2026-06-26T08:30:24.567Z</time>
        <name>1204</name>
        <extensions>
          <speed_mps>22.352</speed_mps>
          <speed_mph>50.0</speed_mph>
        </extensions>
      </trkpt>
      <trkpt lat="52.19715" lon="1.54039">
        <ele>0</ele>
        <time>2026-06-26T08:30:26.091Z</time>
        <name>1205</name>
        <extensions>
          <speed_mps>22.352</speed_mps>
          <speed_mph>50.0</speed_mph>
        </extensions>
      </trkpt>
      <trkpt lat="52.19724" lon="1.53992">
        <ele>0</ele>
        <time>2026-06-26T08:30:27.604Z</time>
        <name>1206</name>
        <extensions>
          <speed_mps>22.352</speed_mps>
          <speed_mph>50.0</speed_mph>
        </extensions>
      </trkpt>
      <trkpt lat="52.19730" lon="1.53943">
        <ele>0</ele>
        <time>2026-06-26T08:30:29.130Z</time>
        <name>1207</name>
        <extensions>
          <speed_mps>22.352</speed_mps>
          <speed_mph>50.0</speed_mph>
        </extensions>
      </trkpt>
      <trkpt lat="52.19735" lon="1.53894">
        <ele>0</ele>
        <time>2026-06-26T08:30:30.655Z</time>
        <name>1208</name>
        <extensions>
          <speed_mps>22.352</speed_mps>
          <speed_mph>50.0</speed_mph>
        </extensions>
      </trkpt>
      <trkpt lat="52.19741" lon="1.53845">
        <ele>0</ele>
        <time>2026-06-26T08:30:32.174Z</time>
        <name>1209</name>
        <extensions>
          <speed_mps>22.352</speed_mps>
          <speed_mph>50.0</speed_mph>
        </extensions>
      </trkpt>
      <trkpt lat="52.19764" lon="1.53816">
        <ele>0</ele>
        <time>2026-06-26T08:30:33.622Z</time>
        <name>1210</name>
        <extensions>
          <speed_mps>22.352</speed_mps>
          <speed_mph>50.0</speed_mph>
        </extensions>
      </trkpt>
      <trkpt lat="52.19794" lon="1.53807">
        <ele>0</ele>
        <time>2026-06-26T08:30:35.145Z</time>
        <name>1211</name>
        <extensions>
          <speed_mps>22.352</speed_mps>
          <speed_mph>50.0</speed_mph>
        </extensions>
      </trkpt>
      <trkpt lat="52.19824" lon="1.53794">
        <ele>0</ele>
        <time>2026-06-26T08:30:36.669Z</time>
        <name>1212</name>
        <extensions>
          <speed_mps>22.352</speed_mps>
          <speed_mph>50.0</speed_mph>
        </extensions>
      </trkpt>
      <trkpt lat="52.19852" lon="1.53775">
        <ele>0</ele>
        <time>2026-06-26T08:30:38.191Z</time>
        <name>1213</name>
        <extensions>
          <speed_mps>22.352</speed_mps>
          <speed_mph>50.0</speed_mph>
        </extensions>
      </trkpt>
      <trkpt lat="52.19879" lon="1.53751">
        <ele>0</ele>
        <time>2026-06-26T08:30:39.716Z</time>
        <name>1214</name>
        <extensions>
          <speed_mps>22.352</speed_mps>
          <speed_mph>50.0</speed_mph>
        </extensions>
      </trkpt>
      <trkpt lat="52.19904" lon="1.53723">
        <ele>0</ele>
        <time>2026-06-26T08:30:41.240Z</time>
        <name>1215</name>
        <extensions>
          <speed_mps>22.352</speed_mps>
          <speed_mph>50.0</speed_mph>
        </extensions>
      </trkpt>
      <trkpt lat="52.19929" lon="1.53693">
        <ele>0</ele>
        <time>2026-06-26T08:30:42.766Z</time>
        <name>1216</name>
        <extensions>
          <speed_mps>22.352</speed_mps>
          <speed_mph>50.0</speed_mph>
        </extensions>
      </trkpt>
      <trkpt lat="52.19953" lon="1.53662">
        <ele>0</ele>
        <time>2026-06-26T08:30:44.291Z</time>
        <name>1217</name>
        <extensions>
          <speed_mps>22.352</speed_mps>
          <speed_mph>50.0</speed_mph>
        </extensions>
      </trkpt>
      <trkpt lat="52.19977" lon="1.53631">
        <ele>0</ele>
        <time>2026-06-26T08:30:45.816Z</time>
        <name>1218</name>
        <extensions>
          <speed_mps>22.352</speed_mps>
          <speed_mph>50.0</speed_mph>
        </extensions>
      </trkpt>
      <trkpt lat="52.20003" lon="1.53604">
        <ele>0</ele>
        <time>2026-06-26T08:30:47.339Z</time>
        <name>1219</name>
        <extensions>
          <speed_mps>22.352</speed_mps>
          <speed_mph>50.0</speed_mph>
        </extensions>
      </trkpt>
      <trkpt lat="52.20014" lon="1.53641">
        <ele>0</ele>
        <time>2026-06-26T08:30:48.590Z</time>
        <name>1220</name>
        <extensions>
          <speed_mps>22.352</speed_mps>
          <speed_mph>50.0</speed_mph>
        </extensions>
      </trkpt>
      <trkpt lat="52.20019" lon="1.53690">
        <ele>0</ele>
        <time>2026-06-26T08:30:50.114Z</time>
        <name>1221</name>
        <extensions>
          <speed_mps>22.352</speed_mps>
          <speed_mph>50.0</speed_mph>
        </extensions>
      </trkpt>
      <trkpt lat="52.20020" lon="1.53740">
        <ele>0</ele>
        <time>2026-06-26T08:30:51.638Z</time>
        <name>1222</name>
        <extensions>
          <speed_mps>22.352</speed_mps>
          <speed_mph>50.0</speed_mph>
        </extensions>
      </trkpt>
      <trkpt lat="52.20020" lon="1.53790">
        <ele>0</ele>
        <time>2026-06-26T08:30:53.164Z</time>
        <name>1223</name>
        <extensions>
          <speed_mps>22.352</speed_mps>
          <speed_mph>50.0</speed_mph>
        </extensions>
      </trkpt>
      <trkpt lat="52.20020" lon="1.53840">
        <ele>0</ele>
        <time>2026-06-26T08:30:54.689Z</time>
        <name>1224</name>
        <extensions>
          <speed_mps>22.352</speed_mps>
          <speed_mph>50.0</speed_mph>
        </extensions>
      </trkpt>
      <trkpt lat="52.20021" lon="1.53890">
        <ele>0</ele>
        <time>2026-06-26T08:30:56.214Z</time>
        <name>1225</name>
        <extensions>
          <speed_mps>22.352</speed_mps>
          <speed_mph>50.0</speed_mph>
        </extensions>
      </trkpt>
      <trkpt lat="52.20022" lon="1.53940">
        <ele>0</ele>
        <time>2026-06-26T08:30:57.740Z</time>
        <name>1226</name>
        <extensions>
          <speed_mps>22.352</speed_mps>
          <speed_mph>50.0</speed_mph>
        </extensions>
      </trkpt>
      <trkpt lat="52.20023" lon="1.53990">
        <ele>0</ele>
        <time>2026-06-26T08:30:59.265Z</time>
        <name>1227</name>
        <extensions>
          <speed_mps>22.352</speed_mps>
          <speed_mph>50.0</speed_mph>
        </extensions>
      </trkpt>
      <trkpt lat="52.20023" lon="1.54040">
        <ele>0</ele>
        <time>2026-06-26T08:31:00.789Z</time>
        <name>1228</name>
        <extensions>
          <speed_mps>22.352</speed_mps>
          <speed_mph>50.0</speed_mph>
        </extensions>
      </trkpt>
      <trkpt lat="52.20016" lon="1.54089">
        <ele>0</ele>
        <time>2026-06-26T08:31:02.305Z</time>
        <name>1229</name>
        <extensions>
          <speed_mps>22.352</speed_mps>
          <speed_mph>50.0</speed_mph>
        </extensions>
      </trkpt>
      <trkpt lat="52.20007" lon="1.54136">
        <ele>0</ele>
        <time>2026-06-26T08:31:03.830Z</time>
        <name>1230</name>
        <extensions>
          <speed_mps>22.352</speed_mps>
          <speed_mph>50.0</speed_mph>
        </extensions>
      </trkpt>
      <trkpt lat="52.19997" lon="1.54184">
        <ele>0</ele>
        <time>2026-06-26T08:31:05.356Z</time>
        <name>1231</name>
        <extensions>
          <speed_mps>22.352</speed_mps>
          <speed_mph>50.0</speed_mph>
        </extensions>
      </trkpt>
      <trkpt lat="52.19988" lon="1.54231">
        <ele>0</ele>
        <time>2026-06-26T08:31:06.881Z</time>
        <name>1232</name>
        <extensions>
          <speed_mps>22.352</speed_mps>
          <speed_mph>50.0</speed_mph>
        </extensions>
      </trkpt>
      <trkpt lat="52.19977" lon="1.54278">
        <ele>0</ele>
        <time>2026-06-26T08:31:08.406Z</time>
        <name>1233</name>
        <extensions>
          <speed_mps>22.352</speed_mps>
          <speed_mph>50.0</speed_mph>
        </extensions>
      </trkpt>
      <trkpt lat="52.19970" lon="1.54327">
        <ele>0</ele>
        <time>2026-06-26T08:31:09.921Z</time>
        <name>1234</name>
        <extensions>
          <speed_mps>22.352</speed_mps>
          <speed_mph>50.0</speed_mph>
        </extensions>
      </trkpt>
      <trkpt lat="52.19969" lon="1.54377">
        <ele>0</ele>
        <time>2026-06-26T08:31:11.446Z</time>
        <name>1235</name>
        <extensions>
          <speed_mps>22.352</speed_mps>
          <speed_mph>50.0</speed_mph>
        </extensions>
      </trkpt>
      <trkpt lat="52.19968" lon="1.54427">
        <ele>0</ele>
        <time>2026-06-26T08:31:12.971Z</time>
        <name>1236</name>
        <extensions>
          <speed_mps>22.352</speed_mps>
          <speed_mph>50.0</speed_mph>
        </extensions>
      </trkpt>
      <trkpt lat="52.19967" lon="1.54477">
        <ele>0</ele>
        <time>2026-06-26T08:31:14.497Z</time>
        <name>1237</name>
        <extensions>
          <speed_mps>22.352</speed_mps>
          <speed_mph>50.0</speed_mph>
        </extensions>
      </trkpt>
      <trkpt lat="52.19966" lon="1.54527">
        <ele>0</ele>
        <time>2026-06-26T08:31:16.022Z</time>
        <name>1238</name>
        <extensions>
          <speed_mps>22.352</speed_mps>
          <speed_mph>50.0</speed_mph>
        </extensions>
      </trkpt>
      <trkpt lat="52.19963" lon="1.54576">
        <ele>0</ele>
        <time>2026-06-26T08:31:17.547Z</time>
        <name>1239</name>
        <extensions>
          <speed_mps>22.352</speed_mps>
          <speed_mph>50.0</speed_mph>
        </extensions>
      </trkpt>
      <trkpt lat="52.19960" lon="1.54626">
        <ele>0</ele>
        <time>2026-06-26T08:31:19.072Z</time>
        <name>1240</name>
        <extensions>
          <speed_mps>22.352</speed_mps>
          <speed_mph>50.0</speed_mph>
        </extensions>
      </trkpt>
      <trkpt lat="52.19957" lon="1.54676">
        <ele>0</ele>
        <time>2026-06-26T08:31:20.598Z</time>
        <name>1241</name>
        <extensions>
          <speed_mps>22.352</speed_mps>
          <speed_mph>50.0</speed_mph>
        </extensions>
      </trkpt>
      <trkpt lat="52.19953" lon="1.54726">
        <ele>0</ele>
        <time>2026-06-26T08:31:22.123Z</time>
        <name>1242</name>
        <extensions>
          <speed_mps>22.352</speed_mps>
          <speed_mph>50.0</speed_mph>
        </extensions>
      </trkpt>
      <trkpt lat="52.19963" lon="1.54757">
        <ele>0</ele>
        <time>2026-06-26T08:31:23.210Z</time>
        <name>1243</name>
        <extensions>
          <speed_mps>22.352</speed_mps>
          <speed_mph>50.0</speed_mph>
        </extensions>
      </trkpt>
      <trkpt lat="52.19994" lon="1.54761">
        <ele>0</ele>
        <time>2026-06-26T08:31:24.736Z</time>
        <name>1244</name>
        <extensions>
          <speed_mps>22.352</speed_mps>
          <speed_mph>50.0</speed_mph>
        </extensions>
      </trkpt>
      <trkpt lat="52.20025" lon="1.54764">
        <ele>0</ele>
        <time>2026-06-26T08:31:26.261Z</time>
        <name>1245</name>
        <extensions>
          <speed_mps>22.352</speed_mps>
          <speed_mph>50.0</speed_mph>
        </extensions>
      </trkpt>
      <trkpt lat="52.20055" lon="1.54767">
        <ele>0</ele>
        <time>2026-06-26T08:31:27.786Z</time>
        <name>1246</name>
        <extensions>
          <speed_mps>22.352</speed_mps>
          <speed_mph>50.0</speed_mph>
        </extensions>
      </trkpt>
      <trkpt lat="52.20086" lon="1.54770">
        <ele>0</ele>
        <time>2026-06-26T08:31:29.312Z</time>
        <name>1247</name>
        <extensions>
          <speed_mps>22.352</speed_mps>
          <speed_mph>50.0</speed_mph>
        </extensions>
      </trkpt>
      <trkpt lat="52.20116" lon="1.54771">
        <ele>0</ele>
        <time>2026-06-26T08:31:30.832Z</time>
        <name>1248</name>
        <extensions>
          <speed_mps>22.352</speed_mps>
          <speed_mph>50.0</speed_mph>
        </extensions>
      </trkpt>
      <trkpt lat="52.20146" lon="1.54781">
        <ele>0</ele>
        <time>2026-06-26T08:31:32.355Z</time>
        <name>1249</name>
        <extensions>
          <speed_mps>22.352</speed_mps>
          <speed_mph>50.0</speed_mph>
        </extensions>
      </trkpt>
      <trkpt lat="52.20175" lon="1.54798">
        <ele>0</ele>
        <time>2026-06-26T08:31:33.880Z</time>
        <name>1250</name>
        <extensions>
          <speed_mps>22.352</speed_mps>
          <speed_mph>50.0</speed_mph>
        </extensions>
      </trkpt>
      <trkpt lat="52.20204" lon="1.54814">
        <ele>0</ele>
        <time>2026-06-26T08:31:35.406Z</time>
        <name>1251</name>
        <extensions>
          <speed_mps>22.352</speed_mps>
          <speed_mph>50.0</speed_mph>
        </extensions>
      </trkpt>
      <trkpt lat="52.20233" lon="1.54831">
        <ele>0</ele>
        <time>2026-06-26T08:31:36.931Z</time>
        <name>1252</name>
        <extensions>
          <speed_mps>22.352</speed_mps>
          <speed_mph>50.0</speed_mph>
        </extensions>
      </trkpt>
      <trkpt lat="52.20260" lon="1.54854">
        <ele>0</ele>
        <time>2026-06-26T08:31:38.447Z</time>
        <name>1253</name>
        <extensions>
          <speed_mps>22.352</speed_mps>
          <speed_mph>50.0</speed_mph>
        </extensions>
      </trkpt>
      <trkpt lat="52.20283" lon="1.54887">
        <ele>0</ele>
        <time>2026-06-26T08:31:39.972Z</time>
        <name>1254</name>
        <extensions>
          <speed_mps>22.352</speed_mps>
          <speed_mph>50.0</speed_mph>
        </extensions>
      </trkpt>
      <trkpt lat="52.20306" lon="1.54921">
        <ele>0</ele>
        <time>2026-06-26T08:31:41.498Z</time>
        <name>1255</name>
        <extensions>
          <speed_mps>22.352</speed_mps>
          <speed_mph>50.0</speed_mph>
        </extensions>
      </trkpt>
      <trkpt lat="52.20330" lon="1.54951">
        <ele>0</ele>
        <time>2026-06-26T08:31:43.016Z</time>
        <name>1256</name>
        <extensions>
          <speed_mps>22.352</speed_mps>
          <speed_mph>50.0</speed_mph>
        </extensions>
      </trkpt>
      <trkpt lat="52.20357" lon="1.54975">
        <ele>0</ele>
        <time>2026-06-26T08:31:44.541Z</time>
        <name>1257</name>
        <extensions>
          <speed_mps>22.352</speed_mps>
          <speed_mph>50.0</speed_mph>
        </extensions>
      </trkpt>
      <trkpt lat="52.20385" lon="1.54997">
        <ele>0</ele>
        <time>2026-06-26T08:31:46.065Z</time>
        <name>1258</name>
        <extensions>
          <speed_mps>22.352</speed_mps>
          <speed_mph>50.0</speed_mph>
        </extensions>
      </trkpt>
      <trkpt lat="52.20410" lon="1.55025">
        <ele>0</ele>
        <time>2026-06-26T08:31:47.590Z</time>
        <name>1259</name>
        <extensions>
          <speed_mps>22.352</speed_mps>
          <speed_mph>50.0</speed_mph>
        </extensions>
      </trkpt>
      <trkpt lat="52.20436" lon="1.55053">
        <ele>0</ele>
        <time>2026-06-26T08:31:49.116Z</time>
        <name>1260</name>
        <extensions>
          <speed_mps>22.352</speed_mps>
          <speed_mph>50.0</speed_mph>
        </extensions>
      </trkpt>
      <trkpt lat="52.20461" lon="1.55081">
        <ele>0</ele>
        <time>2026-06-26T08:31:50.641Z</time>
        <name>1261</name>
        <extensions>
          <speed_mps>22.352</speed_mps>
          <speed_mph>50.0</speed_mph>
        </extensions>
      </trkpt>
      <trkpt lat="52.20489" lon="1.55102">
        <ele>0</ele>
        <time>2026-06-26T08:31:52.157Z</time>
        <name>1262</name>
        <extensions>
          <speed_mps>22.352</speed_mps>
          <speed_mph>50.0</speed_mph>
        </extensions>
      </trkpt>
      <trkpt lat="52.20518" lon="1.55117">
        <ele>0</ele>
        <time>2026-06-26T08:31:53.679Z</time>
        <name>1263</name>
        <extensions>
          <speed_mps>22.352</speed_mps>
          <speed_mph>50.0</speed_mph>
        </extensions>
      </trkpt>
      <trkpt lat="52.20548" lon="1.55126">
        <ele>0</ele>
        <time>2026-06-26T08:31:55.205Z</time>
        <name>1264</name>
        <extensions>
          <speed_mps>22.352</speed_mps>
          <speed_mph>50.0</speed_mph>
        </extensions>
      </trkpt>
      <trkpt lat="52.20578" lon="1.55133">
        <ele>0</ele>
        <time>2026-06-26T08:31:56.727Z</time>
        <name>1265</name>
        <extensions>
          <speed_mps>22.352</speed_mps>
          <speed_mph>50.0</speed_mph>
        </extensions>
      </trkpt>
      <trkpt lat="52.20609" lon="1.55131">
        <ele>0</ele>
        <time>2026-06-26T08:31:58.248Z</time>
        <name>1266</name>
        <extensions>
          <speed_mps>22.352</speed_mps>
          <speed_mph>50.0</speed_mph>
        </extensions>
      </trkpt>
      <trkpt lat="52.20639" lon="1.55123">
        <ele>0</ele>
        <time>2026-06-26T08:31:59.773Z</time>
        <name>1267</name>
        <extensions>
          <speed_mps>22.352</speed_mps>
          <speed_mph>50.0</speed_mph>
        </extensions>
      </trkpt>
      <trkpt lat="52.20670" lon="1.55118">
        <ele>0</ele>
        <time>2026-06-26T08:32:01.298Z</time>
        <name>1268</name>
        <extensions>
          <speed_mps>22.352</speed_mps>
          <speed_mph>50.0</speed_mph>
        </extensions>
      </trkpt>
      <trkpt lat="52.20700" lon="1.55115">
        <ele>0</ele>
        <time>2026-06-26T08:32:02.823Z</time>
        <name>1269</name>
        <extensions>
          <speed_mps>22.352</speed_mps>
          <speed_mph>50.0</speed_mph>
        </extensions>
      </trkpt>
      <trkpt lat="52.20731" lon="1.55112">
        <ele>0</ele>
        <time>2026-06-26T08:32:04.349Z</time>
        <name>1270</name>
        <extensions>
          <speed_mps>22.352</speed_mps>
          <speed_mph>50.0</speed_mph>
        </extensions>
      </trkpt>
      <trkpt lat="52.20761" lon="1.55108">
        <ele>0</ele>
        <time>2026-06-26T08:32:05.874Z</time>
        <name>1271</name>
        <extensions>
          <speed_mps>22.352</speed_mps>
          <speed_mph>50.0</speed_mph>
        </extensions>
      </trkpt>
      <trkpt lat="52.20791" lon="1.55099">
        <ele>0</ele>
        <time>2026-06-26T08:32:07.398Z</time>
        <name>1272</name>
        <extensions>
          <speed_mps>22.352</speed_mps>
          <speed_mph>50.0</speed_mph>
        </extensions>
      </trkpt>
      <trkpt lat="52.20821" lon="1.55087">
        <ele>0</ele>
        <time>2026-06-26T08:32:08.923Z</time>
        <name>1273</name>
        <extensions>
          <speed_mps>22.352</speed_mps>
          <speed_mph>50.0</speed_mph>
        </extensions>
      </trkpt>
      <trkpt lat="52.20851" lon="1.55077">
        <ele>0</ele>
        <time>2026-06-26T08:32:10.446Z</time>
        <name>1274</name>
        <extensions>
          <speed_mps>22.352</speed_mps>
          <speed_mph>50.0</speed_mph>
        </extensions>
      </trkpt>
      <trkpt lat="52.20882" lon="1.55073">
        <ele>0</ele>
        <time>2026-06-26T08:32:11.971Z</time>
        <name>1275</name>
        <extensions>
          <speed_mps>22.352</speed_mps>
          <speed_mph>50.0</speed_mph>
        </extensions>
      </trkpt>
      <trkpt lat="52.20912" lon="1.55074">
        <ele>0</ele>
        <time>2026-06-26T08:32:13.495Z</time>
        <name>1276</name>
        <extensions>
          <speed_mps>22.352</speed_mps>
          <speed_mph>50.0</speed_mph>
        </extensions>
      </trkpt>
      <trkpt lat="52.20943" lon="1.55079">
        <ele>0</ele>
        <time>2026-06-26T08:32:15.019Z</time>
        <name>1277</name>
        <extensions>
          <speed_mps>22.352</speed_mps>
          <speed_mph>50.0</speed_mph>
        </extensions>
      </trkpt>
      <trkpt lat="52.20973" lon="1.55084">
        <ele>0</ele>
        <time>2026-06-26T08:32:16.544Z</time>
        <name>1278</name>
        <extensions>
          <speed_mps>22.352</speed_mps>
          <speed_mph>50.0</speed_mph>
        </extensions>
      </trkpt>
      <trkpt lat="52.20988" lon="1.55119">
        <ele>0</ele>
        <time>2026-06-26T08:32:17.820Z</time>
        <name>1279</name>
        <extensions>
          <speed_mps>22.352</speed_mps>
          <speed_mph>50.0</speed_mph>
        </extensions>
      </trkpt>
      <trkpt lat="52.20987" lon="1.55169">
        <ele>0</ele>
        <time>2026-06-26T08:32:19.342Z</time>
        <name>1280</name>
        <extensions>
          <speed_mps>22.352</speed_mps>
          <speed_mph>50.0</speed_mph>
        </extensions>
      </trkpt>
      <trkpt lat="52.21011" lon="1.55192">
        <ele>0</ele>
        <time>2026-06-26T08:32:20.731Z</time>
        <name>1281</name>
        <extensions>
          <speed_mps>22.352</speed_mps>
          <speed_mph>50.0</speed_mph>
        </extensions>
      </trkpt>
      <trkpt lat="52.21041" lon="1.55203">
        <ele>0</ele>
        <time>2026-06-26T08:32:22.256Z</time>
        <name>1282</name>
        <extensions>
          <speed_mps>22.352</speed_mps>
          <speed_mph>50.0</speed_mph>
        </extensions>
      </trkpt>
      <trkpt lat="52.21072" lon="1.55211">
        <ele>0</ele>
        <time>2026-06-26T08:32:23.775Z</time>
        <name>1283</name>
        <extensions>
          <speed_mps>22.352</speed_mps>
          <speed_mph>50.0</speed_mph>
        </extensions>
      </trkpt>
      <trkpt lat="52.21100" lon="1.55199">
        <ele>0</ele>
        <time>2026-06-26T08:32:25.259Z</time>
        <name>1284</name>
        <extensions>
          <speed_mps>22.352</speed_mps>
          <speed_mph>50.0</speed_mph>
        </extensions>
      </trkpt>
      <trkpt lat="52.21128" lon="1.55177">
        <ele>0</ele>
        <time>2026-06-26T08:32:26.782Z</time>
        <name>1285</name>
        <extensions>
          <speed_mps>22.352</speed_mps>
          <speed_mph>50.0</speed_mph>
        </extensions>
      </trkpt>
      <trkpt lat="52.21157" lon="1.55161">
        <ele>0</ele>
        <time>2026-06-26T08:32:28.307Z</time>
        <name>1286</name>
        <extensions>
          <speed_mps>22.352</speed_mps>
          <speed_mph>50.0</speed_mph>
        </extensions>
      </trkpt>
      <trkpt lat="52.21186" lon="1.55144">
        <ele>0</ele>
        <time>2026-06-26T08:32:29.832Z</time>
        <name>1287</name>
        <extensions>
          <speed_mps>22.352</speed_mps>
          <speed_mph>50.0</speed_mph>
        </extensions>
      </trkpt>
      <trkpt lat="52.21215" lon="1.55128">
        <ele>0</ele>
        <time>2026-06-26T08:32:31.358Z</time>
        <name>1288</name>
        <extensions>
          <speed_mps>22.352</speed_mps>
          <speed_mph>50.0</speed_mph>
        </extensions>
      </trkpt>
      <trkpt lat="52.21244" lon="1.55110">
        <ele>0</ele>
        <time>2026-06-26T08:32:32.883Z</time>
        <name>1289</name>
        <extensions>
          <speed_mps>22.352</speed_mps>
          <speed_mph>50.0</speed_mph>
        </extensions>
      </trkpt>
      <trkpt lat="52.21271" lon="1.55088">
        <ele>0</ele>
        <time>2026-06-26T08:32:34.407Z</time>
        <name>1290</name>
        <extensions>
          <speed_mps>22.352</speed_mps>
          <speed_mph>50.0</speed_mph>
        </extensions>
      </trkpt>
      <trkpt lat="52.21292" lon="1.55064">
        <ele>0</ele>
        <time>2026-06-26T08:32:35.675Z</time>
        <name>1291</name>
        <extensions>
          <speed_mps>22.352</speed_mps>
          <speed_mph>50.0</speed_mph>
        </extensions>
      </trkpt>
      <trkpt lat="52.21321" lon="1.55079">
        <ele>0</ele>
        <time>2026-06-26T08:32:37.183Z</time>
        <name>1292</name>
        <extensions>
          <speed_mps>22.352</speed_mps>
          <speed_mph>50.0</speed_mph>
        </extensions>
      </trkpt>
      <trkpt lat="52.21334" lon="1.55115">
        <ele>0</ele>
        <time>2026-06-26T08:32:38.466Z</time>
        <name>1293</name>
        <extensions>
          <speed_mps>22.352</speed_mps>
          <speed_mph>50.0</speed_mph>
        </extensions>
      </trkpt>
      <trkpt lat="52.21353" lon="1.55154">
        <ele>0</ele>
        <time>2026-06-26T08:32:39.988Z</time>
        <name>1294</name>
        <extensions>
          <speed_mps>22.352</speed_mps>
          <speed_mph>50.0</speed_mph>
        </extensions>
      </trkpt>
      <trkpt lat="52.21373" lon="1.55192">
        <ele>0</ele>
        <time>2026-06-26T08:32:41.513Z</time>
        <name>1295</name>
        <extensions>
          <speed_mps>22.352</speed_mps>
          <speed_mph>50.0</speed_mph>
        </extensions>
      </trkpt>
      <trkpt lat="52.21393" lon="1.55230">
        <ele>0</ele>
        <time>2026-06-26T08:32:43.039Z</time>
        <name>1296</name>
        <extensions>
          <speed_mps>22.352</speed_mps>
          <speed_mph>50.0</speed_mph>
        </extensions>
      </trkpt>
      <trkpt lat="52.21411" lon="1.55271">
        <ele>0</ele>
        <time>2026-06-26T08:32:44.564Z</time>
        <name>1297</name>
        <extensions>
          <speed_mps>22.352</speed_mps>
          <speed_mph>50.0</speed_mph>
        </extensions>
      </trkpt>
      <trkpt lat="52.21429" lon="1.55311">
        <ele>0</ele>
        <time>2026-06-26T08:32:46.089Z</time>
        <name>1298</name>
        <extensions>
          <speed_mps>22.352</speed_mps>
          <speed_mph>50.0</speed_mph>
        </extensions>
      </trkpt>
      <trkpt lat="52.21448" lon="1.55351">
        <ele>0</ele>
        <time>2026-06-26T08:32:47.615Z</time>
        <name>1299</name>
        <extensions>
          <speed_mps>22.352</speed_mps>
          <speed_mph>50.0</speed_mph>
        </extensions>
      </trkpt>
      <trkpt lat="52.21467" lon="1.55390">
        <ele>0</ele>
        <time>2026-06-26T08:32:49.137Z</time>
        <name>1300</name>
        <extensions>
          <speed_mps>22.352</speed_mps>
          <speed_mph>50.0</speed_mph>
        </extensions>
      </trkpt>
      <trkpt lat="52.21490" lon="1.55423">
        <ele>0</ele>
        <time>2026-06-26T08:32:50.663Z</time>
        <name>1301</name>
        <extensions>
          <speed_mps>22.352</speed_mps>
          <speed_mph>50.0</speed_mph>
        </extensions>
      </trkpt>
      <trkpt lat="52.21512" lon="1.55457">
        <ele>0</ele>
        <time>2026-06-26T08:32:52.188Z</time>
        <name>1302</name>
        <extensions>
          <speed_mps>22.352</speed_mps>
          <speed_mph>50.0</speed_mph>
        </extensions>
      </trkpt>
      <trkpt lat="52.21535" lon="1.55491">
        <ele>0</ele>
        <time>2026-06-26T08:32:53.713Z</time>
        <name>1303</name>
        <extensions>
          <speed_mps>22.352</speed_mps>
          <speed_mph>50.0</speed_mph>
        </extensions>
      </trkpt>
      <trkpt lat="52.21557" lon="1.55525">
        <ele>0</ele>
        <time>2026-06-26T08:32:55.239Z</time>
        <name>1304</name>
        <extensions>
          <speed_mps>22.352</speed_mps>
          <speed_mph>50.0</speed_mph>
        </extensions>
      </trkpt>
      <trkpt lat="52.21578" lon="1.55561">
        <ele>0</ele>
        <time>2026-06-26T08:32:56.757Z</time>
        <name>1305</name>
        <extensions>
          <speed_mps>22.352</speed_mps>
          <speed_mph>50.0</speed_mph>
        </extensions>
      </trkpt>
      <trkpt lat="52.21597" lon="1.55601">
        <ele>0</ele>
        <time>2026-06-26T08:32:58.283Z</time>
        <name>1306</name>
        <extensions>
          <speed_mps>22.352</speed_mps>
          <speed_mph>50.0</speed_mph>
        </extensions>
      </trkpt>
      <trkpt lat="52.21616" lon="1.55640">
        <ele>0</ele>
        <time>2026-06-26T08:32:59.808Z</time>
        <name>1307</name>
        <extensions>
          <speed_mps>22.352</speed_mps>
          <speed_mph>50.0</speed_mph>
        </extensions>
      </trkpt>
      <trkpt lat="52.21635" lon="1.55680">
        <ele>0</ele>
        <time>2026-06-26T08:33:01.333Z</time>
        <name>1308</name>
        <extensions>
          <speed_mps>22.352</speed_mps>
          <speed_mph>50.0</speed_mph>
        </extensions>
      </trkpt>
      <trkpt lat="52.21654" lon="1.55718">
        <ele>0</ele>
        <time>2026-06-26T08:33:02.859Z</time>
        <name>1309</name>
        <extensions>
          <speed_mps>22.352</speed_mps>
          <speed_mph>50.0</speed_mph>
        </extensions>
      </trkpt>
      <trkpt lat="52.21673" lon="1.55757">
        <ele>0</ele>
        <time>2026-06-26T08:33:04.384Z</time>
        <name>1310</name>
        <extensions>
          <speed_mps>22.352</speed_mps>
          <speed_mph>50.0</speed_mph>
        </extensions>
      </trkpt>
      <trkpt lat="52.21693" lon="1.55796">
        <ele>0</ele>
        <time>2026-06-26T08:33:05.909Z</time>
        <name>1311</name>
        <extensions>
          <speed_mps>22.352</speed_mps>
          <speed_mph>50.0</speed_mph>
        </extensions>
      </trkpt>
      <trkpt lat="52.21714" lon="1.55833">
        <ele>0</ele>
        <time>2026-06-26T08:33:07.434Z</time>
        <name>1312</name>
        <extensions>
          <speed_mps>22.352</speed_mps>
          <speed_mph>50.0</speed_mph>
        </extensions>
      </trkpt>
      <trkpt lat="52.21734" lon="1.55870">
        <ele>0</ele>
        <time>2026-06-26T08:33:08.960Z</time>
        <name>1313</name>
        <extensions>
          <speed_mps>22.352</speed_mps>
          <speed_mph>50.0</speed_mph>
        </extensions>
      </trkpt>
      <trkpt lat="52.21747" lon="1.55915">
        <ele>0</ele>
        <time>2026-06-26T08:33:10.460Z</time>
        <name>1314</name>
        <extensions>
          <speed_mps>22.352</speed_mps>
          <speed_mph>50.0</speed_mph>
        </extensions>
      </trkpt>
      <trkpt lat="52.21751" lon="1.55964">
        <ele>0</ele>
        <time>2026-06-26T08:33:11.981Z</time>
        <name>1315</name>
        <extensions>
          <speed_mps>22.352</speed_mps>
          <speed_mph>50.0</speed_mph>
        </extensions>
      </trkpt>
      <trkpt lat="52.21765" lon="1.56008">
        <ele>0</ele>
        <time>2026-06-26T08:33:13.494Z</time>
        <name>1316</name>
        <extensions>
          <speed_mps>22.352</speed_mps>
          <speed_mph>50.0</speed_mph>
        </extensions>
      </trkpt>
      <trkpt lat="52.21784" lon="1.56047">
        <ele>0</ele>
        <time>2026-06-26T08:33:15.020Z</time>
        <name>1317</name>
        <extensions>
          <speed_mps>22.352</speed_mps>
          <speed_mph>50.0</speed_mph>
        </extensions>
      </trkpt>
      <trkpt lat="52.21803" lon="1.56086">
        <ele>0</ele>
        <time>2026-06-26T08:33:16.545Z</time>
        <name>1318</name>
        <extensions>
          <speed_mps>22.352</speed_mps>
          <speed_mph>50.0</speed_mph>
        </extensions>
      </trkpt>
      <trkpt lat="52.21822" lon="1.56126">
        <ele>0</ele>
        <time>2026-06-26T08:33:18.070Z</time>
        <name>1319</name>
        <extensions>
          <speed_mps>22.352</speed_mps>
          <speed_mph>50.0</speed_mph>
        </extensions>
      </trkpt>
      <trkpt lat="52.21842" lon="1.56165">
        <ele>0</ele>
        <time>2026-06-26T08:33:19.595Z</time>
        <name>1320</name>
        <extensions>
          <speed_mps>22.352</speed_mps>
          <speed_mph>50.0</speed_mph>
        </extensions>
      </trkpt>
      <trkpt lat="52.21861" lon="1.56203">
        <ele>0</ele>
        <time>2026-06-26T08:33:21.121Z</time>
        <name>1321</name>
        <extensions>
          <speed_mps>22.352</speed_mps>
          <speed_mph>50.0</speed_mph>
        </extensions>
      </trkpt>
      <trkpt lat="52.21883" lon="1.56239">
        <ele>0</ele>
        <time>2026-06-26T08:33:22.646Z</time>
        <name>1322</name>
        <extensions>
          <speed_mps>22.352</speed_mps>
          <speed_mph>50.0</speed_mph>
        </extensions>
      </trkpt>
      <trkpt lat="52.21904" lon="1.56275">
        <ele>0</ele>
        <time>2026-06-26T08:33:24.171Z</time>
        <name>1323</name>
        <extensions>
          <speed_mps>22.352</speed_mps>
          <speed_mph>50.0</speed_mph>
        </extensions>
      </trkpt>
      <trkpt lat="52.21922" lon="1.56315">
        <ele>0</ele>
        <time>2026-06-26T08:33:25.694Z</time>
        <name>1324</name>
        <extensions>
          <speed_mps>22.352</speed_mps>
          <speed_mph>50.0</speed_mph>
        </extensions>
      </trkpt>
      <trkpt lat="52.21938" lon="1.56358">
        <ele>0</ele>
        <time>2026-06-26T08:33:27.219Z</time>
        <name>1325</name>
        <extensions>
          <speed_mps>22.352</speed_mps>
          <speed_mph>50.0</speed_mph>
        </extensions>
      </trkpt>
      <trkpt lat="52.21957" lon="1.56398">
        <ele>0</ele>
        <time>2026-06-26T08:33:28.742Z</time>
        <name>1326</name>
        <extensions>
          <speed_mps>22.352</speed_mps>
          <speed_mph>50.0</speed_mph>
        </extensions>
      </trkpt>
      <trkpt lat="52.21976" lon="1.56436">
        <ele>0</ele>
        <time>2026-06-26T08:33:30.268Z</time>
        <name>1327</name>
        <extensions>
          <speed_mps>22.352</speed_mps>
          <speed_mph>50.0</speed_mph>
        </extensions>
      </trkpt>
      <trkpt lat="52.21995" lon="1.56476">
        <ele>0</ele>
        <time>2026-06-26T08:33:31.792Z</time>
        <name>1328</name>
        <extensions>
          <speed_mps>22.352</speed_mps>
          <speed_mph>50.0</speed_mph>
        </extensions>
      </trkpt>
      <trkpt lat="52.22006" lon="1.56521">
        <ele>0</ele>
        <time>2026-06-26T08:33:33.287Z</time>
        <name>1329</name>
        <extensions>
          <speed_mps>22.352</speed_mps>
          <speed_mph>50.0</speed_mph>
        </extensions>
      </trkpt>
      <trkpt lat="52.22008" lon="1.56571">
        <ele>0</ele>
        <time>2026-06-26T08:33:34.813Z</time>
        <name>1330</name>
        <extensions>
          <speed_mps>22.352</speed_mps>
          <speed_mph>50.0</speed_mph>
        </extensions>
      </trkpt>
      <trkpt lat="52.22010" lon="1.56621">
        <ele>0</ele>
        <time>2026-06-26T08:33:36.338Z</time>
        <name>1331</name>
        <extensions>
          <speed_mps>22.352</speed_mps>
          <speed_mph>50.0</speed_mph>
        </extensions>
      </trkpt>
      <trkpt lat="52.22011" lon="1.56671">
        <ele>0</ele>
        <time>2026-06-26T08:33:37.863Z</time>
        <name>1332</name>
        <extensions>
          <speed_mps>22.352</speed_mps>
          <speed_mph>50.0</speed_mph>
        </extensions>
      </trkpt>
      <trkpt lat="52.22009" lon="1.56721">
        <ele>0</ele>
        <time>2026-06-26T08:33:39.387Z</time>
        <name>1333</name>
        <extensions>
          <speed_mps>22.352</speed_mps>
          <speed_mph>50.0</speed_mph>
        </extensions>
      </trkpt>
      <trkpt lat="52.22006" lon="1.56771">
        <ele>0</ele>
        <time>2026-06-26T08:33:40.912Z</time>
        <name>1334</name>
        <extensions>
          <speed_mps>22.352</speed_mps>
          <speed_mph>50.0</speed_mph>
        </extensions>
      </trkpt>
      <trkpt lat="52.22003" lon="1.56821">
        <ele>0</ele>
        <time>2026-06-26T08:33:42.438Z</time>
        <name>1335</name>
        <extensions>
          <speed_mps>22.352</speed_mps>
          <speed_mph>50.0</speed_mph>
        </extensions>
      </trkpt>
      <trkpt lat="52.22000" lon="1.56871">
        <ele>0</ele>
        <time>2026-06-26T08:33:43.963Z</time>
        <name>1336</name>
        <extensions>
          <speed_mps>22.352</speed_mps>
          <speed_mph>50.0</speed_mph>
        </extensions>
      </trkpt>
      <trkpt lat="52.21998" lon="1.56921">
        <ele>0</ele>
        <time>2026-06-26T08:33:45.488Z</time>
        <name>1337</name>
        <extensions>
          <speed_mps>22.352</speed_mps>
          <speed_mph>50.0</speed_mph>
        </extensions>
      </trkpt>
      <trkpt lat="52.21999" lon="1.56970">
        <ele>0</ele>
        <time>2026-06-26T08:33:47.007Z</time>
        <name>1338</name>
        <extensions>
          <speed_mps>22.352</speed_mps>
          <speed_mph>50.0</speed_mph>
        </extensions>
      </trkpt>
      <trkpt lat="52.22005" lon="1.57019">
        <ele>0</ele>
        <time>2026-06-26T08:33:48.531Z</time>
        <name>1339</name>
        <extensions>
          <speed_mps>22.352</speed_mps>
          <speed_mph>50.0</speed_mph>
        </extensions>
      </trkpt>
      <trkpt lat="52.22007" lon="1.57069">
        <ele>0</ele>
        <time>2026-06-26T08:33:50.049Z</time>
        <name>1340</name>
        <extensions>
          <speed_mps>22.352</speed_mps>
          <speed_mph>50.0</speed_mph>
        </extensions>
      </trkpt>
      <trkpt lat="52.22005" lon="1.57119">
        <ele>0</ele>
        <time>2026-06-26T08:33:51.574Z</time>
        <name>1341</name>
        <extensions>
          <speed_mps>22.352</speed_mps>
          <speed_mph>50.0</speed_mph>
        </extensions>
      </trkpt>
      <trkpt lat="52.22002" lon="1.57169">
        <ele>0</ele>
        <time>2026-06-26T08:33:53.099Z</time>
        <name>1342</name>
        <extensions>
          <speed_mps>22.352</speed_mps>
          <speed_mph>50.0</speed_mph>
        </extensions>
      </trkpt>
      <trkpt lat="52.21999" lon="1.57219">
        <ele>0</ele>
        <time>2026-06-26T08:33:54.625Z</time>
        <name>1343</name>
        <extensions>
          <speed_mps>22.352</speed_mps>
          <speed_mph>50.0</speed_mph>
        </extensions>
      </trkpt>
      <trkpt lat="52.21994" lon="1.57267">
        <ele>0</ele>
        <time>2026-06-26T08:33:56.130Z</time>
        <name>1344</name>
        <extensions>
          <speed_mps>22.352</speed_mps>
          <speed_mph>50.0</speed_mph>
        </extensions>
      </trkpt>
      <trkpt lat="52.21980" lon="1.57312">
        <ele>0</ele>
        <time>2026-06-26T08:33:57.655Z</time>
        <name>1345</name>
        <extensions>
          <speed_mps>22.352</speed_mps>
          <speed_mph>50.0</speed_mph>
        </extensions>
      </trkpt>
      <trkpt lat="52.21967" lon="1.57357">
        <ele>0</ele>
        <time>2026-06-26T08:33:59.179Z</time>
        <name>1346</name>
        <extensions>
          <speed_mps>22.352</speed_mps>
          <speed_mph>50.0</speed_mph>
        </extensions>
      </trkpt>
      <trkpt lat="52.21961" lon="1.57406">
        <ele>0</ele>
        <time>2026-06-26T08:34:00.704Z</time>
        <name>1347</name>
        <extensions>
          <speed_mps>22.352</speed_mps>
          <speed_mph>50.0</speed_mph>
        </extensions>
      </trkpt>
      <trkpt lat="52.21956" lon="1.57456">
        <ele>0</ele>
        <time>2026-06-26T08:34:02.230Z</time>
        <name>1348</name>
        <extensions>
          <speed_mps>22.352</speed_mps>
          <speed_mph>50.0</speed_mph>
        </extensions>
      </trkpt>
      <trkpt lat="52.21951" lon="1.57505">
        <ele>0</ele>
        <time>2026-06-26T08:34:03.755Z</time>
        <name>1349</name>
        <extensions>
          <speed_mps>22.352</speed_mps>
          <speed_mph>50.0</speed_mph>
        </extensions>
      </trkpt>
      <trkpt lat="52.21945" lon="1.57554">
        <ele>0</ele>
        <time>2026-06-26T08:34:05.280Z</time>
        <name>1350</name>
        <extensions>
          <speed_mps>22.352</speed_mps>
          <speed_mph>50.0</speed_mph>
        </extensions>
      </trkpt>
      <trkpt lat="52.21938" lon="1.57603">
        <ele>0</ele>
        <time>2026-06-26T08:34:06.806Z</time>
        <name>1351</name>
        <extensions>
          <speed_mps>22.352</speed_mps>
          <speed_mph>50.0</speed_mph>
        </extensions>
      </trkpt>
      <trkpt lat="52.21929" lon="1.57650">
        <ele>0</ele>
        <time>2026-06-26T08:34:08.324Z</time>
        <name>1352</name>
        <extensions>
          <speed_mps>22.352</speed_mps>
          <speed_mph>50.0</speed_mph>
        </extensions>
      </trkpt>
      <trkpt lat="52.21916" lon="1.57696">
        <ele>0</ele>
        <time>2026-06-26T08:34:09.849Z</time>
        <name>1353</name>
        <extensions>
          <speed_mps>22.352</speed_mps>
          <speed_mph>50.0</speed_mph>
        </extensions>
      </trkpt>
      <trkpt lat="52.21904" lon="1.57742">
        <ele>0</ele>
        <time>2026-06-26T08:34:11.375Z</time>
        <name>1354</name>
        <extensions>
          <speed_mps>22.352</speed_mps>
          <speed_mph>50.0</speed_mph>
        </extensions>
      </trkpt>
      <trkpt lat="52.21892" lon="1.57788">
        <ele>0</ele>
        <time>2026-06-26T08:34:12.900Z</time>
        <name>1355</name>
        <extensions>
          <speed_mps>22.352</speed_mps>
          <speed_mph>50.0</speed_mph>
        </extensions>
      </trkpt>
      <trkpt lat="52.21879" lon="1.57834">
        <ele>0</ele>
        <time>2026-06-26T08:34:14.425Z</time>
        <name>1356</name>
        <extensions>
          <speed_mps>22.352</speed_mps>
          <speed_mph>50.0</speed_mph>
        </extensions>
      </trkpt>
      <trkpt lat="52.21862" lon="1.57854">
        <ele>0</ele>
        <time>2026-06-26T08:34:15.489Z</time>
        <name>1357</name>
        <extensions>
          <speed_mps>22.352</speed_mps>
          <speed_mph>50.0</speed_mph>
        </extensions>
      </trkpt>
      <trkpt lat="52.21837" lon="1.57839">
        <ele>0</ele>
        <time>2026-06-26T08:34:16.818Z</time>
        <name>1358</name>
        <extensions>
          <speed_mps>22.352</speed_mps>
          <speed_mph>50.0</speed_mph>
        </extensions>
      </trkpt>
      <trkpt lat="52.21819" lon="1.57879">
        <ele>0</ele>
        <time>2026-06-26T08:34:18.344Z</time>
        <name>1359</name>
        <extensions>
          <speed_mps>22.352</speed_mps>
          <speed_mph>50.0</speed_mph>
        </extensions>
      </trkpt>
      <trkpt lat="52.21801" lon="1.57920">
        <ele>0</ele>
        <time>2026-06-26T08:34:19.869Z</time>
        <name>1360</name>
        <extensions>
          <speed_mps>22.352</speed_mps>
          <speed_mph>50.0</speed_mph>
        </extensions>
      </trkpt>
      <trkpt lat="52.21784" lon="1.57961">
        <ele>0</ele>
        <time>2026-06-26T08:34:21.394Z</time>
        <name>1361</name>
        <extensions>
          <speed_mps>22.352</speed_mps>
          <speed_mph>50.0</speed_mph>
        </extensions>
      </trkpt>
      <trkpt lat="52.21767" lon="1.58003">
        <ele>0</ele>
        <time>2026-06-26T08:34:22.920Z</time>
        <name>1362</name>
        <extensions>
          <speed_mps>22.352</speed_mps>
          <speed_mph>50.0</speed_mph>
        </extensions>
      </trkpt>
      <trkpt lat="52.21754" lon="1.58048">
        <ele>0</ele>
        <time>2026-06-26T08:34:24.438Z</time>
        <name>1363</name>
        <extensions>
          <speed_mps>22.352</speed_mps>
          <speed_mph>50.0</speed_mph>
        </extensions>
      </trkpt>
      <trkpt lat="52.21747" lon="1.58097">
        <ele>0</ele>
        <time>2026-06-26T08:34:25.960Z</time>
        <name>1364</name>
        <extensions>
          <speed_mps>22.352</speed_mps>
          <speed_mph>50.0</speed_mph>
        </extensions>
      </trkpt>
      <trkpt lat="52.21747" lon="1.58147">
        <ele>0</ele>
        <time>2026-06-26T08:34:27.485Z</time>
        <name>1365</name>
        <extensions>
          <speed_mps>22.352</speed_mps>
          <speed_mph>50.0</speed_mph>
        </extensions>
      </trkpt>
      <trkpt lat="52.21747" lon="1.58197">
        <ele>0</ele>
        <time>2026-06-26T08:34:29.010Z</time>
        <name>1366</name>
        <extensions>
          <speed_mps>22.352</speed_mps>
          <speed_mph>50.0</speed_mph>
        </extensions>
      </trkpt>
      <trkpt lat="52.21748" lon="1.58247">
        <ele>0</ele>
        <time>2026-06-26T08:34:30.535Z</time>
        <name>1367</name>
        <extensions>
          <speed_mps>22.352</speed_mps>
          <speed_mph>50.0</speed_mph>
        </extensions>
      </trkpt>
      <trkpt lat="52.21749" lon="1.58297">
        <ele>0</ele>
        <time>2026-06-26T08:34:32.060Z</time>
        <name>1368</name>
        <extensions>
          <speed_mps>22.352</speed_mps>
          <speed_mph>50.0</speed_mph>
        </extensions>
      </trkpt>
      <trkpt lat="52.21752" lon="1.58347">
        <ele>0</ele>
        <time>2026-06-26T08:34:33.585Z</time>
        <name>1369</name>
        <extensions>
          <speed_mps>22.352</speed_mps>
          <speed_mph>50.0</speed_mph>
        </extensions>
      </trkpt>
      <trkpt lat="52.21755" lon="1.58396">
        <ele>0</ele>
        <time>2026-06-26T08:34:35.111Z</time>
        <name>1370</name>
        <extensions>
          <speed_mps>22.352</speed_mps>
          <speed_mph>50.0</speed_mph>
        </extensions>
      </trkpt>
      <trkpt lat="52.21758" lon="1.58446">
        <ele>0</ele>
        <time>2026-06-26T08:34:36.636Z</time>
        <name>1371</name>
        <extensions>
          <speed_mps>22.352</speed_mps>
          <speed_mph>50.0</speed_mph>
        </extensions>
      </trkpt>
      <trkpt lat="52.21761" lon="1.58496">
        <ele>0</ele>
        <time>2026-06-26T08:34:38.161Z</time>
        <name>1372</name>
        <extensions>
          <speed_mps>22.352</speed_mps>
          <speed_mph>50.0</speed_mph>
        </extensions>
      </trkpt>
      <trkpt lat="52.21764" lon="1.58546">
        <ele>0</ele>
        <time>2026-06-26T08:34:39.687Z</time>
        <name>1373</name>
        <extensions>
          <speed_mps>22.352</speed_mps>
          <speed_mph>50.0</speed_mph>
        </extensions>
      </trkpt>
      <trkpt lat="52.21767" lon="1.58596">
        <ele>0</ele>
        <time>2026-06-26T08:34:41.211Z</time>
        <name>1374</name>
        <extensions>
          <speed_mps>22.352</speed_mps>
          <speed_mph>50.0</speed_mph>
        </extensions>
      </trkpt>
      <trkpt lat="52.21765" lon="1.58645">
        <ele>0</ele>
        <time>2026-06-26T08:34:42.726Z</time>
        <name>1375</name>
        <extensions>
          <speed_mps>22.352</speed_mps>
          <speed_mph>50.0</speed_mph>
        </extensions>
      </trkpt>
      <trkpt lat="52.21758" lon="1.58694">
        <ele>0</ele>
        <time>2026-06-26T08:34:44.247Z</time>
        <name>1376</name>
        <extensions>
          <speed_mps>22.352</speed_mps>
          <speed_mph>50.0</speed_mph>
        </extensions>
      </trkpt>
      <trkpt lat="52.21748" lon="1.58741">
        <ele>0</ele>
        <time>2026-06-26T08:34:45.773Z</time>
        <name>1377</name>
        <extensions>
          <speed_mps>22.352</speed_mps>
          <speed_mph>50.0</speed_mph>
        </extensions>
      </trkpt>
      <trkpt lat="52.21742" lon="1.58790">
        <ele>0</ele>
        <time>2026-06-26T08:34:47.294Z</time>
        <name>1378</name>
        <extensions>
          <speed_mps>22.352</speed_mps>
          <speed_mph>50.0</speed_mph>
        </extensions>
      </trkpt>
      <trkpt lat="52.21742" lon="1.58840">
        <ele>0</ele>
        <time>2026-06-26T08:34:48.814Z</time>
        <name>1379</name>
        <extensions>
          <speed_mps>22.352</speed_mps>
          <speed_mph>50.0</speed_mph>
        </extensions>
      </trkpt>
      <trkpt lat="52.21746" lon="1.58890">
        <ele>0</ele>
        <time>2026-06-26T08:34:50.340Z</time>
        <name>1380</name>
        <extensions>
          <speed_mps>22.352</speed_mps>
          <speed_mph>50.0</speed_mph>
        </extensions>
      </trkpt>
      <trkpt lat="52.21745" lon="1.58939">
        <ele>0</ele>
        <time>2026-06-26T08:34:51.861Z</time>
        <name>1381</name>
        <extensions>
          <speed_mps>22.352</speed_mps>
          <speed_mph>50.0</speed_mph>
        </extensions>
      </trkpt>
      <trkpt lat="52.21732" lon="1.58985">
        <ele>0</ele>
        <time>2026-06-26T08:34:53.373Z</time>
        <name>1382</name>
        <extensions>
          <speed_mps>22.352</speed_mps>
          <speed_mph>50.0</speed_mph>
        </extensions>
      </trkpt>
      <trkpt lat="52.21714" lon="1.59024">
        <ele>0</ele>
        <time>2026-06-26T08:34:54.883Z</time>
        <name>1383</name>
        <extensions>
          <speed_mps>22.352</speed_mps>
          <speed_mph>50.0</speed_mph>
        </extensions>
      </trkpt>
      <trkpt lat="52.21690" lon="1.59055">
        <ele>0</ele>
        <time>2026-06-26T08:34:56.399Z</time>
        <name>1384</name>
        <extensions>
          <speed_mps>22.352</speed_mps>
          <speed_mph>50.0</speed_mph>
        </extensions>
      </trkpt>
      <trkpt lat="52.21661" lon="1.59071">
        <ele>0</ele>
        <time>2026-06-26T08:34:57.921Z</time>
        <name>1385</name>
        <extensions>
          <speed_mps>22.352</speed_mps>
          <speed_mph>50.0</speed_mph>
        </extensions>
      </trkpt>
      <trkpt lat="52.21631" lon="1.59084">
        <ele>0</ele>
        <time>2026-06-26T08:34:59.446Z</time>
        <name>1386</name>
        <extensions>
          <speed_mps>22.352</speed_mps>
          <speed_mph>50.0</speed_mph>
        </extensions>
      </trkpt>
      <trkpt lat="52.21602" lon="1.59100">
        <ele>0</ele>
        <time>2026-06-26T08:35:00.971Z</time>
        <name>1387</name>
        <extensions>
          <speed_mps>22.352</speed_mps>
          <speed_mph>50.0</speed_mph>
        </extensions>
      </trkpt>
      <trkpt lat="52.21574" lon="1.59119">
        <ele>0</ele>
        <time>2026-06-26T08:35:02.495Z</time>
        <name>1388</name>
        <extensions>
          <speed_mps>22.352</speed_mps>
          <speed_mph>50.0</speed_mph>
        </extensions>
      </trkpt>
      <trkpt lat="52.21546" lon="1.59140">
        <ele>0</ele>
        <time>2026-06-26T08:35:04.021Z</time>
        <name>1389</name>
        <extensions>
          <speed_mps>22.352</speed_mps>
          <speed_mph>50.0</speed_mph>
        </extensions>
      </trkpt>
      <trkpt lat="52.21518" lon="1.59161">
        <ele>0</ele>
        <time>2026-06-26T08:35:05.546Z</time>
        <name>1390</name>
        <extensions>
          <speed_mps>22.352</speed_mps>
          <speed_mph>50.0</speed_mph>
        </extensions>
      </trkpt>
      <trkpt lat="52.21491" lon="1.59183">
        <ele>0</ele>
        <time>2026-06-26T08:35:07.070Z</time>
        <name>1391</name>
        <extensions>
          <speed_mps>22.352</speed_mps>
          <speed_mph>50.0</speed_mph>
        </extensions>
      </trkpt>
      <trkpt lat="52.21465" lon="1.59210">
        <ele>0</ele>
        <time>2026-06-26T08:35:08.595Z</time>
        <name>1392</name>
        <extensions>
          <speed_mps>22.352</speed_mps>
          <speed_mph>50.0</speed_mph>
        </extensions>
      </trkpt>
      <trkpt lat="52.21439" lon="1.59238">
        <ele>0</ele>
        <time>2026-06-26T08:35:10.118Z</time>
        <name>1393</name>
        <extensions>
          <speed_mps>22.352</speed_mps>
          <speed_mph>50.0</speed_mph>
        </extensions>
      </trkpt>
      <trkpt lat="52.21412" lon="1.59261">
        <ele>0</ele>
        <time>2026-06-26T08:35:11.641Z</time>
        <name>1394</name>
        <extensions>
          <speed_mps>22.352</speed_mps>
          <speed_mph>50.0</speed_mph>
        </extensions>
      </trkpt>
      <trkpt lat="52.21386" lon="1.59287">
        <ele>0</ele>
        <time>2026-06-26T08:35:13.166Z</time>
        <name>1395</name>
        <extensions>
          <speed_mps>22.352</speed_mps>
          <speed_mph>50.0</speed_mph>
        </extensions>
      </trkpt>
      <trkpt lat="52.21360" lon="1.59312">
        <ele>0</ele>
        <time>2026-06-26T08:35:14.691Z</time>
        <name>1396</name>
        <extensions>
          <speed_mps>22.352</speed_mps>
          <speed_mph>50.0</speed_mph>
        </extensions>
      </trkpt>
      <trkpt lat="52.21332" lon="1.59334">
        <ele>0</ele>
        <time>2026-06-26T08:35:16.214Z</time>
        <name>1397</name>
        <extensions>
          <speed_mps>22.352</speed_mps>
          <speed_mph>50.0</speed_mph>
        </extensions>
      </trkpt>
      <trkpt lat="52.21303" lon="1.59352">
        <ele>0</ele>
        <time>2026-06-26T08:35:17.739Z</time>
        <name>1398</name>
        <extensions>
          <speed_mps>22.352</speed_mps>
          <speed_mph>50.0</speed_mph>
        </extensions>
      </trkpt>
      <trkpt lat="52.21274" lon="1.59366">
        <ele>0</ele>
        <time>2026-06-26T08:35:19.265Z</time>
        <name>1399</name>
        <extensions>
          <speed_mps>22.352</speed_mps>
          <speed_mph>50.0</speed_mph>
        </extensions>
      </trkpt>
      <trkpt lat="52.21245" lon="1.59381">
        <ele>0</ele>
        <time>2026-06-26T08:35:20.790Z</time>
        <name>1400</name>
        <extensions>
          <speed_mps>22.352</speed_mps>
          <speed_mph>50.0</speed_mph>
        </extensions>
      </trkpt>
      <trkpt lat="52.21215" lon="1.59395">
        <ele>0</ele>
        <time>2026-06-26T08:35:22.315Z</time>
        <name>1401</name>
        <extensions>
          <speed_mps>22.352</speed_mps>
          <speed_mph>50.0</speed_mph>
        </extensions>
      </trkpt>
      <trkpt lat="52.21186" lon="1.59409">
        <ele>0</ele>
        <time>2026-06-26T08:35:23.840Z</time>
        <name>1402</name>
        <extensions>
          <speed_mps>22.352</speed_mps>
          <speed_mph>50.0</speed_mph>
        </extensions>
      </trkpt>
      <trkpt lat="52.21157" lon="1.59425">
        <ele>0</ele>
        <time>2026-06-26T08:35:25.366Z</time>
        <name>1403</name>
        <extensions>
          <speed_mps>22.352</speed_mps>
          <speed_mph>50.0</speed_mph>
        </extensions>
      </trkpt>
      <trkpt lat="52.21128" lon="1.59440">
        <ele>0</ele>
        <time>2026-06-26T08:35:26.891Z</time>
        <name>1404</name>
        <extensions>
          <speed_mps>22.352</speed_mps>
          <speed_mph>50.0</speed_mph>
        </extensions>
      </trkpt>
      <trkpt lat="52.21098" lon="1.59455">
        <ele>0</ele>
        <time>2026-06-26T08:35:28.416Z</time>
        <name>1405</name>
        <extensions>
          <speed_mps>22.352</speed_mps>
          <speed_mph>50.0</speed_mph>
        </extensions>
      </trkpt>
      <trkpt lat="52.21069" lon="1.59469">
        <ele>0</ele>
        <time>2026-06-26T08:35:29.942Z</time>
        <name>1406</name>
        <extensions>
          <speed_mps>22.352</speed_mps>
          <speed_mph>50.0</speed_mph>
        </extensions>
      </trkpt>
      <trkpt lat="52.21040" lon="1.59484">
        <ele>0</ele>
        <time>2026-06-26T08:35:31.467Z</time>
        <name>1407</name>
        <extensions>
          <speed_mps>22.352</speed_mps>
          <speed_mph>50.0</speed_mph>
        </extensions>
      </trkpt>
      <trkpt lat="52.21010" lon="1.59498">
        <ele>0</ele>
        <time>2026-06-26T08:35:32.992Z</time>
        <name>1408</name>
        <extensions>
          <speed_mps>22.352</speed_mps>
          <speed_mph>50.0</speed_mph>
        </extensions>
      </trkpt>
      <trkpt lat="52.20981" lon="1.59513">
        <ele>0</ele>
        <time>2026-06-26T08:35:34.518Z</time>
        <name>1409</name>
        <extensions>
          <speed_mps>22.352</speed_mps>
          <speed_mph>50.0</speed_mph>
        </extensions>
      </trkpt>
      <trkpt lat="52.20952" lon="1.59527">
        <ele>0</ele>
        <time>2026-06-26T08:35:36.043Z</time>
        <name>1410</name>
        <extensions>
          <speed_mps>22.352</speed_mps>
          <speed_mph>50.0</speed_mph>
        </extensions>
      </trkpt>
      <trkpt lat="52.20922" lon="1.59542">
        <ele>0</ele>
        <time>2026-06-26T08:35:37.568Z</time>
        <name>1411</name>
        <extensions>
          <speed_mps>22.352</speed_mps>
          <speed_mph>50.0</speed_mph>
        </extensions>
      </trkpt>
      <trkpt lat="52.20893" lon="1.59556">
        <ele>0</ele>
        <time>2026-06-26T08:35:39.094Z</time>
        <name>1412</name>
        <extensions>
          <speed_mps>22.352</speed_mps>
          <speed_mph>50.0</speed_mph>
        </extensions>
      </trkpt>
      <trkpt lat="52.20863" lon="1.59570">
        <ele>0</ele>
        <time>2026-06-26T08:35:40.619Z</time>
        <name>1413</name>
        <extensions>
          <speed_mps>22.352</speed_mps>
          <speed_mph>50.0</speed_mph>
        </extensions>
      </trkpt>
      <trkpt lat="52.20834" lon="1.59585">
        <ele>0</ele>
        <time>2026-06-26T08:35:42.144Z</time>
        <name>1414</name>
        <extensions>
          <speed_mps>22.352</speed_mps>
          <speed_mph>50.0</speed_mph>
        </extensions>
      </trkpt>
      <trkpt lat="52.20805" lon="1.59599">
        <ele>0</ele>
        <time>2026-06-26T08:35:43.670Z</time>
        <name>1415</name>
        <extensions>
          <speed_mps>22.352</speed_mps>
          <speed_mph>50.0</speed_mph>
        </extensions>
      </trkpt>
      <trkpt lat="52.20775" lon="1.59614">
        <ele>0</ele>
        <time>2026-06-26T08:35:45.195Z</time>
        <name>1416</name>
        <extensions>
          <speed_mps>22.352</speed_mps>
          <speed_mph>50.0</speed_mph>
        </extensions>
      </trkpt>
      <trkpt lat="52.20746" lon="1.59628">
        <ele>0</ele>
        <time>2026-06-26T08:35:46.720Z</time>
        <name>1417</name>
        <extensions>
          <speed_mps>22.352</speed_mps>
          <speed_mph>50.0</speed_mph>
        </extensions>
      </trkpt>
      <trkpt lat="52.20716" lon="1.59639">
        <ele>0</ele>
        <time>2026-06-26T08:35:48.245Z</time>
        <name>1418</name>
        <extensions>
          <speed_mps>22.352</speed_mps>
          <speed_mph>50.0</speed_mph>
        </extensions>
      </trkpt>
      <trkpt lat="52.20686" lon="1.59649">
        <ele>0</ele>
        <time>2026-06-26T08:35:49.770Z</time>
        <name>1419</name>
        <extensions>
          <speed_mps>22.352</speed_mps>
          <speed_mph>50.0</speed_mph>
        </extensions>
      </trkpt>
      <trkpt lat="52.20656" lon="1.59659">
        <ele>0</ele>
        <time>2026-06-26T08:35:51.295Z</time>
        <name>1420</name>
        <extensions>
          <speed_mps>22.352</speed_mps>
          <speed_mph>50.0</speed_mph>
        </extensions>
      </trkpt>
      <trkpt lat="52.20626" lon="1.59671">
        <ele>0</ele>
        <time>2026-06-26T08:35:52.810Z</time>
        <name>1421</name>
        <extensions>
          <speed_mps>22.352</speed_mps>
          <speed_mph>50.0</speed_mph>
        </extensions>
      </trkpt>
      <trkpt lat="52.20601" lon="1.59697">
        <ele>0</ele>
        <time>2026-06-26T08:35:54.330Z</time>
        <name>1422</name>
        <extensions>
          <speed_mps>22.352</speed_mps>
          <speed_mph>50.0</speed_mph>
        </extensions>
      </trkpt>
      <trkpt lat="52.20580" lon="1.59734">
        <ele>0</ele>
        <time>2026-06-26T08:35:55.855Z</time>
        <name>1423</name>
        <extensions>
          <speed_mps>22.352</speed_mps>
          <speed_mph>50.0</speed_mph>
        </extensions>
      </trkpt>
      <trkpt lat="52.20563" lon="1.59776">
        <ele>0</ele>
        <time>2026-06-26T08:35:57.379Z</time>
        <name>1424</name>
        <extensions>
          <speed_mps>22.352</speed_mps>
          <speed_mph>50.0</speed_mph>
        </extensions>
      </trkpt>
      <trkpt lat="52.20549" lon="1.59821">
        <ele>0</ele>
        <time>2026-06-26T08:35:58.904Z</time>
        <name>1425</name>
        <extensions>
          <speed_mps>22.352</speed_mps>
          <speed_mph>50.0</speed_mph>
        </extensions>
      </trkpt>
      <trkpt lat="52.20536" lon="1.59866">
        <ele>0</ele>
        <time>2026-06-26T08:36:00.429Z</time>
        <name>1426</name>
        <extensions>
          <speed_mps>22.352</speed_mps>
          <speed_mph>50.0</speed_mph>
        </extensions>
      </trkpt>
      <trkpt lat="52.20522" lon="1.59911">
        <ele>0</ele>
        <time>2026-06-26T08:36:01.954Z</time>
        <name>1427</name>
        <extensions>
          <speed_mps>22.352</speed_mps>
          <speed_mph>50.0</speed_mph>
        </extensions>
      </trkpt>
      <trkpt lat="52.20509" lon="1.59955">
        <ele>0</ele>
        <time>2026-06-26T08:36:03.480Z</time>
        <name>1428</name>
        <extensions>
          <speed_mps>22.352</speed_mps>
          <speed_mph>50.0</speed_mph>
        </extensions>
      </trkpt>
      <trkpt lat="52.20495" lon="1.60000">
        <ele>0</ele>
        <time>2026-06-26T08:36:05.005Z</time>
        <name>1429</name>
        <extensions>
          <speed_mps>22.352</speed_mps>
          <speed_mph>50.0</speed_mph>
        </extensions>
      </trkpt>
      <trkpt lat="52.20482" lon="1.60045">
        <ele>0</ele>
        <time>2026-06-26T08:36:06.530Z</time>
        <name>1430</name>
        <extensions>
          <speed_mps>22.352</speed_mps>
          <speed_mph>50.0</speed_mph>
        </extensions>
      </trkpt>
      <trkpt lat="52.20470" lon="1.60092">
        <ele>0</ele>
        <time>2026-06-26T08:36:08.055Z</time>
        <name>1431</name>
        <extensions>
          <speed_mps>22.352</speed_mps>
          <speed_mph>50.0</speed_mph>
        </extensions>
      </trkpt>
      <trkpt lat="52.20462" lon="1.60140">
        <ele>0</ele>
        <time>2026-06-26T08:36:09.579Z</time>
        <name>1432</name>
        <extensions>
          <speed_mps>22.352</speed_mps>
          <speed_mph>50.0</speed_mph>
        </extensions>
      </trkpt>
      <trkpt lat="52.20453" lon="1.60188">
        <ele>0</ele>
        <time>2026-06-26T08:36:11.104Z</time>
        <name>1433</name>
        <extensions>
          <speed_mps>22.352</speed_mps>
          <speed_mph>50.0</speed_mph>
        </extensions>
      </trkpt>
      <trkpt lat="52.20446" lon="1.60236">
        <ele>0</ele>
        <time>2026-06-26T08:36:12.629Z</time>
        <name>1434</name>
        <extensions>
          <speed_mps>22.352</speed_mps>
          <speed_mph>50.0</speed_mph>
        </extensions>
      </trkpt>
      <trkpt lat="52.20442" lon="1.60286">
        <ele>0</ele>
        <time>2026-06-26T08:36:14.152Z</time>
        <name>1435</name>
        <extensions>
          <speed_mps>22.352</speed_mps>
          <speed_mph>50.0</speed_mph>
        </extensions>
      </trkpt>
      <trkpt lat="52.20441" lon="1.60336">
        <ele>0</ele>
        <time>2026-06-26T08:36:15.677Z</time>
        <name>1436</name>
        <extensions>
          <speed_mps>22.352</speed_mps>
          <speed_mph>50.0</speed_mph>
        </extensions>
      </trkpt>
      <trkpt lat="52.20442" lon="1.60386">
        <ele>0</ele>
        <time>2026-06-26T08:36:17.202Z</time>
        <name>1437</name>
        <extensions>
          <speed_mps>22.352</speed_mps>
          <speed_mph>50.0</speed_mph>
        </extensions>
      </trkpt>
      <trkpt lat="52.20444" lon="1.60436">
        <ele>0</ele>
        <time>2026-06-26T08:36:18.726Z</time>
        <name>1438</name>
        <extensions>
          <speed_mps>22.352</speed_mps>
          <speed_mph>50.0</speed_mph>
        </extensions>
      </trkpt>
      <trkpt lat="52.20449" lon="1.60485">
        <ele>0</ele>
        <time>2026-06-26T08:36:20.251Z</time>
        <name>1439</name>
        <extensions>
          <speed_mps>22.352</speed_mps>
          <speed_mph>50.0</speed_mph>
        </extensions>
      </trkpt>
      <trkpt lat="52.20455" lon="1.60534">
        <ele>0</ele>
        <time>2026-06-26T08:36:21.776Z</time>
        <name>1440</name>
        <extensions>
          <speed_mps>22.352</speed_mps>
          <speed_mph>50.0</speed_mph>
        </extensions>
      </trkpt>
      <trkpt lat="52.20464" lon="1.60582">
        <ele>0</ele>
        <time>2026-06-26T08:36:23.301Z</time>
        <name>1441</name>
        <extensions>
          <speed_mps>22.352</speed_mps>
          <speed_mph>50.0</speed_mph>
        </extensions>
      </trkpt>
      <trkpt lat="52.20472" lon="1.60630">
        <ele>0</ele>
        <time>2026-06-26T08:36:24.826Z</time>
        <name>1442</name>
        <extensions>
          <speed_mps>22.352</speed_mps>
          <speed_mph>50.0</speed_mph>
        </extensions>
      </trkpt>
      <trkpt lat="52.20480" lon="1.60678">
        <ele>0</ele>
        <time>2026-06-26T08:36:26.352Z</time>
        <name>1443</name>
        <extensions>
          <speed_mps>22.352</speed_mps>
          <speed_mph>50.0</speed_mph>
        </extensions>
      </trkpt>
      <trkpt lat="52.20488" lon="1.60727">
        <ele>0</ele>
        <time>2026-06-26T08:36:27.877Z</time>
        <name>1444</name>
        <extensions>
          <speed_mps>22.352</speed_mps>
          <speed_mph>50.0</speed_mph>
        </extensions>
      </trkpt>
      <trkpt lat="52.20496" lon="1.60775">
        <ele>0</ele>
        <time>2026-06-26T08:36:29.402Z</time>
        <name>1445</name>
        <extensions>
          <speed_mps>22.352</speed_mps>
          <speed_mph>50.0</speed_mph>
        </extensions>
      </trkpt>
      <trkpt lat="52.20505" lon="1.60823">
        <ele>0</ele>
        <time>2026-06-26T08:36:30.928Z</time>
        <name>1446</name>
        <extensions>
          <speed_mps>22.352</speed_mps>
          <speed_mph>50.0</speed_mph>
        </extensions>
      </trkpt>
      <trkpt lat="52.20513" lon="1.60871">
        <ele>0</ele>
        <time>2026-06-26T08:36:32.453Z</time>
        <name>1447</name>
        <extensions>
          <speed_mps>22.352</speed_mps>
          <speed_mph>50.0</speed_mph>
        </extensions>
      </trkpt>
      <trkpt lat="52.20522" lon="1.60919">
        <ele>0</ele>
        <time>2026-06-26T08:36:33.978Z</time>
        <name>1448</name>
        <extensions>
          <speed_mps>22.352</speed_mps>
          <speed_mph>50.0</speed_mph>
        </extensions>
      </trkpt>
      <trkpt lat="52.20531" lon="1.60967">
        <ele>0</ele>
        <time>2026-06-26T08:36:35.504Z</time>
        <name>1449</name>
        <extensions>
          <speed_mps>22.352</speed_mps>
          <speed_mph>50.0</speed_mph>
        </extensions>
      </trkpt>
      <trkpt lat="52.20539" lon="1.61015">
        <ele>0</ele>
        <time>2026-06-26T08:36:37.029Z</time>
        <name>1450</name>
        <extensions>
          <speed_mps>22.352</speed_mps>
          <speed_mph>50.0</speed_mph>
        </extensions>
      </trkpt>
      <trkpt lat="52.20548" lon="1.61063">
        <ele>0</ele>
        <time>2026-06-26T08:36:38.554Z</time>
        <name>1451</name>
        <extensions>
          <speed_mps>22.352</speed_mps>
          <speed_mph>50.0</speed_mph>
        </extensions>
      </trkpt>
      <trkpt lat="52.20556" lon="1.61111">
        <ele>0</ele>
        <time>2026-06-26T08:36:40.080Z</time>
        <name>1452</name>
        <extensions>
          <speed_mps>22.352</speed_mps>
          <speed_mph>50.0</speed_mph>
        </extensions>
      </trkpt>
      <trkpt lat="52.20565" lon="1.61159">
        <ele>0</ele>
        <time>2026-06-26T08:36:41.605Z</time>
        <name>1453</name>
        <extensions>
          <speed_mps>22.352</speed_mps>
          <speed_mph>50.0</speed_mph>
        </extensions>
      </trkpt>
      <trkpt lat="52.20573" lon="1.61208">
        <ele>0</ele>
        <time>2026-06-26T08:36:43.130Z</time>
        <name>1454</name>
        <extensions>
          <speed_mps>22.352</speed_mps>
          <speed_mph>50.0</speed_mph>
        </extensions>
      </trkpt>
      <trkpt lat="52.20581" lon="1.61256">
        <ele>0</ele>
        <time>2026-06-26T08:36:44.656Z</time>
        <name>1455</name>
        <extensions>
          <speed_mps>22.352</speed_mps>
          <speed_mph>50.0</speed_mph>
        </extensions>
      </trkpt>
      <trkpt lat="52.20590" lon="1.61304">
        <ele>0</ele>
        <time>2026-06-26T08:36:46.181Z</time>
        <name>1456</name>
        <extensions>
          <speed_mps>22.352</speed_mps>
          <speed_mph>50.0</speed_mph>
        </extensions>
      </trkpt>
      <trkpt lat="52.20597" lon="1.61352">
        <ele>0</ele>
        <time>2026-06-26T08:36:47.705Z</time>
        <name>1457</name>
        <extensions>
          <speed_mps>22.352</speed_mps>
          <speed_mph>50.0</speed_mph>
        </extensions>
      </trkpt>
      <trkpt lat="52.20603" lon="1.61401">
        <ele>0</ele>
        <time>2026-06-26T08:36:49.230Z</time>
        <name>1458</name>
        <extensions>
          <speed_mps>22.352</speed_mps>
          <speed_mph>50.0</speed_mph>
        </extensions>
      </trkpt>
      <trkpt lat="52.20607" lon="1.61451">
        <ele>0</ele>
        <time>2026-06-26T08:36:50.756Z</time>
        <name>1459</name>
        <extensions>
          <speed_mps>22.352</speed_mps>
          <speed_mph>50.0</speed_mph>
        </extensions>
      </trkpt>
      <trkpt lat="52.20610" lon="1.61501">
        <ele>0</ele>
        <time>2026-06-26T08:36:52.280Z</time>
        <name>1460</name>
        <extensions>
          <speed_mps>22.352</speed_mps>
          <speed_mph>50.0</speed_mph>
        </extensions>
      </trkpt>
      <trkpt lat="52.20612" lon="1.61551">
        <ele>0</ele>
        <time>2026-06-26T08:36:53.805Z</time>
        <name>1461</name>
        <extensions>
          <speed_mps>22.352</speed_mps>
          <speed_mph>50.0</speed_mph>
        </extensions>
      </trkpt>
      <trkpt lat="52.20612" lon="1.61601">
        <ele>0</ele>
        <time>2026-06-26T08:36:55.331Z</time>
        <name>1462</name>
        <extensions>
          <speed_mps>22.352</speed_mps>
          <speed_mph>50.0</speed_mph>
        </extensions>
      </trkpt>
      <trkpt lat="52.20614" lon="1.61650">
        <ele>0</ele>
        <time>2026-06-26T08:36:56.852Z</time>
        <name>1463</name>
        <extensions>
          <speed_mps>22.352</speed_mps>
          <speed_mph>50.0</speed_mph>
        </extensions>
      </trkpt>
      <trkpt lat="52.20624" lon="1.61698">
        <ele>0</ele>
        <time>2026-06-26T08:36:58.375Z</time>
        <name>1464</name>
        <extensions>
          <speed_mps>22.352</speed_mps>
          <speed_mph>50.0</speed_mph>
        </extensions>
      </trkpt>
      <trkpt lat="52.20638" lon="1.61743">
        <ele>0</ele>
        <time>2026-06-26T08:36:59.899Z</time>
        <name>1465</name>
        <extensions>
          <speed_mps>22.352</speed_mps>
          <speed_mph>50.0</speed_mph>
        </extensions>
      </trkpt>
      <trkpt lat="52.20653" lon="1.61786">
        <ele>0</ele>
        <time>2026-06-26T08:37:01.424Z</time>
        <name>1466</name>
        <extensions>
          <speed_mps>22.352</speed_mps>
          <speed_mph>50.0</speed_mph>
        </extensions>
      </trkpt>
      <trkpt lat="52.20670" lon="1.61827">
        <ele>0</ele>
        <time>2026-06-26T08:37:02.948Z</time>
        <name>1467</name>
        <extensions>
          <speed_mps>22.352</speed_mps>
          <speed_mph>50.0</speed_mph>
        </extensions>
      </trkpt>
      <trkpt lat="52.20688" lon="1.61868">
        <ele>0</ele>
        <time>2026-06-26T08:37:04.474Z</time>
        <name>1468</name>
        <extensions>
          <speed_mps>22.352</speed_mps>
          <speed_mph>50.0</speed_mph>
        </extensions>
      </trkpt>
      <trkpt lat="52.20705" lon="1.61909">
        <ele>0</ele>
        <time>2026-06-26T08:37:05.999Z</time>
        <name>1469</name>
        <extensions>
          <speed_mps>22.352</speed_mps>
          <speed_mph>50.0</speed_mph>
        </extensions>
      </trkpt>
      <trkpt lat="52.20720" lon="1.61952">
        <ele>0</ele>
        <time>2026-06-26T08:37:07.493Z</time>
        <name>1470</name>
        <extensions>
          <speed_mps>22.352</speed_mps>
          <speed_mph>50.0</speed_mph>
        </extensions>
      </trkpt>
      <trkpt lat="52.20749" lon="1.61955">
        <ele>0</ele>
        <time>2026-06-26T08:37:08.977Z</time>
        <name>1471</name>
        <extensions>
          <speed_mps>22.352</speed_mps>
          <speed_mph>50.0</speed_mph>
        </extensions>
      </trkpt>
      <trkpt lat="52.20780" lon="1.61957">
        <ele>0</ele>
        <time>2026-06-26T08:37:10.495Z</time>
        <name>1472</name>
        <extensions>
          <speed_mps>22.352</speed_mps>
          <speed_mph>50.0</speed_mph>
        </extensions>
      </trkpt>
      <trkpt lat="52.20810" lon="1.61948">
        <ele>0</ele>
        <time>2026-06-26T08:37:12.017Z</time>
        <name>1473</name>
        <extensions>
          <speed_mps>22.352</speed_mps>
          <speed_mph>50.0</speed_mph>
        </extensions>
      </trkpt>
      <trkpt lat="52.20839" lon="1.61933">
        <ele>0</ele>
        <time>2026-06-26T08:37:13.542Z</time>
        <name>1474</name>
        <extensions>
          <speed_mps>22.352</speed_mps>
          <speed_mph>50.0</speed_mph>
        </extensions>
      </trkpt>
      <trkpt lat="52.20866" lon="1.61910">
        <ele>0</ele>
        <time>2026-06-26T08:37:15.063Z</time>
        <name>1475</name>
        <extensions>
          <speed_mps>22.352</speed_mps>
          <speed_mph>50.0</speed_mph>
        </extensions>
      </trkpt>
      <trkpt lat="52.20892" lon="1.61884">
        <ele>0</ele>
        <time>2026-06-26T08:37:16.588Z</time>
        <name>1476</name>
        <extensions>
          <speed_mps>22.352</speed_mps>
          <speed_mph>50.0</speed_mph>
        </extensions>
      </trkpt>
      <trkpt lat="52.20918" lon="1.61856">
        <ele>0</ele>
        <time>2026-06-26T08:37:18.113Z</time>
        <name>1477</name>
        <extensions>
          <speed_mps>22.352</speed_mps>
          <speed_mph>50.0</speed_mph>
        </extensions>
      </trkpt>
      <trkpt lat="52.20944" lon="1.61828">
        <ele>0</ele>
        <time>2026-06-26T08:37:19.638Z</time>
        <name>1478</name>
        <extensions>
          <speed_mps>22.352</speed_mps>
          <speed_mph>50.0</speed_mph>
        </extensions>
      </trkpt>
      <trkpt lat="52.20969" lon="1.61801">
        <ele>0</ele>
        <time>2026-06-26T08:37:21.164Z</time>
        <name>1479</name>
        <extensions>
          <speed_mps>22.352</speed_mps>
          <speed_mph>50.0</speed_mph>
        </extensions>
      </trkpt>
      <trkpt lat="52.20995" lon="1.61773">
        <ele>0</ele>
        <time>2026-06-26T08:37:22.689Z</time>
        <name>1480</name>
        <extensions>
          <speed_mps>22.352</speed_mps>
          <speed_mph>50.0</speed_mph>
        </extensions>
      </trkpt>
      <trkpt lat="52.21017" lon="1.61740">
        <ele>0</ele>
        <time>2026-06-26T08:37:24.203Z</time>
        <name>1481</name>
        <extensions>
          <speed_mps>22.352</speed_mps>
          <speed_mph>50.0</speed_mph>
        </extensions>
      </trkpt>
      <trkpt lat="52.21031" lon="1.61696">
        <ele>0</ele>
        <time>2026-06-26T08:37:25.714Z</time>
        <name>1482</name>
        <extensions>
          <speed_mps>22.352</speed_mps>
          <speed_mph>50.0</speed_mph>
        </extensions>
      </trkpt>
      <trkpt lat="52.21038" lon="1.61647">
        <ele>0</ele>
        <time>2026-06-26T08:37:27.239Z</time>
        <name>1483</name>
        <extensions>
          <speed_mps>22.352</speed_mps>
          <speed_mph>50.0</speed_mph>
        </extensions>
      </trkpt>
      <trkpt lat="52.21046" lon="1.61599">
        <ele>0</ele>
        <time>2026-06-26T08:37:28.764Z</time>
        <name>1484</name>
        <extensions>
          <speed_mps>22.352</speed_mps>
          <speed_mph>50.0</speed_mph>
        </extensions>
      </trkpt>
      <trkpt lat="52.21060" lon="1.61556">
        <ele>0</ele>
        <time>2026-06-26T08:37:30.236Z</time>
        <name>1485</name>
        <extensions>
          <speed_mps>22.352</speed_mps>
          <speed_mph>50.0</speed_mph>
        </extensions>
      </trkpt>
      <trkpt lat="52.21088" lon="1.61540">
        <ele>0</ele>
        <time>2026-06-26T08:37:31.730Z</time>
        <name>1486</name>
        <extensions>
          <speed_mps>22.352</speed_mps>
          <speed_mph>50.0</speed_mph>
        </extensions>
      </trkpt>
      <trkpt lat="52.21119" lon="1.61541">
        <ele>0</ele>
        <time>2026-06-26T08:37:33.253Z</time>
        <name>1487</name>
        <extensions>
          <speed_mps>22.352</speed_mps>
          <speed_mph>50.0</speed_mph>
        </extensions>
      </trkpt>
      <trkpt lat="52.21150" lon="1.61544">
        <ele>0</ele>
        <time>2026-06-26T08:37:34.778Z</time>
        <name>1488</name>
        <extensions>
          <speed_mps>22.352</speed_mps>
          <speed_mph>50.0</speed_mph>
        </extensions>
      </trkpt>
      <trkpt lat="52.21180" lon="1.61547">
        <ele>0</ele>
        <time>2026-06-26T08:37:36.304Z</time>
        <name>1489</name>
        <extensions>
          <speed_mps>22.352</speed_mps>
          <speed_mph>50.0</speed_mph>
        </extensions>
      </trkpt>
      <trkpt lat="52.21211" lon="1.61549">
        <ele>0</ele>
        <time>2026-06-26T08:37:37.829Z</time>
        <name>1490</name>
        <extensions>
          <speed_mps>22.352</speed_mps>
          <speed_mph>50.0</speed_mph>
        </extensions>
      </trkpt>
      <trkpt lat="52.21242" lon="1.61552">
        <ele>0</ele>
        <time>2026-06-26T08:37:39.354Z</time>
        <name>1491</name>
        <extensions>
          <speed_mps>22.352</speed_mps>
          <speed_mph>50.0</speed_mph>
        </extensions>
      </trkpt>
      <trkpt lat="52.21272" lon="1.61550">
        <ele>0</ele>
        <time>2026-06-26T08:37:40.879Z</time>
        <name>1492</name>
        <extensions>
          <speed_mps>22.352</speed_mps>
          <speed_mph>50.0</speed_mph>
        </extensions>
      </trkpt>
      <trkpt lat="52.21303" lon="1.61548">
        <ele>0</ele>
        <time>2026-06-26T08:37:42.405Z</time>
        <name>1493</name>
        <extensions>
          <speed_mps>22.352</speed_mps>
          <speed_mph>50.0</speed_mph>
        </extensions>
      </trkpt>
      <trkpt lat="52.21333" lon="1.61549">
        <ele>0</ele>
        <time>2026-06-26T08:37:43.929Z</time>
        <name>1494</name>
        <extensions>
          <speed_mps>22.352</speed_mps>
          <speed_mph>50.0</speed_mph>
        </extensions>
      </trkpt>
      <trkpt lat="52.21364" lon="1.61551">
        <ele>0</ele>
        <time>2026-06-26T08:37:45.455Z</time>
        <name>1495</name>
        <extensions>
          <speed_mps>22.352</speed_mps>
          <speed_mph>50.0</speed_mph>
        </extensions>
      </trkpt>
      <trkpt lat="52.21395" lon="1.61554">
        <ele>0</ele>
        <time>2026-06-26T08:37:46.980Z</time>
        <name>1496</name>
        <extensions>
          <speed_mps>22.352</speed_mps>
          <speed_mph>50.0</speed_mph>
        </extensions>
      </trkpt>
      <trkpt lat="52.21425" lon="1.61559">
        <ele>0</ele>
        <time>2026-06-26T08:37:48.505Z</time>
        <name>1497</name>
        <extensions>
          <speed_mps>22.352</speed_mps>
          <speed_mph>50.0</speed_mph>
        </extensions>
      </trkpt>
      <trkpt lat="52.21456" lon="1.61564">
        <ele>0</ele>
        <time>2026-06-26T08:37:50.030Z</time>
        <name>1498</name>
        <extensions>
          <speed_mps>22.352</speed_mps>
          <speed_mph>50.0</speed_mph>
        </extensions>
      </trkpt>
      <trkpt lat="52.21486" lon="1.61568">
        <ele>0</ele>
        <time>2026-06-26T08:37:51.555Z</time>
        <name>1499</name>
        <extensions>
          <speed_mps>22.352</speed_mps>
          <speed_mph>50.0</speed_mph>
        </extensions>
      </trkpt>
      <trkpt lat="52.21517" lon="1.61570">
        <ele>0</ele>
        <time>2026-06-26T08:37:53.081Z</time>
        <name>1500</name>
        <extensions>
          <speed_mps>22.352</speed_mps>
          <speed_mph>50.0</speed_mph>
        </extensions>
      </trkpt>
      <trkpt lat="52.21548" lon="1.61573">
        <ele>0</ele>
        <time>2026-06-26T08:37:54.606Z</time>
        <name>1501</name>
        <extensions>
          <speed_mps>22.352</speed_mps>
          <speed_mph>50.0</speed_mph>
        </extensions>
      </trkpt>
      <trkpt lat="52.21578" lon="1.61575">
        <ele>0</ele>
        <time>2026-06-26T08:37:56.131Z</time>
        <name>1502</name>
        <extensions>
          <speed_mps>22.352</speed_mps>
          <speed_mph>50.0</speed_mph>
        </extensions>
      </trkpt>
      <trkpt lat="52.21606" lon="1.61563">
        <ele>0</ele>
        <time>2026-06-26T08:37:57.572Z</time>
        <name>1503</name>
        <extensions>
          <speed_mps>22.352</speed_mps>
          <speed_mph>50.0</speed_mph>
        </extensions>
      </trkpt>
      <trkpt lat="52.21637" lon="1.61563">
        <ele>0</ele>
        <time>2026-06-26T08:37:59.090Z</time>
        <name>1504</name>
        <extensions>
          <speed_mps>22.352</speed_mps>
          <speed_mph>50.0</speed_mph>
        </extensions>
      </trkpt>
      <trkpt lat="52.21667" lon="1.61567">
        <ele>0</ele>
        <time>2026-06-26T08:38:00.615Z</time>
        <name>1505</name>
        <extensions>
          <speed_mps>22.352</speed_mps>
          <speed_mph>50.0</speed_mph>
        </extensions>
      </trkpt>
      <trkpt lat="52.21698" lon="1.61570">
        <ele>0</ele>
        <time>2026-06-26T08:38:02.141Z</time>
        <name>1506</name>
        <extensions>
          <speed_mps>22.352</speed_mps>
          <speed_mph>50.0</speed_mph>
        </extensions>
      </trkpt>
      <trkpt lat="52.21729" lon="1.61573">
        <ele>0</ele>
        <time>2026-06-26T08:38:03.666Z</time>
        <name>1507</name>
        <extensions>
          <speed_mps>22.352</speed_mps>
          <speed_mph>50.0</speed_mph>
        </extensions>
      </trkpt>
      <trkpt lat="52.21758" lon="1.61572">
        <ele>0</ele>
        <time>2026-06-26T08:38:05.149Z</time>
        <name>1508</name>
        <extensions>
          <speed_mps>22.352</speed_mps>
          <speed_mph>50.0</speed_mph>
        </extensions>
      </trkpt>
      <trkpt lat="52.21784" lon="1.61547">
        <ele>0</ele>
        <time>2026-06-26T08:38:06.632Z</time>
        <name>1509</name>
        <extensions>
          <speed_mps>22.352</speed_mps>
          <speed_mph>50.0</speed_mph>
        </extensions>
      </trkpt>
      <trkpt lat="52.21800" lon="1.61571">
        <ele>0</ele>
        <time>2026-06-26T08:38:07.728Z</time>
        <name>1510</name>
        <extensions>
          <speed_mps>22.352</speed_mps>
          <speed_mph>50.0</speed_mph>
        </extensions>
      </trkpt>
      <trkpt lat="52.21799" lon="1.61621">
        <ele>0</ele>
        <time>2026-06-26T08:38:09.254Z</time>
        <name>1511</name>
        <extensions>
          <speed_mps>22.352</speed_mps>
          <speed_mph>50.0</speed_mph>
        </extensions>
      </trkpt>
      <trkpt lat="52.21801" lon="1.61665">
        <ele>0</ele>
        <time>2026-06-26T08:38:10.603Z</time>
        <name>1512</name>
        <extensions>
          <speed_mps>22.352</speed_mps>
          <speed_mph>50.0</speed_mph>
        </extensions>
      </trkpt>
      <trkpt lat="52.21831" lon="1.61669">
        <ele>0</ele>
        <time>2026-06-26T08:38:12.128Z</time>
        <name>1513</name>
        <extensions>
          <speed_mps>22.352</speed_mps>
          <speed_mph>50.0</speed_mph>
        </extensions>
      </trkpt>
    </trkseg>
  </trk>
</gpx>
