<?xml version='1.0' encoding='utf-8'?>
<gpx xmlns="http://www.topografix.com/GPX/1/1" xmlns:fulcrumtest="https://wilsonjames.co.uk/fulcrum/test" xmlns:xsi="http://www.w3.org/2001/XMLSchema-instance" creator="PIT Pathfinder Fulcrum GPX speed generator" version="1.1" xsi:schemaLocation="http://www.topografix.com/GPX/1/1 http://www.topografix.com/GPX/1/1/gpx.xsd">
  <metadata>
    <name>SZC Incorrect Route Test - 60mph timestamped</name>
    <desc>Fulcrum test GPX generated from user-provided correct route geometry. Timestamps simulate an average speed of 60 mph over 52.61 km / 32.69 miles. Duration 0:32:41.</desc>
    <time>2026-06-26T08:00:00Z</time>
  </metadata>
  <wpt lat="52.0262848" lon="1.2237418">
    <ele>0</ele>
    <name>Orwell Logistics Park, Nacton, Ipswich IP10 0DD</name>
    <cmt>Waypoint no: 1</cmt>
    <desc>This is waypoint no: 1</desc>
  </wpt>
  <wpt lat="52.2182834" lon="1.617418">
    <ele>0</ele>
    <name>Sizewell C Power Station, Leiston, Suffolk, 48-50 High St, Leiston IP16 4EW</name>
    <cmt>Waypoint no: 2</cmt>
    <desc>This is waypoint no: 2</desc>
  </wpt>
  <trk>
    <name>SZC Incorrect Route Test - 60mph timestamped</name>
    <desc>This is track no: 1</desc>
    <number>1</number>
    <trkseg>
      <trkpt lat="52.0262800" lon="1.2237400">
        <ele>0</ele>
        <time>2026-06-26T08:00:00Z</time>
        <name>1</name>
        <extensions>
          <fulcrumtest:speed_mps>26.822400</fulcrumtest:speed_mps>
          <fulcrumtest:speed_mph>60.00</fulcrumtest:speed_mph>
        </extensions>
      </trkpt>
      <trkpt lat="52.0256794" lon="1.2257985">
        <ele>0</ele>
        <time>2026-06-26T08:00:05Z</time>
        <name>2</name>
        <extensions>
          <fulcrumtest:speed_mps>26.822400</fulcrumtest:speed_mps>
          <fulcrumtest:speed_mph>60.00</fulcrumtest:speed_mph>
        </extensions>
      </trkpt>
      <trkpt lat="52.0255488" lon="1.2260670">
        <ele>0</ele>
        <time>2026-06-26T08:00:05Z</time>
        <name>3</name>
        <extensions>
          <fulcrumtest:speed_mps>26.822400</fulcrumtest:speed_mps>
          <fulcrumtest:speed_mph>60.00</fulcrumtest:speed_mph>
        </extensions>
      </trkpt>
      <trkpt lat="52.0254281" lon="1.2262055">
        <ele>0</ele>
        <time>2026-06-26T08:00:06Z</time>
        <name>4</name>
        <extensions>
          <fulcrumtest:speed_mps>26.822400</fulcrumtest:speed_mps>
          <fulcrumtest:speed_mph>60.00</fulcrumtest:speed_mph>
        </extensions>
      </trkpt>
      <trkpt lat="52.0253175" lon="1.2264740">
        <ele>0</ele>
        <time>2026-06-26T08:00:06Z</time>
        <name>5</name>
        <extensions>
          <fulcrumtest:speed_mps>26.822400</fulcrumtest:speed_mps>
          <fulcrumtest:speed_mph>60.00</fulcrumtest:speed_mph>
        </extensions>
      </trkpt>
      <trkpt lat="52.0252369" lon="1.2268125">
        <ele>0</ele>
        <time>2026-06-26T08:00:07Z</time>
        <name>6</name>
        <extensions>
          <fulcrumtest:speed_mps>26.822400</fulcrumtest:speed_mps>
          <fulcrumtest:speed_mph>60.00</fulcrumtest:speed_mph>
        </extensions>
      </trkpt>
      <trkpt lat="52.0251263" lon="1.2269410">
        <ele>0</ele>
        <time>2026-06-26T08:00:07Z</time>
        <name>7</name>
        <extensions>
          <fulcrumtest:speed_mps>26.822400</fulcrumtest:speed_mps>
          <fulcrumtest:speed_mph>60.00</fulcrumtest:speed_mph>
        </extensions>
      </trkpt>
      <trkpt lat="52.0250657" lon="1.2272795">
        <ele>0</ele>
        <time>2026-06-26T08:00:07Z</time>
        <name>8</name>
        <extensions>
          <fulcrumtest:speed_mps>26.822400</fulcrumtest:speed_mps>
          <fulcrumtest:speed_mph>60.00</fulcrumtest:speed_mph>
        </extensions>
      </trkpt>
      <trkpt lat="52.0249650" lon="1.2276680">
        <ele>0</ele>
        <time>2026-06-26T08:00:08Z</time>
        <name>9</name>
        <extensions>
          <fulcrumtest:speed_mps>26.822400</fulcrumtest:speed_mps>
          <fulcrumtest:speed_mph>60.00</fulcrumtest:speed_mph>
        </extensions>
      </trkpt>
      <trkpt lat="52.0248444" lon="1.2279065">
        <ele>0</ele>
        <time>2026-06-26T08:00:09Z</time>
        <name>10</name>
        <extensions>
          <fulcrumtest:speed_mps>26.822400</fulcrumtest:speed_mps>
          <fulcrumtest:speed_mph>60.00</fulcrumtest:speed_mph>
        </extensions>
      </trkpt>
      <trkpt lat="52.0246638" lon="1.2282750">
        <ele>0</ele>
        <time>2026-06-26T08:00:09Z</time>
        <name>11</name>
        <extensions>
          <fulcrumtest:speed_mps>26.822400</fulcrumtest:speed_mps>
          <fulcrumtest:speed_mph>60.00</fulcrumtest:speed_mph>
        </extensions>
      </trkpt>
      <trkpt lat="52.0244932" lon="1.2284635">
        <ele>0</ele>
        <time>2026-06-26T08:00:10Z</time>
        <name>12</name>
        <extensions>
          <fulcrumtest:speed_mps>26.822400</fulcrumtest:speed_mps>
          <fulcrumtest:speed_mph>60.00</fulcrumtest:speed_mph>
        </extensions>
      </trkpt>
      <trkpt lat="52.0242526" lon="1.2287219">
        <ele>0</ele>
        <time>2026-06-26T08:00:10Z</time>
        <name>13</name>
        <extensions>
          <fulcrumtest:speed_mps>26.822400</fulcrumtest:speed_mps>
          <fulcrumtest:speed_mph>60.00</fulcrumtest:speed_mph>
        </extensions>
      </trkpt>
      <trkpt lat="52.0240919" lon="1.2288404">
        <ele>0</ele>
        <time>2026-06-26T08:00:11Z</time>
        <name>14</name>
        <extensions>
          <fulcrumtest:speed_mps>26.822400</fulcrumtest:speed_mps>
          <fulcrumtest:speed_mph>60.00</fulcrumtest:speed_mph>
        </extensions>
      </trkpt>
      <trkpt lat="52.0239813" lon="1.2289489">
        <ele>0</ele>
        <time>2026-06-26T08:00:11Z</time>
        <name>15</name>
        <extensions>
          <fulcrumtest:speed_mps>26.822400</fulcrumtest:speed_mps>
          <fulcrumtest:speed_mph>60.00</fulcrumtest:speed_mph>
        </extensions>
      </trkpt>
      <trkpt lat="52.0238807" lon="1.2290474">
        <ele>0</ele>
        <time>2026-06-26T08:00:11Z</time>
        <name>16</name>
        <extensions>
          <fulcrumtest:speed_mps>26.822400</fulcrumtest:speed_mps>
          <fulcrumtest:speed_mph>60.00</fulcrumtest:speed_mph>
        </extensions>
      </trkpt>
      <trkpt lat="52.0237701" lon="1.2291559">
        <ele>0</ele>
        <time>2026-06-26T08:00:11Z</time>
        <name>17</name>
        <extensions>
          <fulcrumtest:speed_mps>26.822400</fulcrumtest:speed_mps>
          <fulcrumtest:speed_mph>60.00</fulcrumtest:speed_mph>
        </extensions>
      </trkpt>
      <trkpt lat="52.0236695" lon="1.2292544">
        <ele>0</ele>
        <time>2026-06-26T08:00:11Z</time>
        <name>18</name>
        <extensions>
          <fulcrumtest:speed_mps>26.822400</fulcrumtest:speed_mps>
          <fulcrumtest:speed_mph>60.00</fulcrumtest:speed_mph>
        </extensions>
      </trkpt>
      <trkpt lat="52.0235588" lon="1.2294729">
        <ele>0</ele>
        <time>2026-06-26T08:00:11Z</time>
        <name>19</name>
        <extensions>
          <fulcrumtest:speed_mps>26.822400</fulcrumtest:speed_mps>
          <fulcrumtest:speed_mph>60.00</fulcrumtest:speed_mph>
        </extensions>
      </trkpt>
      <trkpt lat="52.0234382" lon="1.2295614">
        <ele>0</ele>
        <time>2026-06-26T08:00:11Z</time>
        <name>20</name>
        <extensions>
          <fulcrumtest:speed_mps>26.822400</fulcrumtest:speed_mps>
          <fulcrumtest:speed_mph>60.00</fulcrumtest:speed_mph>
        </extensions>
      </trkpt>
      <trkpt lat="52.0233276" lon="1.2296799">
        <ele>0</ele>
        <time>2026-06-26T08:00:11Z</time>
        <name>21</name>
        <extensions>
          <fulcrumtest:speed_mps>26.822400</fulcrumtest:speed_mps>
          <fulcrumtest:speed_mph>60.00</fulcrumtest:speed_mph>
        </extensions>
      </trkpt>
      <trkpt lat="52.0232070" lon="1.2297784">
        <ele>0</ele>
        <time>2026-06-26T08:00:11Z</time>
        <name>22</name>
        <extensions>
          <fulcrumtest:speed_mps>26.822400</fulcrumtest:speed_mps>
          <fulcrumtest:speed_mph>60.00</fulcrumtest:speed_mph>
        </extensions>
      </trkpt>
      <trkpt lat="52.0230964" lon="1.2298769">
        <ele>0</ele>
        <time>2026-06-26T08:00:11Z</time>
        <name>23</name>
        <extensions>
          <fulcrumtest:speed_mps>26.822400</fulcrumtest:speed_mps>
          <fulcrumtest:speed_mph>60.00</fulcrumtest:speed_mph>
        </extensions>
      </trkpt>
      <trkpt lat="52.0229758" lon="1.2299754">
        <ele>0</ele>
        <time>2026-06-26T08:00:11Z</time>
        <name>24</name>
        <extensions>
          <fulcrumtest:speed_mps>26.822400</fulcrumtest:speed_mps>
          <fulcrumtest:speed_mph>60.00</fulcrumtest:speed_mph>
        </extensions>
      </trkpt>
      <trkpt lat="52.0228651" lon="1.2300739">
        <ele>0</ele>
        <time>2026-06-26T08:00:11Z</time>
        <name>25</name>
        <extensions>
          <fulcrumtest:speed_mps>26.822400</fulcrumtest:speed_mps>
          <fulcrumtest:speed_mph>60.00</fulcrumtest:speed_mph>
        </extensions>
      </trkpt>
      <trkpt lat="52.0227445" lon="1.2301724">
        <ele>0</ele>
        <time>2026-06-26T08:00:11Z</time>
        <name>26</name>
        <extensions>
          <fulcrumtest:speed_mps>26.822400</fulcrumtest:speed_mps>
          <fulcrumtest:speed_mph>60.00</fulcrumtest:speed_mph>
        </extensions>
      </trkpt>
      <trkpt lat="52.0226339" lon="1.2302709">
        <ele>0</ele>
        <time>2026-06-26T08:00:11Z</time>
        <name>27</name>
        <extensions>
          <fulcrumtest:speed_mps>26.822400</fulcrumtest:speed_mps>
          <fulcrumtest:speed_mph>60.00</fulcrumtest:speed_mph>
        </extensions>
      </trkpt>
      <trkpt lat="52.0225133" lon="1.2303594">
        <ele>0</ele>
        <time>2026-06-26T08:00:12Z</time>
        <name>28</name>
        <extensions>
          <fulcrumtest:speed_mps>26.822400</fulcrumtest:speed_mps>
          <fulcrumtest:speed_mph>60.00</fulcrumtest:speed_mph>
        </extensions>
      </trkpt>
      <trkpt lat="52.0224027" lon="1.2304579">
        <ele>0</ele>
        <time>2026-06-26T08:00:12Z</time>
        <name>29</name>
        <extensions>
          <fulcrumtest:speed_mps>26.822400</fulcrumtest:speed_mps>
          <fulcrumtest:speed_mph>60.00</fulcrumtest:speed_mph>
        </extensions>
      </trkpt>
      <trkpt lat="52.0222820" lon="1.2305564">
        <ele>0</ele>
        <time>2026-06-26T08:00:12Z</time>
        <name>30</name>
        <extensions>
          <fulcrumtest:speed_mps>26.822400</fulcrumtest:speed_mps>
          <fulcrumtest:speed_mph>60.00</fulcrumtest:speed_mph>
        </extensions>
      </trkpt>
      <trkpt lat="52.0221614" lon="1.2306449">
        <ele>0</ele>
        <time>2026-06-26T08:00:12Z</time>
        <name>31</name>
        <extensions>
          <fulcrumtest:speed_mps>26.822400</fulcrumtest:speed_mps>
          <fulcrumtest:speed_mph>60.00</fulcrumtest:speed_mph>
        </extensions>
      </trkpt>
      <trkpt lat="52.0220408" lon="1.2307434">
        <ele>0</ele>
        <time>2026-06-26T08:00:12Z</time>
        <name>32</name>
        <extensions>
          <fulcrumtest:speed_mps>26.822400</fulcrumtest:speed_mps>
          <fulcrumtest:speed_mph>60.00</fulcrumtest:speed_mph>
        </extensions>
      </trkpt>
      <trkpt lat="52.0219202" lon="1.2308319">
        <ele>0</ele>
        <time>2026-06-26T08:00:12Z</time>
        <name>33</name>
        <extensions>
          <fulcrumtest:speed_mps>26.822400</fulcrumtest:speed_mps>
          <fulcrumtest:speed_mph>60.00</fulcrumtest:speed_mph>
        </extensions>
      </trkpt>
      <trkpt lat="52.0217996" lon="1.2309304">
        <ele>0</ele>
        <time>2026-06-26T08:00:12Z</time>
        <name>34</name>
        <extensions>
          <fulcrumtest:speed_mps>26.822400</fulcrumtest:speed_mps>
          <fulcrumtest:speed_mph>60.00</fulcrumtest:speed_mph>
        </extensions>
      </trkpt>
      <trkpt lat="52.0216489" lon="1.2310188">
        <ele>0</ele>
        <time>2026-06-26T08:00:12Z</time>
        <name>35</name>
        <extensions>
          <fulcrumtest:speed_mps>26.822400</fulcrumtest:speed_mps>
          <fulcrumtest:speed_mph>60.00</fulcrumtest:speed_mph>
        </extensions>
      </trkpt>
      <trkpt lat="52.0215283" lon="1.2310973">
        <ele>0</ele>
        <time>2026-06-26T08:00:12Z</time>
        <name>36</name>
        <extensions>
          <fulcrumtest:speed_mps>26.822400</fulcrumtest:speed_mps>
          <fulcrumtest:speed_mph>60.00</fulcrumtest:speed_mph>
        </extensions>
      </trkpt>
      <trkpt lat="52.0214077" lon="1.2311858">
        <ele>0</ele>
        <time>2026-06-26T08:00:12Z</time>
        <name>37</name>
        <extensions>
          <fulcrumtest:speed_mps>26.822400</fulcrumtest:speed_mps>
          <fulcrumtest:speed_mph>60.00</fulcrumtest:speed_mph>
        </extensions>
      </trkpt>
      <trkpt lat="52.0212571" lon="1.2312343">
        <ele>0</ele>
        <time>2026-06-26T08:00:12Z</time>
        <name>38</name>
        <extensions>
          <fulcrumtest:speed_mps>26.822400</fulcrumtest:speed_mps>
          <fulcrumtest:speed_mph>60.00</fulcrumtest:speed_mph>
        </extensions>
      </trkpt>
      <trkpt lat="52.0211465" lon="1.2313128">
        <ele>0</ele>
        <time>2026-06-26T08:00:12Z</time>
        <name>39</name>
        <extensions>
          <fulcrumtest:speed_mps>26.822400</fulcrumtest:speed_mps>
          <fulcrumtest:speed_mph>60.00</fulcrumtest:speed_mph>
        </extensions>
      </trkpt>
      <trkpt lat="52.0210158" lon="1.2313813">
        <ele>0</ele>
        <time>2026-06-26T08:00:12Z</time>
        <name>40</name>
        <extensions>
          <fulcrumtest:speed_mps>26.822400</fulcrumtest:speed_mps>
          <fulcrumtest:speed_mph>60.00</fulcrumtest:speed_mph>
        </extensions>
      </trkpt>
      <trkpt lat="52.0209052" lon="1.2314498">
        <ele>0</ele>
        <time>2026-06-26T08:00:12Z</time>
        <name>41</name>
        <extensions>
          <fulcrumtest:speed_mps>26.822400</fulcrumtest:speed_mps>
          <fulcrumtest:speed_mph>60.00</fulcrumtest:speed_mph>
        </extensions>
      </trkpt>
      <trkpt lat="52.0207846" lon="1.2315283">
        <ele>0</ele>
        <time>2026-06-26T08:00:12Z</time>
        <name>42</name>
        <extensions>
          <fulcrumtest:speed_mps>26.822400</fulcrumtest:speed_mps>
          <fulcrumtest:speed_mph>60.00</fulcrumtest:speed_mph>
        </extensions>
      </trkpt>
      <trkpt lat="52.0206740" lon="1.2315868">
        <ele>0</ele>
        <time>2026-06-26T08:00:13Z</time>
        <name>43</name>
        <extensions>
          <fulcrumtest:speed_mps>26.822400</fulcrumtest:speed_mps>
          <fulcrumtest:speed_mph>60.00</fulcrumtest:speed_mph>
        </extensions>
      </trkpt>
      <trkpt lat="52.0205534" lon="1.2316653">
        <ele>0</ele>
        <time>2026-06-26T08:00:13Z</time>
        <name>44</name>
        <extensions>
          <fulcrumtest:speed_mps>26.822400</fulcrumtest:speed_mps>
          <fulcrumtest:speed_mph>60.00</fulcrumtest:speed_mph>
        </extensions>
      </trkpt>
      <trkpt lat="52.0204427" lon="1.2316638">
        <ele>0</ele>
        <time>2026-06-26T08:00:13Z</time>
        <name>45</name>
        <extensions>
          <fulcrumtest:speed_mps>26.822400</fulcrumtest:speed_mps>
          <fulcrumtest:speed_mph>60.00</fulcrumtest:speed_mph>
        </extensions>
      </trkpt>
      <trkpt lat="52.0203421" lon="1.2317423">
        <ele>0</ele>
        <time>2026-06-26T08:00:13Z</time>
        <name>46</name>
        <extensions>
          <fulcrumtest:speed_mps>26.822400</fulcrumtest:speed_mps>
          <fulcrumtest:speed_mph>60.00</fulcrumtest:speed_mph>
        </extensions>
      </trkpt>
      <trkpt lat="52.0202315" lon="1.2318008">
        <ele>0</ele>
        <time>2026-06-26T08:00:13Z</time>
        <name>47</name>
        <extensions>
          <fulcrumtest:speed_mps>26.822400</fulcrumtest:speed_mps>
          <fulcrumtest:speed_mph>60.00</fulcrumtest:speed_mph>
        </extensions>
      </trkpt>
      <trkpt lat="52.0201309" lon="1.2318793">
        <ele>0</ele>
        <time>2026-06-26T08:00:13Z</time>
        <name>48</name>
        <extensions>
          <fulcrumtest:speed_mps>26.822400</fulcrumtest:speed_mps>
          <fulcrumtest:speed_mph>60.00</fulcrumtest:speed_mph>
        </extensions>
      </trkpt>
      <trkpt lat="52.0200203" lon="1.2319478">
        <ele>0</ele>
        <time>2026-06-26T08:00:13Z</time>
        <name>49</name>
        <extensions>
          <fulcrumtest:speed_mps>26.822400</fulcrumtest:speed_mps>
          <fulcrumtest:speed_mph>60.00</fulcrumtest:speed_mph>
        </extensions>
      </trkpt>
      <trkpt lat="52.0199196" lon="1.2320263">
        <ele>0</ele>
        <time>2026-06-26T08:00:13Z</time>
        <name>50</name>
        <extensions>
          <fulcrumtest:speed_mps>26.822400</fulcrumtest:speed_mps>
          <fulcrumtest:speed_mph>60.00</fulcrumtest:speed_mph>
        </extensions>
      </trkpt>
      <trkpt lat="52.0196290" lon="1.2317548">
        <ele>0</ele>
        <time>2026-06-26T08:00:14Z</time>
        <name>51</name>
        <extensions>
          <fulcrumtest:speed_mps>26.822400</fulcrumtest:speed_mps>
          <fulcrumtest:speed_mph>60.00</fulcrumtest:speed_mph>
        </extensions>
      </trkpt>
      <trkpt lat="52.0194884" lon="1.2317933">
        <ele>0</ele>
        <time>2026-06-26T08:00:14Z</time>
        <name>52</name>
        <extensions>
          <fulcrumtest:speed_mps>26.822400</fulcrumtest:speed_mps>
          <fulcrumtest:speed_mph>60.00</fulcrumtest:speed_mph>
        </extensions>
      </trkpt>
      <trkpt lat="52.0192478" lon="1.2316018">
        <ele>0</ele>
        <time>2026-06-26T08:00:15Z</time>
        <name>53</name>
        <extensions>
          <fulcrumtest:speed_mps>26.822400</fulcrumtest:speed_mps>
          <fulcrumtest:speed_mph>60.00</fulcrumtest:speed_mph>
        </extensions>
      </trkpt>
      <trkpt lat="52.0190872" lon="1.2316803">
        <ele>0</ele>
        <time>2026-06-26T08:00:16Z</time>
        <name>54</name>
        <extensions>
          <fulcrumtest:speed_mps>26.822400</fulcrumtest:speed_mps>
          <fulcrumtest:speed_mph>60.00</fulcrumtest:speed_mph>
        </extensions>
      </trkpt>
      <trkpt lat="52.0188465" lon="1.2316988">
        <ele>0</ele>
        <time>2026-06-26T08:00:16Z</time>
        <name>55</name>
        <extensions>
          <fulcrumtest:speed_mps>26.822400</fulcrumtest:speed_mps>
          <fulcrumtest:speed_mph>60.00</fulcrumtest:speed_mph>
        </extensions>
      </trkpt>
      <trkpt lat="52.0186359" lon="1.2318073">
        <ele>0</ele>
        <time>2026-06-26T08:00:17Z</time>
        <name>56</name>
        <extensions>
          <fulcrumtest:speed_mps>26.822400</fulcrumtest:speed_mps>
          <fulcrumtest:speed_mph>60.00</fulcrumtest:speed_mph>
        </extensions>
      </trkpt>
      <trkpt lat="52.0184753" lon="1.2319258">
        <ele>0</ele>
        <time>2026-06-26T08:00:17Z</time>
        <name>57</name>
        <extensions>
          <fulcrumtest:speed_mps>26.822400</fulcrumtest:speed_mps>
          <fulcrumtest:speed_mph>60.00</fulcrumtest:speed_mph>
        </extensions>
      </trkpt>
      <trkpt lat="52.0183147" lon="1.2320542">
        <ele>0</ele>
        <time>2026-06-26T08:00:17Z</time>
        <name>58</name>
        <extensions>
          <fulcrumtest:speed_mps>26.822400</fulcrumtest:speed_mps>
          <fulcrumtest:speed_mph>60.00</fulcrumtest:speed_mph>
        </extensions>
      </trkpt>
      <trkpt lat="52.0181341" lon="1.2322327">
        <ele>0</ele>
        <time>2026-06-26T08:00:17Z</time>
        <name>59</name>
        <extensions>
          <fulcrumtest:speed_mps>26.822400</fulcrumtest:speed_mps>
          <fulcrumtest:speed_mph>60.00</fulcrumtest:speed_mph>
        </extensions>
      </trkpt>
      <trkpt lat="52.0179135" lon="1.2324912">
        <ele>0</ele>
        <time>2026-06-26T08:00:18Z</time>
        <name>60</name>
        <extensions>
          <fulcrumtest:speed_mps>26.822400</fulcrumtest:speed_mps>
          <fulcrumtest:speed_mph>60.00</fulcrumtest:speed_mph>
        </extensions>
      </trkpt>
      <trkpt lat="52.0176728" lon="1.2333197">
        <ele>0</ele>
        <time>2026-06-26T08:00:20Z</time>
        <name>61</name>
        <extensions>
          <fulcrumtest:speed_mps>26.822400</fulcrumtest:speed_mps>
          <fulcrumtest:speed_mph>60.00</fulcrumtest:speed_mph>
        </extensions>
      </trkpt>
      <trkpt lat="52.0174722" lon="1.2341782">
        <ele>0</ele>
        <time>2026-06-26T08:00:22Z</time>
        <name>62</name>
        <extensions>
          <fulcrumtest:speed_mps>26.822400</fulcrumtest:speed_mps>
          <fulcrumtest:speed_mph>60.00</fulcrumtest:speed_mph>
        </extensions>
      </trkpt>
      <trkpt lat="52.0172916" lon="1.2352267">
        <ele>0</ele>
        <time>2026-06-26T08:00:24Z</time>
        <name>63</name>
        <extensions>
          <fulcrumtest:speed_mps>26.822400</fulcrumtest:speed_mps>
          <fulcrumtest:speed_mph>60.00</fulcrumtest:speed_mph>
        </extensions>
      </trkpt>
      <trkpt lat="52.0171710" lon="1.2361252">
        <ele>0</ele>
        <time>2026-06-26T08:00:26Z</time>
        <name>64</name>
        <extensions>
          <fulcrumtest:speed_mps>26.822400</fulcrumtest:speed_mps>
          <fulcrumtest:speed_mph>60.00</fulcrumtest:speed_mph>
        </extensions>
      </trkpt>
      <trkpt lat="52.0170904" lon="1.2369237">
        <ele>0</ele>
        <time>2026-06-26T08:00:28Z</time>
        <name>65</name>
        <extensions>
          <fulcrumtest:speed_mps>26.822400</fulcrumtest:speed_mps>
          <fulcrumtest:speed_mph>60.00</fulcrumtest:speed_mph>
        </extensions>
      </trkpt>
      <trkpt lat="52.0170297" lon="1.2376422">
        <ele>0</ele>
        <time>2026-06-26T08:00:30Z</time>
        <name>66</name>
        <extensions>
          <fulcrumtest:speed_mps>26.822400</fulcrumtest:speed_mps>
          <fulcrumtest:speed_mph>60.00</fulcrumtest:speed_mph>
        </extensions>
      </trkpt>
      <trkpt lat="52.0170691" lon="1.2387807">
        <ele>0</ele>
        <time>2026-06-26T08:00:33Z</time>
        <name>67</name>
        <extensions>
          <fulcrumtest:speed_mps>26.822400</fulcrumtest:speed_mps>
          <fulcrumtest:speed_mph>60.00</fulcrumtest:speed_mph>
        </extensions>
      </trkpt>
      <trkpt lat="52.0170085" lon="1.2391292">
        <ele>0</ele>
        <time>2026-06-26T08:00:33Z</time>
        <name>68</name>
        <extensions>
          <fulcrumtest:speed_mps>26.822400</fulcrumtest:speed_mps>
          <fulcrumtest:speed_mph>60.00</fulcrumtest:speed_mph>
        </extensions>
      </trkpt>
      <trkpt lat="52.0170879" lon="1.2400477">
        <ele>0</ele>
        <time>2026-06-26T08:00:36Z</time>
        <name>69</name>
        <extensions>
          <fulcrumtest:speed_mps>26.822400</fulcrumtest:speed_mps>
          <fulcrumtest:speed_mph>60.00</fulcrumtest:speed_mph>
        </extensions>
      </trkpt>
      <trkpt lat="52.0170273" lon="1.2402962">
        <ele>0</ele>
        <time>2026-06-26T08:00:36Z</time>
        <name>70</name>
        <extensions>
          <fulcrumtest:speed_mps>26.822400</fulcrumtest:speed_mps>
          <fulcrumtest:speed_mph>60.00</fulcrumtest:speed_mph>
        </extensions>
      </trkpt>
      <trkpt lat="52.0169666" lon="1.2405847">
        <ele>0</ele>
        <time>2026-06-26T08:00:37Z</time>
        <name>71</name>
        <extensions>
          <fulcrumtest:speed_mps>26.822400</fulcrumtest:speed_mps>
          <fulcrumtest:speed_mph>60.00</fulcrumtest:speed_mph>
        </extensions>
      </trkpt>
      <trkpt lat="52.0171060" lon="1.2414432">
        <ele>0</ele>
        <time>2026-06-26T08:00:39Z</time>
        <name>72</name>
        <extensions>
          <fulcrumtest:speed_mps>26.822400</fulcrumtest:speed_mps>
          <fulcrumtest:speed_mph>60.00</fulcrumtest:speed_mph>
        </extensions>
      </trkpt>
      <trkpt lat="52.0169954" lon="1.2415417">
        <ele>0</ele>
        <time>2026-06-26T08:00:39Z</time>
        <name>73</name>
        <extensions>
          <fulcrumtest:speed_mps>26.822400</fulcrumtest:speed_mps>
          <fulcrumtest:speed_mph>60.00</fulcrumtest:speed_mph>
        </extensions>
      </trkpt>
      <trkpt lat="52.0172448" lon="1.2426402">
        <ele>0</ele>
        <time>2026-06-26T08:00:42Z</time>
        <name>74</name>
        <extensions>
          <fulcrumtest:speed_mps>26.822400</fulcrumtest:speed_mps>
          <fulcrumtest:speed_mph>60.00</fulcrumtest:speed_mph>
        </extensions>
      </trkpt>
      <trkpt lat="52.0171542" lon="1.2427987">
        <ele>0</ele>
        <time>2026-06-26T08:00:42Z</time>
        <name>75</name>
        <extensions>
          <fulcrumtest:speed_mps>26.822400</fulcrumtest:speed_mps>
          <fulcrumtest:speed_mph>60.00</fulcrumtest:speed_mph>
        </extensions>
      </trkpt>
      <trkpt lat="52.0186135" lon="1.2471872">
        <ele>0</ele>
        <time>2026-06-26T08:00:55Z</time>
        <name>76</name>
        <extensions>
          <fulcrumtest:speed_mps>26.822400</fulcrumtest:speed_mps>
          <fulcrumtest:speed_mph>60.00</fulcrumtest:speed_mph>
        </extensions>
      </trkpt>
      <trkpt lat="52.0189229" lon="1.2485057">
        <ele>0</ele>
        <time>2026-06-26T08:00:58Z</time>
        <name>77</name>
        <extensions>
          <fulcrumtest:speed_mps>26.822400</fulcrumtest:speed_mps>
          <fulcrumtest:speed_mph>60.00</fulcrumtest:speed_mph>
        </extensions>
      </trkpt>
      <trkpt lat="52.0190723" lon="1.2495142">
        <ele>0</ele>
        <time>2026-06-26T08:01:01Z</time>
        <name>78</name>
        <extensions>
          <fulcrumtest:speed_mps>26.822400</fulcrumtest:speed_mps>
          <fulcrumtest:speed_mph>60.00</fulcrumtest:speed_mph>
        </extensions>
      </trkpt>
      <trkpt lat="52.0189717" lon="1.2496627">
        <ele>0</ele>
        <time>2026-06-26T08:01:01Z</time>
        <name>79</name>
        <extensions>
          <fulcrumtest:speed_mps>26.822400</fulcrumtest:speed_mps>
          <fulcrumtest:speed_mph>60.00</fulcrumtest:speed_mph>
        </extensions>
      </trkpt>
      <trkpt lat="52.0189411" lon="1.2500812">
        <ele>0</ele>
        <time>2026-06-26T08:01:02Z</time>
        <name>80</name>
        <extensions>
          <fulcrumtest:speed_mps>26.822400</fulcrumtest:speed_mps>
          <fulcrumtest:speed_mph>60.00</fulcrumtest:speed_mph>
        </extensions>
      </trkpt>
      <trkpt lat="52.0188904" lon="1.2504696">
        <ele>0</ele>
        <time>2026-06-26T08:01:03Z</time>
        <name>81</name>
        <extensions>
          <fulcrumtest:speed_mps>26.822400</fulcrumtest:speed_mps>
          <fulcrumtest:speed_mph>60.00</fulcrumtest:speed_mph>
        </extensions>
      </trkpt>
      <trkpt lat="52.0188998" lon="1.2513081">
        <ele>0</ele>
        <time>2026-06-26T08:01:05Z</time>
        <name>82</name>
        <extensions>
          <fulcrumtest:speed_mps>26.822400</fulcrumtest:speed_mps>
          <fulcrumtest:speed_mph>60.00</fulcrumtest:speed_mph>
        </extensions>
      </trkpt>
      <trkpt lat="52.0189192" lon="1.2526266">
        <ele>0</ele>
        <time>2026-06-26T08:01:08Z</time>
        <name>83</name>
        <extensions>
          <fulcrumtest:speed_mps>26.822400</fulcrumtest:speed_mps>
          <fulcrumtest:speed_mph>60.00</fulcrumtest:speed_mph>
        </extensions>
      </trkpt>
      <trkpt lat="52.0188286" lon="1.2537651">
        <ele>0</ele>
        <time>2026-06-26T08:01:11Z</time>
        <name>84</name>
        <extensions>
          <fulcrumtest:speed_mps>26.822400</fulcrumtest:speed_mps>
          <fulcrumtest:speed_mph>60.00</fulcrumtest:speed_mph>
        </extensions>
      </trkpt>
      <trkpt lat="52.0186680" lon="1.2549636">
        <ele>0</ele>
        <time>2026-06-26T08:01:13Z</time>
        <name>85</name>
        <extensions>
          <fulcrumtest:speed_mps>26.822400</fulcrumtest:speed_mps>
          <fulcrumtest:speed_mph>60.00</fulcrumtest:speed_mph>
        </extensions>
      </trkpt>
      <trkpt lat="52.0184873" lon="1.2558521">
        <ele>0</ele>
        <time>2026-06-26T08:01:16Z</time>
        <name>86</name>
        <extensions>
          <fulcrumtest:speed_mps>26.822400</fulcrumtest:speed_mps>
          <fulcrumtest:speed_mph>60.00</fulcrumtest:speed_mph>
        </extensions>
      </trkpt>
      <trkpt lat="52.0182967" lon="1.2565906">
        <ele>0</ele>
        <time>2026-06-26T08:01:17Z</time>
        <name>87</name>
        <extensions>
          <fulcrumtest:speed_mps>26.822400</fulcrumtest:speed_mps>
          <fulcrumtest:speed_mph>60.00</fulcrumtest:speed_mph>
        </extensions>
      </trkpt>
      <trkpt lat="52.0181961" lon="1.2570391">
        <ele>0</ele>
        <time>2026-06-26T08:01:18Z</time>
        <name>88</name>
        <extensions>
          <fulcrumtest:speed_mps>26.822400</fulcrumtest:speed_mps>
          <fulcrumtest:speed_mph>60.00</fulcrumtest:speed_mph>
        </extensions>
      </trkpt>
      <trkpt lat="52.0178855" lon="1.2583176">
        <ele>0</ele>
        <time>2026-06-26T08:01:21Z</time>
        <name>89</name>
        <extensions>
          <fulcrumtest:speed_mps>26.822400</fulcrumtest:speed_mps>
          <fulcrumtest:speed_mph>60.00</fulcrumtest:speed_mph>
        </extensions>
      </trkpt>
      <trkpt lat="52.0177449" lon="1.2585461">
        <ele>0</ele>
        <time>2026-06-26T08:01:22Z</time>
        <name>90</name>
        <extensions>
          <fulcrumtest:speed_mps>26.822400</fulcrumtest:speed_mps>
          <fulcrumtest:speed_mph>60.00</fulcrumtest:speed_mph>
        </extensions>
      </trkpt>
      <trkpt lat="52.0176342" lon="1.2586446">
        <ele>0</ele>
        <time>2026-06-26T08:01:22Z</time>
        <name>91</name>
        <extensions>
          <fulcrumtest:speed_mps>26.822400</fulcrumtest:speed_mps>
          <fulcrumtest:speed_mph>60.00</fulcrumtest:speed_mph>
        </extensions>
      </trkpt>
      <trkpt lat="52.0174136" lon="1.2592731">
        <ele>0</ele>
        <time>2026-06-26T08:01:23Z</time>
        <name>92</name>
        <extensions>
          <fulcrumtest:speed_mps>26.822400</fulcrumtest:speed_mps>
          <fulcrumtest:speed_mph>60.00</fulcrumtest:speed_mph>
        </extensions>
      </trkpt>
      <trkpt lat="52.0173030" lon="1.2593716">
        <ele>0</ele>
        <time>2026-06-26T08:01:23Z</time>
        <name>93</name>
        <extensions>
          <fulcrumtest:speed_mps>26.822400</fulcrumtest:speed_mps>
          <fulcrumtest:speed_mph>60.00</fulcrumtest:speed_mph>
        </extensions>
      </trkpt>
      <trkpt lat="52.0168324" lon="1.2612401">
        <ele>0</ele>
        <time>2026-06-26T08:01:28Z</time>
        <name>94</name>
        <extensions>
          <fulcrumtest:speed_mps>26.822400</fulcrumtest:speed_mps>
          <fulcrumtest:speed_mph>60.00</fulcrumtest:speed_mph>
        </extensions>
      </trkpt>
      <trkpt lat="52.0167218" lon="1.2613586">
        <ele>0</ele>
        <time>2026-06-26T08:01:28Z</time>
        <name>95</name>
        <extensions>
          <fulcrumtest:speed_mps>26.822400</fulcrumtest:speed_mps>
          <fulcrumtest:speed_mph>60.00</fulcrumtest:speed_mph>
        </extensions>
      </trkpt>
      <trkpt lat="52.0164812" lon="1.2619771">
        <ele>0</ele>
        <time>2026-06-26T08:01:30Z</time>
        <name>96</name>
        <extensions>
          <fulcrumtest:speed_mps>26.822400</fulcrumtest:speed_mps>
          <fulcrumtest:speed_mph>60.00</fulcrumtest:speed_mph>
        </extensions>
      </trkpt>
      <trkpt lat="52.0161805" lon="1.2629556">
        <ele>0</ele>
        <time>2026-06-26T08:01:32Z</time>
        <name>97</name>
        <extensions>
          <fulcrumtest:speed_mps>26.822400</fulcrumtest:speed_mps>
          <fulcrumtest:speed_mph>60.00</fulcrumtest:speed_mph>
        </extensions>
      </trkpt>
      <trkpt lat="52.0160699" lon="1.2630941">
        <ele>0</ele>
        <time>2026-06-26T08:01:32Z</time>
        <name>98</name>
        <extensions>
          <fulcrumtest:speed_mps>26.822400</fulcrumtest:speed_mps>
          <fulcrumtest:speed_mph>60.00</fulcrumtest:speed_mph>
        </extensions>
      </trkpt>
      <trkpt lat="52.0159693" lon="1.2632226">
        <ele>0</ele>
        <time>2026-06-26T08:01:32Z</time>
        <name>99</name>
        <extensions>
          <fulcrumtest:speed_mps>26.822400</fulcrumtest:speed_mps>
          <fulcrumtest:speed_mph>60.00</fulcrumtest:speed_mph>
        </extensions>
      </trkpt>
      <trkpt lat="52.0158587" lon="1.2633611">
        <ele>0</ele>
        <time>2026-06-26T08:01:32Z</time>
        <name>100</name>
        <extensions>
          <fulcrumtest:speed_mps>26.822400</fulcrumtest:speed_mps>
          <fulcrumtest:speed_mph>60.00</fulcrumtest:speed_mph>
        </extensions>
      </trkpt>
      <trkpt lat="52.0157881" lon="1.2635496">
        <ele>0</ele>
        <time>2026-06-26T08:01:33Z</time>
        <name>101</name>
        <extensions>
          <fulcrumtest:speed_mps>26.822400</fulcrumtest:speed_mps>
          <fulcrumtest:speed_mph>60.00</fulcrumtest:speed_mph>
        </extensions>
      </trkpt>
      <trkpt lat="52.0157074" lon="1.2637381">
        <ele>0</ele>
        <time>2026-06-26T08:01:33Z</time>
        <name>102</name>
        <extensions>
          <fulcrumtest:speed_mps>26.822400</fulcrumtest:speed_mps>
          <fulcrumtest:speed_mph>60.00</fulcrumtest:speed_mph>
        </extensions>
      </trkpt>
      <trkpt lat="52.0156368" lon="1.2640665">
        <ele>0</ele>
        <time>2026-06-26T08:01:33Z</time>
        <name>103</name>
        <extensions>
          <fulcrumtest:speed_mps>26.822400</fulcrumtest:speed_mps>
          <fulcrumtest:speed_mph>60.00</fulcrumtest:speed_mph>
        </extensions>
      </trkpt>
      <trkpt lat="52.0155462" lon="1.2642350">
        <ele>0</ele>
        <time>2026-06-26T08:01:34Z</time>
        <name>104</name>
        <extensions>
          <fulcrumtest:speed_mps>26.822400</fulcrumtest:speed_mps>
          <fulcrumtest:speed_mph>60.00</fulcrumtest:speed_mph>
        </extensions>
      </trkpt>
      <trkpt lat="52.0155156" lon="1.2645435">
        <ele>0</ele>
        <time>2026-06-26T08:01:34Z</time>
        <name>105</name>
        <extensions>
          <fulcrumtest:speed_mps>26.822400</fulcrumtest:speed_mps>
          <fulcrumtest:speed_mph>60.00</fulcrumtest:speed_mph>
        </extensions>
      </trkpt>
      <trkpt lat="52.0154050" lon="1.2646420">
        <ele>0</ele>
        <time>2026-06-26T08:01:34Z</time>
        <name>106</name>
        <extensions>
          <fulcrumtest:speed_mps>26.822400</fulcrumtest:speed_mps>
          <fulcrumtest:speed_mph>60.00</fulcrumtest:speed_mph>
        </extensions>
      </trkpt>
      <trkpt lat="52.0153443" lon="1.2648205">
        <ele>0</ele>
        <time>2026-06-26T08:01:35Z</time>
        <name>107</name>
        <extensions>
          <fulcrumtest:speed_mps>26.822400</fulcrumtest:speed_mps>
          <fulcrumtest:speed_mph>60.00</fulcrumtest:speed_mph>
        </extensions>
      </trkpt>
      <trkpt lat="52.0152637" lon="1.2649790">
        <ele>0</ele>
        <time>2026-06-26T08:01:35Z</time>
        <name>108</name>
        <extensions>
          <fulcrumtest:speed_mps>26.822400</fulcrumtest:speed_mps>
          <fulcrumtest:speed_mph>60.00</fulcrumtest:speed_mph>
        </extensions>
      </trkpt>
      <trkpt lat="52.0152031" lon="1.2651475">
        <ele>0</ele>
        <time>2026-06-26T08:01:35Z</time>
        <name>109</name>
        <extensions>
          <fulcrumtest:speed_mps>26.822400</fulcrumtest:speed_mps>
          <fulcrumtest:speed_mph>60.00</fulcrumtest:speed_mph>
        </extensions>
      </trkpt>
      <trkpt lat="52.0152025" lon="1.2653860">
        <ele>0</ele>
        <time>2026-06-26T08:01:36Z</time>
        <name>110</name>
        <extensions>
          <fulcrumtest:speed_mps>26.822400</fulcrumtest:speed_mps>
          <fulcrumtest:speed_mph>60.00</fulcrumtest:speed_mph>
        </extensions>
      </trkpt>
      <trkpt lat="52.0151519" lon="1.2655345">
        <ele>0</ele>
        <time>2026-06-26T08:01:36Z</time>
        <name>111</name>
        <extensions>
          <fulcrumtest:speed_mps>26.822400</fulcrumtest:speed_mps>
          <fulcrumtest:speed_mph>60.00</fulcrumtest:speed_mph>
        </extensions>
      </trkpt>
      <trkpt lat="52.0150412" lon="1.2656330">
        <ele>0</ele>
        <time>2026-06-26T08:01:36Z</time>
        <name>112</name>
        <extensions>
          <fulcrumtest:speed_mps>26.822400</fulcrumtest:speed_mps>
          <fulcrumtest:speed_mph>60.00</fulcrumtest:speed_mph>
        </extensions>
      </trkpt>
      <trkpt lat="52.0152006" lon="1.2659115">
        <ele>0</ele>
        <time>2026-06-26T08:01:37Z</time>
        <name>113</name>
        <extensions>
          <fulcrumtest:speed_mps>26.822400</fulcrumtest:speed_mps>
          <fulcrumtest:speed_mph>60.00</fulcrumtest:speed_mph>
        </extensions>
      </trkpt>
      <trkpt lat="52.0151300" lon="1.2660400">
        <ele>0</ele>
        <time>2026-06-26T08:01:38Z</time>
        <name>114</name>
        <extensions>
          <fulcrumtest:speed_mps>26.822400</fulcrumtest:speed_mps>
          <fulcrumtest:speed_mph>60.00</fulcrumtest:speed_mph>
        </extensions>
      </trkpt>
      <trkpt lat="52.0155794" lon="1.2665485">
        <ele>0</ele>
        <time>2026-06-26T08:01:40Z</time>
        <name>115</name>
        <extensions>
          <fulcrumtest:speed_mps>26.822400</fulcrumtest:speed_mps>
          <fulcrumtest:speed_mph>60.00</fulcrumtest:speed_mph>
        </extensions>
      </trkpt>
      <trkpt lat="52.0158788" lon="1.2669070">
        <ele>0</ele>
        <time>2026-06-26T08:01:42Z</time>
        <name>116</name>
        <extensions>
          <fulcrumtest:speed_mps>26.822400</fulcrumtest:speed_mps>
          <fulcrumtest:speed_mph>60.00</fulcrumtest:speed_mph>
        </extensions>
      </trkpt>
      <trkpt lat="52.0159581" lon="1.2670955">
        <ele>0</ele>
        <time>2026-06-26T08:01:43Z</time>
        <name>117</name>
        <extensions>
          <fulcrumtest:speed_mps>26.822400</fulcrumtest:speed_mps>
          <fulcrumtest:speed_mph>60.00</fulcrumtest:speed_mph>
        </extensions>
      </trkpt>
      <trkpt lat="52.0160275" lon="1.2672940">
        <ele>0</ele>
        <time>2026-06-26T08:01:44Z</time>
        <name>118</name>
        <extensions>
          <fulcrumtest:speed_mps>26.822400</fulcrumtest:speed_mps>
          <fulcrumtest:speed_mph>60.00</fulcrumtest:speed_mph>
        </extensions>
      </trkpt>
      <trkpt lat="52.0166269" lon="1.2677125">
        <ele>0</ele>
        <time>2026-06-26T08:01:47Z</time>
        <name>119</name>
        <extensions>
          <fulcrumtest:speed_mps>26.822400</fulcrumtest:speed_mps>
          <fulcrumtest:speed_mph>60.00</fulcrumtest:speed_mph>
        </extensions>
      </trkpt>
      <trkpt lat="52.0168963" lon="1.2679310">
        <ele>0</ele>
        <time>2026-06-26T08:01:48Z</time>
        <name>120</name>
        <extensions>
          <fulcrumtest:speed_mps>26.822400</fulcrumtest:speed_mps>
          <fulcrumtest:speed_mph>60.00</fulcrumtest:speed_mph>
        </extensions>
      </trkpt>
      <trkpt lat="52.0173857" lon="1.2681795">
        <ele>0</ele>
        <time>2026-06-26T08:01:51Z</time>
        <name>121</name>
        <extensions>
          <fulcrumtest:speed_mps>26.822400</fulcrumtest:speed_mps>
          <fulcrumtest:speed_mph>60.00</fulcrumtest:speed_mph>
        </extensions>
      </trkpt>
      <trkpt lat="52.0179450" lon="1.2683780">
        <ele>0</ele>
        <time>2026-06-26T08:01:54Z</time>
        <name>122</name>
        <extensions>
          <fulcrumtest:speed_mps>26.822400</fulcrumtest:speed_mps>
          <fulcrumtest:speed_mph>60.00</fulcrumtest:speed_mph>
        </extensions>
      </trkpt>
      <trkpt lat="52.0188044" lon="1.2685765">
        <ele>0</ele>
        <time>2026-06-26T08:01:58Z</time>
        <name>123</name>
        <extensions>
          <fulcrumtest:speed_mps>26.822400</fulcrumtest:speed_mps>
          <fulcrumtest:speed_mph>60.00</fulcrumtest:speed_mph>
        </extensions>
      </trkpt>
      <trkpt lat="52.0194338" lon="1.2687850">
        <ele>0</ele>
        <time>2026-06-26T08:02:01Z</time>
        <name>124</name>
        <extensions>
          <fulcrumtest:speed_mps>26.822400</fulcrumtest:speed_mps>
          <fulcrumtest:speed_mph>60.00</fulcrumtest:speed_mph>
        </extensions>
      </trkpt>
      <trkpt lat="52.0196332" lon="1.2689535">
        <ele>0</ele>
        <time>2026-06-26T08:02:02Z</time>
        <name>125</name>
        <extensions>
          <fulcrumtest:speed_mps>26.822400</fulcrumtest:speed_mps>
          <fulcrumtest:speed_mph>60.00</fulcrumtest:speed_mph>
        </extensions>
      </trkpt>
      <trkpt lat="52.0197526" lon="1.2691119">
        <ele>0</ele>
        <time>2026-06-26T08:02:03Z</time>
        <name>126</name>
        <extensions>
          <fulcrumtest:speed_mps>26.822400</fulcrumtest:speed_mps>
          <fulcrumtest:speed_mph>60.00</fulcrumtest:speed_mph>
        </extensions>
      </trkpt>
      <trkpt lat="52.0202719" lon="1.2694304">
        <ele>0</ele>
        <time>2026-06-26T08:02:06Z</time>
        <name>127</name>
        <extensions>
          <fulcrumtest:speed_mps>26.822400</fulcrumtest:speed_mps>
          <fulcrumtest:speed_mph>60.00</fulcrumtest:speed_mph>
        </extensions>
      </trkpt>
      <trkpt lat="52.0207813" lon="1.2698089">
        <ele>0</ele>
        <time>2026-06-26T08:02:08Z</time>
        <name>128</name>
        <extensions>
          <fulcrumtest:speed_mps>26.822400</fulcrumtest:speed_mps>
          <fulcrumtest:speed_mph>60.00</fulcrumtest:speed_mph>
        </extensions>
      </trkpt>
      <trkpt lat="52.0217307" lon="1.2705074">
        <ele>0</ele>
        <time>2026-06-26T08:02:13Z</time>
        <name>129</name>
        <extensions>
          <fulcrumtest:speed_mps>26.822400</fulcrumtest:speed_mps>
          <fulcrumtest:speed_mph>60.00</fulcrumtest:speed_mph>
        </extensions>
      </trkpt>
      <trkpt lat="52.0216301" lon="1.2706059">
        <ele>0</ele>
        <time>2026-06-26T08:02:13Z</time>
        <name>130</name>
        <extensions>
          <fulcrumtest:speed_mps>26.822400</fulcrumtest:speed_mps>
          <fulcrumtest:speed_mph>60.00</fulcrumtest:speed_mph>
        </extensions>
      </trkpt>
      <trkpt lat="52.0216695" lon="1.2707944">
        <ele>0</ele>
        <time>2026-06-26T08:02:14Z</time>
        <name>131</name>
        <extensions>
          <fulcrumtest:speed_mps>26.822400</fulcrumtest:speed_mps>
          <fulcrumtest:speed_mph>60.00</fulcrumtest:speed_mph>
        </extensions>
      </trkpt>
      <trkpt lat="52.0216988" lon="1.2709629">
        <ele>0</ele>
        <time>2026-06-26T08:02:14Z</time>
        <name>132</name>
        <extensions>
          <fulcrumtest:speed_mps>26.822400</fulcrumtest:speed_mps>
          <fulcrumtest:speed_mph>60.00</fulcrumtest:speed_mph>
        </extensions>
      </trkpt>
      <trkpt lat="52.0221882" lon="1.2714414">
        <ele>0</ele>
        <time>2026-06-26T08:02:17Z</time>
        <name>133</name>
        <extensions>
          <fulcrumtest:speed_mps>26.822400</fulcrumtest:speed_mps>
          <fulcrumtest:speed_mph>60.00</fulcrumtest:speed_mph>
        </extensions>
      </trkpt>
      <trkpt lat="52.0227476" lon="1.2719999">
        <ele>0</ele>
        <time>2026-06-26T08:02:20Z</time>
        <name>134</name>
        <extensions>
          <fulcrumtest:speed_mps>26.822400</fulcrumtest:speed_mps>
          <fulcrumtest:speed_mph>60.00</fulcrumtest:speed_mph>
        </extensions>
      </trkpt>
      <trkpt lat="52.0230470" lon="1.2723984">
        <ele>0</ele>
        <time>2026-06-26T08:02:22Z</time>
        <name>135</name>
        <extensions>
          <fulcrumtest:speed_mps>26.822400</fulcrumtest:speed_mps>
          <fulcrumtest:speed_mph>60.00</fulcrumtest:speed_mph>
        </extensions>
      </trkpt>
      <trkpt lat="52.0229564" lon="1.2725069">
        <ele>0</ele>
        <time>2026-06-26T08:02:22Z</time>
        <name>136</name>
        <extensions>
          <fulcrumtest:speed_mps>26.822400</fulcrumtest:speed_mps>
          <fulcrumtest:speed_mph>60.00</fulcrumtest:speed_mph>
        </extensions>
      </trkpt>
      <trkpt lat="52.0230458" lon="1.2727454">
        <ele>0</ele>
        <time>2026-06-26T08:02:23Z</time>
        <name>137</name>
        <extensions>
          <fulcrumtest:speed_mps>26.822400</fulcrumtest:speed_mps>
          <fulcrumtest:speed_mph>60.00</fulcrumtest:speed_mph>
        </extensions>
      </trkpt>
      <trkpt lat="52.0234551" lon="1.2732539">
        <ele>0</ele>
        <time>2026-06-26T08:02:25Z</time>
        <name>138</name>
        <extensions>
          <fulcrumtest:speed_mps>26.822400</fulcrumtest:speed_mps>
          <fulcrumtest:speed_mph>60.00</fulcrumtest:speed_mph>
        </extensions>
      </trkpt>
      <trkpt lat="52.0234645" lon="1.2734524">
        <ele>0</ele>
        <time>2026-06-26T08:02:26Z</time>
        <name>139</name>
        <extensions>
          <fulcrumtest:speed_mps>26.822400</fulcrumtest:speed_mps>
          <fulcrumtest:speed_mph>60.00</fulcrumtest:speed_mph>
        </extensions>
      </trkpt>
      <trkpt lat="52.0234439" lon="1.2736109">
        <ele>0</ele>
        <time>2026-06-26T08:02:26Z</time>
        <name>140</name>
        <extensions>
          <fulcrumtest:speed_mps>26.822400</fulcrumtest:speed_mps>
          <fulcrumtest:speed_mph>60.00</fulcrumtest:speed_mph>
        </extensions>
      </trkpt>
      <trkpt lat="52.0233533" lon="1.2737094">
        <ele>0</ele>
        <time>2026-06-26T08:02:26Z</time>
        <name>141</name>
        <extensions>
          <fulcrumtest:speed_mps>26.822400</fulcrumtest:speed_mps>
          <fulcrumtest:speed_mph>60.00</fulcrumtest:speed_mph>
        </extensions>
      </trkpt>
      <trkpt lat="52.0239927" lon="1.2745079">
        <ele>0</ele>
        <time>2026-06-26T08:02:30Z</time>
        <name>142</name>
        <extensions>
          <fulcrumtest:speed_mps>26.822400</fulcrumtest:speed_mps>
          <fulcrumtest:speed_mph>60.00</fulcrumtest:speed_mph>
        </extensions>
      </trkpt>
      <trkpt lat="52.0240020" lon="1.2747264">
        <ele>0</ele>
        <time>2026-06-26T08:02:31Z</time>
        <name>143</name>
        <extensions>
          <fulcrumtest:speed_mps>26.822400</fulcrumtest:speed_mps>
          <fulcrumtest:speed_mph>60.00</fulcrumtest:speed_mph>
        </extensions>
      </trkpt>
      <trkpt lat="52.0239514" lon="1.2748649">
        <ele>0</ele>
        <time>2026-06-26T08:02:31Z</time>
        <name>144</name>
        <extensions>
          <fulcrumtest:speed_mps>26.822400</fulcrumtest:speed_mps>
          <fulcrumtest:speed_mph>60.00</fulcrumtest:speed_mph>
        </extensions>
      </trkpt>
      <trkpt lat="52.0238908" lon="1.2750134">
        <ele>0</ele>
        <time>2026-06-26T08:02:31Z</time>
        <name>145</name>
        <extensions>
          <fulcrumtest:speed_mps>26.822400</fulcrumtest:speed_mps>
          <fulcrumtest:speed_mph>60.00</fulcrumtest:speed_mph>
        </extensions>
      </trkpt>
      <trkpt lat="52.0238202" lon="1.2751319">
        <ele>0</ele>
        <time>2026-06-26T08:02:31Z</time>
        <name>146</name>
        <extensions>
          <fulcrumtest:speed_mps>26.822400</fulcrumtest:speed_mps>
          <fulcrumtest:speed_mph>60.00</fulcrumtest:speed_mph>
        </extensions>
      </trkpt>
      <trkpt lat="52.0237696" lon="1.2752904">
        <ele>0</ele>
        <time>2026-06-26T08:02:32Z</time>
        <name>147</name>
        <extensions>
          <fulcrumtest:speed_mps>26.822400</fulcrumtest:speed_mps>
          <fulcrumtest:speed_mph>60.00</fulcrumtest:speed_mph>
        </extensions>
      </trkpt>
      <trkpt lat="52.0238689" lon="1.2755888">
        <ele>0</ele>
        <time>2026-06-26T08:02:33Z</time>
        <name>148</name>
        <extensions>
          <fulcrumtest:speed_mps>26.822400</fulcrumtest:speed_mps>
          <fulcrumtest:speed_mph>60.00</fulcrumtest:speed_mph>
        </extensions>
      </trkpt>
      <trkpt lat="52.0244483" lon="1.2764173">
        <ele>0</ele>
        <time>2026-06-26T08:02:36Z</time>
        <name>149</name>
        <extensions>
          <fulcrumtest:speed_mps>26.822400</fulcrumtest:speed_mps>
          <fulcrumtest:speed_mph>60.00</fulcrumtest:speed_mph>
        </extensions>
      </trkpt>
      <trkpt lat="52.0245377" lon="1.2767358">
        <ele>0</ele>
        <time>2026-06-26T08:02:37Z</time>
        <name>150</name>
        <extensions>
          <fulcrumtest:speed_mps>26.822400</fulcrumtest:speed_mps>
          <fulcrumtest:speed_mph>60.00</fulcrumtest:speed_mph>
        </extensions>
      </trkpt>
      <trkpt lat="52.0246771" lon="1.2771643">
        <ele>0</ele>
        <time>2026-06-26T08:02:38Z</time>
        <name>151</name>
        <extensions>
          <fulcrumtest:speed_mps>26.822400</fulcrumtest:speed_mps>
          <fulcrumtest:speed_mph>60.00</fulcrumtest:speed_mph>
        </extensions>
      </trkpt>
      <trkpt lat="52.0246565" lon="1.2773628">
        <ele>0</ele>
        <time>2026-06-26T08:02:39Z</time>
        <name>152</name>
        <extensions>
          <fulcrumtest:speed_mps>26.822400</fulcrumtest:speed_mps>
          <fulcrumtest:speed_mph>60.00</fulcrumtest:speed_mph>
        </extensions>
      </trkpt>
      <trkpt lat="52.0249858" lon="1.2781113">
        <ele>0</ele>
        <time>2026-06-26T08:02:41Z</time>
        <name>153</name>
        <extensions>
          <fulcrumtest:speed_mps>26.822400</fulcrumtest:speed_mps>
          <fulcrumtest:speed_mph>60.00</fulcrumtest:speed_mph>
        </extensions>
      </trkpt>
      <trkpt lat="52.0251652" lon="1.2786698">
        <ele>0</ele>
        <time>2026-06-26T08:02:43Z</time>
        <name>154</name>
        <extensions>
          <fulcrumtest:speed_mps>26.822400</fulcrumtest:speed_mps>
          <fulcrumtest:speed_mph>60.00</fulcrumtest:speed_mph>
        </extensions>
      </trkpt>
      <trkpt lat="52.0250946" lon="1.2788383">
        <ele>0</ele>
        <time>2026-06-26T08:02:43Z</time>
        <name>155</name>
        <extensions>
          <fulcrumtest:speed_mps>26.822400</fulcrumtest:speed_mps>
          <fulcrumtest:speed_mph>60.00</fulcrumtest:speed_mph>
        </extensions>
      </trkpt>
      <trkpt lat="52.0251340" lon="1.2791768">
        <ele>0</ele>
        <time>2026-06-26T08:02:44Z</time>
        <name>156</name>
        <extensions>
          <fulcrumtest:speed_mps>26.822400</fulcrumtest:speed_mps>
          <fulcrumtest:speed_mph>60.00</fulcrumtest:speed_mph>
        </extensions>
      </trkpt>
      <trkpt lat="52.0250434" lon="1.2792853">
        <ele>0</ele>
        <time>2026-06-26T08:02:44Z</time>
        <name>157</name>
        <extensions>
          <fulcrumtest:speed_mps>26.822400</fulcrumtest:speed_mps>
          <fulcrumtest:speed_mph>60.00</fulcrumtest:speed_mph>
        </extensions>
      </trkpt>
      <trkpt lat="52.0250927" lon="1.2796438">
        <ele>0</ele>
        <time>2026-06-26T08:02:45Z</time>
        <name>158</name>
        <extensions>
          <fulcrumtest:speed_mps>26.822400</fulcrumtest:speed_mps>
          <fulcrumtest:speed_mph>60.00</fulcrumtest:speed_mph>
        </extensions>
      </trkpt>
      <trkpt lat="52.0249921" lon="1.2797423">
        <ele>0</ele>
        <time>2026-06-26T08:02:45Z</time>
        <name>159</name>
        <extensions>
          <fulcrumtest:speed_mps>26.822400</fulcrumtest:speed_mps>
          <fulcrumtest:speed_mph>60.00</fulcrumtest:speed_mph>
        </extensions>
      </trkpt>
      <trkpt lat="52.0256315" lon="1.2810808">
        <ele>0</ele>
        <time>2026-06-26T08:02:50Z</time>
        <name>160</name>
        <extensions>
          <fulcrumtest:speed_mps>26.822400</fulcrumtest:speed_mps>
          <fulcrumtest:speed_mph>60.00</fulcrumtest:speed_mph>
        </extensions>
      </trkpt>
      <trkpt lat="52.0255509" lon="1.2812293">
        <ele>0</ele>
        <time>2026-06-26T08:02:50Z</time>
        <name>161</name>
        <extensions>
          <fulcrumtest:speed_mps>26.822400</fulcrumtest:speed_mps>
          <fulcrumtest:speed_mph>60.00</fulcrumtest:speed_mph>
        </extensions>
      </trkpt>
      <trkpt lat="52.0254603" lon="1.2813378">
        <ele>0</ele>
        <time>2026-06-26T08:02:50Z</time>
        <name>162</name>
        <extensions>
          <fulcrumtest:speed_mps>26.822400</fulcrumtest:speed_mps>
          <fulcrumtest:speed_mph>60.00</fulcrumtest:speed_mph>
        </extensions>
      </trkpt>
      <trkpt lat="52.0265296" lon="1.2833863">
        <ele>0</ele>
        <time>2026-06-26T08:02:57Z</time>
        <name>163</name>
        <extensions>
          <fulcrumtest:speed_mps>26.822400</fulcrumtest:speed_mps>
          <fulcrumtest:speed_mph>60.00</fulcrumtest:speed_mph>
        </extensions>
      </trkpt>
      <trkpt lat="52.0264490" lon="1.2835148">
        <ele>0</ele>
        <time>2026-06-26T08:02:57Z</time>
        <name>164</name>
        <extensions>
          <fulcrumtest:speed_mps>26.822400</fulcrumtest:speed_mps>
          <fulcrumtest:speed_mph>60.00</fulcrumtest:speed_mph>
        </extensions>
      </trkpt>
      <trkpt lat="52.0267784" lon="1.2843433">
        <ele>0</ele>
        <time>2026-06-26T08:03:00Z</time>
        <name>165</name>
        <extensions>
          <fulcrumtest:speed_mps>26.822400</fulcrumtest:speed_mps>
          <fulcrumtest:speed_mph>60.00</fulcrumtest:speed_mph>
        </extensions>
      </trkpt>
      <trkpt lat="52.0267078" lon="1.2844818">
        <ele>0</ele>
        <time>2026-06-26T08:03:00Z</time>
        <name>166</name>
        <extensions>
          <fulcrumtest:speed_mps>26.822400</fulcrumtest:speed_mps>
          <fulcrumtest:speed_mph>60.00</fulcrumtest:speed_mph>
        </extensions>
      </trkpt>
      <trkpt lat="52.0266972" lon="1.2847503">
        <ele>0</ele>
        <time>2026-06-26T08:03:01Z</time>
        <name>167</name>
        <extensions>
          <fulcrumtest:speed_mps>26.822400</fulcrumtest:speed_mps>
          <fulcrumtest:speed_mph>60.00</fulcrumtest:speed_mph>
        </extensions>
      </trkpt>
      <trkpt lat="52.0272065" lon="1.2858588">
        <ele>0</ele>
        <time>2026-06-26T08:03:04Z</time>
        <name>168</name>
        <extensions>
          <fulcrumtest:speed_mps>26.822400</fulcrumtest:speed_mps>
          <fulcrumtest:speed_mph>60.00</fulcrumtest:speed_mph>
        </extensions>
      </trkpt>
      <trkpt lat="52.0270959" lon="1.2859573">
        <ele>0</ele>
        <time>2026-06-26T08:03:04Z</time>
        <name>169</name>
        <extensions>
          <fulcrumtest:speed_mps>26.822400</fulcrumtest:speed_mps>
          <fulcrumtest:speed_mph>60.00</fulcrumtest:speed_mph>
        </extensions>
      </trkpt>
      <trkpt lat="52.0280553" lon="1.2878058">
        <ele>0</ele>
        <time>2026-06-26T08:03:11Z</time>
        <name>170</name>
        <extensions>
          <fulcrumtest:speed_mps>26.822400</fulcrumtest:speed_mps>
          <fulcrumtest:speed_mph>60.00</fulcrumtest:speed_mph>
        </extensions>
      </trkpt>
      <trkpt lat="52.0280047" lon="1.2880042">
        <ele>0</ele>
        <time>2026-06-26T08:03:11Z</time>
        <name>171</name>
        <extensions>
          <fulcrumtest:speed_mps>26.822400</fulcrumtest:speed_mps>
          <fulcrumtest:speed_mph>60.00</fulcrumtest:speed_mph>
        </extensions>
      </trkpt>
      <trkpt lat="52.0279041" lon="1.2880927">
        <ele>0</ele>
        <time>2026-06-26T08:03:11Z</time>
        <name>172</name>
        <extensions>
          <fulcrumtest:speed_mps>26.822400</fulcrumtest:speed_mps>
          <fulcrumtest:speed_mph>60.00</fulcrumtest:speed_mph>
        </extensions>
      </trkpt>
      <trkpt lat="52.0278435" lon="1.2882812">
        <ele>0</ele>
        <time>2026-06-26T08:03:11Z</time>
        <name>173</name>
        <extensions>
          <fulcrumtest:speed_mps>26.822400</fulcrumtest:speed_mps>
          <fulcrumtest:speed_mph>60.00</fulcrumtest:speed_mph>
        </extensions>
      </trkpt>
      <trkpt lat="52.0278028" lon="1.2884797">
        <ele>0</ele>
        <time>2026-06-26T08:03:12Z</time>
        <name>174</name>
        <extensions>
          <fulcrumtest:speed_mps>26.822400</fulcrumtest:speed_mps>
          <fulcrumtest:speed_mph>60.00</fulcrumtest:speed_mph>
        </extensions>
      </trkpt>
      <trkpt lat="52.0277022" lon="1.2885782">
        <ele>0</ele>
        <time>2026-06-26T08:03:12Z</time>
        <name>175</name>
        <extensions>
          <fulcrumtest:speed_mps>26.822400</fulcrumtest:speed_mps>
          <fulcrumtest:speed_mph>60.00</fulcrumtest:speed_mph>
        </extensions>
      </trkpt>
      <trkpt lat="52.0279316" lon="1.2892367">
        <ele>0</ele>
        <time>2026-06-26T08:03:14Z</time>
        <name>176</name>
        <extensions>
          <fulcrumtest:speed_mps>26.822400</fulcrumtest:speed_mps>
          <fulcrumtest:speed_mph>60.00</fulcrumtest:speed_mph>
        </extensions>
      </trkpt>
      <trkpt lat="52.0282410" lon="1.2899752">
        <ele>0</ele>
        <time>2026-06-26T08:03:16Z</time>
        <name>177</name>
        <extensions>
          <fulcrumtest:speed_mps>26.822400</fulcrumtest:speed_mps>
          <fulcrumtest:speed_mph>60.00</fulcrumtest:speed_mph>
        </extensions>
      </trkpt>
      <trkpt lat="52.0282104" lon="1.2901137">
        <ele>0</ele>
        <time>2026-06-26T08:03:17Z</time>
        <name>178</name>
        <extensions>
          <fulcrumtest:speed_mps>26.822400</fulcrumtest:speed_mps>
          <fulcrumtest:speed_mph>60.00</fulcrumtest:speed_mph>
        </extensions>
      </trkpt>
      <trkpt lat="52.0281997" lon="1.2902322">
        <ele>0</ele>
        <time>2026-06-26T08:03:17Z</time>
        <name>179</name>
        <extensions>
          <fulcrumtest:speed_mps>26.822400</fulcrumtest:speed_mps>
          <fulcrumtest:speed_mph>60.00</fulcrumtest:speed_mph>
        </extensions>
      </trkpt>
      <trkpt lat="52.0280991" lon="1.2903207">
        <ele>0</ele>
        <time>2026-06-26T08:03:17Z</time>
        <name>180</name>
        <extensions>
          <fulcrumtest:speed_mps>26.822400</fulcrumtest:speed_mps>
          <fulcrumtest:speed_mph>60.00</fulcrumtest:speed_mph>
        </extensions>
      </trkpt>
      <trkpt lat="52.0279885" lon="1.2903992">
        <ele>0</ele>
        <time>2026-06-26T08:03:17Z</time>
        <name>181</name>
        <extensions>
          <fulcrumtest:speed_mps>26.822400</fulcrumtest:speed_mps>
          <fulcrumtest:speed_mph>60.00</fulcrumtest:speed_mph>
        </extensions>
      </trkpt>
      <trkpt lat="52.0278979" lon="1.2904877">
        <ele>0</ele>
        <time>2026-06-26T08:03:17Z</time>
        <name>182</name>
        <extensions>
          <fulcrumtest:speed_mps>26.822400</fulcrumtest:speed_mps>
          <fulcrumtest:speed_mph>60.00</fulcrumtest:speed_mph>
        </extensions>
      </trkpt>
      <trkpt lat="52.0277973" lon="1.2905662">
        <ele>0</ele>
        <time>2026-06-26T08:03:17Z</time>
        <name>183</name>
        <extensions>
          <fulcrumtest:speed_mps>26.822400</fulcrumtest:speed_mps>
          <fulcrumtest:speed_mph>60.00</fulcrumtest:speed_mph>
        </extensions>
      </trkpt>
      <trkpt lat="52.0277466" lon="1.2906547">
        <ele>0</ele>
        <time>2026-06-26T08:03:17Z</time>
        <name>184</name>
        <extensions>
          <fulcrumtest:speed_mps>26.822400</fulcrumtest:speed_mps>
          <fulcrumtest:speed_mph>60.00</fulcrumtest:speed_mph>
        </extensions>
      </trkpt>
      <trkpt lat="52.0276960" lon="1.2907632">
        <ele>0</ele>
        <time>2026-06-26T08:03:18Z</time>
        <name>185</name>
        <extensions>
          <fulcrumtest:speed_mps>26.822400</fulcrumtest:speed_mps>
          <fulcrumtest:speed_mph>60.00</fulcrumtest:speed_mph>
        </extensions>
      </trkpt>
      <trkpt lat="52.0276454" lon="1.2908917">
        <ele>0</ele>
        <time>2026-06-26T08:03:18Z</time>
        <name>186</name>
        <extensions>
          <fulcrumtest:speed_mps>26.822400</fulcrumtest:speed_mps>
          <fulcrumtest:speed_mph>60.00</fulcrumtest:speed_mph>
        </extensions>
      </trkpt>
      <trkpt lat="52.0276048" lon="1.2910802">
        <ele>0</ele>
        <time>2026-06-26T08:03:18Z</time>
        <name>187</name>
        <extensions>
          <fulcrumtest:speed_mps>26.822400</fulcrumtest:speed_mps>
          <fulcrumtest:speed_mph>60.00</fulcrumtest:speed_mph>
        </extensions>
      </trkpt>
      <trkpt lat="52.0275042" lon="1.2911987">
        <ele>0</ele>
        <time>2026-06-26T08:03:18Z</time>
        <name>188</name>
        <extensions>
          <fulcrumtest:speed_mps>26.822400</fulcrumtest:speed_mps>
          <fulcrumtest:speed_mph>60.00</fulcrumtest:speed_mph>
        </extensions>
      </trkpt>
      <trkpt lat="52.0274035" lon="1.2913072">
        <ele>0</ele>
        <time>2026-06-26T08:03:19Z</time>
        <name>189</name>
        <extensions>
          <fulcrumtest:speed_mps>26.822400</fulcrumtest:speed_mps>
          <fulcrumtest:speed_mph>60.00</fulcrumtest:speed_mph>
        </extensions>
      </trkpt>
      <trkpt lat="52.0273429" lon="1.2915557">
        <ele>0</ele>
        <time>2026-06-26T08:03:19Z</time>
        <name>190</name>
        <extensions>
          <fulcrumtest:speed_mps>26.822400</fulcrumtest:speed_mps>
          <fulcrumtest:speed_mph>60.00</fulcrumtest:speed_mph>
        </extensions>
      </trkpt>
      <trkpt lat="52.0273123" lon="1.2918042">
        <ele>0</ele>
        <time>2026-06-26T08:03:20Z</time>
        <name>191</name>
        <extensions>
          <fulcrumtest:speed_mps>26.822400</fulcrumtest:speed_mps>
          <fulcrumtest:speed_mph>60.00</fulcrumtest:speed_mph>
        </extensions>
      </trkpt>
      <trkpt lat="52.0273117" lon="1.2923127">
        <ele>0</ele>
        <time>2026-06-26T08:03:21Z</time>
        <name>192</name>
        <extensions>
          <fulcrumtest:speed_mps>26.822400</fulcrumtest:speed_mps>
          <fulcrumtest:speed_mph>60.00</fulcrumtest:speed_mph>
        </extensions>
      </trkpt>
      <trkpt lat="52.0272311" lon="1.2924612">
        <ele>0</ele>
        <time>2026-06-26T08:03:21Z</time>
        <name>193</name>
        <extensions>
          <fulcrumtest:speed_mps>26.822400</fulcrumtest:speed_mps>
          <fulcrumtest:speed_mph>60.00</fulcrumtest:speed_mph>
        </extensions>
      </trkpt>
      <trkpt lat="52.0271304" lon="1.2925896">
        <ele>0</ele>
        <time>2026-06-26T08:03:21Z</time>
        <name>194</name>
        <extensions>
          <fulcrumtest:speed_mps>26.822400</fulcrumtest:speed_mps>
          <fulcrumtest:speed_mph>60.00</fulcrumtest:speed_mph>
        </extensions>
      </trkpt>
      <trkpt lat="52.0270398" lon="1.2927281">
        <ele>0</ele>
        <time>2026-06-26T08:03:21Z</time>
        <name>195</name>
        <extensions>
          <fulcrumtest:speed_mps>26.822400</fulcrumtest:speed_mps>
          <fulcrumtest:speed_mph>60.00</fulcrumtest:speed_mph>
        </extensions>
      </trkpt>
      <trkpt lat="52.0270092" lon="1.2929266">
        <ele>0</ele>
        <time>2026-06-26T08:03:22Z</time>
        <name>196</name>
        <extensions>
          <fulcrumtest:speed_mps>26.822400</fulcrumtest:speed_mps>
          <fulcrumtest:speed_mph>60.00</fulcrumtest:speed_mph>
        </extensions>
      </trkpt>
      <trkpt lat="52.0273086" lon="1.2934751">
        <ele>0</ele>
        <time>2026-06-26T08:03:24Z</time>
        <name>197</name>
        <extensions>
          <fulcrumtest:speed_mps>26.822400</fulcrumtest:speed_mps>
          <fulcrumtest:speed_mph>60.00</fulcrumtest:speed_mph>
        </extensions>
      </trkpt>
      <trkpt lat="52.0275280" lon="1.2938936">
        <ele>0</ele>
        <time>2026-06-26T08:03:25Z</time>
        <name>198</name>
        <extensions>
          <fulcrumtest:speed_mps>26.822400</fulcrumtest:speed_mps>
          <fulcrumtest:speed_mph>60.00</fulcrumtest:speed_mph>
        </extensions>
      </trkpt>
      <trkpt lat="52.0278973" lon="1.2943821">
        <ele>0</ele>
        <time>2026-06-26T08:03:27Z</time>
        <name>199</name>
        <extensions>
          <fulcrumtest:speed_mps>26.822400</fulcrumtest:speed_mps>
          <fulcrumtest:speed_mph>60.00</fulcrumtest:speed_mph>
        </extensions>
      </trkpt>
      <trkpt lat="52.0282967" lon="1.2948106">
        <ele>0</ele>
        <time>2026-06-26T08:03:30Z</time>
        <name>200</name>
        <extensions>
          <fulcrumtest:speed_mps>26.822400</fulcrumtest:speed_mps>
          <fulcrumtest:speed_mph>60.00</fulcrumtest:speed_mph>
        </extensions>
      </trkpt>
      <trkpt lat="52.0282961" lon="1.2949591">
        <ele>0</ele>
        <time>2026-06-26T08:03:30Z</time>
        <name>201</name>
        <extensions>
          <fulcrumtest:speed_mps>26.822400</fulcrumtest:speed_mps>
          <fulcrumtest:speed_mph>60.00</fulcrumtest:speed_mph>
        </extensions>
      </trkpt>
      <trkpt lat="52.0283155" lon="1.2951076">
        <ele>0</ele>
        <time>2026-06-26T08:03:31Z</time>
        <name>202</name>
        <extensions>
          <fulcrumtest:speed_mps>26.822400</fulcrumtest:speed_mps>
          <fulcrumtest:speed_mph>60.00</fulcrumtest:speed_mph>
        </extensions>
      </trkpt>
      <trkpt lat="52.0283449" lon="1.2952761">
        <ele>0</ele>
        <time>2026-06-26T08:03:31Z</time>
        <name>203</name>
        <extensions>
          <fulcrumtest:speed_mps>26.822400</fulcrumtest:speed_mps>
          <fulcrumtest:speed_mph>60.00</fulcrumtest:speed_mph>
        </extensions>
      </trkpt>
      <trkpt lat="52.0282642" lon="1.2953746">
        <ele>0</ele>
        <time>2026-06-26T08:03:32Z</time>
        <name>204</name>
        <extensions>
          <fulcrumtest:speed_mps>26.822400</fulcrumtest:speed_mps>
          <fulcrumtest:speed_mph>60.00</fulcrumtest:speed_mph>
        </extensions>
      </trkpt>
      <trkpt lat="52.0281836" lon="1.2954831">
        <ele>0</ele>
        <time>2026-06-26T08:03:32Z</time>
        <name>205</name>
        <extensions>
          <fulcrumtest:speed_mps>26.822400</fulcrumtest:speed_mps>
          <fulcrumtest:speed_mph>60.00</fulcrumtest:speed_mph>
        </extensions>
      </trkpt>
      <trkpt lat="52.0283630" lon="1.2956916">
        <ele>0</ele>
        <time>2026-06-26T08:03:33Z</time>
        <name>206</name>
        <extensions>
          <fulcrumtest:speed_mps>26.822400</fulcrumtest:speed_mps>
          <fulcrumtest:speed_mph>60.00</fulcrumtest:speed_mph>
        </extensions>
      </trkpt>
      <trkpt lat="52.0285324" lon="1.2958701">
        <ele>0</ele>
        <time>2026-06-26T08:03:34Z</time>
        <name>207</name>
        <extensions>
          <fulcrumtest:speed_mps>26.822400</fulcrumtest:speed_mps>
          <fulcrumtest:speed_mph>60.00</fulcrumtest:speed_mph>
        </extensions>
      </trkpt>
      <trkpt lat="52.0284418" lon="1.2959686">
        <ele>0</ele>
        <time>2026-06-26T08:03:34Z</time>
        <name>208</name>
        <extensions>
          <fulcrumtest:speed_mps>26.822400</fulcrumtest:speed_mps>
          <fulcrumtest:speed_mph>60.00</fulcrumtest:speed_mph>
        </extensions>
      </trkpt>
      <trkpt lat="52.0285012" lon="1.2961071">
        <ele>0</ele>
        <time>2026-06-26T08:03:35Z</time>
        <name>209</name>
        <extensions>
          <fulcrumtest:speed_mps>26.822400</fulcrumtest:speed_mps>
          <fulcrumtest:speed_mph>60.00</fulcrumtest:speed_mph>
        </extensions>
      </trkpt>
      <trkpt lat="52.0284505" lon="1.2962056">
        <ele>0</ele>
        <time>2026-06-26T08:03:35Z</time>
        <name>210</name>
        <extensions>
          <fulcrumtest:speed_mps>26.822400</fulcrumtest:speed_mps>
          <fulcrumtest:speed_mph>60.00</fulcrumtest:speed_mph>
        </extensions>
      </trkpt>
      <trkpt lat="52.0284399" lon="1.2963241">
        <ele>0</ele>
        <time>2026-06-26T08:03:36Z</time>
        <name>211</name>
        <extensions>
          <fulcrumtest:speed_mps>26.822400</fulcrumtest:speed_mps>
          <fulcrumtest:speed_mph>60.00</fulcrumtest:speed_mph>
        </extensions>
      </trkpt>
      <trkpt lat="52.0284993" lon="1.2964426">
        <ele>0</ele>
        <time>2026-06-26T08:03:36Z</time>
        <name>212</name>
        <extensions>
          <fulcrumtest:speed_mps>26.822400</fulcrumtest:speed_mps>
          <fulcrumtest:speed_mph>60.00</fulcrumtest:speed_mph>
        </extensions>
      </trkpt>
      <trkpt lat="52.0287187" lon="1.2965711">
        <ele>0</ele>
        <time>2026-06-26T08:03:38Z</time>
        <name>213</name>
        <extensions>
          <fulcrumtest:speed_mps>26.822400</fulcrumtest:speed_mps>
          <fulcrumtest:speed_mph>60.00</fulcrumtest:speed_mph>
        </extensions>
      </trkpt>
      <trkpt lat="52.0289381" lon="1.2966796">
        <ele>0</ele>
        <time>2026-06-26T08:03:39Z</time>
        <name>214</name>
        <extensions>
          <fulcrumtest:speed_mps>26.822400</fulcrumtest:speed_mps>
          <fulcrumtest:speed_mph>60.00</fulcrumtest:speed_mph>
        </extensions>
      </trkpt>
      <trkpt lat="52.0291574" lon="1.2967681">
        <ele>0</ele>
        <time>2026-06-26T08:03:40Z</time>
        <name>215</name>
        <extensions>
          <fulcrumtest:speed_mps>26.822400</fulcrumtest:speed_mps>
          <fulcrumtest:speed_mph>60.00</fulcrumtest:speed_mph>
        </extensions>
      </trkpt>
      <trkpt lat="52.0292368" lon="1.2968365">
        <ele>0</ele>
        <time>2026-06-26T08:03:41Z</time>
        <name>216</name>
        <extensions>
          <fulcrumtest:speed_mps>26.822400</fulcrumtest:speed_mps>
          <fulcrumtest:speed_mph>60.00</fulcrumtest:speed_mph>
        </extensions>
      </trkpt>
      <trkpt lat="52.0293262" lon="1.2969150">
        <ele>0</ele>
        <time>2026-06-26T08:03:42Z</time>
        <name>217</name>
        <extensions>
          <fulcrumtest:speed_mps>26.822400</fulcrumtest:speed_mps>
          <fulcrumtest:speed_mph>60.00</fulcrumtest:speed_mph>
        </extensions>
      </trkpt>
      <trkpt lat="52.0313156" lon="1.2967335">
        <ele>0</ele>
        <time>2026-06-26T08:03:51Z</time>
        <name>218</name>
        <extensions>
          <fulcrumtest:speed_mps>26.822400</fulcrumtest:speed_mps>
          <fulcrumtest:speed_mph>60.00</fulcrumtest:speed_mph>
        </extensions>
      </trkpt>
      <trkpt lat="52.0313650" lon="1.2967920">
        <ele>0</ele>
        <time>2026-06-26T08:03:51Z</time>
        <name>219</name>
        <extensions>
          <fulcrumtest:speed_mps>26.822400</fulcrumtest:speed_mps>
          <fulcrumtest:speed_mph>60.00</fulcrumtest:speed_mph>
        </extensions>
      </trkpt>
      <trkpt lat="52.0313143" lon="1.2968805">
        <ele>0</ele>
        <time>2026-06-26T08:03:52Z</time>
        <name>220</name>
        <extensions>
          <fulcrumtest:speed_mps>26.822400</fulcrumtest:speed_mps>
          <fulcrumtest:speed_mph>60.00</fulcrumtest:speed_mph>
        </extensions>
      </trkpt>
      <trkpt lat="52.0322337" lon="1.2967890">
        <ele>0</ele>
        <time>2026-06-26T08:03:56Z</time>
        <name>221</name>
        <extensions>
          <fulcrumtest:speed_mps>26.822400</fulcrumtest:speed_mps>
          <fulcrumtest:speed_mph>60.00</fulcrumtest:speed_mph>
        </extensions>
      </trkpt>
      <trkpt lat="52.0323031" lon="1.2968575">
        <ele>0</ele>
        <time>2026-06-26T08:03:57Z</time>
        <name>222</name>
        <extensions>
          <fulcrumtest:speed_mps>26.822400</fulcrumtest:speed_mps>
          <fulcrumtest:speed_mph>60.00</fulcrumtest:speed_mph>
        </extensions>
      </trkpt>
      <trkpt lat="52.0334525" lon="1.2967160">
        <ele>0</ele>
        <time>2026-06-26T08:04:02Z</time>
        <name>223</name>
        <extensions>
          <fulcrumtest:speed_mps>26.822400</fulcrumtest:speed_mps>
          <fulcrumtest:speed_mph>60.00</fulcrumtest:speed_mph>
        </extensions>
      </trkpt>
      <trkpt lat="52.0349319" lon="1.2964345">
        <ele>0</ele>
        <time>2026-06-26T08:04:09Z</time>
        <name>224</name>
        <extensions>
          <fulcrumtest:speed_mps>26.822400</fulcrumtest:speed_mps>
          <fulcrumtest:speed_mph>60.00</fulcrumtest:speed_mph>
        </extensions>
      </trkpt>
      <trkpt lat="52.0348312" lon="1.2965230">
        <ele>0</ele>
        <time>2026-06-26T08:04:09Z</time>
        <name>225</name>
        <extensions>
          <fulcrumtest:speed_mps>26.822400</fulcrumtest:speed_mps>
          <fulcrumtest:speed_mph>60.00</fulcrumtest:speed_mph>
        </extensions>
      </trkpt>
      <trkpt lat="52.0348106" lon="1.2965215">
        <ele>0</ele>
        <time>2026-06-26T08:04:09Z</time>
        <name>226</name>
        <extensions>
          <fulcrumtest:speed_mps>26.822400</fulcrumtest:speed_mps>
          <fulcrumtest:speed_mph>60.00</fulcrumtest:speed_mph>
        </extensions>
      </trkpt>
      <trkpt lat="52.0347200" lon="1.2965700">
        <ele>0</ele>
        <time>2026-06-26T08:04:09Z</time>
        <name>227</name>
        <extensions>
          <fulcrumtest:speed_mps>26.822400</fulcrumtest:speed_mps>
          <fulcrumtest:speed_mph>60.00</fulcrumtest:speed_mph>
        </extensions>
      </trkpt>
      <trkpt lat="52.0347400" lon="1.2965400">
        <ele>0</ele>
        <time>2026-06-26T08:04:09Z</time>
        <name>228</name>
        <extensions>
          <fulcrumtest:speed_mps>26.822400</fulcrumtest:speed_mps>
          <fulcrumtest:speed_mph>60.00</fulcrumtest:speed_mph>
        </extensions>
      </trkpt>
      <trkpt lat="52.0348600" lon="1.2963100">
        <ele>0</ele>
        <time>2026-06-26T08:04:10Z</time>
        <name>229</name>
        <extensions>
          <fulcrumtest:speed_mps>26.822400</fulcrumtest:speed_mps>
          <fulcrumtest:speed_mph>60.00</fulcrumtest:speed_mph>
        </extensions>
      </trkpt>
      <trkpt lat="52.0349500" lon="1.2962200">
        <ele>0</ele>
        <time>2026-06-26T08:04:11Z</time>
        <name>230</name>
        <extensions>
          <fulcrumtest:speed_mps>26.822400</fulcrumtest:speed_mps>
          <fulcrumtest:speed_mph>60.00</fulcrumtest:speed_mph>
        </extensions>
      </trkpt>
      <trkpt lat="52.0349800" lon="1.2962100">
        <ele>0</ele>
        <time>2026-06-26T08:04:11Z</time>
        <name>231</name>
        <extensions>
          <fulcrumtest:speed_mps>26.822400</fulcrumtest:speed_mps>
          <fulcrumtest:speed_mph>60.00</fulcrumtest:speed_mph>
        </extensions>
      </trkpt>
      <trkpt lat="52.0350000" lon="1.2961900">
        <ele>0</ele>
        <time>2026-06-26T08:04:11Z</time>
        <name>232</name>
        <extensions>
          <fulcrumtest:speed_mps>26.822400</fulcrumtest:speed_mps>
          <fulcrumtest:speed_mph>60.00</fulcrumtest:speed_mph>
        </extensions>
      </trkpt>
      <trkpt lat="52.0350300" lon="1.2961800">
        <ele>0</ele>
        <time>2026-06-26T08:04:11Z</time>
        <name>233</name>
        <extensions>
          <fulcrumtest:speed_mps>26.822400</fulcrumtest:speed_mps>
          <fulcrumtest:speed_mph>60.00</fulcrumtest:speed_mph>
        </extensions>
      </trkpt>
      <trkpt lat="52.0351500" lon="1.2961800">
        <ele>0</ele>
        <time>2026-06-26T08:04:11Z</time>
        <name>234</name>
        <extensions>
          <fulcrumtest:speed_mps>26.822400</fulcrumtest:speed_mps>
          <fulcrumtest:speed_mph>60.00</fulcrumtest:speed_mph>
        </extensions>
      </trkpt>
      <trkpt lat="52.0351900" lon="1.2962200">
        <ele>0</ele>
        <time>2026-06-26T08:04:12Z</time>
        <name>235</name>
        <extensions>
          <fulcrumtest:speed_mps>26.822400</fulcrumtest:speed_mps>
          <fulcrumtest:speed_mph>60.00</fulcrumtest:speed_mph>
        </extensions>
      </trkpt>
      <trkpt lat="52.0352200" lon="1.2962400">
        <ele>0</ele>
        <time>2026-06-26T08:04:12Z</time>
        <name>236</name>
        <extensions>
          <fulcrumtest:speed_mps>26.822400</fulcrumtest:speed_mps>
          <fulcrumtest:speed_mph>60.00</fulcrumtest:speed_mph>
        </extensions>
      </trkpt>
      <trkpt lat="52.0352800" lon="1.2963000">
        <ele>0</ele>
        <time>2026-06-26T08:04:12Z</time>
        <name>237</name>
        <extensions>
          <fulcrumtest:speed_mps>26.822400</fulcrumtest:speed_mps>
          <fulcrumtest:speed_mph>60.00</fulcrumtest:speed_mph>
        </extensions>
      </trkpt>
      <trkpt lat="52.0353300" lon="1.2963300">
        <ele>0</ele>
        <time>2026-06-26T08:04:12Z</time>
        <name>238</name>
        <extensions>
          <fulcrumtest:speed_mps>26.822400</fulcrumtest:speed_mps>
          <fulcrumtest:speed_mph>60.00</fulcrumtest:speed_mph>
        </extensions>
      </trkpt>
      <trkpt lat="52.0354000" lon="1.2963600">
        <ele>0</ele>
        <time>2026-06-26T08:04:13Z</time>
        <name>239</name>
        <extensions>
          <fulcrumtest:speed_mps>26.822400</fulcrumtest:speed_mps>
          <fulcrumtest:speed_mph>60.00</fulcrumtest:speed_mph>
        </extensions>
      </trkpt>
      <trkpt lat="52.0354300" lon="1.2963800">
        <ele>0</ele>
        <time>2026-06-26T08:04:13Z</time>
        <name>240</name>
        <extensions>
          <fulcrumtest:speed_mps>26.822400</fulcrumtest:speed_mps>
          <fulcrumtest:speed_mph>60.00</fulcrumtest:speed_mph>
        </extensions>
      </trkpt>
      <trkpt lat="52.0354700" lon="1.2963900">
        <ele>0</ele>
        <time>2026-06-26T08:04:13Z</time>
        <name>241</name>
        <extensions>
          <fulcrumtest:speed_mps>26.822400</fulcrumtest:speed_mps>
          <fulcrumtest:speed_mph>60.00</fulcrumtest:speed_mph>
        </extensions>
      </trkpt>
      <trkpt lat="52.0354900" lon="1.2963900">
        <ele>0</ele>
        <time>2026-06-26T08:04:13Z</time>
        <name>242</name>
        <extensions>
          <fulcrumtest:speed_mps>26.822400</fulcrumtest:speed_mps>
          <fulcrumtest:speed_mph>60.00</fulcrumtest:speed_mph>
        </extensions>
      </trkpt>
      <trkpt lat="52.0355200" lon="1.2964000">
        <ele>0</ele>
        <time>2026-06-26T08:04:13Z</time>
        <name>243</name>
        <extensions>
          <fulcrumtest:speed_mps>26.822400</fulcrumtest:speed_mps>
          <fulcrumtest:speed_mph>60.00</fulcrumtest:speed_mph>
        </extensions>
      </trkpt>
      <trkpt lat="52.0356200" lon="1.2964000">
        <ele>0</ele>
        <time>2026-06-26T08:04:13Z</time>
        <name>244</name>
        <extensions>
          <fulcrumtest:speed_mps>26.822400</fulcrumtest:speed_mps>
          <fulcrumtest:speed_mph>60.00</fulcrumtest:speed_mph>
        </extensions>
      </trkpt>
      <trkpt lat="52.0372300" lon="1.2958400">
        <ele>0</ele>
        <time>2026-06-26T08:04:20Z</time>
        <name>245</name>
        <extensions>
          <fulcrumtest:speed_mps>26.822400</fulcrumtest:speed_mps>
          <fulcrumtest:speed_mph>60.00</fulcrumtest:speed_mph>
        </extensions>
      </trkpt>
      <trkpt lat="52.0373400" lon="1.2958100">
        <ele>0</ele>
        <time>2026-06-26T08:04:21Z</time>
        <name>246</name>
        <extensions>
          <fulcrumtest:speed_mps>26.822400</fulcrumtest:speed_mps>
          <fulcrumtest:speed_mph>60.00</fulcrumtest:speed_mph>
        </extensions>
      </trkpt>
      <trkpt lat="52.0378800" lon="1.2956200">
        <ele>0</ele>
        <time>2026-06-26T08:04:23Z</time>
        <name>247</name>
        <extensions>
          <fulcrumtest:speed_mps>26.822400</fulcrumtest:speed_mps>
          <fulcrumtest:speed_mph>60.00</fulcrumtest:speed_mph>
        </extensions>
      </trkpt>
      <trkpt lat="52.0379000" lon="1.2956200">
        <ele>0</ele>
        <time>2026-06-26T08:04:23Z</time>
        <name>248</name>
        <extensions>
          <fulcrumtest:speed_mps>26.822400</fulcrumtest:speed_mps>
          <fulcrumtest:speed_mph>60.00</fulcrumtest:speed_mph>
        </extensions>
      </trkpt>
      <trkpt lat="52.0379400" lon="1.2956000">
        <ele>0</ele>
        <time>2026-06-26T08:04:23Z</time>
        <name>249</name>
        <extensions>
          <fulcrumtest:speed_mps>26.822400</fulcrumtest:speed_mps>
          <fulcrumtest:speed_mph>60.00</fulcrumtest:speed_mph>
        </extensions>
      </trkpt>
      <trkpt lat="52.0394700" lon="1.2950800">
        <ele>0</ele>
        <time>2026-06-26T08:04:30Z</time>
        <name>250</name>
        <extensions>
          <fulcrumtest:speed_mps>26.822400</fulcrumtest:speed_mps>
          <fulcrumtest:speed_mph>60.00</fulcrumtest:speed_mph>
        </extensions>
      </trkpt>
      <trkpt lat="52.0399900" lon="1.2948800">
        <ele>0</ele>
        <time>2026-06-26T08:04:32Z</time>
        <name>251</name>
        <extensions>
          <fulcrumtest:speed_mps>26.822400</fulcrumtest:speed_mps>
          <fulcrumtest:speed_mph>60.00</fulcrumtest:speed_mph>
        </extensions>
      </trkpt>
      <trkpt lat="52.0400600" lon="1.2948400">
        <ele>0</ele>
        <time>2026-06-26T08:04:32Z</time>
        <name>252</name>
        <extensions>
          <fulcrumtest:speed_mps>26.822400</fulcrumtest:speed_mps>
          <fulcrumtest:speed_mph>60.00</fulcrumtest:speed_mph>
        </extensions>
      </trkpt>
      <trkpt lat="52.0401100" lon="1.2948200">
        <ele>0</ele>
        <time>2026-06-26T08:04:33Z</time>
        <name>253</name>
        <extensions>
          <fulcrumtest:speed_mps>26.822400</fulcrumtest:speed_mps>
          <fulcrumtest:speed_mph>60.00</fulcrumtest:speed_mph>
        </extensions>
      </trkpt>
      <trkpt lat="52.0401200" lon="1.2948100">
        <ele>0</ele>
        <time>2026-06-26T08:04:33Z</time>
        <name>254</name>
        <extensions>
          <fulcrumtest:speed_mps>26.822400</fulcrumtest:speed_mps>
          <fulcrumtest:speed_mph>60.00</fulcrumtest:speed_mph>
        </extensions>
      </trkpt>
      <trkpt lat="52.0401300" lon="1.2948100">
        <ele>0</ele>
        <time>2026-06-26T08:04:33Z</time>
        <name>255</name>
        <extensions>
          <fulcrumtest:speed_mps>26.822400</fulcrumtest:speed_mps>
          <fulcrumtest:speed_mph>60.00</fulcrumtest:speed_mph>
        </extensions>
      </trkpt>
      <trkpt lat="52.0402100" lon="1.2947500">
        <ele>0</ele>
        <time>2026-06-26T08:04:33Z</time>
        <name>256</name>
        <extensions>
          <fulcrumtest:speed_mps>26.822400</fulcrumtest:speed_mps>
          <fulcrumtest:speed_mph>60.00</fulcrumtest:speed_mph>
        </extensions>
      </trkpt>
      <trkpt lat="52.0402600" lon="1.2947000">
        <ele>0</ele>
        <time>2026-06-26T08:04:33Z</time>
        <name>257</name>
        <extensions>
          <fulcrumtest:speed_mps>26.822400</fulcrumtest:speed_mps>
          <fulcrumtest:speed_mph>60.00</fulcrumtest:speed_mph>
        </extensions>
      </trkpt>
      <trkpt lat="52.0403200" lon="1.2946100">
        <ele>0</ele>
        <time>2026-06-26T08:04:34Z</time>
        <name>258</name>
        <extensions>
          <fulcrumtest:speed_mps>26.822400</fulcrumtest:speed_mps>
          <fulcrumtest:speed_mph>60.00</fulcrumtest:speed_mph>
        </extensions>
      </trkpt>
      <trkpt lat="52.0403400" lon="1.2945400">
        <ele>0</ele>
        <time>2026-06-26T08:04:34Z</time>
        <name>259</name>
        <extensions>
          <fulcrumtest:speed_mps>26.822400</fulcrumtest:speed_mps>
          <fulcrumtest:speed_mph>60.00</fulcrumtest:speed_mph>
        </extensions>
      </trkpt>
      <trkpt lat="52.0403600" lon="1.2945000">
        <ele>0</ele>
        <time>2026-06-26T08:04:34Z</time>
        <name>260</name>
        <extensions>
          <fulcrumtest:speed_mps>26.822400</fulcrumtest:speed_mps>
          <fulcrumtest:speed_mph>60.00</fulcrumtest:speed_mph>
        </extensions>
      </trkpt>
      <trkpt lat="52.0403700" lon="1.2944500">
        <ele>0</ele>
        <time>2026-06-26T08:04:34Z</time>
        <name>261</name>
        <extensions>
          <fulcrumtest:speed_mps>26.822400</fulcrumtest:speed_mps>
          <fulcrumtest:speed_mph>60.00</fulcrumtest:speed_mph>
        </extensions>
      </trkpt>
      <trkpt lat="52.0404000" lon="1.2944000">
        <ele>0</ele>
        <time>2026-06-26T08:04:34Z</time>
        <name>262</name>
        <extensions>
          <fulcrumtest:speed_mps>26.822400</fulcrumtest:speed_mps>
          <fulcrumtest:speed_mph>60.00</fulcrumtest:speed_mph>
        </extensions>
      </trkpt>
      <trkpt lat="52.0404800" lon="1.2943300">
        <ele>0</ele>
        <time>2026-06-26T08:04:35Z</time>
        <name>263</name>
        <extensions>
          <fulcrumtest:speed_mps>26.822400</fulcrumtest:speed_mps>
          <fulcrumtest:speed_mph>60.00</fulcrumtest:speed_mph>
        </extensions>
      </trkpt>
      <trkpt lat="52.0405400" lon="1.2942900">
        <ele>0</ele>
        <time>2026-06-26T08:04:35Z</time>
        <name>264</name>
        <extensions>
          <fulcrumtest:speed_mps>26.822400</fulcrumtest:speed_mps>
          <fulcrumtest:speed_mph>60.00</fulcrumtest:speed_mph>
        </extensions>
      </trkpt>
      <trkpt lat="52.0405800" lon="1.2942700">
        <ele>0</ele>
        <time>2026-06-26T08:04:35Z</time>
        <name>265</name>
        <extensions>
          <fulcrumtest:speed_mps>26.822400</fulcrumtest:speed_mps>
          <fulcrumtest:speed_mph>60.00</fulcrumtest:speed_mph>
        </extensions>
      </trkpt>
      <trkpt lat="52.0406100" lon="1.2942600">
        <ele>0</ele>
        <time>2026-06-26T08:04:35Z</time>
        <name>266</name>
        <extensions>
          <fulcrumtest:speed_mps>26.822400</fulcrumtest:speed_mps>
          <fulcrumtest:speed_mph>60.00</fulcrumtest:speed_mph>
        </extensions>
      </trkpt>
      <trkpt lat="52.0406700" lon="1.2942500">
        <ele>0</ele>
        <time>2026-06-26T08:04:35Z</time>
        <name>267</name>
        <extensions>
          <fulcrumtest:speed_mps>26.822400</fulcrumtest:speed_mps>
          <fulcrumtest:speed_mph>60.00</fulcrumtest:speed_mph>
        </extensions>
      </trkpt>
      <trkpt lat="52.0407100" lon="1.2942600">
        <ele>0</ele>
        <time>2026-06-26T08:04:36Z</time>
        <name>268</name>
        <extensions>
          <fulcrumtest:speed_mps>26.822400</fulcrumtest:speed_mps>
          <fulcrumtest:speed_mph>60.00</fulcrumtest:speed_mph>
        </extensions>
      </trkpt>
      <trkpt lat="52.0407300" lon="1.2942800">
        <ele>0</ele>
        <time>2026-06-26T08:04:36Z</time>
        <name>269</name>
        <extensions>
          <fulcrumtest:speed_mps>26.822400</fulcrumtest:speed_mps>
          <fulcrumtest:speed_mph>60.00</fulcrumtest:speed_mph>
        </extensions>
      </trkpt>
      <trkpt lat="52.0407600" lon="1.2942900">
        <ele>0</ele>
        <time>2026-06-26T08:04:36Z</time>
        <name>270</name>
        <extensions>
          <fulcrumtest:speed_mps>26.822400</fulcrumtest:speed_mps>
          <fulcrumtest:speed_mph>60.00</fulcrumtest:speed_mph>
        </extensions>
      </trkpt>
      <trkpt lat="52.0408100" lon="1.2943300">
        <ele>0</ele>
        <time>2026-06-26T08:04:36Z</time>
        <name>271</name>
        <extensions>
          <fulcrumtest:speed_mps>26.822400</fulcrumtest:speed_mps>
          <fulcrumtest:speed_mph>60.00</fulcrumtest:speed_mph>
        </extensions>
      </trkpt>
      <trkpt lat="52.0409400" lon="1.2943400">
        <ele>0</ele>
        <time>2026-06-26T08:04:37Z</time>
        <name>272</name>
        <extensions>
          <fulcrumtest:speed_mps>26.822400</fulcrumtest:speed_mps>
          <fulcrumtest:speed_mph>60.00</fulcrumtest:speed_mph>
        </extensions>
      </trkpt>
      <trkpt lat="52.0410100" lon="1.2943300">
        <ele>0</ele>
        <time>2026-06-26T08:04:37Z</time>
        <name>273</name>
        <extensions>
          <fulcrumtest:speed_mps>26.822400</fulcrumtest:speed_mps>
          <fulcrumtest:speed_mph>60.00</fulcrumtest:speed_mph>
        </extensions>
      </trkpt>
      <trkpt lat="52.0410400" lon="1.2943300">
        <ele>0</ele>
        <time>2026-06-26T08:04:37Z</time>
        <name>274</name>
        <extensions>
          <fulcrumtest:speed_mps>26.822400</fulcrumtest:speed_mps>
          <fulcrumtest:speed_mph>60.00</fulcrumtest:speed_mph>
        </extensions>
      </trkpt>
      <trkpt lat="52.0411300" lon="1.2942900">
        <ele>0</ele>
        <time>2026-06-26T08:04:37Z</time>
        <name>275</name>
        <extensions>
          <fulcrumtest:speed_mps>26.822400</fulcrumtest:speed_mps>
          <fulcrumtest:speed_mph>60.00</fulcrumtest:speed_mph>
        </extensions>
      </trkpt>
      <trkpt lat="52.0411900" lon="1.2942500">
        <ele>0</ele>
        <time>2026-06-26T08:04:38Z</time>
        <name>276</name>
        <extensions>
          <fulcrumtest:speed_mps>26.822400</fulcrumtest:speed_mps>
          <fulcrumtest:speed_mph>60.00</fulcrumtest:speed_mph>
        </extensions>
      </trkpt>
      <trkpt lat="52.0412300" lon="1.2942300">
        <ele>0</ele>
        <time>2026-06-26T08:04:38Z</time>
        <name>277</name>
        <extensions>
          <fulcrumtest:speed_mps>26.822400</fulcrumtest:speed_mps>
          <fulcrumtest:speed_mph>60.00</fulcrumtest:speed_mph>
        </extensions>
      </trkpt>
      <trkpt lat="52.0415600" lon="1.2940000">
        <ele>0</ele>
        <time>2026-06-26T08:04:39Z</time>
        <name>278</name>
        <extensions>
          <fulcrumtest:speed_mps>26.822400</fulcrumtest:speed_mps>
          <fulcrumtest:speed_mph>60.00</fulcrumtest:speed_mph>
        </extensions>
      </trkpt>
      <trkpt lat="52.0417800" lon="1.2938100">
        <ele>0</ele>
        <time>2026-06-26T08:04:40Z</time>
        <name>279</name>
        <extensions>
          <fulcrumtest:speed_mps>26.822400</fulcrumtest:speed_mps>
          <fulcrumtest:speed_mph>60.00</fulcrumtest:speed_mph>
        </extensions>
      </trkpt>
      <trkpt lat="52.0418600" lon="1.2937500">
        <ele>0</ele>
        <time>2026-06-26T08:04:41Z</time>
        <name>280</name>
        <extensions>
          <fulcrumtest:speed_mps>26.822400</fulcrumtest:speed_mps>
          <fulcrumtest:speed_mph>60.00</fulcrumtest:speed_mph>
        </extensions>
      </trkpt>
      <trkpt lat="52.0419800" lon="1.2936400">
        <ele>0</ele>
        <time>2026-06-26T08:04:41Z</time>
        <name>281</name>
        <extensions>
          <fulcrumtest:speed_mps>26.822400</fulcrumtest:speed_mps>
          <fulcrumtest:speed_mph>60.00</fulcrumtest:speed_mph>
        </extensions>
      </trkpt>
      <trkpt lat="52.0420200" lon="1.2936100">
        <ele>0</ele>
        <time>2026-06-26T08:04:41Z</time>
        <name>282</name>
        <extensions>
          <fulcrumtest:speed_mps>26.822400</fulcrumtest:speed_mps>
          <fulcrumtest:speed_mph>60.00</fulcrumtest:speed_mph>
        </extensions>
      </trkpt>
      <trkpt lat="52.0422000" lon="1.2934400">
        <ele>0</ele>
        <time>2026-06-26T08:04:42Z</time>
        <name>283</name>
        <extensions>
          <fulcrumtest:speed_mps>26.822400</fulcrumtest:speed_mps>
          <fulcrumtest:speed_mph>60.00</fulcrumtest:speed_mph>
        </extensions>
      </trkpt>
      <trkpt lat="52.0425000" lon="1.2931200">
        <ele>0</ele>
        <time>2026-06-26T08:04:44Z</time>
        <name>284</name>
        <extensions>
          <fulcrumtest:speed_mps>26.822400</fulcrumtest:speed_mps>
          <fulcrumtest:speed_mph>60.00</fulcrumtest:speed_mph>
        </extensions>
      </trkpt>
      <trkpt lat="52.0426700" lon="1.2929100">
        <ele>0</ele>
        <time>2026-06-26T08:04:45Z</time>
        <name>285</name>
        <extensions>
          <fulcrumtest:speed_mps>26.822400</fulcrumtest:speed_mps>
          <fulcrumtest:speed_mph>60.00</fulcrumtest:speed_mph>
        </extensions>
      </trkpt>
      <trkpt lat="52.0429200" lon="1.2925700">
        <ele>0</ele>
        <time>2026-06-26T08:04:46Z</time>
        <name>286</name>
        <extensions>
          <fulcrumtest:speed_mps>26.822400</fulcrumtest:speed_mps>
          <fulcrumtest:speed_mph>60.00</fulcrumtest:speed_mph>
        </extensions>
      </trkpt>
      <trkpt lat="52.0431600" lon="1.2922100">
        <ele>0</ele>
        <time>2026-06-26T08:04:47Z</time>
        <name>287</name>
        <extensions>
          <fulcrumtest:speed_mps>26.822400</fulcrumtest:speed_mps>
          <fulcrumtest:speed_mph>60.00</fulcrumtest:speed_mph>
        </extensions>
      </trkpt>
      <trkpt lat="52.0433700" lon="1.2918600">
        <ele>0</ele>
        <time>2026-06-26T08:04:49Z</time>
        <name>288</name>
        <extensions>
          <fulcrumtest:speed_mps>26.822400</fulcrumtest:speed_mps>
          <fulcrumtest:speed_mph>60.00</fulcrumtest:speed_mph>
        </extensions>
      </trkpt>
      <trkpt lat="52.0439500" lon="1.2908100">
        <ele>0</ele>
        <time>2026-06-26T08:04:52Z</time>
        <name>289</name>
        <extensions>
          <fulcrumtest:speed_mps>26.822400</fulcrumtest:speed_mps>
          <fulcrumtest:speed_mph>60.00</fulcrumtest:speed_mph>
        </extensions>
      </trkpt>
      <trkpt lat="52.0441400" lon="1.2904200">
        <ele>0</ele>
        <time>2026-06-26T08:04:53Z</time>
        <name>290</name>
        <extensions>
          <fulcrumtest:speed_mps>26.822400</fulcrumtest:speed_mps>
          <fulcrumtest:speed_mph>60.00</fulcrumtest:speed_mph>
        </extensions>
      </trkpt>
      <trkpt lat="52.0442900" lon="1.2900600">
        <ele>0</ele>
        <time>2026-06-26T08:04:55Z</time>
        <name>291</name>
        <extensions>
          <fulcrumtest:speed_mps>26.822400</fulcrumtest:speed_mps>
          <fulcrumtest:speed_mph>60.00</fulcrumtest:speed_mph>
        </extensions>
      </trkpt>
      <trkpt lat="52.0443800" lon="1.2898100">
        <ele>0</ele>
        <time>2026-06-26T08:04:55Z</time>
        <name>292</name>
        <extensions>
          <fulcrumtest:speed_mps>26.822400</fulcrumtest:speed_mps>
          <fulcrumtest:speed_mph>60.00</fulcrumtest:speed_mph>
        </extensions>
      </trkpt>
      <trkpt lat="52.0444300" lon="1.2895800">
        <ele>0</ele>
        <time>2026-06-26T08:04:56Z</time>
        <name>293</name>
        <extensions>
          <fulcrumtest:speed_mps>26.822400</fulcrumtest:speed_mps>
          <fulcrumtest:speed_mph>60.00</fulcrumtest:speed_mph>
        </extensions>
      </trkpt>
      <trkpt lat="52.0444300" lon="1.2895300">
        <ele>0</ele>
        <time>2026-06-26T08:04:56Z</time>
        <name>294</name>
        <extensions>
          <fulcrumtest:speed_mps>26.822400</fulcrumtest:speed_mps>
          <fulcrumtest:speed_mph>60.00</fulcrumtest:speed_mph>
        </extensions>
      </trkpt>
      <trkpt lat="52.0444200" lon="1.2895100">
        <ele>0</ele>
        <time>2026-06-26T08:04:56Z</time>
        <name>295</name>
        <extensions>
          <fulcrumtest:speed_mps>26.822400</fulcrumtest:speed_mps>
          <fulcrumtest:speed_mph>60.00</fulcrumtest:speed_mph>
        </extensions>
      </trkpt>
      <trkpt lat="52.0444200" lon="1.2893500">
        <ele>0</ele>
        <time>2026-06-26T08:04:57Z</time>
        <name>296</name>
        <extensions>
          <fulcrumtest:speed_mps>26.822400</fulcrumtest:speed_mps>
          <fulcrumtest:speed_mph>60.00</fulcrumtest:speed_mph>
        </extensions>
      </trkpt>
      <trkpt lat="52.0444300" lon="1.2892900">
        <ele>0</ele>
        <time>2026-06-26T08:04:57Z</time>
        <name>297</name>
        <extensions>
          <fulcrumtest:speed_mps>26.822400</fulcrumtest:speed_mps>
          <fulcrumtest:speed_mph>60.00</fulcrumtest:speed_mph>
        </extensions>
      </trkpt>
      <trkpt lat="52.0444500" lon="1.2892300">
        <ele>0</ele>
        <time>2026-06-26T08:04:57Z</time>
        <name>298</name>
        <extensions>
          <fulcrumtest:speed_mps>26.822400</fulcrumtest:speed_mps>
          <fulcrumtest:speed_mph>60.00</fulcrumtest:speed_mph>
        </extensions>
      </trkpt>
      <trkpt lat="52.0444600" lon="1.2891700">
        <ele>0</ele>
        <time>2026-06-26T08:04:57Z</time>
        <name>299</name>
        <extensions>
          <fulcrumtest:speed_mps>26.822400</fulcrumtest:speed_mps>
          <fulcrumtest:speed_mph>60.00</fulcrumtest:speed_mph>
        </extensions>
      </trkpt>
      <trkpt lat="52.0444800" lon="1.2891300">
        <ele>0</ele>
        <time>2026-06-26T08:04:57Z</time>
        <name>300</name>
        <extensions>
          <fulcrumtest:speed_mps>26.822400</fulcrumtest:speed_mps>
          <fulcrumtest:speed_mph>60.00</fulcrumtest:speed_mph>
        </extensions>
      </trkpt>
      <trkpt lat="52.0445500" lon="1.2890600">
        <ele>0</ele>
        <time>2026-06-26T08:04:58Z</time>
        <name>301</name>
        <extensions>
          <fulcrumtest:speed_mps>26.822400</fulcrumtest:speed_mps>
          <fulcrumtest:speed_mph>60.00</fulcrumtest:speed_mph>
        </extensions>
      </trkpt>
      <trkpt lat="52.0446100" lon="1.2890200">
        <ele>0</ele>
        <time>2026-06-26T08:04:58Z</time>
        <name>302</name>
        <extensions>
          <fulcrumtest:speed_mps>26.822400</fulcrumtest:speed_mps>
          <fulcrumtest:speed_mph>60.00</fulcrumtest:speed_mph>
        </extensions>
      </trkpt>
      <trkpt lat="52.0446300" lon="1.2890000">
        <ele>0</ele>
        <time>2026-06-26T08:04:58Z</time>
        <name>303</name>
        <extensions>
          <fulcrumtest:speed_mps>26.822400</fulcrumtest:speed_mps>
          <fulcrumtest:speed_mph>60.00</fulcrumtest:speed_mph>
        </extensions>
      </trkpt>
      <trkpt lat="52.0446500" lon="1.2889900">
        <ele>0</ele>
        <time>2026-06-26T08:04:58Z</time>
        <name>304</name>
        <extensions>
          <fulcrumtest:speed_mps>26.822400</fulcrumtest:speed_mps>
          <fulcrumtest:speed_mph>60.00</fulcrumtest:speed_mph>
        </extensions>
      </trkpt>
      <trkpt lat="52.0447600" lon="1.2889900">
        <ele>0</ele>
        <time>2026-06-26T08:04:58Z</time>
        <name>305</name>
        <extensions>
          <fulcrumtest:speed_mps>26.822400</fulcrumtest:speed_mps>
          <fulcrumtest:speed_mph>60.00</fulcrumtest:speed_mph>
        </extensions>
      </trkpt>
      <trkpt lat="52.0452900" lon="1.2887200">
        <ele>0</ele>
        <time>2026-06-26T08:05:01Z</time>
        <name>306</name>
        <extensions>
          <fulcrumtest:speed_mps>26.822400</fulcrumtest:speed_mps>
          <fulcrumtest:speed_mph>60.00</fulcrumtest:speed_mph>
        </extensions>
      </trkpt>
      <trkpt lat="52.0453600" lon="1.2886900">
        <ele>0</ele>
        <time>2026-06-26T08:05:01Z</time>
        <name>307</name>
        <extensions>
          <fulcrumtest:speed_mps>26.822400</fulcrumtest:speed_mps>
          <fulcrumtest:speed_mph>60.00</fulcrumtest:speed_mph>
        </extensions>
      </trkpt>
      <trkpt lat="52.0457600" lon="1.2884700">
        <ele>0</ele>
        <time>2026-06-26T08:05:03Z</time>
        <name>308</name>
        <extensions>
          <fulcrumtest:speed_mps>26.822400</fulcrumtest:speed_mps>
          <fulcrumtest:speed_mph>60.00</fulcrumtest:speed_mph>
        </extensions>
      </trkpt>
      <trkpt lat="52.0462300" lon="1.2882400">
        <ele>0</ele>
        <time>2026-06-26T08:05:05Z</time>
        <name>309</name>
        <extensions>
          <fulcrumtest:speed_mps>26.822400</fulcrumtest:speed_mps>
          <fulcrumtest:speed_mph>60.00</fulcrumtest:speed_mph>
        </extensions>
      </trkpt>
      <trkpt lat="52.0466100" lon="1.2880800">
        <ele>0</ele>
        <time>2026-06-26T08:05:06Z</time>
        <name>310</name>
        <extensions>
          <fulcrumtest:speed_mps>26.822400</fulcrumtest:speed_mps>
          <fulcrumtest:speed_mph>60.00</fulcrumtest:speed_mph>
        </extensions>
      </trkpt>
      <trkpt lat="52.0469300" lon="1.2879700">
        <ele>0</ele>
        <time>2026-06-26T08:05:08Z</time>
        <name>311</name>
        <extensions>
          <fulcrumtest:speed_mps>26.822400</fulcrumtest:speed_mps>
          <fulcrumtest:speed_mph>60.00</fulcrumtest:speed_mph>
        </extensions>
      </trkpt>
      <trkpt lat="52.0473100" lon="1.2878600">
        <ele>0</ele>
        <time>2026-06-26T08:05:09Z</time>
        <name>312</name>
        <extensions>
          <fulcrumtest:speed_mps>26.822400</fulcrumtest:speed_mps>
          <fulcrumtest:speed_mph>60.00</fulcrumtest:speed_mph>
        </extensions>
      </trkpt>
      <trkpt lat="52.0478800" lon="1.2877500">
        <ele>0</ele>
        <time>2026-06-26T08:05:12Z</time>
        <name>313</name>
        <extensions>
          <fulcrumtest:speed_mps>26.822400</fulcrumtest:speed_mps>
          <fulcrumtest:speed_mph>60.00</fulcrumtest:speed_mph>
        </extensions>
      </trkpt>
      <trkpt lat="52.0481900" lon="1.2877100">
        <ele>0</ele>
        <time>2026-06-26T08:05:13Z</time>
        <name>314</name>
        <extensions>
          <fulcrumtest:speed_mps>26.822400</fulcrumtest:speed_mps>
          <fulcrumtest:speed_mph>60.00</fulcrumtest:speed_mph>
        </extensions>
      </trkpt>
      <trkpt lat="52.0484900" lon="1.2876900">
        <ele>0</ele>
        <time>2026-06-26T08:05:14Z</time>
        <name>315</name>
        <extensions>
          <fulcrumtest:speed_mps>26.822400</fulcrumtest:speed_mps>
          <fulcrumtest:speed_mph>60.00</fulcrumtest:speed_mph>
        </extensions>
      </trkpt>
      <trkpt lat="52.0485200" lon="1.2876800">
        <ele>0</ele>
        <time>2026-06-26T08:05:14Z</time>
        <name>316</name>
        <extensions>
          <fulcrumtest:speed_mps>26.822400</fulcrumtest:speed_mps>
          <fulcrumtest:speed_mph>60.00</fulcrumtest:speed_mph>
        </extensions>
      </trkpt>
      <trkpt lat="52.0489000" lon="1.2876800">
        <ele>0</ele>
        <time>2026-06-26T08:05:16Z</time>
        <name>317</name>
        <extensions>
          <fulcrumtest:speed_mps>26.822400</fulcrumtest:speed_mps>
          <fulcrumtest:speed_mph>60.00</fulcrumtest:speed_mph>
        </extensions>
      </trkpt>
      <trkpt lat="52.0493000" lon="1.2877100">
        <ele>0</ele>
        <time>2026-06-26T08:05:18Z</time>
        <name>318</name>
        <extensions>
          <fulcrumtest:speed_mps>26.822400</fulcrumtest:speed_mps>
          <fulcrumtest:speed_mph>60.00</fulcrumtest:speed_mph>
        </extensions>
      </trkpt>
      <trkpt lat="52.0494300" lon="1.2877300">
        <ele>0</ele>
        <time>2026-06-26T08:05:18Z</time>
        <name>319</name>
        <extensions>
          <fulcrumtest:speed_mps>26.822400</fulcrumtest:speed_mps>
          <fulcrumtest:speed_mph>60.00</fulcrumtest:speed_mph>
        </extensions>
      </trkpt>
      <trkpt lat="52.0495600" lon="1.2877400">
        <ele>0</ele>
        <time>2026-06-26T08:05:19Z</time>
        <name>320</name>
        <extensions>
          <fulcrumtest:speed_mps>26.822400</fulcrumtest:speed_mps>
          <fulcrumtest:speed_mph>60.00</fulcrumtest:speed_mph>
        </extensions>
      </trkpt>
      <trkpt lat="52.0496000" lon="1.2877500">
        <ele>0</ele>
        <time>2026-06-26T08:05:19Z</time>
        <name>321</name>
        <extensions>
          <fulcrumtest:speed_mps>26.822400</fulcrumtest:speed_mps>
          <fulcrumtest:speed_mph>60.00</fulcrumtest:speed_mph>
        </extensions>
      </trkpt>
      <trkpt lat="52.0496900" lon="1.2877600">
        <ele>0</ele>
        <time>2026-06-26T08:05:19Z</time>
        <name>322</name>
        <extensions>
          <fulcrumtest:speed_mps>26.822400</fulcrumtest:speed_mps>
          <fulcrumtest:speed_mph>60.00</fulcrumtest:speed_mph>
        </extensions>
      </trkpt>
      <trkpt lat="52.0500900" lon="1.2878400">
        <ele>0</ele>
        <time>2026-06-26T08:05:21Z</time>
        <name>323</name>
        <extensions>
          <fulcrumtest:speed_mps>26.822400</fulcrumtest:speed_mps>
          <fulcrumtest:speed_mph>60.00</fulcrumtest:speed_mph>
        </extensions>
      </trkpt>
      <trkpt lat="52.0502400" lon="1.2878800">
        <ele>0</ele>
        <time>2026-06-26T08:05:22Z</time>
        <name>324</name>
        <extensions>
          <fulcrumtest:speed_mps>26.822400</fulcrumtest:speed_mps>
          <fulcrumtest:speed_mph>60.00</fulcrumtest:speed_mph>
        </extensions>
      </trkpt>
      <trkpt lat="52.0503200" lon="1.2879100">
        <ele>0</ele>
        <time>2026-06-26T08:05:22Z</time>
        <name>325</name>
        <extensions>
          <fulcrumtest:speed_mps>26.822400</fulcrumtest:speed_mps>
          <fulcrumtest:speed_mph>60.00</fulcrumtest:speed_mph>
        </extensions>
      </trkpt>
      <trkpt lat="52.0504000" lon="1.2879300">
        <ele>0</ele>
        <time>2026-06-26T08:05:22Z</time>
        <name>326</name>
        <extensions>
          <fulcrumtest:speed_mps>26.822400</fulcrumtest:speed_mps>
          <fulcrumtest:speed_mph>60.00</fulcrumtest:speed_mph>
        </extensions>
      </trkpt>
      <trkpt lat="52.0505500" lon="1.2879800">
        <ele>0</ele>
        <time>2026-06-26T08:05:23Z</time>
        <name>327</name>
        <extensions>
          <fulcrumtest:speed_mps>26.822400</fulcrumtest:speed_mps>
          <fulcrumtest:speed_mph>60.00</fulcrumtest:speed_mph>
        </extensions>
      </trkpt>
      <trkpt lat="52.0506300" lon="1.2880000">
        <ele>0</ele>
        <time>2026-06-26T08:05:23Z</time>
        <name>328</name>
        <extensions>
          <fulcrumtest:speed_mps>26.822400</fulcrumtest:speed_mps>
          <fulcrumtest:speed_mph>60.00</fulcrumtest:speed_mph>
        </extensions>
      </trkpt>
      <trkpt lat="52.0508100" lon="1.2880700">
        <ele>0</ele>
        <time>2026-06-26T08:05:24Z</time>
        <name>329</name>
        <extensions>
          <fulcrumtest:speed_mps>26.822400</fulcrumtest:speed_mps>
          <fulcrumtest:speed_mph>60.00</fulcrumtest:speed_mph>
        </extensions>
      </trkpt>
      <trkpt lat="52.0508500" lon="1.2880800">
        <ele>0</ele>
        <time>2026-06-26T08:05:24Z</time>
        <name>330</name>
        <extensions>
          <fulcrumtest:speed_mps>26.822400</fulcrumtest:speed_mps>
          <fulcrumtest:speed_mph>60.00</fulcrumtest:speed_mph>
        </extensions>
      </trkpt>
      <trkpt lat="52.0510100" lon="1.2881400">
        <ele>0</ele>
        <time>2026-06-26T08:05:25Z</time>
        <name>331</name>
        <extensions>
          <fulcrumtest:speed_mps>26.822400</fulcrumtest:speed_mps>
          <fulcrumtest:speed_mph>60.00</fulcrumtest:speed_mph>
        </extensions>
      </trkpt>
      <trkpt lat="52.0510200" lon="1.2881500">
        <ele>0</ele>
        <time>2026-06-26T08:05:25Z</time>
        <name>332</name>
        <extensions>
          <fulcrumtest:speed_mps>26.822400</fulcrumtest:speed_mps>
          <fulcrumtest:speed_mph>60.00</fulcrumtest:speed_mph>
        </extensions>
      </trkpt>
      <trkpt lat="52.0511000" lon="1.2881800">
        <ele>0</ele>
        <time>2026-06-26T08:05:25Z</time>
        <name>333</name>
        <extensions>
          <fulcrumtest:speed_mps>26.822400</fulcrumtest:speed_mps>
          <fulcrumtest:speed_mph>60.00</fulcrumtest:speed_mph>
        </extensions>
      </trkpt>
      <trkpt lat="52.0514600" lon="1.2883500">
        <ele>0</ele>
        <time>2026-06-26T08:05:27Z</time>
        <name>334</name>
        <extensions>
          <fulcrumtest:speed_mps>26.822400</fulcrumtest:speed_mps>
          <fulcrumtest:speed_mph>60.00</fulcrumtest:speed_mph>
        </extensions>
      </trkpt>
      <trkpt lat="52.0518300" lon="1.2885500">
        <ele>0</ele>
        <time>2026-06-26T08:05:28Z</time>
        <name>335</name>
        <extensions>
          <fulcrumtest:speed_mps>26.822400</fulcrumtest:speed_mps>
          <fulcrumtest:speed_mph>60.00</fulcrumtest:speed_mph>
        </extensions>
      </trkpt>
      <trkpt lat="52.0518400" lon="1.2885600">
        <ele>0</ele>
        <time>2026-06-26T08:05:28Z</time>
        <name>336</name>
        <extensions>
          <fulcrumtest:speed_mps>26.822400</fulcrumtest:speed_mps>
          <fulcrumtest:speed_mph>60.00</fulcrumtest:speed_mph>
        </extensions>
      </trkpt>
      <trkpt lat="52.0518800" lon="1.2885800">
        <ele>0</ele>
        <time>2026-06-26T08:05:29Z</time>
        <name>337</name>
        <extensions>
          <fulcrumtest:speed_mps>26.822400</fulcrumtest:speed_mps>
          <fulcrumtest:speed_mph>60.00</fulcrumtest:speed_mph>
        </extensions>
      </trkpt>
      <trkpt lat="52.0522800" lon="1.2888300">
        <ele>0</ele>
        <time>2026-06-26T08:05:30Z</time>
        <name>338</name>
        <extensions>
          <fulcrumtest:speed_mps>26.822400</fulcrumtest:speed_mps>
          <fulcrumtest:speed_mph>60.00</fulcrumtest:speed_mph>
        </extensions>
      </trkpt>
      <trkpt lat="52.0525100" lon="1.2889900">
        <ele>0</ele>
        <time>2026-06-26T08:05:31Z</time>
        <name>339</name>
        <extensions>
          <fulcrumtest:speed_mps>26.822400</fulcrumtest:speed_mps>
          <fulcrumtest:speed_mph>60.00</fulcrumtest:speed_mph>
        </extensions>
      </trkpt>
      <trkpt lat="52.0530300" lon="1.2894000">
        <ele>0</ele>
        <time>2026-06-26T08:05:34Z</time>
        <name>340</name>
        <extensions>
          <fulcrumtest:speed_mps>26.822400</fulcrumtest:speed_mps>
          <fulcrumtest:speed_mph>60.00</fulcrumtest:speed_mph>
        </extensions>
      </trkpt>
      <trkpt lat="52.0533000" lon="1.2896500">
        <ele>0</ele>
        <time>2026-06-26T08:05:35Z</time>
        <name>341</name>
        <extensions>
          <fulcrumtest:speed_mps>26.822400</fulcrumtest:speed_mps>
          <fulcrumtest:speed_mph>60.00</fulcrumtest:speed_mph>
        </extensions>
      </trkpt>
      <trkpt lat="52.0533500" lon="1.2896900">
        <ele>0</ele>
        <time>2026-06-26T08:05:35Z</time>
        <name>342</name>
        <extensions>
          <fulcrumtest:speed_mps>26.822400</fulcrumtest:speed_mps>
          <fulcrumtest:speed_mph>60.00</fulcrumtest:speed_mph>
        </extensions>
      </trkpt>
      <trkpt lat="52.0537400" lon="1.2900800">
        <ele>0</ele>
        <time>2026-06-26T08:05:37Z</time>
        <name>343</name>
        <extensions>
          <fulcrumtest:speed_mps>26.822400</fulcrumtest:speed_mps>
          <fulcrumtest:speed_mph>60.00</fulcrumtest:speed_mph>
        </extensions>
      </trkpt>
      <trkpt lat="52.0541000" lon="1.2904800">
        <ele>0</ele>
        <time>2026-06-26T08:05:39Z</time>
        <name>344</name>
        <extensions>
          <fulcrumtest:speed_mps>26.822400</fulcrumtest:speed_mps>
          <fulcrumtest:speed_mph>60.00</fulcrumtest:speed_mph>
        </extensions>
      </trkpt>
      <trkpt lat="52.0544700" lon="1.2909300">
        <ele>0</ele>
        <time>2026-06-26T08:05:41Z</time>
        <name>345</name>
        <extensions>
          <fulcrumtest:speed_mps>26.822400</fulcrumtest:speed_mps>
          <fulcrumtest:speed_mph>60.00</fulcrumtest:speed_mph>
        </extensions>
      </trkpt>
      <trkpt lat="52.0547200" lon="1.2912600">
        <ele>0</ele>
        <time>2026-06-26T08:05:42Z</time>
        <name>346</name>
        <extensions>
          <fulcrumtest:speed_mps>26.822400</fulcrumtest:speed_mps>
          <fulcrumtest:speed_mph>60.00</fulcrumtest:speed_mph>
        </extensions>
      </trkpt>
      <trkpt lat="52.0549700" lon="1.2916200">
        <ele>0</ele>
        <time>2026-06-26T08:05:44Z</time>
        <name>347</name>
        <extensions>
          <fulcrumtest:speed_mps>26.822400</fulcrumtest:speed_mps>
          <fulcrumtest:speed_mph>60.00</fulcrumtest:speed_mph>
        </extensions>
      </trkpt>
      <trkpt lat="52.0552600" lon="1.2920800">
        <ele>0</ele>
        <time>2026-06-26T08:05:45Z</time>
        <name>348</name>
        <extensions>
          <fulcrumtest:speed_mps>26.822400</fulcrumtest:speed_mps>
          <fulcrumtest:speed_mph>60.00</fulcrumtest:speed_mph>
        </extensions>
      </trkpt>
      <trkpt lat="52.0556500" lon="1.2927400">
        <ele>0</ele>
        <time>2026-06-26T08:05:48Z</time>
        <name>349</name>
        <extensions>
          <fulcrumtest:speed_mps>26.822400</fulcrumtest:speed_mps>
          <fulcrumtest:speed_mph>60.00</fulcrumtest:speed_mph>
        </extensions>
      </trkpt>
      <trkpt lat="52.0561300" lon="1.2936900">
        <ele>0</ele>
        <time>2026-06-26T08:05:51Z</time>
        <name>350</name>
        <extensions>
          <fulcrumtest:speed_mps>26.822400</fulcrumtest:speed_mps>
          <fulcrumtest:speed_mph>60.00</fulcrumtest:speed_mph>
        </extensions>
      </trkpt>
      <trkpt lat="52.0562600" lon="1.2939700">
        <ele>0</ele>
        <time>2026-06-26T08:05:52Z</time>
        <name>351</name>
        <extensions>
          <fulcrumtest:speed_mps>26.822400</fulcrumtest:speed_mps>
          <fulcrumtest:speed_mph>60.00</fulcrumtest:speed_mph>
        </extensions>
      </trkpt>
      <trkpt lat="52.0567300" lon="1.2951900">
        <ele>0</ele>
        <time>2026-06-26T08:05:55Z</time>
        <name>352</name>
        <extensions>
          <fulcrumtest:speed_mps>26.822400</fulcrumtest:speed_mps>
          <fulcrumtest:speed_mph>60.00</fulcrumtest:speed_mph>
        </extensions>
      </trkpt>
      <trkpt lat="52.0567400" lon="1.2952300">
        <ele>0</ele>
        <time>2026-06-26T08:05:56Z</time>
        <name>353</name>
        <extensions>
          <fulcrumtest:speed_mps>26.822400</fulcrumtest:speed_mps>
          <fulcrumtest:speed_mph>60.00</fulcrumtest:speed_mph>
        </extensions>
      </trkpt>
      <trkpt lat="52.0568300" lon="1.2954800">
        <ele>0</ele>
        <time>2026-06-26T08:05:56Z</time>
        <name>354</name>
        <extensions>
          <fulcrumtest:speed_mps>26.822400</fulcrumtest:speed_mps>
          <fulcrumtest:speed_mph>60.00</fulcrumtest:speed_mph>
        </extensions>
      </trkpt>
      <trkpt lat="52.0570700" lon="1.2962500">
        <ele>0</ele>
        <time>2026-06-26T08:05:58Z</time>
        <name>355</name>
        <extensions>
          <fulcrumtest:speed_mps>26.822400</fulcrumtest:speed_mps>
          <fulcrumtest:speed_mph>60.00</fulcrumtest:speed_mph>
        </extensions>
      </trkpt>
      <trkpt lat="52.0573500" lon="1.2973400">
        <ele>0</ele>
        <time>2026-06-26T08:06:01Z</time>
        <name>356</name>
        <extensions>
          <fulcrumtest:speed_mps>26.822400</fulcrumtest:speed_mps>
          <fulcrumtest:speed_mph>60.00</fulcrumtest:speed_mph>
        </extensions>
      </trkpt>
      <trkpt lat="52.0573500" lon="1.2973600">
        <ele>0</ele>
        <time>2026-06-26T08:06:02Z</time>
        <name>357</name>
        <extensions>
          <fulcrumtest:speed_mps>26.822400</fulcrumtest:speed_mps>
          <fulcrumtest:speed_mph>60.00</fulcrumtest:speed_mph>
        </extensions>
      </trkpt>
      <trkpt lat="52.0586900" lon="1.3034500">
        <ele>0</ele>
        <time>2026-06-26T08:06:18Z</time>
        <name>358</name>
        <extensions>
          <fulcrumtest:speed_mps>26.822400</fulcrumtest:speed_mps>
          <fulcrumtest:speed_mph>60.00</fulcrumtest:speed_mph>
        </extensions>
      </trkpt>
      <trkpt lat="52.0588400" lon="1.3043000">
        <ele>0</ele>
        <time>2026-06-26T08:06:20Z</time>
        <name>359</name>
        <extensions>
          <fulcrumtest:speed_mps>26.822400</fulcrumtest:speed_mps>
          <fulcrumtest:speed_mph>60.00</fulcrumtest:speed_mph>
        </extensions>
      </trkpt>
      <trkpt lat="52.0588600" lon="1.3044800">
        <ele>0</ele>
        <time>2026-06-26T08:06:21Z</time>
        <name>360</name>
        <extensions>
          <fulcrumtest:speed_mps>26.822400</fulcrumtest:speed_mps>
          <fulcrumtest:speed_mph>60.00</fulcrumtest:speed_mph>
        </extensions>
      </trkpt>
      <trkpt lat="52.0588800" lon="1.3045800">
        <ele>0</ele>
        <time>2026-06-26T08:06:21Z</time>
        <name>361</name>
        <extensions>
          <fulcrumtest:speed_mps>26.822400</fulcrumtest:speed_mps>
          <fulcrumtest:speed_mph>60.00</fulcrumtest:speed_mph>
        </extensions>
      </trkpt>
      <trkpt lat="52.0590400" lon="1.3059100">
        <ele>0</ele>
        <time>2026-06-26T08:06:24Z</time>
        <name>362</name>
        <extensions>
          <fulcrumtest:speed_mps>26.822400</fulcrumtest:speed_mps>
          <fulcrumtest:speed_mph>60.00</fulcrumtest:speed_mph>
        </extensions>
      </trkpt>
      <trkpt lat="52.0590400" lon="1.3060200">
        <ele>0</ele>
        <time>2026-06-26T08:06:25Z</time>
        <name>363</name>
        <extensions>
          <fulcrumtest:speed_mps>26.822400</fulcrumtest:speed_mps>
          <fulcrumtest:speed_mph>60.00</fulcrumtest:speed_mph>
        </extensions>
      </trkpt>
      <trkpt lat="52.0591100" lon="1.3067500">
        <ele>0</ele>
        <time>2026-06-26T08:06:27Z</time>
        <name>364</name>
        <extensions>
          <fulcrumtest:speed_mps>26.822400</fulcrumtest:speed_mps>
          <fulcrumtest:speed_mph>60.00</fulcrumtest:speed_mph>
        </extensions>
      </trkpt>
      <trkpt lat="52.0591800" lon="1.3072900">
        <ele>0</ele>
        <time>2026-06-26T08:06:28Z</time>
        <name>365</name>
        <extensions>
          <fulcrumtest:speed_mps>26.822400</fulcrumtest:speed_mps>
          <fulcrumtest:speed_mph>60.00</fulcrumtest:speed_mph>
        </extensions>
      </trkpt>
      <trkpt lat="52.0592100" lon="1.3074200">
        <ele>0</ele>
        <time>2026-06-26T08:06:28Z</time>
        <name>366</name>
        <extensions>
          <fulcrumtest:speed_mps>26.822400</fulcrumtest:speed_mps>
          <fulcrumtest:speed_mph>60.00</fulcrumtest:speed_mph>
        </extensions>
      </trkpt>
      <trkpt lat="52.0592800" lon="1.3075800">
        <ele>0</ele>
        <time>2026-06-26T08:06:29Z</time>
        <name>367</name>
        <extensions>
          <fulcrumtest:speed_mps>26.822400</fulcrumtest:speed_mps>
          <fulcrumtest:speed_mph>60.00</fulcrumtest:speed_mph>
        </extensions>
      </trkpt>
      <trkpt lat="52.0593200" lon="1.3076300">
        <ele>0</ele>
        <time>2026-06-26T08:06:29Z</time>
        <name>368</name>
        <extensions>
          <fulcrumtest:speed_mps>26.822400</fulcrumtest:speed_mps>
          <fulcrumtest:speed_mph>60.00</fulcrumtest:speed_mph>
        </extensions>
      </trkpt>
      <trkpt lat="52.0593400" lon="1.3076700">
        <ele>0</ele>
        <time>2026-06-26T08:06:29Z</time>
        <name>369</name>
        <extensions>
          <fulcrumtest:speed_mps>26.822400</fulcrumtest:speed_mps>
          <fulcrumtest:speed_mph>60.00</fulcrumtest:speed_mph>
        </extensions>
      </trkpt>
      <trkpt lat="52.0593800" lon="1.3077200">
        <ele>0</ele>
        <time>2026-06-26T08:06:29Z</time>
        <name>370</name>
        <extensions>
          <fulcrumtest:speed_mps>26.822400</fulcrumtest:speed_mps>
          <fulcrumtest:speed_mph>60.00</fulcrumtest:speed_mph>
        </extensions>
      </trkpt>
      <trkpt lat="52.0594600" lon="1.3078900">
        <ele>0</ele>
        <time>2026-06-26T08:06:30Z</time>
        <name>371</name>
        <extensions>
          <fulcrumtest:speed_mps>26.822400</fulcrumtest:speed_mps>
          <fulcrumtest:speed_mph>60.00</fulcrumtest:speed_mph>
        </extensions>
      </trkpt>
      <trkpt lat="52.0594800" lon="1.3079800">
        <ele>0</ele>
        <time>2026-06-26T08:06:30Z</time>
        <name>372</name>
        <extensions>
          <fulcrumtest:speed_mps>26.822400</fulcrumtest:speed_mps>
          <fulcrumtest:speed_mph>60.00</fulcrumtest:speed_mph>
        </extensions>
      </trkpt>
      <trkpt lat="52.0594800" lon="1.3082300">
        <ele>0</ele>
        <time>2026-06-26T08:06:31Z</time>
        <name>373</name>
        <extensions>
          <fulcrumtest:speed_mps>26.822400</fulcrumtest:speed_mps>
          <fulcrumtest:speed_mph>60.00</fulcrumtest:speed_mph>
        </extensions>
      </trkpt>
      <trkpt lat="52.0594700" lon="1.3082800">
        <ele>0</ele>
        <time>2026-06-26T08:06:31Z</time>
        <name>374</name>
        <extensions>
          <fulcrumtest:speed_mps>26.822400</fulcrumtest:speed_mps>
          <fulcrumtest:speed_mph>60.00</fulcrumtest:speed_mph>
        </extensions>
      </trkpt>
      <trkpt lat="52.0594600" lon="1.3083000">
        <ele>0</ele>
        <time>2026-06-26T08:06:31Z</time>
        <name>375</name>
        <extensions>
          <fulcrumtest:speed_mps>26.822400</fulcrumtest:speed_mps>
          <fulcrumtest:speed_mph>60.00</fulcrumtest:speed_mph>
        </extensions>
      </trkpt>
      <trkpt lat="52.0594600" lon="1.3083300">
        <ele>0</ele>
        <time>2026-06-26T08:06:31Z</time>
        <name>376</name>
        <extensions>
          <fulcrumtest:speed_mps>26.822400</fulcrumtest:speed_mps>
          <fulcrumtest:speed_mph>60.00</fulcrumtest:speed_mph>
        </extensions>
      </trkpt>
      <trkpt lat="52.0594500" lon="1.3083500">
        <ele>0</ele>
        <time>2026-06-26T08:06:31Z</time>
        <name>377</name>
        <extensions>
          <fulcrumtest:speed_mps>26.822400</fulcrumtest:speed_mps>
          <fulcrumtest:speed_mph>60.00</fulcrumtest:speed_mph>
        </extensions>
      </trkpt>
      <trkpt lat="52.0594500" lon="1.3083700">
        <ele>0</ele>
        <time>2026-06-26T08:06:31Z</time>
        <name>378</name>
        <extensions>
          <fulcrumtest:speed_mps>26.822400</fulcrumtest:speed_mps>
          <fulcrumtest:speed_mph>60.00</fulcrumtest:speed_mph>
        </extensions>
      </trkpt>
      <trkpt lat="52.0594400" lon="1.3084000">
        <ele>0</ele>
        <time>2026-06-26T08:06:31Z</time>
        <name>379</name>
        <extensions>
          <fulcrumtest:speed_mps>26.822400</fulcrumtest:speed_mps>
          <fulcrumtest:speed_mph>60.00</fulcrumtest:speed_mph>
        </extensions>
      </trkpt>
      <trkpt lat="52.0594200" lon="1.3084200">
        <ele>0</ele>
        <time>2026-06-26T08:06:31Z</time>
        <name>380</name>
        <extensions>
          <fulcrumtest:speed_mps>26.822400</fulcrumtest:speed_mps>
          <fulcrumtest:speed_mph>60.00</fulcrumtest:speed_mph>
        </extensions>
      </trkpt>
      <trkpt lat="52.0594100" lon="1.3084500">
        <ele>0</ele>
        <time>2026-06-26T08:06:32Z</time>
        <name>381</name>
        <extensions>
          <fulcrumtest:speed_mps>26.822400</fulcrumtest:speed_mps>
          <fulcrumtest:speed_mph>60.00</fulcrumtest:speed_mph>
        </extensions>
      </trkpt>
      <trkpt lat="52.0593900" lon="1.3084800">
        <ele>0</ele>
        <time>2026-06-26T08:06:32Z</time>
        <name>382</name>
        <extensions>
          <fulcrumtest:speed_mps>26.822400</fulcrumtest:speed_mps>
          <fulcrumtest:speed_mph>60.00</fulcrumtest:speed_mph>
        </extensions>
      </trkpt>
      <trkpt lat="52.0593300" lon="1.3085400">
        <ele>0</ele>
        <time>2026-06-26T08:06:32Z</time>
        <name>383</name>
        <extensions>
          <fulcrumtest:speed_mps>26.822400</fulcrumtest:speed_mps>
          <fulcrumtest:speed_mph>60.00</fulcrumtest:speed_mph>
        </extensions>
      </trkpt>
      <trkpt lat="52.0593100" lon="1.3085500">
        <ele>0</ele>
        <time>2026-06-26T08:06:32Z</time>
        <name>384</name>
        <extensions>
          <fulcrumtest:speed_mps>26.822400</fulcrumtest:speed_mps>
          <fulcrumtest:speed_mph>60.00</fulcrumtest:speed_mph>
        </extensions>
      </trkpt>
      <trkpt lat="52.0592800" lon="1.3085600">
        <ele>0</ele>
        <time>2026-06-26T08:06:32Z</time>
        <name>385</name>
        <extensions>
          <fulcrumtest:speed_mps>26.822400</fulcrumtest:speed_mps>
          <fulcrumtest:speed_mph>60.00</fulcrumtest:speed_mph>
        </extensions>
      </trkpt>
      <trkpt lat="52.0592300" lon="1.3085600">
        <ele>0</ele>
        <time>2026-06-26T08:06:32Z</time>
        <name>386</name>
        <extensions>
          <fulcrumtest:speed_mps>26.822400</fulcrumtest:speed_mps>
          <fulcrumtest:speed_mph>60.00</fulcrumtest:speed_mph>
        </extensions>
      </trkpt>
      <trkpt lat="52.0590400" lon="1.3088000">
        <ele>0</ele>
        <time>2026-06-26T08:06:33Z</time>
        <name>387</name>
        <extensions>
          <fulcrumtest:speed_mps>26.822400</fulcrumtest:speed_mps>
          <fulcrumtest:speed_mph>60.00</fulcrumtest:speed_mph>
        </extensions>
      </trkpt>
      <trkpt lat="52.0590100" lon="1.3088800">
        <ele>0</ele>
        <time>2026-06-26T08:06:34Z</time>
        <name>388</name>
        <extensions>
          <fulcrumtest:speed_mps>26.822400</fulcrumtest:speed_mps>
          <fulcrumtest:speed_mph>60.00</fulcrumtest:speed_mph>
        </extensions>
      </trkpt>
      <trkpt lat="52.0589700" lon="1.3089600">
        <ele>0</ele>
        <time>2026-06-26T08:06:34Z</time>
        <name>389</name>
        <extensions>
          <fulcrumtest:speed_mps>26.822400</fulcrumtest:speed_mps>
          <fulcrumtest:speed_mph>60.00</fulcrumtest:speed_mph>
        </extensions>
      </trkpt>
      <trkpt lat="52.0589000" lon="1.3091300">
        <ele>0</ele>
        <time>2026-06-26T08:06:34Z</time>
        <name>390</name>
        <extensions>
          <fulcrumtest:speed_mps>26.822400</fulcrumtest:speed_mps>
          <fulcrumtest:speed_mph>60.00</fulcrumtest:speed_mph>
        </extensions>
      </trkpt>
      <trkpt lat="52.0588700" lon="1.3093000">
        <ele>0</ele>
        <time>2026-06-26T08:06:35Z</time>
        <name>391</name>
        <extensions>
          <fulcrumtest:speed_mps>26.822400</fulcrumtest:speed_mps>
          <fulcrumtest:speed_mph>60.00</fulcrumtest:speed_mph>
        </extensions>
      </trkpt>
      <trkpt lat="52.0588500" lon="1.3094900">
        <ele>0</ele>
        <time>2026-06-26T08:06:35Z</time>
        <name>392</name>
        <extensions>
          <fulcrumtest:speed_mps>26.822400</fulcrumtest:speed_mps>
          <fulcrumtest:speed_mph>60.00</fulcrumtest:speed_mph>
        </extensions>
      </trkpt>
      <trkpt lat="52.0588400" lon="1.3097800">
        <ele>0</ele>
        <time>2026-06-26T08:06:36Z</time>
        <name>393</name>
        <extensions>
          <fulcrumtest:speed_mps>26.822400</fulcrumtest:speed_mps>
          <fulcrumtest:speed_mph>60.00</fulcrumtest:speed_mph>
        </extensions>
      </trkpt>
      <trkpt lat="52.0588200" lon="1.3100200">
        <ele>0</ele>
        <time>2026-06-26T08:06:37Z</time>
        <name>394</name>
        <extensions>
          <fulcrumtest:speed_mps>26.822400</fulcrumtest:speed_mps>
          <fulcrumtest:speed_mph>60.00</fulcrumtest:speed_mph>
        </extensions>
      </trkpt>
      <trkpt lat="52.0588100" lon="1.3105500">
        <ele>0</ele>
        <time>2026-06-26T08:06:38Z</time>
        <name>395</name>
        <extensions>
          <fulcrumtest:speed_mps>26.822400</fulcrumtest:speed_mps>
          <fulcrumtest:speed_mph>60.00</fulcrumtest:speed_mph>
        </extensions>
      </trkpt>
      <trkpt lat="52.0588200" lon="1.3105500">
        <ele>0</ele>
        <time>2026-06-26T08:06:38Z</time>
        <name>396</name>
        <extensions>
          <fulcrumtest:speed_mps>26.822400</fulcrumtest:speed_mps>
          <fulcrumtest:speed_mph>60.00</fulcrumtest:speed_mph>
        </extensions>
      </trkpt>
      <trkpt lat="52.0588300" lon="1.3105600">
        <ele>0</ele>
        <time>2026-06-26T08:06:38Z</time>
        <name>397</name>
        <extensions>
          <fulcrumtest:speed_mps>26.822400</fulcrumtest:speed_mps>
          <fulcrumtest:speed_mph>60.00</fulcrumtest:speed_mph>
        </extensions>
      </trkpt>
      <trkpt lat="52.0588400" lon="1.3105600">
        <ele>0</ele>
        <time>2026-06-26T08:06:38Z</time>
        <name>398</name>
        <extensions>
          <fulcrumtest:speed_mps>26.822400</fulcrumtest:speed_mps>
          <fulcrumtest:speed_mph>60.00</fulcrumtest:speed_mph>
        </extensions>
      </trkpt>
      <trkpt lat="52.0588400" lon="1.3105700">
        <ele>0</ele>
        <time>2026-06-26T08:06:38Z</time>
        <name>399</name>
        <extensions>
          <fulcrumtest:speed_mps>26.822400</fulcrumtest:speed_mps>
          <fulcrumtest:speed_mph>60.00</fulcrumtest:speed_mph>
        </extensions>
      </trkpt>
      <trkpt lat="52.0588500" lon="1.3105700">
        <ele>0</ele>
        <time>2026-06-26T08:06:38Z</time>
        <name>400</name>
        <extensions>
          <fulcrumtest:speed_mps>26.822400</fulcrumtest:speed_mps>
          <fulcrumtest:speed_mph>60.00</fulcrumtest:speed_mph>
        </extensions>
      </trkpt>
      <trkpt lat="52.0588700" lon="1.3105900">
        <ele>0</ele>
        <time>2026-06-26T08:06:38Z</time>
        <name>401</name>
        <extensions>
          <fulcrumtest:speed_mps>26.822400</fulcrumtest:speed_mps>
          <fulcrumtest:speed_mph>60.00</fulcrumtest:speed_mph>
        </extensions>
      </trkpt>
      <trkpt lat="52.0588700" lon="1.3106000">
        <ele>0</ele>
        <time>2026-06-26T08:06:38Z</time>
        <name>402</name>
        <extensions>
          <fulcrumtest:speed_mps>26.822400</fulcrumtest:speed_mps>
          <fulcrumtest:speed_mph>60.00</fulcrumtest:speed_mph>
        </extensions>
      </trkpt>
      <trkpt lat="52.0588900" lon="1.3106200">
        <ele>0</ele>
        <time>2026-06-26T08:06:38Z</time>
        <name>403</name>
        <extensions>
          <fulcrumtest:speed_mps>26.822400</fulcrumtest:speed_mps>
          <fulcrumtest:speed_mph>60.00</fulcrumtest:speed_mph>
        </extensions>
      </trkpt>
      <trkpt lat="52.0588900" lon="1.3106300">
        <ele>0</ele>
        <time>2026-06-26T08:06:38Z</time>
        <name>404</name>
        <extensions>
          <fulcrumtest:speed_mps>26.822400</fulcrumtest:speed_mps>
          <fulcrumtest:speed_mph>60.00</fulcrumtest:speed_mph>
        </extensions>
      </trkpt>
      <trkpt lat="52.0589000" lon="1.3106400">
        <ele>0</ele>
        <time>2026-06-26T08:06:39Z</time>
        <name>405</name>
        <extensions>
          <fulcrumtest:speed_mps>26.822400</fulcrumtest:speed_mps>
          <fulcrumtest:speed_mph>60.00</fulcrumtest:speed_mph>
        </extensions>
      </trkpt>
      <trkpt lat="52.0589000" lon="1.3106600">
        <ele>0</ele>
        <time>2026-06-26T08:06:39Z</time>
        <name>406</name>
        <extensions>
          <fulcrumtest:speed_mps>26.822400</fulcrumtest:speed_mps>
          <fulcrumtest:speed_mph>60.00</fulcrumtest:speed_mph>
        </extensions>
      </trkpt>
      <trkpt lat="52.0589100" lon="1.3106700">
        <ele>0</ele>
        <time>2026-06-26T08:06:39Z</time>
        <name>407</name>
        <extensions>
          <fulcrumtest:speed_mps>26.822400</fulcrumtest:speed_mps>
          <fulcrumtest:speed_mph>60.00</fulcrumtest:speed_mph>
        </extensions>
      </trkpt>
      <trkpt lat="52.0589100" lon="1.3106900">
        <ele>0</ele>
        <time>2026-06-26T08:06:39Z</time>
        <name>408</name>
        <extensions>
          <fulcrumtest:speed_mps>26.822400</fulcrumtest:speed_mps>
          <fulcrumtest:speed_mph>60.00</fulcrumtest:speed_mph>
        </extensions>
      </trkpt>
      <trkpt lat="52.0589200" lon="1.3107000">
        <ele>0</ele>
        <time>2026-06-26T08:06:39Z</time>
        <name>409</name>
        <extensions>
          <fulcrumtest:speed_mps>26.822400</fulcrumtest:speed_mps>
          <fulcrumtest:speed_mph>60.00</fulcrumtest:speed_mph>
        </extensions>
      </trkpt>
      <trkpt lat="52.0589200" lon="1.3108200">
        <ele>0</ele>
        <time>2026-06-26T08:06:39Z</time>
        <name>410</name>
        <extensions>
          <fulcrumtest:speed_mps>26.822400</fulcrumtest:speed_mps>
          <fulcrumtest:speed_mph>60.00</fulcrumtest:speed_mph>
        </extensions>
      </trkpt>
      <trkpt lat="52.0589100" lon="1.3108300">
        <ele>0</ele>
        <time>2026-06-26T08:06:39Z</time>
        <name>411</name>
        <extensions>
          <fulcrumtest:speed_mps>26.822400</fulcrumtest:speed_mps>
          <fulcrumtest:speed_mph>60.00</fulcrumtest:speed_mph>
        </extensions>
      </trkpt>
      <trkpt lat="52.0589100" lon="1.3108500">
        <ele>0</ele>
        <time>2026-06-26T08:06:39Z</time>
        <name>412</name>
        <extensions>
          <fulcrumtest:speed_mps>26.822400</fulcrumtest:speed_mps>
          <fulcrumtest:speed_mph>60.00</fulcrumtest:speed_mph>
        </extensions>
      </trkpt>
      <trkpt lat="52.0589000" lon="1.3108600">
        <ele>0</ele>
        <time>2026-06-26T08:06:39Z</time>
        <name>413</name>
        <extensions>
          <fulcrumtest:speed_mps>26.822400</fulcrumtest:speed_mps>
          <fulcrumtest:speed_mph>60.00</fulcrumtest:speed_mph>
        </extensions>
      </trkpt>
      <trkpt lat="52.0589000" lon="1.3108800">
        <ele>0</ele>
        <time>2026-06-26T08:06:39Z</time>
        <name>414</name>
        <extensions>
          <fulcrumtest:speed_mps>26.822400</fulcrumtest:speed_mps>
          <fulcrumtest:speed_mph>60.00</fulcrumtest:speed_mph>
        </extensions>
      </trkpt>
      <trkpt lat="52.0588900" lon="1.3108900">
        <ele>0</ele>
        <time>2026-06-26T08:06:39Z</time>
        <name>415</name>
        <extensions>
          <fulcrumtest:speed_mps>26.822400</fulcrumtest:speed_mps>
          <fulcrumtest:speed_mph>60.00</fulcrumtest:speed_mph>
        </extensions>
      </trkpt>
      <trkpt lat="52.0588900" lon="1.3109000">
        <ele>0</ele>
        <time>2026-06-26T08:06:39Z</time>
        <name>416</name>
        <extensions>
          <fulcrumtest:speed_mps>26.822400</fulcrumtest:speed_mps>
          <fulcrumtest:speed_mph>60.00</fulcrumtest:speed_mph>
        </extensions>
      </trkpt>
      <trkpt lat="52.0588800" lon="1.3109100">
        <ele>0</ele>
        <time>2026-06-26T08:06:39Z</time>
        <name>417</name>
        <extensions>
          <fulcrumtest:speed_mps>26.822400</fulcrumtest:speed_mps>
          <fulcrumtest:speed_mph>60.00</fulcrumtest:speed_mph>
        </extensions>
      </trkpt>
      <trkpt lat="52.0588800" lon="1.3109200">
        <ele>0</ele>
        <time>2026-06-26T08:06:39Z</time>
        <name>418</name>
        <extensions>
          <fulcrumtest:speed_mps>26.822400</fulcrumtest:speed_mps>
          <fulcrumtest:speed_mph>60.00</fulcrumtest:speed_mph>
        </extensions>
      </trkpt>
      <trkpt lat="52.0588700" lon="1.3109300">
        <ele>0</ele>
        <time>2026-06-26T08:06:39Z</time>
        <name>419</name>
        <extensions>
          <fulcrumtest:speed_mps>26.822400</fulcrumtest:speed_mps>
          <fulcrumtest:speed_mph>60.00</fulcrumtest:speed_mph>
        </extensions>
      </trkpt>
      <trkpt lat="52.0589500" lon="1.3111800">
        <ele>0</ele>
        <time>2026-06-26T08:06:40Z</time>
        <name>420</name>
        <extensions>
          <fulcrumtest:speed_mps>26.822400</fulcrumtest:speed_mps>
          <fulcrumtest:speed_mph>60.00</fulcrumtest:speed_mph>
        </extensions>
      </trkpt>
      <trkpt lat="52.0590900" lon="1.3117600">
        <ele>0</ele>
        <time>2026-06-26T08:06:42Z</time>
        <name>421</name>
        <extensions>
          <fulcrumtest:speed_mps>26.822400</fulcrumtest:speed_mps>
          <fulcrumtest:speed_mph>60.00</fulcrumtest:speed_mph>
        </extensions>
      </trkpt>
      <trkpt lat="52.0591500" lon="1.3119200">
        <ele>0</ele>
        <time>2026-06-26T08:06:42Z</time>
        <name>422</name>
        <extensions>
          <fulcrumtest:speed_mps>26.822400</fulcrumtest:speed_mps>
          <fulcrumtest:speed_mph>60.00</fulcrumtest:speed_mph>
        </extensions>
      </trkpt>
      <trkpt lat="52.0592200" lon="1.3121400">
        <ele>0</ele>
        <time>2026-06-26T08:06:43Z</time>
        <name>423</name>
        <extensions>
          <fulcrumtest:speed_mps>26.822400</fulcrumtest:speed_mps>
          <fulcrumtest:speed_mph>60.00</fulcrumtest:speed_mph>
        </extensions>
      </trkpt>
      <trkpt lat="52.0592400" lon="1.3121700">
        <ele>0</ele>
        <time>2026-06-26T08:06:43Z</time>
        <name>424</name>
        <extensions>
          <fulcrumtest:speed_mps>26.822400</fulcrumtest:speed_mps>
          <fulcrumtest:speed_mph>60.00</fulcrumtest:speed_mph>
        </extensions>
      </trkpt>
      <trkpt lat="52.0593700" lon="1.3125200">
        <ele>0</ele>
        <time>2026-06-26T08:06:44Z</time>
        <name>425</name>
        <extensions>
          <fulcrumtest:speed_mps>26.822400</fulcrumtest:speed_mps>
          <fulcrumtest:speed_mph>60.00</fulcrumtest:speed_mph>
        </extensions>
      </trkpt>
      <trkpt lat="52.0595500" lon="1.3128800">
        <ele>0</ele>
        <time>2026-06-26T08:06:45Z</time>
        <name>426</name>
        <extensions>
          <fulcrumtest:speed_mps>26.822400</fulcrumtest:speed_mps>
          <fulcrumtest:speed_mph>60.00</fulcrumtest:speed_mph>
        </extensions>
      </trkpt>
      <trkpt lat="52.0595700" lon="1.3129000">
        <ele>0</ele>
        <time>2026-06-26T08:06:45Z</time>
        <name>427</name>
        <extensions>
          <fulcrumtest:speed_mps>26.822400</fulcrumtest:speed_mps>
          <fulcrumtest:speed_mph>60.00</fulcrumtest:speed_mph>
        </extensions>
      </trkpt>
      <trkpt lat="52.0596800" lon="1.3130900">
        <ele>0</ele>
        <time>2026-06-26T08:06:46Z</time>
        <name>428</name>
        <extensions>
          <fulcrumtest:speed_mps>26.822400</fulcrumtest:speed_mps>
          <fulcrumtest:speed_mph>60.00</fulcrumtest:speed_mph>
        </extensions>
      </trkpt>
      <trkpt lat="52.0598100" lon="1.3132900">
        <ele>0</ele>
        <time>2026-06-26T08:06:47Z</time>
        <name>429</name>
        <extensions>
          <fulcrumtest:speed_mps>26.822400</fulcrumtest:speed_mps>
          <fulcrumtest:speed_mph>60.00</fulcrumtest:speed_mph>
        </extensions>
      </trkpt>
      <trkpt lat="52.0599500" lon="1.3134700">
        <ele>0</ele>
        <time>2026-06-26T08:06:47Z</time>
        <name>430</name>
        <extensions>
          <fulcrumtest:speed_mps>26.822400</fulcrumtest:speed_mps>
          <fulcrumtest:speed_mph>60.00</fulcrumtest:speed_mph>
        </extensions>
      </trkpt>
      <trkpt lat="52.0602600" lon="1.3138000">
        <ele>0</ele>
        <time>2026-06-26T08:06:49Z</time>
        <name>431</name>
        <extensions>
          <fulcrumtest:speed_mps>26.822400</fulcrumtest:speed_mps>
          <fulcrumtest:speed_mph>60.00</fulcrumtest:speed_mph>
        </extensions>
      </trkpt>
      <trkpt lat="52.0605200" lon="1.3141100">
        <ele>0</ele>
        <time>2026-06-26T08:06:50Z</time>
        <name>432</name>
        <extensions>
          <fulcrumtest:speed_mps>26.822400</fulcrumtest:speed_mps>
          <fulcrumtest:speed_mph>60.00</fulcrumtest:speed_mph>
        </extensions>
      </trkpt>
      <trkpt lat="52.0607500" lon="1.3145100">
        <ele>0</ele>
        <time>2026-06-26T08:06:52Z</time>
        <name>433</name>
        <extensions>
          <fulcrumtest:speed_mps>26.822400</fulcrumtest:speed_mps>
          <fulcrumtest:speed_mph>60.00</fulcrumtest:speed_mph>
        </extensions>
      </trkpt>
      <trkpt lat="52.0611700" lon="1.3153900">
        <ele>0</ele>
        <time>2026-06-26T08:06:55Z</time>
        <name>434</name>
        <extensions>
          <fulcrumtest:speed_mps>26.822400</fulcrumtest:speed_mps>
          <fulcrumtest:speed_mph>60.00</fulcrumtest:speed_mph>
        </extensions>
      </trkpt>
      <trkpt lat="52.0613900" lon="1.3160200">
        <ele>0</ele>
        <time>2026-06-26T08:06:56Z</time>
        <name>435</name>
        <extensions>
          <fulcrumtest:speed_mps>26.822400</fulcrumtest:speed_mps>
          <fulcrumtest:speed_mph>60.00</fulcrumtest:speed_mph>
        </extensions>
      </trkpt>
      <trkpt lat="52.0614400" lon="1.3161400">
        <ele>0</ele>
        <time>2026-06-26T08:06:57Z</time>
        <name>436</name>
        <extensions>
          <fulcrumtest:speed_mps>26.822400</fulcrumtest:speed_mps>
          <fulcrumtest:speed_mph>60.00</fulcrumtest:speed_mph>
        </extensions>
      </trkpt>
      <trkpt lat="52.0615800" lon="1.3167100">
        <ele>0</ele>
        <time>2026-06-26T08:06:58Z</time>
        <name>437</name>
        <extensions>
          <fulcrumtest:speed_mps>26.822400</fulcrumtest:speed_mps>
          <fulcrumtest:speed_mph>60.00</fulcrumtest:speed_mph>
        </extensions>
      </trkpt>
      <trkpt lat="52.0618300" lon="1.3175700">
        <ele>0</ele>
        <time>2026-06-26T08:07:01Z</time>
        <name>438</name>
        <extensions>
          <fulcrumtest:speed_mps>26.822400</fulcrumtest:speed_mps>
          <fulcrumtest:speed_mph>60.00</fulcrumtest:speed_mph>
        </extensions>
      </trkpt>
      <trkpt lat="52.0619700" lon="1.3179300">
        <ele>0</ele>
        <time>2026-06-26T08:07:02Z</time>
        <name>439</name>
        <extensions>
          <fulcrumtest:speed_mps>26.822400</fulcrumtest:speed_mps>
          <fulcrumtest:speed_mph>60.00</fulcrumtest:speed_mph>
        </extensions>
      </trkpt>
      <trkpt lat="52.0619700" lon="1.3179400">
        <ele>0</ele>
        <time>2026-06-26T08:07:02Z</time>
        <name>440</name>
        <extensions>
          <fulcrumtest:speed_mps>26.822400</fulcrumtest:speed_mps>
          <fulcrumtest:speed_mph>60.00</fulcrumtest:speed_mph>
        </extensions>
      </trkpt>
      <trkpt lat="52.0621100" lon="1.3183200">
        <ele>0</ele>
        <time>2026-06-26T08:07:03Z</time>
        <name>441</name>
        <extensions>
          <fulcrumtest:speed_mps>26.822400</fulcrumtest:speed_mps>
          <fulcrumtest:speed_mph>60.00</fulcrumtest:speed_mph>
        </extensions>
      </trkpt>
      <trkpt lat="52.0622300" lon="1.3187200">
        <ele>0</ele>
        <time>2026-06-26T08:07:04Z</time>
        <name>442</name>
        <extensions>
          <fulcrumtest:speed_mps>26.822400</fulcrumtest:speed_mps>
          <fulcrumtest:speed_mph>60.00</fulcrumtest:speed_mph>
        </extensions>
      </trkpt>
      <trkpt lat="52.0623300" lon="1.3191400">
        <ele>0</ele>
        <time>2026-06-26T08:07:05Z</time>
        <name>443</name>
        <extensions>
          <fulcrumtest:speed_mps>26.822400</fulcrumtest:speed_mps>
          <fulcrumtest:speed_mph>60.00</fulcrumtest:speed_mph>
        </extensions>
      </trkpt>
      <trkpt lat="52.0623600" lon="1.3195400">
        <ele>0</ele>
        <time>2026-06-26T08:07:06Z</time>
        <name>444</name>
        <extensions>
          <fulcrumtest:speed_mps>26.822400</fulcrumtest:speed_mps>
          <fulcrumtest:speed_mph>60.00</fulcrumtest:speed_mph>
        </extensions>
      </trkpt>
      <trkpt lat="52.0623500" lon="1.3205800">
        <ele>0</ele>
        <time>2026-06-26T08:07:09Z</time>
        <name>445</name>
        <extensions>
          <fulcrumtest:speed_mps>26.822400</fulcrumtest:speed_mps>
          <fulcrumtest:speed_mph>60.00</fulcrumtest:speed_mph>
        </extensions>
      </trkpt>
      <trkpt lat="52.0623400" lon="1.3206300">
        <ele>0</ele>
        <time>2026-06-26T08:07:09Z</time>
        <name>446</name>
        <extensions>
          <fulcrumtest:speed_mps>26.822400</fulcrumtest:speed_mps>
          <fulcrumtest:speed_mph>60.00</fulcrumtest:speed_mph>
        </extensions>
      </trkpt>
      <trkpt lat="52.0623300" lon="1.3210600">
        <ele>0</ele>
        <time>2026-06-26T08:07:10Z</time>
        <name>447</name>
        <extensions>
          <fulcrumtest:speed_mps>26.822400</fulcrumtest:speed_mps>
          <fulcrumtest:speed_mph>60.00</fulcrumtest:speed_mph>
        </extensions>
      </trkpt>
      <trkpt lat="52.0623200" lon="1.3212000">
        <ele>0</ele>
        <time>2026-06-26T08:07:10Z</time>
        <name>448</name>
        <extensions>
          <fulcrumtest:speed_mps>26.822400</fulcrumtest:speed_mps>
          <fulcrumtest:speed_mph>60.00</fulcrumtest:speed_mph>
        </extensions>
      </trkpt>
      <trkpt lat="52.0623200" lon="1.3216400">
        <ele>0</ele>
        <time>2026-06-26T08:07:12Z</time>
        <name>449</name>
        <extensions>
          <fulcrumtest:speed_mps>26.822400</fulcrumtest:speed_mps>
          <fulcrumtest:speed_mph>60.00</fulcrumtest:speed_mph>
        </extensions>
      </trkpt>
      <trkpt lat="52.0623300" lon="1.3218800">
        <ele>0</ele>
        <time>2026-06-26T08:07:12Z</time>
        <name>450</name>
        <extensions>
          <fulcrumtest:speed_mps>26.822400</fulcrumtest:speed_mps>
          <fulcrumtest:speed_mph>60.00</fulcrumtest:speed_mph>
        </extensions>
      </trkpt>
      <trkpt lat="52.0623700" lon="1.3221700">
        <ele>0</ele>
        <time>2026-06-26T08:07:13Z</time>
        <name>451</name>
        <extensions>
          <fulcrumtest:speed_mps>26.822400</fulcrumtest:speed_mps>
          <fulcrumtest:speed_mph>60.00</fulcrumtest:speed_mph>
        </extensions>
      </trkpt>
      <trkpt lat="52.0623700" lon="1.3222200">
        <ele>0</ele>
        <time>2026-06-26T08:07:13Z</time>
        <name>452</name>
        <extensions>
          <fulcrumtest:speed_mps>26.822400</fulcrumtest:speed_mps>
          <fulcrumtest:speed_mph>60.00</fulcrumtest:speed_mph>
        </extensions>
      </trkpt>
      <trkpt lat="52.0623900" lon="1.3223300">
        <ele>0</ele>
        <time>2026-06-26T08:07:13Z</time>
        <name>453</name>
        <extensions>
          <fulcrumtest:speed_mps>26.822400</fulcrumtest:speed_mps>
          <fulcrumtest:speed_mph>60.00</fulcrumtest:speed_mph>
        </extensions>
      </trkpt>
      <trkpt lat="52.0626100" lon="1.3230300">
        <ele>0</ele>
        <time>2026-06-26T08:07:15Z</time>
        <name>454</name>
        <extensions>
          <fulcrumtest:speed_mps>26.822400</fulcrumtest:speed_mps>
          <fulcrumtest:speed_mph>60.00</fulcrumtest:speed_mph>
        </extensions>
      </trkpt>
      <trkpt lat="52.0626200" lon="1.3230900">
        <ele>0</ele>
        <time>2026-06-26T08:07:16Z</time>
        <name>455</name>
        <extensions>
          <fulcrumtest:speed_mps>26.822400</fulcrumtest:speed_mps>
          <fulcrumtest:speed_mph>60.00</fulcrumtest:speed_mph>
        </extensions>
      </trkpt>
      <trkpt lat="52.0626400" lon="1.3231300">
        <ele>0</ele>
        <time>2026-06-26T08:07:16Z</time>
        <name>456</name>
        <extensions>
          <fulcrumtest:speed_mps>26.822400</fulcrumtest:speed_mps>
          <fulcrumtest:speed_mph>60.00</fulcrumtest:speed_mph>
        </extensions>
      </trkpt>
      <trkpt lat="52.0627500" lon="1.3235500">
        <ele>0</ele>
        <time>2026-06-26T08:07:17Z</time>
        <name>457</name>
        <extensions>
          <fulcrumtest:speed_mps>26.822400</fulcrumtest:speed_mps>
          <fulcrumtest:speed_mph>60.00</fulcrumtest:speed_mph>
        </extensions>
      </trkpt>
      <trkpt lat="52.0630200" lon="1.3249700">
        <ele>0</ele>
        <time>2026-06-26T08:07:21Z</time>
        <name>458</name>
        <extensions>
          <fulcrumtest:speed_mps>26.822400</fulcrumtest:speed_mps>
          <fulcrumtest:speed_mph>60.00</fulcrumtest:speed_mph>
        </extensions>
      </trkpt>
      <trkpt lat="52.0630500" lon="1.3250900">
        <ele>0</ele>
        <time>2026-06-26T08:07:21Z</time>
        <name>459</name>
        <extensions>
          <fulcrumtest:speed_mps>26.822400</fulcrumtest:speed_mps>
          <fulcrumtest:speed_mph>60.00</fulcrumtest:speed_mph>
        </extensions>
      </trkpt>
      <trkpt lat="52.0631600" lon="1.3254300">
        <ele>0</ele>
        <time>2026-06-26T08:07:22Z</time>
        <name>460</name>
        <extensions>
          <fulcrumtest:speed_mps>26.822400</fulcrumtest:speed_mps>
          <fulcrumtest:speed_mph>60.00</fulcrumtest:speed_mph>
        </extensions>
      </trkpt>
      <trkpt lat="52.0632700" lon="1.3256900">
        <ele>0</ele>
        <time>2026-06-26T08:07:23Z</time>
        <name>461</name>
        <extensions>
          <fulcrumtest:speed_mps>26.822400</fulcrumtest:speed_mps>
          <fulcrumtest:speed_mph>60.00</fulcrumtest:speed_mph>
        </extensions>
      </trkpt>
      <trkpt lat="52.0634200" lon="1.3259800">
        <ele>0</ele>
        <time>2026-06-26T08:07:24Z</time>
        <name>462</name>
        <extensions>
          <fulcrumtest:speed_mps>26.822400</fulcrumtest:speed_mps>
          <fulcrumtest:speed_mph>60.00</fulcrumtest:speed_mph>
        </extensions>
      </trkpt>
      <trkpt lat="52.0635900" lon="1.3262300">
        <ele>0</ele>
        <time>2026-06-26T08:07:25Z</time>
        <name>463</name>
        <extensions>
          <fulcrumtest:speed_mps>26.822400</fulcrumtest:speed_mps>
          <fulcrumtest:speed_mph>60.00</fulcrumtest:speed_mph>
        </extensions>
      </trkpt>
      <trkpt lat="52.0637100" lon="1.3263700">
        <ele>0</ele>
        <time>2026-06-26T08:07:25Z</time>
        <name>464</name>
        <extensions>
          <fulcrumtest:speed_mps>26.822400</fulcrumtest:speed_mps>
          <fulcrumtest:speed_mph>60.00</fulcrumtest:speed_mph>
        </extensions>
      </trkpt>
      <trkpt lat="52.0637800" lon="1.3264700">
        <ele>0</ele>
        <time>2026-06-26T08:07:26Z</time>
        <name>465</name>
        <extensions>
          <fulcrumtest:speed_mps>26.822400</fulcrumtest:speed_mps>
          <fulcrumtest:speed_mph>60.00</fulcrumtest:speed_mph>
        </extensions>
      </trkpt>
      <trkpt lat="52.0640700" lon="1.3267700">
        <ele>0</ele>
        <time>2026-06-26T08:07:27Z</time>
        <name>466</name>
        <extensions>
          <fulcrumtest:speed_mps>26.822400</fulcrumtest:speed_mps>
          <fulcrumtest:speed_mph>60.00</fulcrumtest:speed_mph>
        </extensions>
      </trkpt>
      <trkpt lat="52.0641300" lon="1.3268500">
        <ele>0</ele>
        <time>2026-06-26T08:07:27Z</time>
        <name>467</name>
        <extensions>
          <fulcrumtest:speed_mps>26.822400</fulcrumtest:speed_mps>
          <fulcrumtest:speed_mph>60.00</fulcrumtest:speed_mph>
        </extensions>
      </trkpt>
      <trkpt lat="52.0642600" lon="1.3270700">
        <ele>0</ele>
        <time>2026-06-26T08:07:28Z</time>
        <name>468</name>
        <extensions>
          <fulcrumtest:speed_mps>26.822400</fulcrumtest:speed_mps>
          <fulcrumtest:speed_mph>60.00</fulcrumtest:speed_mph>
        </extensions>
      </trkpt>
      <trkpt lat="52.0643300" lon="1.3272200">
        <ele>0</ele>
        <time>2026-06-26T08:07:29Z</time>
        <name>469</name>
        <extensions>
          <fulcrumtest:speed_mps>26.822400</fulcrumtest:speed_mps>
          <fulcrumtest:speed_mph>60.00</fulcrumtest:speed_mph>
        </extensions>
      </trkpt>
      <trkpt lat="52.0644200" lon="1.3274600">
        <ele>0</ele>
        <time>2026-06-26T08:07:29Z</time>
        <name>470</name>
        <extensions>
          <fulcrumtest:speed_mps>26.822400</fulcrumtest:speed_mps>
          <fulcrumtest:speed_mph>60.00</fulcrumtest:speed_mph>
        </extensions>
      </trkpt>
      <trkpt lat="52.0645600" lon="1.3280900">
        <ele>0</ele>
        <time>2026-06-26T08:07:31Z</time>
        <name>471</name>
        <extensions>
          <fulcrumtest:speed_mps>26.822400</fulcrumtest:speed_mps>
          <fulcrumtest:speed_mph>60.00</fulcrumtest:speed_mph>
        </extensions>
      </trkpt>
      <trkpt lat="52.0646000" lon="1.3284700">
        <ele>0</ele>
        <time>2026-06-26T08:07:32Z</time>
        <name>472</name>
        <extensions>
          <fulcrumtest:speed_mps>26.822400</fulcrumtest:speed_mps>
          <fulcrumtest:speed_mph>60.00</fulcrumtest:speed_mph>
        </extensions>
      </trkpt>
      <trkpt lat="52.0646000" lon="1.3285300">
        <ele>0</ele>
        <time>2026-06-26T08:07:32Z</time>
        <name>473</name>
        <extensions>
          <fulcrumtest:speed_mps>26.822400</fulcrumtest:speed_mps>
          <fulcrumtest:speed_mph>60.00</fulcrumtest:speed_mph>
        </extensions>
      </trkpt>
      <trkpt lat="52.0646300" lon="1.3288800">
        <ele>0</ele>
        <time>2026-06-26T08:07:33Z</time>
        <name>474</name>
        <extensions>
          <fulcrumtest:speed_mps>26.822400</fulcrumtest:speed_mps>
          <fulcrumtest:speed_mph>60.00</fulcrumtest:speed_mph>
        </extensions>
      </trkpt>
      <trkpt lat="52.0646400" lon="1.3289100">
        <ele>0</ele>
        <time>2026-06-26T08:07:33Z</time>
        <name>475</name>
        <extensions>
          <fulcrumtest:speed_mps>26.822400</fulcrumtest:speed_mps>
          <fulcrumtest:speed_mph>60.00</fulcrumtest:speed_mph>
        </extensions>
      </trkpt>
      <trkpt lat="52.0646600" lon="1.3291000">
        <ele>0</ele>
        <time>2026-06-26T08:07:34Z</time>
        <name>476</name>
        <extensions>
          <fulcrumtest:speed_mps>26.822400</fulcrumtest:speed_mps>
          <fulcrumtest:speed_mph>60.00</fulcrumtest:speed_mph>
        </extensions>
      </trkpt>
      <trkpt lat="52.0646700" lon="1.3291000">
        <ele>0</ele>
        <time>2026-06-26T08:07:34Z</time>
        <name>477</name>
        <extensions>
          <fulcrumtest:speed_mps>26.822400</fulcrumtest:speed_mps>
          <fulcrumtest:speed_mph>60.00</fulcrumtest:speed_mph>
        </extensions>
      </trkpt>
      <trkpt lat="52.0646800" lon="1.3290900">
        <ele>0</ele>
        <time>2026-06-26T08:07:34Z</time>
        <name>478</name>
        <extensions>
          <fulcrumtest:speed_mps>26.822400</fulcrumtest:speed_mps>
          <fulcrumtest:speed_mph>60.00</fulcrumtest:speed_mph>
        </extensions>
      </trkpt>
      <trkpt lat="52.0646800" lon="1.3290800">
        <ele>0</ele>
        <time>2026-06-26T08:07:34Z</time>
        <name>479</name>
        <extensions>
          <fulcrumtest:speed_mps>26.822400</fulcrumtest:speed_mps>
          <fulcrumtest:speed_mph>60.00</fulcrumtest:speed_mph>
        </extensions>
      </trkpt>
      <trkpt lat="52.0646900" lon="1.3290700">
        <ele>0</ele>
        <time>2026-06-26T08:07:34Z</time>
        <name>480</name>
        <extensions>
          <fulcrumtest:speed_mps>26.822400</fulcrumtest:speed_mps>
          <fulcrumtest:speed_mph>60.00</fulcrumtest:speed_mph>
        </extensions>
      </trkpt>
      <trkpt lat="52.0647100" lon="1.3290700">
        <ele>0</ele>
        <time>2026-06-26T08:07:34Z</time>
        <name>481</name>
        <extensions>
          <fulcrumtest:speed_mps>26.822400</fulcrumtest:speed_mps>
          <fulcrumtest:speed_mph>60.00</fulcrumtest:speed_mph>
        </extensions>
      </trkpt>
      <trkpt lat="52.0647300" lon="1.3290800">
        <ele>0</ele>
        <time>2026-06-26T08:07:34Z</time>
        <name>482</name>
        <extensions>
          <fulcrumtest:speed_mps>26.822400</fulcrumtest:speed_mps>
          <fulcrumtest:speed_mph>60.00</fulcrumtest:speed_mph>
        </extensions>
      </trkpt>
      <trkpt lat="52.0647600" lon="1.3291100">
        <ele>0</ele>
        <time>2026-06-26T08:07:34Z</time>
        <name>483</name>
        <extensions>
          <fulcrumtest:speed_mps>26.822400</fulcrumtest:speed_mps>
          <fulcrumtest:speed_mph>60.00</fulcrumtest:speed_mph>
        </extensions>
      </trkpt>
      <trkpt lat="52.0647600" lon="1.3291200">
        <ele>0</ele>
        <time>2026-06-26T08:07:34Z</time>
        <name>484</name>
        <extensions>
          <fulcrumtest:speed_mps>26.822400</fulcrumtest:speed_mps>
          <fulcrumtest:speed_mph>60.00</fulcrumtest:speed_mph>
        </extensions>
      </trkpt>
      <trkpt lat="52.0647700" lon="1.3291400">
        <ele>0</ele>
        <time>2026-06-26T08:07:34Z</time>
        <name>485</name>
        <extensions>
          <fulcrumtest:speed_mps>26.822400</fulcrumtest:speed_mps>
          <fulcrumtest:speed_mph>60.00</fulcrumtest:speed_mph>
        </extensions>
      </trkpt>
      <trkpt lat="52.0647700" lon="1.3291500">
        <ele>0</ele>
        <time>2026-06-26T08:07:34Z</time>
        <name>486</name>
        <extensions>
          <fulcrumtest:speed_mps>26.822400</fulcrumtest:speed_mps>
          <fulcrumtest:speed_mph>60.00</fulcrumtest:speed_mph>
        </extensions>
      </trkpt>
      <trkpt lat="52.0647800" lon="1.3291600">
        <ele>0</ele>
        <time>2026-06-26T08:07:34Z</time>
        <name>487</name>
        <extensions>
          <fulcrumtest:speed_mps>26.822400</fulcrumtest:speed_mps>
          <fulcrumtest:speed_mph>60.00</fulcrumtest:speed_mph>
        </extensions>
      </trkpt>
      <trkpt lat="52.0647800" lon="1.3292300">
        <ele>0</ele>
        <time>2026-06-26T08:07:35Z</time>
        <name>488</name>
        <extensions>
          <fulcrumtest:speed_mps>26.822400</fulcrumtest:speed_mps>
          <fulcrumtest:speed_mph>60.00</fulcrumtest:speed_mph>
        </extensions>
      </trkpt>
      <trkpt lat="52.0647700" lon="1.3292400">
        <ele>0</ele>
        <time>2026-06-26T08:07:35Z</time>
        <name>489</name>
        <extensions>
          <fulcrumtest:speed_mps>26.822400</fulcrumtest:speed_mps>
          <fulcrumtest:speed_mph>60.00</fulcrumtest:speed_mph>
        </extensions>
      </trkpt>
      <trkpt lat="52.0647700" lon="1.3292500">
        <ele>0</ele>
        <time>2026-06-26T08:07:35Z</time>
        <name>490</name>
        <extensions>
          <fulcrumtest:speed_mps>26.822400</fulcrumtest:speed_mps>
          <fulcrumtest:speed_mph>60.00</fulcrumtest:speed_mph>
        </extensions>
      </trkpt>
      <trkpt lat="52.0647600" lon="1.3292600">
        <ele>0</ele>
        <time>2026-06-26T08:07:35Z</time>
        <name>491</name>
        <extensions>
          <fulcrumtest:speed_mps>26.822400</fulcrumtest:speed_mps>
          <fulcrumtest:speed_mph>60.00</fulcrumtest:speed_mph>
        </extensions>
      </trkpt>
      <trkpt lat="52.0647500" lon="1.3292800">
        <ele>0</ele>
        <time>2026-06-26T08:07:35Z</time>
        <name>492</name>
        <extensions>
          <fulcrumtest:speed_mps>26.822400</fulcrumtest:speed_mps>
          <fulcrumtest:speed_mph>60.00</fulcrumtest:speed_mph>
        </extensions>
      </trkpt>
      <trkpt lat="52.0647300" lon="1.3292900">
        <ele>0</ele>
        <time>2026-06-26T08:07:35Z</time>
        <name>493</name>
        <extensions>
          <fulcrumtest:speed_mps>26.822400</fulcrumtest:speed_mps>
          <fulcrumtest:speed_mph>60.00</fulcrumtest:speed_mph>
        </extensions>
      </trkpt>
      <trkpt lat="52.0648700" lon="1.3297300">
        <ele>0</ele>
        <time>2026-06-26T08:07:36Z</time>
        <name>494</name>
        <extensions>
          <fulcrumtest:speed_mps>26.822400</fulcrumtest:speed_mps>
          <fulcrumtest:speed_mph>60.00</fulcrumtest:speed_mph>
        </extensions>
      </trkpt>
      <trkpt lat="52.0650900" lon="1.3301700">
        <ele>0</ele>
        <time>2026-06-26T08:07:38Z</time>
        <name>495</name>
        <extensions>
          <fulcrumtest:speed_mps>26.822400</fulcrumtest:speed_mps>
          <fulcrumtest:speed_mph>60.00</fulcrumtest:speed_mph>
        </extensions>
      </trkpt>
      <trkpt lat="52.0651200" lon="1.3302600">
        <ele>0</ele>
        <time>2026-06-26T08:07:38Z</time>
        <name>496</name>
        <extensions>
          <fulcrumtest:speed_mps>26.822400</fulcrumtest:speed_mps>
          <fulcrumtest:speed_mph>60.00</fulcrumtest:speed_mph>
        </extensions>
      </trkpt>
      <trkpt lat="52.0652200" lon="1.3304500">
        <ele>0</ele>
        <time>2026-06-26T08:07:38Z</time>
        <name>497</name>
        <extensions>
          <fulcrumtest:speed_mps>26.822400</fulcrumtest:speed_mps>
          <fulcrumtest:speed_mph>60.00</fulcrumtest:speed_mph>
        </extensions>
      </trkpt>
      <trkpt lat="52.0654000" lon="1.3308800">
        <ele>0</ele>
        <time>2026-06-26T08:07:40Z</time>
        <name>498</name>
        <extensions>
          <fulcrumtest:speed_mps>26.822400</fulcrumtest:speed_mps>
          <fulcrumtest:speed_mph>60.00</fulcrumtest:speed_mph>
        </extensions>
      </trkpt>
      <trkpt lat="52.0655000" lon="1.3311700">
        <ele>0</ele>
        <time>2026-06-26T08:07:41Z</time>
        <name>499</name>
        <extensions>
          <fulcrumtest:speed_mps>26.822400</fulcrumtest:speed_mps>
          <fulcrumtest:speed_mph>60.00</fulcrumtest:speed_mph>
        </extensions>
      </trkpt>
      <trkpt lat="52.0655800" lon="1.3315100">
        <ele>0</ele>
        <time>2026-06-26T08:07:42Z</time>
        <name>500</name>
        <extensions>
          <fulcrumtest:speed_mps>26.822400</fulcrumtest:speed_mps>
          <fulcrumtest:speed_mph>60.00</fulcrumtest:speed_mph>
        </extensions>
      </trkpt>
      <trkpt lat="52.0656000" lon="1.3316300">
        <ele>0</ele>
        <time>2026-06-26T08:07:42Z</time>
        <name>501</name>
        <extensions>
          <fulcrumtest:speed_mps>26.822400</fulcrumtest:speed_mps>
          <fulcrumtest:speed_mph>60.00</fulcrumtest:speed_mph>
        </extensions>
      </trkpt>
      <trkpt lat="52.0656000" lon="1.3320900">
        <ele>0</ele>
        <time>2026-06-26T08:07:43Z</time>
        <name>502</name>
        <extensions>
          <fulcrumtest:speed_mps>26.822400</fulcrumtest:speed_mps>
          <fulcrumtest:speed_mph>60.00</fulcrumtest:speed_mph>
        </extensions>
      </trkpt>
      <trkpt lat="52.0655500" lon="1.3325900">
        <ele>0</ele>
        <time>2026-06-26T08:07:44Z</time>
        <name>503</name>
        <extensions>
          <fulcrumtest:speed_mps>26.822400</fulcrumtest:speed_mps>
          <fulcrumtest:speed_mph>60.00</fulcrumtest:speed_mph>
        </extensions>
      </trkpt>
      <trkpt lat="52.0655400" lon="1.3326400">
        <ele>0</ele>
        <time>2026-06-26T08:07:44Z</time>
        <name>504</name>
        <extensions>
          <fulcrumtest:speed_mps>26.822400</fulcrumtest:speed_mps>
          <fulcrumtest:speed_mph>60.00</fulcrumtest:speed_mph>
        </extensions>
      </trkpt>
      <trkpt lat="52.0655200" lon="1.3328200">
        <ele>0</ele>
        <time>2026-06-26T08:07:45Z</time>
        <name>505</name>
        <extensions>
          <fulcrumtest:speed_mps>26.822400</fulcrumtest:speed_mps>
          <fulcrumtest:speed_mph>60.00</fulcrumtest:speed_mph>
        </extensions>
      </trkpt>
      <trkpt lat="52.0655000" lon="1.3331700">
        <ele>0</ele>
        <time>2026-06-26T08:07:46Z</time>
        <name>506</name>
        <extensions>
          <fulcrumtest:speed_mps>26.822400</fulcrumtest:speed_mps>
          <fulcrumtest:speed_mph>60.00</fulcrumtest:speed_mph>
        </extensions>
      </trkpt>
      <trkpt lat="52.0655200" lon="1.3334500">
        <ele>0</ele>
        <time>2026-06-26T08:07:47Z</time>
        <name>507</name>
        <extensions>
          <fulcrumtest:speed_mps>26.822400</fulcrumtest:speed_mps>
          <fulcrumtest:speed_mph>60.00</fulcrumtest:speed_mph>
        </extensions>
      </trkpt>
      <trkpt lat="52.0655600" lon="1.3337600">
        <ele>0</ele>
        <time>2026-06-26T08:07:47Z</time>
        <name>508</name>
        <extensions>
          <fulcrumtest:speed_mps>26.822400</fulcrumtest:speed_mps>
          <fulcrumtest:speed_mph>60.00</fulcrumtest:speed_mph>
        </extensions>
      </trkpt>
      <trkpt lat="52.0655900" lon="1.3338700">
        <ele>0</ele>
        <time>2026-06-26T08:07:48Z</time>
        <name>509</name>
        <extensions>
          <fulcrumtest:speed_mps>26.822400</fulcrumtest:speed_mps>
          <fulcrumtest:speed_mph>60.00</fulcrumtest:speed_mph>
        </extensions>
      </trkpt>
      <trkpt lat="52.0656300" lon="1.3340600">
        <ele>0</ele>
        <time>2026-06-26T08:07:48Z</time>
        <name>510</name>
        <extensions>
          <fulcrumtest:speed_mps>26.822400</fulcrumtest:speed_mps>
          <fulcrumtest:speed_mph>60.00</fulcrumtest:speed_mph>
        </extensions>
      </trkpt>
      <trkpt lat="52.0657600" lon="1.3345700">
        <ele>0</ele>
        <time>2026-06-26T08:07:50Z</time>
        <name>511</name>
        <extensions>
          <fulcrumtest:speed_mps>26.822400</fulcrumtest:speed_mps>
          <fulcrumtest:speed_mph>60.00</fulcrumtest:speed_mph>
        </extensions>
      </trkpt>
      <trkpt lat="52.0657700" lon="1.3346500">
        <ele>0</ele>
        <time>2026-06-26T08:07:50Z</time>
        <name>512</name>
        <extensions>
          <fulcrumtest:speed_mps>26.822400</fulcrumtest:speed_mps>
          <fulcrumtest:speed_mph>60.00</fulcrumtest:speed_mph>
        </extensions>
      </trkpt>
      <trkpt lat="52.0657700" lon="1.3347700">
        <ele>0</ele>
        <time>2026-06-26T08:07:50Z</time>
        <name>513</name>
        <extensions>
          <fulcrumtest:speed_mps>26.822400</fulcrumtest:speed_mps>
          <fulcrumtest:speed_mph>60.00</fulcrumtest:speed_mph>
        </extensions>
      </trkpt>
      <trkpt lat="52.0657800" lon="1.3348100">
        <ele>0</ele>
        <time>2026-06-26T08:07:50Z</time>
        <name>514</name>
        <extensions>
          <fulcrumtest:speed_mps>26.822400</fulcrumtest:speed_mps>
          <fulcrumtest:speed_mph>60.00</fulcrumtest:speed_mph>
        </extensions>
      </trkpt>
      <trkpt lat="52.0657700" lon="1.3354000">
        <ele>0</ele>
        <time>2026-06-26T08:07:52Z</time>
        <name>515</name>
        <extensions>
          <fulcrumtest:speed_mps>26.822400</fulcrumtest:speed_mps>
          <fulcrumtest:speed_mph>60.00</fulcrumtest:speed_mph>
        </extensions>
      </trkpt>
      <trkpt lat="52.0657600" lon="1.3355200">
        <ele>0</ele>
        <time>2026-06-26T08:07:52Z</time>
        <name>516</name>
        <extensions>
          <fulcrumtest:speed_mps>26.822400</fulcrumtest:speed_mps>
          <fulcrumtest:speed_mph>60.00</fulcrumtest:speed_mph>
        </extensions>
      </trkpt>
      <trkpt lat="52.0657500" lon="1.3359800">
        <ele>0</ele>
        <time>2026-06-26T08:07:53Z</time>
        <name>517</name>
        <extensions>
          <fulcrumtest:speed_mps>26.822400</fulcrumtest:speed_mps>
          <fulcrumtest:speed_mph>60.00</fulcrumtest:speed_mph>
        </extensions>
      </trkpt>
      <trkpt lat="52.0657400" lon="1.3361000">
        <ele>0</ele>
        <time>2026-06-26T08:07:53Z</time>
        <name>518</name>
        <extensions>
          <fulcrumtest:speed_mps>26.822400</fulcrumtest:speed_mps>
          <fulcrumtest:speed_mph>60.00</fulcrumtest:speed_mph>
        </extensions>
      </trkpt>
      <trkpt lat="52.0657400" lon="1.3363300">
        <ele>0</ele>
        <time>2026-06-26T08:07:54Z</time>
        <name>519</name>
        <extensions>
          <fulcrumtest:speed_mps>26.822400</fulcrumtest:speed_mps>
          <fulcrumtest:speed_mph>60.00</fulcrumtest:speed_mph>
        </extensions>
      </trkpt>
      <trkpt lat="52.0657500" lon="1.3364900">
        <ele>0</ele>
        <time>2026-06-26T08:07:54Z</time>
        <name>520</name>
        <extensions>
          <fulcrumtest:speed_mps>26.822400</fulcrumtest:speed_mps>
          <fulcrumtest:speed_mph>60.00</fulcrumtest:speed_mph>
        </extensions>
      </trkpt>
      <trkpt lat="52.0657600" lon="1.3365100">
        <ele>0</ele>
        <time>2026-06-26T08:07:55Z</time>
        <name>521</name>
        <extensions>
          <fulcrumtest:speed_mps>26.822400</fulcrumtest:speed_mps>
          <fulcrumtest:speed_mph>60.00</fulcrumtest:speed_mph>
        </extensions>
      </trkpt>
      <trkpt lat="52.0657700" lon="1.3366900">
        <ele>0</ele>
        <time>2026-06-26T08:07:55Z</time>
        <name>522</name>
        <extensions>
          <fulcrumtest:speed_mps>26.822400</fulcrumtest:speed_mps>
          <fulcrumtest:speed_mph>60.00</fulcrumtest:speed_mph>
        </extensions>
      </trkpt>
      <trkpt lat="52.0659400" lon="1.3378000">
        <ele>0</ele>
        <time>2026-06-26T08:07:58Z</time>
        <name>523</name>
        <extensions>
          <fulcrumtest:speed_mps>26.822400</fulcrumtest:speed_mps>
          <fulcrumtest:speed_mph>60.00</fulcrumtest:speed_mph>
        </extensions>
      </trkpt>
      <trkpt lat="52.0659800" lon="1.3381500">
        <ele>0</ele>
        <time>2026-06-26T08:07:59Z</time>
        <name>524</name>
        <extensions>
          <fulcrumtest:speed_mps>26.822400</fulcrumtest:speed_mps>
          <fulcrumtest:speed_mph>60.00</fulcrumtest:speed_mph>
        </extensions>
      </trkpt>
      <trkpt lat="52.0660000" lon="1.3382600">
        <ele>0</ele>
        <time>2026-06-26T08:07:59Z</time>
        <name>525</name>
        <extensions>
          <fulcrumtest:speed_mps>26.822400</fulcrumtest:speed_mps>
          <fulcrumtest:speed_mph>60.00</fulcrumtest:speed_mph>
        </extensions>
      </trkpt>
      <trkpt lat="52.0660000" lon="1.3382800">
        <ele>0</ele>
        <time>2026-06-26T08:07:59Z</time>
        <name>526</name>
        <extensions>
          <fulcrumtest:speed_mps>26.822400</fulcrumtest:speed_mps>
          <fulcrumtest:speed_mph>60.00</fulcrumtest:speed_mph>
        </extensions>
      </trkpt>
      <trkpt lat="52.0660300" lon="1.3384100">
        <ele>0</ele>
        <time>2026-06-26T08:07:59Z</time>
        <name>527</name>
        <extensions>
          <fulcrumtest:speed_mps>26.822400</fulcrumtest:speed_mps>
          <fulcrumtest:speed_mph>60.00</fulcrumtest:speed_mph>
        </extensions>
      </trkpt>
      <trkpt lat="52.0660600" lon="1.3385000">
        <ele>0</ele>
        <time>2026-06-26T08:08:00Z</time>
        <name>528</name>
        <extensions>
          <fulcrumtest:speed_mps>26.822400</fulcrumtest:speed_mps>
          <fulcrumtest:speed_mph>60.00</fulcrumtest:speed_mph>
        </extensions>
      </trkpt>
      <trkpt lat="52.0660700" lon="1.3385900">
        <ele>0</ele>
        <time>2026-06-26T08:08:00Z</time>
        <name>529</name>
        <extensions>
          <fulcrumtest:speed_mps>26.822400</fulcrumtest:speed_mps>
          <fulcrumtest:speed_mph>60.00</fulcrumtest:speed_mph>
        </extensions>
      </trkpt>
      <trkpt lat="52.0660900" lon="1.3386900">
        <ele>0</ele>
        <time>2026-06-26T08:08:00Z</time>
        <name>530</name>
        <extensions>
          <fulcrumtest:speed_mps>26.822400</fulcrumtest:speed_mps>
          <fulcrumtest:speed_mph>60.00</fulcrumtest:speed_mph>
        </extensions>
      </trkpt>
      <trkpt lat="52.0661000" lon="1.3387900">
        <ele>0</ele>
        <time>2026-06-26T08:08:01Z</time>
        <name>531</name>
        <extensions>
          <fulcrumtest:speed_mps>26.822400</fulcrumtest:speed_mps>
          <fulcrumtest:speed_mph>60.00</fulcrumtest:speed_mph>
        </extensions>
      </trkpt>
      <trkpt lat="52.0661100" lon="1.3391400">
        <ele>0</ele>
        <time>2026-06-26T08:08:01Z</time>
        <name>532</name>
        <extensions>
          <fulcrumtest:speed_mps>26.822400</fulcrumtest:speed_mps>
          <fulcrumtest:speed_mph>60.00</fulcrumtest:speed_mph>
        </extensions>
      </trkpt>
      <trkpt lat="52.0661200" lon="1.3392300">
        <ele>0</ele>
        <time>2026-06-26T08:08:02Z</time>
        <name>533</name>
        <extensions>
          <fulcrumtest:speed_mps>26.822400</fulcrumtest:speed_mps>
          <fulcrumtest:speed_mph>60.00</fulcrumtest:speed_mph>
        </extensions>
      </trkpt>
      <trkpt lat="52.0661200" lon="1.3393000">
        <ele>0</ele>
        <time>2026-06-26T08:08:02Z</time>
        <name>534</name>
        <extensions>
          <fulcrumtest:speed_mps>26.822400</fulcrumtest:speed_mps>
          <fulcrumtest:speed_mph>60.00</fulcrumtest:speed_mph>
        </extensions>
      </trkpt>
      <trkpt lat="52.0661700" lon="1.3395500">
        <ele>0</ele>
        <time>2026-06-26T08:08:02Z</time>
        <name>535</name>
        <extensions>
          <fulcrumtest:speed_mps>26.822400</fulcrumtest:speed_mps>
          <fulcrumtest:speed_mph>60.00</fulcrumtest:speed_mph>
        </extensions>
      </trkpt>
      <trkpt lat="52.0661900" lon="1.3396200">
        <ele>0</ele>
        <time>2026-06-26T08:08:03Z</time>
        <name>536</name>
        <extensions>
          <fulcrumtest:speed_mps>26.822400</fulcrumtest:speed_mps>
          <fulcrumtest:speed_mph>60.00</fulcrumtest:speed_mph>
        </extensions>
      </trkpt>
      <trkpt lat="52.0662000" lon="1.3396300">
        <ele>0</ele>
        <time>2026-06-26T08:08:03Z</time>
        <name>537</name>
        <extensions>
          <fulcrumtest:speed_mps>26.822400</fulcrumtest:speed_mps>
          <fulcrumtest:speed_mph>60.00</fulcrumtest:speed_mph>
        </extensions>
      </trkpt>
      <trkpt lat="52.0662700" lon="1.3398200">
        <ele>0</ele>
        <time>2026-06-26T08:08:03Z</time>
        <name>538</name>
        <extensions>
          <fulcrumtest:speed_mps>26.822400</fulcrumtest:speed_mps>
          <fulcrumtest:speed_mph>60.00</fulcrumtest:speed_mph>
        </extensions>
      </trkpt>
      <trkpt lat="52.0664400" lon="1.3400900">
        <ele>0</ele>
        <time>2026-06-26T08:08:04Z</time>
        <name>539</name>
        <extensions>
          <fulcrumtest:speed_mps>26.822400</fulcrumtest:speed_mps>
          <fulcrumtest:speed_mph>60.00</fulcrumtest:speed_mph>
        </extensions>
      </trkpt>
      <trkpt lat="52.0664800" lon="1.3401400">
        <ele>0</ele>
        <time>2026-06-26T08:08:04Z</time>
        <name>540</name>
        <extensions>
          <fulcrumtest:speed_mps>26.822400</fulcrumtest:speed_mps>
          <fulcrumtest:speed_mph>60.00</fulcrumtest:speed_mph>
        </extensions>
      </trkpt>
      <trkpt lat="52.0665100" lon="1.3401900">
        <ele>0</ele>
        <time>2026-06-26T08:08:05Z</time>
        <name>541</name>
        <extensions>
          <fulcrumtest:speed_mps>26.822400</fulcrumtest:speed_mps>
          <fulcrumtest:speed_mph>60.00</fulcrumtest:speed_mph>
        </extensions>
      </trkpt>
      <trkpt lat="52.0667100" lon="1.3404100">
        <ele>0</ele>
        <time>2026-06-26T08:08:06Z</time>
        <name>542</name>
        <extensions>
          <fulcrumtest:speed_mps>26.822400</fulcrumtest:speed_mps>
          <fulcrumtest:speed_mph>60.00</fulcrumtest:speed_mph>
        </extensions>
      </trkpt>
      <trkpt lat="52.0668300" lon="1.3406000">
        <ele>0</ele>
        <time>2026-06-26T08:08:06Z</time>
        <name>543</name>
        <extensions>
          <fulcrumtest:speed_mps>26.822400</fulcrumtest:speed_mps>
          <fulcrumtest:speed_mph>60.00</fulcrumtest:speed_mph>
        </extensions>
      </trkpt>
      <trkpt lat="52.0669000" lon="1.3407700">
        <ele>0</ele>
        <time>2026-06-26T08:08:07Z</time>
        <name>544</name>
        <extensions>
          <fulcrumtest:speed_mps>26.822400</fulcrumtest:speed_mps>
          <fulcrumtest:speed_mph>60.00</fulcrumtest:speed_mph>
        </extensions>
      </trkpt>
      <trkpt lat="52.0669400" lon="1.3409400">
        <ele>0</ele>
        <time>2026-06-26T08:08:07Z</time>
        <name>545</name>
        <extensions>
          <fulcrumtest:speed_mps>26.822400</fulcrumtest:speed_mps>
          <fulcrumtest:speed_mph>60.00</fulcrumtest:speed_mph>
        </extensions>
      </trkpt>
      <trkpt lat="52.0669600" lon="1.3412000">
        <ele>0</ele>
        <time>2026-06-26T08:08:08Z</time>
        <name>546</name>
        <extensions>
          <fulcrumtest:speed_mps>26.822400</fulcrumtest:speed_mps>
          <fulcrumtest:speed_mph>60.00</fulcrumtest:speed_mph>
        </extensions>
      </trkpt>
      <trkpt lat="52.0670000" lon="1.3414500">
        <ele>0</ele>
        <time>2026-06-26T08:08:09Z</time>
        <name>547</name>
        <extensions>
          <fulcrumtest:speed_mps>26.822400</fulcrumtest:speed_mps>
          <fulcrumtest:speed_mph>60.00</fulcrumtest:speed_mph>
        </extensions>
      </trkpt>
      <trkpt lat="52.0670800" lon="1.3417500">
        <ele>0</ele>
        <time>2026-06-26T08:08:10Z</time>
        <name>548</name>
        <extensions>
          <fulcrumtest:speed_mps>26.822400</fulcrumtest:speed_mps>
          <fulcrumtest:speed_mph>60.00</fulcrumtest:speed_mph>
        </extensions>
      </trkpt>
      <trkpt lat="52.0671100" lon="1.3418200">
        <ele>0</ele>
        <time>2026-06-26T08:08:10Z</time>
        <name>549</name>
        <extensions>
          <fulcrumtest:speed_mps>26.822400</fulcrumtest:speed_mps>
          <fulcrumtest:speed_mph>60.00</fulcrumtest:speed_mph>
        </extensions>
      </trkpt>
      <trkpt lat="52.0671600" lon="1.3419100">
        <ele>0</ele>
        <time>2026-06-26T08:08:10Z</time>
        <name>550</name>
        <extensions>
          <fulcrumtest:speed_mps>26.822400</fulcrumtest:speed_mps>
          <fulcrumtest:speed_mph>60.00</fulcrumtest:speed_mph>
        </extensions>
      </trkpt>
      <trkpt lat="52.0672300" lon="1.3420100">
        <ele>0</ele>
        <time>2026-06-26T08:08:10Z</time>
        <name>551</name>
        <extensions>
          <fulcrumtest:speed_mps>26.822400</fulcrumtest:speed_mps>
          <fulcrumtest:speed_mph>60.00</fulcrumtest:speed_mph>
        </extensions>
      </trkpt>
      <trkpt lat="52.0676400" lon="1.3424700">
        <ele>0</ele>
        <time>2026-06-26T08:08:12Z</time>
        <name>552</name>
        <extensions>
          <fulcrumtest:speed_mps>26.822400</fulcrumtest:speed_mps>
          <fulcrumtest:speed_mph>60.00</fulcrumtest:speed_mph>
        </extensions>
      </trkpt>
      <trkpt lat="52.0678700" lon="1.3426900">
        <ele>0</ele>
        <time>2026-06-26T08:08:14Z</time>
        <name>553</name>
        <extensions>
          <fulcrumtest:speed_mps>26.822400</fulcrumtest:speed_mps>
          <fulcrumtest:speed_mph>60.00</fulcrumtest:speed_mph>
        </extensions>
      </trkpt>
      <trkpt lat="52.0681200" lon="1.3429000">
        <ele>0</ele>
        <time>2026-06-26T08:08:15Z</time>
        <name>554</name>
        <extensions>
          <fulcrumtest:speed_mps>26.822400</fulcrumtest:speed_mps>
          <fulcrumtest:speed_mph>60.00</fulcrumtest:speed_mph>
        </extensions>
      </trkpt>
      <trkpt lat="52.0683800" lon="1.3430900">
        <ele>0</ele>
        <time>2026-06-26T08:08:16Z</time>
        <name>555</name>
        <extensions>
          <fulcrumtest:speed_mps>26.822400</fulcrumtest:speed_mps>
          <fulcrumtest:speed_mph>60.00</fulcrumtest:speed_mph>
        </extensions>
      </trkpt>
      <trkpt lat="52.0686500" lon="1.3432500">
        <ele>0</ele>
        <time>2026-06-26T08:08:17Z</time>
        <name>556</name>
        <extensions>
          <fulcrumtest:speed_mps>26.822400</fulcrumtest:speed_mps>
          <fulcrumtest:speed_mph>60.00</fulcrumtest:speed_mph>
        </extensions>
      </trkpt>
      <trkpt lat="52.0687300" lon="1.3432600">
        <ele>0</ele>
        <time>2026-06-26T08:08:17Z</time>
        <name>557</name>
        <extensions>
          <fulcrumtest:speed_mps>26.822400</fulcrumtest:speed_mps>
          <fulcrumtest:speed_mph>60.00</fulcrumtest:speed_mph>
        </extensions>
      </trkpt>
      <trkpt lat="52.0687900" lon="1.3432500">
        <ele>0</ele>
        <time>2026-06-26T08:08:18Z</time>
        <name>558</name>
        <extensions>
          <fulcrumtest:speed_mps>26.822400</fulcrumtest:speed_mps>
          <fulcrumtest:speed_mph>60.00</fulcrumtest:speed_mph>
        </extensions>
      </trkpt>
      <trkpt lat="52.0688600" lon="1.3432500">
        <ele>0</ele>
        <time>2026-06-26T08:08:18Z</time>
        <name>559</name>
        <extensions>
          <fulcrumtest:speed_mps>26.822400</fulcrumtest:speed_mps>
          <fulcrumtest:speed_mph>60.00</fulcrumtest:speed_mph>
        </extensions>
      </trkpt>
      <trkpt lat="52.0689100" lon="1.3432400">
        <ele>0</ele>
        <time>2026-06-26T08:08:18Z</time>
        <name>560</name>
        <extensions>
          <fulcrumtest:speed_mps>26.822400</fulcrumtest:speed_mps>
          <fulcrumtest:speed_mph>60.00</fulcrumtest:speed_mph>
        </extensions>
      </trkpt>
      <trkpt lat="52.0690100" lon="1.3431800">
        <ele>0</ele>
        <time>2026-06-26T08:08:19Z</time>
        <name>561</name>
        <extensions>
          <fulcrumtest:speed_mps>26.822400</fulcrumtest:speed_mps>
          <fulcrumtest:speed_mph>60.00</fulcrumtest:speed_mph>
        </extensions>
      </trkpt>
      <trkpt lat="52.0690800" lon="1.3431200">
        <ele>0</ele>
        <time>2026-06-26T08:08:19Z</time>
        <name>562</name>
        <extensions>
          <fulcrumtest:speed_mps>26.822400</fulcrumtest:speed_mps>
          <fulcrumtest:speed_mph>60.00</fulcrumtest:speed_mph>
        </extensions>
      </trkpt>
      <trkpt lat="52.0691400" lon="1.3430500">
        <ele>0</ele>
        <time>2026-06-26T08:08:19Z</time>
        <name>563</name>
        <extensions>
          <fulcrumtest:speed_mps>26.822400</fulcrumtest:speed_mps>
          <fulcrumtest:speed_mph>60.00</fulcrumtest:speed_mph>
        </extensions>
      </trkpt>
      <trkpt lat="52.0692000" lon="1.3429600">
        <ele>0</ele>
        <time>2026-06-26T08:08:20Z</time>
        <name>564</name>
        <extensions>
          <fulcrumtest:speed_mps>26.822400</fulcrumtest:speed_mps>
          <fulcrumtest:speed_mph>60.00</fulcrumtest:speed_mph>
        </extensions>
      </trkpt>
      <trkpt lat="52.0692900" lon="1.3427700">
        <ele>0</ele>
        <time>2026-06-26T08:08:20Z</time>
        <name>565</name>
        <extensions>
          <fulcrumtest:speed_mps>26.822400</fulcrumtest:speed_mps>
          <fulcrumtest:speed_mph>60.00</fulcrumtest:speed_mph>
        </extensions>
      </trkpt>
      <trkpt lat="52.0693200" lon="1.3426700">
        <ele>0</ele>
        <time>2026-06-26T08:08:21Z</time>
        <name>566</name>
        <extensions>
          <fulcrumtest:speed_mps>26.822400</fulcrumtest:speed_mps>
          <fulcrumtest:speed_mph>60.00</fulcrumtest:speed_mph>
        </extensions>
      </trkpt>
      <trkpt lat="52.0694200" lon="1.3422200">
        <ele>0</ele>
        <time>2026-06-26T08:08:22Z</time>
        <name>567</name>
        <extensions>
          <fulcrumtest:speed_mps>26.822400</fulcrumtest:speed_mps>
          <fulcrumtest:speed_mph>60.00</fulcrumtest:speed_mph>
        </extensions>
      </trkpt>
      <trkpt lat="52.0694200" lon="1.3422000">
        <ele>0</ele>
        <time>2026-06-26T08:08:22Z</time>
        <name>568</name>
        <extensions>
          <fulcrumtest:speed_mps>26.822400</fulcrumtest:speed_mps>
          <fulcrumtest:speed_mph>60.00</fulcrumtest:speed_mph>
        </extensions>
      </trkpt>
      <trkpt lat="52.0695700" lon="1.3414200">
        <ele>0</ele>
        <time>2026-06-26T08:08:24Z</time>
        <name>569</name>
        <extensions>
          <fulcrumtest:speed_mps>26.822400</fulcrumtest:speed_mps>
          <fulcrumtest:speed_mph>60.00</fulcrumtest:speed_mph>
        </extensions>
      </trkpt>
      <trkpt lat="52.0696000" lon="1.3413300">
        <ele>0</ele>
        <time>2026-06-26T08:08:24Z</time>
        <name>570</name>
        <extensions>
          <fulcrumtest:speed_mps>26.822400</fulcrumtest:speed_mps>
          <fulcrumtest:speed_mph>60.00</fulcrumtest:speed_mph>
        </extensions>
      </trkpt>
      <trkpt lat="52.0696600" lon="1.3412700">
        <ele>0</ele>
        <time>2026-06-26T08:08:24Z</time>
        <name>571</name>
        <extensions>
          <fulcrumtest:speed_mps>26.822400</fulcrumtest:speed_mps>
          <fulcrumtest:speed_mph>60.00</fulcrumtest:speed_mph>
        </extensions>
      </trkpt>
      <trkpt lat="52.0697200" lon="1.3412700">
        <ele>0</ele>
        <time>2026-06-26T08:08:25Z</time>
        <name>572</name>
        <extensions>
          <fulcrumtest:speed_mps>26.822400</fulcrumtest:speed_mps>
          <fulcrumtest:speed_mph>60.00</fulcrumtest:speed_mph>
        </extensions>
      </trkpt>
      <trkpt lat="52.0699000" lon="1.3413800">
        <ele>0</ele>
        <time>2026-06-26T08:08:25Z</time>
        <name>573</name>
        <extensions>
          <fulcrumtest:speed_mps>26.822400</fulcrumtest:speed_mps>
          <fulcrumtest:speed_mph>60.00</fulcrumtest:speed_mph>
        </extensions>
      </trkpt>
      <trkpt lat="52.0702600" lon="1.3415400">
        <ele>0</ele>
        <time>2026-06-26T08:08:27Z</time>
        <name>574</name>
        <extensions>
          <fulcrumtest:speed_mps>26.822400</fulcrumtest:speed_mps>
          <fulcrumtest:speed_mph>60.00</fulcrumtest:speed_mph>
        </extensions>
      </trkpt>
      <trkpt lat="52.0704200" lon="1.3416200">
        <ele>0</ele>
        <time>2026-06-26T08:08:28Z</time>
        <name>575</name>
        <extensions>
          <fulcrumtest:speed_mps>26.822400</fulcrumtest:speed_mps>
          <fulcrumtest:speed_mph>60.00</fulcrumtest:speed_mph>
        </extensions>
      </trkpt>
      <trkpt lat="52.0710100" lon="1.3419600">
        <ele>0</ele>
        <time>2026-06-26T08:08:30Z</time>
        <name>576</name>
        <extensions>
          <fulcrumtest:speed_mps>26.822400</fulcrumtest:speed_mps>
          <fulcrumtest:speed_mph>60.00</fulcrumtest:speed_mph>
        </extensions>
      </trkpt>
      <trkpt lat="52.0713700" lon="1.3422300">
        <ele>0</ele>
        <time>2026-06-26T08:08:32Z</time>
        <name>577</name>
        <extensions>
          <fulcrumtest:speed_mps>26.822400</fulcrumtest:speed_mps>
          <fulcrumtest:speed_mph>60.00</fulcrumtest:speed_mph>
        </extensions>
      </trkpt>
      <trkpt lat="52.0719900" lon="1.3428200">
        <ele>0</ele>
        <time>2026-06-26T08:08:35Z</time>
        <name>578</name>
        <extensions>
          <fulcrumtest:speed_mps>26.822400</fulcrumtest:speed_mps>
          <fulcrumtest:speed_mph>60.00</fulcrumtest:speed_mph>
        </extensions>
      </trkpt>
      <trkpt lat="52.0720100" lon="1.3428300">
        <ele>0</ele>
        <time>2026-06-26T08:08:35Z</time>
        <name>579</name>
        <extensions>
          <fulcrumtest:speed_mps>26.822400</fulcrumtest:speed_mps>
          <fulcrumtest:speed_mph>60.00</fulcrumtest:speed_mph>
        </extensions>
      </trkpt>
      <trkpt lat="52.0724800" lon="1.3432700">
        <ele>0</ele>
        <time>2026-06-26T08:08:37Z</time>
        <name>580</name>
        <extensions>
          <fulcrumtest:speed_mps>26.822400</fulcrumtest:speed_mps>
          <fulcrumtest:speed_mph>60.00</fulcrumtest:speed_mph>
        </extensions>
      </trkpt>
      <trkpt lat="52.0726500" lon="1.3433900">
        <ele>0</ele>
        <time>2026-06-26T08:08:38Z</time>
        <name>581</name>
        <extensions>
          <fulcrumtest:speed_mps>26.822400</fulcrumtest:speed_mps>
          <fulcrumtest:speed_mph>60.00</fulcrumtest:speed_mph>
        </extensions>
      </trkpt>
      <trkpt lat="52.0733100" lon="1.3439300">
        <ele>0</ele>
        <time>2026-06-26T08:08:41Z</time>
        <name>582</name>
        <extensions>
          <fulcrumtest:speed_mps>26.822400</fulcrumtest:speed_mps>
          <fulcrumtest:speed_mph>60.00</fulcrumtest:speed_mph>
        </extensions>
      </trkpt>
      <trkpt lat="52.0734000" lon="1.3440200">
        <ele>0</ele>
        <time>2026-06-26T08:08:42Z</time>
        <name>583</name>
        <extensions>
          <fulcrumtest:speed_mps>26.822400</fulcrumtest:speed_mps>
          <fulcrumtest:speed_mph>60.00</fulcrumtest:speed_mph>
        </extensions>
      </trkpt>
      <trkpt lat="52.0749600" lon="1.3453700">
        <ele>0</ele>
        <time>2026-06-26T08:08:49Z</time>
        <name>584</name>
        <extensions>
          <fulcrumtest:speed_mps>26.822400</fulcrumtest:speed_mps>
          <fulcrumtest:speed_mph>60.00</fulcrumtest:speed_mph>
        </extensions>
      </trkpt>
      <trkpt lat="52.0749600" lon="1.3453800">
        <ele>0</ele>
        <time>2026-06-26T08:08:49Z</time>
        <name>585</name>
        <extensions>
          <fulcrumtest:speed_mps>26.822400</fulcrumtest:speed_mps>
          <fulcrumtest:speed_mph>60.00</fulcrumtest:speed_mph>
        </extensions>
      </trkpt>
      <trkpt lat="52.0760400" lon="1.3463300">
        <ele>0</ele>
        <time>2026-06-26T08:08:54Z</time>
        <name>586</name>
        <extensions>
          <fulcrumtest:speed_mps>26.822400</fulcrumtest:speed_mps>
          <fulcrumtest:speed_mph>60.00</fulcrumtest:speed_mph>
        </extensions>
      </trkpt>
      <trkpt lat="52.0761200" lon="1.3463900">
        <ele>0</ele>
        <time>2026-06-26T08:08:54Z</time>
        <name>587</name>
        <extensions>
          <fulcrumtest:speed_mps>26.822400</fulcrumtest:speed_mps>
          <fulcrumtest:speed_mph>60.00</fulcrumtest:speed_mph>
        </extensions>
      </trkpt>
      <trkpt lat="52.0785500" lon="1.3485000">
        <ele>0</ele>
        <time>2026-06-26T08:09:06Z</time>
        <name>588</name>
        <extensions>
          <fulcrumtest:speed_mps>26.822400</fulcrumtest:speed_mps>
          <fulcrumtest:speed_mph>60.00</fulcrumtest:speed_mph>
        </extensions>
      </trkpt>
      <trkpt lat="52.0791200" lon="1.3491200">
        <ele>0</ele>
        <time>2026-06-26T08:09:09Z</time>
        <name>589</name>
        <extensions>
          <fulcrumtest:speed_mps>26.822400</fulcrumtest:speed_mps>
          <fulcrumtest:speed_mph>60.00</fulcrumtest:speed_mph>
        </extensions>
      </trkpt>
      <trkpt lat="52.0796000" lon="1.3495400">
        <ele>0</ele>
        <time>2026-06-26T08:09:11Z</time>
        <name>590</name>
        <extensions>
          <fulcrumtest:speed_mps>26.822400</fulcrumtest:speed_mps>
          <fulcrumtest:speed_mph>60.00</fulcrumtest:speed_mph>
        </extensions>
      </trkpt>
      <trkpt lat="52.0798500" lon="1.3497200">
        <ele>0</ele>
        <time>2026-06-26T08:09:12Z</time>
        <name>591</name>
        <extensions>
          <fulcrumtest:speed_mps>26.822400</fulcrumtest:speed_mps>
          <fulcrumtest:speed_mph>60.00</fulcrumtest:speed_mph>
        </extensions>
      </trkpt>
      <trkpt lat="52.0799700" lon="1.3498400">
        <ele>0</ele>
        <time>2026-06-26T08:09:13Z</time>
        <name>592</name>
        <extensions>
          <fulcrumtest:speed_mps>26.822400</fulcrumtest:speed_mps>
          <fulcrumtest:speed_mph>60.00</fulcrumtest:speed_mph>
        </extensions>
      </trkpt>
      <trkpt lat="52.0801400" lon="1.3492900">
        <ele>0</ele>
        <time>2026-06-26T08:09:14Z</time>
        <name>593</name>
        <extensions>
          <fulcrumtest:speed_mps>26.822400</fulcrumtest:speed_mps>
          <fulcrumtest:speed_mph>60.00</fulcrumtest:speed_mph>
        </extensions>
      </trkpt>
      <trkpt lat="52.0801600" lon="1.3492000">
        <ele>0</ele>
        <time>2026-06-26T08:09:14Z</time>
        <name>594</name>
        <extensions>
          <fulcrumtest:speed_mps>26.822400</fulcrumtest:speed_mps>
          <fulcrumtest:speed_mph>60.00</fulcrumtest:speed_mph>
        </extensions>
      </trkpt>
      <trkpt lat="52.0802800" lon="1.3484300">
        <ele>0</ele>
        <time>2026-06-26T08:09:16Z</time>
        <name>595</name>
        <extensions>
          <fulcrumtest:speed_mps>26.822400</fulcrumtest:speed_mps>
          <fulcrumtest:speed_mph>60.00</fulcrumtest:speed_mph>
        </extensions>
      </trkpt>
      <trkpt lat="52.0803300" lon="1.3480300">
        <ele>0</ele>
        <time>2026-06-26T08:09:17Z</time>
        <name>596</name>
        <extensions>
          <fulcrumtest:speed_mps>26.822400</fulcrumtest:speed_mps>
          <fulcrumtest:speed_mph>60.00</fulcrumtest:speed_mph>
        </extensions>
      </trkpt>
      <trkpt lat="52.0803400" lon="1.3476700">
        <ele>0</ele>
        <time>2026-06-26T08:09:18Z</time>
        <name>597</name>
        <extensions>
          <fulcrumtest:speed_mps>26.822400</fulcrumtest:speed_mps>
          <fulcrumtest:speed_mph>60.00</fulcrumtest:speed_mph>
        </extensions>
      </trkpt>
      <trkpt lat="52.0803500" lon="1.3476500">
        <ele>0</ele>
        <time>2026-06-26T08:09:18Z</time>
        <name>598</name>
        <extensions>
          <fulcrumtest:speed_mps>26.822400</fulcrumtest:speed_mps>
          <fulcrumtest:speed_mph>60.00</fulcrumtest:speed_mph>
        </extensions>
      </trkpt>
      <trkpt lat="52.0805500" lon="1.3437300">
        <ele>0</ele>
        <time>2026-06-26T08:09:28Z</time>
        <name>599</name>
        <extensions>
          <fulcrumtest:speed_mps>26.822400</fulcrumtest:speed_mps>
          <fulcrumtest:speed_mph>60.00</fulcrumtest:speed_mph>
        </extensions>
      </trkpt>
      <trkpt lat="52.0805500" lon="1.3434000">
        <ele>0</ele>
        <time>2026-06-26T08:09:29Z</time>
        <name>600</name>
        <extensions>
          <fulcrumtest:speed_mps>26.822400</fulcrumtest:speed_mps>
          <fulcrumtest:speed_mph>60.00</fulcrumtest:speed_mph>
        </extensions>
      </trkpt>
      <trkpt lat="52.0805600" lon="1.3432100">
        <ele>0</ele>
        <time>2026-06-26T08:09:30Z</time>
        <name>601</name>
        <extensions>
          <fulcrumtest:speed_mps>26.822400</fulcrumtest:speed_mps>
          <fulcrumtest:speed_mph>60.00</fulcrumtest:speed_mph>
        </extensions>
      </trkpt>
      <trkpt lat="52.0805800" lon="1.3413900">
        <ele>0</ele>
        <time>2026-06-26T08:09:34Z</time>
        <name>602</name>
        <extensions>
          <fulcrumtest:speed_mps>26.822400</fulcrumtest:speed_mps>
          <fulcrumtest:speed_mph>60.00</fulcrumtest:speed_mph>
        </extensions>
      </trkpt>
      <trkpt lat="52.0805200" lon="1.3397300">
        <ele>0</ele>
        <time>2026-06-26T08:09:39Z</time>
        <name>603</name>
        <extensions>
          <fulcrumtest:speed_mps>26.822400</fulcrumtest:speed_mps>
          <fulcrumtest:speed_mph>60.00</fulcrumtest:speed_mph>
        </extensions>
      </trkpt>
      <trkpt lat="52.0805100" lon="1.3396200">
        <ele>0</ele>
        <time>2026-06-26T08:09:39Z</time>
        <name>604</name>
        <extensions>
          <fulcrumtest:speed_mps>26.822400</fulcrumtest:speed_mps>
          <fulcrumtest:speed_mph>60.00</fulcrumtest:speed_mph>
        </extensions>
      </trkpt>
      <trkpt lat="52.0805000" lon="1.3390400">
        <ele>0</ele>
        <time>2026-06-26T08:09:40Z</time>
        <name>605</name>
        <extensions>
          <fulcrumtest:speed_mps>26.822400</fulcrumtest:speed_mps>
          <fulcrumtest:speed_mph>60.00</fulcrumtest:speed_mph>
        </extensions>
      </trkpt>
      <trkpt lat="52.0807200" lon="1.3376400">
        <ele>0</ele>
        <time>2026-06-26T08:09:44Z</time>
        <name>606</name>
        <extensions>
          <fulcrumtest:speed_mps>26.822400</fulcrumtest:speed_mps>
          <fulcrumtest:speed_mph>60.00</fulcrumtest:speed_mph>
        </extensions>
      </trkpt>
      <trkpt lat="52.0808400" lon="1.3364900">
        <ele>0</ele>
        <time>2026-06-26T08:09:47Z</time>
        <name>607</name>
        <extensions>
          <fulcrumtest:speed_mps>26.822400</fulcrumtest:speed_mps>
          <fulcrumtest:speed_mph>60.00</fulcrumtest:speed_mph>
        </extensions>
      </trkpt>
      <trkpt lat="52.0808500" lon="1.3364400">
        <ele>0</ele>
        <time>2026-06-26T08:09:47Z</time>
        <name>608</name>
        <extensions>
          <fulcrumtest:speed_mps>26.822400</fulcrumtest:speed_mps>
          <fulcrumtest:speed_mph>60.00</fulcrumtest:speed_mph>
        </extensions>
      </trkpt>
      <trkpt lat="52.0809800" lon="1.3350000">
        <ele>0</ele>
        <time>2026-06-26T08:09:51Z</time>
        <name>609</name>
        <extensions>
          <fulcrumtest:speed_mps>26.822400</fulcrumtest:speed_mps>
          <fulcrumtest:speed_mph>60.00</fulcrumtest:speed_mph>
        </extensions>
      </trkpt>
      <trkpt lat="52.0810100" lon="1.3344500">
        <ele>0</ele>
        <time>2026-06-26T08:09:52Z</time>
        <name>610</name>
        <extensions>
          <fulcrumtest:speed_mps>26.822400</fulcrumtest:speed_mps>
          <fulcrumtest:speed_mph>60.00</fulcrumtest:speed_mph>
        </extensions>
      </trkpt>
      <trkpt lat="52.0810100" lon="1.3342100">
        <ele>0</ele>
        <time>2026-06-26T08:09:53Z</time>
        <name>611</name>
        <extensions>
          <fulcrumtest:speed_mps>26.822400</fulcrumtest:speed_mps>
          <fulcrumtest:speed_mph>60.00</fulcrumtest:speed_mph>
        </extensions>
      </trkpt>
      <trkpt lat="52.0810200" lon="1.3341600">
        <ele>0</ele>
        <time>2026-06-26T08:09:53Z</time>
        <name>612</name>
        <extensions>
          <fulcrumtest:speed_mps>26.822400</fulcrumtest:speed_mps>
          <fulcrumtest:speed_mph>60.00</fulcrumtest:speed_mph>
        </extensions>
      </trkpt>
      <trkpt lat="52.0810100" lon="1.3335600">
        <ele>0</ele>
        <time>2026-06-26T08:09:55Z</time>
        <name>613</name>
        <extensions>
          <fulcrumtest:speed_mps>26.822400</fulcrumtest:speed_mps>
          <fulcrumtest:speed_mph>60.00</fulcrumtest:speed_mph>
        </extensions>
      </trkpt>
      <trkpt lat="52.0809500" lon="1.3328900">
        <ele>0</ele>
        <time>2026-06-26T08:09:56Z</time>
        <name>614</name>
        <extensions>
          <fulcrumtest:speed_mps>26.822400</fulcrumtest:speed_mps>
          <fulcrumtest:speed_mph>60.00</fulcrumtest:speed_mph>
        </extensions>
      </trkpt>
      <trkpt lat="52.0807000" lon="1.3310500">
        <ele>0</ele>
        <time>2026-06-26T08:10:01Z</time>
        <name>615</name>
        <extensions>
          <fulcrumtest:speed_mps>26.822400</fulcrumtest:speed_mps>
          <fulcrumtest:speed_mph>60.00</fulcrumtest:speed_mph>
        </extensions>
      </trkpt>
      <trkpt lat="52.0807100" lon="1.3302500">
        <ele>0</ele>
        <time>2026-06-26T08:10:03Z</time>
        <name>616</name>
        <extensions>
          <fulcrumtest:speed_mps>26.822400</fulcrumtest:speed_mps>
          <fulcrumtest:speed_mph>60.00</fulcrumtest:speed_mph>
        </extensions>
      </trkpt>
      <trkpt lat="52.0806900" lon="1.3299500">
        <ele>0</ele>
        <time>2026-06-26T08:10:04Z</time>
        <name>617</name>
        <extensions>
          <fulcrumtest:speed_mps>26.822400</fulcrumtest:speed_mps>
          <fulcrumtest:speed_mph>60.00</fulcrumtest:speed_mph>
        </extensions>
      </trkpt>
      <trkpt lat="52.0806800" lon="1.3299400">
        <ele>0</ele>
        <time>2026-06-26T08:10:04Z</time>
        <name>618</name>
        <extensions>
          <fulcrumtest:speed_mps>26.822400</fulcrumtest:speed_mps>
          <fulcrumtest:speed_mph>60.00</fulcrumtest:speed_mph>
        </extensions>
      </trkpt>
      <trkpt lat="52.0806700" lon="1.3299200">
        <ele>0</ele>
        <time>2026-06-26T08:10:04Z</time>
        <name>619</name>
        <extensions>
          <fulcrumtest:speed_mps>26.822400</fulcrumtest:speed_mps>
          <fulcrumtest:speed_mph>60.00</fulcrumtest:speed_mph>
        </extensions>
      </trkpt>
      <trkpt lat="52.0806700" lon="1.3299000">
        <ele>0</ele>
        <time>2026-06-26T08:10:04Z</time>
        <name>620</name>
        <extensions>
          <fulcrumtest:speed_mps>26.822400</fulcrumtest:speed_mps>
          <fulcrumtest:speed_mph>60.00</fulcrumtest:speed_mph>
        </extensions>
      </trkpt>
      <trkpt lat="52.0806600" lon="1.3298900">
        <ele>0</ele>
        <time>2026-06-26T08:10:04Z</time>
        <name>621</name>
        <extensions>
          <fulcrumtest:speed_mps>26.822400</fulcrumtest:speed_mps>
          <fulcrumtest:speed_mph>60.00</fulcrumtest:speed_mph>
        </extensions>
      </trkpt>
      <trkpt lat="52.0806600" lon="1.3298700">
        <ele>0</ele>
        <time>2026-06-26T08:10:04Z</time>
        <name>622</name>
        <extensions>
          <fulcrumtest:speed_mps>26.822400</fulcrumtest:speed_mps>
          <fulcrumtest:speed_mph>60.00</fulcrumtest:speed_mph>
        </extensions>
      </trkpt>
      <trkpt lat="52.0806500" lon="1.3298500">
        <ele>0</ele>
        <time>2026-06-26T08:10:04Z</time>
        <name>623</name>
        <extensions>
          <fulcrumtest:speed_mps>26.822400</fulcrumtest:speed_mps>
          <fulcrumtest:speed_mph>60.00</fulcrumtest:speed_mph>
        </extensions>
      </trkpt>
      <trkpt lat="52.0806500" lon="1.3298300">
        <ele>0</ele>
        <time>2026-06-26T08:10:04Z</time>
        <name>624</name>
        <extensions>
          <fulcrumtest:speed_mps>26.822400</fulcrumtest:speed_mps>
          <fulcrumtest:speed_mph>60.00</fulcrumtest:speed_mph>
        </extensions>
      </trkpt>
      <trkpt lat="52.0806400" lon="1.3297800">
        <ele>0</ele>
        <time>2026-06-26T08:10:04Z</time>
        <name>625</name>
        <extensions>
          <fulcrumtest:speed_mps>26.822400</fulcrumtest:speed_mps>
          <fulcrumtest:speed_mph>60.00</fulcrumtest:speed_mph>
        </extensions>
      </trkpt>
      <trkpt lat="52.0806400" lon="1.3296500">
        <ele>0</ele>
        <time>2026-06-26T08:10:05Z</time>
        <name>626</name>
        <extensions>
          <fulcrumtest:speed_mps>26.822400</fulcrumtest:speed_mps>
          <fulcrumtest:speed_mph>60.00</fulcrumtest:speed_mph>
        </extensions>
      </trkpt>
      <trkpt lat="52.0806500" lon="1.3296200">
        <ele>0</ele>
        <time>2026-06-26T08:10:05Z</time>
        <name>627</name>
        <extensions>
          <fulcrumtest:speed_mps>26.822400</fulcrumtest:speed_mps>
          <fulcrumtest:speed_mph>60.00</fulcrumtest:speed_mph>
        </extensions>
      </trkpt>
      <trkpt lat="52.0806500" lon="1.3295900">
        <ele>0</ele>
        <time>2026-06-26T08:10:05Z</time>
        <name>628</name>
        <extensions>
          <fulcrumtest:speed_mps>26.822400</fulcrumtest:speed_mps>
          <fulcrumtest:speed_mph>60.00</fulcrumtest:speed_mph>
        </extensions>
      </trkpt>
      <trkpt lat="52.0806600" lon="1.3295800">
        <ele>0</ele>
        <time>2026-06-26T08:10:05Z</time>
        <name>629</name>
        <extensions>
          <fulcrumtest:speed_mps>26.822400</fulcrumtest:speed_mps>
          <fulcrumtest:speed_mph>60.00</fulcrumtest:speed_mph>
        </extensions>
      </trkpt>
      <trkpt lat="52.0806700" lon="1.3295400">
        <ele>0</ele>
        <time>2026-06-26T08:10:05Z</time>
        <name>630</name>
        <extensions>
          <fulcrumtest:speed_mps>26.822400</fulcrumtest:speed_mps>
          <fulcrumtest:speed_mph>60.00</fulcrumtest:speed_mph>
        </extensions>
      </trkpt>
      <trkpt lat="52.0806900" lon="1.3295000">
        <ele>0</ele>
        <time>2026-06-26T08:10:05Z</time>
        <name>631</name>
        <extensions>
          <fulcrumtest:speed_mps>26.822400</fulcrumtest:speed_mps>
          <fulcrumtest:speed_mph>60.00</fulcrumtest:speed_mph>
        </extensions>
      </trkpt>
      <trkpt lat="52.0807000" lon="1.3294700">
        <ele>0</ele>
        <time>2026-06-26T08:10:05Z</time>
        <name>632</name>
        <extensions>
          <fulcrumtest:speed_mps>26.822400</fulcrumtest:speed_mps>
          <fulcrumtest:speed_mph>60.00</fulcrumtest:speed_mph>
        </extensions>
      </trkpt>
      <trkpt lat="52.0807200" lon="1.3294300">
        <ele>0</ele>
        <time>2026-06-26T08:10:05Z</time>
        <name>633</name>
        <extensions>
          <fulcrumtest:speed_mps>26.822400</fulcrumtest:speed_mps>
          <fulcrumtest:speed_mph>60.00</fulcrumtest:speed_mph>
        </extensions>
      </trkpt>
      <trkpt lat="52.0807700" lon="1.3293600">
        <ele>0</ele>
        <time>2026-06-26T08:10:06Z</time>
        <name>634</name>
        <extensions>
          <fulcrumtest:speed_mps>26.822400</fulcrumtest:speed_mps>
          <fulcrumtest:speed_mph>60.00</fulcrumtest:speed_mph>
        </extensions>
      </trkpt>
      <trkpt lat="52.0808000" lon="1.3293400">
        <ele>0</ele>
        <time>2026-06-26T08:10:06Z</time>
        <name>635</name>
        <extensions>
          <fulcrumtest:speed_mps>26.822400</fulcrumtest:speed_mps>
          <fulcrumtest:speed_mph>60.00</fulcrumtest:speed_mph>
        </extensions>
      </trkpt>
      <trkpt lat="52.0808700" lon="1.3293100">
        <ele>0</ele>
        <time>2026-06-26T08:10:06Z</time>
        <name>636</name>
        <extensions>
          <fulcrumtest:speed_mps>26.822400</fulcrumtest:speed_mps>
          <fulcrumtest:speed_mph>60.00</fulcrumtest:speed_mph>
        </extensions>
      </trkpt>
      <trkpt lat="52.0809100" lon="1.3293000">
        <ele>0</ele>
        <time>2026-06-26T08:10:06Z</time>
        <name>637</name>
        <extensions>
          <fulcrumtest:speed_mps>26.822400</fulcrumtest:speed_mps>
          <fulcrumtest:speed_mph>60.00</fulcrumtest:speed_mph>
        </extensions>
      </trkpt>
      <trkpt lat="52.0809400" lon="1.3293000">
        <ele>0</ele>
        <time>2026-06-26T08:10:06Z</time>
        <name>638</name>
        <extensions>
          <fulcrumtest:speed_mps>26.822400</fulcrumtest:speed_mps>
          <fulcrumtest:speed_mph>60.00</fulcrumtest:speed_mph>
        </extensions>
      </trkpt>
      <trkpt lat="52.0810000" lon="1.3293200">
        <ele>0</ele>
        <time>2026-06-26T08:10:07Z</time>
        <name>639</name>
        <extensions>
          <fulcrumtest:speed_mps>26.822400</fulcrumtest:speed_mps>
          <fulcrumtest:speed_mph>60.00</fulcrumtest:speed_mph>
        </extensions>
      </trkpt>
      <trkpt lat="52.0810300" lon="1.3293400">
        <ele>0</ele>
        <time>2026-06-26T08:10:07Z</time>
        <name>640</name>
        <extensions>
          <fulcrumtest:speed_mps>26.822400</fulcrumtest:speed_mps>
          <fulcrumtest:speed_mph>60.00</fulcrumtest:speed_mph>
        </extensions>
      </trkpt>
      <trkpt lat="52.0810500" lon="1.3293700">
        <ele>0</ele>
        <time>2026-06-26T08:10:07Z</time>
        <name>641</name>
        <extensions>
          <fulcrumtest:speed_mps>26.822400</fulcrumtest:speed_mps>
          <fulcrumtest:speed_mph>60.00</fulcrumtest:speed_mph>
        </extensions>
      </trkpt>
      <trkpt lat="52.0810800" lon="1.3294000">
        <ele>0</ele>
        <time>2026-06-26T08:10:07Z</time>
        <name>642</name>
        <extensions>
          <fulcrumtest:speed_mps>26.822400</fulcrumtest:speed_mps>
          <fulcrumtest:speed_mph>60.00</fulcrumtest:speed_mph>
        </extensions>
      </trkpt>
      <trkpt lat="52.0811000" lon="1.3294400">
        <ele>0</ele>
        <time>2026-06-26T08:10:07Z</time>
        <name>643</name>
        <extensions>
          <fulcrumtest:speed_mps>26.822400</fulcrumtest:speed_mps>
          <fulcrumtest:speed_mph>60.00</fulcrumtest:speed_mph>
        </extensions>
      </trkpt>
      <trkpt lat="52.0811200" lon="1.3294700">
        <ele>0</ele>
        <time>2026-06-26T08:10:07Z</time>
        <name>644</name>
        <extensions>
          <fulcrumtest:speed_mps>26.822400</fulcrumtest:speed_mps>
          <fulcrumtest:speed_mph>60.00</fulcrumtest:speed_mph>
        </extensions>
      </trkpt>
      <trkpt lat="52.0811300" lon="1.3295200">
        <ele>0</ele>
        <time>2026-06-26T08:10:07Z</time>
        <name>645</name>
        <extensions>
          <fulcrumtest:speed_mps>26.822400</fulcrumtest:speed_mps>
          <fulcrumtest:speed_mph>60.00</fulcrumtest:speed_mph>
        </extensions>
      </trkpt>
      <trkpt lat="52.0813000" lon="1.3298600">
        <ele>0</ele>
        <time>2026-06-26T08:10:09Z</time>
        <name>646</name>
        <extensions>
          <fulcrumtest:speed_mps>26.822400</fulcrumtest:speed_mps>
          <fulcrumtest:speed_mph>60.00</fulcrumtest:speed_mph>
        </extensions>
      </trkpt>
      <trkpt lat="52.0814900" lon="1.3301700">
        <ele>0</ele>
        <time>2026-06-26T08:10:10Z</time>
        <name>647</name>
        <extensions>
          <fulcrumtest:speed_mps>26.822400</fulcrumtest:speed_mps>
          <fulcrumtest:speed_mph>60.00</fulcrumtest:speed_mph>
        </extensions>
      </trkpt>
      <trkpt lat="52.0814900" lon="1.3301800">
        <ele>0</ele>
        <time>2026-06-26T08:10:10Z</time>
        <name>648</name>
        <extensions>
          <fulcrumtest:speed_mps>26.822400</fulcrumtest:speed_mps>
          <fulcrumtest:speed_mph>60.00</fulcrumtest:speed_mph>
        </extensions>
      </trkpt>
      <trkpt lat="52.0816400" lon="1.3303600">
        <ele>0</ele>
        <time>2026-06-26T08:10:10Z</time>
        <name>649</name>
        <extensions>
          <fulcrumtest:speed_mps>26.822400</fulcrumtest:speed_mps>
          <fulcrumtest:speed_mph>60.00</fulcrumtest:speed_mph>
        </extensions>
      </trkpt>
      <trkpt lat="52.0818000" lon="1.3304900">
        <ele>0</ele>
        <time>2026-06-26T08:10:11Z</time>
        <name>650</name>
        <extensions>
          <fulcrumtest:speed_mps>26.822400</fulcrumtest:speed_mps>
          <fulcrumtest:speed_mph>60.00</fulcrumtest:speed_mph>
        </extensions>
      </trkpt>
      <trkpt lat="52.0818900" lon="1.3305500">
        <ele>0</ele>
        <time>2026-06-26T08:10:12Z</time>
        <name>651</name>
        <extensions>
          <fulcrumtest:speed_mps>26.822400</fulcrumtest:speed_mps>
          <fulcrumtest:speed_mph>60.00</fulcrumtest:speed_mph>
        </extensions>
      </trkpt>
      <trkpt lat="52.0819900" lon="1.3306600">
        <ele>0</ele>
        <time>2026-06-26T08:10:12Z</time>
        <name>652</name>
        <extensions>
          <fulcrumtest:speed_mps>26.822400</fulcrumtest:speed_mps>
          <fulcrumtest:speed_mph>60.00</fulcrumtest:speed_mph>
        </extensions>
      </trkpt>
      <trkpt lat="52.0824600" lon="1.3308900">
        <ele>0</ele>
        <time>2026-06-26T08:10:14Z</time>
        <name>653</name>
        <extensions>
          <fulcrumtest:speed_mps>26.822400</fulcrumtest:speed_mps>
          <fulcrumtest:speed_mph>60.00</fulcrumtest:speed_mph>
        </extensions>
      </trkpt>
      <trkpt lat="52.0826600" lon="1.3309700">
        <ele>0</ele>
        <time>2026-06-26T08:10:15Z</time>
        <name>654</name>
        <extensions>
          <fulcrumtest:speed_mps>26.822400</fulcrumtest:speed_mps>
          <fulcrumtest:speed_mph>60.00</fulcrumtest:speed_mph>
        </extensions>
      </trkpt>
      <trkpt lat="52.0828100" lon="1.3310200">
        <ele>0</ele>
        <time>2026-06-26T08:10:16Z</time>
        <name>655</name>
        <extensions>
          <fulcrumtest:speed_mps>26.822400</fulcrumtest:speed_mps>
          <fulcrumtest:speed_mph>60.00</fulcrumtest:speed_mph>
        </extensions>
      </trkpt>
      <trkpt lat="52.0828300" lon="1.3310300">
        <ele>0</ele>
        <time>2026-06-26T08:10:16Z</time>
        <name>656</name>
        <extensions>
          <fulcrumtest:speed_mps>26.822400</fulcrumtest:speed_mps>
          <fulcrumtest:speed_mph>60.00</fulcrumtest:speed_mph>
        </extensions>
      </trkpt>
      <trkpt lat="52.0840900" lon="1.3314200">
        <ele>0</ele>
        <time>2026-06-26T08:10:21Z</time>
        <name>657</name>
        <extensions>
          <fulcrumtest:speed_mps>26.822400</fulcrumtest:speed_mps>
          <fulcrumtest:speed_mph>60.00</fulcrumtest:speed_mph>
        </extensions>
      </trkpt>
      <trkpt lat="52.0843700" lon="1.3314900">
        <ele>0</ele>
        <time>2026-06-26T08:10:22Z</time>
        <name>658</name>
        <extensions>
          <fulcrumtest:speed_mps>26.822400</fulcrumtest:speed_mps>
          <fulcrumtest:speed_mph>60.00</fulcrumtest:speed_mph>
        </extensions>
      </trkpt>
      <trkpt lat="52.0876000" lon="1.3324500">
        <ele>0</ele>
        <time>2026-06-26T08:10:36Z</time>
        <name>659</name>
        <extensions>
          <fulcrumtest:speed_mps>26.822400</fulcrumtest:speed_mps>
          <fulcrumtest:speed_mph>60.00</fulcrumtest:speed_mph>
        </extensions>
      </trkpt>
      <trkpt lat="52.0876100" lon="1.3324500">
        <ele>0</ele>
        <time>2026-06-26T08:10:36Z</time>
        <name>660</name>
        <extensions>
          <fulcrumtest:speed_mps>26.822400</fulcrumtest:speed_mps>
          <fulcrumtest:speed_mph>60.00</fulcrumtest:speed_mph>
        </extensions>
      </trkpt>
      <trkpt lat="52.0888100" lon="1.3328000">
        <ele>0</ele>
        <time>2026-06-26T08:10:41Z</time>
        <name>661</name>
        <extensions>
          <fulcrumtest:speed_mps>26.822400</fulcrumtest:speed_mps>
          <fulcrumtest:speed_mph>60.00</fulcrumtest:speed_mph>
        </extensions>
      </trkpt>
      <trkpt lat="52.0891400" lon="1.3329100">
        <ele>0</ele>
        <time>2026-06-26T08:10:42Z</time>
        <name>662</name>
        <extensions>
          <fulcrumtest:speed_mps>26.822400</fulcrumtest:speed_mps>
          <fulcrumtest:speed_mph>60.00</fulcrumtest:speed_mph>
        </extensions>
      </trkpt>
      <trkpt lat="52.0893200" lon="1.3329600">
        <ele>0</ele>
        <time>2026-06-26T08:10:43Z</time>
        <name>663</name>
        <extensions>
          <fulcrumtest:speed_mps>26.822400</fulcrumtest:speed_mps>
          <fulcrumtest:speed_mph>60.00</fulcrumtest:speed_mph>
        </extensions>
      </trkpt>
      <trkpt lat="52.0894000" lon="1.3329900">
        <ele>0</ele>
        <time>2026-06-26T08:10:43Z</time>
        <name>664</name>
        <extensions>
          <fulcrumtest:speed_mps>26.822400</fulcrumtest:speed_mps>
          <fulcrumtest:speed_mph>60.00</fulcrumtest:speed_mph>
        </extensions>
      </trkpt>
      <trkpt lat="52.0897600" lon="1.3331600">
        <ele>0</ele>
        <time>2026-06-26T08:10:45Z</time>
        <name>665</name>
        <extensions>
          <fulcrumtest:speed_mps>26.822400</fulcrumtest:speed_mps>
          <fulcrumtest:speed_mph>60.00</fulcrumtest:speed_mph>
        </extensions>
      </trkpt>
      <trkpt lat="52.0898600" lon="1.3332000">
        <ele>0</ele>
        <time>2026-06-26T08:10:45Z</time>
        <name>666</name>
        <extensions>
          <fulcrumtest:speed_mps>26.822400</fulcrumtest:speed_mps>
          <fulcrumtest:speed_mph>60.00</fulcrumtest:speed_mph>
        </extensions>
      </trkpt>
      <trkpt lat="52.0905200" lon="1.3335700">
        <ele>0</ele>
        <time>2026-06-26T08:10:48Z</time>
        <name>667</name>
        <extensions>
          <fulcrumtest:speed_mps>26.822400</fulcrumtest:speed_mps>
          <fulcrumtest:speed_mph>60.00</fulcrumtest:speed_mph>
        </extensions>
      </trkpt>
      <trkpt lat="52.0908800" lon="1.3338100">
        <ele>0</ele>
        <time>2026-06-26T08:10:50Z</time>
        <name>668</name>
        <extensions>
          <fulcrumtest:speed_mps>26.822400</fulcrumtest:speed_mps>
          <fulcrumtest:speed_mph>60.00</fulcrumtest:speed_mph>
        </extensions>
      </trkpt>
      <trkpt lat="52.0914700" lon="1.3342600">
        <ele>0</ele>
        <time>2026-06-26T08:10:53Z</time>
        <name>669</name>
        <extensions>
          <fulcrumtest:speed_mps>26.822400</fulcrumtest:speed_mps>
          <fulcrumtest:speed_mph>60.00</fulcrumtest:speed_mph>
        </extensions>
      </trkpt>
      <trkpt lat="52.0917700" lon="1.3345300">
        <ele>0</ele>
        <time>2026-06-26T08:10:54Z</time>
        <name>670</name>
        <extensions>
          <fulcrumtest:speed_mps>26.822400</fulcrumtest:speed_mps>
          <fulcrumtest:speed_mph>60.00</fulcrumtest:speed_mph>
        </extensions>
      </trkpt>
      <trkpt lat="52.0919000" lon="1.3346000">
        <ele>0</ele>
        <time>2026-06-26T08:10:55Z</time>
        <name>671</name>
        <extensions>
          <fulcrumtest:speed_mps>26.822400</fulcrumtest:speed_mps>
          <fulcrumtest:speed_mph>60.00</fulcrumtest:speed_mph>
        </extensions>
      </trkpt>
      <trkpt lat="52.0924800" lon="1.3352800">
        <ele>0</ele>
        <time>2026-06-26T08:10:58Z</time>
        <name>672</name>
        <extensions>
          <fulcrumtest:speed_mps>26.822400</fulcrumtest:speed_mps>
          <fulcrumtest:speed_mph>60.00</fulcrumtest:speed_mph>
        </extensions>
      </trkpt>
      <trkpt lat="52.0929300" lon="1.3358900">
        <ele>0</ele>
        <time>2026-06-26T08:11:00Z</time>
        <name>673</name>
        <extensions>
          <fulcrumtest:speed_mps>26.822400</fulcrumtest:speed_mps>
          <fulcrumtest:speed_mph>60.00</fulcrumtest:speed_mph>
        </extensions>
      </trkpt>
      <trkpt lat="52.0948900" lon="1.3388200">
        <ele>0</ele>
        <time>2026-06-26T08:11:11Z</time>
        <name>674</name>
        <extensions>
          <fulcrumtest:speed_mps>26.822400</fulcrumtest:speed_mps>
          <fulcrumtest:speed_mph>60.00</fulcrumtest:speed_mph>
        </extensions>
      </trkpt>
      <trkpt lat="52.0949500" lon="1.3388900">
        <ele>0</ele>
        <time>2026-06-26T08:11:11Z</time>
        <name>675</name>
        <extensions>
          <fulcrumtest:speed_mps>26.822400</fulcrumtest:speed_mps>
          <fulcrumtest:speed_mph>60.00</fulcrumtest:speed_mph>
        </extensions>
      </trkpt>
      <trkpt lat="52.0952700" lon="1.3394100">
        <ele>0</ele>
        <time>2026-06-26T08:11:13Z</time>
        <name>676</name>
        <extensions>
          <fulcrumtest:speed_mps>26.822400</fulcrumtest:speed_mps>
          <fulcrumtest:speed_mph>60.00</fulcrumtest:speed_mph>
        </extensions>
      </trkpt>
      <trkpt lat="52.0956600" lon="1.3401100">
        <ele>0</ele>
        <time>2026-06-26T08:11:16Z</time>
        <name>677</name>
        <extensions>
          <fulcrumtest:speed_mps>26.822400</fulcrumtest:speed_mps>
          <fulcrumtest:speed_mph>60.00</fulcrumtest:speed_mph>
        </extensions>
      </trkpt>
      <trkpt lat="52.0959800" lon="1.3407300">
        <ele>0</ele>
        <time>2026-06-26T08:11:18Z</time>
        <name>678</name>
        <extensions>
          <fulcrumtest:speed_mps>26.822400</fulcrumtest:speed_mps>
          <fulcrumtest:speed_mph>60.00</fulcrumtest:speed_mph>
        </extensions>
      </trkpt>
      <trkpt lat="52.0962900" lon="1.3414600">
        <ele>0</ele>
        <time>2026-06-26T08:11:20Z</time>
        <name>679</name>
        <extensions>
          <fulcrumtest:speed_mps>26.822400</fulcrumtest:speed_mps>
          <fulcrumtest:speed_mph>60.00</fulcrumtest:speed_mph>
        </extensions>
      </trkpt>
      <trkpt lat="52.0966600" lon="1.3425000">
        <ele>0</ele>
        <time>2026-06-26T08:11:23Z</time>
        <name>680</name>
        <extensions>
          <fulcrumtest:speed_mps>26.822400</fulcrumtest:speed_mps>
          <fulcrumtest:speed_mph>60.00</fulcrumtest:speed_mph>
        </extensions>
      </trkpt>
      <trkpt lat="52.0969600" lon="1.3434900">
        <ele>0</ele>
        <time>2026-06-26T08:11:26Z</time>
        <name>681</name>
        <extensions>
          <fulcrumtest:speed_mps>26.822400</fulcrumtest:speed_mps>
          <fulcrumtest:speed_mph>60.00</fulcrumtest:speed_mph>
        </extensions>
      </trkpt>
      <trkpt lat="52.0970300" lon="1.3437600">
        <ele>0</ele>
        <time>2026-06-26T08:11:27Z</time>
        <name>682</name>
        <extensions>
          <fulcrumtest:speed_mps>26.822400</fulcrumtest:speed_mps>
          <fulcrumtest:speed_mph>60.00</fulcrumtest:speed_mph>
        </extensions>
      </trkpt>
      <trkpt lat="52.0972700" lon="1.3448400">
        <ele>0</ele>
        <time>2026-06-26T08:11:29Z</time>
        <name>683</name>
        <extensions>
          <fulcrumtest:speed_mps>26.822400</fulcrumtest:speed_mps>
          <fulcrumtest:speed_mph>60.00</fulcrumtest:speed_mph>
        </extensions>
      </trkpt>
      <trkpt lat="52.0973600" lon="1.3454000">
        <ele>0</ele>
        <time>2026-06-26T08:11:31Z</time>
        <name>684</name>
        <extensions>
          <fulcrumtest:speed_mps>26.822400</fulcrumtest:speed_mps>
          <fulcrumtest:speed_mph>60.00</fulcrumtest:speed_mph>
        </extensions>
      </trkpt>
      <trkpt lat="52.0975200" lon="1.3466600">
        <ele>0</ele>
        <time>2026-06-26T08:11:34Z</time>
        <name>685</name>
        <extensions>
          <fulcrumtest:speed_mps>26.822400</fulcrumtest:speed_mps>
          <fulcrumtest:speed_mph>60.00</fulcrumtest:speed_mph>
        </extensions>
      </trkpt>
      <trkpt lat="52.0975500" lon="1.3472000">
        <ele>0</ele>
        <time>2026-06-26T08:11:36Z</time>
        <name>686</name>
        <extensions>
          <fulcrumtest:speed_mps>26.822400</fulcrumtest:speed_mps>
          <fulcrumtest:speed_mph>60.00</fulcrumtest:speed_mph>
        </extensions>
      </trkpt>
      <trkpt lat="52.0975200" lon="1.3473200">
        <ele>0</ele>
        <time>2026-06-26T08:11:36Z</time>
        <name>687</name>
        <extensions>
          <fulcrumtest:speed_mps>26.822400</fulcrumtest:speed_mps>
          <fulcrumtest:speed_mph>60.00</fulcrumtest:speed_mph>
        </extensions>
      </trkpt>
      <trkpt lat="52.0975500" lon="1.3475300">
        <ele>0</ele>
        <time>2026-06-26T08:11:36Z</time>
        <name>688</name>
        <extensions>
          <fulcrumtest:speed_mps>26.822400</fulcrumtest:speed_mps>
          <fulcrumtest:speed_mph>60.00</fulcrumtest:speed_mph>
        </extensions>
      </trkpt>
      <trkpt lat="52.0976900" lon="1.3495200">
        <ele>0</ele>
        <time>2026-06-26T08:11:42Z</time>
        <name>689</name>
        <extensions>
          <fulcrumtest:speed_mps>26.822400</fulcrumtest:speed_mps>
          <fulcrumtest:speed_mph>60.00</fulcrumtest:speed_mph>
        </extensions>
      </trkpt>
      <trkpt lat="52.0977500" lon="1.3497600">
        <ele>0</ele>
        <time>2026-06-26T08:11:42Z</time>
        <name>690</name>
        <extensions>
          <fulcrumtest:speed_mps>26.822400</fulcrumtest:speed_mps>
          <fulcrumtest:speed_mph>60.00</fulcrumtest:speed_mph>
        </extensions>
      </trkpt>
      <trkpt lat="52.0979500" lon="1.3513800">
        <ele>0</ele>
        <time>2026-06-26T08:11:46Z</time>
        <name>691</name>
        <extensions>
          <fulcrumtest:speed_mps>26.822400</fulcrumtest:speed_mps>
          <fulcrumtest:speed_mph>60.00</fulcrumtest:speed_mph>
        </extensions>
      </trkpt>
      <trkpt lat="52.0982000" lon="1.3528300">
        <ele>0</ele>
        <time>2026-06-26T08:11:50Z</time>
        <name>692</name>
        <extensions>
          <fulcrumtest:speed_mps>26.822400</fulcrumtest:speed_mps>
          <fulcrumtest:speed_mph>60.00</fulcrumtest:speed_mph>
        </extensions>
      </trkpt>
      <trkpt lat="52.0982600" lon="1.3531200">
        <ele>0</ele>
        <time>2026-06-26T08:11:51Z</time>
        <name>693</name>
        <extensions>
          <fulcrumtest:speed_mps>26.822400</fulcrumtest:speed_mps>
          <fulcrumtest:speed_mph>60.00</fulcrumtest:speed_mph>
        </extensions>
      </trkpt>
      <trkpt lat="52.0982600" lon="1.3531600">
        <ele>0</ele>
        <time>2026-06-26T08:11:51Z</time>
        <name>694</name>
        <extensions>
          <fulcrumtest:speed_mps>26.822400</fulcrumtest:speed_mps>
          <fulcrumtest:speed_mph>60.00</fulcrumtest:speed_mph>
        </extensions>
      </trkpt>
      <trkpt lat="52.0984000" lon="1.3537900">
        <ele>0</ele>
        <time>2026-06-26T08:11:53Z</time>
        <name>695</name>
        <extensions>
          <fulcrumtest:speed_mps>26.822400</fulcrumtest:speed_mps>
          <fulcrumtest:speed_mph>60.00</fulcrumtest:speed_mph>
        </extensions>
      </trkpt>
      <trkpt lat="52.0987300" lon="1.3551000">
        <ele>0</ele>
        <time>2026-06-26T08:11:56Z</time>
        <name>696</name>
        <extensions>
          <fulcrumtest:speed_mps>26.822400</fulcrumtest:speed_mps>
          <fulcrumtest:speed_mph>60.00</fulcrumtest:speed_mph>
        </extensions>
      </trkpt>
      <trkpt lat="52.0988300" lon="1.3554100">
        <ele>0</ele>
        <time>2026-06-26T08:11:57Z</time>
        <name>697</name>
        <extensions>
          <fulcrumtest:speed_mps>26.822400</fulcrumtest:speed_mps>
          <fulcrumtest:speed_mph>60.00</fulcrumtest:speed_mph>
        </extensions>
      </trkpt>
      <trkpt lat="52.0988800" lon="1.3556000">
        <ele>0</ele>
        <time>2026-06-26T08:11:58Z</time>
        <name>698</name>
        <extensions>
          <fulcrumtest:speed_mps>26.822400</fulcrumtest:speed_mps>
          <fulcrumtest:speed_mph>60.00</fulcrumtest:speed_mph>
        </extensions>
      </trkpt>
      <trkpt lat="52.0990100" lon="1.3560200">
        <ele>0</ele>
        <time>2026-06-26T08:11:59Z</time>
        <name>699</name>
        <extensions>
          <fulcrumtest:speed_mps>26.822400</fulcrumtest:speed_mps>
          <fulcrumtest:speed_mph>60.00</fulcrumtest:speed_mph>
        </extensions>
      </trkpt>
      <trkpt lat="52.0993100" lon="1.3569000">
        <ele>0</ele>
        <time>2026-06-26T08:12:02Z</time>
        <name>700</name>
        <extensions>
          <fulcrumtest:speed_mps>26.822400</fulcrumtest:speed_mps>
          <fulcrumtest:speed_mph>60.00</fulcrumtest:speed_mph>
        </extensions>
      </trkpt>
      <trkpt lat="52.0994900" lon="1.3573800">
        <ele>0</ele>
        <time>2026-06-26T08:12:03Z</time>
        <name>701</name>
        <extensions>
          <fulcrumtest:speed_mps>26.822400</fulcrumtest:speed_mps>
          <fulcrumtest:speed_mph>60.00</fulcrumtest:speed_mph>
        </extensions>
      </trkpt>
      <trkpt lat="52.1001400" lon="1.3589200">
        <ele>0</ele>
        <time>2026-06-26T08:12:08Z</time>
        <name>702</name>
        <extensions>
          <fulcrumtest:speed_mps>26.822400</fulcrumtest:speed_mps>
          <fulcrumtest:speed_mph>60.00</fulcrumtest:speed_mph>
        </extensions>
      </trkpt>
      <trkpt lat="52.1004700" lon="1.3596100">
        <ele>0</ele>
        <time>2026-06-26T08:12:10Z</time>
        <name>703</name>
        <extensions>
          <fulcrumtest:speed_mps>26.822400</fulcrumtest:speed_mps>
          <fulcrumtest:speed_mph>60.00</fulcrumtest:speed_mph>
        </extensions>
      </trkpt>
      <trkpt lat="52.1004700" lon="1.3596200">
        <ele>0</ele>
        <time>2026-06-26T08:12:10Z</time>
        <name>704</name>
        <extensions>
          <fulcrumtest:speed_mps>26.822400</fulcrumtest:speed_mps>
          <fulcrumtest:speed_mph>60.00</fulcrumtest:speed_mph>
        </extensions>
      </trkpt>
      <trkpt lat="52.1011600" lon="1.3609600">
        <ele>0</ele>
        <time>2026-06-26T08:12:15Z</time>
        <name>705</name>
        <extensions>
          <fulcrumtest:speed_mps>26.822400</fulcrumtest:speed_mps>
          <fulcrumtest:speed_mph>60.00</fulcrumtest:speed_mph>
        </extensions>
      </trkpt>
      <trkpt lat="52.1020400" lon="1.3624400">
        <ele>0</ele>
        <time>2026-06-26T08:12:20Z</time>
        <name>706</name>
        <extensions>
          <fulcrumtest:speed_mps>26.822400</fulcrumtest:speed_mps>
          <fulcrumtest:speed_mph>60.00</fulcrumtest:speed_mph>
        </extensions>
      </trkpt>
      <trkpt lat="52.1024700" lon="1.3631000">
        <ele>0</ele>
        <time>2026-06-26T08:12:22Z</time>
        <name>707</name>
        <extensions>
          <fulcrumtest:speed_mps>26.822400</fulcrumtest:speed_mps>
          <fulcrumtest:speed_mph>60.00</fulcrumtest:speed_mph>
        </extensions>
      </trkpt>
      <trkpt lat="52.1031300" lon="1.3640300">
        <ele>0</ele>
        <time>2026-06-26T08:12:26Z</time>
        <name>708</name>
        <extensions>
          <fulcrumtest:speed_mps>26.822400</fulcrumtest:speed_mps>
          <fulcrumtest:speed_mph>60.00</fulcrumtest:speed_mph>
        </extensions>
      </trkpt>
      <trkpt lat="52.1032200" lon="1.3641400">
        <ele>0</ele>
        <time>2026-06-26T08:12:26Z</time>
        <name>709</name>
        <extensions>
          <fulcrumtest:speed_mps>26.822400</fulcrumtest:speed_mps>
          <fulcrumtest:speed_mph>60.00</fulcrumtest:speed_mph>
        </extensions>
      </trkpt>
      <trkpt lat="52.1034100" lon="1.3644000">
        <ele>0</ele>
        <time>2026-06-26T08:12:27Z</time>
        <name>710</name>
        <extensions>
          <fulcrumtest:speed_mps>26.822400</fulcrumtest:speed_mps>
          <fulcrumtest:speed_mph>60.00</fulcrumtest:speed_mph>
        </extensions>
      </trkpt>
      <trkpt lat="52.1034300" lon="1.3644200">
        <ele>0</ele>
        <time>2026-06-26T08:12:27Z</time>
        <name>711</name>
        <extensions>
          <fulcrumtest:speed_mps>26.822400</fulcrumtest:speed_mps>
          <fulcrumtest:speed_mph>60.00</fulcrumtest:speed_mph>
        </extensions>
      </trkpt>
      <trkpt lat="52.1035100" lon="1.3645300">
        <ele>0</ele>
        <time>2026-06-26T08:12:28Z</time>
        <name>712</name>
        <extensions>
          <fulcrumtest:speed_mps>26.822400</fulcrumtest:speed_mps>
          <fulcrumtest:speed_mph>60.00</fulcrumtest:speed_mph>
        </extensions>
      </trkpt>
      <trkpt lat="52.1043100" lon="1.3654900">
        <ele>0</ele>
        <time>2026-06-26T08:12:32Z</time>
        <name>713</name>
        <extensions>
          <fulcrumtest:speed_mps>26.822400</fulcrumtest:speed_mps>
          <fulcrumtest:speed_mph>60.00</fulcrumtest:speed_mph>
        </extensions>
      </trkpt>
      <trkpt lat="52.1048500" lon="1.3660600">
        <ele>0</ele>
        <time>2026-06-26T08:12:35Z</time>
        <name>714</name>
        <extensions>
          <fulcrumtest:speed_mps>26.822400</fulcrumtest:speed_mps>
          <fulcrumtest:speed_mph>60.00</fulcrumtest:speed_mph>
        </extensions>
      </trkpt>
      <trkpt lat="52.1048500" lon="1.3660700">
        <ele>0</ele>
        <time>2026-06-26T08:12:35Z</time>
        <name>715</name>
        <extensions>
          <fulcrumtest:speed_mps>26.822400</fulcrumtest:speed_mps>
          <fulcrumtest:speed_mph>60.00</fulcrumtest:speed_mph>
        </extensions>
      </trkpt>
      <trkpt lat="52.1060500" lon="1.3672800">
        <ele>0</ele>
        <time>2026-06-26T08:12:41Z</time>
        <name>716</name>
        <extensions>
          <fulcrumtest:speed_mps>26.822400</fulcrumtest:speed_mps>
          <fulcrumtest:speed_mph>60.00</fulcrumtest:speed_mph>
        </extensions>
      </trkpt>
      <trkpt lat="52.1065400" lon="1.3678200">
        <ele>0</ele>
        <time>2026-06-26T08:12:43Z</time>
        <name>717</name>
        <extensions>
          <fulcrumtest:speed_mps>26.822400</fulcrumtest:speed_mps>
          <fulcrumtest:speed_mph>60.00</fulcrumtest:speed_mph>
        </extensions>
      </trkpt>
      <trkpt lat="52.1065800" lon="1.3678800">
        <ele>0</ele>
        <time>2026-06-26T08:12:43Z</time>
        <name>718</name>
        <extensions>
          <fulcrumtest:speed_mps>26.822400</fulcrumtest:speed_mps>
          <fulcrumtest:speed_mph>60.00</fulcrumtest:speed_mph>
        </extensions>
      </trkpt>
      <trkpt lat="52.1067700" lon="1.3681000">
        <ele>0</ele>
        <time>2026-06-26T08:12:44Z</time>
        <name>719</name>
        <extensions>
          <fulcrumtest:speed_mps>26.822400</fulcrumtest:speed_mps>
          <fulcrumtest:speed_mph>60.00</fulcrumtest:speed_mph>
        </extensions>
      </trkpt>
      <trkpt lat="52.1069500" lon="1.3683400">
        <ele>0</ele>
        <time>2026-06-26T08:12:45Z</time>
        <name>720</name>
        <extensions>
          <fulcrumtest:speed_mps>26.822400</fulcrumtest:speed_mps>
          <fulcrumtest:speed_mph>60.00</fulcrumtest:speed_mph>
        </extensions>
      </trkpt>
      <trkpt lat="52.1070100" lon="1.3684100">
        <ele>0</ele>
        <time>2026-06-26T08:12:45Z</time>
        <name>721</name>
        <extensions>
          <fulcrumtest:speed_mps>26.822400</fulcrumtest:speed_mps>
          <fulcrumtest:speed_mph>60.00</fulcrumtest:speed_mph>
        </extensions>
      </trkpt>
      <trkpt lat="52.1070100" lon="1.3684200">
        <ele>0</ele>
        <time>2026-06-26T08:12:45Z</time>
        <name>722</name>
        <extensions>
          <fulcrumtest:speed_mps>26.822400</fulcrumtest:speed_mps>
          <fulcrumtest:speed_mph>60.00</fulcrumtest:speed_mph>
        </extensions>
      </trkpt>
      <trkpt lat="52.1072200" lon="1.3687000">
        <ele>0</ele>
        <time>2026-06-26T08:12:47Z</time>
        <name>723</name>
        <extensions>
          <fulcrumtest:speed_mps>26.822400</fulcrumtest:speed_mps>
          <fulcrumtest:speed_mph>60.00</fulcrumtest:speed_mph>
        </extensions>
      </trkpt>
      <trkpt lat="52.1078100" lon="1.3695900">
        <ele>0</ele>
        <time>2026-06-26T08:12:50Z</time>
        <name>724</name>
        <extensions>
          <fulcrumtest:speed_mps>26.822400</fulcrumtest:speed_mps>
          <fulcrumtest:speed_mph>60.00</fulcrumtest:speed_mph>
        </extensions>
      </trkpt>
      <trkpt lat="52.1078100" lon="1.3696000">
        <ele>0</ele>
        <time>2026-06-26T08:12:50Z</time>
        <name>725</name>
        <extensions>
          <fulcrumtest:speed_mps>26.822400</fulcrumtest:speed_mps>
          <fulcrumtest:speed_mph>60.00</fulcrumtest:speed_mph>
        </extensions>
      </trkpt>
      <trkpt lat="52.1082900" lon="1.3704600">
        <ele>0</ele>
        <time>2026-06-26T08:12:53Z</time>
        <name>726</name>
        <extensions>
          <fulcrumtest:speed_mps>26.822400</fulcrumtest:speed_mps>
          <fulcrumtest:speed_mph>60.00</fulcrumtest:speed_mph>
        </extensions>
      </trkpt>
      <trkpt lat="52.1083000" lon="1.3704700">
        <ele>0</ele>
        <time>2026-06-26T08:12:53Z</time>
        <name>727</name>
        <extensions>
          <fulcrumtest:speed_mps>26.822400</fulcrumtest:speed_mps>
          <fulcrumtest:speed_mph>60.00</fulcrumtest:speed_mph>
        </extensions>
      </trkpt>
      <trkpt lat="52.1084000" lon="1.3706800">
        <ele>0</ele>
        <time>2026-06-26T08:12:54Z</time>
        <name>728</name>
        <extensions>
          <fulcrumtest:speed_mps>26.822400</fulcrumtest:speed_mps>
          <fulcrumtest:speed_mph>60.00</fulcrumtest:speed_mph>
        </extensions>
      </trkpt>
      <trkpt lat="52.1084100" lon="1.3706900">
        <ele>0</ele>
        <time>2026-06-26T08:12:54Z</time>
        <name>729</name>
        <extensions>
          <fulcrumtest:speed_mps>26.822400</fulcrumtest:speed_mps>
          <fulcrumtest:speed_mph>60.00</fulcrumtest:speed_mph>
        </extensions>
      </trkpt>
      <trkpt lat="52.1084900" lon="1.3708400">
        <ele>0</ele>
        <time>2026-06-26T08:12:54Z</time>
        <name>730</name>
        <extensions>
          <fulcrumtest:speed_mps>26.822400</fulcrumtest:speed_mps>
          <fulcrumtest:speed_mph>60.00</fulcrumtest:speed_mph>
        </extensions>
      </trkpt>
      <trkpt lat="52.1088700" lon="1.3716700">
        <ele>0</ele>
        <time>2026-06-26T08:12:57Z</time>
        <name>731</name>
        <extensions>
          <fulcrumtest:speed_mps>26.822400</fulcrumtest:speed_mps>
          <fulcrumtest:speed_mph>60.00</fulcrumtest:speed_mph>
        </extensions>
      </trkpt>
      <trkpt lat="52.1092300" lon="1.3725500">
        <ele>0</ele>
        <time>2026-06-26T08:12:59Z</time>
        <name>732</name>
        <extensions>
          <fulcrumtest:speed_mps>26.822400</fulcrumtest:speed_mps>
          <fulcrumtest:speed_mph>60.00</fulcrumtest:speed_mph>
        </extensions>
      </trkpt>
      <trkpt lat="52.1096700" lon="1.3738300">
        <ele>0</ele>
        <time>2026-06-26T08:13:03Z</time>
        <name>733</name>
        <extensions>
          <fulcrumtest:speed_mps>26.822400</fulcrumtest:speed_mps>
          <fulcrumtest:speed_mph>60.00</fulcrumtest:speed_mph>
        </extensions>
      </trkpt>
      <trkpt lat="52.1098900" lon="1.3745800">
        <ele>0</ele>
        <time>2026-06-26T08:13:05Z</time>
        <name>734</name>
        <extensions>
          <fulcrumtest:speed_mps>26.822400</fulcrumtest:speed_mps>
          <fulcrumtest:speed_mph>60.00</fulcrumtest:speed_mph>
        </extensions>
      </trkpt>
      <trkpt lat="52.1101300" lon="1.3755300">
        <ele>0</ele>
        <time>2026-06-26T08:13:08Z</time>
        <name>735</name>
        <extensions>
          <fulcrumtest:speed_mps>26.822400</fulcrumtest:speed_mps>
          <fulcrumtest:speed_mph>60.00</fulcrumtest:speed_mph>
        </extensions>
      </trkpt>
      <trkpt lat="52.1102900" lon="1.3763000">
        <ele>0</ele>
        <time>2026-06-26T08:13:10Z</time>
        <name>736</name>
        <extensions>
          <fulcrumtest:speed_mps>26.822400</fulcrumtest:speed_mps>
          <fulcrumtest:speed_mph>60.00</fulcrumtest:speed_mph>
        </extensions>
      </trkpt>
      <trkpt lat="52.1105800" lon="1.3780800">
        <ele>0</ele>
        <time>2026-06-26T08:13:15Z</time>
        <name>737</name>
        <extensions>
          <fulcrumtest:speed_mps>26.822400</fulcrumtest:speed_mps>
          <fulcrumtest:speed_mph>60.00</fulcrumtest:speed_mph>
        </extensions>
      </trkpt>
      <trkpt lat="52.1107600" lon="1.3794200">
        <ele>0</ele>
        <time>2026-06-26T08:13:18Z</time>
        <name>738</name>
        <extensions>
          <fulcrumtest:speed_mps>26.822400</fulcrumtest:speed_mps>
          <fulcrumtest:speed_mph>60.00</fulcrumtest:speed_mph>
        </extensions>
      </trkpt>
      <trkpt lat="52.1109300" lon="1.3804000">
        <ele>0</ele>
        <time>2026-06-26T08:13:21Z</time>
        <name>739</name>
        <extensions>
          <fulcrumtest:speed_mps>26.822400</fulcrumtest:speed_mps>
          <fulcrumtest:speed_mph>60.00</fulcrumtest:speed_mph>
        </extensions>
      </trkpt>
      <trkpt lat="52.1110600" lon="1.3810400">
        <ele>0</ele>
        <time>2026-06-26T08:13:23Z</time>
        <name>740</name>
        <extensions>
          <fulcrumtest:speed_mps>26.822400</fulcrumtest:speed_mps>
          <fulcrumtest:speed_mph>60.00</fulcrumtest:speed_mph>
        </extensions>
      </trkpt>
      <trkpt lat="52.1113000" lon="1.3820400">
        <ele>0</ele>
        <time>2026-06-26T08:13:25Z</time>
        <name>741</name>
        <extensions>
          <fulcrumtest:speed_mps>26.822400</fulcrumtest:speed_mps>
          <fulcrumtest:speed_mph>60.00</fulcrumtest:speed_mph>
        </extensions>
      </trkpt>
      <trkpt lat="52.1114200" lon="1.3824600">
        <ele>0</ele>
        <time>2026-06-26T08:13:26Z</time>
        <name>742</name>
        <extensions>
          <fulcrumtest:speed_mps>26.822400</fulcrumtest:speed_mps>
          <fulcrumtest:speed_mph>60.00</fulcrumtest:speed_mph>
        </extensions>
      </trkpt>
      <trkpt lat="52.1116900" lon="1.3833100">
        <ele>0</ele>
        <time>2026-06-26T08:13:29Z</time>
        <name>743</name>
        <extensions>
          <fulcrumtest:speed_mps>26.822400</fulcrumtest:speed_mps>
          <fulcrumtest:speed_mph>60.00</fulcrumtest:speed_mph>
        </extensions>
      </trkpt>
      <trkpt lat="52.1118900" lon="1.3838500">
        <ele>0</ele>
        <time>2026-06-26T08:13:30Z</time>
        <name>744</name>
        <extensions>
          <fulcrumtest:speed_mps>26.822400</fulcrumtest:speed_mps>
          <fulcrumtest:speed_mph>60.00</fulcrumtest:speed_mph>
        </extensions>
      </trkpt>
      <trkpt lat="52.1121800" lon="1.3845600">
        <ele>0</ele>
        <time>2026-06-26T08:13:33Z</time>
        <name>745</name>
        <extensions>
          <fulcrumtest:speed_mps>26.822400</fulcrumtest:speed_mps>
          <fulcrumtest:speed_mph>60.00</fulcrumtest:speed_mph>
        </extensions>
      </trkpt>
      <trkpt lat="52.1126200" lon="1.3855100">
        <ele>0</ele>
        <time>2026-06-26T08:13:36Z</time>
        <name>746</name>
        <extensions>
          <fulcrumtest:speed_mps>26.822400</fulcrumtest:speed_mps>
          <fulcrumtest:speed_mph>60.00</fulcrumtest:speed_mph>
        </extensions>
      </trkpt>
      <trkpt lat="52.1130500" lon="1.3863100">
        <ele>0</ele>
        <time>2026-06-26T08:13:38Z</time>
        <name>747</name>
        <extensions>
          <fulcrumtest:speed_mps>26.822400</fulcrumtest:speed_mps>
          <fulcrumtest:speed_mph>60.00</fulcrumtest:speed_mph>
        </extensions>
      </trkpt>
      <trkpt lat="52.1136200" lon="1.3872100">
        <ele>0</ele>
        <time>2026-06-26T08:13:42Z</time>
        <name>748</name>
        <extensions>
          <fulcrumtest:speed_mps>26.822400</fulcrumtest:speed_mps>
          <fulcrumtest:speed_mph>60.00</fulcrumtest:speed_mph>
        </extensions>
      </trkpt>
      <trkpt lat="52.1137700" lon="1.3874100">
        <ele>0</ele>
        <time>2026-06-26T08:13:42Z</time>
        <name>749</name>
        <extensions>
          <fulcrumtest:speed_mps>26.822400</fulcrumtest:speed_mps>
          <fulcrumtest:speed_mph>60.00</fulcrumtest:speed_mph>
        </extensions>
      </trkpt>
      <trkpt lat="52.1138500" lon="1.3875300">
        <ele>0</ele>
        <time>2026-06-26T08:13:43Z</time>
        <name>750</name>
        <extensions>
          <fulcrumtest:speed_mps>26.822400</fulcrumtest:speed_mps>
          <fulcrumtest:speed_mph>60.00</fulcrumtest:speed_mph>
        </extensions>
      </trkpt>
      <trkpt lat="52.1142900" lon="1.3880900">
        <ele>0</ele>
        <time>2026-06-26T08:13:45Z</time>
        <name>751</name>
        <extensions>
          <fulcrumtest:speed_mps>26.822400</fulcrumtest:speed_mps>
          <fulcrumtest:speed_mph>60.00</fulcrumtest:speed_mph>
        </extensions>
      </trkpt>
      <trkpt lat="52.1145700" lon="1.3884100">
        <ele>0</ele>
        <time>2026-06-26T08:13:47Z</time>
        <name>752</name>
        <extensions>
          <fulcrumtest:speed_mps>26.822400</fulcrumtest:speed_mps>
          <fulcrumtest:speed_mph>60.00</fulcrumtest:speed_mph>
        </extensions>
      </trkpt>
      <trkpt lat="52.1151900" lon="1.3890400">
        <ele>0</ele>
        <time>2026-06-26T08:13:50Z</time>
        <name>753</name>
        <extensions>
          <fulcrumtest:speed_mps>26.822400</fulcrumtest:speed_mps>
          <fulcrumtest:speed_mph>60.00</fulcrumtest:speed_mph>
        </extensions>
      </trkpt>
      <trkpt lat="52.1153500" lon="1.3891900">
        <ele>0</ele>
        <time>2026-06-26T08:13:50Z</time>
        <name>754</name>
        <extensions>
          <fulcrumtest:speed_mps>26.822400</fulcrumtest:speed_mps>
          <fulcrumtest:speed_mph>60.00</fulcrumtest:speed_mph>
        </extensions>
      </trkpt>
      <trkpt lat="52.1158800" lon="1.3896200">
        <ele>0</ele>
        <time>2026-06-26T08:13:53Z</time>
        <name>755</name>
        <extensions>
          <fulcrumtest:speed_mps>26.822400</fulcrumtest:speed_mps>
          <fulcrumtest:speed_mph>60.00</fulcrumtest:speed_mph>
        </extensions>
      </trkpt>
      <trkpt lat="52.1162900" lon="1.3899200">
        <ele>0</ele>
        <time>2026-06-26T08:13:55Z</time>
        <name>756</name>
        <extensions>
          <fulcrumtest:speed_mps>26.822400</fulcrumtest:speed_mps>
          <fulcrumtest:speed_mph>60.00</fulcrumtest:speed_mph>
        </extensions>
      </trkpt>
      <trkpt lat="52.1168300" lon="1.3902500">
        <ele>0</ele>
        <time>2026-06-26T08:13:57Z</time>
        <name>757</name>
        <extensions>
          <fulcrumtest:speed_mps>26.822400</fulcrumtest:speed_mps>
          <fulcrumtest:speed_mph>60.00</fulcrumtest:speed_mph>
        </extensions>
      </trkpt>
      <trkpt lat="52.1171100" lon="1.3904000">
        <ele>0</ele>
        <time>2026-06-26T08:13:58Z</time>
        <name>758</name>
        <extensions>
          <fulcrumtest:speed_mps>26.822400</fulcrumtest:speed_mps>
          <fulcrumtest:speed_mph>60.00</fulcrumtest:speed_mph>
        </extensions>
      </trkpt>
      <trkpt lat="52.1177500" lon="1.3906700">
        <ele>0</ele>
        <time>2026-06-26T08:14:01Z</time>
        <name>759</name>
        <extensions>
          <fulcrumtest:speed_mps>26.822400</fulcrumtest:speed_mps>
          <fulcrumtest:speed_mph>60.00</fulcrumtest:speed_mph>
        </extensions>
      </trkpt>
      <trkpt lat="52.1182800" lon="1.3908700">
        <ele>0</ele>
        <time>2026-06-26T08:14:03Z</time>
        <name>760</name>
        <extensions>
          <fulcrumtest:speed_mps>26.822400</fulcrumtest:speed_mps>
          <fulcrumtest:speed_mph>60.00</fulcrumtest:speed_mph>
        </extensions>
      </trkpt>
      <trkpt lat="52.1182900" lon="1.3908700">
        <ele>0</ele>
        <time>2026-06-26T08:14:03Z</time>
        <name>761</name>
        <extensions>
          <fulcrumtest:speed_mps>26.822400</fulcrumtest:speed_mps>
          <fulcrumtest:speed_mph>60.00</fulcrumtest:speed_mph>
        </extensions>
      </trkpt>
      <trkpt lat="52.1189600" lon="1.3911200">
        <ele>0</ele>
        <time>2026-06-26T08:14:06Z</time>
        <name>762</name>
        <extensions>
          <fulcrumtest:speed_mps>26.822400</fulcrumtest:speed_mps>
          <fulcrumtest:speed_mph>60.00</fulcrumtest:speed_mph>
        </extensions>
      </trkpt>
      <trkpt lat="52.1189800" lon="1.3911200">
        <ele>0</ele>
        <time>2026-06-26T08:14:06Z</time>
        <name>763</name>
        <extensions>
          <fulcrumtest:speed_mps>26.822400</fulcrumtest:speed_mps>
          <fulcrumtest:speed_mph>60.00</fulcrumtest:speed_mph>
        </extensions>
      </trkpt>
      <trkpt lat="52.1201900" lon="1.3915800">
        <ele>0</ele>
        <time>2026-06-26T08:14:11Z</time>
        <name>764</name>
        <extensions>
          <fulcrumtest:speed_mps>26.822400</fulcrumtest:speed_mps>
          <fulcrumtest:speed_mph>60.00</fulcrumtest:speed_mph>
        </extensions>
      </trkpt>
      <trkpt lat="52.1202000" lon="1.3915900">
        <ele>0</ele>
        <time>2026-06-26T08:14:12Z</time>
        <name>765</name>
        <extensions>
          <fulcrumtest:speed_mps>26.822400</fulcrumtest:speed_mps>
          <fulcrumtest:speed_mph>60.00</fulcrumtest:speed_mph>
        </extensions>
      </trkpt>
      <trkpt lat="52.1217800" lon="1.3922100">
        <ele>0</ele>
        <time>2026-06-26T08:14:18Z</time>
        <name>766</name>
        <extensions>
          <fulcrumtest:speed_mps>26.822400</fulcrumtest:speed_mps>
          <fulcrumtest:speed_mph>60.00</fulcrumtest:speed_mph>
        </extensions>
      </trkpt>
      <trkpt lat="52.1234500" lon="1.3929200">
        <ele>0</ele>
        <time>2026-06-26T08:14:25Z</time>
        <name>767</name>
        <extensions>
          <fulcrumtest:speed_mps>26.822400</fulcrumtest:speed_mps>
          <fulcrumtest:speed_mph>60.00</fulcrumtest:speed_mph>
        </extensions>
      </trkpt>
      <trkpt lat="52.1252500" lon="1.3937300">
        <ele>0</ele>
        <time>2026-06-26T08:14:33Z</time>
        <name>768</name>
        <extensions>
          <fulcrumtest:speed_mps>26.822400</fulcrumtest:speed_mps>
          <fulcrumtest:speed_mph>60.00</fulcrumtest:speed_mph>
        </extensions>
      </trkpt>
      <trkpt lat="52.1284300" lon="1.3952900">
        <ele>0</ele>
        <time>2026-06-26T08:14:47Z</time>
        <name>769</name>
        <extensions>
          <fulcrumtest:speed_mps>26.822400</fulcrumtest:speed_mps>
          <fulcrumtest:speed_mph>60.00</fulcrumtest:speed_mph>
        </extensions>
      </trkpt>
      <trkpt lat="52.1288100" lon="1.3955000">
        <ele>0</ele>
        <time>2026-06-26T08:14:49Z</time>
        <name>770</name>
        <extensions>
          <fulcrumtest:speed_mps>26.822400</fulcrumtest:speed_mps>
          <fulcrumtest:speed_mph>60.00</fulcrumtest:speed_mph>
        </extensions>
      </trkpt>
      <trkpt lat="52.1288400" lon="1.3955100">
        <ele>0</ele>
        <time>2026-06-26T08:14:49Z</time>
        <name>771</name>
        <extensions>
          <fulcrumtest:speed_mps>26.822400</fulcrumtest:speed_mps>
          <fulcrumtest:speed_mph>60.00</fulcrumtest:speed_mph>
        </extensions>
      </trkpt>
      <trkpt lat="52.1302100" lon="1.3962400">
        <ele>0</ele>
        <time>2026-06-26T08:14:55Z</time>
        <name>772</name>
        <extensions>
          <fulcrumtest:speed_mps>26.822400</fulcrumtest:speed_mps>
          <fulcrumtest:speed_mph>60.00</fulcrumtest:speed_mph>
        </extensions>
      </trkpt>
      <trkpt lat="52.1316300" lon="1.3970400">
        <ele>0</ele>
        <time>2026-06-26T08:15:01Z</time>
        <name>773</name>
        <extensions>
          <fulcrumtest:speed_mps>26.822400</fulcrumtest:speed_mps>
          <fulcrumtest:speed_mph>60.00</fulcrumtest:speed_mph>
        </extensions>
      </trkpt>
      <trkpt lat="52.1321400" lon="1.3973500">
        <ele>0</ele>
        <time>2026-06-26T08:15:03Z</time>
        <name>774</name>
        <extensions>
          <fulcrumtest:speed_mps>26.822400</fulcrumtest:speed_mps>
          <fulcrumtest:speed_mph>60.00</fulcrumtest:speed_mph>
        </extensions>
      </trkpt>
      <trkpt lat="52.1326300" lon="1.3976900">
        <ele>0</ele>
        <time>2026-06-26T08:15:05Z</time>
        <name>775</name>
        <extensions>
          <fulcrumtest:speed_mps>26.822400</fulcrumtest:speed_mps>
          <fulcrumtest:speed_mph>60.00</fulcrumtest:speed_mph>
        </extensions>
      </trkpt>
      <trkpt lat="52.1329400" lon="1.3979300">
        <ele>0</ele>
        <time>2026-06-26T08:15:07Z</time>
        <name>776</name>
        <extensions>
          <fulcrumtest:speed_mps>26.822400</fulcrumtest:speed_mps>
          <fulcrumtest:speed_mph>60.00</fulcrumtest:speed_mph>
        </extensions>
      </trkpt>
      <trkpt lat="52.1335800" lon="1.3984600">
        <ele>0</ele>
        <time>2026-06-26T08:15:10Z</time>
        <name>777</name>
        <extensions>
          <fulcrumtest:speed_mps>26.822400</fulcrumtest:speed_mps>
          <fulcrumtest:speed_mph>60.00</fulcrumtest:speed_mph>
        </extensions>
      </trkpt>
      <trkpt lat="52.1339700" lon="1.3988100">
        <ele>0</ele>
        <time>2026-06-26T08:15:12Z</time>
        <name>778</name>
        <extensions>
          <fulcrumtest:speed_mps>26.822400</fulcrumtest:speed_mps>
          <fulcrumtest:speed_mph>60.00</fulcrumtest:speed_mph>
        </extensions>
      </trkpt>
      <trkpt lat="52.1344000" lon="1.3992300">
        <ele>0</ele>
        <time>2026-06-26T08:15:14Z</time>
        <name>779</name>
        <extensions>
          <fulcrumtest:speed_mps>26.822400</fulcrumtest:speed_mps>
          <fulcrumtest:speed_mph>60.00</fulcrumtest:speed_mph>
        </extensions>
      </trkpt>
      <trkpt lat="52.1349600" lon="1.3998300">
        <ele>0</ele>
        <time>2026-06-26T08:15:16Z</time>
        <name>780</name>
        <extensions>
          <fulcrumtest:speed_mps>26.822400</fulcrumtest:speed_mps>
          <fulcrumtest:speed_mph>60.00</fulcrumtest:speed_mph>
        </extensions>
      </trkpt>
      <trkpt lat="52.1355600" lon="1.4005300">
        <ele>0</ele>
        <time>2026-06-26T08:15:20Z</time>
        <name>781</name>
        <extensions>
          <fulcrumtest:speed_mps>26.822400</fulcrumtest:speed_mps>
          <fulcrumtest:speed_mph>60.00</fulcrumtest:speed_mph>
        </extensions>
      </trkpt>
      <trkpt lat="52.1355700" lon="1.4005600">
        <ele>0</ele>
        <time>2026-06-26T08:15:20Z</time>
        <name>782</name>
        <extensions>
          <fulcrumtest:speed_mps>26.822400</fulcrumtest:speed_mps>
          <fulcrumtest:speed_mph>60.00</fulcrumtest:speed_mph>
        </extensions>
      </trkpt>
      <trkpt lat="52.1358300" lon="1.4008700">
        <ele>0</ele>
        <time>2026-06-26T08:15:21Z</time>
        <name>783</name>
        <extensions>
          <fulcrumtest:speed_mps>26.822400</fulcrumtest:speed_mps>
          <fulcrumtest:speed_mph>60.00</fulcrumtest:speed_mph>
        </extensions>
      </trkpt>
      <trkpt lat="52.1358400" lon="1.4008900">
        <ele>0</ele>
        <time>2026-06-26T08:15:21Z</time>
        <name>784</name>
        <extensions>
          <fulcrumtest:speed_mps>26.822400</fulcrumtest:speed_mps>
          <fulcrumtest:speed_mph>60.00</fulcrumtest:speed_mph>
        </extensions>
      </trkpt>
      <trkpt lat="52.1365000" lon="1.4017900">
        <ele>0</ele>
        <time>2026-06-26T08:15:25Z</time>
        <name>785</name>
        <extensions>
          <fulcrumtest:speed_mps>26.822400</fulcrumtest:speed_mps>
          <fulcrumtest:speed_mph>60.00</fulcrumtest:speed_mph>
        </extensions>
      </trkpt>
      <trkpt lat="52.1368500" lon="1.4023200">
        <ele>0</ele>
        <time>2026-06-26T08:15:27Z</time>
        <name>786</name>
        <extensions>
          <fulcrumtest:speed_mps>26.822400</fulcrumtest:speed_mps>
          <fulcrumtest:speed_mph>60.00</fulcrumtest:speed_mph>
        </extensions>
      </trkpt>
      <trkpt lat="52.1369200" lon="1.4024400">
        <ele>0</ele>
        <time>2026-06-26T08:15:27Z</time>
        <name>787</name>
        <extensions>
          <fulcrumtest:speed_mps>26.822400</fulcrumtest:speed_mps>
          <fulcrumtest:speed_mph>60.00</fulcrumtest:speed_mph>
        </extensions>
      </trkpt>
      <trkpt lat="52.1370800" lon="1.4026800">
        <ele>0</ele>
        <time>2026-06-26T08:15:28Z</time>
        <name>788</name>
        <extensions>
          <fulcrumtest:speed_mps>26.822400</fulcrumtest:speed_mps>
          <fulcrumtest:speed_mph>60.00</fulcrumtest:speed_mph>
        </extensions>
      </trkpt>
      <trkpt lat="52.1374100" lon="1.4032400">
        <ele>0</ele>
        <time>2026-06-26T08:15:30Z</time>
        <name>789</name>
        <extensions>
          <fulcrumtest:speed_mps>26.822400</fulcrumtest:speed_mps>
          <fulcrumtest:speed_mph>60.00</fulcrumtest:speed_mph>
        </extensions>
      </trkpt>
      <trkpt lat="52.1381200" lon="1.4045600">
        <ele>0</ele>
        <time>2026-06-26T08:15:34Z</time>
        <name>790</name>
        <extensions>
          <fulcrumtest:speed_mps>26.822400</fulcrumtest:speed_mps>
          <fulcrumtest:speed_mph>60.00</fulcrumtest:speed_mph>
        </extensions>
      </trkpt>
      <trkpt lat="52.1386600" lon="1.4056700">
        <ele>0</ele>
        <time>2026-06-26T08:15:38Z</time>
        <name>791</name>
        <extensions>
          <fulcrumtest:speed_mps>26.822400</fulcrumtest:speed_mps>
          <fulcrumtest:speed_mph>60.00</fulcrumtest:speed_mph>
        </extensions>
      </trkpt>
      <trkpt lat="52.1392900" lon="1.4071400">
        <ele>0</ele>
        <time>2026-06-26T08:15:43Z</time>
        <name>792</name>
        <extensions>
          <fulcrumtest:speed_mps>26.822400</fulcrumtest:speed_mps>
          <fulcrumtest:speed_mph>60.00</fulcrumtest:speed_mph>
        </extensions>
      </trkpt>
      <trkpt lat="52.1396700" lon="1.4081500">
        <ele>0</ele>
        <time>2026-06-26T08:15:46Z</time>
        <name>793</name>
        <extensions>
          <fulcrumtest:speed_mps>26.822400</fulcrumtest:speed_mps>
          <fulcrumtest:speed_mph>60.00</fulcrumtest:speed_mph>
        </extensions>
      </trkpt>
      <trkpt lat="52.1396900" lon="1.4081900">
        <ele>0</ele>
        <time>2026-06-26T08:15:46Z</time>
        <name>794</name>
        <extensions>
          <fulcrumtest:speed_mps>26.822400</fulcrumtest:speed_mps>
          <fulcrumtest:speed_mph>60.00</fulcrumtest:speed_mph>
        </extensions>
      </trkpt>
      <trkpt lat="52.1399600" lon="1.4089400">
        <ele>0</ele>
        <time>2026-06-26T08:15:48Z</time>
        <name>795</name>
        <extensions>
          <fulcrumtest:speed_mps>26.822400</fulcrumtest:speed_mps>
          <fulcrumtest:speed_mph>60.00</fulcrumtest:speed_mph>
        </extensions>
      </trkpt>
      <trkpt lat="52.1400000" lon="1.4091800">
        <ele>0</ele>
        <time>2026-06-26T08:15:49Z</time>
        <name>796</name>
        <extensions>
          <fulcrumtest:speed_mps>26.822400</fulcrumtest:speed_mps>
          <fulcrumtest:speed_mph>60.00</fulcrumtest:speed_mph>
        </extensions>
      </trkpt>
      <trkpt lat="52.1404700" lon="1.4107000">
        <ele>0</ele>
        <time>2026-06-26T08:15:53Z</time>
        <name>797</name>
        <extensions>
          <fulcrumtest:speed_mps>26.822400</fulcrumtest:speed_mps>
          <fulcrumtest:speed_mph>60.00</fulcrumtest:speed_mph>
        </extensions>
      </trkpt>
      <trkpt lat="52.1412300" lon="1.4135000">
        <ele>0</ele>
        <time>2026-06-26T08:16:01Z</time>
        <name>798</name>
        <extensions>
          <fulcrumtest:speed_mps>26.822400</fulcrumtest:speed_mps>
          <fulcrumtest:speed_mph>60.00</fulcrumtest:speed_mph>
        </extensions>
      </trkpt>
      <trkpt lat="52.1414000" lon="1.4140200">
        <ele>0</ele>
        <time>2026-06-26T08:16:02Z</time>
        <name>799</name>
        <extensions>
          <fulcrumtest:speed_mps>26.822400</fulcrumtest:speed_mps>
          <fulcrumtest:speed_mph>60.00</fulcrumtest:speed_mph>
        </extensions>
      </trkpt>
      <trkpt lat="52.1414100" lon="1.4140700">
        <ele>0</ele>
        <time>2026-06-26T08:16:02Z</time>
        <name>800</name>
        <extensions>
          <fulcrumtest:speed_mps>26.822400</fulcrumtest:speed_mps>
          <fulcrumtest:speed_mph>60.00</fulcrumtest:speed_mph>
        </extensions>
      </trkpt>
      <trkpt lat="52.1414200" lon="1.4140900">
        <ele>0</ele>
        <time>2026-06-26T08:16:02Z</time>
        <name>801</name>
        <extensions>
          <fulcrumtest:speed_mps>26.822400</fulcrumtest:speed_mps>
          <fulcrumtest:speed_mph>60.00</fulcrumtest:speed_mph>
        </extensions>
      </trkpt>
      <trkpt lat="52.1415800" lon="1.4145300">
        <ele>0</ele>
        <time>2026-06-26T08:16:04Z</time>
        <name>802</name>
        <extensions>
          <fulcrumtest:speed_mps>26.822400</fulcrumtest:speed_mps>
          <fulcrumtest:speed_mph>60.00</fulcrumtest:speed_mph>
        </extensions>
      </trkpt>
      <trkpt lat="52.1415900" lon="1.4145700">
        <ele>0</ele>
        <time>2026-06-26T08:16:04Z</time>
        <name>803</name>
        <extensions>
          <fulcrumtest:speed_mps>26.822400</fulcrumtest:speed_mps>
          <fulcrumtest:speed_mph>60.00</fulcrumtest:speed_mph>
        </extensions>
      </trkpt>
      <trkpt lat="52.1416700" lon="1.4147700">
        <ele>0</ele>
        <time>2026-06-26T08:16:04Z</time>
        <name>804</name>
        <extensions>
          <fulcrumtest:speed_mps>26.822400</fulcrumtest:speed_mps>
          <fulcrumtest:speed_mph>60.00</fulcrumtest:speed_mph>
        </extensions>
      </trkpt>
      <trkpt lat="52.1416700" lon="1.4147800">
        <ele>0</ele>
        <time>2026-06-26T08:16:04Z</time>
        <name>805</name>
        <extensions>
          <fulcrumtest:speed_mps>26.822400</fulcrumtest:speed_mps>
          <fulcrumtest:speed_mph>60.00</fulcrumtest:speed_mph>
        </extensions>
      </trkpt>
      <trkpt lat="52.1416900" lon="1.4148200">
        <ele>0</ele>
        <time>2026-06-26T08:16:04Z</time>
        <name>806</name>
        <extensions>
          <fulcrumtest:speed_mps>26.822400</fulcrumtest:speed_mps>
          <fulcrumtest:speed_mph>60.00</fulcrumtest:speed_mph>
        </extensions>
      </trkpt>
      <trkpt lat="52.1418800" lon="1.4153200">
        <ele>0</ele>
        <time>2026-06-26T08:16:06Z</time>
        <name>807</name>
        <extensions>
          <fulcrumtest:speed_mps>26.822400</fulcrumtest:speed_mps>
          <fulcrumtest:speed_mph>60.00</fulcrumtest:speed_mph>
        </extensions>
      </trkpt>
      <trkpt lat="52.1419700" lon="1.4155200">
        <ele>0</ele>
        <time>2026-06-26T08:16:07Z</time>
        <name>808</name>
        <extensions>
          <fulcrumtest:speed_mps>26.822400</fulcrumtest:speed_mps>
          <fulcrumtest:speed_mph>60.00</fulcrumtest:speed_mph>
        </extensions>
      </trkpt>
      <trkpt lat="52.1419800" lon="1.4155600">
        <ele>0</ele>
        <time>2026-06-26T08:16:07Z</time>
        <name>809</name>
        <extensions>
          <fulcrumtest:speed_mps>26.822400</fulcrumtest:speed_mps>
          <fulcrumtest:speed_mph>60.00</fulcrumtest:speed_mph>
        </extensions>
      </trkpt>
      <trkpt lat="52.1425700" lon="1.4169300">
        <ele>0</ele>
        <time>2026-06-26T08:16:11Z</time>
        <name>810</name>
        <extensions>
          <fulcrumtest:speed_mps>26.822400</fulcrumtest:speed_mps>
          <fulcrumtest:speed_mph>60.00</fulcrumtest:speed_mph>
        </extensions>
      </trkpt>
      <trkpt lat="52.1428400" lon="1.4176500">
        <ele>0</ele>
        <time>2026-06-26T08:16:13Z</time>
        <name>811</name>
        <extensions>
          <fulcrumtest:speed_mps>26.822400</fulcrumtest:speed_mps>
          <fulcrumtest:speed_mph>60.00</fulcrumtest:speed_mph>
        </extensions>
      </trkpt>
      <trkpt lat="52.1428700" lon="1.4177500">
        <ele>0</ele>
        <time>2026-06-26T08:16:13Z</time>
        <name>812</name>
        <extensions>
          <fulcrumtest:speed_mps>26.822400</fulcrumtest:speed_mps>
          <fulcrumtest:speed_mph>60.00</fulcrumtest:speed_mph>
        </extensions>
      </trkpt>
      <trkpt lat="52.1428700" lon="1.4177600">
        <ele>0</ele>
        <time>2026-06-26T08:16:13Z</time>
        <name>813</name>
        <extensions>
          <fulcrumtest:speed_mps>26.822400</fulcrumtest:speed_mps>
          <fulcrumtest:speed_mph>60.00</fulcrumtest:speed_mph>
        </extensions>
      </trkpt>
      <trkpt lat="52.1429600" lon="1.4180200">
        <ele>0</ele>
        <time>2026-06-26T08:16:14Z</time>
        <name>814</name>
        <extensions>
          <fulcrumtest:speed_mps>26.822400</fulcrumtest:speed_mps>
          <fulcrumtest:speed_mph>60.00</fulcrumtest:speed_mph>
        </extensions>
      </trkpt>
      <trkpt lat="52.1431100" lon="1.4186300">
        <ele>0</ele>
        <time>2026-06-26T08:16:16Z</time>
        <name>815</name>
        <extensions>
          <fulcrumtest:speed_mps>26.822400</fulcrumtest:speed_mps>
          <fulcrumtest:speed_mph>60.00</fulcrumtest:speed_mph>
        </extensions>
      </trkpt>
      <trkpt lat="52.1432500" lon="1.4193900">
        <ele>0</ele>
        <time>2026-06-26T08:16:18Z</time>
        <name>816</name>
        <extensions>
          <fulcrumtest:speed_mps>26.822400</fulcrumtest:speed_mps>
          <fulcrumtest:speed_mph>60.00</fulcrumtest:speed_mph>
        </extensions>
      </trkpt>
      <trkpt lat="52.1432500" lon="1.4194100">
        <ele>0</ele>
        <time>2026-06-26T08:16:18Z</time>
        <name>817</name>
        <extensions>
          <fulcrumtest:speed_mps>26.822400</fulcrumtest:speed_mps>
          <fulcrumtest:speed_mph>60.00</fulcrumtest:speed_mph>
        </extensions>
      </trkpt>
      <trkpt lat="52.1433000" lon="1.4196900">
        <ele>0</ele>
        <time>2026-06-26T08:16:19Z</time>
        <name>818</name>
        <extensions>
          <fulcrumtest:speed_mps>26.822400</fulcrumtest:speed_mps>
          <fulcrumtest:speed_mph>60.00</fulcrumtest:speed_mph>
        </extensions>
      </trkpt>
      <trkpt lat="52.1433400" lon="1.4199900">
        <ele>0</ele>
        <time>2026-06-26T08:16:19Z</time>
        <name>819</name>
        <extensions>
          <fulcrumtest:speed_mps>26.822400</fulcrumtest:speed_mps>
          <fulcrumtest:speed_mph>60.00</fulcrumtest:speed_mph>
        </extensions>
      </trkpt>
      <trkpt lat="52.1434500" lon="1.4206400">
        <ele>0</ele>
        <time>2026-06-26T08:16:21Z</time>
        <name>820</name>
        <extensions>
          <fulcrumtest:speed_mps>26.822400</fulcrumtest:speed_mps>
          <fulcrumtest:speed_mph>60.00</fulcrumtest:speed_mph>
        </extensions>
      </trkpt>
      <trkpt lat="52.1435900" lon="1.4212400">
        <ele>0</ele>
        <time>2026-06-26T08:16:23Z</time>
        <name>821</name>
        <extensions>
          <fulcrumtest:speed_mps>26.822400</fulcrumtest:speed_mps>
          <fulcrumtest:speed_mph>60.00</fulcrumtest:speed_mph>
        </extensions>
      </trkpt>
      <trkpt lat="52.1435900" lon="1.4212600">
        <ele>0</ele>
        <time>2026-06-26T08:16:23Z</time>
        <name>822</name>
        <extensions>
          <fulcrumtest:speed_mps>26.822400</fulcrumtest:speed_mps>
          <fulcrumtest:speed_mph>60.00</fulcrumtest:speed_mph>
        </extensions>
      </trkpt>
      <trkpt lat="52.1438100" lon="1.4219500">
        <ele>0</ele>
        <time>2026-06-26T08:16:25Z</time>
        <name>823</name>
        <extensions>
          <fulcrumtest:speed_mps>26.822400</fulcrumtest:speed_mps>
          <fulcrumtest:speed_mph>60.00</fulcrumtest:speed_mph>
        </extensions>
      </trkpt>
      <trkpt lat="52.1442100" lon="1.4230700">
        <ele>0</ele>
        <time>2026-06-26T08:16:28Z</time>
        <name>824</name>
        <extensions>
          <fulcrumtest:speed_mps>26.822400</fulcrumtest:speed_mps>
          <fulcrumtest:speed_mph>60.00</fulcrumtest:speed_mph>
        </extensions>
      </trkpt>
      <trkpt lat="52.1443700" lon="1.4235900">
        <ele>0</ele>
        <time>2026-06-26T08:16:30Z</time>
        <name>825</name>
        <extensions>
          <fulcrumtest:speed_mps>26.822400</fulcrumtest:speed_mps>
          <fulcrumtest:speed_mph>60.00</fulcrumtest:speed_mph>
        </extensions>
      </trkpt>
      <trkpt lat="52.1443900" lon="1.4236800">
        <ele>0</ele>
        <time>2026-06-26T08:16:30Z</time>
        <name>826</name>
        <extensions>
          <fulcrumtest:speed_mps>26.822400</fulcrumtest:speed_mps>
          <fulcrumtest:speed_mph>60.00</fulcrumtest:speed_mph>
        </extensions>
      </trkpt>
      <trkpt lat="52.1444300" lon="1.4238100">
        <ele>0</ele>
        <time>2026-06-26T08:16:30Z</time>
        <name>827</name>
        <extensions>
          <fulcrumtest:speed_mps>26.822400</fulcrumtest:speed_mps>
          <fulcrumtest:speed_mph>60.00</fulcrumtest:speed_mph>
        </extensions>
      </trkpt>
      <trkpt lat="52.1450500" lon="1.4262700">
        <ele>0</ele>
        <time>2026-06-26T08:16:37Z</time>
        <name>828</name>
        <extensions>
          <fulcrumtest:speed_mps>26.822400</fulcrumtest:speed_mps>
          <fulcrumtest:speed_mph>60.00</fulcrumtest:speed_mph>
        </extensions>
      </trkpt>
      <trkpt lat="52.1452400" lon="1.4271700">
        <ele>0</ele>
        <time>2026-06-26T08:16:39Z</time>
        <name>829</name>
        <extensions>
          <fulcrumtest:speed_mps>26.822400</fulcrumtest:speed_mps>
          <fulcrumtest:speed_mph>60.00</fulcrumtest:speed_mph>
        </extensions>
      </trkpt>
      <trkpt lat="52.1453000" lon="1.4276200">
        <ele>0</ele>
        <time>2026-06-26T08:16:41Z</time>
        <name>830</name>
        <extensions>
          <fulcrumtest:speed_mps>26.822400</fulcrumtest:speed_mps>
          <fulcrumtest:speed_mph>60.00</fulcrumtest:speed_mph>
        </extensions>
      </trkpt>
      <trkpt lat="52.1453200" lon="1.4279700">
        <ele>0</ele>
        <time>2026-06-26T08:16:41Z</time>
        <name>831</name>
        <extensions>
          <fulcrumtest:speed_mps>26.822400</fulcrumtest:speed_mps>
          <fulcrumtest:speed_mph>60.00</fulcrumtest:speed_mph>
        </extensions>
      </trkpt>
      <trkpt lat="52.1453200" lon="1.4291400">
        <ele>0</ele>
        <time>2026-06-26T08:16:44Z</time>
        <name>832</name>
        <extensions>
          <fulcrumtest:speed_mps>26.822400</fulcrumtest:speed_mps>
          <fulcrumtest:speed_mph>60.00</fulcrumtest:speed_mph>
        </extensions>
      </trkpt>
      <trkpt lat="52.1453100" lon="1.4292900">
        <ele>0</ele>
        <time>2026-06-26T08:16:45Z</time>
        <name>833</name>
        <extensions>
          <fulcrumtest:speed_mps>26.822400</fulcrumtest:speed_mps>
          <fulcrumtest:speed_mph>60.00</fulcrumtest:speed_mph>
        </extensions>
      </trkpt>
      <trkpt lat="52.1453100" lon="1.4297200">
        <ele>0</ele>
        <time>2026-06-26T08:16:46Z</time>
        <name>834</name>
        <extensions>
          <fulcrumtest:speed_mps>26.822400</fulcrumtest:speed_mps>
          <fulcrumtest:speed_mph>60.00</fulcrumtest:speed_mph>
        </extensions>
      </trkpt>
      <trkpt lat="52.1453200" lon="1.4298600">
        <ele>0</ele>
        <time>2026-06-26T08:16:46Z</time>
        <name>835</name>
        <extensions>
          <fulcrumtest:speed_mps>26.822400</fulcrumtest:speed_mps>
          <fulcrumtest:speed_mph>60.00</fulcrumtest:speed_mph>
        </extensions>
      </trkpt>
      <trkpt lat="52.1453200" lon="1.4300200">
        <ele>0</ele>
        <time>2026-06-26T08:16:47Z</time>
        <name>836</name>
        <extensions>
          <fulcrumtest:speed_mps>26.822400</fulcrumtest:speed_mps>
          <fulcrumtest:speed_mph>60.00</fulcrumtest:speed_mph>
        </extensions>
      </trkpt>
      <trkpt lat="52.1453300" lon="1.4301200">
        <ele>0</ele>
        <time>2026-06-26T08:16:47Z</time>
        <name>837</name>
        <extensions>
          <fulcrumtest:speed_mps>26.822400</fulcrumtest:speed_mps>
          <fulcrumtest:speed_mph>60.00</fulcrumtest:speed_mph>
        </extensions>
      </trkpt>
      <trkpt lat="52.1453400" lon="1.4304400">
        <ele>0</ele>
        <time>2026-06-26T08:16:48Z</time>
        <name>838</name>
        <extensions>
          <fulcrumtest:speed_mps>26.822400</fulcrumtest:speed_mps>
          <fulcrumtest:speed_mph>60.00</fulcrumtest:speed_mph>
        </extensions>
      </trkpt>
      <trkpt lat="52.1453800" lon="1.4308800">
        <ele>0</ele>
        <time>2026-06-26T08:16:49Z</time>
        <name>839</name>
        <extensions>
          <fulcrumtest:speed_mps>26.822400</fulcrumtest:speed_mps>
          <fulcrumtest:speed_mph>60.00</fulcrumtest:speed_mph>
        </extensions>
      </trkpt>
      <trkpt lat="52.1454300" lon="1.4311900">
        <ele>0</ele>
        <time>2026-06-26T08:16:50Z</time>
        <name>840</name>
        <extensions>
          <fulcrumtest:speed_mps>26.822400</fulcrumtest:speed_mps>
          <fulcrumtest:speed_mph>60.00</fulcrumtest:speed_mph>
        </extensions>
      </trkpt>
      <trkpt lat="52.1454700" lon="1.4313700">
        <ele>0</ele>
        <time>2026-06-26T08:16:50Z</time>
        <name>841</name>
        <extensions>
          <fulcrumtest:speed_mps>26.822400</fulcrumtest:speed_mps>
          <fulcrumtest:speed_mph>60.00</fulcrumtest:speed_mph>
        </extensions>
      </trkpt>
      <trkpt lat="52.1454800" lon="1.4314500">
        <ele>0</ele>
        <time>2026-06-26T08:16:50Z</time>
        <name>842</name>
        <extensions>
          <fulcrumtest:speed_mps>26.822400</fulcrumtest:speed_mps>
          <fulcrumtest:speed_mph>60.00</fulcrumtest:speed_mph>
        </extensions>
      </trkpt>
      <trkpt lat="52.1455400" lon="1.4317000">
        <ele>0</ele>
        <time>2026-06-26T08:16:51Z</time>
        <name>843</name>
        <extensions>
          <fulcrumtest:speed_mps>26.822400</fulcrumtest:speed_mps>
          <fulcrumtest:speed_mph>60.00</fulcrumtest:speed_mph>
        </extensions>
      </trkpt>
      <trkpt lat="52.1457100" lon="1.4322500">
        <ele>0</ele>
        <time>2026-06-26T08:16:53Z</time>
        <name>844</name>
        <extensions>
          <fulcrumtest:speed_mps>26.822400</fulcrumtest:speed_mps>
          <fulcrumtest:speed_mph>60.00</fulcrumtest:speed_mph>
        </extensions>
      </trkpt>
      <trkpt lat="52.1459900" lon="1.4329900">
        <ele>0</ele>
        <time>2026-06-26T08:16:55Z</time>
        <name>845</name>
        <extensions>
          <fulcrumtest:speed_mps>26.822400</fulcrumtest:speed_mps>
          <fulcrumtest:speed_mph>60.00</fulcrumtest:speed_mph>
        </extensions>
      </trkpt>
      <trkpt lat="52.1460100" lon="1.4330600">
        <ele>0</ele>
        <time>2026-06-26T08:16:55Z</time>
        <name>846</name>
        <extensions>
          <fulcrumtest:speed_mps>26.822400</fulcrumtest:speed_mps>
          <fulcrumtest:speed_mph>60.00</fulcrumtest:speed_mph>
        </extensions>
      </trkpt>
      <trkpt lat="52.1463100" lon="1.4338500">
        <ele>0</ele>
        <time>2026-06-26T08:16:57Z</time>
        <name>847</name>
        <extensions>
          <fulcrumtest:speed_mps>26.822400</fulcrumtest:speed_mps>
          <fulcrumtest:speed_mph>60.00</fulcrumtest:speed_mph>
        </extensions>
      </trkpt>
      <trkpt lat="52.1463200" lon="1.4338600">
        <ele>0</ele>
        <time>2026-06-26T08:16:57Z</time>
        <name>848</name>
        <extensions>
          <fulcrumtest:speed_mps>26.822400</fulcrumtest:speed_mps>
          <fulcrumtest:speed_mph>60.00</fulcrumtest:speed_mph>
        </extensions>
      </trkpt>
      <trkpt lat="52.1467500" lon="1.4350200">
        <ele>0</ele>
        <time>2026-06-26T08:17:01Z</time>
        <name>849</name>
        <extensions>
          <fulcrumtest:speed_mps>26.822400</fulcrumtest:speed_mps>
          <fulcrumtest:speed_mph>60.00</fulcrumtest:speed_mph>
        </extensions>
      </trkpt>
      <trkpt lat="52.1469100" lon="1.4355200">
        <ele>0</ele>
        <time>2026-06-26T08:17:02Z</time>
        <name>850</name>
        <extensions>
          <fulcrumtest:speed_mps>26.822400</fulcrumtest:speed_mps>
          <fulcrumtest:speed_mph>60.00</fulcrumtest:speed_mph>
        </extensions>
      </trkpt>
      <trkpt lat="52.1469500" lon="1.4356700">
        <ele>0</ele>
        <time>2026-06-26T08:17:03Z</time>
        <name>851</name>
        <extensions>
          <fulcrumtest:speed_mps>26.822400</fulcrumtest:speed_mps>
          <fulcrumtest:speed_mph>60.00</fulcrumtest:speed_mph>
        </extensions>
      </trkpt>
      <trkpt lat="52.1470400" lon="1.4360900">
        <ele>0</ele>
        <time>2026-06-26T08:17:04Z</time>
        <name>852</name>
        <extensions>
          <fulcrumtest:speed_mps>26.822400</fulcrumtest:speed_mps>
          <fulcrumtest:speed_mph>60.00</fulcrumtest:speed_mph>
        </extensions>
      </trkpt>
      <trkpt lat="52.1470700" lon="1.4363400">
        <ele>0</ele>
        <time>2026-06-26T08:17:05Z</time>
        <name>853</name>
        <extensions>
          <fulcrumtest:speed_mps>26.822400</fulcrumtest:speed_mps>
          <fulcrumtest:speed_mph>60.00</fulcrumtest:speed_mph>
        </extensions>
      </trkpt>
      <trkpt lat="52.1471000" lon="1.4365000">
        <ele>0</ele>
        <time>2026-06-26T08:17:05Z</time>
        <name>854</name>
        <extensions>
          <fulcrumtest:speed_mps>26.822400</fulcrumtest:speed_mps>
          <fulcrumtest:speed_mph>60.00</fulcrumtest:speed_mph>
        </extensions>
      </trkpt>
      <trkpt lat="52.1472100" lon="1.4379200">
        <ele>0</ele>
        <time>2026-06-26T08:17:09Z</time>
        <name>855</name>
        <extensions>
          <fulcrumtest:speed_mps>26.822400</fulcrumtest:speed_mps>
          <fulcrumtest:speed_mph>60.00</fulcrumtest:speed_mph>
        </extensions>
      </trkpt>
      <trkpt lat="52.1472100" lon="1.4380100">
        <ele>0</ele>
        <time>2026-06-26T08:17:09Z</time>
        <name>856</name>
        <extensions>
          <fulcrumtest:speed_mps>26.822400</fulcrumtest:speed_mps>
          <fulcrumtest:speed_mph>60.00</fulcrumtest:speed_mph>
        </extensions>
      </trkpt>
      <trkpt lat="52.1472600" lon="1.4385100">
        <ele>0</ele>
        <time>2026-06-26T08:17:10Z</time>
        <name>857</name>
        <extensions>
          <fulcrumtest:speed_mps>26.822400</fulcrumtest:speed_mps>
          <fulcrumtest:speed_mph>60.00</fulcrumtest:speed_mph>
        </extensions>
      </trkpt>
      <trkpt lat="52.1472600" lon="1.4385800">
        <ele>0</ele>
        <time>2026-06-26T08:17:10Z</time>
        <name>858</name>
        <extensions>
          <fulcrumtest:speed_mps>26.822400</fulcrumtest:speed_mps>
          <fulcrumtest:speed_mph>60.00</fulcrumtest:speed_mph>
        </extensions>
      </trkpt>
      <trkpt lat="52.1472700" lon="1.4386300">
        <ele>0</ele>
        <time>2026-06-26T08:17:10Z</time>
        <name>859</name>
        <extensions>
          <fulcrumtest:speed_mps>26.822400</fulcrumtest:speed_mps>
          <fulcrumtest:speed_mph>60.00</fulcrumtest:speed_mph>
        </extensions>
      </trkpt>
      <trkpt lat="52.1473300" lon="1.4391400">
        <ele>0</ele>
        <time>2026-06-26T08:17:12Z</time>
        <name>860</name>
        <extensions>
          <fulcrumtest:speed_mps>26.822400</fulcrumtest:speed_mps>
          <fulcrumtest:speed_mph>60.00</fulcrumtest:speed_mph>
        </extensions>
      </trkpt>
      <trkpt lat="52.1474000" lon="1.4395000">
        <ele>0</ele>
        <time>2026-06-26T08:17:13Z</time>
        <name>861</name>
        <extensions>
          <fulcrumtest:speed_mps>26.822400</fulcrumtest:speed_mps>
          <fulcrumtest:speed_mph>60.00</fulcrumtest:speed_mph>
        </extensions>
      </trkpt>
      <trkpt lat="52.1474900" lon="1.4398500">
        <ele>0</ele>
        <time>2026-06-26T08:17:14Z</time>
        <name>862</name>
        <extensions>
          <fulcrumtest:speed_mps>26.822400</fulcrumtest:speed_mps>
          <fulcrumtest:speed_mph>60.00</fulcrumtest:speed_mph>
        </extensions>
      </trkpt>
      <trkpt lat="52.1475500" lon="1.4400100">
        <ele>0</ele>
        <time>2026-06-26T08:17:14Z</time>
        <name>863</name>
        <extensions>
          <fulcrumtest:speed_mps>26.822400</fulcrumtest:speed_mps>
          <fulcrumtest:speed_mph>60.00</fulcrumtest:speed_mph>
        </extensions>
      </trkpt>
      <trkpt lat="52.1475500" lon="1.4400300">
        <ele>0</ele>
        <time>2026-06-26T08:17:14Z</time>
        <name>864</name>
        <extensions>
          <fulcrumtest:speed_mps>26.822400</fulcrumtest:speed_mps>
          <fulcrumtest:speed_mph>60.00</fulcrumtest:speed_mph>
        </extensions>
      </trkpt>
      <trkpt lat="52.1476200" lon="1.4402100">
        <ele>0</ele>
        <time>2026-06-26T08:17:15Z</time>
        <name>865</name>
        <extensions>
          <fulcrumtest:speed_mps>26.822400</fulcrumtest:speed_mps>
          <fulcrumtest:speed_mph>60.00</fulcrumtest:speed_mph>
        </extensions>
      </trkpt>
      <trkpt lat="52.1476300" lon="1.4402500">
        <ele>0</ele>
        <time>2026-06-26T08:17:15Z</time>
        <name>866</name>
        <extensions>
          <fulcrumtest:speed_mps>26.822400</fulcrumtest:speed_mps>
          <fulcrumtest:speed_mph>60.00</fulcrumtest:speed_mph>
        </extensions>
      </trkpt>
      <trkpt lat="52.1478500" lon="1.4407400">
        <ele>0</ele>
        <time>2026-06-26T08:17:16Z</time>
        <name>867</name>
        <extensions>
          <fulcrumtest:speed_mps>26.822400</fulcrumtest:speed_mps>
          <fulcrumtest:speed_mph>60.00</fulcrumtest:speed_mph>
        </extensions>
      </trkpt>
      <trkpt lat="52.1480900" lon="1.4412000">
        <ele>0</ele>
        <time>2026-06-26T08:17:18Z</time>
        <name>868</name>
        <extensions>
          <fulcrumtest:speed_mps>26.822400</fulcrumtest:speed_mps>
          <fulcrumtest:speed_mph>60.00</fulcrumtest:speed_mph>
        </extensions>
      </trkpt>
      <trkpt lat="52.1483000" lon="1.4415500">
        <ele>0</ele>
        <time>2026-06-26T08:17:19Z</time>
        <name>869</name>
        <extensions>
          <fulcrumtest:speed_mps>26.822400</fulcrumtest:speed_mps>
          <fulcrumtest:speed_mph>60.00</fulcrumtest:speed_mph>
        </extensions>
      </trkpt>
      <trkpt lat="52.1485500" lon="1.4419300">
        <ele>0</ele>
        <time>2026-06-26T08:17:21Z</time>
        <name>870</name>
        <extensions>
          <fulcrumtest:speed_mps>26.822400</fulcrumtest:speed_mps>
          <fulcrumtest:speed_mph>60.00</fulcrumtest:speed_mph>
        </extensions>
      </trkpt>
      <trkpt lat="52.1485900" lon="1.4419700">
        <ele>0</ele>
        <time>2026-06-26T08:17:21Z</time>
        <name>871</name>
        <extensions>
          <fulcrumtest:speed_mps>26.822400</fulcrumtest:speed_mps>
          <fulcrumtest:speed_mph>60.00</fulcrumtest:speed_mph>
        </extensions>
      </trkpt>
      <trkpt lat="52.1487500" lon="1.4421700">
        <ele>0</ele>
        <time>2026-06-26T08:17:22Z</time>
        <name>872</name>
        <extensions>
          <fulcrumtest:speed_mps>26.822400</fulcrumtest:speed_mps>
          <fulcrumtest:speed_mph>60.00</fulcrumtest:speed_mph>
        </extensions>
      </trkpt>
      <trkpt lat="52.1488600" lon="1.4422800">
        <ele>0</ele>
        <time>2026-06-26T08:17:22Z</time>
        <name>873</name>
        <extensions>
          <fulcrumtest:speed_mps>26.822400</fulcrumtest:speed_mps>
          <fulcrumtest:speed_mph>60.00</fulcrumtest:speed_mph>
        </extensions>
      </trkpt>
      <trkpt lat="52.1490300" lon="1.4424100">
        <ele>0</ele>
        <time>2026-06-26T08:17:23Z</time>
        <name>874</name>
        <extensions>
          <fulcrumtest:speed_mps>26.822400</fulcrumtest:speed_mps>
          <fulcrumtest:speed_mph>60.00</fulcrumtest:speed_mph>
        </extensions>
      </trkpt>
      <trkpt lat="52.1490400" lon="1.4424300">
        <ele>0</ele>
        <time>2026-06-26T08:17:23Z</time>
        <name>875</name>
        <extensions>
          <fulcrumtest:speed_mps>26.822400</fulcrumtest:speed_mps>
          <fulcrumtest:speed_mph>60.00</fulcrumtest:speed_mph>
        </extensions>
      </trkpt>
      <trkpt lat="52.1491200" lon="1.4424800">
        <ele>0</ele>
        <time>2026-06-26T08:17:23Z</time>
        <name>876</name>
        <extensions>
          <fulcrumtest:speed_mps>26.822400</fulcrumtest:speed_mps>
          <fulcrumtest:speed_mph>60.00</fulcrumtest:speed_mph>
        </extensions>
      </trkpt>
      <trkpt lat="52.1491800" lon="1.4425300">
        <ele>0</ele>
        <time>2026-06-26T08:17:24Z</time>
        <name>877</name>
        <extensions>
          <fulcrumtest:speed_mps>26.822400</fulcrumtest:speed_mps>
          <fulcrumtest:speed_mph>60.00</fulcrumtest:speed_mph>
        </extensions>
      </trkpt>
      <trkpt lat="52.1494200" lon="1.4426900">
        <ele>0</ele>
        <time>2026-06-26T08:17:25Z</time>
        <name>878</name>
        <extensions>
          <fulcrumtest:speed_mps>26.822400</fulcrumtest:speed_mps>
          <fulcrumtest:speed_mph>60.00</fulcrumtest:speed_mph>
        </extensions>
      </trkpt>
      <trkpt lat="52.1497200" lon="1.4428700">
        <ele>0</ele>
        <time>2026-06-26T08:17:26Z</time>
        <name>879</name>
        <extensions>
          <fulcrumtest:speed_mps>26.822400</fulcrumtest:speed_mps>
          <fulcrumtest:speed_mph>60.00</fulcrumtest:speed_mph>
        </extensions>
      </trkpt>
      <trkpt lat="52.1497900" lon="1.4429000">
        <ele>0</ele>
        <time>2026-06-26T08:17:26Z</time>
        <name>880</name>
        <extensions>
          <fulcrumtest:speed_mps>26.822400</fulcrumtest:speed_mps>
          <fulcrumtest:speed_mph>60.00</fulcrumtest:speed_mph>
        </extensions>
      </trkpt>
      <trkpt lat="52.1501700" lon="1.4431200">
        <ele>0</ele>
        <time>2026-06-26T08:17:28Z</time>
        <name>881</name>
        <extensions>
          <fulcrumtest:speed_mps>26.822400</fulcrumtest:speed_mps>
          <fulcrumtest:speed_mph>60.00</fulcrumtest:speed_mph>
        </extensions>
      </trkpt>
      <trkpt lat="52.1502700" lon="1.4431900">
        <ele>0</ele>
        <time>2026-06-26T08:17:28Z</time>
        <name>882</name>
        <extensions>
          <fulcrumtest:speed_mps>26.822400</fulcrumtest:speed_mps>
          <fulcrumtest:speed_mph>60.00</fulcrumtest:speed_mph>
        </extensions>
      </trkpt>
      <trkpt lat="52.1505200" lon="1.4434100">
        <ele>0</ele>
        <time>2026-06-26T08:17:30Z</time>
        <name>883</name>
        <extensions>
          <fulcrumtest:speed_mps>26.822400</fulcrumtest:speed_mps>
          <fulcrumtest:speed_mph>60.00</fulcrumtest:speed_mph>
        </extensions>
      </trkpt>
      <trkpt lat="52.1511700" lon="1.4440900">
        <ele>0</ele>
        <time>2026-06-26T08:17:33Z</time>
        <name>884</name>
        <extensions>
          <fulcrumtest:speed_mps>26.822400</fulcrumtest:speed_mps>
          <fulcrumtest:speed_mph>60.00</fulcrumtest:speed_mph>
        </extensions>
      </trkpt>
      <trkpt lat="52.1512700" lon="1.4441800">
        <ele>0</ele>
        <time>2026-06-26T08:17:33Z</time>
        <name>885</name>
        <extensions>
          <fulcrumtest:speed_mps>26.822400</fulcrumtest:speed_mps>
          <fulcrumtest:speed_mph>60.00</fulcrumtest:speed_mph>
        </extensions>
      </trkpt>
      <trkpt lat="52.1515000" lon="1.4443600">
        <ele>0</ele>
        <time>2026-06-26T08:17:34Z</time>
        <name>886</name>
        <extensions>
          <fulcrumtest:speed_mps>26.822400</fulcrumtest:speed_mps>
          <fulcrumtest:speed_mph>60.00</fulcrumtest:speed_mph>
        </extensions>
      </trkpt>
      <trkpt lat="52.1517500" lon="1.4445100">
        <ele>0</ele>
        <time>2026-06-26T08:17:35Z</time>
        <name>887</name>
        <extensions>
          <fulcrumtest:speed_mps>26.822400</fulcrumtest:speed_mps>
          <fulcrumtest:speed_mph>60.00</fulcrumtest:speed_mph>
        </extensions>
      </trkpt>
      <trkpt lat="52.1518800" lon="1.4445600">
        <ele>0</ele>
        <time>2026-06-26T08:17:36Z</time>
        <name>888</name>
        <extensions>
          <fulcrumtest:speed_mps>26.822400</fulcrumtest:speed_mps>
          <fulcrumtest:speed_mph>60.00</fulcrumtest:speed_mph>
        </extensions>
      </trkpt>
      <trkpt lat="52.1519400" lon="1.4445700">
        <ele>0</ele>
        <time>2026-06-26T08:17:36Z</time>
        <name>889</name>
        <extensions>
          <fulcrumtest:speed_mps>26.822400</fulcrumtest:speed_mps>
          <fulcrumtest:speed_mph>60.00</fulcrumtest:speed_mph>
        </extensions>
      </trkpt>
      <trkpt lat="52.1519700" lon="1.4445800">
        <ele>0</ele>
        <time>2026-06-26T08:17:36Z</time>
        <name>890</name>
        <extensions>
          <fulcrumtest:speed_mps>26.822400</fulcrumtest:speed_mps>
          <fulcrumtest:speed_mph>60.00</fulcrumtest:speed_mph>
        </extensions>
      </trkpt>
      <trkpt lat="52.1519900" lon="1.4445800">
        <ele>0</ele>
        <time>2026-06-26T08:17:36Z</time>
        <name>891</name>
        <extensions>
          <fulcrumtest:speed_mps>26.822400</fulcrumtest:speed_mps>
          <fulcrumtest:speed_mph>60.00</fulcrumtest:speed_mph>
        </extensions>
      </trkpt>
      <trkpt lat="52.1520000" lon="1.4445900">
        <ele>0</ele>
        <time>2026-06-26T08:17:37Z</time>
        <name>892</name>
        <extensions>
          <fulcrumtest:speed_mps>26.822400</fulcrumtest:speed_mps>
          <fulcrumtest:speed_mph>60.00</fulcrumtest:speed_mph>
        </extensions>
      </trkpt>
      <trkpt lat="52.1522900" lon="1.4446200">
        <ele>0</ele>
        <time>2026-06-26T08:17:38Z</time>
        <name>893</name>
        <extensions>
          <fulcrumtest:speed_mps>26.822400</fulcrumtest:speed_mps>
          <fulcrumtest:speed_mph>60.00</fulcrumtest:speed_mph>
        </extensions>
      </trkpt>
      <trkpt lat="52.1525400" lon="1.4446100">
        <ele>0</ele>
        <time>2026-06-26T08:17:39Z</time>
        <name>894</name>
        <extensions>
          <fulcrumtest:speed_mps>26.822400</fulcrumtest:speed_mps>
          <fulcrumtest:speed_mph>60.00</fulcrumtest:speed_mph>
        </extensions>
      </trkpt>
      <trkpt lat="52.1539100" lon="1.4443300">
        <ele>0</ele>
        <time>2026-06-26T08:17:45Z</time>
        <name>895</name>
        <extensions>
          <fulcrumtest:speed_mps>26.822400</fulcrumtest:speed_mps>
          <fulcrumtest:speed_mph>60.00</fulcrumtest:speed_mph>
        </extensions>
      </trkpt>
      <trkpt lat="52.1543200" lon="1.4442800">
        <ele>0</ele>
        <time>2026-06-26T08:17:46Z</time>
        <name>896</name>
        <extensions>
          <fulcrumtest:speed_mps>26.822400</fulcrumtest:speed_mps>
          <fulcrumtest:speed_mph>60.00</fulcrumtest:speed_mph>
        </extensions>
      </trkpt>
      <trkpt lat="52.1555900" lon="1.4441800">
        <ele>0</ele>
        <time>2026-06-26T08:17:51Z</time>
        <name>897</name>
        <extensions>
          <fulcrumtest:speed_mps>26.822400</fulcrumtest:speed_mps>
          <fulcrumtest:speed_mph>60.00</fulcrumtest:speed_mph>
        </extensions>
      </trkpt>
      <trkpt lat="52.1557000" lon="1.4441800">
        <ele>0</ele>
        <time>2026-06-26T08:17:52Z</time>
        <name>898</name>
        <extensions>
          <fulcrumtest:speed_mps>26.822400</fulcrumtest:speed_mps>
          <fulcrumtest:speed_mph>60.00</fulcrumtest:speed_mph>
        </extensions>
      </trkpt>
      <trkpt lat="52.1557600" lon="1.4441900">
        <ele>0</ele>
        <time>2026-06-26T08:17:52Z</time>
        <name>899</name>
        <extensions>
          <fulcrumtest:speed_mps>26.822400</fulcrumtest:speed_mps>
          <fulcrumtest:speed_mph>60.00</fulcrumtest:speed_mph>
        </extensions>
      </trkpt>
      <trkpt lat="52.1558200" lon="1.4441800">
        <ele>0</ele>
        <time>2026-06-26T08:17:52Z</time>
        <name>900</name>
        <extensions>
          <fulcrumtest:speed_mps>26.822400</fulcrumtest:speed_mps>
          <fulcrumtest:speed_mph>60.00</fulcrumtest:speed_mph>
        </extensions>
      </trkpt>
      <trkpt lat="52.1559400" lon="1.4441900">
        <ele>0</ele>
        <time>2026-06-26T08:17:53Z</time>
        <name>901</name>
        <extensions>
          <fulcrumtest:speed_mps>26.822400</fulcrumtest:speed_mps>
          <fulcrumtest:speed_mph>60.00</fulcrumtest:speed_mph>
        </extensions>
      </trkpt>
      <trkpt lat="52.1562900" lon="1.4443000">
        <ele>0</ele>
        <time>2026-06-26T08:17:54Z</time>
        <name>902</name>
        <extensions>
          <fulcrumtest:speed_mps>26.822400</fulcrumtest:speed_mps>
          <fulcrumtest:speed_mph>60.00</fulcrumtest:speed_mph>
        </extensions>
      </trkpt>
      <trkpt lat="52.1569000" lon="1.4445700">
        <ele>0</ele>
        <time>2026-06-26T08:17:57Z</time>
        <name>903</name>
        <extensions>
          <fulcrumtest:speed_mps>26.822400</fulcrumtest:speed_mps>
          <fulcrumtest:speed_mph>60.00</fulcrumtest:speed_mph>
        </extensions>
      </trkpt>
      <trkpt lat="52.1572800" lon="1.4447700">
        <ele>0</ele>
        <time>2026-06-26T08:17:59Z</time>
        <name>904</name>
        <extensions>
          <fulcrumtest:speed_mps>26.822400</fulcrumtest:speed_mps>
          <fulcrumtest:speed_mph>60.00</fulcrumtest:speed_mph>
        </extensions>
      </trkpt>
      <trkpt lat="52.1572900" lon="1.4447800">
        <ele>0</ele>
        <time>2026-06-26T08:17:59Z</time>
        <name>905</name>
        <extensions>
          <fulcrumtest:speed_mps>26.822400</fulcrumtest:speed_mps>
          <fulcrumtest:speed_mph>60.00</fulcrumtest:speed_mph>
        </extensions>
      </trkpt>
      <trkpt lat="52.1575500" lon="1.4449500">
        <ele>0</ele>
        <time>2026-06-26T08:18:00Z</time>
        <name>906</name>
        <extensions>
          <fulcrumtest:speed_mps>26.822400</fulcrumtest:speed_mps>
          <fulcrumtest:speed_mph>60.00</fulcrumtest:speed_mph>
        </extensions>
      </trkpt>
      <trkpt lat="52.1576500" lon="1.4450300">
        <ele>0</ele>
        <time>2026-06-26T08:18:00Z</time>
        <name>907</name>
        <extensions>
          <fulcrumtest:speed_mps>26.822400</fulcrumtest:speed_mps>
          <fulcrumtest:speed_mph>60.00</fulcrumtest:speed_mph>
        </extensions>
      </trkpt>
      <trkpt lat="52.1576700" lon="1.4450400">
        <ele>0</ele>
        <time>2026-06-26T08:18:00Z</time>
        <name>908</name>
        <extensions>
          <fulcrumtest:speed_mps>26.822400</fulcrumtest:speed_mps>
          <fulcrumtest:speed_mph>60.00</fulcrumtest:speed_mph>
        </extensions>
      </trkpt>
      <trkpt lat="52.1577800" lon="1.4451500">
        <ele>0</ele>
        <time>2026-06-26T08:18:01Z</time>
        <name>909</name>
        <extensions>
          <fulcrumtest:speed_mps>26.822400</fulcrumtest:speed_mps>
          <fulcrumtest:speed_mph>60.00</fulcrumtest:speed_mph>
        </extensions>
      </trkpt>
      <trkpt lat="52.1578500" lon="1.4452100">
        <ele>0</ele>
        <time>2026-06-26T08:18:01Z</time>
        <name>910</name>
        <extensions>
          <fulcrumtest:speed_mps>26.822400</fulcrumtest:speed_mps>
          <fulcrumtest:speed_mph>60.00</fulcrumtest:speed_mph>
        </extensions>
      </trkpt>
      <trkpt lat="52.1580300" lon="1.4454100">
        <ele>0</ele>
        <time>2026-06-26T08:18:02Z</time>
        <name>911</name>
        <extensions>
          <fulcrumtest:speed_mps>26.822400</fulcrumtest:speed_mps>
          <fulcrumtest:speed_mph>60.00</fulcrumtest:speed_mph>
        </extensions>
      </trkpt>
      <trkpt lat="52.1581900" lon="1.4456100">
        <ele>0</ele>
        <time>2026-06-26T08:18:03Z</time>
        <name>912</name>
        <extensions>
          <fulcrumtest:speed_mps>26.822400</fulcrumtest:speed_mps>
          <fulcrumtest:speed_mph>60.00</fulcrumtest:speed_mph>
        </extensions>
      </trkpt>
      <trkpt lat="52.1582500" lon="1.4457000">
        <ele>0</ele>
        <time>2026-06-26T08:18:03Z</time>
        <name>913</name>
        <extensions>
          <fulcrumtest:speed_mps>26.822400</fulcrumtest:speed_mps>
          <fulcrumtest:speed_mph>60.00</fulcrumtest:speed_mph>
        </extensions>
      </trkpt>
      <trkpt lat="52.1583200" lon="1.4457800">
        <ele>0</ele>
        <time>2026-06-26T08:18:04Z</time>
        <name>914</name>
        <extensions>
          <fulcrumtest:speed_mps>26.822400</fulcrumtest:speed_mps>
          <fulcrumtest:speed_mph>60.00</fulcrumtest:speed_mph>
        </extensions>
      </trkpt>
      <trkpt lat="52.1584600" lon="1.4460100">
        <ele>0</ele>
        <time>2026-06-26T08:18:05Z</time>
        <name>915</name>
        <extensions>
          <fulcrumtest:speed_mps>26.822400</fulcrumtest:speed_mps>
          <fulcrumtest:speed_mph>60.00</fulcrumtest:speed_mph>
        </extensions>
      </trkpt>
      <trkpt lat="52.1585300" lon="1.4461500">
        <ele>0</ele>
        <time>2026-06-26T08:18:05Z</time>
        <name>916</name>
        <extensions>
          <fulcrumtest:speed_mps>26.822400</fulcrumtest:speed_mps>
          <fulcrumtest:speed_mph>60.00</fulcrumtest:speed_mph>
        </extensions>
      </trkpt>
      <trkpt lat="52.1585900" lon="1.4462500">
        <ele>0</ele>
        <time>2026-06-26T08:18:05Z</time>
        <name>917</name>
        <extensions>
          <fulcrumtest:speed_mps>26.822400</fulcrumtest:speed_mps>
          <fulcrumtest:speed_mph>60.00</fulcrumtest:speed_mph>
        </extensions>
      </trkpt>
      <trkpt lat="52.1586500" lon="1.4463700">
        <ele>0</ele>
        <time>2026-06-26T08:18:06Z</time>
        <name>918</name>
        <extensions>
          <fulcrumtest:speed_mps>26.822400</fulcrumtest:speed_mps>
          <fulcrumtest:speed_mph>60.00</fulcrumtest:speed_mph>
        </extensions>
      </trkpt>
      <trkpt lat="52.1589000" lon="1.4470000">
        <ele>0</ele>
        <time>2026-06-26T08:18:08Z</time>
        <name>919</name>
        <extensions>
          <fulcrumtest:speed_mps>26.822400</fulcrumtest:speed_mps>
          <fulcrumtest:speed_mph>60.00</fulcrumtest:speed_mph>
        </extensions>
      </trkpt>
      <trkpt lat="52.1589400" lon="1.4471200">
        <ele>0</ele>
        <time>2026-06-26T08:18:08Z</time>
        <name>920</name>
        <extensions>
          <fulcrumtest:speed_mps>26.822400</fulcrumtest:speed_mps>
          <fulcrumtest:speed_mph>60.00</fulcrumtest:speed_mph>
        </extensions>
      </trkpt>
      <trkpt lat="52.1589600" lon="1.4471500">
        <ele>0</ele>
        <time>2026-06-26T08:18:08Z</time>
        <name>921</name>
        <extensions>
          <fulcrumtest:speed_mps>26.822400</fulcrumtest:speed_mps>
          <fulcrumtest:speed_mph>60.00</fulcrumtest:speed_mph>
        </extensions>
      </trkpt>
      <trkpt lat="52.1590000" lon="1.4472700">
        <ele>0</ele>
        <time>2026-06-26T08:18:08Z</time>
        <name>922</name>
        <extensions>
          <fulcrumtest:speed_mps>26.822400</fulcrumtest:speed_mps>
          <fulcrumtest:speed_mph>60.00</fulcrumtest:speed_mph>
        </extensions>
      </trkpt>
      <trkpt lat="52.1591400" lon="1.4478100">
        <ele>0</ele>
        <time>2026-06-26T08:18:10Z</time>
        <name>923</name>
        <extensions>
          <fulcrumtest:speed_mps>26.822400</fulcrumtest:speed_mps>
          <fulcrumtest:speed_mph>60.00</fulcrumtest:speed_mph>
        </extensions>
      </trkpt>
      <trkpt lat="52.1592800" lon="1.4486700">
        <ele>0</ele>
        <time>2026-06-26T08:18:12Z</time>
        <name>924</name>
        <extensions>
          <fulcrumtest:speed_mps>26.822400</fulcrumtest:speed_mps>
          <fulcrumtest:speed_mph>60.00</fulcrumtest:speed_mph>
        </extensions>
      </trkpt>
      <trkpt lat="52.1593000" lon="1.4488500">
        <ele>0</ele>
        <time>2026-06-26T08:18:13Z</time>
        <name>925</name>
        <extensions>
          <fulcrumtest:speed_mps>26.822400</fulcrumtest:speed_mps>
          <fulcrumtest:speed_mph>60.00</fulcrumtest:speed_mph>
        </extensions>
      </trkpt>
      <trkpt lat="52.1593000" lon="1.4488900">
        <ele>0</ele>
        <time>2026-06-26T08:18:13Z</time>
        <name>926</name>
        <extensions>
          <fulcrumtest:speed_mps>26.822400</fulcrumtest:speed_mps>
          <fulcrumtest:speed_mph>60.00</fulcrumtest:speed_mph>
        </extensions>
      </trkpt>
      <trkpt lat="52.1594600" lon="1.4506300">
        <ele>0</ele>
        <time>2026-06-26T08:18:17Z</time>
        <name>927</name>
        <extensions>
          <fulcrumtest:speed_mps>26.822400</fulcrumtest:speed_mps>
          <fulcrumtest:speed_mph>60.00</fulcrumtest:speed_mph>
        </extensions>
      </trkpt>
      <trkpt lat="52.1594900" lon="1.4514500">
        <ele>0</ele>
        <time>2026-06-26T08:18:19Z</time>
        <name>928</name>
        <extensions>
          <fulcrumtest:speed_mps>26.822400</fulcrumtest:speed_mps>
          <fulcrumtest:speed_mph>60.00</fulcrumtest:speed_mph>
        </extensions>
      </trkpt>
      <trkpt lat="52.1594900" lon="1.4518100">
        <ele>0</ele>
        <time>2026-06-26T08:18:20Z</time>
        <name>929</name>
        <extensions>
          <fulcrumtest:speed_mps>26.822400</fulcrumtest:speed_mps>
          <fulcrumtest:speed_mph>60.00</fulcrumtest:speed_mph>
        </extensions>
      </trkpt>
      <trkpt lat="52.1594800" lon="1.4519500">
        <ele>0</ele>
        <time>2026-06-26T08:18:21Z</time>
        <name>930</name>
        <extensions>
          <fulcrumtest:speed_mps>26.822400</fulcrumtest:speed_mps>
          <fulcrumtest:speed_mph>60.00</fulcrumtest:speed_mph>
        </extensions>
      </trkpt>
      <trkpt lat="52.1594900" lon="1.4520900">
        <ele>0</ele>
        <time>2026-06-26T08:18:21Z</time>
        <name>931</name>
        <extensions>
          <fulcrumtest:speed_mps>26.822400</fulcrumtest:speed_mps>
          <fulcrumtest:speed_mph>60.00</fulcrumtest:speed_mph>
        </extensions>
      </trkpt>
      <trkpt lat="52.1594800" lon="1.4536300">
        <ele>0</ele>
        <time>2026-06-26T08:18:25Z</time>
        <name>932</name>
        <extensions>
          <fulcrumtest:speed_mps>26.822400</fulcrumtest:speed_mps>
          <fulcrumtest:speed_mph>60.00</fulcrumtest:speed_mph>
        </extensions>
      </trkpt>
      <trkpt lat="52.1595800" lon="1.4545100">
        <ele>0</ele>
        <time>2026-06-26T08:18:27Z</time>
        <name>933</name>
        <extensions>
          <fulcrumtest:speed_mps>26.822400</fulcrumtest:speed_mps>
          <fulcrumtest:speed_mph>60.00</fulcrumtest:speed_mph>
        </extensions>
      </trkpt>
      <trkpt lat="52.1595900" lon="1.4545300">
        <ele>0</ele>
        <time>2026-06-26T08:18:27Z</time>
        <name>934</name>
        <extensions>
          <fulcrumtest:speed_mps>26.822400</fulcrumtest:speed_mps>
          <fulcrumtest:speed_mph>60.00</fulcrumtest:speed_mph>
        </extensions>
      </trkpt>
      <trkpt lat="52.1603900" lon="1.4584100">
        <ele>0</ele>
        <time>2026-06-26T08:18:38Z</time>
        <name>935</name>
        <extensions>
          <fulcrumtest:speed_mps>26.822400</fulcrumtest:speed_mps>
          <fulcrumtest:speed_mph>60.00</fulcrumtest:speed_mph>
        </extensions>
      </trkpt>
      <trkpt lat="52.1606300" lon="1.4597200">
        <ele>0</ele>
        <time>2026-06-26T08:18:41Z</time>
        <name>936</name>
        <extensions>
          <fulcrumtest:speed_mps>26.822400</fulcrumtest:speed_mps>
          <fulcrumtest:speed_mph>60.00</fulcrumtest:speed_mph>
        </extensions>
      </trkpt>
      <trkpt lat="52.1606800" lon="1.4602900">
        <ele>0</ele>
        <time>2026-06-26T08:18:43Z</time>
        <name>937</name>
        <extensions>
          <fulcrumtest:speed_mps>26.822400</fulcrumtest:speed_mps>
          <fulcrumtest:speed_mph>60.00</fulcrumtest:speed_mph>
        </extensions>
      </trkpt>
      <trkpt lat="52.1607200" lon="1.4609800">
        <ele>0</ele>
        <time>2026-06-26T08:18:44Z</time>
        <name>938</name>
        <extensions>
          <fulcrumtest:speed_mps>26.822400</fulcrumtest:speed_mps>
          <fulcrumtest:speed_mph>60.00</fulcrumtest:speed_mph>
        </extensions>
      </trkpt>
      <trkpt lat="52.1607300" lon="1.4617200">
        <ele>0</ele>
        <time>2026-06-26T08:18:46Z</time>
        <name>939</name>
        <extensions>
          <fulcrumtest:speed_mps>26.822400</fulcrumtest:speed_mps>
          <fulcrumtest:speed_mph>60.00</fulcrumtest:speed_mph>
        </extensions>
      </trkpt>
      <trkpt lat="52.1607400" lon="1.4618600">
        <ele>0</ele>
        <time>2026-06-26T08:18:47Z</time>
        <name>940</name>
        <extensions>
          <fulcrumtest:speed_mps>26.822400</fulcrumtest:speed_mps>
          <fulcrumtest:speed_mph>60.00</fulcrumtest:speed_mph>
        </extensions>
      </trkpt>
      <trkpt lat="52.1607400" lon="1.4621400">
        <ele>0</ele>
        <time>2026-06-26T08:18:47Z</time>
        <name>941</name>
        <extensions>
          <fulcrumtest:speed_mps>26.822400</fulcrumtest:speed_mps>
          <fulcrumtest:speed_mph>60.00</fulcrumtest:speed_mph>
        </extensions>
      </trkpt>
      <trkpt lat="52.1607800" lon="1.4626600">
        <ele>0</ele>
        <time>2026-06-26T08:18:49Z</time>
        <name>942</name>
        <extensions>
          <fulcrumtest:speed_mps>26.822400</fulcrumtest:speed_mps>
          <fulcrumtest:speed_mph>60.00</fulcrumtest:speed_mph>
        </extensions>
      </trkpt>
      <trkpt lat="52.1608000" lon="1.4628100">
        <ele>0</ele>
        <time>2026-06-26T08:18:49Z</time>
        <name>943</name>
        <extensions>
          <fulcrumtest:speed_mps>26.822400</fulcrumtest:speed_mps>
          <fulcrumtest:speed_mph>60.00</fulcrumtest:speed_mph>
        </extensions>
      </trkpt>
      <trkpt lat="52.1608200" lon="1.4628900">
        <ele>0</ele>
        <time>2026-06-26T08:18:49Z</time>
        <name>944</name>
        <extensions>
          <fulcrumtest:speed_mps>26.822400</fulcrumtest:speed_mps>
          <fulcrumtest:speed_mph>60.00</fulcrumtest:speed_mph>
        </extensions>
      </trkpt>
      <trkpt lat="52.1608700" lon="1.4631600">
        <ele>0</ele>
        <time>2026-06-26T08:18:50Z</time>
        <name>945</name>
        <extensions>
          <fulcrumtest:speed_mps>26.822400</fulcrumtest:speed_mps>
          <fulcrumtest:speed_mph>60.00</fulcrumtest:speed_mph>
        </extensions>
      </trkpt>
      <trkpt lat="52.1608700" lon="1.4631700">
        <ele>0</ele>
        <time>2026-06-26T08:18:50Z</time>
        <name>946</name>
        <extensions>
          <fulcrumtest:speed_mps>26.822400</fulcrumtest:speed_mps>
          <fulcrumtest:speed_mph>60.00</fulcrumtest:speed_mph>
        </extensions>
      </trkpt>
      <trkpt lat="52.1608800" lon="1.4631900">
        <ele>0</ele>
        <time>2026-06-26T08:18:50Z</time>
        <name>947</name>
        <extensions>
          <fulcrumtest:speed_mps>26.822400</fulcrumtest:speed_mps>
          <fulcrumtest:speed_mph>60.00</fulcrumtest:speed_mph>
        </extensions>
      </trkpt>
      <trkpt lat="52.1609200" lon="1.4633200">
        <ele>0</ele>
        <time>2026-06-26T08:18:50Z</time>
        <name>948</name>
        <extensions>
          <fulcrumtest:speed_mps>26.822400</fulcrumtest:speed_mps>
          <fulcrumtest:speed_mph>60.00</fulcrumtest:speed_mph>
        </extensions>
      </trkpt>
      <trkpt lat="52.1609300" lon="1.4633700">
        <ele>0</ele>
        <time>2026-06-26T08:18:51Z</time>
        <name>949</name>
        <extensions>
          <fulcrumtest:speed_mps>26.822400</fulcrumtest:speed_mps>
          <fulcrumtest:speed_mph>60.00</fulcrumtest:speed_mph>
        </extensions>
      </trkpt>
      <trkpt lat="52.1612400" lon="1.4644500">
        <ele>0</ele>
        <time>2026-06-26T08:18:54Z</time>
        <name>950</name>
        <extensions>
          <fulcrumtest:speed_mps>26.822400</fulcrumtest:speed_mps>
          <fulcrumtest:speed_mph>60.00</fulcrumtest:speed_mph>
        </extensions>
      </trkpt>
      <trkpt lat="52.1612600" lon="1.4644900">
        <ele>0</ele>
        <time>2026-06-26T08:18:54Z</time>
        <name>951</name>
        <extensions>
          <fulcrumtest:speed_mps>26.822400</fulcrumtest:speed_mps>
          <fulcrumtest:speed_mph>60.00</fulcrumtest:speed_mph>
        </extensions>
      </trkpt>
      <trkpt lat="52.1614200" lon="1.4649600">
        <ele>0</ele>
        <time>2026-06-26T08:18:55Z</time>
        <name>952</name>
        <extensions>
          <fulcrumtest:speed_mps>26.822400</fulcrumtest:speed_mps>
          <fulcrumtest:speed_mph>60.00</fulcrumtest:speed_mph>
        </extensions>
      </trkpt>
      <trkpt lat="52.1614700" lon="1.4650700">
        <ele>0</ele>
        <time>2026-06-26T08:18:55Z</time>
        <name>953</name>
        <extensions>
          <fulcrumtest:speed_mps>26.822400</fulcrumtest:speed_mps>
          <fulcrumtest:speed_mph>60.00</fulcrumtest:speed_mph>
        </extensions>
      </trkpt>
      <trkpt lat="52.1615300" lon="1.4652400">
        <ele>0</ele>
        <time>2026-06-26T08:18:56Z</time>
        <name>954</name>
        <extensions>
          <fulcrumtest:speed_mps>26.822400</fulcrumtest:speed_mps>
          <fulcrumtest:speed_mph>60.00</fulcrumtest:speed_mph>
        </extensions>
      </trkpt>
      <trkpt lat="52.1615800" lon="1.4653300">
        <ele>0</ele>
        <time>2026-06-26T08:18:56Z</time>
        <name>955</name>
        <extensions>
          <fulcrumtest:speed_mps>26.822400</fulcrumtest:speed_mps>
          <fulcrumtest:speed_mph>60.00</fulcrumtest:speed_mph>
        </extensions>
      </trkpt>
      <trkpt lat="52.1617100" lon="1.4656000">
        <ele>0</ele>
        <time>2026-06-26T08:18:57Z</time>
        <name>956</name>
        <extensions>
          <fulcrumtest:speed_mps>26.822400</fulcrumtest:speed_mps>
          <fulcrumtest:speed_mph>60.00</fulcrumtest:speed_mph>
        </extensions>
      </trkpt>
      <trkpt lat="52.1617200" lon="1.4656100">
        <ele>0</ele>
        <time>2026-06-26T08:18:57Z</time>
        <name>957</name>
        <extensions>
          <fulcrumtest:speed_mps>26.822400</fulcrumtest:speed_mps>
          <fulcrumtest:speed_mph>60.00</fulcrumtest:speed_mph>
        </extensions>
      </trkpt>
      <trkpt lat="52.1619600" lon="1.4660300">
        <ele>0</ele>
        <time>2026-06-26T08:18:59Z</time>
        <name>958</name>
        <extensions>
          <fulcrumtest:speed_mps>26.822400</fulcrumtest:speed_mps>
          <fulcrumtest:speed_mph>60.00</fulcrumtest:speed_mph>
        </extensions>
      </trkpt>
      <trkpt lat="52.1620100" lon="1.4661000">
        <ele>0</ele>
        <time>2026-06-26T08:18:59Z</time>
        <name>959</name>
        <extensions>
          <fulcrumtest:speed_mps>26.822400</fulcrumtest:speed_mps>
          <fulcrumtest:speed_mph>60.00</fulcrumtest:speed_mph>
        </extensions>
      </trkpt>
      <trkpt lat="52.1626900" lon="1.4671800">
        <ele>0</ele>
        <time>2026-06-26T08:19:03Z</time>
        <name>960</name>
        <extensions>
          <fulcrumtest:speed_mps>26.822400</fulcrumtest:speed_mps>
          <fulcrumtest:speed_mph>60.00</fulcrumtest:speed_mph>
        </extensions>
      </trkpt>
      <trkpt lat="52.1627200" lon="1.4672400">
        <ele>0</ele>
        <time>2026-06-26T08:19:03Z</time>
        <name>961</name>
        <extensions>
          <fulcrumtest:speed_mps>26.822400</fulcrumtest:speed_mps>
          <fulcrumtest:speed_mph>60.00</fulcrumtest:speed_mph>
        </extensions>
      </trkpt>
      <trkpt lat="52.1629900" lon="1.4676700">
        <ele>0</ele>
        <time>2026-06-26T08:19:05Z</time>
        <name>962</name>
        <extensions>
          <fulcrumtest:speed_mps>26.822400</fulcrumtest:speed_mps>
          <fulcrumtest:speed_mph>60.00</fulcrumtest:speed_mph>
        </extensions>
      </trkpt>
      <trkpt lat="52.1632100" lon="1.4680600">
        <ele>0</ele>
        <time>2026-06-26T08:19:06Z</time>
        <name>963</name>
        <extensions>
          <fulcrumtest:speed_mps>26.822400</fulcrumtest:speed_mps>
          <fulcrumtest:speed_mph>60.00</fulcrumtest:speed_mph>
        </extensions>
      </trkpt>
      <trkpt lat="52.1632400" lon="1.4681000">
        <ele>0</ele>
        <time>2026-06-26T08:19:06Z</time>
        <name>964</name>
        <extensions>
          <fulcrumtest:speed_mps>26.822400</fulcrumtest:speed_mps>
          <fulcrumtest:speed_mph>60.00</fulcrumtest:speed_mph>
        </extensions>
      </trkpt>
      <trkpt lat="52.1635100" lon="1.4685900">
        <ele>0</ele>
        <time>2026-06-26T08:19:08Z</time>
        <name>965</name>
        <extensions>
          <fulcrumtest:speed_mps>26.822400</fulcrumtest:speed_mps>
          <fulcrumtest:speed_mph>60.00</fulcrumtest:speed_mph>
        </extensions>
      </trkpt>
      <trkpt lat="52.1635300" lon="1.4686100">
        <ele>0</ele>
        <time>2026-06-26T08:19:08Z</time>
        <name>966</name>
        <extensions>
          <fulcrumtest:speed_mps>26.822400</fulcrumtest:speed_mps>
          <fulcrumtest:speed_mph>60.00</fulcrumtest:speed_mph>
        </extensions>
      </trkpt>
      <trkpt lat="52.1636400" lon="1.4688200">
        <ele>0</ele>
        <time>2026-06-26T08:19:09Z</time>
        <name>967</name>
        <extensions>
          <fulcrumtest:speed_mps>26.822400</fulcrumtest:speed_mps>
          <fulcrumtest:speed_mph>60.00</fulcrumtest:speed_mph>
        </extensions>
      </trkpt>
      <trkpt lat="52.1637600" lon="1.4690900">
        <ele>0</ele>
        <time>2026-06-26T08:19:09Z</time>
        <name>968</name>
        <extensions>
          <fulcrumtest:speed_mps>26.822400</fulcrumtest:speed_mps>
          <fulcrumtest:speed_mph>60.00</fulcrumtest:speed_mph>
        </extensions>
      </trkpt>
      <trkpt lat="52.1638400" lon="1.4693600">
        <ele>0</ele>
        <time>2026-06-26T08:19:10Z</time>
        <name>969</name>
        <extensions>
          <fulcrumtest:speed_mps>26.822400</fulcrumtest:speed_mps>
          <fulcrumtest:speed_mph>60.00</fulcrumtest:speed_mph>
        </extensions>
      </trkpt>
      <trkpt lat="52.1638700" lon="1.4695000">
        <ele>0</ele>
        <time>2026-06-26T08:19:11Z</time>
        <name>970</name>
        <extensions>
          <fulcrumtest:speed_mps>26.822400</fulcrumtest:speed_mps>
          <fulcrumtest:speed_mph>60.00</fulcrumtest:speed_mph>
        </extensions>
      </trkpt>
      <trkpt lat="52.1639000" lon="1.4697200">
        <ele>0</ele>
        <time>2026-06-26T08:19:11Z</time>
        <name>971</name>
        <extensions>
          <fulcrumtest:speed_mps>26.822400</fulcrumtest:speed_mps>
          <fulcrumtest:speed_mph>60.00</fulcrumtest:speed_mph>
        </extensions>
      </trkpt>
      <trkpt lat="52.1639000" lon="1.4698400">
        <ele>0</ele>
        <time>2026-06-26T08:19:11Z</time>
        <name>972</name>
        <extensions>
          <fulcrumtest:speed_mps>26.822400</fulcrumtest:speed_mps>
          <fulcrumtest:speed_mph>60.00</fulcrumtest:speed_mph>
        </extensions>
      </trkpt>
      <trkpt lat="52.1639100" lon="1.4699600">
        <ele>0</ele>
        <time>2026-06-26T08:19:12Z</time>
        <name>973</name>
        <extensions>
          <fulcrumtest:speed_mps>26.822400</fulcrumtest:speed_mps>
          <fulcrumtest:speed_mph>60.00</fulcrumtest:speed_mph>
        </extensions>
      </trkpt>
      <trkpt lat="52.1639100" lon="1.4701300">
        <ele>0</ele>
        <time>2026-06-26T08:19:12Z</time>
        <name>974</name>
        <extensions>
          <fulcrumtest:speed_mps>26.822400</fulcrumtest:speed_mps>
          <fulcrumtest:speed_mph>60.00</fulcrumtest:speed_mph>
        </extensions>
      </trkpt>
      <trkpt lat="52.1639000" lon="1.4702600">
        <ele>0</ele>
        <time>2026-06-26T08:19:13Z</time>
        <name>975</name>
        <extensions>
          <fulcrumtest:speed_mps>26.822400</fulcrumtest:speed_mps>
          <fulcrumtest:speed_mph>60.00</fulcrumtest:speed_mph>
        </extensions>
      </trkpt>
      <trkpt lat="52.1639000" lon="1.4703300">
        <ele>0</ele>
        <time>2026-06-26T08:19:13Z</time>
        <name>976</name>
        <extensions>
          <fulcrumtest:speed_mps>26.822400</fulcrumtest:speed_mps>
          <fulcrumtest:speed_mph>60.00</fulcrumtest:speed_mph>
        </extensions>
      </trkpt>
      <trkpt lat="52.1637800" lon="1.4714400">
        <ele>0</ele>
        <time>2026-06-26T08:19:16Z</time>
        <name>977</name>
        <extensions>
          <fulcrumtest:speed_mps>26.822400</fulcrumtest:speed_mps>
          <fulcrumtest:speed_mph>60.00</fulcrumtest:speed_mph>
        </extensions>
      </trkpt>
      <trkpt lat="52.1637700" lon="1.4714800">
        <ele>0</ele>
        <time>2026-06-26T08:19:16Z</time>
        <name>978</name>
        <extensions>
          <fulcrumtest:speed_mps>26.822400</fulcrumtest:speed_mps>
          <fulcrumtest:speed_mph>60.00</fulcrumtest:speed_mph>
        </extensions>
      </trkpt>
      <trkpt lat="52.1637700" lon="1.4715300">
        <ele>0</ele>
        <time>2026-06-26T08:19:16Z</time>
        <name>979</name>
        <extensions>
          <fulcrumtest:speed_mps>26.822400</fulcrumtest:speed_mps>
          <fulcrumtest:speed_mph>60.00</fulcrumtest:speed_mph>
        </extensions>
      </trkpt>
      <trkpt lat="52.1637100" lon="1.4720900">
        <ele>0</ele>
        <time>2026-06-26T08:19:17Z</time>
        <name>980</name>
        <extensions>
          <fulcrumtest:speed_mps>26.822400</fulcrumtest:speed_mps>
          <fulcrumtest:speed_mph>60.00</fulcrumtest:speed_mph>
        </extensions>
      </trkpt>
      <trkpt lat="52.1637100" lon="1.4721500">
        <ele>0</ele>
        <time>2026-06-26T08:19:17Z</time>
        <name>981</name>
        <extensions>
          <fulcrumtest:speed_mps>26.822400</fulcrumtest:speed_mps>
          <fulcrumtest:speed_mph>60.00</fulcrumtest:speed_mph>
        </extensions>
      </trkpt>
      <trkpt lat="52.1636900" lon="1.4723400">
        <ele>0</ele>
        <time>2026-06-26T08:19:18Z</time>
        <name>982</name>
        <extensions>
          <fulcrumtest:speed_mps>26.822400</fulcrumtest:speed_mps>
          <fulcrumtest:speed_mph>60.00</fulcrumtest:speed_mph>
        </extensions>
      </trkpt>
      <trkpt lat="52.1636600" lon="1.4728500">
        <ele>0</ele>
        <time>2026-06-26T08:19:19Z</time>
        <name>983</name>
        <extensions>
          <fulcrumtest:speed_mps>26.822400</fulcrumtest:speed_mps>
          <fulcrumtest:speed_mph>60.00</fulcrumtest:speed_mph>
        </extensions>
      </trkpt>
      <trkpt lat="52.1636600" lon="1.4729400">
        <ele>0</ele>
        <time>2026-06-26T08:19:19Z</time>
        <name>984</name>
        <extensions>
          <fulcrumtest:speed_mps>26.822400</fulcrumtest:speed_mps>
          <fulcrumtest:speed_mph>60.00</fulcrumtest:speed_mph>
        </extensions>
      </trkpt>
      <trkpt lat="52.1636500" lon="1.4729700">
        <ele>0</ele>
        <time>2026-06-26T08:19:19Z</time>
        <name>985</name>
        <extensions>
          <fulcrumtest:speed_mps>26.822400</fulcrumtest:speed_mps>
          <fulcrumtest:speed_mph>60.00</fulcrumtest:speed_mph>
        </extensions>
      </trkpt>
      <trkpt lat="52.1636000" lon="1.4739500">
        <ele>0</ele>
        <time>2026-06-26T08:19:22Z</time>
        <name>986</name>
        <extensions>
          <fulcrumtest:speed_mps>26.822400</fulcrumtest:speed_mps>
          <fulcrumtest:speed_mph>60.00</fulcrumtest:speed_mph>
        </extensions>
      </trkpt>
      <trkpt lat="52.1635900" lon="1.4740200">
        <ele>0</ele>
        <time>2026-06-26T08:19:22Z</time>
        <name>987</name>
        <extensions>
          <fulcrumtest:speed_mps>26.822400</fulcrumtest:speed_mps>
          <fulcrumtest:speed_mph>60.00</fulcrumtest:speed_mph>
        </extensions>
      </trkpt>
      <trkpt lat="52.1635900" lon="1.4741300">
        <ele>0</ele>
        <time>2026-06-26T08:19:22Z</time>
        <name>988</name>
        <extensions>
          <fulcrumtest:speed_mps>26.822400</fulcrumtest:speed_mps>
          <fulcrumtest:speed_mph>60.00</fulcrumtest:speed_mph>
        </extensions>
      </trkpt>
      <trkpt lat="52.1635700" lon="1.4744600">
        <ele>0</ele>
        <time>2026-06-26T08:19:23Z</time>
        <name>989</name>
        <extensions>
          <fulcrumtest:speed_mps>26.822400</fulcrumtest:speed_mps>
          <fulcrumtest:speed_mph>60.00</fulcrumtest:speed_mph>
        </extensions>
      </trkpt>
      <trkpt lat="52.1635700" lon="1.4747900">
        <ele>0</ele>
        <time>2026-06-26T08:19:24Z</time>
        <name>990</name>
        <extensions>
          <fulcrumtest:speed_mps>26.822400</fulcrumtest:speed_mps>
          <fulcrumtest:speed_mph>60.00</fulcrumtest:speed_mph>
        </extensions>
      </trkpt>
      <trkpt lat="52.1635800" lon="1.4748200">
        <ele>0</ele>
        <time>2026-06-26T08:19:24Z</time>
        <name>991</name>
        <extensions>
          <fulcrumtest:speed_mps>26.822400</fulcrumtest:speed_mps>
          <fulcrumtest:speed_mph>60.00</fulcrumtest:speed_mph>
        </extensions>
      </trkpt>
      <trkpt lat="52.1635800" lon="1.4748600">
        <ele>0</ele>
        <time>2026-06-26T08:19:24Z</time>
        <name>992</name>
        <extensions>
          <fulcrumtest:speed_mps>26.822400</fulcrumtest:speed_mps>
          <fulcrumtest:speed_mph>60.00</fulcrumtest:speed_mph>
        </extensions>
      </trkpt>
      <trkpt lat="52.1635900" lon="1.4749000">
        <ele>0</ele>
        <time>2026-06-26T08:19:24Z</time>
        <name>993</name>
        <extensions>
          <fulcrumtest:speed_mps>26.822400</fulcrumtest:speed_mps>
          <fulcrumtest:speed_mph>60.00</fulcrumtest:speed_mph>
        </extensions>
      </trkpt>
      <trkpt lat="52.1636000" lon="1.4749700">
        <ele>0</ele>
        <time>2026-06-26T08:19:25Z</time>
        <name>994</name>
        <extensions>
          <fulcrumtest:speed_mps>26.822400</fulcrumtest:speed_mps>
          <fulcrumtest:speed_mph>60.00</fulcrumtest:speed_mph>
        </extensions>
      </trkpt>
      <trkpt lat="52.1636100" lon="1.4749800">
        <ele>0</ele>
        <time>2026-06-26T08:19:25Z</time>
        <name>995</name>
        <extensions>
          <fulcrumtest:speed_mps>26.822400</fulcrumtest:speed_mps>
          <fulcrumtest:speed_mph>60.00</fulcrumtest:speed_mph>
        </extensions>
      </trkpt>
      <trkpt lat="52.1636500" lon="1.4751200">
        <ele>0</ele>
        <time>2026-06-26T08:19:25Z</time>
        <name>996</name>
        <extensions>
          <fulcrumtest:speed_mps>26.822400</fulcrumtest:speed_mps>
          <fulcrumtest:speed_mph>60.00</fulcrumtest:speed_mph>
        </extensions>
      </trkpt>
      <trkpt lat="52.1637900" lon="1.4753500">
        <ele>0</ele>
        <time>2026-06-26T08:19:26Z</time>
        <name>997</name>
        <extensions>
          <fulcrumtest:speed_mps>26.822400</fulcrumtest:speed_mps>
          <fulcrumtest:speed_mph>60.00</fulcrumtest:speed_mph>
        </extensions>
      </trkpt>
      <trkpt lat="52.1638800" lon="1.4754700">
        <ele>0</ele>
        <time>2026-06-26T08:19:26Z</time>
        <name>998</name>
        <extensions>
          <fulcrumtest:speed_mps>26.822400</fulcrumtest:speed_mps>
          <fulcrumtest:speed_mph>60.00</fulcrumtest:speed_mph>
        </extensions>
      </trkpt>
      <trkpt lat="52.1641000" lon="1.4756100">
        <ele>0</ele>
        <time>2026-06-26T08:19:27Z</time>
        <name>999</name>
        <extensions>
          <fulcrumtest:speed_mps>26.822400</fulcrumtest:speed_mps>
          <fulcrumtest:speed_mph>60.00</fulcrumtest:speed_mph>
        </extensions>
      </trkpt>
      <trkpt lat="52.1643100" lon="1.4757300">
        <ele>0</ele>
        <time>2026-06-26T08:19:28Z</time>
        <name>1000</name>
        <extensions>
          <fulcrumtest:speed_mps>26.822400</fulcrumtest:speed_mps>
          <fulcrumtest:speed_mph>60.00</fulcrumtest:speed_mph>
        </extensions>
      </trkpt>
      <trkpt lat="52.1644800" lon="1.4758400">
        <ele>0</ele>
        <time>2026-06-26T08:19:29Z</time>
        <name>1001</name>
        <extensions>
          <fulcrumtest:speed_mps>26.822400</fulcrumtest:speed_mps>
          <fulcrumtest:speed_mph>60.00</fulcrumtest:speed_mph>
        </extensions>
      </trkpt>
      <trkpt lat="52.1645500" lon="1.4759000">
        <ele>0</ele>
        <time>2026-06-26T08:19:29Z</time>
        <name>1002</name>
        <extensions>
          <fulcrumtest:speed_mps>26.822400</fulcrumtest:speed_mps>
          <fulcrumtest:speed_mph>60.00</fulcrumtest:speed_mph>
        </extensions>
      </trkpt>
      <trkpt lat="52.1645800" lon="1.4759200">
        <ele>0</ele>
        <time>2026-06-26T08:19:29Z</time>
        <name>1003</name>
        <extensions>
          <fulcrumtest:speed_mps>26.822400</fulcrumtest:speed_mps>
          <fulcrumtest:speed_mph>60.00</fulcrumtest:speed_mph>
        </extensions>
      </trkpt>
      <trkpt lat="52.1653900" lon="1.4766100">
        <ele>0</ele>
        <time>2026-06-26T08:19:33Z</time>
        <name>1004</name>
        <extensions>
          <fulcrumtest:speed_mps>26.822400</fulcrumtest:speed_mps>
          <fulcrumtest:speed_mph>60.00</fulcrumtest:speed_mph>
        </extensions>
      </trkpt>
      <trkpt lat="52.1654300" lon="1.4766500">
        <ele>0</ele>
        <time>2026-06-26T08:19:33Z</time>
        <name>1005</name>
        <extensions>
          <fulcrumtest:speed_mps>26.822400</fulcrumtest:speed_mps>
          <fulcrumtest:speed_mph>60.00</fulcrumtest:speed_mph>
        </extensions>
      </trkpt>
      <trkpt lat="52.1657600" lon="1.4769300">
        <ele>0</ele>
        <time>2026-06-26T08:19:35Z</time>
        <name>1006</name>
        <extensions>
          <fulcrumtest:speed_mps>26.822400</fulcrumtest:speed_mps>
          <fulcrumtest:speed_mph>60.00</fulcrumtest:speed_mph>
        </extensions>
      </trkpt>
      <trkpt lat="52.1658000" lon="1.4769800">
        <ele>0</ele>
        <time>2026-06-26T08:19:35Z</time>
        <name>1007</name>
        <extensions>
          <fulcrumtest:speed_mps>26.822400</fulcrumtest:speed_mps>
          <fulcrumtest:speed_mph>60.00</fulcrumtest:speed_mph>
        </extensions>
      </trkpt>
      <trkpt lat="52.1659500" lon="1.4771200">
        <ele>0</ele>
        <time>2026-06-26T08:19:36Z</time>
        <name>1008</name>
        <extensions>
          <fulcrumtest:speed_mps>26.822400</fulcrumtest:speed_mps>
          <fulcrumtest:speed_mph>60.00</fulcrumtest:speed_mph>
        </extensions>
      </trkpt>
      <trkpt lat="52.1661200" lon="1.4773200">
        <ele>0</ele>
        <time>2026-06-26T08:19:37Z</time>
        <name>1009</name>
        <extensions>
          <fulcrumtest:speed_mps>26.822400</fulcrumtest:speed_mps>
          <fulcrumtest:speed_mph>60.00</fulcrumtest:speed_mph>
        </extensions>
      </trkpt>
      <trkpt lat="52.1661200" lon="1.4773300">
        <ele>0</ele>
        <time>2026-06-26T08:19:37Z</time>
        <name>1010</name>
        <extensions>
          <fulcrumtest:speed_mps>26.822400</fulcrumtest:speed_mps>
          <fulcrumtest:speed_mph>60.00</fulcrumtest:speed_mph>
        </extensions>
      </trkpt>
      <trkpt lat="52.1662500" lon="1.4774900">
        <ele>0</ele>
        <time>2026-06-26T08:19:38Z</time>
        <name>1011</name>
        <extensions>
          <fulcrumtest:speed_mps>26.822400</fulcrumtest:speed_mps>
          <fulcrumtest:speed_mph>60.00</fulcrumtest:speed_mph>
        </extensions>
      </trkpt>
      <trkpt lat="52.1664100" lon="1.4777400">
        <ele>0</ele>
        <time>2026-06-26T08:19:38Z</time>
        <name>1012</name>
        <extensions>
          <fulcrumtest:speed_mps>26.822400</fulcrumtest:speed_mps>
          <fulcrumtest:speed_mph>60.00</fulcrumtest:speed_mph>
        </extensions>
      </trkpt>
      <trkpt lat="52.1665200" lon="1.4779400">
        <ele>0</ele>
        <time>2026-06-26T08:19:39Z</time>
        <name>1013</name>
        <extensions>
          <fulcrumtest:speed_mps>26.822400</fulcrumtest:speed_mps>
          <fulcrumtest:speed_mph>60.00</fulcrumtest:speed_mph>
        </extensions>
      </trkpt>
      <trkpt lat="52.1665200" lon="1.4779600">
        <ele>0</ele>
        <time>2026-06-26T08:19:39Z</time>
        <name>1014</name>
        <extensions>
          <fulcrumtest:speed_mps>26.822400</fulcrumtest:speed_mps>
          <fulcrumtest:speed_mph>60.00</fulcrumtest:speed_mph>
        </extensions>
      </trkpt>
      <trkpt lat="52.1665600" lon="1.4780300">
        <ele>0</ele>
        <time>2026-06-26T08:19:39Z</time>
        <name>1015</name>
        <extensions>
          <fulcrumtest:speed_mps>26.822400</fulcrumtest:speed_mps>
          <fulcrumtest:speed_mph>60.00</fulcrumtest:speed_mph>
        </extensions>
      </trkpt>
      <trkpt lat="52.1667000" lon="1.4783800">
        <ele>0</ele>
        <time>2026-06-26T08:19:40Z</time>
        <name>1016</name>
        <extensions>
          <fulcrumtest:speed_mps>26.822400</fulcrumtest:speed_mps>
          <fulcrumtest:speed_mph>60.00</fulcrumtest:speed_mph>
        </extensions>
      </trkpt>
      <trkpt lat="52.1667500" lon="1.4785400">
        <ele>0</ele>
        <time>2026-06-26T08:19:41Z</time>
        <name>1017</name>
        <extensions>
          <fulcrumtest:speed_mps>26.822400</fulcrumtest:speed_mps>
          <fulcrumtest:speed_mph>60.00</fulcrumtest:speed_mph>
        </extensions>
      </trkpt>
      <trkpt lat="52.1668200" lon="1.4788500">
        <ele>0</ele>
        <time>2026-06-26T08:19:42Z</time>
        <name>1018</name>
        <extensions>
          <fulcrumtest:speed_mps>26.822400</fulcrumtest:speed_mps>
          <fulcrumtest:speed_mph>60.00</fulcrumtest:speed_mph>
        </extensions>
      </trkpt>
      <trkpt lat="52.1668300" lon="1.4788800">
        <ele>0</ele>
        <time>2026-06-26T08:19:42Z</time>
        <name>1019</name>
        <extensions>
          <fulcrumtest:speed_mps>26.822400</fulcrumtest:speed_mps>
          <fulcrumtest:speed_mph>60.00</fulcrumtest:speed_mph>
        </extensions>
      </trkpt>
      <trkpt lat="52.1668400" lon="1.4789500">
        <ele>0</ele>
        <time>2026-06-26T08:19:42Z</time>
        <name>1020</name>
        <extensions>
          <fulcrumtest:speed_mps>26.822400</fulcrumtest:speed_mps>
          <fulcrumtest:speed_mph>60.00</fulcrumtest:speed_mph>
        </extensions>
      </trkpt>
      <trkpt lat="52.1668600" lon="1.4790200">
        <ele>0</ele>
        <time>2026-06-26T08:19:42Z</time>
        <name>1021</name>
        <extensions>
          <fulcrumtest:speed_mps>26.822400</fulcrumtest:speed_mps>
          <fulcrumtest:speed_mph>60.00</fulcrumtest:speed_mph>
        </extensions>
      </trkpt>
      <trkpt lat="52.1669000" lon="1.4792600">
        <ele>0</ele>
        <time>2026-06-26T08:19:43Z</time>
        <name>1022</name>
        <extensions>
          <fulcrumtest:speed_mps>26.822400</fulcrumtest:speed_mps>
          <fulcrumtest:speed_mph>60.00</fulcrumtest:speed_mph>
        </extensions>
      </trkpt>
      <trkpt lat="52.1669000" lon="1.4793000">
        <ele>0</ele>
        <time>2026-06-26T08:19:43Z</time>
        <name>1023</name>
        <extensions>
          <fulcrumtest:speed_mps>26.822400</fulcrumtest:speed_mps>
          <fulcrumtest:speed_mph>60.00</fulcrumtest:speed_mph>
        </extensions>
      </trkpt>
      <trkpt lat="52.1669100" lon="1.4793400">
        <ele>0</ele>
        <time>2026-06-26T08:19:43Z</time>
        <name>1024</name>
        <extensions>
          <fulcrumtest:speed_mps>26.822400</fulcrumtest:speed_mps>
          <fulcrumtest:speed_mph>60.00</fulcrumtest:speed_mph>
        </extensions>
      </trkpt>
      <trkpt lat="52.1669100" lon="1.4793900">
        <ele>0</ele>
        <time>2026-06-26T08:19:43Z</time>
        <name>1025</name>
        <extensions>
          <fulcrumtest:speed_mps>26.822400</fulcrumtest:speed_mps>
          <fulcrumtest:speed_mph>60.00</fulcrumtest:speed_mph>
        </extensions>
      </trkpt>
      <trkpt lat="52.1669200" lon="1.4794900">
        <ele>0</ele>
        <time>2026-06-26T08:19:43Z</time>
        <name>1026</name>
        <extensions>
          <fulcrumtest:speed_mps>26.822400</fulcrumtest:speed_mps>
          <fulcrumtest:speed_mph>60.00</fulcrumtest:speed_mph>
        </extensions>
      </trkpt>
      <trkpt lat="52.1669300" lon="1.4795400">
        <ele>0</ele>
        <time>2026-06-26T08:19:44Z</time>
        <name>1027</name>
        <extensions>
          <fulcrumtest:speed_mps>26.822400</fulcrumtest:speed_mps>
          <fulcrumtest:speed_mph>60.00</fulcrumtest:speed_mph>
        </extensions>
      </trkpt>
      <trkpt lat="52.1669500" lon="1.4798700">
        <ele>0</ele>
        <time>2026-06-26T08:19:44Z</time>
        <name>1028</name>
        <extensions>
          <fulcrumtest:speed_mps>26.822400</fulcrumtest:speed_mps>
          <fulcrumtest:speed_mph>60.00</fulcrumtest:speed_mph>
        </extensions>
      </trkpt>
      <trkpt lat="52.1669500" lon="1.4802500">
        <ele>0</ele>
        <time>2026-06-26T08:19:45Z</time>
        <name>1029</name>
        <extensions>
          <fulcrumtest:speed_mps>26.822400</fulcrumtest:speed_mps>
          <fulcrumtest:speed_mph>60.00</fulcrumtest:speed_mph>
        </extensions>
      </trkpt>
      <trkpt lat="52.1668900" lon="1.4815300">
        <ele>0</ele>
        <time>2026-06-26T08:19:49Z</time>
        <name>1030</name>
        <extensions>
          <fulcrumtest:speed_mps>26.822400</fulcrumtest:speed_mps>
          <fulcrumtest:speed_mph>60.00</fulcrumtest:speed_mph>
        </extensions>
      </trkpt>
      <trkpt lat="52.1668900" lon="1.4816700">
        <ele>0</ele>
        <time>2026-06-26T08:19:49Z</time>
        <name>1031</name>
        <extensions>
          <fulcrumtest:speed_mps>26.822400</fulcrumtest:speed_mps>
          <fulcrumtest:speed_mph>60.00</fulcrumtest:speed_mph>
        </extensions>
      </trkpt>
      <trkpt lat="52.1668300" lon="1.4826800">
        <ele>0</ele>
        <time>2026-06-26T08:19:52Z</time>
        <name>1032</name>
        <extensions>
          <fulcrumtest:speed_mps>26.822400</fulcrumtest:speed_mps>
          <fulcrumtest:speed_mph>60.00</fulcrumtest:speed_mph>
        </extensions>
      </trkpt>
      <trkpt lat="52.1667900" lon="1.4840400">
        <ele>0</ele>
        <time>2026-06-26T08:19:55Z</time>
        <name>1033</name>
        <extensions>
          <fulcrumtest:speed_mps>26.822400</fulcrumtest:speed_mps>
          <fulcrumtest:speed_mph>60.00</fulcrumtest:speed_mph>
        </extensions>
      </trkpt>
      <trkpt lat="52.1667800" lon="1.4841300">
        <ele>0</ele>
        <time>2026-06-26T08:19:55Z</time>
        <name>1034</name>
        <extensions>
          <fulcrumtest:speed_mps>26.822400</fulcrumtest:speed_mps>
          <fulcrumtest:speed_mph>60.00</fulcrumtest:speed_mph>
        </extensions>
      </trkpt>
      <trkpt lat="52.1667600" lon="1.4846200">
        <ele>0</ele>
        <time>2026-06-26T08:19:57Z</time>
        <name>1035</name>
        <extensions>
          <fulcrumtest:speed_mps>26.822400</fulcrumtest:speed_mps>
          <fulcrumtest:speed_mph>60.00</fulcrumtest:speed_mph>
        </extensions>
      </trkpt>
      <trkpt lat="52.1666900" lon="1.4856300">
        <ele>0</ele>
        <time>2026-06-26T08:19:59Z</time>
        <name>1036</name>
        <extensions>
          <fulcrumtest:speed_mps>26.822400</fulcrumtest:speed_mps>
          <fulcrumtest:speed_mph>60.00</fulcrumtest:speed_mph>
        </extensions>
      </trkpt>
      <trkpt lat="52.1666900" lon="1.4857800">
        <ele>0</ele>
        <time>2026-06-26T08:20:00Z</time>
        <name>1037</name>
        <extensions>
          <fulcrumtest:speed_mps>26.822400</fulcrumtest:speed_mps>
          <fulcrumtest:speed_mph>60.00</fulcrumtest:speed_mph>
        </extensions>
      </trkpt>
      <trkpt lat="52.1665600" lon="1.4866200">
        <ele>0</ele>
        <time>2026-06-26T08:20:02Z</time>
        <name>1038</name>
        <extensions>
          <fulcrumtest:speed_mps>26.822400</fulcrumtest:speed_mps>
          <fulcrumtest:speed_mph>60.00</fulcrumtest:speed_mph>
        </extensions>
      </trkpt>
      <trkpt lat="52.1664300" lon="1.4872800">
        <ele>0</ele>
        <time>2026-06-26T08:20:03Z</time>
        <name>1039</name>
        <extensions>
          <fulcrumtest:speed_mps>26.822400</fulcrumtest:speed_mps>
          <fulcrumtest:speed_mph>60.00</fulcrumtest:speed_mph>
        </extensions>
      </trkpt>
      <trkpt lat="52.1664300" lon="1.4876200">
        <ele>0</ele>
        <time>2026-06-26T08:20:04Z</time>
        <name>1040</name>
        <extensions>
          <fulcrumtest:speed_mps>26.822400</fulcrumtest:speed_mps>
          <fulcrumtest:speed_mph>60.00</fulcrumtest:speed_mph>
        </extensions>
      </trkpt>
      <trkpt lat="52.1664500" lon="1.4877500">
        <ele>0</ele>
        <time>2026-06-26T08:20:05Z</time>
        <name>1041</name>
        <extensions>
          <fulcrumtest:speed_mps>26.822400</fulcrumtest:speed_mps>
          <fulcrumtest:speed_mph>60.00</fulcrumtest:speed_mph>
        </extensions>
      </trkpt>
      <trkpt lat="52.1664900" lon="1.4878200">
        <ele>0</ele>
        <time>2026-06-26T08:20:05Z</time>
        <name>1042</name>
        <extensions>
          <fulcrumtest:speed_mps>26.822400</fulcrumtest:speed_mps>
          <fulcrumtest:speed_mph>60.00</fulcrumtest:speed_mph>
        </extensions>
      </trkpt>
      <trkpt lat="52.1665200" lon="1.4880200">
        <ele>0</ele>
        <time>2026-06-26T08:20:05Z</time>
        <name>1043</name>
        <extensions>
          <fulcrumtest:speed_mps>26.822400</fulcrumtest:speed_mps>
          <fulcrumtest:speed_mph>60.00</fulcrumtest:speed_mph>
        </extensions>
      </trkpt>
      <trkpt lat="52.1668500" lon="1.4887200">
        <ele>0</ele>
        <time>2026-06-26T08:20:08Z</time>
        <name>1044</name>
        <extensions>
          <fulcrumtest:speed_mps>26.822400</fulcrumtest:speed_mps>
          <fulcrumtest:speed_mph>60.00</fulcrumtest:speed_mph>
        </extensions>
      </trkpt>
      <trkpt lat="52.1669300" lon="1.4889300">
        <ele>0</ele>
        <time>2026-06-26T08:20:08Z</time>
        <name>1045</name>
        <extensions>
          <fulcrumtest:speed_mps>26.822400</fulcrumtest:speed_mps>
          <fulcrumtest:speed_mph>60.00</fulcrumtest:speed_mph>
        </extensions>
      </trkpt>
      <trkpt lat="52.1669800" lon="1.4891600">
        <ele>0</ele>
        <time>2026-06-26T08:20:09Z</time>
        <name>1046</name>
        <extensions>
          <fulcrumtest:speed_mps>26.822400</fulcrumtest:speed_mps>
          <fulcrumtest:speed_mph>60.00</fulcrumtest:speed_mph>
        </extensions>
      </trkpt>
      <trkpt lat="52.1672800" lon="1.4908800">
        <ele>0</ele>
        <time>2026-06-26T08:20:13Z</time>
        <name>1047</name>
        <extensions>
          <fulcrumtest:speed_mps>26.822400</fulcrumtest:speed_mps>
          <fulcrumtest:speed_mph>60.00</fulcrumtest:speed_mph>
        </extensions>
      </trkpt>
      <trkpt lat="52.1674800" lon="1.4918400">
        <ele>0</ele>
        <time>2026-06-26T08:20:16Z</time>
        <name>1048</name>
        <extensions>
          <fulcrumtest:speed_mps>26.822400</fulcrumtest:speed_mps>
          <fulcrumtest:speed_mph>60.00</fulcrumtest:speed_mph>
        </extensions>
      </trkpt>
      <trkpt lat="52.1675600" lon="1.4921700">
        <ele>0</ele>
        <time>2026-06-26T08:20:17Z</time>
        <name>1049</name>
        <extensions>
          <fulcrumtest:speed_mps>26.822400</fulcrumtest:speed_mps>
          <fulcrumtest:speed_mph>60.00</fulcrumtest:speed_mph>
        </extensions>
      </trkpt>
      <trkpt lat="52.1677100" lon="1.4926300">
        <ele>0</ele>
        <time>2026-06-26T08:20:18Z</time>
        <name>1050</name>
        <extensions>
          <fulcrumtest:speed_mps>26.822400</fulcrumtest:speed_mps>
          <fulcrumtest:speed_mph>60.00</fulcrumtest:speed_mph>
        </extensions>
      </trkpt>
      <trkpt lat="52.1678700" lon="1.4931800">
        <ele>0</ele>
        <time>2026-06-26T08:20:20Z</time>
        <name>1051</name>
        <extensions>
          <fulcrumtest:speed_mps>26.822400</fulcrumtest:speed_mps>
          <fulcrumtest:speed_mph>60.00</fulcrumtest:speed_mph>
        </extensions>
      </trkpt>
      <trkpt lat="52.1683100" lon="1.4941600">
        <ele>0</ele>
        <time>2026-06-26T08:20:23Z</time>
        <name>1052</name>
        <extensions>
          <fulcrumtest:speed_mps>26.822400</fulcrumtest:speed_mps>
          <fulcrumtest:speed_mph>60.00</fulcrumtest:speed_mph>
        </extensions>
      </trkpt>
      <trkpt lat="52.1684000" lon="1.4943400">
        <ele>0</ele>
        <time>2026-06-26T08:20:24Z</time>
        <name>1053</name>
        <extensions>
          <fulcrumtest:speed_mps>26.822400</fulcrumtest:speed_mps>
          <fulcrumtest:speed_mph>60.00</fulcrumtest:speed_mph>
        </extensions>
      </trkpt>
      <trkpt lat="52.1685300" lon="1.4945600">
        <ele>0</ele>
        <time>2026-06-26T08:20:24Z</time>
        <name>1054</name>
        <extensions>
          <fulcrumtest:speed_mps>26.822400</fulcrumtest:speed_mps>
          <fulcrumtest:speed_mph>60.00</fulcrumtest:speed_mph>
        </extensions>
      </trkpt>
      <trkpt lat="52.1687600" lon="1.4950000">
        <ele>0</ele>
        <time>2026-06-26T08:20:26Z</time>
        <name>1055</name>
        <extensions>
          <fulcrumtest:speed_mps>26.822400</fulcrumtest:speed_mps>
          <fulcrumtest:speed_mph>60.00</fulcrumtest:speed_mph>
        </extensions>
      </trkpt>
      <trkpt lat="52.1687700" lon="1.4950300">
        <ele>0</ele>
        <time>2026-06-26T08:20:26Z</time>
        <name>1056</name>
        <extensions>
          <fulcrumtest:speed_mps>26.822400</fulcrumtest:speed_mps>
          <fulcrumtest:speed_mph>60.00</fulcrumtest:speed_mph>
        </extensions>
      </trkpt>
      <trkpt lat="52.1690800" lon="1.4954900">
        <ele>0</ele>
        <time>2026-06-26T08:20:28Z</time>
        <name>1057</name>
        <extensions>
          <fulcrumtest:speed_mps>26.822400</fulcrumtest:speed_mps>
          <fulcrumtest:speed_mph>60.00</fulcrumtest:speed_mph>
        </extensions>
      </trkpt>
      <trkpt lat="52.1695500" lon="1.4960900">
        <ele>0</ele>
        <time>2026-06-26T08:20:30Z</time>
        <name>1058</name>
        <extensions>
          <fulcrumtest:speed_mps>26.822400</fulcrumtest:speed_mps>
          <fulcrumtest:speed_mph>60.00</fulcrumtest:speed_mph>
        </extensions>
      </trkpt>
      <trkpt lat="52.1708700" lon="1.4976900">
        <ele>0</ele>
        <time>2026-06-26T08:20:37Z</time>
        <name>1059</name>
        <extensions>
          <fulcrumtest:speed_mps>26.822400</fulcrumtest:speed_mps>
          <fulcrumtest:speed_mph>60.00</fulcrumtest:speed_mph>
        </extensions>
      </trkpt>
      <trkpt lat="52.1717100" lon="1.4985600">
        <ele>0</ele>
        <time>2026-06-26T08:20:41Z</time>
        <name>1060</name>
        <extensions>
          <fulcrumtest:speed_mps>26.822400</fulcrumtest:speed_mps>
          <fulcrumtest:speed_mph>60.00</fulcrumtest:speed_mph>
        </extensions>
      </trkpt>
      <trkpt lat="52.1718700" lon="1.4986900">
        <ele>0</ele>
        <time>2026-06-26T08:20:42Z</time>
        <name>1061</name>
        <extensions>
          <fulcrumtest:speed_mps>26.822400</fulcrumtest:speed_mps>
          <fulcrumtest:speed_mph>60.00</fulcrumtest:speed_mph>
        </extensions>
      </trkpt>
      <trkpt lat="52.1722500" lon="1.4989700">
        <ele>0</ele>
        <time>2026-06-26T08:20:43Z</time>
        <name>1062</name>
        <extensions>
          <fulcrumtest:speed_mps>26.822400</fulcrumtest:speed_mps>
          <fulcrumtest:speed_mph>60.00</fulcrumtest:speed_mph>
        </extensions>
      </trkpt>
      <trkpt lat="52.1727000" lon="1.4992600">
        <ele>0</ele>
        <time>2026-06-26T08:20:45Z</time>
        <name>1063</name>
        <extensions>
          <fulcrumtest:speed_mps>26.822400</fulcrumtest:speed_mps>
          <fulcrumtest:speed_mph>60.00</fulcrumtest:speed_mph>
        </extensions>
      </trkpt>
      <trkpt lat="52.1729900" lon="1.4994100">
        <ele>0</ele>
        <time>2026-06-26T08:20:47Z</time>
        <name>1064</name>
        <extensions>
          <fulcrumtest:speed_mps>26.822400</fulcrumtest:speed_mps>
          <fulcrumtest:speed_mph>60.00</fulcrumtest:speed_mph>
        </extensions>
      </trkpt>
      <trkpt lat="52.1733600" lon="1.4995600">
        <ele>0</ele>
        <time>2026-06-26T08:20:48Z</time>
        <name>1065</name>
        <extensions>
          <fulcrumtest:speed_mps>26.822400</fulcrumtest:speed_mps>
          <fulcrumtest:speed_mph>60.00</fulcrumtest:speed_mph>
        </extensions>
      </trkpt>
      <trkpt lat="52.1735100" lon="1.4996100">
        <ele>0</ele>
        <time>2026-06-26T08:20:49Z</time>
        <name>1066</name>
        <extensions>
          <fulcrumtest:speed_mps>26.822400</fulcrumtest:speed_mps>
          <fulcrumtest:speed_mph>60.00</fulcrumtest:speed_mph>
        </extensions>
      </trkpt>
      <trkpt lat="52.1738600" lon="1.4997000">
        <ele>0</ele>
        <time>2026-06-26T08:20:50Z</time>
        <name>1067</name>
        <extensions>
          <fulcrumtest:speed_mps>26.822400</fulcrumtest:speed_mps>
          <fulcrumtest:speed_mph>60.00</fulcrumtest:speed_mph>
        </extensions>
      </trkpt>
      <trkpt lat="52.1740000" lon="1.4997200">
        <ele>0</ele>
        <time>2026-06-26T08:20:51Z</time>
        <name>1068</name>
        <extensions>
          <fulcrumtest:speed_mps>26.822400</fulcrumtest:speed_mps>
          <fulcrumtest:speed_mph>60.00</fulcrumtest:speed_mph>
        </extensions>
      </trkpt>
      <trkpt lat="52.1744600" lon="1.4997600">
        <ele>0</ele>
        <time>2026-06-26T08:20:53Z</time>
        <name>1069</name>
        <extensions>
          <fulcrumtest:speed_mps>26.822400</fulcrumtest:speed_mps>
          <fulcrumtest:speed_mph>60.00</fulcrumtest:speed_mph>
        </extensions>
      </trkpt>
      <trkpt lat="52.1744800" lon="1.4997700">
        <ele>0</ele>
        <time>2026-06-26T08:20:53Z</time>
        <name>1070</name>
        <extensions>
          <fulcrumtest:speed_mps>26.822400</fulcrumtest:speed_mps>
          <fulcrumtest:speed_mph>60.00</fulcrumtest:speed_mph>
        </extensions>
      </trkpt>
      <trkpt lat="52.1750600" lon="1.4997400">
        <ele>0</ele>
        <time>2026-06-26T08:20:55Z</time>
        <name>1071</name>
        <extensions>
          <fulcrumtest:speed_mps>26.822400</fulcrumtest:speed_mps>
          <fulcrumtest:speed_mph>60.00</fulcrumtest:speed_mph>
        </extensions>
      </trkpt>
      <trkpt lat="52.1751700" lon="1.4997400">
        <ele>0</ele>
        <time>2026-06-26T08:20:56Z</time>
        <name>1072</name>
        <extensions>
          <fulcrumtest:speed_mps>26.822400</fulcrumtest:speed_mps>
          <fulcrumtest:speed_mph>60.00</fulcrumtest:speed_mph>
        </extensions>
      </trkpt>
      <trkpt lat="52.1751900" lon="1.4997600">
        <ele>0</ele>
        <time>2026-06-26T08:20:56Z</time>
        <name>1073</name>
        <extensions>
          <fulcrumtest:speed_mps>26.822400</fulcrumtest:speed_mps>
          <fulcrumtest:speed_mph>60.00</fulcrumtest:speed_mph>
        </extensions>
      </trkpt>
      <trkpt lat="52.1752000" lon="1.4997600">
        <ele>0</ele>
        <time>2026-06-26T08:20:56Z</time>
        <name>1074</name>
        <extensions>
          <fulcrumtest:speed_mps>26.822400</fulcrumtest:speed_mps>
          <fulcrumtest:speed_mph>60.00</fulcrumtest:speed_mph>
        </extensions>
      </trkpt>
      <trkpt lat="52.1752200" lon="1.4997900">
        <ele>0</ele>
        <time>2026-06-26T08:20:56Z</time>
        <name>1075</name>
        <extensions>
          <fulcrumtest:speed_mps>26.822400</fulcrumtest:speed_mps>
          <fulcrumtest:speed_mph>60.00</fulcrumtest:speed_mph>
        </extensions>
      </trkpt>
      <trkpt lat="52.1754000" lon="1.4997500">
        <ele>0</ele>
        <time>2026-06-26T08:20:57Z</time>
        <name>1076</name>
        <extensions>
          <fulcrumtest:speed_mps>26.822400</fulcrumtest:speed_mps>
          <fulcrumtest:speed_mph>60.00</fulcrumtest:speed_mph>
        </extensions>
      </trkpt>
      <trkpt lat="52.1754200" lon="1.4997400">
        <ele>0</ele>
        <time>2026-06-26T08:20:57Z</time>
        <name>1077</name>
        <extensions>
          <fulcrumtest:speed_mps>26.822400</fulcrumtest:speed_mps>
          <fulcrumtest:speed_mph>60.00</fulcrumtest:speed_mph>
        </extensions>
      </trkpt>
      <trkpt lat="52.1756000" lon="1.4997000">
        <ele>0</ele>
        <time>2026-06-26T08:20:58Z</time>
        <name>1078</name>
        <extensions>
          <fulcrumtest:speed_mps>26.822400</fulcrumtest:speed_mps>
          <fulcrumtest:speed_mph>60.00</fulcrumtest:speed_mph>
        </extensions>
      </trkpt>
      <trkpt lat="52.1761000" lon="1.4995500">
        <ele>0</ele>
        <time>2026-06-26T08:21:00Z</time>
        <name>1079</name>
        <extensions>
          <fulcrumtest:speed_mps>26.822400</fulcrumtest:speed_mps>
          <fulcrumtest:speed_mph>60.00</fulcrumtest:speed_mph>
        </extensions>
      </trkpt>
      <trkpt lat="52.1770700" lon="1.4992300">
        <ele>0</ele>
        <time>2026-06-26T08:21:04Z</time>
        <name>1080</name>
        <extensions>
          <fulcrumtest:speed_mps>26.822400</fulcrumtest:speed_mps>
          <fulcrumtest:speed_mph>60.00</fulcrumtest:speed_mph>
        </extensions>
      </trkpt>
      <trkpt lat="52.1789200" lon="1.4986800">
        <ele>0</ele>
        <time>2026-06-26T08:21:12Z</time>
        <name>1081</name>
        <extensions>
          <fulcrumtest:speed_mps>26.822400</fulcrumtest:speed_mps>
          <fulcrumtest:speed_mph>60.00</fulcrumtest:speed_mph>
        </extensions>
      </trkpt>
      <trkpt lat="52.1798400" lon="1.4984500">
        <ele>0</ele>
        <time>2026-06-26T08:21:16Z</time>
        <name>1082</name>
        <extensions>
          <fulcrumtest:speed_mps>26.822400</fulcrumtest:speed_mps>
          <fulcrumtest:speed_mph>60.00</fulcrumtest:speed_mph>
        </extensions>
      </trkpt>
      <trkpt lat="52.1814900" lon="1.4980800">
        <ele>0</ele>
        <time>2026-06-26T08:21:22Z</time>
        <name>1083</name>
        <extensions>
          <fulcrumtest:speed_mps>26.822400</fulcrumtest:speed_mps>
          <fulcrumtest:speed_mph>60.00</fulcrumtest:speed_mph>
        </extensions>
      </trkpt>
      <trkpt lat="52.1829600" lon="1.4978000">
        <ele>0</ele>
        <time>2026-06-26T08:21:29Z</time>
        <name>1084</name>
        <extensions>
          <fulcrumtest:speed_mps>26.822400</fulcrumtest:speed_mps>
          <fulcrumtest:speed_mph>60.00</fulcrumtest:speed_mph>
        </extensions>
      </trkpt>
      <trkpt lat="52.1846200" lon="1.4975200">
        <ele>0</ele>
        <time>2026-06-26T08:21:36Z</time>
        <name>1085</name>
        <extensions>
          <fulcrumtest:speed_mps>26.822400</fulcrumtest:speed_mps>
          <fulcrumtest:speed_mph>60.00</fulcrumtest:speed_mph>
        </extensions>
      </trkpt>
      <trkpt lat="52.1848000" lon="1.4975000">
        <ele>0</ele>
        <time>2026-06-26T08:21:36Z</time>
        <name>1086</name>
        <extensions>
          <fulcrumtest:speed_mps>26.822400</fulcrumtest:speed_mps>
          <fulcrumtest:speed_mph>60.00</fulcrumtest:speed_mph>
        </extensions>
      </trkpt>
      <trkpt lat="52.1853500" lon="1.4974100">
        <ele>0</ele>
        <time>2026-06-26T08:21:39Z</time>
        <name>1087</name>
        <extensions>
          <fulcrumtest:speed_mps>26.822400</fulcrumtest:speed_mps>
          <fulcrumtest:speed_mph>60.00</fulcrumtest:speed_mph>
        </extensions>
      </trkpt>
      <trkpt lat="52.1858800" lon="1.4973500">
        <ele>0</ele>
        <time>2026-06-26T08:21:41Z</time>
        <name>1088</name>
        <extensions>
          <fulcrumtest:speed_mps>26.822400</fulcrumtest:speed_mps>
          <fulcrumtest:speed_mph>60.00</fulcrumtest:speed_mph>
        </extensions>
      </trkpt>
      <trkpt lat="52.1860600" lon="1.4973200">
        <ele>0</ele>
        <time>2026-06-26T08:21:42Z</time>
        <name>1089</name>
        <extensions>
          <fulcrumtest:speed_mps>26.822400</fulcrumtest:speed_mps>
          <fulcrumtest:speed_mph>60.00</fulcrumtest:speed_mph>
        </extensions>
      </trkpt>
      <trkpt lat="52.1874300" lon="1.4971500">
        <ele>0</ele>
        <time>2026-06-26T08:21:47Z</time>
        <name>1090</name>
        <extensions>
          <fulcrumtest:speed_mps>26.822400</fulcrumtest:speed_mps>
          <fulcrumtest:speed_mph>60.00</fulcrumtest:speed_mph>
        </extensions>
      </trkpt>
      <trkpt lat="52.1874900" lon="1.4971500">
        <ele>0</ele>
        <time>2026-06-26T08:21:47Z</time>
        <name>1091</name>
        <extensions>
          <fulcrumtest:speed_mps>26.822400</fulcrumtest:speed_mps>
          <fulcrumtest:speed_mph>60.00</fulcrumtest:speed_mph>
        </extensions>
      </trkpt>
      <trkpt lat="52.1878200" lon="1.4971200">
        <ele>0</ele>
        <time>2026-06-26T08:21:49Z</time>
        <name>1092</name>
        <extensions>
          <fulcrumtest:speed_mps>26.822400</fulcrumtest:speed_mps>
          <fulcrumtest:speed_mph>60.00</fulcrumtest:speed_mph>
        </extensions>
      </trkpt>
      <trkpt lat="52.1878500" lon="1.4971100">
        <ele>0</ele>
        <time>2026-06-26T08:21:49Z</time>
        <name>1093</name>
        <extensions>
          <fulcrumtest:speed_mps>26.822400</fulcrumtest:speed_mps>
          <fulcrumtest:speed_mph>60.00</fulcrumtest:speed_mph>
        </extensions>
      </trkpt>
      <trkpt lat="52.1898400" lon="1.4969400">
        <ele>0</ele>
        <time>2026-06-26T08:21:57Z</time>
        <name>1094</name>
        <extensions>
          <fulcrumtest:speed_mps>26.822400</fulcrumtest:speed_mps>
          <fulcrumtest:speed_mph>60.00</fulcrumtest:speed_mph>
        </extensions>
      </trkpt>
      <trkpt lat="52.1905700" lon="1.4969300">
        <ele>0</ele>
        <time>2026-06-26T08:22:00Z</time>
        <name>1095</name>
        <extensions>
          <fulcrumtest:speed_mps>26.822400</fulcrumtest:speed_mps>
          <fulcrumtest:speed_mph>60.00</fulcrumtest:speed_mph>
        </extensions>
      </trkpt>
      <trkpt lat="52.1906100" lon="1.4968900">
        <ele>0</ele>
        <time>2026-06-26T08:22:00Z</time>
        <name>1096</name>
        <extensions>
          <fulcrumtest:speed_mps>26.822400</fulcrumtest:speed_mps>
          <fulcrumtest:speed_mph>60.00</fulcrumtest:speed_mph>
        </extensions>
      </trkpt>
      <trkpt lat="52.1906200" lon="1.4968900">
        <ele>0</ele>
        <time>2026-06-26T08:22:00Z</time>
        <name>1097</name>
        <extensions>
          <fulcrumtest:speed_mps>26.822400</fulcrumtest:speed_mps>
          <fulcrumtest:speed_mph>60.00</fulcrumtest:speed_mph>
        </extensions>
      </trkpt>
      <trkpt lat="52.1906400" lon="1.4968800">
        <ele>0</ele>
        <time>2026-06-26T08:22:01Z</time>
        <name>1098</name>
        <extensions>
          <fulcrumtest:speed_mps>26.822400</fulcrumtest:speed_mps>
          <fulcrumtest:speed_mph>60.00</fulcrumtest:speed_mph>
        </extensions>
      </trkpt>
      <trkpt lat="52.1911000" lon="1.4968400">
        <ele>0</ele>
        <time>2026-06-26T08:22:02Z</time>
        <name>1099</name>
        <extensions>
          <fulcrumtest:speed_mps>26.822400</fulcrumtest:speed_mps>
          <fulcrumtest:speed_mph>60.00</fulcrumtest:speed_mph>
        </extensions>
      </trkpt>
      <trkpt lat="52.1920000" lon="1.4967900">
        <ele>0</ele>
        <time>2026-06-26T08:22:06Z</time>
        <name>1100</name>
        <extensions>
          <fulcrumtest:speed_mps>26.822400</fulcrumtest:speed_mps>
          <fulcrumtest:speed_mph>60.00</fulcrumtest:speed_mph>
        </extensions>
      </trkpt>
      <trkpt lat="52.1921000" lon="1.4967900">
        <ele>0</ele>
        <time>2026-06-26T08:22:07Z</time>
        <name>1101</name>
        <extensions>
          <fulcrumtest:speed_mps>26.822400</fulcrumtest:speed_mps>
          <fulcrumtest:speed_mph>60.00</fulcrumtest:speed_mph>
        </extensions>
      </trkpt>
      <trkpt lat="52.1922500" lon="1.4967800">
        <ele>0</ele>
        <time>2026-06-26T08:22:07Z</time>
        <name>1102</name>
        <extensions>
          <fulcrumtest:speed_mps>26.822400</fulcrumtest:speed_mps>
          <fulcrumtest:speed_mph>60.00</fulcrumtest:speed_mph>
        </extensions>
      </trkpt>
      <trkpt lat="52.1927700" lon="1.4967800">
        <ele>0</ele>
        <time>2026-06-26T08:22:09Z</time>
        <name>1103</name>
        <extensions>
          <fulcrumtest:speed_mps>26.822400</fulcrumtest:speed_mps>
          <fulcrumtest:speed_mph>60.00</fulcrumtest:speed_mph>
        </extensions>
      </trkpt>
      <trkpt lat="52.1932800" lon="1.4968000">
        <ele>0</ele>
        <time>2026-06-26T08:22:12Z</time>
        <name>1104</name>
        <extensions>
          <fulcrumtest:speed_mps>26.822400</fulcrumtest:speed_mps>
          <fulcrumtest:speed_mph>60.00</fulcrumtest:speed_mph>
        </extensions>
      </trkpt>
      <trkpt lat="52.1935000" lon="1.4968200">
        <ele>0</ele>
        <time>2026-06-26T08:22:12Z</time>
        <name>1105</name>
        <extensions>
          <fulcrumtest:speed_mps>26.822400</fulcrumtest:speed_mps>
          <fulcrumtest:speed_mph>60.00</fulcrumtest:speed_mph>
        </extensions>
      </trkpt>
      <trkpt lat="52.1935900" lon="1.4968200">
        <ele>0</ele>
        <time>2026-06-26T08:22:13Z</time>
        <name>1106</name>
        <extensions>
          <fulcrumtest:speed_mps>26.822400</fulcrumtest:speed_mps>
          <fulcrumtest:speed_mph>60.00</fulcrumtest:speed_mph>
        </extensions>
      </trkpt>
      <trkpt lat="52.1936600" lon="1.4968300">
        <ele>0</ele>
        <time>2026-06-26T08:22:13Z</time>
        <name>1107</name>
        <extensions>
          <fulcrumtest:speed_mps>26.822400</fulcrumtest:speed_mps>
          <fulcrumtest:speed_mph>60.00</fulcrumtest:speed_mph>
        </extensions>
      </trkpt>
      <trkpt lat="52.1938700" lon="1.4968400">
        <ele>0</ele>
        <time>2026-06-26T08:22:14Z</time>
        <name>1108</name>
        <extensions>
          <fulcrumtest:speed_mps>26.822400</fulcrumtest:speed_mps>
          <fulcrumtest:speed_mph>60.00</fulcrumtest:speed_mph>
        </extensions>
      </trkpt>
      <trkpt lat="52.1939800" lon="1.4968600">
        <ele>0</ele>
        <time>2026-06-26T08:22:14Z</time>
        <name>1109</name>
        <extensions>
          <fulcrumtest:speed_mps>26.822400</fulcrumtest:speed_mps>
          <fulcrumtest:speed_mph>60.00</fulcrumtest:speed_mph>
        </extensions>
      </trkpt>
      <trkpt lat="52.1940800" lon="1.4968600">
        <ele>0</ele>
        <time>2026-06-26T08:22:15Z</time>
        <name>1110</name>
        <extensions>
          <fulcrumtest:speed_mps>26.822400</fulcrumtest:speed_mps>
          <fulcrumtest:speed_mph>60.00</fulcrumtest:speed_mph>
        </extensions>
      </trkpt>
      <trkpt lat="52.1946100" lon="1.4969100">
        <ele>0</ele>
        <time>2026-06-26T08:22:17Z</time>
        <name>1111</name>
        <extensions>
          <fulcrumtest:speed_mps>26.822400</fulcrumtest:speed_mps>
          <fulcrumtest:speed_mph>60.00</fulcrumtest:speed_mph>
        </extensions>
      </trkpt>
      <trkpt lat="52.1946100" lon="1.4969200">
        <ele>0</ele>
        <time>2026-06-26T08:22:17Z</time>
        <name>1112</name>
        <extensions>
          <fulcrumtest:speed_mps>26.822400</fulcrumtest:speed_mps>
          <fulcrumtest:speed_mph>60.00</fulcrumtest:speed_mph>
        </extensions>
      </trkpt>
      <trkpt lat="52.1946600" lon="1.4969500">
        <ele>0</ele>
        <time>2026-06-26T08:22:17Z</time>
        <name>1113</name>
        <extensions>
          <fulcrumtest:speed_mps>26.822400</fulcrumtest:speed_mps>
          <fulcrumtest:speed_mph>60.00</fulcrumtest:speed_mph>
        </extensions>
      </trkpt>
      <trkpt lat="52.1957400" lon="1.4970100">
        <ele>0</ele>
        <time>2026-06-26T08:22:22Z</time>
        <name>1114</name>
        <extensions>
          <fulcrumtest:speed_mps>26.822400</fulcrumtest:speed_mps>
          <fulcrumtest:speed_mph>60.00</fulcrumtest:speed_mph>
        </extensions>
      </trkpt>
      <trkpt lat="52.1964300" lon="1.4970200">
        <ele>0</ele>
        <time>2026-06-26T08:22:25Z</time>
        <name>1115</name>
        <extensions>
          <fulcrumtest:speed_mps>26.822400</fulcrumtest:speed_mps>
          <fulcrumtest:speed_mph>60.00</fulcrumtest:speed_mph>
        </extensions>
      </trkpt>
      <trkpt lat="52.1964300" lon="1.4970300">
        <ele>0</ele>
        <time>2026-06-26T08:22:25Z</time>
        <name>1116</name>
        <extensions>
          <fulcrumtest:speed_mps>26.822400</fulcrumtest:speed_mps>
          <fulcrumtest:speed_mph>60.00</fulcrumtest:speed_mph>
        </extensions>
      </trkpt>
      <trkpt lat="52.1976900" lon="1.4971500">
        <ele>0</ele>
        <time>2026-06-26T08:22:30Z</time>
        <name>1117</name>
        <extensions>
          <fulcrumtest:speed_mps>26.822400</fulcrumtest:speed_mps>
          <fulcrumtest:speed_mph>60.00</fulcrumtest:speed_mph>
        </extensions>
      </trkpt>
      <trkpt lat="52.1977400" lon="1.4971600">
        <ele>0</ele>
        <time>2026-06-26T08:22:30Z</time>
        <name>1118</name>
        <extensions>
          <fulcrumtest:speed_mps>26.822400</fulcrumtest:speed_mps>
          <fulcrumtest:speed_mph>60.00</fulcrumtest:speed_mph>
        </extensions>
      </trkpt>
      <trkpt lat="52.1977800" lon="1.4971600">
        <ele>0</ele>
        <time>2026-06-26T08:22:30Z</time>
        <name>1119</name>
        <extensions>
          <fulcrumtest:speed_mps>26.822400</fulcrumtest:speed_mps>
          <fulcrumtest:speed_mph>60.00</fulcrumtest:speed_mph>
        </extensions>
      </trkpt>
      <trkpt lat="52.1980800" lon="1.4971900">
        <ele>0</ele>
        <time>2026-06-26T08:22:31Z</time>
        <name>1120</name>
        <extensions>
          <fulcrumtest:speed_mps>26.822400</fulcrumtest:speed_mps>
          <fulcrumtest:speed_mph>60.00</fulcrumtest:speed_mph>
        </extensions>
      </trkpt>
      <trkpt lat="52.1981200" lon="1.4972000">
        <ele>0</ele>
        <time>2026-06-26T08:22:32Z</time>
        <name>1121</name>
        <extensions>
          <fulcrumtest:speed_mps>26.822400</fulcrumtest:speed_mps>
          <fulcrumtest:speed_mph>60.00</fulcrumtest:speed_mph>
        </extensions>
      </trkpt>
      <trkpt lat="52.1988100" lon="1.4972800">
        <ele>0</ele>
        <time>2026-06-26T08:22:35Z</time>
        <name>1122</name>
        <extensions>
          <fulcrumtest:speed_mps>26.822400</fulcrumtest:speed_mps>
          <fulcrumtest:speed_mph>60.00</fulcrumtest:speed_mph>
        </extensions>
      </trkpt>
      <trkpt lat="52.1997300" lon="1.4974200">
        <ele>0</ele>
        <time>2026-06-26T08:22:38Z</time>
        <name>1123</name>
        <extensions>
          <fulcrumtest:speed_mps>26.822400</fulcrumtest:speed_mps>
          <fulcrumtest:speed_mph>60.00</fulcrumtest:speed_mph>
        </extensions>
      </trkpt>
      <trkpt lat="52.1997500" lon="1.4974200">
        <ele>0</ele>
        <time>2026-06-26T08:22:38Z</time>
        <name>1124</name>
        <extensions>
          <fulcrumtest:speed_mps>26.822400</fulcrumtest:speed_mps>
          <fulcrumtest:speed_mph>60.00</fulcrumtest:speed_mph>
        </extensions>
      </trkpt>
      <trkpt lat="52.1998900" lon="1.4974400">
        <ele>0</ele>
        <time>2026-06-26T08:22:39Z</time>
        <name>1125</name>
        <extensions>
          <fulcrumtest:speed_mps>26.822400</fulcrumtest:speed_mps>
          <fulcrumtest:speed_mph>60.00</fulcrumtest:speed_mph>
        </extensions>
      </trkpt>
      <trkpt lat="52.1999300" lon="1.4974500">
        <ele>0</ele>
        <time>2026-06-26T08:22:39Z</time>
        <name>1126</name>
        <extensions>
          <fulcrumtest:speed_mps>26.822400</fulcrumtest:speed_mps>
          <fulcrumtest:speed_mph>60.00</fulcrumtest:speed_mph>
        </extensions>
      </trkpt>
      <trkpt lat="52.2008300" lon="1.4975900">
        <ele>0</ele>
        <time>2026-06-26T08:22:43Z</time>
        <name>1127</name>
        <extensions>
          <fulcrumtest:speed_mps>26.822400</fulcrumtest:speed_mps>
          <fulcrumtest:speed_mph>60.00</fulcrumtest:speed_mph>
        </extensions>
      </trkpt>
      <trkpt lat="52.2017600" lon="1.4977900">
        <ele>0</ele>
        <time>2026-06-26T08:22:47Z</time>
        <name>1128</name>
        <extensions>
          <fulcrumtest:speed_mps>26.822400</fulcrumtest:speed_mps>
          <fulcrumtest:speed_mph>60.00</fulcrumtest:speed_mph>
        </extensions>
      </trkpt>
      <trkpt lat="52.2022100" lon="1.4979100">
        <ele>0</ele>
        <time>2026-06-26T08:22:49Z</time>
        <name>1129</name>
        <extensions>
          <fulcrumtest:speed_mps>26.822400</fulcrumtest:speed_mps>
          <fulcrumtest:speed_mph>60.00</fulcrumtest:speed_mph>
        </extensions>
      </trkpt>
      <trkpt lat="52.2022300" lon="1.4979200">
        <ele>0</ele>
        <time>2026-06-26T08:22:49Z</time>
        <name>1130</name>
        <extensions>
          <fulcrumtest:speed_mps>26.822400</fulcrumtest:speed_mps>
          <fulcrumtest:speed_mph>60.00</fulcrumtest:speed_mph>
        </extensions>
      </trkpt>
      <trkpt lat="52.2022500" lon="1.4979200">
        <ele>0</ele>
        <time>2026-06-26T08:22:49Z</time>
        <name>1131</name>
        <extensions>
          <fulcrumtest:speed_mps>26.822400</fulcrumtest:speed_mps>
          <fulcrumtest:speed_mph>60.00</fulcrumtest:speed_mph>
        </extensions>
      </trkpt>
      <trkpt lat="52.2027400" lon="1.4980600">
        <ele>0</ele>
        <time>2026-06-26T08:22:51Z</time>
        <name>1132</name>
        <extensions>
          <fulcrumtest:speed_mps>26.822400</fulcrumtest:speed_mps>
          <fulcrumtest:speed_mph>60.00</fulcrumtest:speed_mph>
        </extensions>
      </trkpt>
      <trkpt lat="52.2029400" lon="1.4981300">
        <ele>0</ele>
        <time>2026-06-26T08:22:52Z</time>
        <name>1133</name>
        <extensions>
          <fulcrumtest:speed_mps>26.822400</fulcrumtest:speed_mps>
          <fulcrumtest:speed_mph>60.00</fulcrumtest:speed_mph>
        </extensions>
      </trkpt>
      <trkpt lat="52.2030600" lon="1.4981600">
        <ele>0</ele>
        <time>2026-06-26T08:22:52Z</time>
        <name>1134</name>
        <extensions>
          <fulcrumtest:speed_mps>26.822400</fulcrumtest:speed_mps>
          <fulcrumtest:speed_mph>60.00</fulcrumtest:speed_mph>
        </extensions>
      </trkpt>
      <trkpt lat="52.2033500" lon="1.4982600">
        <ele>0</ele>
        <time>2026-06-26T08:22:54Z</time>
        <name>1135</name>
        <extensions>
          <fulcrumtest:speed_mps>26.822400</fulcrumtest:speed_mps>
          <fulcrumtest:speed_mph>60.00</fulcrumtest:speed_mph>
        </extensions>
      </trkpt>
      <trkpt lat="52.2042900" lon="1.4986200">
        <ele>0</ele>
        <time>2026-06-26T08:22:58Z</time>
        <name>1136</name>
        <extensions>
          <fulcrumtest:speed_mps>26.822400</fulcrumtest:speed_mps>
          <fulcrumtest:speed_mph>60.00</fulcrumtest:speed_mph>
        </extensions>
      </trkpt>
      <trkpt lat="52.2049200" lon="1.4989000">
        <ele>0</ele>
        <time>2026-06-26T08:23:00Z</time>
        <name>1137</name>
        <extensions>
          <fulcrumtest:speed_mps>26.822400</fulcrumtest:speed_mps>
          <fulcrumtest:speed_mph>60.00</fulcrumtest:speed_mph>
        </extensions>
      </trkpt>
      <trkpt lat="52.2055800" lon="1.4992200">
        <ele>0</ele>
        <time>2026-06-26T08:23:03Z</time>
        <name>1138</name>
        <extensions>
          <fulcrumtest:speed_mps>26.822400</fulcrumtest:speed_mps>
          <fulcrumtest:speed_mph>60.00</fulcrumtest:speed_mph>
        </extensions>
      </trkpt>
      <trkpt lat="52.2057200" lon="1.4993000">
        <ele>0</ele>
        <time>2026-06-26T08:23:04Z</time>
        <name>1139</name>
        <extensions>
          <fulcrumtest:speed_mps>26.822400</fulcrumtest:speed_mps>
          <fulcrumtest:speed_mph>60.00</fulcrumtest:speed_mph>
        </extensions>
      </trkpt>
      <trkpt lat="52.2061700" lon="1.4995300">
        <ele>0</ele>
        <time>2026-06-26T08:23:06Z</time>
        <name>1140</name>
        <extensions>
          <fulcrumtest:speed_mps>26.822400</fulcrumtest:speed_mps>
          <fulcrumtest:speed_mph>60.00</fulcrumtest:speed_mph>
        </extensions>
      </trkpt>
      <trkpt lat="52.2061900" lon="1.4995500">
        <ele>0</ele>
        <time>2026-06-26T08:23:06Z</time>
        <name>1141</name>
        <extensions>
          <fulcrumtest:speed_mps>26.822400</fulcrumtest:speed_mps>
          <fulcrumtest:speed_mph>60.00</fulcrumtest:speed_mph>
        </extensions>
      </trkpt>
      <trkpt lat="52.2067100" lon="1.4998400">
        <ele>0</ele>
        <time>2026-06-26T08:23:08Z</time>
        <name>1142</name>
        <extensions>
          <fulcrumtest:speed_mps>26.822400</fulcrumtest:speed_mps>
          <fulcrumtest:speed_mph>60.00</fulcrumtest:speed_mph>
        </extensions>
      </trkpt>
      <trkpt lat="52.2073800" lon="1.5002500">
        <ele>0</ele>
        <time>2026-06-26T08:23:11Z</time>
        <name>1143</name>
        <extensions>
          <fulcrumtest:speed_mps>26.822400</fulcrumtest:speed_mps>
          <fulcrumtest:speed_mph>60.00</fulcrumtest:speed_mph>
        </extensions>
      </trkpt>
      <trkpt lat="52.2082100" lon="1.5008100">
        <ele>0</ele>
        <time>2026-06-26T08:23:15Z</time>
        <name>1144</name>
        <extensions>
          <fulcrumtest:speed_mps>26.822400</fulcrumtest:speed_mps>
          <fulcrumtest:speed_mph>60.00</fulcrumtest:speed_mph>
        </extensions>
      </trkpt>
      <trkpt lat="52.2088600" lon="1.5012900">
        <ele>0</ele>
        <time>2026-06-26T08:23:18Z</time>
        <name>1145</name>
        <extensions>
          <fulcrumtest:speed_mps>26.822400</fulcrumtest:speed_mps>
          <fulcrumtest:speed_mph>60.00</fulcrumtest:speed_mph>
        </extensions>
      </trkpt>
      <trkpt lat="52.2088600" lon="1.5013000">
        <ele>0</ele>
        <time>2026-06-26T08:23:18Z</time>
        <name>1146</name>
        <extensions>
          <fulcrumtest:speed_mps>26.822400</fulcrumtest:speed_mps>
          <fulcrumtest:speed_mph>60.00</fulcrumtest:speed_mph>
        </extensions>
      </trkpt>
      <trkpt lat="52.2091700" lon="1.5015300">
        <ele>0</ele>
        <time>2026-06-26T08:23:19Z</time>
        <name>1147</name>
        <extensions>
          <fulcrumtest:speed_mps>26.822400</fulcrumtest:speed_mps>
          <fulcrumtest:speed_mph>60.00</fulcrumtest:speed_mph>
        </extensions>
      </trkpt>
      <trkpt lat="52.2091900" lon="1.5015500">
        <ele>0</ele>
        <time>2026-06-26T08:23:19Z</time>
        <name>1148</name>
        <extensions>
          <fulcrumtest:speed_mps>26.822400</fulcrumtest:speed_mps>
          <fulcrumtest:speed_mph>60.00</fulcrumtest:speed_mph>
        </extensions>
      </trkpt>
      <trkpt lat="52.2093500" lon="1.5016700">
        <ele>0</ele>
        <time>2026-06-26T08:23:20Z</time>
        <name>1149</name>
        <extensions>
          <fulcrumtest:speed_mps>26.822400</fulcrumtest:speed_mps>
          <fulcrumtest:speed_mph>60.00</fulcrumtest:speed_mph>
        </extensions>
      </trkpt>
      <trkpt lat="52.2093700" lon="1.5016900">
        <ele>0</ele>
        <time>2026-06-26T08:23:20Z</time>
        <name>1150</name>
        <extensions>
          <fulcrumtest:speed_mps>26.822400</fulcrumtest:speed_mps>
          <fulcrumtest:speed_mph>60.00</fulcrumtest:speed_mph>
        </extensions>
      </trkpt>
      <trkpt lat="52.2098000" lon="1.5020400">
        <ele>0</ele>
        <time>2026-06-26T08:23:22Z</time>
        <name>1151</name>
        <extensions>
          <fulcrumtest:speed_mps>26.822400</fulcrumtest:speed_mps>
          <fulcrumtest:speed_mph>60.00</fulcrumtest:speed_mph>
        </extensions>
      </trkpt>
      <trkpt lat="52.2105800" lon="1.5027300">
        <ele>0</ele>
        <time>2026-06-26T08:23:26Z</time>
        <name>1152</name>
        <extensions>
          <fulcrumtest:speed_mps>26.822400</fulcrumtest:speed_mps>
          <fulcrumtest:speed_mph>60.00</fulcrumtest:speed_mph>
        </extensions>
      </trkpt>
      <trkpt lat="52.2109700" lon="1.5031100">
        <ele>0</ele>
        <time>2026-06-26T08:23:28Z</time>
        <name>1153</name>
        <extensions>
          <fulcrumtest:speed_mps>26.822400</fulcrumtest:speed_mps>
          <fulcrumtest:speed_mph>60.00</fulcrumtest:speed_mph>
        </extensions>
      </trkpt>
      <trkpt lat="52.2112800" lon="1.5034500">
        <ele>0</ele>
        <time>2026-06-26T08:23:29Z</time>
        <name>1154</name>
        <extensions>
          <fulcrumtest:speed_mps>26.822400</fulcrumtest:speed_mps>
          <fulcrumtest:speed_mph>60.00</fulcrumtest:speed_mph>
        </extensions>
      </trkpt>
      <trkpt lat="52.2115200" lon="1.5037500">
        <ele>0</ele>
        <time>2026-06-26T08:23:30Z</time>
        <name>1155</name>
        <extensions>
          <fulcrumtest:speed_mps>26.822400</fulcrumtest:speed_mps>
          <fulcrumtest:speed_mph>60.00</fulcrumtest:speed_mph>
        </extensions>
      </trkpt>
      <trkpt lat="52.2116400" lon="1.5039200">
        <ele>0</ele>
        <time>2026-06-26T08:23:31Z</time>
        <name>1156</name>
        <extensions>
          <fulcrumtest:speed_mps>26.822400</fulcrumtest:speed_mps>
          <fulcrumtest:speed_mph>60.00</fulcrumtest:speed_mph>
        </extensions>
      </trkpt>
      <trkpt lat="52.2119400" lon="1.5044000">
        <ele>0</ele>
        <time>2026-06-26T08:23:33Z</time>
        <name>1157</name>
        <extensions>
          <fulcrumtest:speed_mps>26.822400</fulcrumtest:speed_mps>
          <fulcrumtest:speed_mph>60.00</fulcrumtest:speed_mph>
        </extensions>
      </trkpt>
      <trkpt lat="52.2121600" lon="1.5048100">
        <ele>0</ele>
        <time>2026-06-26T08:23:34Z</time>
        <name>1158</name>
        <extensions>
          <fulcrumtest:speed_mps>26.822400</fulcrumtest:speed_mps>
          <fulcrumtest:speed_mph>60.00</fulcrumtest:speed_mph>
        </extensions>
      </trkpt>
      <trkpt lat="52.2131300" lon="1.5067900">
        <ele>0</ele>
        <time>2026-06-26T08:23:41Z</time>
        <name>1159</name>
        <extensions>
          <fulcrumtest:speed_mps>26.822400</fulcrumtest:speed_mps>
          <fulcrumtest:speed_mph>60.00</fulcrumtest:speed_mph>
        </extensions>
      </trkpt>
      <trkpt lat="52.2131700" lon="1.5068500">
        <ele>0</ele>
        <time>2026-06-26T08:23:41Z</time>
        <name>1160</name>
        <extensions>
          <fulcrumtest:speed_mps>26.822400</fulcrumtest:speed_mps>
          <fulcrumtest:speed_mph>60.00</fulcrumtest:speed_mph>
        </extensions>
      </trkpt>
      <trkpt lat="52.2132900" lon="1.5070700">
        <ele>0</ele>
        <time>2026-06-26T08:23:42Z</time>
        <name>1161</name>
        <extensions>
          <fulcrumtest:speed_mps>26.822400</fulcrumtest:speed_mps>
          <fulcrumtest:speed_mph>60.00</fulcrumtest:speed_mph>
        </extensions>
      </trkpt>
      <trkpt lat="52.2135500" lon="1.5074800">
        <ele>0</ele>
        <time>2026-06-26T08:23:43Z</time>
        <name>1162</name>
        <extensions>
          <fulcrumtest:speed_mps>26.822400</fulcrumtest:speed_mps>
          <fulcrumtest:speed_mph>60.00</fulcrumtest:speed_mph>
        </extensions>
      </trkpt>
      <trkpt lat="52.2137000" lon="1.5076900">
        <ele>0</ele>
        <time>2026-06-26T08:23:44Z</time>
        <name>1163</name>
        <extensions>
          <fulcrumtest:speed_mps>26.822400</fulcrumtest:speed_mps>
          <fulcrumtest:speed_mph>60.00</fulcrumtest:speed_mph>
        </extensions>
      </trkpt>
      <trkpt lat="52.2140500" lon="1.5081100">
        <ele>0</ele>
        <time>2026-06-26T08:23:46Z</time>
        <name>1164</name>
        <extensions>
          <fulcrumtest:speed_mps>26.822400</fulcrumtest:speed_mps>
          <fulcrumtest:speed_mph>60.00</fulcrumtest:speed_mph>
        </extensions>
      </trkpt>
      <trkpt lat="52.2141800" lon="1.5082400">
        <ele>0</ele>
        <time>2026-06-26T08:23:46Z</time>
        <name>1165</name>
        <extensions>
          <fulcrumtest:speed_mps>26.822400</fulcrumtest:speed_mps>
          <fulcrumtest:speed_mph>60.00</fulcrumtest:speed_mph>
        </extensions>
      </trkpt>
      <trkpt lat="52.2140800" lon="1.5085000">
        <ele>0</ele>
        <time>2026-06-26T08:23:47Z</time>
        <name>1166</name>
        <extensions>
          <fulcrumtest:speed_mps>26.822400</fulcrumtest:speed_mps>
          <fulcrumtest:speed_mph>60.00</fulcrumtest:speed_mph>
        </extensions>
      </trkpt>
      <trkpt lat="52.2140300" lon="1.5085600">
        <ele>0</ele>
        <time>2026-06-26T08:23:47Z</time>
        <name>1167</name>
        <extensions>
          <fulcrumtest:speed_mps>26.822400</fulcrumtest:speed_mps>
          <fulcrumtest:speed_mph>60.00</fulcrumtest:speed_mph>
        </extensions>
      </trkpt>
      <trkpt lat="52.2138900" lon="1.5086300">
        <ele>0</ele>
        <time>2026-06-26T08:23:48Z</time>
        <name>1168</name>
        <extensions>
          <fulcrumtest:speed_mps>26.822400</fulcrumtest:speed_mps>
          <fulcrumtest:speed_mph>60.00</fulcrumtest:speed_mph>
        </extensions>
      </trkpt>
      <trkpt lat="52.2138000" lon="1.5086500">
        <ele>0</ele>
        <time>2026-06-26T08:23:48Z</time>
        <name>1169</name>
        <extensions>
          <fulcrumtest:speed_mps>26.822400</fulcrumtest:speed_mps>
          <fulcrumtest:speed_mph>60.00</fulcrumtest:speed_mph>
        </extensions>
      </trkpt>
      <trkpt lat="52.2137300" lon="1.5086500">
        <ele>0</ele>
        <time>2026-06-26T08:23:49Z</time>
        <name>1170</name>
        <extensions>
          <fulcrumtest:speed_mps>26.822400</fulcrumtest:speed_mps>
          <fulcrumtest:speed_mph>60.00</fulcrumtest:speed_mph>
        </extensions>
      </trkpt>
      <trkpt lat="52.2136900" lon="1.5086200">
        <ele>0</ele>
        <time>2026-06-26T08:23:49Z</time>
        <name>1171</name>
        <extensions>
          <fulcrumtest:speed_mps>26.822400</fulcrumtest:speed_mps>
          <fulcrumtest:speed_mph>60.00</fulcrumtest:speed_mph>
        </extensions>
      </trkpt>
      <trkpt lat="52.2131900" lon="1.5086000">
        <ele>0</ele>
        <time>2026-06-26T08:23:51Z</time>
        <name>1172</name>
        <extensions>
          <fulcrumtest:speed_mps>26.822400</fulcrumtest:speed_mps>
          <fulcrumtest:speed_mph>60.00</fulcrumtest:speed_mph>
        </extensions>
      </trkpt>
      <trkpt lat="52.2128900" lon="1.5086400">
        <ele>0</ele>
        <time>2026-06-26T08:23:52Z</time>
        <name>1173</name>
        <extensions>
          <fulcrumtest:speed_mps>26.822400</fulcrumtest:speed_mps>
          <fulcrumtest:speed_mph>60.00</fulcrumtest:speed_mph>
        </extensions>
      </trkpt>
      <trkpt lat="52.2125500" lon="1.5087300">
        <ele>0</ele>
        <time>2026-06-26T08:23:54Z</time>
        <name>1174</name>
        <extensions>
          <fulcrumtest:speed_mps>26.822400</fulcrumtest:speed_mps>
          <fulcrumtest:speed_mph>60.00</fulcrumtest:speed_mph>
        </extensions>
      </trkpt>
      <trkpt lat="52.2123100" lon="1.5088300">
        <ele>0</ele>
        <time>2026-06-26T08:23:55Z</time>
        <name>1175</name>
        <extensions>
          <fulcrumtest:speed_mps>26.822400</fulcrumtest:speed_mps>
          <fulcrumtest:speed_mph>60.00</fulcrumtest:speed_mph>
        </extensions>
      </trkpt>
      <trkpt lat="52.2119400" lon="1.5090100">
        <ele>0</ele>
        <time>2026-06-26T08:23:56Z</time>
        <name>1176</name>
        <extensions>
          <fulcrumtest:speed_mps>26.822400</fulcrumtest:speed_mps>
          <fulcrumtest:speed_mph>60.00</fulcrumtest:speed_mph>
        </extensions>
      </trkpt>
      <trkpt lat="52.2118700" lon="1.5090500">
        <ele>0</ele>
        <time>2026-06-26T08:23:57Z</time>
        <name>1177</name>
        <extensions>
          <fulcrumtest:speed_mps>26.822400</fulcrumtest:speed_mps>
          <fulcrumtest:speed_mph>60.00</fulcrumtest:speed_mph>
        </extensions>
      </trkpt>
      <trkpt lat="52.2118000" lon="1.5090800">
        <ele>0</ele>
        <time>2026-06-26T08:23:57Z</time>
        <name>1178</name>
        <extensions>
          <fulcrumtest:speed_mps>26.822400</fulcrumtest:speed_mps>
          <fulcrumtest:speed_mph>60.00</fulcrumtest:speed_mph>
        </extensions>
      </trkpt>
      <trkpt lat="52.2117900" lon="1.5090800">
        <ele>0</ele>
        <time>2026-06-26T08:23:57Z</time>
        <name>1179</name>
        <extensions>
          <fulcrumtest:speed_mps>26.822400</fulcrumtest:speed_mps>
          <fulcrumtest:speed_mph>60.00</fulcrumtest:speed_mph>
        </extensions>
      </trkpt>
      <trkpt lat="52.2116300" lon="1.5091900">
        <ele>0</ele>
        <time>2026-06-26T08:23:58Z</time>
        <name>1180</name>
        <extensions>
          <fulcrumtest:speed_mps>26.822400</fulcrumtest:speed_mps>
          <fulcrumtest:speed_mph>60.00</fulcrumtest:speed_mph>
        </extensions>
      </trkpt>
      <trkpt lat="52.2109600" lon="1.5095900">
        <ele>0</ele>
        <time>2026-06-26T08:24:01Z</time>
        <name>1181</name>
        <extensions>
          <fulcrumtest:speed_mps>26.822400</fulcrumtest:speed_mps>
          <fulcrumtest:speed_mph>60.00</fulcrumtest:speed_mph>
        </extensions>
      </trkpt>
      <trkpt lat="52.2105100" lon="1.5098300">
        <ele>0</ele>
        <time>2026-06-26T08:24:03Z</time>
        <name>1182</name>
        <extensions>
          <fulcrumtest:speed_mps>26.822400</fulcrumtest:speed_mps>
          <fulcrumtest:speed_mph>60.00</fulcrumtest:speed_mph>
        </extensions>
      </trkpt>
      <trkpt lat="52.2103400" lon="1.5099300">
        <ele>0</ele>
        <time>2026-06-26T08:24:03Z</time>
        <name>1183</name>
        <extensions>
          <fulcrumtest:speed_mps>26.822400</fulcrumtest:speed_mps>
          <fulcrumtest:speed_mph>60.00</fulcrumtest:speed_mph>
        </extensions>
      </trkpt>
      <trkpt lat="52.2098700" lon="1.5101800">
        <ele>0</ele>
        <time>2026-06-26T08:24:05Z</time>
        <name>1184</name>
        <extensions>
          <fulcrumtest:speed_mps>26.822400</fulcrumtest:speed_mps>
          <fulcrumtest:speed_mph>60.00</fulcrumtest:speed_mph>
        </extensions>
      </trkpt>
      <trkpt lat="52.2098300" lon="1.5102100">
        <ele>0</ele>
        <time>2026-06-26T08:24:05Z</time>
        <name>1185</name>
        <extensions>
          <fulcrumtest:speed_mps>26.822400</fulcrumtest:speed_mps>
          <fulcrumtest:speed_mph>60.00</fulcrumtest:speed_mph>
        </extensions>
      </trkpt>
      <trkpt lat="52.2090200" lon="1.5106400">
        <ele>0</ele>
        <time>2026-06-26T08:24:09Z</time>
        <name>1186</name>
        <extensions>
          <fulcrumtest:speed_mps>26.822400</fulcrumtest:speed_mps>
          <fulcrumtest:speed_mph>60.00</fulcrumtest:speed_mph>
        </extensions>
      </trkpt>
      <trkpt lat="52.2088900" lon="1.5107200">
        <ele>0</ele>
        <time>2026-06-26T08:24:10Z</time>
        <name>1187</name>
        <extensions>
          <fulcrumtest:speed_mps>26.822400</fulcrumtest:speed_mps>
          <fulcrumtest:speed_mph>60.00</fulcrumtest:speed_mph>
        </extensions>
      </trkpt>
      <trkpt lat="52.2085100" lon="1.5109200">
        <ele>0</ele>
        <time>2026-06-26T08:24:11Z</time>
        <name>1188</name>
        <extensions>
          <fulcrumtest:speed_mps>26.822400</fulcrumtest:speed_mps>
          <fulcrumtest:speed_mph>60.00</fulcrumtest:speed_mph>
        </extensions>
      </trkpt>
      <trkpt lat="52.2084700" lon="1.5109500">
        <ele>0</ele>
        <time>2026-06-26T08:24:11Z</time>
        <name>1189</name>
        <extensions>
          <fulcrumtest:speed_mps>26.822400</fulcrumtest:speed_mps>
          <fulcrumtest:speed_mph>60.00</fulcrumtest:speed_mph>
        </extensions>
      </trkpt>
      <trkpt lat="52.2083800" lon="1.5109900">
        <ele>0</ele>
        <time>2026-06-26T08:24:12Z</time>
        <name>1190</name>
        <extensions>
          <fulcrumtest:speed_mps>26.822400</fulcrumtest:speed_mps>
          <fulcrumtest:speed_mph>60.00</fulcrumtest:speed_mph>
        </extensions>
      </trkpt>
      <trkpt lat="52.2067900" lon="1.5118500">
        <ele>0</ele>
        <time>2026-06-26T08:24:19Z</time>
        <name>1191</name>
        <extensions>
          <fulcrumtest:speed_mps>26.822400</fulcrumtest:speed_mps>
          <fulcrumtest:speed_mph>60.00</fulcrumtest:speed_mph>
        </extensions>
      </trkpt>
      <trkpt lat="52.2061600" lon="1.5122300">
        <ele>0</ele>
        <time>2026-06-26T08:24:22Z</time>
        <name>1192</name>
        <extensions>
          <fulcrumtest:speed_mps>26.822400</fulcrumtest:speed_mps>
          <fulcrumtest:speed_mph>60.00</fulcrumtest:speed_mph>
        </extensions>
      </trkpt>
      <trkpt lat="52.2061500" lon="1.5122400">
        <ele>0</ele>
        <time>2026-06-26T08:24:22Z</time>
        <name>1193</name>
        <extensions>
          <fulcrumtest:speed_mps>26.822400</fulcrumtest:speed_mps>
          <fulcrumtest:speed_mph>60.00</fulcrumtest:speed_mph>
        </extensions>
      </trkpt>
      <trkpt lat="52.2048900" lon="1.5129600">
        <ele>0</ele>
        <time>2026-06-26T08:24:27Z</time>
        <name>1194</name>
        <extensions>
          <fulcrumtest:speed_mps>26.822400</fulcrumtest:speed_mps>
          <fulcrumtest:speed_mph>60.00</fulcrumtest:speed_mph>
        </extensions>
      </trkpt>
      <trkpt lat="52.2048600" lon="1.5129700">
        <ele>0</ele>
        <time>2026-06-26T08:24:27Z</time>
        <name>1195</name>
        <extensions>
          <fulcrumtest:speed_mps>26.822400</fulcrumtest:speed_mps>
          <fulcrumtest:speed_mph>60.00</fulcrumtest:speed_mph>
        </extensions>
      </trkpt>
      <trkpt lat="52.2039500" lon="1.5134600">
        <ele>0</ele>
        <time>2026-06-26T08:24:31Z</time>
        <name>1196</name>
        <extensions>
          <fulcrumtest:speed_mps>26.822400</fulcrumtest:speed_mps>
          <fulcrumtest:speed_mph>60.00</fulcrumtest:speed_mph>
        </extensions>
      </trkpt>
      <trkpt lat="52.2039400" lon="1.5134700">
        <ele>0</ele>
        <time>2026-06-26T08:24:31Z</time>
        <name>1197</name>
        <extensions>
          <fulcrumtest:speed_mps>26.822400</fulcrumtest:speed_mps>
          <fulcrumtest:speed_mph>60.00</fulcrumtest:speed_mph>
        </extensions>
      </trkpt>
      <trkpt lat="52.2038100" lon="1.5135400">
        <ele>0</ele>
        <time>2026-06-26T08:24:32Z</time>
        <name>1198</name>
        <extensions>
          <fulcrumtest:speed_mps>26.822400</fulcrumtest:speed_mps>
          <fulcrumtest:speed_mph>60.00</fulcrumtest:speed_mph>
        </extensions>
      </trkpt>
      <trkpt lat="52.2034300" lon="1.5137100">
        <ele>0</ele>
        <time>2026-06-26T08:24:33Z</time>
        <name>1199</name>
        <extensions>
          <fulcrumtest:speed_mps>26.822400</fulcrumtest:speed_mps>
          <fulcrumtest:speed_mph>60.00</fulcrumtest:speed_mph>
        </extensions>
      </trkpt>
      <trkpt lat="52.2027100" lon="1.5139800">
        <ele>0</ele>
        <time>2026-06-26T08:24:37Z</time>
        <name>1200</name>
        <extensions>
          <fulcrumtest:speed_mps>26.822400</fulcrumtest:speed_mps>
          <fulcrumtest:speed_mph>60.00</fulcrumtest:speed_mph>
        </extensions>
      </trkpt>
      <trkpt lat="52.2024300" lon="1.5140300">
        <ele>0</ele>
        <time>2026-06-26T08:24:38Z</time>
        <name>1201</name>
        <extensions>
          <fulcrumtest:speed_mps>26.822400</fulcrumtest:speed_mps>
          <fulcrumtest:speed_mph>60.00</fulcrumtest:speed_mph>
        </extensions>
      </trkpt>
      <trkpt lat="52.2020300" lon="1.5140100">
        <ele>0</ele>
        <time>2026-06-26T08:24:39Z</time>
        <name>1202</name>
        <extensions>
          <fulcrumtest:speed_mps>26.822400</fulcrumtest:speed_mps>
          <fulcrumtest:speed_mph>60.00</fulcrumtest:speed_mph>
        </extensions>
      </trkpt>
      <trkpt lat="52.1998300" lon="1.5136500">
        <ele>0</ele>
        <time>2026-06-26T08:24:49Z</time>
        <name>1203</name>
        <extensions>
          <fulcrumtest:speed_mps>26.822400</fulcrumtest:speed_mps>
          <fulcrumtest:speed_mph>60.00</fulcrumtest:speed_mph>
        </extensions>
      </trkpt>
      <trkpt lat="52.1992900" lon="1.5135100">
        <ele>0</ele>
        <time>2026-06-26T08:24:51Z</time>
        <name>1204</name>
        <extensions>
          <fulcrumtest:speed_mps>26.822400</fulcrumtest:speed_mps>
          <fulcrumtest:speed_mph>60.00</fulcrumtest:speed_mph>
        </extensions>
      </trkpt>
      <trkpt lat="52.1992900" lon="1.5135000">
        <ele>0</ele>
        <time>2026-06-26T08:24:51Z</time>
        <name>1205</name>
        <extensions>
          <fulcrumtest:speed_mps>26.822400</fulcrumtest:speed_mps>
          <fulcrumtest:speed_mph>60.00</fulcrumtest:speed_mph>
        </extensions>
      </trkpt>
      <trkpt lat="52.1989900" lon="1.5134300">
        <ele>0</ele>
        <time>2026-06-26T08:24:52Z</time>
        <name>1206</name>
        <extensions>
          <fulcrumtest:speed_mps>26.822400</fulcrumtest:speed_mps>
          <fulcrumtest:speed_mph>60.00</fulcrumtest:speed_mph>
        </extensions>
      </trkpt>
      <trkpt lat="52.1988600" lon="1.5133900">
        <ele>0</ele>
        <time>2026-06-26T08:24:53Z</time>
        <name>1207</name>
        <extensions>
          <fulcrumtest:speed_mps>26.822400</fulcrumtest:speed_mps>
          <fulcrumtest:speed_mph>60.00</fulcrumtest:speed_mph>
        </extensions>
      </trkpt>
      <trkpt lat="52.1985800" lon="1.5133200">
        <ele>0</ele>
        <time>2026-06-26T08:24:54Z</time>
        <name>1208</name>
        <extensions>
          <fulcrumtest:speed_mps>26.822400</fulcrumtest:speed_mps>
          <fulcrumtest:speed_mph>60.00</fulcrumtest:speed_mph>
        </extensions>
      </trkpt>
      <trkpt lat="52.1985300" lon="1.5133000">
        <ele>0</ele>
        <time>2026-06-26T08:24:54Z</time>
        <name>1209</name>
        <extensions>
          <fulcrumtest:speed_mps>26.822400</fulcrumtest:speed_mps>
          <fulcrumtest:speed_mph>60.00</fulcrumtest:speed_mph>
        </extensions>
      </trkpt>
      <trkpt lat="52.1979700" lon="1.5131500">
        <ele>0</ele>
        <time>2026-06-26T08:24:56Z</time>
        <name>1210</name>
        <extensions>
          <fulcrumtest:speed_mps>26.822400</fulcrumtest:speed_mps>
          <fulcrumtest:speed_mph>60.00</fulcrumtest:speed_mph>
        </extensions>
      </trkpt>
      <trkpt lat="52.1975000" lon="1.5129800">
        <ele>0</ele>
        <time>2026-06-26T08:24:58Z</time>
        <name>1211</name>
        <extensions>
          <fulcrumtest:speed_mps>26.822400</fulcrumtest:speed_mps>
          <fulcrumtest:speed_mph>60.00</fulcrumtest:speed_mph>
        </extensions>
      </trkpt>
      <trkpt lat="52.1972100" lon="1.5128600">
        <ele>0</ele>
        <time>2026-06-26T08:25:00Z</time>
        <name>1212</name>
        <extensions>
          <fulcrumtest:speed_mps>26.822400</fulcrumtest:speed_mps>
          <fulcrumtest:speed_mph>60.00</fulcrumtest:speed_mph>
        </extensions>
      </trkpt>
      <trkpt lat="52.1963600" lon="1.5124600">
        <ele>0</ele>
        <time>2026-06-26T08:25:03Z</time>
        <name>1213</name>
        <extensions>
          <fulcrumtest:speed_mps>26.822400</fulcrumtest:speed_mps>
          <fulcrumtest:speed_mph>60.00</fulcrumtest:speed_mph>
        </extensions>
      </trkpt>
      <trkpt lat="52.1951500" lon="1.5118400">
        <ele>0</ele>
        <time>2026-06-26T08:25:09Z</time>
        <name>1214</name>
        <extensions>
          <fulcrumtest:speed_mps>26.822400</fulcrumtest:speed_mps>
          <fulcrumtest:speed_mph>60.00</fulcrumtest:speed_mph>
        </extensions>
      </trkpt>
      <trkpt lat="52.1951400" lon="1.5118400">
        <ele>0</ele>
        <time>2026-06-26T08:25:09Z</time>
        <name>1215</name>
        <extensions>
          <fulcrumtest:speed_mps>26.822400</fulcrumtest:speed_mps>
          <fulcrumtest:speed_mph>60.00</fulcrumtest:speed_mph>
        </extensions>
      </trkpt>
      <trkpt lat="52.1938200" lon="1.5110600">
        <ele>0</ele>
        <time>2026-06-26T08:25:14Z</time>
        <name>1216</name>
        <extensions>
          <fulcrumtest:speed_mps>26.822400</fulcrumtest:speed_mps>
          <fulcrumtest:speed_mph>60.00</fulcrumtest:speed_mph>
        </extensions>
      </trkpt>
      <trkpt lat="52.1934300" lon="1.5109200">
        <ele>0</ele>
        <time>2026-06-26T08:25:16Z</time>
        <name>1217</name>
        <extensions>
          <fulcrumtest:speed_mps>26.822400</fulcrumtest:speed_mps>
          <fulcrumtest:speed_mph>60.00</fulcrumtest:speed_mph>
        </extensions>
      </trkpt>
      <trkpt lat="52.1930800" lon="1.5108800">
        <ele>0</ele>
        <time>2026-06-26T08:25:18Z</time>
        <name>1218</name>
        <extensions>
          <fulcrumtest:speed_mps>26.822400</fulcrumtest:speed_mps>
          <fulcrumtest:speed_mph>60.00</fulcrumtest:speed_mph>
        </extensions>
      </trkpt>
      <trkpt lat="52.1928500" lon="1.5109100">
        <ele>0</ele>
        <time>2026-06-26T08:25:18Z</time>
        <name>1219</name>
        <extensions>
          <fulcrumtest:speed_mps>26.822400</fulcrumtest:speed_mps>
          <fulcrumtest:speed_mph>60.00</fulcrumtest:speed_mph>
        </extensions>
      </trkpt>
      <trkpt lat="52.1926300" lon="1.5109600">
        <ele>0</ele>
        <time>2026-06-26T08:25:19Z</time>
        <name>1220</name>
        <extensions>
          <fulcrumtest:speed_mps>26.822400</fulcrumtest:speed_mps>
          <fulcrumtest:speed_mph>60.00</fulcrumtest:speed_mph>
        </extensions>
      </trkpt>
      <trkpt lat="52.1925100" lon="1.5109800">
        <ele>0</ele>
        <time>2026-06-26T08:25:20Z</time>
        <name>1221</name>
        <extensions>
          <fulcrumtest:speed_mps>26.822400</fulcrumtest:speed_mps>
          <fulcrumtest:speed_mph>60.00</fulcrumtest:speed_mph>
        </extensions>
      </trkpt>
      <trkpt lat="52.1922100" lon="1.5110800">
        <ele>0</ele>
        <time>2026-06-26T08:25:21Z</time>
        <name>1222</name>
        <extensions>
          <fulcrumtest:speed_mps>26.822400</fulcrumtest:speed_mps>
          <fulcrumtest:speed_mph>60.00</fulcrumtest:speed_mph>
        </extensions>
      </trkpt>
      <trkpt lat="52.1916800" lon="1.5113500">
        <ele>0</ele>
        <time>2026-06-26T08:25:23Z</time>
        <name>1223</name>
        <extensions>
          <fulcrumtest:speed_mps>26.822400</fulcrumtest:speed_mps>
          <fulcrumtest:speed_mph>60.00</fulcrumtest:speed_mph>
        </extensions>
      </trkpt>
      <trkpt lat="52.1915300" lon="1.5114600">
        <ele>0</ele>
        <time>2026-06-26T08:25:24Z</time>
        <name>1224</name>
        <extensions>
          <fulcrumtest:speed_mps>26.822400</fulcrumtest:speed_mps>
          <fulcrumtest:speed_mph>60.00</fulcrumtest:speed_mph>
        </extensions>
      </trkpt>
      <trkpt lat="52.1911500" lon="1.5118100">
        <ele>0</ele>
        <time>2026-06-26T08:25:26Z</time>
        <name>1225</name>
        <extensions>
          <fulcrumtest:speed_mps>26.822400</fulcrumtest:speed_mps>
          <fulcrumtest:speed_mph>60.00</fulcrumtest:speed_mph>
        </extensions>
      </trkpt>
      <trkpt lat="52.1909800" lon="1.5119900">
        <ele>0</ele>
        <time>2026-06-26T08:25:27Z</time>
        <name>1226</name>
        <extensions>
          <fulcrumtest:speed_mps>26.822400</fulcrumtest:speed_mps>
          <fulcrumtest:speed_mph>60.00</fulcrumtest:speed_mph>
        </extensions>
      </trkpt>
      <trkpt lat="52.1907100" lon="1.5122400">
        <ele>0</ele>
        <time>2026-06-26T08:25:28Z</time>
        <name>1227</name>
        <extensions>
          <fulcrumtest:speed_mps>26.822400</fulcrumtest:speed_mps>
          <fulcrumtest:speed_mph>60.00</fulcrumtest:speed_mph>
        </extensions>
      </trkpt>
      <trkpt lat="52.1904000" lon="1.5124600">
        <ele>0</ele>
        <time>2026-06-26T08:25:29Z</time>
        <name>1228</name>
        <extensions>
          <fulcrumtest:speed_mps>26.822400</fulcrumtest:speed_mps>
          <fulcrumtest:speed_mph>60.00</fulcrumtest:speed_mph>
        </extensions>
      </trkpt>
      <trkpt lat="52.1902100" lon="1.5125200">
        <ele>0</ele>
        <time>2026-06-26T08:25:30Z</time>
        <name>1229</name>
        <extensions>
          <fulcrumtest:speed_mps>26.822400</fulcrumtest:speed_mps>
          <fulcrumtest:speed_mph>60.00</fulcrumtest:speed_mph>
        </extensions>
      </trkpt>
      <trkpt lat="52.1901100" lon="1.5125600">
        <ele>0</ele>
        <time>2026-06-26T08:25:31Z</time>
        <name>1230</name>
        <extensions>
          <fulcrumtest:speed_mps>26.822400</fulcrumtest:speed_mps>
          <fulcrumtest:speed_mph>60.00</fulcrumtest:speed_mph>
        </extensions>
      </trkpt>
      <trkpt lat="52.1900000" lon="1.5125600">
        <ele>0</ele>
        <time>2026-06-26T08:25:31Z</time>
        <name>1231</name>
        <extensions>
          <fulcrumtest:speed_mps>26.822400</fulcrumtest:speed_mps>
          <fulcrumtest:speed_mph>60.00</fulcrumtest:speed_mph>
        </extensions>
      </trkpt>
      <trkpt lat="52.1899200" lon="1.5125300">
        <ele>0</ele>
        <time>2026-06-26T08:25:31Z</time>
        <name>1232</name>
        <extensions>
          <fulcrumtest:speed_mps>26.822400</fulcrumtest:speed_mps>
          <fulcrumtest:speed_mph>60.00</fulcrumtest:speed_mph>
        </extensions>
      </trkpt>
      <trkpt lat="52.1895900" lon="1.5123400">
        <ele>0</ele>
        <time>2026-06-26T08:25:33Z</time>
        <name>1233</name>
        <extensions>
          <fulcrumtest:speed_mps>26.822400</fulcrumtest:speed_mps>
          <fulcrumtest:speed_mph>60.00</fulcrumtest:speed_mph>
        </extensions>
      </trkpt>
      <trkpt lat="52.1891200" lon="1.5119900">
        <ele>0</ele>
        <time>2026-06-26T08:25:35Z</time>
        <name>1234</name>
        <extensions>
          <fulcrumtest:speed_mps>26.822400</fulcrumtest:speed_mps>
          <fulcrumtest:speed_mph>60.00</fulcrumtest:speed_mph>
        </extensions>
      </trkpt>
      <trkpt lat="52.1887500" lon="1.5117500">
        <ele>0</ele>
        <time>2026-06-26T08:25:37Z</time>
        <name>1235</name>
        <extensions>
          <fulcrumtest:speed_mps>26.822400</fulcrumtest:speed_mps>
          <fulcrumtest:speed_mph>60.00</fulcrumtest:speed_mph>
        </extensions>
      </trkpt>
      <trkpt lat="52.1885900" lon="1.5125000">
        <ele>0</ele>
        <time>2026-06-26T08:25:39Z</time>
        <name>1236</name>
        <extensions>
          <fulcrumtest:speed_mps>26.822400</fulcrumtest:speed_mps>
          <fulcrumtest:speed_mph>60.00</fulcrumtest:speed_mph>
        </extensions>
      </trkpt>
      <trkpt lat="52.1884300" lon="1.5137400">
        <ele>0</ele>
        <time>2026-06-26T08:25:42Z</time>
        <name>1237</name>
        <extensions>
          <fulcrumtest:speed_mps>26.822400</fulcrumtest:speed_mps>
          <fulcrumtest:speed_mph>60.00</fulcrumtest:speed_mph>
        </extensions>
      </trkpt>
      <trkpt lat="52.1884200" lon="1.5137600">
        <ele>0</ele>
        <time>2026-06-26T08:25:42Z</time>
        <name>1238</name>
        <extensions>
          <fulcrumtest:speed_mps>26.822400</fulcrumtest:speed_mps>
          <fulcrumtest:speed_mph>60.00</fulcrumtest:speed_mph>
        </extensions>
      </trkpt>
      <trkpt lat="52.1883900" lon="1.5139500">
        <ele>0</ele>
        <time>2026-06-26T08:25:43Z</time>
        <name>1239</name>
        <extensions>
          <fulcrumtest:speed_mps>26.822400</fulcrumtest:speed_mps>
          <fulcrumtest:speed_mph>60.00</fulcrumtest:speed_mph>
        </extensions>
      </trkpt>
      <trkpt lat="52.1883000" lon="1.5143700">
        <ele>0</ele>
        <time>2026-06-26T08:25:44Z</time>
        <name>1240</name>
        <extensions>
          <fulcrumtest:speed_mps>26.822400</fulcrumtest:speed_mps>
          <fulcrumtest:speed_mph>60.00</fulcrumtest:speed_mph>
        </extensions>
      </trkpt>
      <trkpt lat="52.1882600" lon="1.5146200">
        <ele>0</ele>
        <time>2026-06-26T08:25:44Z</time>
        <name>1241</name>
        <extensions>
          <fulcrumtest:speed_mps>26.822400</fulcrumtest:speed_mps>
          <fulcrumtest:speed_mph>60.00</fulcrumtest:speed_mph>
        </extensions>
      </trkpt>
      <trkpt lat="52.1882700" lon="1.5149400">
        <ele>0</ele>
        <time>2026-06-26T08:25:45Z</time>
        <name>1242</name>
        <extensions>
          <fulcrumtest:speed_mps>26.822400</fulcrumtest:speed_mps>
          <fulcrumtest:speed_mph>60.00</fulcrumtest:speed_mph>
        </extensions>
      </trkpt>
      <trkpt lat="52.1882900" lon="1.5151900">
        <ele>0</ele>
        <time>2026-06-26T08:25:46Z</time>
        <name>1243</name>
        <extensions>
          <fulcrumtest:speed_mps>26.822400</fulcrumtest:speed_mps>
          <fulcrumtest:speed_mph>60.00</fulcrumtest:speed_mph>
        </extensions>
      </trkpt>
      <trkpt lat="52.1882900" lon="1.5170600">
        <ele>0</ele>
        <time>2026-06-26T08:25:51Z</time>
        <name>1244</name>
        <extensions>
          <fulcrumtest:speed_mps>26.822400</fulcrumtest:speed_mps>
          <fulcrumtest:speed_mph>60.00</fulcrumtest:speed_mph>
        </extensions>
      </trkpt>
      <trkpt lat="52.1883100" lon="1.5174400">
        <ele>0</ele>
        <time>2026-06-26T08:25:51Z</time>
        <name>1245</name>
        <extensions>
          <fulcrumtest:speed_mps>26.822400</fulcrumtest:speed_mps>
          <fulcrumtest:speed_mph>60.00</fulcrumtest:speed_mph>
        </extensions>
      </trkpt>
      <trkpt lat="52.1883200" lon="1.5174700">
        <ele>0</ele>
        <time>2026-06-26T08:25:52Z</time>
        <name>1246</name>
        <extensions>
          <fulcrumtest:speed_mps>26.822400</fulcrumtest:speed_mps>
          <fulcrumtest:speed_mph>60.00</fulcrumtest:speed_mph>
        </extensions>
      </trkpt>
      <trkpt lat="52.1883500" lon="1.5179800">
        <ele>0</ele>
        <time>2026-06-26T08:25:53Z</time>
        <name>1247</name>
        <extensions>
          <fulcrumtest:speed_mps>26.822400</fulcrumtest:speed_mps>
          <fulcrumtest:speed_mph>60.00</fulcrumtest:speed_mph>
        </extensions>
      </trkpt>
      <trkpt lat="52.1884600" lon="1.5192100">
        <ele>0</ele>
        <time>2026-06-26T08:25:56Z</time>
        <name>1248</name>
        <extensions>
          <fulcrumtest:speed_mps>26.822400</fulcrumtest:speed_mps>
          <fulcrumtest:speed_mph>60.00</fulcrumtest:speed_mph>
        </extensions>
      </trkpt>
      <trkpt lat="52.1884900" lon="1.5197900">
        <ele>0</ele>
        <time>2026-06-26T08:25:58Z</time>
        <name>1249</name>
        <extensions>
          <fulcrumtest:speed_mps>26.822400</fulcrumtest:speed_mps>
          <fulcrumtest:speed_mph>60.00</fulcrumtest:speed_mph>
        </extensions>
      </trkpt>
      <trkpt lat="52.1885700" lon="1.5203400">
        <ele>0</ele>
        <time>2026-06-26T08:25:59Z</time>
        <name>1250</name>
        <extensions>
          <fulcrumtest:speed_mps>26.822400</fulcrumtest:speed_mps>
          <fulcrumtest:speed_mph>60.00</fulcrumtest:speed_mph>
        </extensions>
      </trkpt>
      <trkpt lat="52.1891100" lon="1.5221300">
        <ele>0</ele>
        <time>2026-06-26T08:26:04Z</time>
        <name>1251</name>
        <extensions>
          <fulcrumtest:speed_mps>26.822400</fulcrumtest:speed_mps>
          <fulcrumtest:speed_mph>60.00</fulcrumtest:speed_mph>
        </extensions>
      </trkpt>
      <trkpt lat="52.1892800" lon="1.5227800">
        <ele>0</ele>
        <time>2026-06-26T08:26:06Z</time>
        <name>1252</name>
        <extensions>
          <fulcrumtest:speed_mps>26.822400</fulcrumtest:speed_mps>
          <fulcrumtest:speed_mph>60.00</fulcrumtest:speed_mph>
        </extensions>
      </trkpt>
      <trkpt lat="52.1893600" lon="1.5233400">
        <ele>0</ele>
        <time>2026-06-26T08:26:07Z</time>
        <name>1253</name>
        <extensions>
          <fulcrumtest:speed_mps>26.822400</fulcrumtest:speed_mps>
          <fulcrumtest:speed_mph>60.00</fulcrumtest:speed_mph>
        </extensions>
      </trkpt>
      <trkpt lat="52.1896000" lon="1.5258500">
        <ele>0</ele>
        <time>2026-06-26T08:26:14Z</time>
        <name>1254</name>
        <extensions>
          <fulcrumtest:speed_mps>26.822400</fulcrumtest:speed_mps>
          <fulcrumtest:speed_mph>60.00</fulcrumtest:speed_mph>
        </extensions>
      </trkpt>
      <trkpt lat="52.1896100" lon="1.5260700">
        <ele>0</ele>
        <time>2026-06-26T08:26:14Z</time>
        <name>1255</name>
        <extensions>
          <fulcrumtest:speed_mps>26.822400</fulcrumtest:speed_mps>
          <fulcrumtest:speed_mph>60.00</fulcrumtest:speed_mph>
        </extensions>
      </trkpt>
      <trkpt lat="52.1896100" lon="1.5263400">
        <ele>0</ele>
        <time>2026-06-26T08:26:15Z</time>
        <name>1256</name>
        <extensions>
          <fulcrumtest:speed_mps>26.822400</fulcrumtest:speed_mps>
          <fulcrumtest:speed_mph>60.00</fulcrumtest:speed_mph>
        </extensions>
      </trkpt>
      <trkpt lat="52.1895900" lon="1.5265700">
        <ele>0</ele>
        <time>2026-06-26T08:26:16Z</time>
        <name>1257</name>
        <extensions>
          <fulcrumtest:speed_mps>26.822400</fulcrumtest:speed_mps>
          <fulcrumtest:speed_mph>60.00</fulcrumtest:speed_mph>
        </extensions>
      </trkpt>
      <trkpt lat="52.1895600" lon="1.5267000">
        <ele>0</ele>
        <time>2026-06-26T08:26:16Z</time>
        <name>1258</name>
        <extensions>
          <fulcrumtest:speed_mps>26.822400</fulcrumtest:speed_mps>
          <fulcrumtest:speed_mph>60.00</fulcrumtest:speed_mph>
        </extensions>
      </trkpt>
      <trkpt lat="52.1895400" lon="1.5267500">
        <ele>0</ele>
        <time>2026-06-26T08:26:16Z</time>
        <name>1259</name>
        <extensions>
          <fulcrumtest:speed_mps>26.822400</fulcrumtest:speed_mps>
          <fulcrumtest:speed_mph>60.00</fulcrumtest:speed_mph>
        </extensions>
      </trkpt>
      <trkpt lat="52.1895000" lon="1.5269100">
        <ele>0</ele>
        <time>2026-06-26T08:26:17Z</time>
        <name>1260</name>
        <extensions>
          <fulcrumtest:speed_mps>26.822400</fulcrumtest:speed_mps>
          <fulcrumtest:speed_mph>60.00</fulcrumtest:speed_mph>
        </extensions>
      </trkpt>
      <trkpt lat="52.1894600" lon="1.5270100">
        <ele>0</ele>
        <time>2026-06-26T08:26:17Z</time>
        <name>1261</name>
        <extensions>
          <fulcrumtest:speed_mps>26.822400</fulcrumtest:speed_mps>
          <fulcrumtest:speed_mph>60.00</fulcrumtest:speed_mph>
        </extensions>
      </trkpt>
      <trkpt lat="52.1887600" lon="1.5293200">
        <ele>0</ele>
        <time>2026-06-26T08:26:23Z</time>
        <name>1262</name>
        <extensions>
          <fulcrumtest:speed_mps>26.822400</fulcrumtest:speed_mps>
          <fulcrumtest:speed_mph>60.00</fulcrumtest:speed_mph>
        </extensions>
      </trkpt>
      <trkpt lat="52.1886400" lon="1.5296500">
        <ele>0</ele>
        <time>2026-06-26T08:26:24Z</time>
        <name>1263</name>
        <extensions>
          <fulcrumtest:speed_mps>26.822400</fulcrumtest:speed_mps>
          <fulcrumtest:speed_mph>60.00</fulcrumtest:speed_mph>
        </extensions>
      </trkpt>
      <trkpt lat="52.1885400" lon="1.5298700">
        <ele>0</ele>
        <time>2026-06-26T08:26:25Z</time>
        <name>1264</name>
        <extensions>
          <fulcrumtest:speed_mps>26.822400</fulcrumtest:speed_mps>
          <fulcrumtest:speed_mph>60.00</fulcrumtest:speed_mph>
        </extensions>
      </trkpt>
      <trkpt lat="52.1885300" lon="1.5299100">
        <ele>0</ele>
        <time>2026-06-26T08:26:25Z</time>
        <name>1265</name>
        <extensions>
          <fulcrumtest:speed_mps>26.822400</fulcrumtest:speed_mps>
          <fulcrumtest:speed_mph>60.00</fulcrumtest:speed_mph>
        </extensions>
      </trkpt>
      <trkpt lat="52.1881400" lon="1.5307900">
        <ele>0</ele>
        <time>2026-06-26T08:26:28Z</time>
        <name>1266</name>
        <extensions>
          <fulcrumtest:speed_mps>26.822400</fulcrumtest:speed_mps>
          <fulcrumtest:speed_mph>60.00</fulcrumtest:speed_mph>
        </extensions>
      </trkpt>
      <trkpt lat="52.1878800" lon="1.5314700">
        <ele>0</ele>
        <time>2026-06-26T08:26:30Z</time>
        <name>1267</name>
        <extensions>
          <fulcrumtest:speed_mps>26.822400</fulcrumtest:speed_mps>
          <fulcrumtest:speed_mph>60.00</fulcrumtest:speed_mph>
        </extensions>
      </trkpt>
      <trkpt lat="52.1877800" lon="1.5317000">
        <ele>0</ele>
        <time>2026-06-26T08:26:31Z</time>
        <name>1268</name>
        <extensions>
          <fulcrumtest:speed_mps>26.822400</fulcrumtest:speed_mps>
          <fulcrumtest:speed_mph>60.00</fulcrumtest:speed_mph>
        </extensions>
      </trkpt>
      <trkpt lat="52.1877000" lon="1.5318400">
        <ele>0</ele>
        <time>2026-06-26T08:26:31Z</time>
        <name>1269</name>
        <extensions>
          <fulcrumtest:speed_mps>26.822400</fulcrumtest:speed_mps>
          <fulcrumtest:speed_mph>60.00</fulcrumtest:speed_mph>
        </extensions>
      </trkpt>
      <trkpt lat="52.1873800" lon="1.5324600">
        <ele>0</ele>
        <time>2026-06-26T08:26:33Z</time>
        <name>1270</name>
        <extensions>
          <fulcrumtest:speed_mps>26.822400</fulcrumtest:speed_mps>
          <fulcrumtest:speed_mph>60.00</fulcrumtest:speed_mph>
        </extensions>
      </trkpt>
      <trkpt lat="52.1873800" lon="1.5324700">
        <ele>0</ele>
        <time>2026-06-26T08:26:33Z</time>
        <name>1271</name>
        <extensions>
          <fulcrumtest:speed_mps>26.822400</fulcrumtest:speed_mps>
          <fulcrumtest:speed_mph>60.00</fulcrumtest:speed_mph>
        </extensions>
      </trkpt>
      <trkpt lat="52.1872500" lon="1.5326700">
        <ele>0</ele>
        <time>2026-06-26T08:26:34Z</time>
        <name>1272</name>
        <extensions>
          <fulcrumtest:speed_mps>26.822400</fulcrumtest:speed_mps>
          <fulcrumtest:speed_mph>60.00</fulcrumtest:speed_mph>
        </extensions>
      </trkpt>
      <trkpt lat="52.1872500" lon="1.5326800">
        <ele>0</ele>
        <time>2026-06-26T08:26:34Z</time>
        <name>1273</name>
        <extensions>
          <fulcrumtest:speed_mps>26.822400</fulcrumtest:speed_mps>
          <fulcrumtest:speed_mph>60.00</fulcrumtest:speed_mph>
        </extensions>
      </trkpt>
      <trkpt lat="52.1871600" lon="1.5328100">
        <ele>0</ele>
        <time>2026-06-26T08:26:34Z</time>
        <name>1274</name>
        <extensions>
          <fulcrumtest:speed_mps>26.822400</fulcrumtest:speed_mps>
          <fulcrumtest:speed_mph>60.00</fulcrumtest:speed_mph>
        </extensions>
      </trkpt>
      <trkpt lat="52.1869800" lon="1.5330100">
        <ele>0</ele>
        <time>2026-06-26T08:26:35Z</time>
        <name>1275</name>
        <extensions>
          <fulcrumtest:speed_mps>26.822400</fulcrumtest:speed_mps>
          <fulcrumtest:speed_mph>60.00</fulcrumtest:speed_mph>
        </extensions>
      </trkpt>
      <trkpt lat="52.1869100" lon="1.5331000">
        <ele>0</ele>
        <time>2026-06-26T08:26:36Z</time>
        <name>1276</name>
        <extensions>
          <fulcrumtest:speed_mps>26.822400</fulcrumtest:speed_mps>
          <fulcrumtest:speed_mph>60.00</fulcrumtest:speed_mph>
        </extensions>
      </trkpt>
      <trkpt lat="52.1868600" lon="1.5331900">
        <ele>0</ele>
        <time>2026-06-26T08:26:36Z</time>
        <name>1277</name>
        <extensions>
          <fulcrumtest:speed_mps>26.822400</fulcrumtest:speed_mps>
          <fulcrumtest:speed_mph>60.00</fulcrumtest:speed_mph>
        </extensions>
      </trkpt>
      <trkpt lat="52.1867900" lon="1.5333500">
        <ele>0</ele>
        <time>2026-06-26T08:26:37Z</time>
        <name>1278</name>
        <extensions>
          <fulcrumtest:speed_mps>26.822400</fulcrumtest:speed_mps>
          <fulcrumtest:speed_mph>60.00</fulcrumtest:speed_mph>
        </extensions>
      </trkpt>
      <trkpt lat="52.1865100" lon="1.5343700">
        <ele>0</ele>
        <time>2026-06-26T08:26:39Z</time>
        <name>1279</name>
        <extensions>
          <fulcrumtest:speed_mps>26.822400</fulcrumtest:speed_mps>
          <fulcrumtest:speed_mph>60.00</fulcrumtest:speed_mph>
        </extensions>
      </trkpt>
      <trkpt lat="52.1864500" lon="1.5344800">
        <ele>0</ele>
        <time>2026-06-26T08:26:40Z</time>
        <name>1280</name>
        <extensions>
          <fulcrumtest:speed_mps>26.822400</fulcrumtest:speed_mps>
          <fulcrumtest:speed_mph>60.00</fulcrumtest:speed_mph>
        </extensions>
      </trkpt>
      <trkpt lat="52.1863900" lon="1.5345200">
        <ele>0</ele>
        <time>2026-06-26T08:26:40Z</time>
        <name>1281</name>
        <extensions>
          <fulcrumtest:speed_mps>26.822400</fulcrumtest:speed_mps>
          <fulcrumtest:speed_mph>60.00</fulcrumtest:speed_mph>
        </extensions>
      </trkpt>
      <trkpt lat="52.1863300" lon="1.5345200">
        <ele>0</ele>
        <time>2026-06-26T08:26:40Z</time>
        <name>1282</name>
        <extensions>
          <fulcrumtest:speed_mps>26.822400</fulcrumtest:speed_mps>
          <fulcrumtest:speed_mph>60.00</fulcrumtest:speed_mph>
        </extensions>
      </trkpt>
      <trkpt lat="52.1852700" lon="1.5344400">
        <ele>0</ele>
        <time>2026-06-26T08:26:45Z</time>
        <name>1283</name>
        <extensions>
          <fulcrumtest:speed_mps>26.822400</fulcrumtest:speed_mps>
          <fulcrumtest:speed_mph>60.00</fulcrumtest:speed_mph>
        </extensions>
      </trkpt>
      <trkpt lat="52.1852100" lon="1.5344500">
        <ele>0</ele>
        <time>2026-06-26T08:26:45Z</time>
        <name>1284</name>
        <extensions>
          <fulcrumtest:speed_mps>26.822400</fulcrumtest:speed_mps>
          <fulcrumtest:speed_mph>60.00</fulcrumtest:speed_mph>
        </extensions>
      </trkpt>
      <trkpt lat="52.1852000" lon="1.5344500">
        <ele>0</ele>
        <time>2026-06-26T08:26:45Z</time>
        <name>1285</name>
        <extensions>
          <fulcrumtest:speed_mps>26.822400</fulcrumtest:speed_mps>
          <fulcrumtest:speed_mph>60.00</fulcrumtest:speed_mph>
        </extensions>
      </trkpt>
      <trkpt lat="52.1851600" lon="1.5344600">
        <ele>0</ele>
        <time>2026-06-26T08:26:45Z</time>
        <name>1286</name>
        <extensions>
          <fulcrumtest:speed_mps>26.822400</fulcrumtest:speed_mps>
          <fulcrumtest:speed_mph>60.00</fulcrumtest:speed_mph>
        </extensions>
      </trkpt>
      <trkpt lat="52.1851000" lon="1.5344900">
        <ele>0</ele>
        <time>2026-06-26T08:26:45Z</time>
        <name>1287</name>
        <extensions>
          <fulcrumtest:speed_mps>26.822400</fulcrumtest:speed_mps>
          <fulcrumtest:speed_mph>60.00</fulcrumtest:speed_mph>
        </extensions>
      </trkpt>
      <trkpt lat="52.1850706" lon="1.5345715">
        <ele>0</ele>
        <time>2026-06-26T08:26:46Z</time>
        <name>1288</name>
        <extensions>
          <fulcrumtest:speed_mps>26.822400</fulcrumtest:speed_mps>
          <fulcrumtest:speed_mph>60.00</fulcrumtest:speed_mph>
        </extensions>
      </trkpt>
      <trkpt lat="52.1838112" lon="1.5364530">
        <ele>0</ele>
        <time>2026-06-26T08:26:54Z</time>
        <name>1289</name>
        <extensions>
          <fulcrumtest:speed_mps>26.822400</fulcrumtest:speed_mps>
          <fulcrumtest:speed_mph>60.00</fulcrumtest:speed_mph>
        </extensions>
      </trkpt>
      <trkpt lat="52.1837619" lon="1.5366245">
        <ele>0</ele>
        <time>2026-06-26T08:26:55Z</time>
        <name>1290</name>
        <extensions>
          <fulcrumtest:speed_mps>26.822400</fulcrumtest:speed_mps>
          <fulcrumtest:speed_mph>60.00</fulcrumtest:speed_mph>
        </extensions>
      </trkpt>
      <trkpt lat="52.1835825" lon="1.5370760">
        <ele>0</ele>
        <time>2026-06-26T08:26:56Z</time>
        <name>1291</name>
        <extensions>
          <fulcrumtest:speed_mps>26.822400</fulcrumtest:speed_mps>
          <fulcrumtest:speed_mph>60.00</fulcrumtest:speed_mph>
        </extensions>
      </trkpt>
      <trkpt lat="52.1835931" lon="1.5372375">
        <ele>0</ele>
        <time>2026-06-26T08:26:57Z</time>
        <name>1292</name>
        <extensions>
          <fulcrumtest:speed_mps>26.822400</fulcrumtest:speed_mps>
          <fulcrumtest:speed_mph>60.00</fulcrumtest:speed_mph>
        </extensions>
      </trkpt>
      <trkpt lat="52.1835537" lon="1.5376090">
        <ele>0</ele>
        <time>2026-06-26T08:26:59Z</time>
        <name>1293</name>
        <extensions>
          <fulcrumtest:speed_mps>26.822400</fulcrumtest:speed_mps>
          <fulcrumtest:speed_mph>60.00</fulcrumtest:speed_mph>
        </extensions>
      </trkpt>
      <trkpt lat="52.1834643" lon="1.5384005">
        <ele>0</ele>
        <time>2026-06-26T08:27:01Z</time>
        <name>1294</name>
        <extensions>
          <fulcrumtest:speed_mps>26.822400</fulcrumtest:speed_mps>
          <fulcrumtest:speed_mph>60.00</fulcrumtest:speed_mph>
        </extensions>
      </trkpt>
      <trkpt lat="52.1832150" lon="1.5396320">
        <ele>0</ele>
        <time>2026-06-26T08:27:05Z</time>
        <name>1295</name>
        <extensions>
          <fulcrumtest:speed_mps>26.822400</fulcrumtest:speed_mps>
          <fulcrumtest:speed_mph>60.00</fulcrumtest:speed_mph>
        </extensions>
      </trkpt>
      <trkpt lat="52.1833156" lon="1.5395635">
        <ele>0</ele>
        <time>2026-06-26T08:27:05Z</time>
        <name>1296</name>
        <extensions>
          <fulcrumtest:speed_mps>26.822400</fulcrumtest:speed_mps>
          <fulcrumtest:speed_mph>60.00</fulcrumtest:speed_mph>
        </extensions>
      </trkpt>
      <trkpt lat="52.1834162" lon="1.5395050">
        <ele>0</ele>
        <time>2026-06-26T08:27:05Z</time>
        <name>1297</name>
        <extensions>
          <fulcrumtest:speed_mps>26.822400</fulcrumtest:speed_mps>
          <fulcrumtest:speed_mph>60.00</fulcrumtest:speed_mph>
        </extensions>
      </trkpt>
      <trkpt lat="52.1834968" lon="1.5396365">
        <ele>0</ele>
        <time>2026-06-26T08:27:05Z</time>
        <name>1298</name>
        <extensions>
          <fulcrumtest:speed_mps>26.822400</fulcrumtest:speed_mps>
          <fulcrumtest:speed_mph>60.00</fulcrumtest:speed_mph>
        </extensions>
      </trkpt>
      <trkpt lat="52.1834974" lon="1.5401381">
        <ele>0</ele>
        <time>2026-06-26T08:27:07Z</time>
        <name>1299</name>
        <extensions>
          <fulcrumtest:speed_mps>26.822400</fulcrumtest:speed_mps>
          <fulcrumtest:speed_mph>60.00</fulcrumtest:speed_mph>
        </extensions>
      </trkpt>
      <trkpt lat="52.1835781" lon="1.5402996">
        <ele>0</ele>
        <time>2026-06-26T08:27:08Z</time>
        <name>1300</name>
        <extensions>
          <fulcrumtest:speed_mps>26.822400</fulcrumtest:speed_mps>
          <fulcrumtest:speed_mph>60.00</fulcrumtest:speed_mph>
        </extensions>
      </trkpt>
      <trkpt lat="52.1836887" lon="1.5402511">
        <ele>0</ele>
        <time>2026-06-26T08:27:08Z</time>
        <name>1301</name>
        <extensions>
          <fulcrumtest:speed_mps>26.822400</fulcrumtest:speed_mps>
          <fulcrumtest:speed_mph>60.00</fulcrumtest:speed_mph>
        </extensions>
      </trkpt>
      <trkpt lat="52.1837593" lon="1.5404526">
        <ele>0</ele>
        <time>2026-06-26T08:27:08Z</time>
        <name>1302</name>
        <extensions>
          <fulcrumtest:speed_mps>26.822400</fulcrumtest:speed_mps>
          <fulcrumtest:speed_mph>60.00</fulcrumtest:speed_mph>
        </extensions>
      </trkpt>
      <trkpt lat="52.1838699" lon="1.5408041">
        <ele>0</ele>
        <time>2026-06-26T08:27:10Z</time>
        <name>1303</name>
        <extensions>
          <fulcrumtest:speed_mps>26.822400</fulcrumtest:speed_mps>
          <fulcrumtest:speed_mph>60.00</fulcrumtest:speed_mph>
        </extensions>
      </trkpt>
      <trkpt lat="52.1840805" lon="1.5421756">
        <ele>0</ele>
        <time>2026-06-26T08:27:13Z</time>
        <name>1304</name>
        <extensions>
          <fulcrumtest:speed_mps>26.822400</fulcrumtest:speed_mps>
          <fulcrumtest:speed_mph>60.00</fulcrumtest:speed_mph>
        </extensions>
      </trkpt>
      <trkpt lat="52.1842012" lon="1.5423871">
        <ele>0</ele>
        <time>2026-06-26T08:27:14Z</time>
        <name>1305</name>
        <extensions>
          <fulcrumtest:speed_mps>26.822400</fulcrumtest:speed_mps>
          <fulcrumtest:speed_mph>60.00</fulcrumtest:speed_mph>
        </extensions>
      </trkpt>
      <trkpt lat="52.1844218" lon="1.5432486">
        <ele>0</ele>
        <time>2026-06-26T08:27:16Z</time>
        <name>1306</name>
        <extensions>
          <fulcrumtest:speed_mps>26.822400</fulcrumtest:speed_mps>
          <fulcrumtest:speed_mph>60.00</fulcrumtest:speed_mph>
        </extensions>
      </trkpt>
      <trkpt lat="52.1845924" lon="1.5435201">
        <ele>0</ele>
        <time>2026-06-26T08:27:17Z</time>
        <name>1307</name>
        <extensions>
          <fulcrumtest:speed_mps>26.822400</fulcrumtest:speed_mps>
          <fulcrumtest:speed_mph>60.00</fulcrumtest:speed_mph>
        </extensions>
      </trkpt>
      <trkpt lat="52.1850930" lon="1.5451916">
        <ele>0</ele>
        <time>2026-06-26T08:27:22Z</time>
        <name>1308</name>
        <extensions>
          <fulcrumtest:speed_mps>26.822400</fulcrumtest:speed_mps>
          <fulcrumtest:speed_mph>60.00</fulcrumtest:speed_mph>
        </extensions>
      </trkpt>
      <trkpt lat="52.1852036" lon="1.5451931">
        <ele>0</ele>
        <time>2026-06-26T08:27:22Z</time>
        <name>1309</name>
        <extensions>
          <fulcrumtest:speed_mps>26.822400</fulcrumtest:speed_mps>
          <fulcrumtest:speed_mph>60.00</fulcrumtest:speed_mph>
        </extensions>
      </trkpt>
      <trkpt lat="52.1853642" lon="1.5453646">
        <ele>0</ele>
        <time>2026-06-26T08:27:23Z</time>
        <name>1310</name>
        <extensions>
          <fulcrumtest:speed_mps>26.822400</fulcrumtest:speed_mps>
          <fulcrumtest:speed_mph>60.00</fulcrumtest:speed_mph>
        </extensions>
      </trkpt>
      <trkpt lat="52.1856149" lon="1.5458461">
        <ele>0</ele>
        <time>2026-06-26T08:27:25Z</time>
        <name>1311</name>
        <extensions>
          <fulcrumtest:speed_mps>26.822400</fulcrumtest:speed_mps>
          <fulcrumtest:speed_mph>60.00</fulcrumtest:speed_mph>
        </extensions>
      </trkpt>
      <trkpt lat="52.1859355" lon="1.5464276">
        <ele>0</ele>
        <time>2026-06-26T08:27:27Z</time>
        <name>1312</name>
        <extensions>
          <fulcrumtest:speed_mps>26.822400</fulcrumtest:speed_mps>
          <fulcrumtest:speed_mph>60.00</fulcrumtest:speed_mph>
        </extensions>
      </trkpt>
      <trkpt lat="52.1865761" lon="1.5478891">
        <ele>0</ele>
        <time>2026-06-26T08:27:31Z</time>
        <name>1313</name>
        <extensions>
          <fulcrumtest:speed_mps>26.822400</fulcrumtest:speed_mps>
          <fulcrumtest:speed_mph>60.00</fulcrumtest:speed_mph>
        </extensions>
      </trkpt>
      <trkpt lat="52.1867567" lon="1.5480306">
        <ele>0</ele>
        <time>2026-06-26T08:27:32Z</time>
        <name>1314</name>
        <extensions>
          <fulcrumtest:speed_mps>26.822400</fulcrumtest:speed_mps>
          <fulcrumtest:speed_mph>60.00</fulcrumtest:speed_mph>
        </extensions>
      </trkpt>
      <trkpt lat="52.1868873" lon="1.5480321">
        <ele>0</ele>
        <time>2026-06-26T08:27:32Z</time>
        <name>1315</name>
        <extensions>
          <fulcrumtest:speed_mps>26.822400</fulcrumtest:speed_mps>
          <fulcrumtest:speed_mph>60.00</fulcrumtest:speed_mph>
        </extensions>
      </trkpt>
      <trkpt lat="52.1869980" lon="1.5480036">
        <ele>0</ele>
        <time>2026-06-26T08:27:32Z</time>
        <name>1316</name>
        <extensions>
          <fulcrumtest:speed_mps>26.822400</fulcrumtest:speed_mps>
          <fulcrumtest:speed_mph>60.00</fulcrumtest:speed_mph>
        </extensions>
      </trkpt>
      <trkpt lat="52.1870986" lon="1.5479751">
        <ele>0</ele>
        <time>2026-06-26T08:27:32Z</time>
        <name>1317</name>
        <extensions>
          <fulcrumtest:speed_mps>26.822400</fulcrumtest:speed_mps>
          <fulcrumtest:speed_mph>60.00</fulcrumtest:speed_mph>
        </extensions>
      </trkpt>
      <trkpt lat="52.1871792" lon="1.5479566">
        <ele>0</ele>
        <time>2026-06-26T08:27:33Z</time>
        <name>1318</name>
        <extensions>
          <fulcrumtest:speed_mps>26.822400</fulcrumtest:speed_mps>
          <fulcrumtest:speed_mph>60.00</fulcrumtest:speed_mph>
        </extensions>
      </trkpt>
      <trkpt lat="52.1872398" lon="1.5479481">
        <ele>0</ele>
        <time>2026-06-26T08:27:33Z</time>
        <name>1319</name>
        <extensions>
          <fulcrumtest:speed_mps>26.822400</fulcrumtest:speed_mps>
          <fulcrumtest:speed_mph>60.00</fulcrumtest:speed_mph>
        </extensions>
      </trkpt>
      <trkpt lat="52.1870904" lon="1.5481396">
        <ele>0</ele>
        <time>2026-06-26T08:27:34Z</time>
        <name>1320</name>
        <extensions>
          <fulcrumtest:speed_mps>26.822400</fulcrumtest:speed_mps>
          <fulcrumtest:speed_mph>60.00</fulcrumtest:speed_mph>
        </extensions>
      </trkpt>
      <trkpt lat="52.1871711" lon="1.5481312">
        <ele>0</ele>
        <time>2026-06-26T08:27:34Z</time>
        <name>1321</name>
        <extensions>
          <fulcrumtest:speed_mps>26.822400</fulcrumtest:speed_mps>
          <fulcrumtest:speed_mph>60.00</fulcrumtest:speed_mph>
        </extensions>
      </trkpt>
      <trkpt lat="52.1872617" lon="1.5480827">
        <ele>0</ele>
        <time>2026-06-26T08:27:34Z</time>
        <name>1322</name>
        <extensions>
          <fulcrumtest:speed_mps>26.822400</fulcrumtest:speed_mps>
          <fulcrumtest:speed_mph>60.00</fulcrumtest:speed_mph>
        </extensions>
      </trkpt>
      <trkpt lat="52.1873723" lon="1.5480542">
        <ele>0</ele>
        <time>2026-06-26T08:27:35Z</time>
        <name>1323</name>
        <extensions>
          <fulcrumtest:speed_mps>26.822400</fulcrumtest:speed_mps>
          <fulcrumtest:speed_mph>60.00</fulcrumtest:speed_mph>
        </extensions>
      </trkpt>
      <trkpt lat="52.1874729" lon="1.5480957">
        <ele>0</ele>
        <time>2026-06-26T08:27:35Z</time>
        <name>1324</name>
        <extensions>
          <fulcrumtest:speed_mps>26.822400</fulcrumtest:speed_mps>
          <fulcrumtest:speed_mph>60.00</fulcrumtest:speed_mph>
        </extensions>
      </trkpt>
      <trkpt lat="52.1876035" lon="1.5482172">
        <ele>0</ele>
        <time>2026-06-26T08:27:35Z</time>
        <name>1325</name>
        <extensions>
          <fulcrumtest:speed_mps>26.822400</fulcrumtest:speed_mps>
          <fulcrumtest:speed_mph>60.00</fulcrumtest:speed_mph>
        </extensions>
      </trkpt>
      <trkpt lat="52.1878142" lon="1.5487387">
        <ele>0</ele>
        <time>2026-06-26T08:27:37Z</time>
        <name>1326</name>
        <extensions>
          <fulcrumtest:speed_mps>26.822400</fulcrumtest:speed_mps>
          <fulcrumtest:speed_mph>60.00</fulcrumtest:speed_mph>
        </extensions>
      </trkpt>
      <trkpt lat="52.1882148" lon="1.5507202">
        <ele>0</ele>
        <time>2026-06-26T08:27:42Z</time>
        <name>1327</name>
        <extensions>
          <fulcrumtest:speed_mps>26.822400</fulcrumtest:speed_mps>
          <fulcrumtest:speed_mph>60.00</fulcrumtest:speed_mph>
        </extensions>
      </trkpt>
      <trkpt lat="52.1883454" lon="1.5511517">
        <ele>0</ele>
        <time>2026-06-26T08:27:44Z</time>
        <name>1328</name>
        <extensions>
          <fulcrumtest:speed_mps>26.822400</fulcrumtest:speed_mps>
          <fulcrumtest:speed_mph>60.00</fulcrumtest:speed_mph>
        </extensions>
      </trkpt>
      <trkpt lat="52.1884560" lon="1.5515332">
        <ele>0</ele>
        <time>2026-06-26T08:27:45Z</time>
        <name>1329</name>
        <extensions>
          <fulcrumtest:speed_mps>26.822400</fulcrumtest:speed_mps>
          <fulcrumtest:speed_mph>60.00</fulcrumtest:speed_mph>
        </extensions>
      </trkpt>
      <trkpt lat="52.1886066" lon="1.5517747">
        <ele>0</ele>
        <time>2026-06-26T08:27:46Z</time>
        <name>1330</name>
        <extensions>
          <fulcrumtest:speed_mps>26.822400</fulcrumtest:speed_mps>
          <fulcrumtest:speed_mph>60.00</fulcrumtest:speed_mph>
        </extensions>
      </trkpt>
      <trkpt lat="52.1889773" lon="1.5533062">
        <ele>0</ele>
        <time>2026-06-26T08:27:50Z</time>
        <name>1331</name>
        <extensions>
          <fulcrumtest:speed_mps>26.822400</fulcrumtest:speed_mps>
          <fulcrumtest:speed_mph>60.00</fulcrumtest:speed_mph>
        </extensions>
      </trkpt>
      <trkpt lat="52.1891279" lon="1.5536277">
        <ele>0</ele>
        <time>2026-06-26T08:27:51Z</time>
        <name>1332</name>
        <extensions>
          <fulcrumtest:speed_mps>26.822400</fulcrumtest:speed_mps>
          <fulcrumtest:speed_mph>60.00</fulcrumtest:speed_mph>
        </extensions>
      </trkpt>
      <trkpt lat="52.1892885" lon="1.5552892">
        <ele>0</ele>
        <time>2026-06-26T08:27:56Z</time>
        <name>1333</name>
        <extensions>
          <fulcrumtest:speed_mps>26.822400</fulcrumtest:speed_mps>
          <fulcrumtest:speed_mph>60.00</fulcrumtest:speed_mph>
        </extensions>
      </trkpt>
      <trkpt lat="52.1894491" lon="1.5558207">
        <ele>0</ele>
        <time>2026-06-26T08:27:57Z</time>
        <name>1334</name>
        <extensions>
          <fulcrumtest:speed_mps>26.822400</fulcrumtest:speed_mps>
          <fulcrumtest:speed_mph>60.00</fulcrumtest:speed_mph>
        </extensions>
      </trkpt>
      <trkpt lat="52.1896797" lon="1.5581522">
        <ele>0</ele>
        <time>2026-06-26T08:28:03Z</time>
        <name>1335</name>
        <extensions>
          <fulcrumtest:speed_mps>26.822400</fulcrumtest:speed_mps>
          <fulcrumtest:speed_mph>60.00</fulcrumtest:speed_mph>
        </extensions>
      </trkpt>
      <trkpt lat="52.1898304" lon="1.5584137">
        <ele>0</ele>
        <time>2026-06-26T08:28:04Z</time>
        <name>1336</name>
        <extensions>
          <fulcrumtest:speed_mps>26.822400</fulcrumtest:speed_mps>
          <fulcrumtest:speed_mph>60.00</fulcrumtest:speed_mph>
        </extensions>
      </trkpt>
      <trkpt lat="52.1899910" lon="1.5586252">
        <ele>0</ele>
        <time>2026-06-26T08:28:05Z</time>
        <name>1337</name>
        <extensions>
          <fulcrumtest:speed_mps>26.822400</fulcrumtest:speed_mps>
          <fulcrumtest:speed_mph>60.00</fulcrumtest:speed_mph>
        </extensions>
      </trkpt>
      <trkpt lat="52.1901516" lon="1.5587667">
        <ele>0</ele>
        <time>2026-06-26T08:28:06Z</time>
        <name>1338</name>
        <extensions>
          <fulcrumtest:speed_mps>26.822400</fulcrumtest:speed_mps>
          <fulcrumtest:speed_mph>60.00</fulcrumtest:speed_mph>
        </extensions>
      </trkpt>
      <trkpt lat="52.1905622" lon="1.5597382">
        <ele>0</ele>
        <time>2026-06-26T08:28:09Z</time>
        <name>1339</name>
        <extensions>
          <fulcrumtest:speed_mps>26.822400</fulcrumtest:speed_mps>
          <fulcrumtest:speed_mph>60.00</fulcrumtest:speed_mph>
        </extensions>
      </trkpt>
      <trkpt lat="52.1907728" lon="1.5600997">
        <ele>0</ele>
        <time>2026-06-26T08:28:10Z</time>
        <name>1340</name>
        <extensions>
          <fulcrumtest:speed_mps>26.822400</fulcrumtest:speed_mps>
          <fulcrumtest:speed_mph>60.00</fulcrumtest:speed_mph>
        </extensions>
      </trkpt>
      <trkpt lat="52.1909535" lon="1.5602712">
        <ele>0</ele>
        <time>2026-06-26T08:28:11Z</time>
        <name>1341</name>
        <extensions>
          <fulcrumtest:speed_mps>26.822400</fulcrumtest:speed_mps>
          <fulcrumtest:speed_mph>60.00</fulcrumtest:speed_mph>
        </extensions>
      </trkpt>
      <trkpt lat="52.1910641" lon="1.5601927">
        <ele>0</ele>
        <time>2026-06-26T08:28:11Z</time>
        <name>1342</name>
        <extensions>
          <fulcrumtest:speed_mps>26.822400</fulcrumtest:speed_mps>
          <fulcrumtest:speed_mph>60.00</fulcrumtest:speed_mph>
        </extensions>
      </trkpt>
      <trkpt lat="52.1912647" lon="1.5604942">
        <ele>0</ele>
        <time>2026-06-26T08:28:12Z</time>
        <name>1343</name>
        <extensions>
          <fulcrumtest:speed_mps>26.822400</fulcrumtest:speed_mps>
          <fulcrumtest:speed_mph>60.00</fulcrumtest:speed_mph>
        </extensions>
      </trkpt>
      <trkpt lat="52.1915253" lon="1.5609058">
        <ele>0</ele>
        <time>2026-06-26T08:28:13Z</time>
        <name>1344</name>
        <extensions>
          <fulcrumtest:speed_mps>26.822400</fulcrumtest:speed_mps>
          <fulcrumtest:speed_mph>60.00</fulcrumtest:speed_mph>
        </extensions>
      </trkpt>
      <trkpt lat="52.1917259" lon="1.5610773">
        <ele>0</ele>
        <time>2026-06-26T08:28:14Z</time>
        <name>1345</name>
        <extensions>
          <fulcrumtest:speed_mps>26.822400</fulcrumtest:speed_mps>
          <fulcrumtest:speed_mph>60.00</fulcrumtest:speed_mph>
        </extensions>
      </trkpt>
      <trkpt lat="52.1920465" lon="1.5614488">
        <ele>0</ele>
        <time>2026-06-26T08:28:15Z</time>
        <name>1346</name>
        <extensions>
          <fulcrumtest:speed_mps>26.822400</fulcrumtest:speed_mps>
          <fulcrumtest:speed_mph>60.00</fulcrumtest:speed_mph>
        </extensions>
      </trkpt>
      <trkpt lat="52.1923072" lon="1.5615903">
        <ele>0</ele>
        <time>2026-06-26T08:28:16Z</time>
        <name>1347</name>
        <extensions>
          <fulcrumtest:speed_mps>26.822400</fulcrumtest:speed_mps>
          <fulcrumtest:speed_mph>60.00</fulcrumtest:speed_mph>
        </extensions>
      </trkpt>
      <trkpt lat="52.1930878" lon="1.5624218">
        <ele>0</ele>
        <time>2026-06-26T08:28:20Z</time>
        <name>1348</name>
        <extensions>
          <fulcrumtest:speed_mps>26.822400</fulcrumtest:speed_mps>
          <fulcrumtest:speed_mph>60.00</fulcrumtest:speed_mph>
        </extensions>
      </trkpt>
      <trkpt lat="52.1933184" lon="1.5625233">
        <ele>0</ele>
        <time>2026-06-26T08:28:20Z</time>
        <name>1349</name>
        <extensions>
          <fulcrumtest:speed_mps>26.822400</fulcrumtest:speed_mps>
          <fulcrumtest:speed_mph>60.00</fulcrumtest:speed_mph>
        </extensions>
      </trkpt>
      <trkpt lat="52.1947090" lon="1.5646848">
        <ele>0</ele>
        <time>2026-06-26T08:28:28Z</time>
        <name>1350</name>
        <extensions>
          <fulcrumtest:speed_mps>26.822400</fulcrumtest:speed_mps>
          <fulcrumtest:speed_mph>60.00</fulcrumtest:speed_mph>
        </extensions>
      </trkpt>
      <trkpt lat="52.1948496" lon="1.5646763">
        <ele>0</ele>
        <time>2026-06-26T08:28:29Z</time>
        <name>1351</name>
        <extensions>
          <fulcrumtest:speed_mps>26.822400</fulcrumtest:speed_mps>
          <fulcrumtest:speed_mph>60.00</fulcrumtest:speed_mph>
        </extensions>
      </trkpt>
      <trkpt lat="52.1949803" lon="1.5646678">
        <ele>0</ele>
        <time>2026-06-26T08:28:29Z</time>
        <name>1352</name>
        <extensions>
          <fulcrumtest:speed_mps>26.822400</fulcrumtest:speed_mps>
          <fulcrumtest:speed_mph>60.00</fulcrumtest:speed_mph>
        </extensions>
      </trkpt>
      <trkpt lat="52.1951109" lon="1.5647793">
        <ele>0</ele>
        <time>2026-06-26T08:28:29Z</time>
        <name>1353</name>
        <extensions>
          <fulcrumtest:speed_mps>26.822400</fulcrumtest:speed_mps>
          <fulcrumtest:speed_mph>60.00</fulcrumtest:speed_mph>
        </extensions>
      </trkpt>
      <trkpt lat="52.1951815" lon="1.5648408">
        <ele>0</ele>
        <time>2026-06-26T08:28:30Z</time>
        <name>1354</name>
        <extensions>
          <fulcrumtest:speed_mps>26.822400</fulcrumtest:speed_mps>
          <fulcrumtest:speed_mph>60.00</fulcrumtest:speed_mph>
        </extensions>
      </trkpt>
      <trkpt lat="52.1952321" lon="1.5648423">
        <ele>0</ele>
        <time>2026-06-26T08:28:30Z</time>
        <name>1355</name>
        <extensions>
          <fulcrumtest:speed_mps>26.822400</fulcrumtest:speed_mps>
          <fulcrumtest:speed_mph>60.00</fulcrumtest:speed_mph>
        </extensions>
      </trkpt>
      <trkpt lat="52.1952427" lon="1.5648638">
        <ele>0</ele>
        <time>2026-06-26T08:28:30Z</time>
        <name>1356</name>
        <extensions>
          <fulcrumtest:speed_mps>26.822400</fulcrumtest:speed_mps>
          <fulcrumtest:speed_mph>60.00</fulcrumtest:speed_mph>
        </extensions>
      </trkpt>
      <trkpt lat="52.1950734" lon="1.5649853">
        <ele>0</ele>
        <time>2026-06-26T08:28:32Z</time>
        <name>1357</name>
        <extensions>
          <fulcrumtest:speed_mps>26.822400</fulcrumtest:speed_mps>
          <fulcrumtest:speed_mph>60.00</fulcrumtest:speed_mph>
        </extensions>
      </trkpt>
      <trkpt lat="52.1939040" lon="1.5656168">
        <ele>0</ele>
        <time>2026-06-26T08:28:37Z</time>
        <name>1358</name>
        <extensions>
          <fulcrumtest:speed_mps>26.822400</fulcrumtest:speed_mps>
          <fulcrumtest:speed_mph>60.00</fulcrumtest:speed_mph>
        </extensions>
      </trkpt>
      <trkpt lat="52.1938546" lon="1.5656383">
        <ele>0</ele>
        <time>2026-06-26T08:28:38Z</time>
        <name>1359</name>
        <extensions>
          <fulcrumtest:speed_mps>26.822400</fulcrumtest:speed_mps>
          <fulcrumtest:speed_mph>60.00</fulcrumtest:speed_mph>
        </extensions>
      </trkpt>
      <trkpt lat="52.1939252" lon="1.5655898">
        <ele>0</ele>
        <time>2026-06-26T08:28:38Z</time>
        <name>1360</name>
        <extensions>
          <fulcrumtest:speed_mps>26.822400</fulcrumtest:speed_mps>
          <fulcrumtest:speed_mph>60.00</fulcrumtest:speed_mph>
        </extensions>
      </trkpt>
      <trkpt lat="52.1939858" lon="1.5655413">
        <ele>0</ele>
        <time>2026-06-26T08:28:39Z</time>
        <name>1361</name>
        <extensions>
          <fulcrumtest:speed_mps>26.822400</fulcrumtest:speed_mps>
          <fulcrumtest:speed_mph>60.00</fulcrumtest:speed_mph>
        </extensions>
      </trkpt>
      <trkpt lat="52.1939665" lon="1.5656628">
        <ele>0</ele>
        <time>2026-06-26T08:28:39Z</time>
        <name>1362</name>
        <extensions>
          <fulcrumtest:speed_mps>26.822400</fulcrumtest:speed_mps>
          <fulcrumtest:speed_mph>60.00</fulcrumtest:speed_mph>
        </extensions>
      </trkpt>
      <trkpt lat="52.1939871" lon="1.5658443">
        <ele>0</ele>
        <time>2026-06-26T08:28:40Z</time>
        <name>1363</name>
        <extensions>
          <fulcrumtest:speed_mps>26.822400</fulcrumtest:speed_mps>
          <fulcrumtest:speed_mph>60.00</fulcrumtest:speed_mph>
        </extensions>
      </trkpt>
      <trkpt lat="52.1938677" lon="1.5665858">
        <ele>0</ele>
        <time>2026-06-26T08:28:42Z</time>
        <name>1364</name>
        <extensions>
          <fulcrumtest:speed_mps>26.822400</fulcrumtest:speed_mps>
          <fulcrumtest:speed_mph>60.00</fulcrumtest:speed_mph>
        </extensions>
      </trkpt>
      <trkpt lat="52.1939083" lon="1.5667173">
        <ele>0</ele>
        <time>2026-06-26T08:28:43Z</time>
        <name>1365</name>
        <extensions>
          <fulcrumtest:speed_mps>26.822400</fulcrumtest:speed_mps>
          <fulcrumtest:speed_mph>60.00</fulcrumtest:speed_mph>
        </extensions>
      </trkpt>
      <trkpt lat="52.1940189" lon="1.5666488">
        <ele>0</ele>
        <time>2026-06-26T08:28:43Z</time>
        <name>1366</name>
        <extensions>
          <fulcrumtest:speed_mps>26.822400</fulcrumtest:speed_mps>
          <fulcrumtest:speed_mph>60.00</fulcrumtest:speed_mph>
        </extensions>
      </trkpt>
      <trkpt lat="52.1938496" lon="1.5672404">
        <ele>0</ele>
        <time>2026-06-26T08:28:45Z</time>
        <name>1367</name>
        <extensions>
          <fulcrumtest:speed_mps>26.822400</fulcrumtest:speed_mps>
          <fulcrumtest:speed_mph>60.00</fulcrumtest:speed_mph>
        </extensions>
      </trkpt>
      <trkpt lat="52.1938602" lon="1.5674519">
        <ele>0</ele>
        <time>2026-06-26T08:28:46Z</time>
        <name>1368</name>
        <extensions>
          <fulcrumtest:speed_mps>26.822400</fulcrumtest:speed_mps>
          <fulcrumtest:speed_mph>60.00</fulcrumtest:speed_mph>
        </extensions>
      </trkpt>
      <trkpt lat="52.1935308" lon="1.5688434">
        <ele>0</ele>
        <time>2026-06-26T08:28:50Z</time>
        <name>1369</name>
        <extensions>
          <fulcrumtest:speed_mps>26.822400</fulcrumtest:speed_mps>
          <fulcrumtest:speed_mph>60.00</fulcrumtest:speed_mph>
        </extensions>
      </trkpt>
      <trkpt lat="52.1935814" lon="1.5690349">
        <ele>0</ele>
        <time>2026-06-26T08:28:51Z</time>
        <name>1370</name>
        <extensions>
          <fulcrumtest:speed_mps>26.822400</fulcrumtest:speed_mps>
          <fulcrumtest:speed_mph>60.00</fulcrumtest:speed_mph>
        </extensions>
      </trkpt>
      <trkpt lat="52.1936420" lon="1.5692764">
        <ele>0</ele>
        <time>2026-06-26T08:28:52Z</time>
        <name>1371</name>
        <extensions>
          <fulcrumtest:speed_mps>26.822400</fulcrumtest:speed_mps>
          <fulcrumtest:speed_mph>60.00</fulcrumtest:speed_mph>
        </extensions>
      </trkpt>
      <trkpt lat="52.1937427" lon="1.5694579">
        <ele>0</ele>
        <time>2026-06-26T08:28:52Z</time>
        <name>1372</name>
        <extensions>
          <fulcrumtest:speed_mps>26.822400</fulcrumtest:speed_mps>
          <fulcrumtest:speed_mph>60.00</fulcrumtest:speed_mph>
        </extensions>
      </trkpt>
      <trkpt lat="52.1938533" lon="1.5702994">
        <ele>0</ele>
        <time>2026-06-26T08:28:55Z</time>
        <name>1373</name>
        <extensions>
          <fulcrumtest:speed_mps>26.822400</fulcrumtest:speed_mps>
          <fulcrumtest:speed_mph>60.00</fulcrumtest:speed_mph>
        </extensions>
      </trkpt>
      <trkpt lat="52.1939239" lon="1.5706309">
        <ele>0</ele>
        <time>2026-06-26T08:28:56Z</time>
        <name>1374</name>
        <extensions>
          <fulcrumtest:speed_mps>26.822400</fulcrumtest:speed_mps>
          <fulcrumtest:speed_mph>60.00</fulcrumtest:speed_mph>
        </extensions>
      </trkpt>
      <trkpt lat="52.1940045" lon="1.5707424">
        <ele>0</ele>
        <time>2026-06-26T08:28:56Z</time>
        <name>1375</name>
        <extensions>
          <fulcrumtest:speed_mps>26.822400</fulcrumtest:speed_mps>
          <fulcrumtest:speed_mph>60.00</fulcrumtest:speed_mph>
        </extensions>
      </trkpt>
      <trkpt lat="52.1940451" lon="1.5709639">
        <ele>0</ele>
        <time>2026-06-26T08:28:57Z</time>
        <name>1376</name>
        <extensions>
          <fulcrumtest:speed_mps>26.822400</fulcrumtest:speed_mps>
          <fulcrumtest:speed_mph>60.00</fulcrumtest:speed_mph>
        </extensions>
      </trkpt>
      <trkpt lat="52.1941558" lon="1.5709054">
        <ele>0</ele>
        <time>2026-06-26T08:28:57Z</time>
        <name>1377</name>
        <extensions>
          <fulcrumtest:speed_mps>26.822400</fulcrumtest:speed_mps>
          <fulcrumtest:speed_mph>60.00</fulcrumtest:speed_mph>
        </extensions>
      </trkpt>
      <trkpt lat="52.1941664" lon="1.5712969">
        <ele>0</ele>
        <time>2026-06-26T08:28:59Z</time>
        <name>1378</name>
        <extensions>
          <fulcrumtest:speed_mps>26.822400</fulcrumtest:speed_mps>
          <fulcrumtest:speed_mph>60.00</fulcrumtest:speed_mph>
        </extensions>
      </trkpt>
      <trkpt lat="52.1942770" lon="1.5712184">
        <ele>0</ele>
        <time>2026-06-26T08:28:59Z</time>
        <name>1379</name>
        <extensions>
          <fulcrumtest:speed_mps>26.822400</fulcrumtest:speed_mps>
          <fulcrumtest:speed_mph>60.00</fulcrumtest:speed_mph>
        </extensions>
      </trkpt>
      <trkpt lat="52.1940776" lon="1.5728299">
        <ele>0</ele>
        <time>2026-06-26T08:29:03Z</time>
        <name>1380</name>
        <extensions>
          <fulcrumtest:speed_mps>26.822400</fulcrumtest:speed_mps>
          <fulcrumtest:speed_mph>60.00</fulcrumtest:speed_mph>
        </extensions>
      </trkpt>
      <trkpt lat="52.1941882" lon="1.5727714">
        <ele>0</ele>
        <time>2026-06-26T08:29:03Z</time>
        <name>1381</name>
        <extensions>
          <fulcrumtest:speed_mps>26.822400</fulcrumtest:speed_mps>
          <fulcrumtest:speed_mph>60.00</fulcrumtest:speed_mph>
        </extensions>
      </trkpt>
      <trkpt lat="52.1938888" lon="1.5753529">
        <ele>0</ele>
        <time>2026-06-26T08:29:10Z</time>
        <name>1382</name>
        <extensions>
          <fulcrumtest:speed_mps>26.822400</fulcrumtest:speed_mps>
          <fulcrumtest:speed_mph>60.00</fulcrumtest:speed_mph>
        </extensions>
      </trkpt>
      <trkpt lat="52.1939495" lon="1.5755344">
        <ele>0</ele>
        <time>2026-06-26T08:29:11Z</time>
        <name>1383</name>
        <extensions>
          <fulcrumtest:speed_mps>26.822400</fulcrumtest:speed_mps>
          <fulcrumtest:speed_mph>60.00</fulcrumtest:speed_mph>
        </extensions>
      </trkpt>
      <trkpt lat="52.1940101" lon="1.5759559">
        <ele>0</ele>
        <time>2026-06-26T08:29:12Z</time>
        <name>1384</name>
        <extensions>
          <fulcrumtest:speed_mps>26.822400</fulcrumtest:speed_mps>
          <fulcrumtest:speed_mph>60.00</fulcrumtest:speed_mph>
        </extensions>
      </trkpt>
      <trkpt lat="52.1941207" lon="1.5759474">
        <ele>0</ele>
        <time>2026-06-26T08:29:12Z</time>
        <name>1385</name>
        <extensions>
          <fulcrumtest:speed_mps>26.822400</fulcrumtest:speed_mps>
          <fulcrumtest:speed_mph>60.00</fulcrumtest:speed_mph>
        </extensions>
      </trkpt>
      <trkpt lat="52.1940113" lon="1.5772789">
        <ele>0</ele>
        <time>2026-06-26T08:29:16Z</time>
        <name>1386</name>
        <extensions>
          <fulcrumtest:speed_mps>26.822400</fulcrumtest:speed_mps>
          <fulcrumtest:speed_mph>60.00</fulcrumtest:speed_mph>
        </extensions>
      </trkpt>
      <trkpt lat="52.1939719" lon="1.5779804">
        <ele>0</ele>
        <time>2026-06-26T08:29:18Z</time>
        <name>1387</name>
        <extensions>
          <fulcrumtest:speed_mps>26.822400</fulcrumtest:speed_mps>
          <fulcrumtest:speed_mph>60.00</fulcrumtest:speed_mph>
        </extensions>
      </trkpt>
      <trkpt lat="52.1940726" lon="1.5779019">
        <ele>0</ele>
        <time>2026-06-26T08:29:18Z</time>
        <name>1388</name>
        <extensions>
          <fulcrumtest:speed_mps>26.822400</fulcrumtest:speed_mps>
          <fulcrumtest:speed_mph>60.00</fulcrumtest:speed_mph>
        </extensions>
      </trkpt>
      <trkpt lat="52.1941132" lon="1.5782435">
        <ele>0</ele>
        <time>2026-06-26T08:29:19Z</time>
        <name>1389</name>
        <extensions>
          <fulcrumtest:speed_mps>26.822400</fulcrumtest:speed_mps>
          <fulcrumtest:speed_mph>60.00</fulcrumtest:speed_mph>
        </extensions>
      </trkpt>
      <trkpt lat="52.1942138" lon="1.5781750">
        <ele>0</ele>
        <time>2026-06-26T08:29:20Z</time>
        <name>1390</name>
        <extensions>
          <fulcrumtest:speed_mps>26.822400</fulcrumtest:speed_mps>
          <fulcrumtest:speed_mph>60.00</fulcrumtest:speed_mph>
        </extensions>
      </trkpt>
      <trkpt lat="52.1940644" lon="1.5808165">
        <ele>0</ele>
        <time>2026-06-26T08:29:27Z</time>
        <name>1391</name>
        <extensions>
          <fulcrumtest:speed_mps>26.822400</fulcrumtest:speed_mps>
          <fulcrumtest:speed_mph>60.00</fulcrumtest:speed_mph>
        </extensions>
      </trkpt>
      <trkpt lat="52.1941750" lon="1.5814380">
        <ele>0</ele>
        <time>2026-06-26T08:29:28Z</time>
        <name>1392</name>
        <extensions>
          <fulcrumtest:speed_mps>26.822400</fulcrumtest:speed_mps>
          <fulcrumtest:speed_mph>60.00</fulcrumtest:speed_mph>
        </extensions>
      </trkpt>
      <trkpt lat="52.1943357" lon="1.5826395">
        <ele>0</ele>
        <time>2026-06-26T08:29:32Z</time>
        <name>1393</name>
        <extensions>
          <fulcrumtest:speed_mps>26.822400</fulcrumtest:speed_mps>
          <fulcrumtest:speed_mph>60.00</fulcrumtest:speed_mph>
        </extensions>
      </trkpt>
      <trkpt lat="52.1945463" lon="1.5838410">
        <ele>0</ele>
        <time>2026-06-26T08:29:35Z</time>
        <name>1394</name>
        <extensions>
          <fulcrumtest:speed_mps>26.822400</fulcrumtest:speed_mps>
          <fulcrumtest:speed_mph>60.00</fulcrumtest:speed_mph>
        </extensions>
      </trkpt>
      <trkpt lat="52.1946969" lon="1.5845625">
        <ele>0</ele>
        <time>2026-06-26T08:29:37Z</time>
        <name>1395</name>
        <extensions>
          <fulcrumtest:speed_mps>26.822400</fulcrumtest:speed_mps>
          <fulcrumtest:speed_mph>60.00</fulcrumtest:speed_mph>
        </extensions>
      </trkpt>
      <trkpt lat="52.1948375" lon="1.5845340">
        <ele>0</ele>
        <time>2026-06-26T08:29:37Z</time>
        <name>1396</name>
        <extensions>
          <fulcrumtest:speed_mps>26.822400</fulcrumtest:speed_mps>
          <fulcrumtest:speed_mph>60.00</fulcrumtest:speed_mph>
        </extensions>
      </trkpt>
      <trkpt lat="52.1949881" lon="1.5847455">
        <ele>0</ele>
        <time>2026-06-26T08:29:38Z</time>
        <name>1397</name>
        <extensions>
          <fulcrumtest:speed_mps>26.822400</fulcrumtest:speed_mps>
          <fulcrumtest:speed_mph>60.00</fulcrumtest:speed_mph>
        </extensions>
      </trkpt>
      <trkpt lat="52.1950088" lon="1.5846770">
        <ele>0</ele>
        <time>2026-06-26T08:29:38Z</time>
        <name>1398</name>
        <extensions>
          <fulcrumtest:speed_mps>26.822400</fulcrumtest:speed_mps>
          <fulcrumtest:speed_mph>60.00</fulcrumtest:speed_mph>
        </extensions>
      </trkpt>
      <trkpt lat="52.1950694" lon="1.5845885">
        <ele>0</ele>
        <time>2026-06-26T08:29:39Z</time>
        <name>1399</name>
        <extensions>
          <fulcrumtest:speed_mps>26.822400</fulcrumtest:speed_mps>
          <fulcrumtest:speed_mph>60.00</fulcrumtest:speed_mph>
        </extensions>
      </trkpt>
      <trkpt lat="52.1951300" lon="1.5845200">
        <ele>0</ele>
        <time>2026-06-26T08:29:39Z</time>
        <name>1400</name>
        <extensions>
          <fulcrumtest:speed_mps>26.822400</fulcrumtest:speed_mps>
          <fulcrumtest:speed_mph>60.00</fulcrumtest:speed_mph>
        </extensions>
      </trkpt>
      <trkpt lat="52.1953106" lon="1.5850315">
        <ele>0</ele>
        <time>2026-06-26T08:29:40Z</time>
        <name>1401</name>
        <extensions>
          <fulcrumtest:speed_mps>26.822400</fulcrumtest:speed_mps>
          <fulcrumtest:speed_mph>60.00</fulcrumtest:speed_mph>
        </extensions>
      </trkpt>
      <trkpt lat="52.1954812" lon="1.5852930">
        <ele>0</ele>
        <time>2026-06-26T08:29:41Z</time>
        <name>1402</name>
        <extensions>
          <fulcrumtest:speed_mps>26.822400</fulcrumtest:speed_mps>
          <fulcrumtest:speed_mph>60.00</fulcrumtest:speed_mph>
        </extensions>
      </trkpt>
      <trkpt lat="52.1956219" lon="1.5854445">
        <ele>0</ele>
        <time>2026-06-26T08:29:42Z</time>
        <name>1403</name>
        <extensions>
          <fulcrumtest:speed_mps>26.822400</fulcrumtest:speed_mps>
          <fulcrumtest:speed_mph>60.00</fulcrumtest:speed_mph>
        </extensions>
      </trkpt>
      <trkpt lat="52.1957825" lon="1.5856360">
        <ele>0</ele>
        <time>2026-06-26T08:29:43Z</time>
        <name>1404</name>
        <extensions>
          <fulcrumtest:speed_mps>26.822400</fulcrumtest:speed_mps>
          <fulcrumtest:speed_mph>60.00</fulcrumtest:speed_mph>
        </extensions>
      </trkpt>
      <trkpt lat="52.1959631" lon="1.5858375">
        <ele>0</ele>
        <time>2026-06-26T08:29:43Z</time>
        <name>1405</name>
        <extensions>
          <fulcrumtest:speed_mps>26.822400</fulcrumtest:speed_mps>
          <fulcrumtest:speed_mph>60.00</fulcrumtest:speed_mph>
        </extensions>
      </trkpt>
      <trkpt lat="52.1960837" lon="1.5858990">
        <ele>0</ele>
        <time>2026-06-26T08:29:44Z</time>
        <name>1406</name>
        <extensions>
          <fulcrumtest:speed_mps>26.822400</fulcrumtest:speed_mps>
          <fulcrumtest:speed_mph>60.00</fulcrumtest:speed_mph>
        </extensions>
      </trkpt>
      <trkpt lat="52.1962243" lon="1.5859305">
        <ele>0</ele>
        <time>2026-06-26T08:29:44Z</time>
        <name>1407</name>
        <extensions>
          <fulcrumtest:speed_mps>26.822400</fulcrumtest:speed_mps>
          <fulcrumtest:speed_mph>60.00</fulcrumtest:speed_mph>
        </extensions>
      </trkpt>
      <trkpt lat="52.1963050" lon="1.5859320">
        <ele>0</ele>
        <time>2026-06-26T08:29:44Z</time>
        <name>1408</name>
        <extensions>
          <fulcrumtest:speed_mps>26.822400</fulcrumtest:speed_mps>
          <fulcrumtest:speed_mph>60.00</fulcrumtest:speed_mph>
        </extensions>
      </trkpt>
      <trkpt lat="52.1963856" lon="1.5859035">
        <ele>0</ele>
        <time>2026-06-26T08:29:45Z</time>
        <name>1409</name>
        <extensions>
          <fulcrumtest:speed_mps>26.822400</fulcrumtest:speed_mps>
          <fulcrumtest:speed_mph>60.00</fulcrumtest:speed_mph>
        </extensions>
      </trkpt>
      <trkpt lat="52.1964462" lon="1.5858650">
        <ele>0</ele>
        <time>2026-06-26T08:29:45Z</time>
        <name>1410</name>
        <extensions>
          <fulcrumtest:speed_mps>26.822400</fulcrumtest:speed_mps>
          <fulcrumtest:speed_mph>60.00</fulcrumtest:speed_mph>
        </extensions>
      </trkpt>
      <trkpt lat="52.1964268" lon="1.5858565">
        <ele>0</ele>
        <time>2026-06-26T08:29:45Z</time>
        <name>1411</name>
        <extensions>
          <fulcrumtest:speed_mps>26.822400</fulcrumtest:speed_mps>
          <fulcrumtest:speed_mph>60.00</fulcrumtest:speed_mph>
        </extensions>
      </trkpt>
      <trkpt lat="52.1965274" lon="1.5857681">
        <ele>0</ele>
        <time>2026-06-26T08:29:45Z</time>
        <name>1412</name>
        <extensions>
          <fulcrumtest:speed_mps>26.822400</fulcrumtest:speed_mps>
          <fulcrumtest:speed_mph>60.00</fulcrumtest:speed_mph>
        </extensions>
      </trkpt>
      <trkpt lat="52.1965881" lon="1.5857196">
        <ele>0</ele>
        <time>2026-06-26T08:29:46Z</time>
        <name>1413</name>
        <extensions>
          <fulcrumtest:speed_mps>26.822400</fulcrumtest:speed_mps>
          <fulcrumtest:speed_mph>60.00</fulcrumtest:speed_mph>
        </extensions>
      </trkpt>
      <trkpt lat="52.1963087" lon="1.5858211">
        <ele>0</ele>
        <time>2026-06-26T08:29:47Z</time>
        <name>1414</name>
        <extensions>
          <fulcrumtest:speed_mps>26.822400</fulcrumtest:speed_mps>
          <fulcrumtest:speed_mph>60.00</fulcrumtest:speed_mph>
        </extensions>
      </trkpt>
      <trkpt lat="52.1963493" lon="1.5857726">
        <ele>0</ele>
        <time>2026-06-26T08:29:48Z</time>
        <name>1415</name>
        <extensions>
          <fulcrumtest:speed_mps>26.822400</fulcrumtest:speed_mps>
          <fulcrumtest:speed_mph>60.00</fulcrumtest:speed_mph>
        </extensions>
      </trkpt>
      <trkpt lat="52.1959499" lon="1.5859341">
        <ele>0</ele>
        <time>2026-06-26T08:29:50Z</time>
        <name>1416</name>
        <extensions>
          <fulcrumtest:speed_mps>26.822400</fulcrumtest:speed_mps>
          <fulcrumtest:speed_mph>60.00</fulcrumtest:speed_mph>
        </extensions>
      </trkpt>
      <trkpt lat="52.1955305" lon="1.5860756">
        <ele>0</ele>
        <time>2026-06-26T08:29:52Z</time>
        <name>1417</name>
        <extensions>
          <fulcrumtest:speed_mps>26.822400</fulcrumtest:speed_mps>
          <fulcrumtest:speed_mph>60.00</fulcrumtest:speed_mph>
        </extensions>
      </trkpt>
      <trkpt lat="52.1956912" lon="1.5865371">
        <ele>0</ele>
        <time>2026-06-26T08:29:54Z</time>
        <name>1418</name>
        <extensions>
          <fulcrumtest:speed_mps>26.822400</fulcrumtest:speed_mps>
          <fulcrumtest:speed_mph>60.00</fulcrumtest:speed_mph>
        </extensions>
      </trkpt>
      <trkpt lat="52.1958318" lon="1.5873686">
        <ele>0</ele>
        <time>2026-06-26T08:29:56Z</time>
        <name>1419</name>
        <extensions>
          <fulcrumtest:speed_mps>26.822400</fulcrumtest:speed_mps>
          <fulcrumtest:speed_mph>60.00</fulcrumtest:speed_mph>
        </extensions>
      </trkpt>
      <trkpt lat="52.1960324" lon="1.5887401">
        <ele>0</ele>
        <time>2026-06-26T08:30:00Z</time>
        <name>1420</name>
        <extensions>
          <fulcrumtest:speed_mps>26.822400</fulcrumtest:speed_mps>
          <fulcrumtest:speed_mph>60.00</fulcrumtest:speed_mph>
        </extensions>
      </trkpt>
      <trkpt lat="52.1961530" lon="1.5890316">
        <ele>0</ele>
        <time>2026-06-26T08:30:01Z</time>
        <name>1421</name>
        <extensions>
          <fulcrumtest:speed_mps>26.822400</fulcrumtest:speed_mps>
          <fulcrumtest:speed_mph>60.00</fulcrumtest:speed_mph>
        </extensions>
      </trkpt>
      <trkpt lat="52.1962836" lon="1.5891531">
        <ele>0</ele>
        <time>2026-06-26T08:30:01Z</time>
        <name>1422</name>
        <extensions>
          <fulcrumtest:speed_mps>26.822400</fulcrumtest:speed_mps>
          <fulcrumtest:speed_mph>60.00</fulcrumtest:speed_mph>
        </extensions>
      </trkpt>
      <trkpt lat="52.1964142" lon="1.5908446">
        <ele>0</ele>
        <time>2026-06-26T08:30:06Z</time>
        <name>1423</name>
        <extensions>
          <fulcrumtest:speed_mps>26.822400</fulcrumtest:speed_mps>
          <fulcrumtest:speed_mph>60.00</fulcrumtest:speed_mph>
        </extensions>
      </trkpt>
      <trkpt lat="52.1964749" lon="1.5935461">
        <ele>0</ele>
        <time>2026-06-26T08:30:13Z</time>
        <name>1424</name>
        <extensions>
          <fulcrumtest:speed_mps>26.822400</fulcrumtest:speed_mps>
          <fulcrumtest:speed_mph>60.00</fulcrumtest:speed_mph>
        </extensions>
      </trkpt>
      <trkpt lat="52.1964955" lon="1.5958676">
        <ele>0</ele>
        <time>2026-06-26T08:30:19Z</time>
        <name>1425</name>
        <extensions>
          <fulcrumtest:speed_mps>26.822400</fulcrumtest:speed_mps>
          <fulcrumtest:speed_mph>60.00</fulcrumtest:speed_mph>
        </extensions>
      </trkpt>
      <trkpt lat="52.1965961" lon="1.5958291">
        <ele>0</ele>
        <time>2026-06-26T08:30:19Z</time>
        <name>1426</name>
        <extensions>
          <fulcrumtest:speed_mps>26.822400</fulcrumtest:speed_mps>
          <fulcrumtest:speed_mph>60.00</fulcrumtest:speed_mph>
        </extensions>
      </trkpt>
      <trkpt lat="52.1964967" lon="1.6019006">
        <ele>0</ele>
        <time>2026-06-26T08:30:35Z</time>
        <name>1427</name>
        <extensions>
          <fulcrumtest:speed_mps>26.822400</fulcrumtest:speed_mps>
          <fulcrumtest:speed_mph>60.00</fulcrumtest:speed_mph>
        </extensions>
      </trkpt>
      <trkpt lat="52.1966173" lon="1.6023621">
        <ele>0</ele>
        <time>2026-06-26T08:30:36Z</time>
        <name>1428</name>
        <extensions>
          <fulcrumtest:speed_mps>26.822400</fulcrumtest:speed_mps>
          <fulcrumtest:speed_mph>60.00</fulcrumtest:speed_mph>
        </extensions>
      </trkpt>
      <trkpt lat="52.1967080" lon="1.6026336">
        <ele>0</ele>
        <time>2026-06-26T08:30:37Z</time>
        <name>1429</name>
        <extensions>
          <fulcrumtest:speed_mps>26.822400</fulcrumtest:speed_mps>
          <fulcrumtest:speed_mph>60.00</fulcrumtest:speed_mph>
        </extensions>
      </trkpt>
      <trkpt lat="52.1967886" lon="1.6038051">
        <ele>0</ele>
        <time>2026-06-26T08:30:40Z</time>
        <name>1430</name>
        <extensions>
          <fulcrumtest:speed_mps>26.822400</fulcrumtest:speed_mps>
          <fulcrumtest:speed_mph>60.00</fulcrumtest:speed_mph>
        </extensions>
      </trkpt>
      <trkpt lat="52.1968892" lon="1.6037966">
        <ele>0</ele>
        <time>2026-06-26T08:30:40Z</time>
        <name>1431</name>
        <extensions>
          <fulcrumtest:speed_mps>26.822400</fulcrumtest:speed_mps>
          <fulcrumtest:speed_mph>60.00</fulcrumtest:speed_mph>
        </extensions>
      </trkpt>
      <trkpt lat="52.1969998" lon="1.6038281">
        <ele>0</ele>
        <time>2026-06-26T08:30:41Z</time>
        <name>1432</name>
        <extensions>
          <fulcrumtest:speed_mps>26.822400</fulcrumtest:speed_mps>
          <fulcrumtest:speed_mph>60.00</fulcrumtest:speed_mph>
        </extensions>
      </trkpt>
      <trkpt lat="52.1971304" lon="1.6038696">
        <ele>0</ele>
        <time>2026-06-26T08:30:41Z</time>
        <name>1433</name>
        <extensions>
          <fulcrumtest:speed_mps>26.822400</fulcrumtest:speed_mps>
          <fulcrumtest:speed_mph>60.00</fulcrumtest:speed_mph>
        </extensions>
      </trkpt>
      <trkpt lat="52.1973111" lon="1.6040012">
        <ele>0</ele>
        <time>2026-06-26T08:30:42Z</time>
        <name>1434</name>
        <extensions>
          <fulcrumtest:speed_mps>26.822400</fulcrumtest:speed_mps>
          <fulcrumtest:speed_mph>60.00</fulcrumtest:speed_mph>
        </extensions>
      </trkpt>
      <trkpt lat="52.1972817" lon="1.6041127">
        <ele>0</ele>
        <time>2026-06-26T08:30:42Z</time>
        <name>1435</name>
        <extensions>
          <fulcrumtest:speed_mps>26.822400</fulcrumtest:speed_mps>
          <fulcrumtest:speed_mph>60.00</fulcrumtest:speed_mph>
        </extensions>
      </trkpt>
      <trkpt lat="52.1972923" lon="1.6042042">
        <ele>0</ele>
        <time>2026-06-26T08:30:43Z</time>
        <name>1436</name>
        <extensions>
          <fulcrumtest:speed_mps>26.822400</fulcrumtest:speed_mps>
          <fulcrumtest:speed_mph>60.00</fulcrumtest:speed_mph>
        </extensions>
      </trkpt>
      <trkpt lat="52.1972829" lon="1.6043757">
        <ele>0</ele>
        <time>2026-06-26T08:30:44Z</time>
        <name>1437</name>
        <extensions>
          <fulcrumtest:speed_mps>26.822400</fulcrumtest:speed_mps>
          <fulcrumtest:speed_mph>60.00</fulcrumtest:speed_mph>
        </extensions>
      </trkpt>
      <trkpt lat="52.1964835" lon="1.6071872">
        <ele>0</ele>
        <time>2026-06-26T08:30:52Z</time>
        <name>1438</name>
        <extensions>
          <fulcrumtest:speed_mps>26.822400</fulcrumtest:speed_mps>
          <fulcrumtest:speed_mph>60.00</fulcrumtest:speed_mph>
        </extensions>
      </trkpt>
      <trkpt lat="52.1964242" lon="1.6079587">
        <ele>0</ele>
        <time>2026-06-26T08:30:55Z</time>
        <name>1439</name>
        <extensions>
          <fulcrumtest:speed_mps>26.822400</fulcrumtest:speed_mps>
          <fulcrumtest:speed_mph>60.00</fulcrumtest:speed_mph>
        </extensions>
      </trkpt>
      <trkpt lat="52.1963748" lon="1.6089402">
        <ele>0</ele>
        <time>2026-06-26T08:30:57Z</time>
        <name>1440</name>
        <extensions>
          <fulcrumtest:speed_mps>26.822400</fulcrumtest:speed_mps>
          <fulcrumtest:speed_mph>60.00</fulcrumtest:speed_mph>
        </extensions>
      </trkpt>
      <trkpt lat="52.1964454" lon="1.6092917">
        <ele>0</ele>
        <time>2026-06-26T08:30:58Z</time>
        <name>1441</name>
        <extensions>
          <fulcrumtest:speed_mps>26.822400</fulcrumtest:speed_mps>
          <fulcrumtest:speed_mph>60.00</fulcrumtest:speed_mph>
        </extensions>
      </trkpt>
      <trkpt lat="52.1965460" lon="1.6102932">
        <ele>0</ele>
        <time>2026-06-26T08:31:01Z</time>
        <name>1442</name>
        <extensions>
          <fulcrumtest:speed_mps>26.822400</fulcrumtest:speed_mps>
          <fulcrumtest:speed_mph>60.00</fulcrumtest:speed_mph>
        </extensions>
      </trkpt>
      <trkpt lat="52.1966766" lon="1.6106447">
        <ele>0</ele>
        <time>2026-06-26T08:31:02Z</time>
        <name>1443</name>
        <extensions>
          <fulcrumtest:speed_mps>26.822400</fulcrumtest:speed_mps>
          <fulcrumtest:speed_mph>60.00</fulcrumtest:speed_mph>
        </extensions>
      </trkpt>
      <trkpt lat="52.1968273" lon="1.6109262">
        <ele>0</ele>
        <time>2026-06-26T08:31:03Z</time>
        <name>1444</name>
        <extensions>
          <fulcrumtest:speed_mps>26.822400</fulcrumtest:speed_mps>
          <fulcrumtest:speed_mph>60.00</fulcrumtest:speed_mph>
        </extensions>
      </trkpt>
      <trkpt lat="52.1975479" lon="1.6144677">
        <ele>0</ele>
        <time>2026-06-26T08:31:13Z</time>
        <name>1445</name>
        <extensions>
          <fulcrumtest:speed_mps>26.822400</fulcrumtest:speed_mps>
          <fulcrumtest:speed_mph>60.00</fulcrumtest:speed_mph>
        </extensions>
      </trkpt>
      <trkpt lat="52.1979785" lon="1.6160792">
        <ele>0</ele>
        <time>2026-06-26T08:31:17Z</time>
        <name>1446</name>
        <extensions>
          <fulcrumtest:speed_mps>26.822400</fulcrumtest:speed_mps>
          <fulcrumtest:speed_mph>60.00</fulcrumtest:speed_mph>
        </extensions>
      </trkpt>
      <trkpt lat="52.1980891" lon="1.6160007">
        <ele>0</ele>
        <time>2026-06-26T08:31:17Z</time>
        <name>1447</name>
        <extensions>
          <fulcrumtest:speed_mps>26.822400</fulcrumtest:speed_mps>
          <fulcrumtest:speed_mph>60.00</fulcrumtest:speed_mph>
        </extensions>
      </trkpt>
      <trkpt lat="52.1986497" lon="1.6183622">
        <ele>0</ele>
        <time>2026-06-26T08:31:24Z</time>
        <name>1448</name>
        <extensions>
          <fulcrumtest:speed_mps>26.822400</fulcrumtest:speed_mps>
          <fulcrumtest:speed_mph>60.00</fulcrumtest:speed_mph>
        </extensions>
      </trkpt>
      <trkpt lat="52.1987604" lon="1.6183037">
        <ele>0</ele>
        <time>2026-06-26T08:31:24Z</time>
        <name>1449</name>
        <extensions>
          <fulcrumtest:speed_mps>26.822400</fulcrumtest:speed_mps>
          <fulcrumtest:speed_mph>60.00</fulcrumtest:speed_mph>
        </extensions>
      </trkpt>
      <trkpt lat="52.1989910" lon="1.6189152">
        <ele>0</ele>
        <time>2026-06-26T08:31:26Z</time>
        <name>1450</name>
        <extensions>
          <fulcrumtest:speed_mps>26.822400</fulcrumtest:speed_mps>
          <fulcrumtest:speed_mph>60.00</fulcrumtest:speed_mph>
        </extensions>
      </trkpt>
      <trkpt lat="52.1992116" lon="1.6198467">
        <ele>0</ele>
        <time>2026-06-26T08:31:28Z</time>
        <name>1451</name>
        <extensions>
          <fulcrumtest:speed_mps>26.822400</fulcrumtest:speed_mps>
          <fulcrumtest:speed_mph>60.00</fulcrumtest:speed_mph>
        </extensions>
      </trkpt>
      <trkpt lat="52.1993922" lon="1.6209782">
        <ele>0</ele>
        <time>2026-06-26T08:31:32Z</time>
        <name>1452</name>
        <extensions>
          <fulcrumtest:speed_mps>26.822400</fulcrumtest:speed_mps>
          <fulcrumtest:speed_mph>60.00</fulcrumtest:speed_mph>
        </extensions>
      </trkpt>
      <trkpt lat="52.1994928" lon="1.6213997">
        <ele>0</ele>
        <time>2026-06-26T08:31:33Z</time>
        <name>1453</name>
        <extensions>
          <fulcrumtest:speed_mps>26.822400</fulcrumtest:speed_mps>
          <fulcrumtest:speed_mph>60.00</fulcrumtest:speed_mph>
        </extensions>
      </trkpt>
      <trkpt lat="52.1996235" lon="1.6217912">
        <ele>0</ele>
        <time>2026-06-26T08:31:34Z</time>
        <name>1454</name>
        <extensions>
          <fulcrumtest:speed_mps>26.822400</fulcrumtest:speed_mps>
          <fulcrumtest:speed_mph>60.00</fulcrumtest:speed_mph>
        </extensions>
      </trkpt>
      <trkpt lat="52.1998541" lon="1.6221827">
        <ele>0</ele>
        <time>2026-06-26T08:31:35Z</time>
        <name>1455</name>
        <extensions>
          <fulcrumtest:speed_mps>26.822400</fulcrumtest:speed_mps>
          <fulcrumtest:speed_mph>60.00</fulcrumtest:speed_mph>
        </extensions>
      </trkpt>
      <trkpt lat="52.2000947" lon="1.6224942">
        <ele>0</ele>
        <time>2026-06-26T08:31:37Z</time>
        <name>1456</name>
        <extensions>
          <fulcrumtest:speed_mps>26.822400</fulcrumtest:speed_mps>
          <fulcrumtest:speed_mph>60.00</fulcrumtest:speed_mph>
        </extensions>
      </trkpt>
      <trkpt lat="52.2003753" lon="1.6228758">
        <ele>0</ele>
        <time>2026-06-26T08:31:38Z</time>
        <name>1457</name>
        <extensions>
          <fulcrumtest:speed_mps>26.822400</fulcrumtest:speed_mps>
          <fulcrumtest:speed_mph>60.00</fulcrumtest:speed_mph>
        </extensions>
      </trkpt>
      <trkpt lat="52.2006659" lon="1.6231973">
        <ele>0</ele>
        <time>2026-06-26T08:31:39Z</time>
        <name>1458</name>
        <extensions>
          <fulcrumtest:speed_mps>26.822400</fulcrumtest:speed_mps>
          <fulcrumtest:speed_mph>60.00</fulcrumtest:speed_mph>
        </extensions>
      </trkpt>
      <trkpt lat="52.2009665" lon="1.6234988">
        <ele>0</ele>
        <time>2026-06-26T08:31:40Z</time>
        <name>1459</name>
        <extensions>
          <fulcrumtest:speed_mps>26.822400</fulcrumtest:speed_mps>
          <fulcrumtest:speed_mph>60.00</fulcrumtest:speed_mph>
        </extensions>
      </trkpt>
      <trkpt lat="52.2012072" lon="1.6237103">
        <ele>0</ele>
        <time>2026-06-26T08:31:41Z</time>
        <name>1460</name>
        <extensions>
          <fulcrumtest:speed_mps>26.822400</fulcrumtest:speed_mps>
          <fulcrumtest:speed_mph>60.00</fulcrumtest:speed_mph>
        </extensions>
      </trkpt>
      <trkpt lat="52.2014778" lon="1.6240718">
        <ele>0</ele>
        <time>2026-06-26T08:31:43Z</time>
        <name>1461</name>
        <extensions>
          <fulcrumtest:speed_mps>26.822400</fulcrumtest:speed_mps>
          <fulcrumtest:speed_mph>60.00</fulcrumtest:speed_mph>
        </extensions>
      </trkpt>
      <trkpt lat="52.2017384" lon="1.6240133">
        <ele>0</ele>
        <time>2026-06-26T08:31:43Z</time>
        <name>1462</name>
        <extensions>
          <fulcrumtest:speed_mps>26.822400</fulcrumtest:speed_mps>
          <fulcrumtest:speed_mph>60.00</fulcrumtest:speed_mph>
        </extensions>
      </trkpt>
      <trkpt lat="52.2019090" lon="1.6239448">
        <ele>0</ele>
        <time>2026-06-26T08:31:44Z</time>
        <name>1463</name>
        <extensions>
          <fulcrumtest:speed_mps>26.822400</fulcrumtest:speed_mps>
          <fulcrumtest:speed_mph>60.00</fulcrumtest:speed_mph>
        </extensions>
      </trkpt>
      <trkpt lat="52.2021796" lon="1.6238863">
        <ele>0</ele>
        <time>2026-06-26T08:31:44Z</time>
        <name>1464</name>
        <extensions>
          <fulcrumtest:speed_mps>26.822400</fulcrumtest:speed_mps>
          <fulcrumtest:speed_mph>60.00</fulcrumtest:speed_mph>
        </extensions>
      </trkpt>
      <trkpt lat="52.2024203" lon="1.6237978">
        <ele>0</ele>
        <time>2026-06-26T08:31:45Z</time>
        <name>1465</name>
        <extensions>
          <fulcrumtest:speed_mps>26.822400</fulcrumtest:speed_mps>
          <fulcrumtest:speed_mph>60.00</fulcrumtest:speed_mph>
        </extensions>
      </trkpt>
      <trkpt lat="52.2026809" lon="1.6236793">
        <ele>0</ele>
        <time>2026-06-26T08:31:45Z</time>
        <name>1466</name>
        <extensions>
          <fulcrumtest:speed_mps>26.822400</fulcrumtest:speed_mps>
          <fulcrumtest:speed_mph>60.00</fulcrumtest:speed_mph>
        </extensions>
      </trkpt>
      <trkpt lat="52.2028215" lon="1.6235808">
        <ele>0</ele>
        <time>2026-06-26T08:31:46Z</time>
        <name>1467</name>
        <extensions>
          <fulcrumtest:speed_mps>26.822400</fulcrumtest:speed_mps>
          <fulcrumtest:speed_mph>60.00</fulcrumtest:speed_mph>
        </extensions>
      </trkpt>
      <trkpt lat="52.2030821" lon="1.6234623">
        <ele>0</ele>
        <time>2026-06-26T08:31:46Z</time>
        <name>1468</name>
        <extensions>
          <fulcrumtest:speed_mps>26.822400</fulcrumtest:speed_mps>
          <fulcrumtest:speed_mph>60.00</fulcrumtest:speed_mph>
        </extensions>
      </trkpt>
      <trkpt lat="52.2033727" lon="1.6232938">
        <ele>0</ele>
        <time>2026-06-26T08:31:47Z</time>
        <name>1469</name>
        <extensions>
          <fulcrumtest:speed_mps>26.822400</fulcrumtest:speed_mps>
          <fulcrumtest:speed_mph>60.00</fulcrumtest:speed_mph>
        </extensions>
      </trkpt>
      <trkpt lat="52.2035134" lon="1.6232153">
        <ele>0</ele>
        <time>2026-06-26T08:31:47Z</time>
        <name>1470</name>
        <extensions>
          <fulcrumtest:speed_mps>26.822400</fulcrumtest:speed_mps>
          <fulcrumtest:speed_mph>60.00</fulcrumtest:speed_mph>
        </extensions>
      </trkpt>
      <trkpt lat="52.2038940" lon="1.6229368">
        <ele>0</ele>
        <time>2026-06-26T08:31:48Z</time>
        <name>1471</name>
        <extensions>
          <fulcrumtest:speed_mps>26.822400</fulcrumtest:speed_mps>
          <fulcrumtest:speed_mph>60.00</fulcrumtest:speed_mph>
        </extensions>
      </trkpt>
      <trkpt lat="52.2041846" lon="1.6226983">
        <ele>0</ele>
        <time>2026-06-26T08:31:49Z</time>
        <name>1472</name>
        <extensions>
          <fulcrumtest:speed_mps>26.822400</fulcrumtest:speed_mps>
          <fulcrumtest:speed_mph>60.00</fulcrumtest:speed_mph>
        </extensions>
      </trkpt>
      <trkpt lat="52.2044852" lon="1.6224198">
        <ele>0</ele>
        <time>2026-06-26T08:31:50Z</time>
        <name>1473</name>
        <extensions>
          <fulcrumtest:speed_mps>26.822400</fulcrumtest:speed_mps>
          <fulcrumtest:speed_mph>60.00</fulcrumtest:speed_mph>
        </extensions>
      </trkpt>
      <trkpt lat="52.2052058" lon="1.6216613">
        <ele>0</ele>
        <time>2026-06-26T08:31:53Z</time>
        <name>1474</name>
        <extensions>
          <fulcrumtest:speed_mps>26.822400</fulcrumtest:speed_mps>
          <fulcrumtest:speed_mph>60.00</fulcrumtest:speed_mph>
        </extensions>
      </trkpt>
      <trkpt lat="52.2056865" lon="1.6211928">
        <ele>0</ele>
        <time>2026-06-26T08:31:55Z</time>
        <name>1475</name>
        <extensions>
          <fulcrumtest:speed_mps>26.822400</fulcrumtest:speed_mps>
          <fulcrumtest:speed_mph>60.00</fulcrumtest:speed_mph>
        </extensions>
      </trkpt>
      <trkpt lat="52.2059371" lon="1.6209443">
        <ele>0</ele>
        <time>2026-06-26T08:31:56Z</time>
        <name>1476</name>
        <extensions>
          <fulcrumtest:speed_mps>26.822400</fulcrumtest:speed_mps>
          <fulcrumtest:speed_mph>60.00</fulcrumtest:speed_mph>
        </extensions>
      </trkpt>
      <trkpt lat="52.2061477" lon="1.6207158">
        <ele>0</ele>
        <time>2026-06-26T08:31:56Z</time>
        <name>1477</name>
        <extensions>
          <fulcrumtest:speed_mps>26.822400</fulcrumtest:speed_mps>
          <fulcrumtest:speed_mph>60.00</fulcrumtest:speed_mph>
        </extensions>
      </trkpt>
      <trkpt lat="52.2063283" lon="1.6204773">
        <ele>0</ele>
        <time>2026-06-26T08:31:57Z</time>
        <name>1478</name>
        <extensions>
          <fulcrumtest:speed_mps>26.822400</fulcrumtest:speed_mps>
          <fulcrumtest:speed_mph>60.00</fulcrumtest:speed_mph>
        </extensions>
      </trkpt>
      <trkpt lat="52.2064789" lon="1.6202788">
        <ele>0</ele>
        <time>2026-06-26T08:31:57Z</time>
        <name>1479</name>
        <extensions>
          <fulcrumtest:speed_mps>26.822400</fulcrumtest:speed_mps>
          <fulcrumtest:speed_mph>60.00</fulcrumtest:speed_mph>
        </extensions>
      </trkpt>
      <trkpt lat="52.2066296" lon="1.6200504">
        <ele>0</ele>
        <time>2026-06-26T08:31:57Z</time>
        <name>1480</name>
        <extensions>
          <fulcrumtest:speed_mps>26.822400</fulcrumtest:speed_mps>
          <fulcrumtest:speed_mph>60.00</fulcrumtest:speed_mph>
        </extensions>
      </trkpt>
      <trkpt lat="52.2068702" lon="1.6191219">
        <ele>0</ele>
        <time>2026-06-26T08:32:00Z</time>
        <name>1481</name>
        <extensions>
          <fulcrumtest:speed_mps>26.822400</fulcrumtest:speed_mps>
          <fulcrumtest:speed_mph>60.00</fulcrumtest:speed_mph>
        </extensions>
      </trkpt>
      <trkpt lat="52.2069808" lon="1.6190034">
        <ele>0</ele>
        <time>2026-06-26T08:32:00Z</time>
        <name>1482</name>
        <extensions>
          <fulcrumtest:speed_mps>26.822400</fulcrumtest:speed_mps>
          <fulcrumtest:speed_mph>60.00</fulcrumtest:speed_mph>
        </extensions>
      </trkpt>
      <trkpt lat="52.2071714" lon="1.6184249">
        <ele>0</ele>
        <time>2026-06-26T08:32:01Z</time>
        <name>1483</name>
        <extensions>
          <fulcrumtest:speed_mps>26.822400</fulcrumtest:speed_mps>
          <fulcrumtest:speed_mph>60.00</fulcrumtest:speed_mph>
        </extensions>
      </trkpt>
      <trkpt lat="52.2073220" lon="1.6182164">
        <ele>0</ele>
        <time>2026-06-26T08:32:01Z</time>
        <name>1484</name>
        <extensions>
          <fulcrumtest:speed_mps>26.822400</fulcrumtest:speed_mps>
          <fulcrumtest:speed_mph>60.00</fulcrumtest:speed_mph>
        </extensions>
      </trkpt>
      <trkpt lat="52.2075327" lon="1.6179479">
        <ele>0</ele>
        <time>2026-06-26T08:32:02Z</time>
        <name>1485</name>
        <extensions>
          <fulcrumtest:speed_mps>26.822400</fulcrumtest:speed_mps>
          <fulcrumtest:speed_mph>60.00</fulcrumtest:speed_mph>
        </extensions>
      </trkpt>
      <trkpt lat="52.2077233" lon="1.6177894">
        <ele>0</ele>
        <time>2026-06-26T08:32:02Z</time>
        <name>1486</name>
        <extensions>
          <fulcrumtest:speed_mps>26.822400</fulcrumtest:speed_mps>
          <fulcrumtest:speed_mph>60.00</fulcrumtest:speed_mph>
        </extensions>
      </trkpt>
      <trkpt lat="52.2078839" lon="1.6176709">
        <ele>0</ele>
        <time>2026-06-26T08:32:03Z</time>
        <name>1487</name>
        <extensions>
          <fulcrumtest:speed_mps>26.822400</fulcrumtest:speed_mps>
          <fulcrumtest:speed_mph>60.00</fulcrumtest:speed_mph>
        </extensions>
      </trkpt>
      <trkpt lat="52.2080345" lon="1.6175824">
        <ele>0</ele>
        <time>2026-06-26T08:32:03Z</time>
        <name>1488</name>
        <extensions>
          <fulcrumtest:speed_mps>26.822400</fulcrumtest:speed_mps>
          <fulcrumtest:speed_mph>60.00</fulcrumtest:speed_mph>
        </extensions>
      </trkpt>
      <trkpt lat="52.2081451" lon="1.6174839">
        <ele>0</ele>
        <time>2026-06-26T08:32:03Z</time>
        <name>1489</name>
        <extensions>
          <fulcrumtest:speed_mps>26.822400</fulcrumtest:speed_mps>
          <fulcrumtest:speed_mph>60.00</fulcrumtest:speed_mph>
        </extensions>
      </trkpt>
      <trkpt lat="52.2084258" lon="1.6173954">
        <ele>0</ele>
        <time>2026-06-26T08:32:03Z</time>
        <name>1490</name>
        <extensions>
          <fulcrumtest:speed_mps>26.822400</fulcrumtest:speed_mps>
          <fulcrumtest:speed_mph>60.00</fulcrumtest:speed_mph>
        </extensions>
      </trkpt>
      <trkpt lat="52.2094264" lon="1.6173969">
        <ele>0</ele>
        <time>2026-06-26T08:32:07Z</time>
        <name>1491</name>
        <extensions>
          <fulcrumtest:speed_mps>26.822400</fulcrumtest:speed_mps>
          <fulcrumtest:speed_mph>60.00</fulcrumtest:speed_mph>
        </extensions>
      </trkpt>
      <trkpt lat="52.2096070" lon="1.6173084">
        <ele>0</ele>
        <time>2026-06-26T08:32:07Z</time>
        <name>1492</name>
        <extensions>
          <fulcrumtest:speed_mps>26.822400</fulcrumtest:speed_mps>
          <fulcrumtest:speed_mph>60.00</fulcrumtest:speed_mph>
        </extensions>
      </trkpt>
      <trkpt lat="52.2098376" lon="1.6172499">
        <ele>0</ele>
        <time>2026-06-26T08:32:08Z</time>
        <name>1493</name>
        <extensions>
          <fulcrumtest:speed_mps>26.822400</fulcrumtest:speed_mps>
          <fulcrumtest:speed_mph>60.00</fulcrumtest:speed_mph>
        </extensions>
      </trkpt>
      <trkpt lat="52.2100682" lon="1.6171814">
        <ele>0</ele>
        <time>2026-06-26T08:32:08Z</time>
        <name>1494</name>
        <extensions>
          <fulcrumtest:speed_mps>26.822400</fulcrumtest:speed_mps>
          <fulcrumtest:speed_mph>60.00</fulcrumtest:speed_mph>
        </extensions>
      </trkpt>
      <trkpt lat="52.2103988" lon="1.6171129">
        <ele>0</ele>
        <time>2026-06-26T08:32:09Z</time>
        <name>1495</name>
        <extensions>
          <fulcrumtest:speed_mps>26.822400</fulcrumtest:speed_mps>
          <fulcrumtest:speed_mph>60.00</fulcrumtest:speed_mph>
        </extensions>
      </trkpt>
      <trkpt lat="52.2106095" lon="1.6170244">
        <ele>0</ele>
        <time>2026-06-26T08:32:10Z</time>
        <name>1496</name>
        <extensions>
          <fulcrumtest:speed_mps>26.822400</fulcrumtest:speed_mps>
          <fulcrumtest:speed_mph>60.00</fulcrumtest:speed_mph>
        </extensions>
      </trkpt>
      <trkpt lat="52.2108101" lon="1.6169259">
        <ele>0</ele>
        <time>2026-06-26T08:32:10Z</time>
        <name>1497</name>
        <extensions>
          <fulcrumtest:speed_mps>26.822400</fulcrumtest:speed_mps>
          <fulcrumtest:speed_mph>60.00</fulcrumtest:speed_mph>
        </extensions>
      </trkpt>
      <trkpt lat="52.2115607" lon="1.6168374">
        <ele>0</ele>
        <time>2026-06-26T08:32:13Z</time>
        <name>1498</name>
        <extensions>
          <fulcrumtest:speed_mps>26.822400</fulcrumtest:speed_mps>
          <fulcrumtest:speed_mph>60.00</fulcrumtest:speed_mph>
        </extensions>
      </trkpt>
      <trkpt lat="52.2118513" lon="1.6167589">
        <ele>0</ele>
        <time>2026-06-26T08:32:14Z</time>
        <name>1499</name>
        <extensions>
          <fulcrumtest:speed_mps>26.822400</fulcrumtest:speed_mps>
          <fulcrumtest:speed_mph>60.00</fulcrumtest:speed_mph>
        </extensions>
      </trkpt>
      <trkpt lat="52.2123219" lon="1.6166704">
        <ele>0</ele>
        <time>2026-06-26T08:32:15Z</time>
        <name>1500</name>
        <extensions>
          <fulcrumtest:speed_mps>26.822400</fulcrumtest:speed_mps>
          <fulcrumtest:speed_mph>60.00</fulcrumtest:speed_mph>
        </extensions>
      </trkpt>
      <trkpt lat="52.2129526" lon="1.6166119">
        <ele>0</ele>
        <time>2026-06-26T08:32:17Z</time>
        <name>1501</name>
        <extensions>
          <fulcrumtest:speed_mps>26.822400</fulcrumtest:speed_mps>
          <fulcrumtest:speed_mph>60.00</fulcrumtest:speed_mph>
        </extensions>
      </trkpt>
      <trkpt lat="52.2131132" lon="1.6165335">
        <ele>0</ele>
        <time>2026-06-26T08:32:17Z</time>
        <name>1502</name>
        <extensions>
          <fulcrumtest:speed_mps>26.822400</fulcrumtest:speed_mps>
          <fulcrumtest:speed_mph>60.00</fulcrumtest:speed_mph>
        </extensions>
      </trkpt>
      <trkpt lat="52.2148438" lon="1.6166150">
        <ele>0</ele>
        <time>2026-06-26T08:32:24Z</time>
        <name>1503</name>
        <extensions>
          <fulcrumtest:speed_mps>26.822400</fulcrumtest:speed_mps>
          <fulcrumtest:speed_mph>60.00</fulcrumtest:speed_mph>
        </extensions>
      </trkpt>
      <trkpt lat="52.2159344" lon="1.6165865">
        <ele>0</ele>
        <time>2026-06-26T08:32:28Z</time>
        <name>1504</name>
        <extensions>
          <fulcrumtest:speed_mps>26.822400</fulcrumtest:speed_mps>
          <fulcrumtest:speed_mph>60.00</fulcrumtest:speed_mph>
        </extensions>
      </trkpt>
      <trkpt lat="52.2165850" lon="1.6165480">
        <ele>0</ele>
        <time>2026-06-26T08:32:30Z</time>
        <name>1505</name>
        <extensions>
          <fulcrumtest:speed_mps>26.822400</fulcrumtest:speed_mps>
          <fulcrumtest:speed_mph>60.00</fulcrumtest:speed_mph>
        </extensions>
      </trkpt>
      <trkpt lat="52.2167457" lon="1.6164695">
        <ele>0</ele>
        <time>2026-06-26T08:32:31Z</time>
        <name>1506</name>
        <extensions>
          <fulcrumtest:speed_mps>26.822400</fulcrumtest:speed_mps>
          <fulcrumtest:speed_mph>60.00</fulcrumtest:speed_mph>
        </extensions>
      </trkpt>
      <trkpt lat="52.2168663" lon="1.6163810">
        <ele>0</ele>
        <time>2026-06-26T08:32:31Z</time>
        <name>1507</name>
        <extensions>
          <fulcrumtest:speed_mps>26.822400</fulcrumtest:speed_mps>
          <fulcrumtest:speed_mph>60.00</fulcrumtest:speed_mph>
        </extensions>
      </trkpt>
      <trkpt lat="52.2172469" lon="1.6165525">
        <ele>0</ele>
        <time>2026-06-26T08:32:32Z</time>
        <name>1508</name>
        <extensions>
          <fulcrumtest:speed_mps>26.822400</fulcrumtest:speed_mps>
          <fulcrumtest:speed_mph>60.00</fulcrumtest:speed_mph>
        </extensions>
      </trkpt>
      <trkpt lat="52.2174075" lon="1.6165040">
        <ele>0</ele>
        <time>2026-06-26T08:32:32Z</time>
        <name>1509</name>
        <extensions>
          <fulcrumtest:speed_mps>26.822400</fulcrumtest:speed_mps>
          <fulcrumtest:speed_mph>60.00</fulcrumtest:speed_mph>
        </extensions>
      </trkpt>
      <trkpt lat="52.2184481" lon="1.6165355">
        <ele>0</ele>
        <time>2026-06-26T08:32:36Z</time>
        <name>1510</name>
        <extensions>
          <fulcrumtest:speed_mps>26.822400</fulcrumtest:speed_mps>
          <fulcrumtest:speed_mph>60.00</fulcrumtest:speed_mph>
        </extensions>
      </trkpt>
      <trkpt lat="52.2185488" lon="1.6168970">
        <ele>0</ele>
        <time>2026-06-26T08:32:37Z</time>
        <name>1511</name>
        <extensions>
          <fulcrumtest:speed_mps>26.822400</fulcrumtest:speed_mps>
          <fulcrumtest:speed_mph>60.00</fulcrumtest:speed_mph>
        </extensions>
      </trkpt>
      <trkpt lat="52.2181894" lon="1.6167885">
        <ele>0</ele>
        <time>2026-06-26T08:32:39Z</time>
        <name>1512</name>
        <extensions>
          <fulcrumtest:speed_mps>26.822400</fulcrumtest:speed_mps>
          <fulcrumtest:speed_mph>60.00</fulcrumtest:speed_mph>
        </extensions>
      </trkpt>
      <trkpt lat="52.2182800" lon="1.6174200">
        <ele>0</ele>
        <time>2026-06-26T08:32:41Z</time>
        <name>1513</name>
        <extensions>
          <fulcrumtest:speed_mps>26.822400</fulcrumtest:speed_mps>
          <fulcrumtest:speed_mph>60.00</fulcrumtest:speed_mph>
        </extensions>
      </trkpt>
    </trkseg>
  </trk>
</gpx>