<?xml version='1.0' encoding='utf-8'?>
<gpx xmlns="http://www.topografix.com/GPX/1/1" xmlns:xsi="http://www.w3.org/2001/XMLSchema-instance" creator="PIT Pathfinder" version="1.1" xsi:schemaLocation="http://www.topografix.com/GPX/1/1 http://www.topografix.com/GPX/1/1/gpx.xsd">
  <metadata>
    <name>Orwell Logistics Park to Sizewell C - Correct Compliance Route</name>
    <desc>OSRM generated driving route</desc>
    <time>2026-06-26T08:00:00.000Z</time>
  </metadata>
  <wpt lat="52.02628" lon="1.22374">
    <ele>0</ele>
    <name>Orwell Logistics Park, Nacton, Ipswich IP10 0DD</name>
    <cmt>Waypoint no: 1</cmt>
    <desc>This is waypoint no: 1</desc>
  </wpt>
  <wpt lat="52.21828" lon="1.61742">
    <ele>0</ele>
    <name>Sizewell C Power Station, Leiston, Suffolk</name>
    <cmt>Waypoint no: 2</cmt>
    <desc>This is waypoint no: 2</desc>
  </wpt>
  <trk>
    <name>Orwell Logistics Park to Sizewell C</name>
    <desc>This is track no: 1</desc>
    <number>1</number>
    <trkseg>
      <trkpt lat="52.02628" lon="1.22374">
        <ele>0</ele>
        <time>2026-06-26T08:00:00.000Z</time>
        <name>1</name>
        <extensions>
          <speed_mps>26.822</speed_mps>
          <speed_mph>60.0</speed_mph>
        </extensions>
      </trkpt>
      <trkpt lat="52.02616" lon="1.22424">
        <ele>0</ele>
        <time>2026-06-26T08:00:01.377Z</time>
        <name>2</name>
        <extensions>
          <speed_mps>26.822</speed_mps>
          <speed_mph>60.0</speed_mph>
        </extensions>
      </trkpt>
      <trkpt lat="52.02603" lon="1.22474">
        <ele>0</ele>
        <time>2026-06-26T08:00:02.755Z</time>
        <name>3</name>
        <extensions>
          <speed_mps>26.822</speed_mps>
          <speed_mph>60.0</speed_mph>
        </extensions>
      </trkpt>
      <trkpt lat="52.02590" lon="1.22524">
        <ele>0</ele>
        <time>2026-06-26T08:00:04.133Z</time>
        <name>4</name>
        <extensions>
          <speed_mps>26.822</speed_mps>
          <speed_mph>60.0</speed_mph>
        </extensions>
      </trkpt>
      <trkpt lat="52.02578" lon="1.22574">
        <ele>0</ele>
        <time>2026-06-26T08:00:05.510Z</time>
        <name>5</name>
        <extensions>
          <speed_mps>26.822</speed_mps>
          <speed_mph>60.0</speed_mph>
        </extensions>
      </trkpt>
      <trkpt lat="52.02578" lon="1.22628">
        <ele>0</ele>
        <time>2026-06-26T08:00:06.867Z</time>
        <name>6</name>
        <extensions>
          <speed_mps>26.822</speed_mps>
          <speed_mph>60.0</speed_mph>
        </extensions>
      </trkpt>
      <trkpt lat="52.02586" lon="1.22680">
        <ele>0</ele>
        <time>2026-06-26T08:00:08.243Z</time>
        <name>7</name>
        <extensions>
          <speed_mps>26.822</speed_mps>
          <speed_mph>60.0</speed_mph>
        </extensions>
      </trkpt>
      <trkpt lat="52.02579" lon="1.22732">
        <ele>0</ele>
        <time>2026-06-26T08:00:09.599Z</time>
        <name>8</name>
        <extensions>
          <speed_mps>26.822</speed_mps>
          <speed_mph>60.0</speed_mph>
        </extensions>
      </trkpt>
      <trkpt lat="52.02557" lon="1.22772">
        <ele>0</ele>
        <time>2026-06-26T08:00:10.968Z</time>
        <name>9</name>
        <extensions>
          <speed_mps>26.822</speed_mps>
          <speed_mph>60.0</speed_mph>
        </extensions>
      </trkpt>
      <trkpt lat="52.02534" lon="1.22800">
        <ele>0</ele>
        <time>2026-06-26T08:00:12.156Z</time>
        <name>10</name>
        <extensions>
          <speed_mps>26.822</speed_mps>
          <speed_mph>60.0</speed_mph>
        </extensions>
      </trkpt>
      <trkpt lat="52.02525" lon="1.22751">
        <ele>0</ele>
        <time>2026-06-26T08:00:13.473Z</time>
        <name>11</name>
        <extensions>
          <speed_mps>26.822</speed_mps>
          <speed_mph>60.0</speed_mph>
        </extensions>
      </trkpt>
      <trkpt lat="52.02503" lon="1.22711">
        <ele>0</ele>
        <time>2026-06-26T08:00:14.822Z</time>
        <name>12</name>
        <extensions>
          <speed_mps>26.822</speed_mps>
          <speed_mph>60.0</speed_mph>
        </extensions>
      </trkpt>
      <trkpt lat="52.02471" lon="1.22702">
        <ele>0</ele>
        <time>2026-06-26T08:00:16.142Z</time>
        <name>13</name>
        <extensions>
          <speed_mps>26.822</speed_mps>
          <speed_mph>60.0</speed_mph>
        </extensions>
      </trkpt>
      <trkpt lat="52.02450" lon="1.22739">
        <ele>0</ele>
        <time>2026-06-26T08:00:17.442Z</time>
        <name>14</name>
        <extensions>
          <speed_mps>26.822</speed_mps>
          <speed_mph>60.0</speed_mph>
        </extensions>
      </trkpt>
      <trkpt lat="52.02437" lon="1.22788">
        <ele>0</ele>
        <time>2026-06-26T08:00:18.811Z</time>
        <name>15</name>
        <extensions>
          <speed_mps>26.822</speed_mps>
          <speed_mph>60.0</speed_mph>
        </extensions>
      </trkpt>
      <trkpt lat="52.02429" lon="1.22841">
        <ele>0</ele>
        <time>2026-06-26T08:00:20.189Z</time>
        <name>16</name>
        <extensions>
          <speed_mps>26.822</speed_mps>
          <speed_mph>60.0</speed_mph>
        </extensions>
      </trkpt>
      <trkpt lat="52.02423" lon="1.22894">
        <ele>0</ele>
        <time>2026-06-26T08:00:21.567Z</time>
        <name>17</name>
        <extensions>
          <speed_mps>26.822</speed_mps>
          <speed_mph>60.0</speed_mph>
        </extensions>
      </trkpt>
      <trkpt lat="52.02419" lon="1.22948">
        <ele>0</ele>
        <time>2026-06-26T08:00:22.944Z</time>
        <name>18</name>
        <extensions>
          <speed_mps>26.822</speed_mps>
          <speed_mph>60.0</speed_mph>
        </extensions>
      </trkpt>
      <trkpt lat="52.02417" lon="1.23001">
        <ele>0</ele>
        <time>2026-06-26T08:00:24.320Z</time>
        <name>19</name>
        <extensions>
          <speed_mps>26.822</speed_mps>
          <speed_mph>60.0</speed_mph>
        </extensions>
      </trkpt>
      <trkpt lat="52.02416" lon="1.23055">
        <ele>0</ele>
        <time>2026-06-26T08:00:25.698Z</time>
        <name>20</name>
        <extensions>
          <speed_mps>26.822</speed_mps>
          <speed_mph>60.0</speed_mph>
        </extensions>
      </trkpt>
      <trkpt lat="52.02418" lon="1.23109">
        <ele>0</ele>
        <time>2026-06-26T08:00:27.073Z</time>
        <name>21</name>
        <extensions>
          <speed_mps>26.822</speed_mps>
          <speed_mph>60.0</speed_mph>
        </extensions>
      </trkpt>
      <trkpt lat="52.02422" lon="1.23163">
        <ele>0</ele>
        <time>2026-06-26T08:00:28.451Z</time>
        <name>22</name>
        <extensions>
          <speed_mps>26.822</speed_mps>
          <speed_mph>60.0</speed_mph>
        </extensions>
      </trkpt>
      <trkpt lat="52.02427" lon="1.23216">
        <ele>0</ele>
        <time>2026-06-26T08:00:29.828Z</time>
        <name>23</name>
        <extensions>
          <speed_mps>26.822</speed_mps>
          <speed_mph>60.0</speed_mph>
        </extensions>
      </trkpt>
      <trkpt lat="52.02434" lon="1.23269">
        <ele>0</ele>
        <time>2026-06-26T08:00:31.205Z</time>
        <name>24</name>
        <extensions>
          <speed_mps>26.822</speed_mps>
          <speed_mph>60.0</speed_mph>
        </extensions>
      </trkpt>
      <trkpt lat="52.02445" lon="1.23320">
        <ele>0</ele>
        <time>2026-06-26T08:00:32.582Z</time>
        <name>25</name>
        <extensions>
          <speed_mps>26.822</speed_mps>
          <speed_mph>60.0</speed_mph>
        </extensions>
      </trkpt>
      <trkpt lat="52.02456" lon="1.23371">
        <ele>0</ele>
        <time>2026-06-26T08:00:33.960Z</time>
        <name>26</name>
        <extensions>
          <speed_mps>26.822</speed_mps>
          <speed_mph>60.0</speed_mph>
        </extensions>
      </trkpt>
      <trkpt lat="52.02469" lon="1.23420">
        <ele>0</ele>
        <time>2026-06-26T08:00:35.337Z</time>
        <name>27</name>
        <extensions>
          <speed_mps>26.822</speed_mps>
          <speed_mph>60.0</speed_mph>
        </extensions>
      </trkpt>
      <trkpt lat="52.02484" lon="1.23469">
        <ele>0</ele>
        <time>2026-06-26T08:00:36.714Z</time>
        <name>28</name>
        <extensions>
          <speed_mps>26.822</speed_mps>
          <speed_mph>60.0</speed_mph>
        </extensions>
      </trkpt>
      <trkpt lat="52.02499" lon="1.23517">
        <ele>0</ele>
        <time>2026-06-26T08:00:38.092Z</time>
        <name>29</name>
        <extensions>
          <speed_mps>26.822</speed_mps>
          <speed_mph>60.0</speed_mph>
        </extensions>
      </trkpt>
      <trkpt lat="52.02515" lon="1.23564">
        <ele>0</ele>
        <time>2026-06-26T08:00:39.469Z</time>
        <name>30</name>
        <extensions>
          <speed_mps>26.822</speed_mps>
          <speed_mph>60.0</speed_mph>
        </extensions>
      </trkpt>
      <trkpt lat="52.02531" lon="1.23612">
        <ele>0</ele>
        <time>2026-06-26T08:00:40.847Z</time>
        <name>31</name>
        <extensions>
          <speed_mps>26.822</speed_mps>
          <speed_mph>60.0</speed_mph>
        </extensions>
      </trkpt>
      <trkpt lat="52.02547" lon="1.23659">
        <ele>0</ele>
        <time>2026-06-26T08:00:42.225Z</time>
        <name>32</name>
        <extensions>
          <speed_mps>26.822</speed_mps>
          <speed_mph>60.0</speed_mph>
        </extensions>
      </trkpt>
      <trkpt lat="52.02563" lon="1.23707">
        <ele>0</ele>
        <time>2026-06-26T08:00:43.603Z</time>
        <name>33</name>
        <extensions>
          <speed_mps>26.822</speed_mps>
          <speed_mph>60.0</speed_mph>
        </extensions>
      </trkpt>
      <trkpt lat="52.02580" lon="1.23753">
        <ele>0</ele>
        <time>2026-06-26T08:00:44.980Z</time>
        <name>34</name>
        <extensions>
          <speed_mps>26.822</speed_mps>
          <speed_mph>60.0</speed_mph>
        </extensions>
      </trkpt>
      <trkpt lat="52.02597" lon="1.23799">
        <ele>0</ele>
        <time>2026-06-26T08:00:46.358Z</time>
        <name>35</name>
        <extensions>
          <speed_mps>26.822</speed_mps>
          <speed_mph>60.0</speed_mph>
        </extensions>
      </trkpt>
      <trkpt lat="52.02614" lon="1.23846">
        <ele>0</ele>
        <time>2026-06-26T08:00:47.736Z</time>
        <name>36</name>
        <extensions>
          <speed_mps>26.822</speed_mps>
          <speed_mph>60.0</speed_mph>
        </extensions>
      </trkpt>
      <trkpt lat="52.02631" lon="1.23892">
        <ele>0</ele>
        <time>2026-06-26T08:00:49.114Z</time>
        <name>37</name>
        <extensions>
          <speed_mps>26.822</speed_mps>
          <speed_mph>60.0</speed_mph>
        </extensions>
      </trkpt>
      <trkpt lat="52.02648" lon="1.23938">
        <ele>0</ele>
        <time>2026-06-26T08:00:50.491Z</time>
        <name>38</name>
        <extensions>
          <speed_mps>26.822</speed_mps>
          <speed_mph>60.0</speed_mph>
        </extensions>
      </trkpt>
      <trkpt lat="52.02665" lon="1.23984">
        <ele>0</ele>
        <time>2026-06-26T08:00:51.869Z</time>
        <name>39</name>
        <extensions>
          <speed_mps>26.822</speed_mps>
          <speed_mph>60.0</speed_mph>
        </extensions>
      </trkpt>
      <trkpt lat="52.02683" lon="1.24031">
        <ele>0</ele>
        <time>2026-06-26T08:00:53.247Z</time>
        <name>40</name>
        <extensions>
          <speed_mps>26.822</speed_mps>
          <speed_mph>60.0</speed_mph>
        </extensions>
      </trkpt>
      <trkpt lat="52.02700" lon="1.24077">
        <ele>0</ele>
        <time>2026-06-26T08:00:54.624Z</time>
        <name>41</name>
        <extensions>
          <speed_mps>26.822</speed_mps>
          <speed_mph>60.0</speed_mph>
        </extensions>
      </trkpt>
      <trkpt lat="52.02717" lon="1.24123">
        <ele>0</ele>
        <time>2026-06-26T08:00:56.002Z</time>
        <name>42</name>
        <extensions>
          <speed_mps>26.822</speed_mps>
          <speed_mph>60.0</speed_mph>
        </extensions>
      </trkpt>
      <trkpt lat="52.02732" lon="1.24171">
        <ele>0</ele>
        <time>2026-06-26T08:00:57.380Z</time>
        <name>43</name>
        <extensions>
          <speed_mps>26.822</speed_mps>
          <speed_mph>60.0</speed_mph>
        </extensions>
      </trkpt>
      <trkpt lat="52.02747" lon="1.24219">
        <ele>0</ele>
        <time>2026-06-26T08:00:58.756Z</time>
        <name>44</name>
        <extensions>
          <speed_mps>26.822</speed_mps>
          <speed_mph>60.0</speed_mph>
        </extensions>
      </trkpt>
      <trkpt lat="52.02759" lon="1.24270">
        <ele>0</ele>
        <time>2026-06-26T08:01:00.134Z</time>
        <name>45</name>
        <extensions>
          <speed_mps>26.822</speed_mps>
          <speed_mph>60.0</speed_mph>
        </extensions>
      </trkpt>
      <trkpt lat="52.02771" lon="1.24320">
        <ele>0</ele>
        <time>2026-06-26T08:01:01.511Z</time>
        <name>46</name>
        <extensions>
          <speed_mps>26.822</speed_mps>
          <speed_mph>60.0</speed_mph>
        </extensions>
      </trkpt>
      <trkpt lat="52.02781" lon="1.24372">
        <ele>0</ele>
        <time>2026-06-26T08:01:02.889Z</time>
        <name>47</name>
        <extensions>
          <speed_mps>26.822</speed_mps>
          <speed_mph>60.0</speed_mph>
        </extensions>
      </trkpt>
      <trkpt lat="52.02789" lon="1.24424">
        <ele>0</ele>
        <time>2026-06-26T08:01:04.264Z</time>
        <name>48</name>
        <extensions>
          <speed_mps>26.822</speed_mps>
          <speed_mph>60.0</speed_mph>
        </extensions>
      </trkpt>
      <trkpt lat="52.02794" lon="1.24477">
        <ele>0</ele>
        <time>2026-06-26T08:01:05.641Z</time>
        <name>49</name>
        <extensions>
          <speed_mps>26.822</speed_mps>
          <speed_mph>60.0</speed_mph>
        </extensions>
      </trkpt>
      <trkpt lat="52.02799" lon="1.24531">
        <ele>0</ele>
        <time>2026-06-26T08:01:07.017Z</time>
        <name>50</name>
        <extensions>
          <speed_mps>26.822</speed_mps>
          <speed_mph>60.0</speed_mph>
        </extensions>
      </trkpt>
      <trkpt lat="52.02801" lon="1.24585">
        <ele>0</ele>
        <time>2026-06-26T08:01:08.395Z</time>
        <name>51</name>
        <extensions>
          <speed_mps>26.822</speed_mps>
          <speed_mph>60.0</speed_mph>
        </extensions>
      </trkpt>
      <trkpt lat="52.02801" lon="1.24639">
        <ele>0</ele>
        <time>2026-06-26T08:01:09.771Z</time>
        <name>52</name>
        <extensions>
          <speed_mps>26.822</speed_mps>
          <speed_mph>60.0</speed_mph>
        </extensions>
      </trkpt>
      <trkpt lat="52.02800" lon="1.24693">
        <ele>0</ele>
        <time>2026-06-26T08:01:11.149Z</time>
        <name>53</name>
        <extensions>
          <speed_mps>26.822</speed_mps>
          <speed_mph>60.0</speed_mph>
        </extensions>
      </trkpt>
      <trkpt lat="52.02797" lon="1.24746">
        <ele>0</ele>
        <time>2026-06-26T08:01:12.526Z</time>
        <name>54</name>
        <extensions>
          <speed_mps>26.822</speed_mps>
          <speed_mph>60.0</speed_mph>
        </extensions>
      </trkpt>
      <trkpt lat="52.02792" lon="1.24800">
        <ele>0</ele>
        <time>2026-06-26T08:01:13.902Z</time>
        <name>55</name>
        <extensions>
          <speed_mps>26.822</speed_mps>
          <speed_mph>60.0</speed_mph>
        </extensions>
      </trkpt>
      <trkpt lat="52.02786" lon="1.24853">
        <ele>0</ele>
        <time>2026-06-26T08:01:15.280Z</time>
        <name>56</name>
        <extensions>
          <speed_mps>26.822</speed_mps>
          <speed_mph>60.0</speed_mph>
        </extensions>
      </trkpt>
      <trkpt lat="52.02783" lon="1.24907">
        <ele>0</ele>
        <time>2026-06-26T08:01:16.654Z</time>
        <name>57</name>
        <extensions>
          <speed_mps>26.822</speed_mps>
          <speed_mph>60.0</speed_mph>
        </extensions>
      </trkpt>
      <trkpt lat="52.02777" lon="1.24959">
        <ele>0</ele>
        <time>2026-06-26T08:01:18.027Z</time>
        <name>58</name>
        <extensions>
          <speed_mps>26.822</speed_mps>
          <speed_mph>60.0</speed_mph>
        </extensions>
      </trkpt>
      <trkpt lat="52.02768" lon="1.25011">
        <ele>0</ele>
        <time>2026-06-26T08:01:19.405Z</time>
        <name>59</name>
        <extensions>
          <speed_mps>26.822</speed_mps>
          <speed_mph>60.0</speed_mph>
        </extensions>
      </trkpt>
      <trkpt lat="52.02759" lon="1.25063">
        <ele>0</ele>
        <time>2026-06-26T08:01:20.783Z</time>
        <name>60</name>
        <extensions>
          <speed_mps>26.822</speed_mps>
          <speed_mph>60.0</speed_mph>
        </extensions>
      </trkpt>
      <trkpt lat="52.02749" lon="1.25115">
        <ele>0</ele>
        <time>2026-06-26T08:01:22.161Z</time>
        <name>61</name>
        <extensions>
          <speed_mps>26.822</speed_mps>
          <speed_mph>60.0</speed_mph>
        </extensions>
      </trkpt>
      <trkpt lat="52.02739" lon="1.25166">
        <ele>0</ele>
        <time>2026-06-26T08:01:23.538Z</time>
        <name>62</name>
        <extensions>
          <speed_mps>26.822</speed_mps>
          <speed_mph>60.0</speed_mph>
        </extensions>
      </trkpt>
      <trkpt lat="52.02728" lon="1.25218">
        <ele>0</ele>
        <time>2026-06-26T08:01:24.916Z</time>
        <name>63</name>
        <extensions>
          <speed_mps>26.822</speed_mps>
          <speed_mph>60.0</speed_mph>
        </extensions>
      </trkpt>
      <trkpt lat="52.02718" lon="1.25269">
        <ele>0</ele>
        <time>2026-06-26T08:01:26.294Z</time>
        <name>64</name>
        <extensions>
          <speed_mps>26.822</speed_mps>
          <speed_mph>60.0</speed_mph>
        </extensions>
      </trkpt>
      <trkpt lat="52.02707" lon="1.25320">
        <ele>0</ele>
        <time>2026-06-26T08:01:27.671Z</time>
        <name>65</name>
        <extensions>
          <speed_mps>26.822</speed_mps>
          <speed_mph>60.0</speed_mph>
        </extensions>
      </trkpt>
      <trkpt lat="52.02696" lon="1.25371">
        <ele>0</ele>
        <time>2026-06-26T08:01:29.049Z</time>
        <name>66</name>
        <extensions>
          <speed_mps>26.822</speed_mps>
          <speed_mph>60.0</speed_mph>
        </extensions>
      </trkpt>
      <trkpt lat="52.02688" lon="1.25423">
        <ele>0</ele>
        <time>2026-06-26T08:01:30.423Z</time>
        <name>67</name>
        <extensions>
          <speed_mps>26.822</speed_mps>
          <speed_mph>60.0</speed_mph>
        </extensions>
      </trkpt>
      <trkpt lat="52.02691" lon="1.25477">
        <ele>0</ele>
        <time>2026-06-26T08:01:31.791Z</time>
        <name>68</name>
        <extensions>
          <speed_mps>26.822</speed_mps>
          <speed_mph>60.0</speed_mph>
        </extensions>
      </trkpt>
      <trkpt lat="52.02703" lon="1.25527">
        <ele>0</ele>
        <time>2026-06-26T08:01:33.163Z</time>
        <name>69</name>
        <extensions>
          <speed_mps>26.822</speed_mps>
          <speed_mph>60.0</speed_mph>
        </extensions>
      </trkpt>
      <trkpt lat="52.02724" lon="1.25567">
        <ele>0</ele>
        <time>2026-06-26T08:01:34.514Z</time>
        <name>70</name>
        <extensions>
          <speed_mps>26.822</speed_mps>
          <speed_mph>60.0</speed_mph>
        </extensions>
      </trkpt>
      <trkpt lat="52.02752" lon="1.25596">
        <ele>0</ele>
        <time>2026-06-26T08:01:35.883Z</time>
        <name>71</name>
        <extensions>
          <speed_mps>26.822</speed_mps>
          <speed_mph>60.0</speed_mph>
        </extensions>
      </trkpt>
      <trkpt lat="52.02782" lon="1.25620">
        <ele>0</ele>
        <time>2026-06-26T08:01:37.261Z</time>
        <name>72</name>
        <extensions>
          <speed_mps>26.822</speed_mps>
          <speed_mph>60.0</speed_mph>
        </extensions>
      </trkpt>
      <trkpt lat="52.02812" lon="1.25642">
        <ele>0</ele>
        <time>2026-06-26T08:01:38.638Z</time>
        <name>73</name>
        <extensions>
          <speed_mps>26.822</speed_mps>
          <speed_mph>60.0</speed_mph>
        </extensions>
      </trkpt>
      <trkpt lat="52.02843" lon="1.25663">
        <ele>0</ele>
        <time>2026-06-26T08:01:40.015Z</time>
        <name>74</name>
        <extensions>
          <speed_mps>26.822</speed_mps>
          <speed_mph>60.0</speed_mph>
        </extensions>
      </trkpt>
      <trkpt lat="52.02874" lon="1.25682">
        <ele>0</ele>
        <time>2026-06-26T08:01:41.393Z</time>
        <name>75</name>
        <extensions>
          <speed_mps>26.822</speed_mps>
          <speed_mph>60.0</speed_mph>
        </extensions>
      </trkpt>
      <trkpt lat="52.02905" lon="1.25700">
        <ele>0</ele>
        <time>2026-06-26T08:01:42.771Z</time>
        <name>76</name>
        <extensions>
          <speed_mps>26.822</speed_mps>
          <speed_mph>60.0</speed_mph>
        </extensions>
      </trkpt>
      <trkpt lat="52.02937" lon="1.25715">
        <ele>0</ele>
        <time>2026-06-26T08:01:44.148Z</time>
        <name>77</name>
        <extensions>
          <speed_mps>26.822</speed_mps>
          <speed_mph>60.0</speed_mph>
        </extensions>
      </trkpt>
      <trkpt lat="52.02969" lon="1.25729">
        <ele>0</ele>
        <time>2026-06-26T08:01:45.526Z</time>
        <name>78</name>
        <extensions>
          <speed_mps>26.822</speed_mps>
          <speed_mph>60.0</speed_mph>
        </extensions>
      </trkpt>
      <trkpt lat="52.03002" lon="1.25740">
        <ele>0</ele>
        <time>2026-06-26T08:01:46.903Z</time>
        <name>79</name>
        <extensions>
          <speed_mps>26.822</speed_mps>
          <speed_mph>60.0</speed_mph>
        </extensions>
      </trkpt>
      <trkpt lat="52.03034" lon="1.25750">
        <ele>0</ele>
        <time>2026-06-26T08:01:48.281Z</time>
        <name>80</name>
        <extensions>
          <speed_mps>26.822</speed_mps>
          <speed_mph>60.0</speed_mph>
        </extensions>
      </trkpt>
      <trkpt lat="52.03067" lon="1.25758">
        <ele>0</ele>
        <time>2026-06-26T08:01:49.658Z</time>
        <name>81</name>
        <extensions>
          <speed_mps>26.822</speed_mps>
          <speed_mph>60.0</speed_mph>
        </extensions>
      </trkpt>
      <trkpt lat="52.03100" lon="1.25764">
        <ele>0</ele>
        <time>2026-06-26T08:01:51.036Z</time>
        <name>82</name>
        <extensions>
          <speed_mps>26.822</speed_mps>
          <speed_mph>60.0</speed_mph>
        </extensions>
      </trkpt>
      <trkpt lat="52.03133" lon="1.25769">
        <ele>0</ele>
        <time>2026-06-26T08:01:52.413Z</time>
        <name>83</name>
        <extensions>
          <speed_mps>26.822</speed_mps>
          <speed_mph>60.0</speed_mph>
        </extensions>
      </trkpt>
      <trkpt lat="52.03166" lon="1.25773">
        <ele>0</ele>
        <time>2026-06-26T08:01:53.791Z</time>
        <name>84</name>
        <extensions>
          <speed_mps>26.822</speed_mps>
          <speed_mph>60.0</speed_mph>
        </extensions>
      </trkpt>
      <trkpt lat="52.03199" lon="1.25777">
        <ele>0</ele>
        <time>2026-06-26T08:01:55.169Z</time>
        <name>85</name>
        <extensions>
          <speed_mps>26.822</speed_mps>
          <speed_mph>60.0</speed_mph>
        </extensions>
      </trkpt>
      <trkpt lat="52.03233" lon="1.25781">
        <ele>0</ele>
        <time>2026-06-26T08:01:56.547Z</time>
        <name>86</name>
        <extensions>
          <speed_mps>26.822</speed_mps>
          <speed_mph>60.0</speed_mph>
        </extensions>
      </trkpt>
      <trkpt lat="52.03266" lon="1.25785">
        <ele>0</ele>
        <time>2026-06-26T08:01:57.924Z</time>
        <name>87</name>
        <extensions>
          <speed_mps>26.822</speed_mps>
          <speed_mph>60.0</speed_mph>
        </extensions>
      </trkpt>
      <trkpt lat="52.03299" lon="1.25792">
        <ele>0</ele>
        <time>2026-06-26T08:01:59.302Z</time>
        <name>88</name>
        <extensions>
          <speed_mps>26.822</speed_mps>
          <speed_mph>60.0</speed_mph>
        </extensions>
      </trkpt>
      <trkpt lat="52.03332" lon="1.25799">
        <ele>0</ele>
        <time>2026-06-26T08:02:00.679Z</time>
        <name>89</name>
        <extensions>
          <speed_mps>26.822</speed_mps>
          <speed_mph>60.0</speed_mph>
        </extensions>
      </trkpt>
      <trkpt lat="52.03364" lon="1.25809">
        <ele>0</ele>
        <time>2026-06-26T08:02:02.057Z</time>
        <name>90</name>
        <extensions>
          <speed_mps>26.822</speed_mps>
          <speed_mph>60.0</speed_mph>
        </extensions>
      </trkpt>
      <trkpt lat="52.03397" lon="1.25820">
        <ele>0</ele>
        <time>2026-06-26T08:02:03.434Z</time>
        <name>91</name>
        <extensions>
          <speed_mps>26.822</speed_mps>
          <speed_mph>60.0</speed_mph>
        </extensions>
      </trkpt>
      <trkpt lat="52.03429" lon="1.25833">
        <ele>0</ele>
        <time>2026-06-26T08:02:04.812Z</time>
        <name>92</name>
        <extensions>
          <speed_mps>26.822</speed_mps>
          <speed_mph>60.0</speed_mph>
        </extensions>
      </trkpt>
      <trkpt lat="52.03461" lon="1.25848">
        <ele>0</ele>
        <time>2026-06-26T08:02:06.189Z</time>
        <name>93</name>
        <extensions>
          <speed_mps>26.822</speed_mps>
          <speed_mph>60.0</speed_mph>
        </extensions>
      </trkpt>
      <trkpt lat="52.03492" lon="1.25865">
        <ele>0</ele>
        <time>2026-06-26T08:02:07.567Z</time>
        <name>94</name>
        <extensions>
          <speed_mps>26.822</speed_mps>
          <speed_mph>60.0</speed_mph>
        </extensions>
      </trkpt>
      <trkpt lat="52.03524" lon="1.25883">
        <ele>0</ele>
        <time>2026-06-26T08:02:08.945Z</time>
        <name>95</name>
        <extensions>
          <speed_mps>26.822</speed_mps>
          <speed_mph>60.0</speed_mph>
        </extensions>
      </trkpt>
      <trkpt lat="52.03555" lon="1.25901">
        <ele>0</ele>
        <time>2026-06-26T08:02:10.322Z</time>
        <name>96</name>
        <extensions>
          <speed_mps>26.822</speed_mps>
          <speed_mph>60.0</speed_mph>
        </extensions>
      </trkpt>
      <trkpt lat="52.03587" lon="1.25919">
        <ele>0</ele>
        <time>2026-06-26T08:02:11.700Z</time>
        <name>97</name>
        <extensions>
          <speed_mps>26.822</speed_mps>
          <speed_mph>60.0</speed_mph>
        </extensions>
      </trkpt>
      <trkpt lat="52.03618" lon="1.25938">
        <ele>0</ele>
        <time>2026-06-26T08:02:13.078Z</time>
        <name>98</name>
        <extensions>
          <speed_mps>26.822</speed_mps>
          <speed_mph>60.0</speed_mph>
        </extensions>
      </trkpt>
      <trkpt lat="52.03649" lon="1.25958">
        <ele>0</ele>
        <time>2026-06-26T08:02:14.455Z</time>
        <name>99</name>
        <extensions>
          <speed_mps>26.822</speed_mps>
          <speed_mph>60.0</speed_mph>
        </extensions>
      </trkpt>
      <trkpt lat="52.03679" lon="1.25979">
        <ele>0</ele>
        <time>2026-06-26T08:02:15.833Z</time>
        <name>100</name>
        <extensions>
          <speed_mps>26.822</speed_mps>
          <speed_mph>60.0</speed_mph>
        </extensions>
      </trkpt>
      <trkpt lat="52.03710" lon="1.26000">
        <ele>0</ele>
        <time>2026-06-26T08:02:17.211Z</time>
        <name>101</name>
        <extensions>
          <speed_mps>26.822</speed_mps>
          <speed_mph>60.0</speed_mph>
        </extensions>
      </trkpt>
      <trkpt lat="52.03740" lon="1.26021">
        <ele>0</ele>
        <time>2026-06-26T08:02:18.588Z</time>
        <name>102</name>
        <extensions>
          <speed_mps>26.822</speed_mps>
          <speed_mph>60.0</speed_mph>
        </extensions>
      </trkpt>
      <trkpt lat="52.03771" lon="1.26043">
        <ele>0</ele>
        <time>2026-06-26T08:02:19.966Z</time>
        <name>103</name>
        <extensions>
          <speed_mps>26.822</speed_mps>
          <speed_mph>60.0</speed_mph>
        </extensions>
      </trkpt>
      <trkpt lat="52.03801" lon="1.26066">
        <ele>0</ele>
        <time>2026-06-26T08:02:21.344Z</time>
        <name>104</name>
        <extensions>
          <speed_mps>26.822</speed_mps>
          <speed_mph>60.0</speed_mph>
        </extensions>
      </trkpt>
      <trkpt lat="52.03831" lon="1.26090">
        <ele>0</ele>
        <time>2026-06-26T08:02:22.722Z</time>
        <name>105</name>
        <extensions>
          <speed_mps>26.822</speed_mps>
          <speed_mph>60.0</speed_mph>
        </extensions>
      </trkpt>
      <trkpt lat="52.03860" lon="1.26114">
        <ele>0</ele>
        <time>2026-06-26T08:02:24.099Z</time>
        <name>106</name>
        <extensions>
          <speed_mps>26.822</speed_mps>
          <speed_mph>60.0</speed_mph>
        </extensions>
      </trkpt>
      <trkpt lat="52.03890" lon="1.26139">
        <ele>0</ele>
        <time>2026-06-26T08:02:25.477Z</time>
        <name>107</name>
        <extensions>
          <speed_mps>26.822</speed_mps>
          <speed_mph>60.0</speed_mph>
        </extensions>
      </trkpt>
      <trkpt lat="52.03919" lon="1.26166">
        <ele>0</ele>
        <time>2026-06-26T08:02:26.855Z</time>
        <name>108</name>
        <extensions>
          <speed_mps>26.822</speed_mps>
          <speed_mph>60.0</speed_mph>
        </extensions>
      </trkpt>
      <trkpt lat="52.03947" lon="1.26193">
        <ele>0</ele>
        <time>2026-06-26T08:02:28.232Z</time>
        <name>109</name>
        <extensions>
          <speed_mps>26.822</speed_mps>
          <speed_mph>60.0</speed_mph>
        </extensions>
      </trkpt>
      <trkpt lat="52.03976" lon="1.26220">
        <ele>0</ele>
        <time>2026-06-26T08:02:29.610Z</time>
        <name>110</name>
        <extensions>
          <speed_mps>26.822</speed_mps>
          <speed_mph>60.0</speed_mph>
        </extensions>
      </trkpt>
      <trkpt lat="52.04004" lon="1.26249">
        <ele>0</ele>
        <time>2026-06-26T08:02:30.988Z</time>
        <name>111</name>
        <extensions>
          <speed_mps>26.822</speed_mps>
          <speed_mph>60.0</speed_mph>
        </extensions>
      </trkpt>
      <trkpt lat="52.04032" lon="1.26278">
        <ele>0</ele>
        <time>2026-06-26T08:02:32.366Z</time>
        <name>112</name>
        <extensions>
          <speed_mps>26.822</speed_mps>
          <speed_mph>60.0</speed_mph>
        </extensions>
      </trkpt>
      <trkpt lat="52.04060" lon="1.26308">
        <ele>0</ele>
        <time>2026-06-26T08:02:33.743Z</time>
        <name>113</name>
        <extensions>
          <speed_mps>26.822</speed_mps>
          <speed_mph>60.0</speed_mph>
        </extensions>
      </trkpt>
      <trkpt lat="52.04087" lon="1.26338">
        <ele>0</ele>
        <time>2026-06-26T08:02:35.121Z</time>
        <name>114</name>
        <extensions>
          <speed_mps>26.822</speed_mps>
          <speed_mph>60.0</speed_mph>
        </extensions>
      </trkpt>
      <trkpt lat="52.04114" lon="1.26372">
        <ele>0</ele>
        <time>2026-06-26T08:02:36.499Z</time>
        <name>115</name>
        <extensions>
          <speed_mps>26.822</speed_mps>
          <speed_mph>60.0</speed_mph>
        </extensions>
      </trkpt>
      <trkpt lat="52.04139" lon="1.26406">
        <ele>0</ele>
        <time>2026-06-26T08:02:37.875Z</time>
        <name>116</name>
        <extensions>
          <speed_mps>26.822</speed_mps>
          <speed_mph>60.0</speed_mph>
        </extensions>
      </trkpt>
      <trkpt lat="52.04164" lon="1.26443">
        <ele>0</ele>
        <time>2026-06-26T08:02:39.253Z</time>
        <name>117</name>
        <extensions>
          <speed_mps>26.822</speed_mps>
          <speed_mph>60.0</speed_mph>
        </extensions>
      </trkpt>
      <trkpt lat="52.04188" lon="1.26480">
        <ele>0</ele>
        <time>2026-06-26T08:02:40.631Z</time>
        <name>118</name>
        <extensions>
          <speed_mps>26.822</speed_mps>
          <speed_mph>60.0</speed_mph>
        </extensions>
      </trkpt>
      <trkpt lat="52.04212" lon="1.26517">
        <ele>0</ele>
        <time>2026-06-26T08:02:42.009Z</time>
        <name>119</name>
        <extensions>
          <speed_mps>26.822</speed_mps>
          <speed_mph>60.0</speed_mph>
        </extensions>
      </trkpt>
      <trkpt lat="52.04235" lon="1.26555">
        <ele>0</ele>
        <time>2026-06-26T08:02:43.386Z</time>
        <name>120</name>
        <extensions>
          <speed_mps>26.822</speed_mps>
          <speed_mph>60.0</speed_mph>
        </extensions>
      </trkpt>
      <trkpt lat="52.04259" lon="1.26594">
        <ele>0</ele>
        <time>2026-06-26T08:02:44.764Z</time>
        <name>121</name>
        <extensions>
          <speed_mps>26.822</speed_mps>
          <speed_mph>60.0</speed_mph>
        </extensions>
      </trkpt>
      <trkpt lat="52.04282" lon="1.26633">
        <ele>0</ele>
        <time>2026-06-26T08:02:46.142Z</time>
        <name>122</name>
        <extensions>
          <speed_mps>26.822</speed_mps>
          <speed_mph>60.0</speed_mph>
        </extensions>
      </trkpt>
      <trkpt lat="52.04305" lon="1.26672">
        <ele>0</ele>
        <time>2026-06-26T08:02:47.520Z</time>
        <name>123</name>
        <extensions>
          <speed_mps>26.822</speed_mps>
          <speed_mph>60.0</speed_mph>
        </extensions>
      </trkpt>
      <trkpt lat="52.04328" lon="1.26710">
        <ele>0</ele>
        <time>2026-06-26T08:02:48.897Z</time>
        <name>124</name>
        <extensions>
          <speed_mps>26.822</speed_mps>
          <speed_mph>60.0</speed_mph>
        </extensions>
      </trkpt>
      <trkpt lat="52.04352" lon="1.26748">
        <ele>0</ele>
        <time>2026-06-26T08:02:50.275Z</time>
        <name>125</name>
        <extensions>
          <speed_mps>26.822</speed_mps>
          <speed_mph>60.0</speed_mph>
        </extensions>
      </trkpt>
      <trkpt lat="52.04375" lon="1.26787">
        <ele>0</ele>
        <time>2026-06-26T08:02:51.652Z</time>
        <name>126</name>
        <extensions>
          <speed_mps>26.822</speed_mps>
          <speed_mph>60.0</speed_mph>
        </extensions>
      </trkpt>
      <trkpt lat="52.04398" lon="1.26825">
        <ele>0</ele>
        <time>2026-06-26T08:02:53.030Z</time>
        <name>127</name>
        <extensions>
          <speed_mps>26.822</speed_mps>
          <speed_mph>60.0</speed_mph>
        </extensions>
      </trkpt>
      <trkpt lat="52.04422" lon="1.26864">
        <ele>0</ele>
        <time>2026-06-26T08:02:54.408Z</time>
        <name>128</name>
        <extensions>
          <speed_mps>26.822</speed_mps>
          <speed_mph>60.0</speed_mph>
        </extensions>
      </trkpt>
      <trkpt lat="52.04445" lon="1.26902">
        <ele>0</ele>
        <time>2026-06-26T08:02:55.786Z</time>
        <name>129</name>
        <extensions>
          <speed_mps>26.822</speed_mps>
          <speed_mph>60.0</speed_mph>
        </extensions>
      </trkpt>
      <trkpt lat="52.04468" lon="1.26941">
        <ele>0</ele>
        <time>2026-06-26T08:02:57.163Z</time>
        <name>130</name>
        <extensions>
          <speed_mps>26.822</speed_mps>
          <speed_mph>60.0</speed_mph>
        </extensions>
      </trkpt>
      <trkpt lat="52.04491" lon="1.26980">
        <ele>0</ele>
        <time>2026-06-26T08:02:58.541Z</time>
        <name>131</name>
        <extensions>
          <speed_mps>26.822</speed_mps>
          <speed_mph>60.0</speed_mph>
        </extensions>
      </trkpt>
      <trkpt lat="52.04514" lon="1.27018">
        <ele>0</ele>
        <time>2026-06-26T08:02:59.919Z</time>
        <name>132</name>
        <extensions>
          <speed_mps>26.822</speed_mps>
          <speed_mph>60.0</speed_mph>
        </extensions>
      </trkpt>
      <trkpt lat="52.04538" lon="1.27057">
        <ele>0</ele>
        <time>2026-06-26T08:03:01.297Z</time>
        <name>133</name>
        <extensions>
          <speed_mps>26.822</speed_mps>
          <speed_mph>60.0</speed_mph>
        </extensions>
      </trkpt>
      <trkpt lat="52.04561" lon="1.27096">
        <ele>0</ele>
        <time>2026-06-26T08:03:02.674Z</time>
        <name>134</name>
        <extensions>
          <speed_mps>26.822</speed_mps>
          <speed_mph>60.0</speed_mph>
        </extensions>
      </trkpt>
      <trkpt lat="52.04584" lon="1.27134">
        <ele>0</ele>
        <time>2026-06-26T08:03:04.052Z</time>
        <name>135</name>
        <extensions>
          <speed_mps>26.822</speed_mps>
          <speed_mph>60.0</speed_mph>
        </extensions>
      </trkpt>
      <trkpt lat="52.04608" lon="1.27172">
        <ele>0</ele>
        <time>2026-06-26T08:03:05.430Z</time>
        <name>136</name>
        <extensions>
          <speed_mps>26.822</speed_mps>
          <speed_mph>60.0</speed_mph>
        </extensions>
      </trkpt>
      <trkpt lat="52.04631" lon="1.27211">
        <ele>0</ele>
        <time>2026-06-26T08:03:06.808Z</time>
        <name>137</name>
        <extensions>
          <speed_mps>26.822</speed_mps>
          <speed_mph>60.0</speed_mph>
        </extensions>
      </trkpt>
      <trkpt lat="52.04655" lon="1.27249">
        <ele>0</ele>
        <time>2026-06-26T08:03:08.185Z</time>
        <name>138</name>
        <extensions>
          <speed_mps>26.822</speed_mps>
          <speed_mph>60.0</speed_mph>
        </extensions>
      </trkpt>
      <trkpt lat="52.04678" lon="1.27287">
        <ele>0</ele>
        <time>2026-06-26T08:03:09.563Z</time>
        <name>139</name>
        <extensions>
          <speed_mps>26.822</speed_mps>
          <speed_mph>60.0</speed_mph>
        </extensions>
      </trkpt>
      <trkpt lat="52.04702" lon="1.27325">
        <ele>0</ele>
        <time>2026-06-26T08:03:10.941Z</time>
        <name>140</name>
        <extensions>
          <speed_mps>26.822</speed_mps>
          <speed_mph>60.0</speed_mph>
        </extensions>
      </trkpt>
      <trkpt lat="52.04725" lon="1.27364">
        <ele>0</ele>
        <time>2026-06-26T08:03:12.318Z</time>
        <name>141</name>
        <extensions>
          <speed_mps>26.822</speed_mps>
          <speed_mph>60.0</speed_mph>
        </extensions>
      </trkpt>
      <trkpt lat="52.04749" lon="1.27402">
        <ele>0</ele>
        <time>2026-06-26T08:03:13.696Z</time>
        <name>142</name>
        <extensions>
          <speed_mps>26.822</speed_mps>
          <speed_mph>60.0</speed_mph>
        </extensions>
      </trkpt>
      <trkpt lat="52.04773" lon="1.27438">
        <ele>0</ele>
        <time>2026-06-26T08:03:15.065Z</time>
        <name>143</name>
        <extensions>
          <speed_mps>26.822</speed_mps>
          <speed_mph>60.0</speed_mph>
        </extensions>
      </trkpt>
      <trkpt lat="52.04805" lon="1.27446">
        <ele>0</ele>
        <time>2026-06-26T08:03:16.413Z</time>
        <name>144</name>
        <extensions>
          <speed_mps>26.822</speed_mps>
          <speed_mph>60.0</speed_mph>
        </extensions>
      </trkpt>
      <trkpt lat="52.04827" lon="1.27483">
        <ele>0</ele>
        <time>2026-06-26T08:03:17.726Z</time>
        <name>145</name>
        <extensions>
          <speed_mps>26.822</speed_mps>
          <speed_mph>60.0</speed_mph>
        </extensions>
      </trkpt>
      <trkpt lat="52.04843" lon="1.27530">
        <ele>0</ele>
        <time>2026-06-26T08:03:19.104Z</time>
        <name>146</name>
        <extensions>
          <speed_mps>26.822</speed_mps>
          <speed_mph>60.0</speed_mph>
        </extensions>
      </trkpt>
      <trkpt lat="52.04865" lon="1.27571">
        <ele>0</ele>
        <time>2026-06-26T08:03:20.466Z</time>
        <name>147</name>
        <extensions>
          <speed_mps>26.822</speed_mps>
          <speed_mph>60.0</speed_mph>
        </extensions>
      </trkpt>
      <trkpt lat="52.04891" lon="1.27602">
        <ele>0</ele>
        <time>2026-06-26T08:03:21.842Z</time>
        <name>148</name>
        <extensions>
          <speed_mps>26.822</speed_mps>
          <speed_mph>60.0</speed_mph>
        </extensions>
      </trkpt>
      <trkpt lat="52.04920" lon="1.27631">
        <ele>0</ele>
        <time>2026-06-26T08:03:23.219Z</time>
        <name>149</name>
        <extensions>
          <speed_mps>26.822</speed_mps>
          <speed_mph>60.0</speed_mph>
        </extensions>
      </trkpt>
      <trkpt lat="52.04949" lon="1.27657">
        <ele>0</ele>
        <time>2026-06-26T08:03:24.597Z</time>
        <name>150</name>
        <extensions>
          <speed_mps>26.822</speed_mps>
          <speed_mph>60.0</speed_mph>
        </extensions>
      </trkpt>
      <trkpt lat="52.04978" lon="1.27682">
        <ele>0</ele>
        <time>2026-06-26T08:03:25.974Z</time>
        <name>151</name>
        <extensions>
          <speed_mps>26.822</speed_mps>
          <speed_mph>60.0</speed_mph>
        </extensions>
      </trkpt>
      <trkpt lat="52.05008" lon="1.27704">
        <ele>0</ele>
        <time>2026-06-26T08:03:27.351Z</time>
        <name>152</name>
        <extensions>
          <speed_mps>26.822</speed_mps>
          <speed_mph>60.0</speed_mph>
        </extensions>
      </trkpt>
      <trkpt lat="52.05040" lon="1.27722">
        <ele>0</ele>
        <time>2026-06-26T08:03:28.729Z</time>
        <name>153</name>
        <extensions>
          <speed_mps>26.822</speed_mps>
          <speed_mph>60.0</speed_mph>
        </extensions>
      </trkpt>
      <trkpt lat="52.05072" lon="1.27738">
        <ele>0</ele>
        <time>2026-06-26T08:03:30.106Z</time>
        <name>154</name>
        <extensions>
          <speed_mps>26.822</speed_mps>
          <speed_mph>60.0</speed_mph>
        </extensions>
      </trkpt>
      <trkpt lat="52.05104" lon="1.27752">
        <ele>0</ele>
        <time>2026-06-26T08:03:31.484Z</time>
        <name>155</name>
        <extensions>
          <speed_mps>26.822</speed_mps>
          <speed_mph>60.0</speed_mph>
        </extensions>
      </trkpt>
      <trkpt lat="52.05136" lon="1.27763">
        <ele>0</ele>
        <time>2026-06-26T08:03:32.862Z</time>
        <name>156</name>
        <extensions>
          <speed_mps>26.822</speed_mps>
          <speed_mph>60.0</speed_mph>
        </extensions>
      </trkpt>
      <trkpt lat="52.05169" lon="1.27771">
        <ele>0</ele>
        <time>2026-06-26T08:03:34.239Z</time>
        <name>157</name>
        <extensions>
          <speed_mps>26.822</speed_mps>
          <speed_mph>60.0</speed_mph>
        </extensions>
      </trkpt>
      <trkpt lat="52.05202" lon="1.27777">
        <ele>0</ele>
        <time>2026-06-26T08:03:35.616Z</time>
        <name>158</name>
        <extensions>
          <speed_mps>26.822</speed_mps>
          <speed_mph>60.0</speed_mph>
        </extensions>
      </trkpt>
      <trkpt lat="52.05235" lon="1.27779">
        <ele>0</ele>
        <time>2026-06-26T08:03:36.993Z</time>
        <name>159</name>
        <extensions>
          <speed_mps>26.822</speed_mps>
          <speed_mph>60.0</speed_mph>
        </extensions>
      </trkpt>
      <trkpt lat="52.05268" lon="1.27780">
        <ele>0</ele>
        <time>2026-06-26T08:03:38.371Z</time>
        <name>160</name>
        <extensions>
          <speed_mps>26.822</speed_mps>
          <speed_mph>60.0</speed_mph>
        </extensions>
      </trkpt>
      <trkpt lat="52.05302" lon="1.27778">
        <ele>0</ele>
        <time>2026-06-26T08:03:39.748Z</time>
        <name>161</name>
        <extensions>
          <speed_mps>26.822</speed_mps>
          <speed_mph>60.0</speed_mph>
        </extensions>
      </trkpt>
      <trkpt lat="52.05335" lon="1.27775">
        <ele>0</ele>
        <time>2026-06-26T08:03:41.126Z</time>
        <name>162</name>
        <extensions>
          <speed_mps>26.822</speed_mps>
          <speed_mph>60.0</speed_mph>
        </extensions>
      </trkpt>
      <trkpt lat="52.05368" lon="1.27771">
        <ele>0</ele>
        <time>2026-06-26T08:03:42.504Z</time>
        <name>163</name>
        <extensions>
          <speed_mps>26.822</speed_mps>
          <speed_mph>60.0</speed_mph>
        </extensions>
      </trkpt>
      <trkpt lat="52.05401" lon="1.27767">
        <ele>0</ele>
        <time>2026-06-26T08:03:43.881Z</time>
        <name>164</name>
        <extensions>
          <speed_mps>26.822</speed_mps>
          <speed_mph>60.0</speed_mph>
        </extensions>
      </trkpt>
      <trkpt lat="52.05434" lon="1.27763">
        <ele>0</ele>
        <time>2026-06-26T08:03:45.259Z</time>
        <name>165</name>
        <extensions>
          <speed_mps>26.822</speed_mps>
          <speed_mph>60.0</speed_mph>
        </extensions>
      </trkpt>
      <trkpt lat="52.05467" lon="1.27759">
        <ele>0</ele>
        <time>2026-06-26T08:03:46.637Z</time>
        <name>166</name>
        <extensions>
          <speed_mps>26.822</speed_mps>
          <speed_mph>60.0</speed_mph>
        </extensions>
      </trkpt>
      <trkpt lat="52.05501" lon="1.27755">
        <ele>0</ele>
        <time>2026-06-26T08:03:48.015Z</time>
        <name>167</name>
        <extensions>
          <speed_mps>26.822</speed_mps>
          <speed_mph>60.0</speed_mph>
        </extensions>
      </trkpt>
      <trkpt lat="52.05534" lon="1.27751">
        <ele>0</ele>
        <time>2026-06-26T08:03:49.392Z</time>
        <name>168</name>
        <extensions>
          <speed_mps>26.822</speed_mps>
          <speed_mph>60.0</speed_mph>
        </extensions>
      </trkpt>
      <trkpt lat="52.05567" lon="1.27746">
        <ele>0</ele>
        <time>2026-06-26T08:03:50.770Z</time>
        <name>169</name>
        <extensions>
          <speed_mps>26.822</speed_mps>
          <speed_mph>60.0</speed_mph>
        </extensions>
      </trkpt>
      <trkpt lat="52.05600" lon="1.27741">
        <ele>0</ele>
        <time>2026-06-26T08:03:52.148Z</time>
        <name>170</name>
        <extensions>
          <speed_mps>26.822</speed_mps>
          <speed_mph>60.0</speed_mph>
        </extensions>
      </trkpt>
      <trkpt lat="52.05633" lon="1.27736">
        <ele>0</ele>
        <time>2026-06-26T08:03:53.526Z</time>
        <name>171</name>
        <extensions>
          <speed_mps>26.822</speed_mps>
          <speed_mph>60.0</speed_mph>
        </extensions>
      </trkpt>
      <trkpt lat="52.05666" lon="1.27730">
        <ele>0</ele>
        <time>2026-06-26T08:03:54.903Z</time>
        <name>172</name>
        <extensions>
          <speed_mps>26.822</speed_mps>
          <speed_mph>60.0</speed_mph>
        </extensions>
      </trkpt>
      <trkpt lat="52.05699" lon="1.27725">
        <ele>0</ele>
        <time>2026-06-26T08:03:56.281Z</time>
        <name>173</name>
        <extensions>
          <speed_mps>26.822</speed_mps>
          <speed_mph>60.0</speed_mph>
        </extensions>
      </trkpt>
      <trkpt lat="52.05732" lon="1.27719">
        <ele>0</ele>
        <time>2026-06-26T08:03:57.659Z</time>
        <name>174</name>
        <extensions>
          <speed_mps>26.822</speed_mps>
          <speed_mph>60.0</speed_mph>
        </extensions>
      </trkpt>
      <trkpt lat="52.05765" lon="1.27712">
        <ele>0</ele>
        <time>2026-06-26T08:03:59.037Z</time>
        <name>175</name>
        <extensions>
          <speed_mps>26.822</speed_mps>
          <speed_mph>60.0</speed_mph>
        </extensions>
      </trkpt>
      <trkpt lat="52.05798" lon="1.27706">
        <ele>0</ele>
        <time>2026-06-26T08:04:00.414Z</time>
        <name>176</name>
        <extensions>
          <speed_mps>26.822</speed_mps>
          <speed_mph>60.0</speed_mph>
        </extensions>
      </trkpt>
      <trkpt lat="52.05831" lon="1.27699">
        <ele>0</ele>
        <time>2026-06-26T08:04:01.792Z</time>
        <name>177</name>
        <extensions>
          <speed_mps>26.822</speed_mps>
          <speed_mph>60.0</speed_mph>
        </extensions>
      </trkpt>
      <trkpt lat="52.05864" lon="1.27692">
        <ele>0</ele>
        <time>2026-06-26T08:04:03.170Z</time>
        <name>178</name>
        <extensions>
          <speed_mps>26.822</speed_mps>
          <speed_mph>60.0</speed_mph>
        </extensions>
      </trkpt>
      <trkpt lat="52.05897" lon="1.27684">
        <ele>0</ele>
        <time>2026-06-26T08:04:04.548Z</time>
        <name>179</name>
        <extensions>
          <speed_mps>26.822</speed_mps>
          <speed_mph>60.0</speed_mph>
        </extensions>
      </trkpt>
      <trkpt lat="52.05930" lon="1.27676">
        <ele>0</ele>
        <time>2026-06-26T08:04:05.925Z</time>
        <name>180</name>
        <extensions>
          <speed_mps>26.822</speed_mps>
          <speed_mph>60.0</speed_mph>
        </extensions>
      </trkpt>
      <trkpt lat="52.05962" lon="1.27666">
        <ele>0</ele>
        <time>2026-06-26T08:04:07.300Z</time>
        <name>181</name>
        <extensions>
          <speed_mps>26.822</speed_mps>
          <speed_mph>60.0</speed_mph>
        </extensions>
      </trkpt>
      <trkpt lat="52.05986" lon="1.27630">
        <ele>0</ele>
        <time>2026-06-26T08:04:08.660Z</time>
        <name>182</name>
        <extensions>
          <speed_mps>26.822</speed_mps>
          <speed_mph>60.0</speed_mph>
        </extensions>
      </trkpt>
      <trkpt lat="52.06017" lon="1.27620">
        <ele>0</ele>
        <time>2026-06-26T08:04:09.965Z</time>
        <name>183</name>
        <extensions>
          <speed_mps>26.822</speed_mps>
          <speed_mph>60.0</speed_mph>
        </extensions>
      </trkpt>
      <trkpt lat="52.06048" lon="1.27640">
        <ele>0</ele>
        <time>2026-06-26T08:04:11.322Z</time>
        <name>184</name>
        <extensions>
          <speed_mps>26.822</speed_mps>
          <speed_mph>60.0</speed_mph>
        </extensions>
      </trkpt>
      <trkpt lat="52.06080" lon="1.27633">
        <ele>0</ele>
        <time>2026-06-26T08:04:12.692Z</time>
        <name>185</name>
        <extensions>
          <speed_mps>26.822</speed_mps>
          <speed_mph>60.0</speed_mph>
        </extensions>
      </trkpt>
      <trkpt lat="52.06113" lon="1.27621">
        <ele>0</ele>
        <time>2026-06-26T08:04:14.069Z</time>
        <name>186</name>
        <extensions>
          <speed_mps>26.822</speed_mps>
          <speed_mph>60.0</speed_mph>
        </extensions>
      </trkpt>
      <trkpt lat="52.06145" lon="1.27610">
        <ele>0</ele>
        <time>2026-06-26T08:04:15.447Z</time>
        <name>187</name>
        <extensions>
          <speed_mps>26.822</speed_mps>
          <speed_mph>60.0</speed_mph>
        </extensions>
      </trkpt>
      <trkpt lat="52.06178" lon="1.27599">
        <ele>0</ele>
        <time>2026-06-26T08:04:16.825Z</time>
        <name>188</name>
        <extensions>
          <speed_mps>26.822</speed_mps>
          <speed_mph>60.0</speed_mph>
        </extensions>
      </trkpt>
      <trkpt lat="52.06211" lon="1.27588">
        <ele>0</ele>
        <time>2026-06-26T08:04:18.202Z</time>
        <name>189</name>
        <extensions>
          <speed_mps>26.822</speed_mps>
          <speed_mph>60.0</speed_mph>
        </extensions>
      </trkpt>
      <trkpt lat="52.06243" lon="1.27577">
        <ele>0</ele>
        <time>2026-06-26T08:04:19.580Z</time>
        <name>190</name>
        <extensions>
          <speed_mps>26.822</speed_mps>
          <speed_mph>60.0</speed_mph>
        </extensions>
      </trkpt>
      <trkpt lat="52.06276" lon="1.27565">
        <ele>0</ele>
        <time>2026-06-26T08:04:20.958Z</time>
        <name>191</name>
        <extensions>
          <speed_mps>26.822</speed_mps>
          <speed_mph>60.0</speed_mph>
        </extensions>
      </trkpt>
      <trkpt lat="52.06308" lon="1.27554">
        <ele>0</ele>
        <time>2026-06-26T08:04:22.336Z</time>
        <name>192</name>
        <extensions>
          <speed_mps>26.822</speed_mps>
          <speed_mph>60.0</speed_mph>
        </extensions>
      </trkpt>
      <trkpt lat="52.06341" lon="1.27543">
        <ele>0</ele>
        <time>2026-06-26T08:04:23.713Z</time>
        <name>193</name>
        <extensions>
          <speed_mps>26.822</speed_mps>
          <speed_mph>60.0</speed_mph>
        </extensions>
      </trkpt>
      <trkpt lat="52.06373" lon="1.27532">
        <ele>0</ele>
        <time>2026-06-26T08:04:25.091Z</time>
        <name>194</name>
        <extensions>
          <speed_mps>26.822</speed_mps>
          <speed_mph>60.0</speed_mph>
        </extensions>
      </trkpt>
      <trkpt lat="52.06406" lon="1.27521">
        <ele>0</ele>
        <time>2026-06-26T08:04:26.469Z</time>
        <name>195</name>
        <extensions>
          <speed_mps>26.822</speed_mps>
          <speed_mph>60.0</speed_mph>
        </extensions>
      </trkpt>
      <trkpt lat="52.06438" lon="1.27510">
        <ele>0</ele>
        <time>2026-06-26T08:04:27.847Z</time>
        <name>196</name>
        <extensions>
          <speed_mps>26.822</speed_mps>
          <speed_mph>60.0</speed_mph>
        </extensions>
      </trkpt>
      <trkpt lat="52.06471" lon="1.27498">
        <ele>0</ele>
        <time>2026-06-26T08:04:29.224Z</time>
        <name>197</name>
        <extensions>
          <speed_mps>26.822</speed_mps>
          <speed_mph>60.0</speed_mph>
        </extensions>
      </trkpt>
      <trkpt lat="52.06503" lon="1.27486">
        <ele>0</ele>
        <time>2026-06-26T08:04:30.602Z</time>
        <name>198</name>
        <extensions>
          <speed_mps>26.822</speed_mps>
          <speed_mph>60.0</speed_mph>
        </extensions>
      </trkpt>
      <trkpt lat="52.06531" lon="1.27458">
        <ele>0</ele>
        <time>2026-06-26T08:04:31.941Z</time>
        <name>199</name>
        <extensions>
          <speed_mps>26.822</speed_mps>
          <speed_mph>60.0</speed_mph>
        </extensions>
      </trkpt>
      <trkpt lat="52.06554" lon="1.27424">
        <ele>0</ele>
        <time>2026-06-26T08:04:33.250Z</time>
        <name>200</name>
        <extensions>
          <speed_mps>26.822</speed_mps>
          <speed_mph>60.0</speed_mph>
        </extensions>
      </trkpt>
      <trkpt lat="52.06586" lon="1.27433">
        <ele>0</ele>
        <time>2026-06-26T08:04:34.600Z</time>
        <name>201</name>
        <extensions>
          <speed_mps>26.822</speed_mps>
          <speed_mph>60.0</speed_mph>
        </extensions>
      </trkpt>
      <trkpt lat="52.06618" lon="1.27425">
        <ele>0</ele>
        <time>2026-06-26T08:04:35.954Z</time>
        <name>202</name>
        <extensions>
          <speed_mps>26.822</speed_mps>
          <speed_mph>60.0</speed_mph>
        </extensions>
      </trkpt>
      <trkpt lat="52.06648" lon="1.27403">
        <ele>0</ele>
        <time>2026-06-26T08:04:37.332Z</time>
        <name>203</name>
        <extensions>
          <speed_mps>26.822</speed_mps>
          <speed_mph>60.0</speed_mph>
        </extensions>
      </trkpt>
      <trkpt lat="52.06679" lon="1.27380">
        <ele>0</ele>
        <time>2026-06-26T08:04:38.709Z</time>
        <name>204</name>
        <extensions>
          <speed_mps>26.822</speed_mps>
          <speed_mph>60.0</speed_mph>
        </extensions>
      </trkpt>
      <trkpt lat="52.06708" lon="1.27354">
        <ele>0</ele>
        <time>2026-06-26T08:04:40.086Z</time>
        <name>205</name>
        <extensions>
          <speed_mps>26.822</speed_mps>
          <speed_mph>60.0</speed_mph>
        </extensions>
      </trkpt>
      <trkpt lat="52.06736" lon="1.27326">
        <ele>0</ele>
        <time>2026-06-26T08:04:41.463Z</time>
        <name>206</name>
        <extensions>
          <speed_mps>26.822</speed_mps>
          <speed_mph>60.0</speed_mph>
        </extensions>
      </trkpt>
      <trkpt lat="52.06763" lon="1.27295">
        <ele>0</ele>
        <time>2026-06-26T08:04:42.840Z</time>
        <name>207</name>
        <extensions>
          <speed_mps>26.822</speed_mps>
          <speed_mph>60.0</speed_mph>
        </extensions>
      </trkpt>
      <trkpt lat="52.06789" lon="1.27261">
        <ele>0</ele>
        <time>2026-06-26T08:04:44.218Z</time>
        <name>208</name>
        <extensions>
          <speed_mps>26.822</speed_mps>
          <speed_mph>60.0</speed_mph>
        </extensions>
      </trkpt>
      <trkpt lat="52.06813" lon="1.27224">
        <ele>0</ele>
        <time>2026-06-26T08:04:45.595Z</time>
        <name>209</name>
        <extensions>
          <speed_mps>26.822</speed_mps>
          <speed_mph>60.0</speed_mph>
        </extensions>
      </trkpt>
      <trkpt lat="52.06836" lon="1.27185">
        <ele>0</ele>
        <time>2026-06-26T08:04:46.972Z</time>
        <name>210</name>
        <extensions>
          <speed_mps>26.822</speed_mps>
          <speed_mph>60.0</speed_mph>
        </extensions>
      </trkpt>
      <trkpt lat="52.06858" lon="1.27145">
        <ele>0</ele>
        <time>2026-06-26T08:04:48.350Z</time>
        <name>211</name>
        <extensions>
          <speed_mps>26.822</speed_mps>
          <speed_mph>60.0</speed_mph>
        </extensions>
      </trkpt>
      <trkpt lat="52.06880" lon="1.27104">
        <ele>0</ele>
        <time>2026-06-26T08:04:49.727Z</time>
        <name>212</name>
        <extensions>
          <speed_mps>26.822</speed_mps>
          <speed_mph>60.0</speed_mph>
        </extensions>
      </trkpt>
      <trkpt lat="52.06902" lon="1.27063">
        <ele>0</ele>
        <time>2026-06-26T08:04:51.105Z</time>
        <name>213</name>
        <extensions>
          <speed_mps>26.822</speed_mps>
          <speed_mph>60.0</speed_mph>
        </extensions>
      </trkpt>
      <trkpt lat="52.06923" lon="1.27021">
        <ele>0</ele>
        <time>2026-06-26T08:04:52.483Z</time>
        <name>214</name>
        <extensions>
          <speed_mps>26.822</speed_mps>
          <speed_mph>60.0</speed_mph>
        </extensions>
      </trkpt>
      <trkpt lat="52.06939" lon="1.26974">
        <ele>0</ele>
        <time>2026-06-26T08:04:53.856Z</time>
        <name>215</name>
        <extensions>
          <speed_mps>26.822</speed_mps>
          <speed_mph>60.0</speed_mph>
        </extensions>
      </trkpt>
      <trkpt lat="52.06945" lon="1.26922">
        <ele>0</ele>
        <time>2026-06-26T08:04:55.201Z</time>
        <name>216</name>
        <extensions>
          <speed_mps>26.822</speed_mps>
          <speed_mph>60.0</speed_mph>
        </extensions>
      </trkpt>
      <trkpt lat="52.06973" lon="1.26898">
        <ele>0</ele>
        <time>2026-06-26T08:04:56.498Z</time>
        <name>217</name>
        <extensions>
          <speed_mps>26.822</speed_mps>
          <speed_mph>60.0</speed_mph>
        </extensions>
      </trkpt>
      <trkpt lat="52.07004" lon="1.26886">
        <ele>0</ele>
        <time>2026-06-26T08:04:57.846Z</time>
        <name>218</name>
        <extensions>
          <speed_mps>26.822</speed_mps>
          <speed_mph>60.0</speed_mph>
        </extensions>
      </trkpt>
      <trkpt lat="52.07036" lon="1.26870">
        <ele>0</ele>
        <time>2026-06-26T08:04:59.223Z</time>
        <name>219</name>
        <extensions>
          <speed_mps>26.822</speed_mps>
          <speed_mph>60.0</speed_mph>
        </extensions>
      </trkpt>
      <trkpt lat="52.07068" lon="1.26854">
        <ele>0</ele>
        <time>2026-06-26T08:05:00.600Z</time>
        <name>220</name>
        <extensions>
          <speed_mps>26.822</speed_mps>
          <speed_mph>60.0</speed_mph>
        </extensions>
      </trkpt>
      <trkpt lat="52.07100" lon="1.26839">
        <ele>0</ele>
        <time>2026-06-26T08:05:01.978Z</time>
        <name>221</name>
        <extensions>
          <speed_mps>26.822</speed_mps>
          <speed_mph>60.0</speed_mph>
        </extensions>
      </trkpt>
      <trkpt lat="52.07132" lon="1.26824">
        <ele>0</ele>
        <time>2026-06-26T08:05:03.356Z</time>
        <name>222</name>
        <extensions>
          <speed_mps>26.822</speed_mps>
          <speed_mph>60.0</speed_mph>
        </extensions>
      </trkpt>
      <trkpt lat="52.07164" lon="1.26810">
        <ele>0</ele>
        <time>2026-06-26T08:05:04.733Z</time>
        <name>223</name>
        <extensions>
          <speed_mps>26.822</speed_mps>
          <speed_mph>60.0</speed_mph>
        </extensions>
      </trkpt>
      <trkpt lat="52.07196" lon="1.26799">
        <ele>0</ele>
        <time>2026-06-26T08:05:06.111Z</time>
        <name>224</name>
        <extensions>
          <speed_mps>26.822</speed_mps>
          <speed_mph>60.0</speed_mph>
        </extensions>
      </trkpt>
      <trkpt lat="52.07229" lon="1.26790">
        <ele>0</ele>
        <time>2026-06-26T08:05:07.488Z</time>
        <name>225</name>
        <extensions>
          <speed_mps>26.822</speed_mps>
          <speed_mph>60.0</speed_mph>
        </extensions>
      </trkpt>
      <trkpt lat="52.07262" lon="1.26783">
        <ele>0</ele>
        <time>2026-06-26T08:05:08.866Z</time>
        <name>226</name>
        <extensions>
          <speed_mps>26.822</speed_mps>
          <speed_mph>60.0</speed_mph>
        </extensions>
      </trkpt>
      <trkpt lat="52.07295" lon="1.26777">
        <ele>0</ele>
        <time>2026-06-26T08:05:10.243Z</time>
        <name>227</name>
        <extensions>
          <speed_mps>26.822</speed_mps>
          <speed_mph>60.0</speed_mph>
        </extensions>
      </trkpt>
      <trkpt lat="52.07328" lon="1.26773">
        <ele>0</ele>
        <time>2026-06-26T08:05:11.621Z</time>
        <name>228</name>
        <extensions>
          <speed_mps>26.822</speed_mps>
          <speed_mph>60.0</speed_mph>
        </extensions>
      </trkpt>
      <trkpt lat="52.07361" lon="1.26771">
        <ele>0</ele>
        <time>2026-06-26T08:05:12.998Z</time>
        <name>229</name>
        <extensions>
          <speed_mps>26.822</speed_mps>
          <speed_mph>60.0</speed_mph>
        </extensions>
      </trkpt>
      <trkpt lat="52.07395" lon="1.26772">
        <ele>0</ele>
        <time>2026-06-26T08:05:14.376Z</time>
        <name>230</name>
        <extensions>
          <speed_mps>26.822</speed_mps>
          <speed_mph>60.0</speed_mph>
        </extensions>
      </trkpt>
      <trkpt lat="52.07428" lon="1.26774">
        <ele>0</ele>
        <time>2026-06-26T08:05:15.753Z</time>
        <name>231</name>
        <extensions>
          <speed_mps>26.822</speed_mps>
          <speed_mph>60.0</speed_mph>
        </extensions>
      </trkpt>
      <trkpt lat="52.07461" lon="1.26778">
        <ele>0</ele>
        <time>2026-06-26T08:05:17.131Z</time>
        <name>232</name>
        <extensions>
          <speed_mps>26.822</speed_mps>
          <speed_mph>60.0</speed_mph>
        </extensions>
      </trkpt>
      <trkpt lat="52.07494" lon="1.26785">
        <ele>0</ele>
        <time>2026-06-26T08:05:18.508Z</time>
        <name>233</name>
        <extensions>
          <speed_mps>26.822</speed_mps>
          <speed_mph>60.0</speed_mph>
        </extensions>
      </trkpt>
      <trkpt lat="52.07527" lon="1.26793">
        <ele>0</ele>
        <time>2026-06-26T08:05:19.886Z</time>
        <name>234</name>
        <extensions>
          <speed_mps>26.822</speed_mps>
          <speed_mph>60.0</speed_mph>
        </extensions>
      </trkpt>
      <trkpt lat="52.07560" lon="1.26801">
        <ele>0</ele>
        <time>2026-06-26T08:05:21.264Z</time>
        <name>235</name>
        <extensions>
          <speed_mps>26.822</speed_mps>
          <speed_mph>60.0</speed_mph>
        </extensions>
      </trkpt>
      <trkpt lat="52.07592" lon="1.26812">
        <ele>0</ele>
        <time>2026-06-26T08:05:22.641Z</time>
        <name>236</name>
        <extensions>
          <speed_mps>26.822</speed_mps>
          <speed_mph>60.0</speed_mph>
        </extensions>
      </trkpt>
      <trkpt lat="52.07624" lon="1.26827">
        <ele>0</ele>
        <time>2026-06-26T08:05:24.019Z</time>
        <name>237</name>
        <extensions>
          <speed_mps>26.822</speed_mps>
          <speed_mph>60.0</speed_mph>
        </extensions>
      </trkpt>
      <trkpt lat="52.07656" lon="1.26842">
        <ele>0</ele>
        <time>2026-06-26T08:05:25.396Z</time>
        <name>238</name>
        <extensions>
          <speed_mps>26.822</speed_mps>
          <speed_mph>60.0</speed_mph>
        </extensions>
      </trkpt>
      <trkpt lat="52.07687" lon="1.26860">
        <ele>0</ele>
        <time>2026-06-26T08:05:26.774Z</time>
        <name>239</name>
        <extensions>
          <speed_mps>26.822</speed_mps>
          <speed_mph>60.0</speed_mph>
        </extensions>
      </trkpt>
      <trkpt lat="52.07718" lon="1.26879">
        <ele>0</ele>
        <time>2026-06-26T08:05:28.151Z</time>
        <name>240</name>
        <extensions>
          <speed_mps>26.822</speed_mps>
          <speed_mph>60.0</speed_mph>
        </extensions>
      </trkpt>
      <trkpt lat="52.07749" lon="1.26902">
        <ele>0</ele>
        <time>2026-06-26T08:05:29.528Z</time>
        <name>241</name>
        <extensions>
          <speed_mps>26.822</speed_mps>
          <speed_mph>60.0</speed_mph>
        </extensions>
      </trkpt>
      <trkpt lat="52.07779" lon="1.26925">
        <ele>0</ele>
        <time>2026-06-26T08:05:30.906Z</time>
        <name>242</name>
        <extensions>
          <speed_mps>26.822</speed_mps>
          <speed_mph>60.0</speed_mph>
        </extensions>
      </trkpt>
      <trkpt lat="52.07808" lon="1.26950">
        <ele>0</ele>
        <time>2026-06-26T08:05:32.283Z</time>
        <name>243</name>
        <extensions>
          <speed_mps>26.822</speed_mps>
          <speed_mph>60.0</speed_mph>
        </extensions>
      </trkpt>
      <trkpt lat="52.07837" lon="1.26975">
        <ele>0</ele>
        <time>2026-06-26T08:05:33.661Z</time>
        <name>244</name>
        <extensions>
          <speed_mps>26.822</speed_mps>
          <speed_mph>60.0</speed_mph>
        </extensions>
      </trkpt>
      <trkpt lat="52.07866" lon="1.27002">
        <ele>0</ele>
        <time>2026-06-26T08:05:35.036Z</time>
        <name>245</name>
        <extensions>
          <speed_mps>26.822</speed_mps>
          <speed_mph>60.0</speed_mph>
        </extensions>
      </trkpt>
      <trkpt lat="52.07893" lon="1.27034">
        <ele>0</ele>
        <time>2026-06-26T08:05:36.414Z</time>
        <name>246</name>
        <extensions>
          <speed_mps>26.822</speed_mps>
          <speed_mph>60.0</speed_mph>
        </extensions>
      </trkpt>
      <trkpt lat="52.07920" lon="1.27066">
        <ele>0</ele>
        <time>2026-06-26T08:05:37.792Z</time>
        <name>247</name>
        <extensions>
          <speed_mps>26.822</speed_mps>
          <speed_mph>60.0</speed_mph>
        </extensions>
      </trkpt>
      <trkpt lat="52.07947" lon="1.27098">
        <ele>0</ele>
        <time>2026-06-26T08:05:39.170Z</time>
        <name>248</name>
        <extensions>
          <speed_mps>26.822</speed_mps>
          <speed_mph>60.0</speed_mph>
        </extensions>
      </trkpt>
      <trkpt lat="52.07974" lon="1.27129">
        <ele>0</ele>
        <time>2026-06-26T08:05:40.547Z</time>
        <name>249</name>
        <extensions>
          <speed_mps>26.822</speed_mps>
          <speed_mph>60.0</speed_mph>
        </extensions>
      </trkpt>
      <trkpt lat="52.08000" lon="1.27163">
        <ele>0</ele>
        <time>2026-06-26T08:05:41.922Z</time>
        <name>250</name>
        <extensions>
          <speed_mps>26.822</speed_mps>
          <speed_mph>60.0</speed_mph>
        </extensions>
      </trkpt>
      <trkpt lat="52.08023" lon="1.27201">
        <ele>0</ele>
        <time>2026-06-26T08:05:43.299Z</time>
        <name>251</name>
        <extensions>
          <speed_mps>26.822</speed_mps>
          <speed_mph>60.0</speed_mph>
        </extensions>
      </trkpt>
      <trkpt lat="52.08046" lon="1.27240">
        <ele>0</ele>
        <time>2026-06-26T08:05:44.677Z</time>
        <name>252</name>
        <extensions>
          <speed_mps>26.822</speed_mps>
          <speed_mph>60.0</speed_mph>
        </extensions>
      </trkpt>
      <trkpt lat="52.08069" lon="1.27279">
        <ele>0</ele>
        <time>2026-06-26T08:05:46.055Z</time>
        <name>253</name>
        <extensions>
          <speed_mps>26.822</speed_mps>
          <speed_mph>60.0</speed_mph>
        </extensions>
      </trkpt>
      <trkpt lat="52.08091" lon="1.27320">
        <ele>0</ele>
        <time>2026-06-26T08:05:47.430Z</time>
        <name>254</name>
        <extensions>
          <speed_mps>26.822</speed_mps>
          <speed_mph>60.0</speed_mph>
        </extensions>
      </trkpt>
      <trkpt lat="52.08111" lon="1.27363">
        <ele>0</ele>
        <time>2026-06-26T08:05:48.808Z</time>
        <name>255</name>
        <extensions>
          <speed_mps>26.822</speed_mps>
          <speed_mph>60.0</speed_mph>
        </extensions>
      </trkpt>
      <trkpt lat="52.08130" lon="1.27407">
        <ele>0</ele>
        <time>2026-06-26T08:05:50.185Z</time>
        <name>256</name>
        <extensions>
          <speed_mps>26.822</speed_mps>
          <speed_mph>60.0</speed_mph>
        </extensions>
      </trkpt>
      <trkpt lat="52.08148" lon="1.27452">
        <ele>0</ele>
        <time>2026-06-26T08:05:51.563Z</time>
        <name>257</name>
        <extensions>
          <speed_mps>26.822</speed_mps>
          <speed_mph>60.0</speed_mph>
        </extensions>
      </trkpt>
      <trkpt lat="52.08166" lon="1.27498">
        <ele>0</ele>
        <time>2026-06-26T08:05:52.940Z</time>
        <name>258</name>
        <extensions>
          <speed_mps>26.822</speed_mps>
          <speed_mph>60.0</speed_mph>
        </extensions>
      </trkpt>
      <trkpt lat="52.08183" lon="1.27545">
        <ele>0</ele>
        <time>2026-06-26T08:05:54.316Z</time>
        <name>259</name>
        <extensions>
          <speed_mps>26.822</speed_mps>
          <speed_mph>60.0</speed_mph>
        </extensions>
      </trkpt>
      <trkpt lat="52.08197" lon="1.27593">
        <ele>0</ele>
        <time>2026-06-26T08:05:55.694Z</time>
        <name>260</name>
        <extensions>
          <speed_mps>26.822</speed_mps>
          <speed_mph>60.0</speed_mph>
        </extensions>
      </trkpt>
      <trkpt lat="52.08212" lon="1.27642">
        <ele>0</ele>
        <time>2026-06-26T08:05:57.072Z</time>
        <name>261</name>
        <extensions>
          <speed_mps>26.822</speed_mps>
          <speed_mph>60.0</speed_mph>
        </extensions>
      </trkpt>
      <trkpt lat="52.08227" lon="1.27690">
        <ele>0</ele>
        <time>2026-06-26T08:05:58.449Z</time>
        <name>262</name>
        <extensions>
          <speed_mps>26.822</speed_mps>
          <speed_mph>60.0</speed_mph>
        </extensions>
      </trkpt>
      <trkpt lat="52.08239" lon="1.27741">
        <ele>0</ele>
        <time>2026-06-26T08:05:59.827Z</time>
        <name>263</name>
        <extensions>
          <speed_mps>26.822</speed_mps>
          <speed_mph>60.0</speed_mph>
        </extensions>
      </trkpt>
      <trkpt lat="52.08250" lon="1.27791">
        <ele>0</ele>
        <time>2026-06-26T08:06:01.205Z</time>
        <name>264</name>
        <extensions>
          <speed_mps>26.822</speed_mps>
          <speed_mph>60.0</speed_mph>
        </extensions>
      </trkpt>
      <trkpt lat="52.08262" lon="1.27842">
        <ele>0</ele>
        <time>2026-06-26T08:06:02.582Z</time>
        <name>265</name>
        <extensions>
          <speed_mps>26.822</speed_mps>
          <speed_mph>60.0</speed_mph>
        </extensions>
      </trkpt>
      <trkpt lat="52.08274" lon="1.27893">
        <ele>0</ele>
        <time>2026-06-26T08:06:03.960Z</time>
        <name>266</name>
        <extensions>
          <speed_mps>26.822</speed_mps>
          <speed_mph>60.0</speed_mph>
        </extensions>
      </trkpt>
      <trkpt lat="52.08285" lon="1.27944">
        <ele>0</ele>
        <time>2026-06-26T08:06:05.338Z</time>
        <name>267</name>
        <extensions>
          <speed_mps>26.822</speed_mps>
          <speed_mph>60.0</speed_mph>
        </extensions>
      </trkpt>
      <trkpt lat="52.08296" lon="1.27995">
        <ele>0</ele>
        <time>2026-06-26T08:06:06.716Z</time>
        <name>268</name>
        <extensions>
          <speed_mps>26.822</speed_mps>
          <speed_mph>60.0</speed_mph>
        </extensions>
      </trkpt>
      <trkpt lat="52.08308" lon="1.28045">
        <ele>0</ele>
        <time>2026-06-26T08:06:08.093Z</time>
        <name>269</name>
        <extensions>
          <speed_mps>26.822</speed_mps>
          <speed_mph>60.0</speed_mph>
        </extensions>
      </trkpt>
      <trkpt lat="52.08320" lon="1.28095">
        <ele>0</ele>
        <time>2026-06-26T08:06:09.471Z</time>
        <name>270</name>
        <extensions>
          <speed_mps>26.822</speed_mps>
          <speed_mph>60.0</speed_mph>
        </extensions>
      </trkpt>
      <trkpt lat="52.08331" lon="1.28146">
        <ele>0</ele>
        <time>2026-06-26T08:06:10.849Z</time>
        <name>271</name>
        <extensions>
          <speed_mps>26.822</speed_mps>
          <speed_mph>60.0</speed_mph>
        </extensions>
      </trkpt>
      <trkpt lat="52.08342" lon="1.28197">
        <ele>0</ele>
        <time>2026-06-26T08:06:12.226Z</time>
        <name>272</name>
        <extensions>
          <speed_mps>26.822</speed_mps>
          <speed_mph>60.0</speed_mph>
        </extensions>
      </trkpt>
      <trkpt lat="52.08353" lon="1.28248">
        <ele>0</ele>
        <time>2026-06-26T08:06:13.604Z</time>
        <name>273</name>
        <extensions>
          <speed_mps>26.822</speed_mps>
          <speed_mph>60.0</speed_mph>
        </extensions>
      </trkpt>
      <trkpt lat="52.08364" lon="1.28299">
        <ele>0</ele>
        <time>2026-06-26T08:06:14.982Z</time>
        <name>274</name>
        <extensions>
          <speed_mps>26.822</speed_mps>
          <speed_mph>60.0</speed_mph>
        </extensions>
      </trkpt>
      <trkpt lat="52.08372" lon="1.28352">
        <ele>0</ele>
        <time>2026-06-26T08:06:16.360Z</time>
        <name>275</name>
        <extensions>
          <speed_mps>26.822</speed_mps>
          <speed_mph>60.0</speed_mph>
        </extensions>
      </trkpt>
      <trkpt lat="52.08380" lon="1.28404">
        <ele>0</ele>
        <time>2026-06-26T08:06:17.737Z</time>
        <name>276</name>
        <extensions>
          <speed_mps>26.822</speed_mps>
          <speed_mph>60.0</speed_mph>
        </extensions>
      </trkpt>
      <trkpt lat="52.08388" lon="1.28457">
        <ele>0</ele>
        <time>2026-06-26T08:06:19.115Z</time>
        <name>277</name>
        <extensions>
          <speed_mps>26.822</speed_mps>
          <speed_mph>60.0</speed_mph>
        </extensions>
      </trkpt>
      <trkpt lat="52.08395" lon="1.28510">
        <ele>0</ele>
        <time>2026-06-26T08:06:20.492Z</time>
        <name>278</name>
        <extensions>
          <speed_mps>26.822</speed_mps>
          <speed_mph>60.0</speed_mph>
        </extensions>
      </trkpt>
      <trkpt lat="52.08401" lon="1.28563">
        <ele>0</ele>
        <time>2026-06-26T08:06:21.870Z</time>
        <name>279</name>
        <extensions>
          <speed_mps>26.822</speed_mps>
          <speed_mph>60.0</speed_mph>
        </extensions>
      </trkpt>
      <trkpt lat="52.08407" lon="1.28616">
        <ele>0</ele>
        <time>2026-06-26T08:06:23.248Z</time>
        <name>280</name>
        <extensions>
          <speed_mps>26.822</speed_mps>
          <speed_mph>60.0</speed_mph>
        </extensions>
      </trkpt>
      <trkpt lat="52.08413" lon="1.28670">
        <ele>0</ele>
        <time>2026-06-26T08:06:24.626Z</time>
        <name>281</name>
        <extensions>
          <speed_mps>26.822</speed_mps>
          <speed_mph>60.0</speed_mph>
        </extensions>
      </trkpt>
      <trkpt lat="52.08418" lon="1.28723">
        <ele>0</ele>
        <time>2026-06-26T08:06:26.003Z</time>
        <name>282</name>
        <extensions>
          <speed_mps>26.822</speed_mps>
          <speed_mph>60.0</speed_mph>
        </extensions>
      </trkpt>
      <trkpt lat="52.08434" lon="1.28767">
        <ele>0</ele>
        <time>2026-06-26T08:06:27.304Z</time>
        <name>283</name>
        <extensions>
          <speed_mps>26.822</speed_mps>
          <speed_mph>60.0</speed_mph>
        </extensions>
      </trkpt>
      <trkpt lat="52.08451" lon="1.28811">
        <ele>0</ele>
        <time>2026-06-26T08:06:28.632Z</time>
        <name>284</name>
        <extensions>
          <speed_mps>26.822</speed_mps>
          <speed_mph>60.0</speed_mph>
        </extensions>
      </trkpt>
      <trkpt lat="52.08467" lon="1.28858">
        <ele>0</ele>
        <time>2026-06-26T08:06:30.002Z</time>
        <name>285</name>
        <extensions>
          <speed_mps>26.822</speed_mps>
          <speed_mph>60.0</speed_mph>
        </extensions>
      </trkpt>
      <trkpt lat="52.08491" lon="1.28896">
        <ele>0</ele>
        <time>2026-06-26T08:06:31.375Z</time>
        <name>286</name>
        <extensions>
          <speed_mps>26.822</speed_mps>
          <speed_mph>60.0</speed_mph>
        </extensions>
      </trkpt>
      <trkpt lat="52.08517" lon="1.28929">
        <ele>0</ele>
        <time>2026-06-26T08:06:32.753Z</time>
        <name>287</name>
        <extensions>
          <speed_mps>26.822</speed_mps>
          <speed_mph>60.0</speed_mph>
        </extensions>
      </trkpt>
      <trkpt lat="52.08544" lon="1.28961">
        <ele>0</ele>
        <time>2026-06-26T08:06:34.130Z</time>
        <name>288</name>
        <extensions>
          <speed_mps>26.822</speed_mps>
          <speed_mph>60.0</speed_mph>
        </extensions>
      </trkpt>
      <trkpt lat="52.08572" lon="1.28990">
        <ele>0</ele>
        <time>2026-06-26T08:06:35.508Z</time>
        <name>289</name>
        <extensions>
          <speed_mps>26.822</speed_mps>
          <speed_mph>60.0</speed_mph>
        </extensions>
      </trkpt>
      <trkpt lat="52.08600" lon="1.29020">
        <ele>0</ele>
        <time>2026-06-26T08:06:36.886Z</time>
        <name>290</name>
        <extensions>
          <speed_mps>26.822</speed_mps>
          <speed_mph>60.0</speed_mph>
        </extensions>
      </trkpt>
      <trkpt lat="52.08628" lon="1.29047">
        <ele>0</ele>
        <time>2026-06-26T08:06:38.263Z</time>
        <name>291</name>
        <extensions>
          <speed_mps>26.822</speed_mps>
          <speed_mph>60.0</speed_mph>
        </extensions>
      </trkpt>
      <trkpt lat="52.08657" lon="1.29075">
        <ele>0</ele>
        <time>2026-06-26T08:06:39.641Z</time>
        <name>292</name>
        <extensions>
          <speed_mps>26.822</speed_mps>
          <speed_mph>60.0</speed_mph>
        </extensions>
      </trkpt>
      <trkpt lat="52.08685" lon="1.29103">
        <ele>0</ele>
        <time>2026-06-26T08:06:41.019Z</time>
        <name>293</name>
        <extensions>
          <speed_mps>26.822</speed_mps>
          <speed_mph>60.0</speed_mph>
        </extensions>
      </trkpt>
      <trkpt lat="52.08714" lon="1.29130">
        <ele>0</ele>
        <time>2026-06-26T08:06:42.397Z</time>
        <name>294</name>
        <extensions>
          <speed_mps>26.822</speed_mps>
          <speed_mph>60.0</speed_mph>
        </extensions>
      </trkpt>
      <trkpt lat="52.08742" lon="1.29159">
        <ele>0</ele>
        <time>2026-06-26T08:06:43.774Z</time>
        <name>295</name>
        <extensions>
          <speed_mps>26.822</speed_mps>
          <speed_mph>60.0</speed_mph>
        </extensions>
      </trkpt>
      <trkpt lat="52.08770" lon="1.29188">
        <ele>0</ele>
        <time>2026-06-26T08:06:45.152Z</time>
        <name>296</name>
        <extensions>
          <speed_mps>26.822</speed_mps>
          <speed_mph>60.0</speed_mph>
        </extensions>
      </trkpt>
      <trkpt lat="52.08798" lon="1.29216">
        <ele>0</ele>
        <time>2026-06-26T08:06:46.530Z</time>
        <name>297</name>
        <extensions>
          <speed_mps>26.822</speed_mps>
          <speed_mph>60.0</speed_mph>
        </extensions>
      </trkpt>
      <trkpt lat="52.08827" lon="1.29245">
        <ele>0</ele>
        <time>2026-06-26T08:06:47.907Z</time>
        <name>298</name>
        <extensions>
          <speed_mps>26.822</speed_mps>
          <speed_mph>60.0</speed_mph>
        </extensions>
      </trkpt>
      <trkpt lat="52.08852" lon="1.29279">
        <ele>0</ele>
        <time>2026-06-26T08:06:49.272Z</time>
        <name>299</name>
        <extensions>
          <speed_mps>26.822</speed_mps>
          <speed_mph>60.0</speed_mph>
        </extensions>
      </trkpt>
      <trkpt lat="52.08881" lon="1.29307">
        <ele>0</ele>
        <time>2026-06-26T08:06:50.649Z</time>
        <name>300</name>
        <extensions>
          <speed_mps>26.822</speed_mps>
          <speed_mph>60.0</speed_mph>
        </extensions>
      </trkpt>
      <trkpt lat="52.08909" lon="1.29336">
        <ele>0</ele>
        <time>2026-06-26T08:06:52.027Z</time>
        <name>301</name>
        <extensions>
          <speed_mps>26.822</speed_mps>
          <speed_mph>60.0</speed_mph>
        </extensions>
      </trkpt>
      <trkpt lat="52.08937" lon="1.29364">
        <ele>0</ele>
        <time>2026-06-26T08:06:53.405Z</time>
        <name>302</name>
        <extensions>
          <speed_mps>26.822</speed_mps>
          <speed_mph>60.0</speed_mph>
        </extensions>
      </trkpt>
      <trkpt lat="52.08965" lon="1.29392">
        <ele>0</ele>
        <time>2026-06-26T08:06:54.782Z</time>
        <name>303</name>
        <extensions>
          <speed_mps>26.822</speed_mps>
          <speed_mph>60.0</speed_mph>
        </extensions>
      </trkpt>
      <trkpt lat="52.08994" lon="1.29421">
        <ele>0</ele>
        <time>2026-06-26T08:06:56.160Z</time>
        <name>304</name>
        <extensions>
          <speed_mps>26.822</speed_mps>
          <speed_mph>60.0</speed_mph>
        </extensions>
      </trkpt>
      <trkpt lat="52.09022" lon="1.29449">
        <ele>0</ele>
        <time>2026-06-26T08:06:57.538Z</time>
        <name>305</name>
        <extensions>
          <speed_mps>26.822</speed_mps>
          <speed_mph>60.0</speed_mph>
        </extensions>
      </trkpt>
      <trkpt lat="52.09050" lon="1.29477">
        <ele>0</ele>
        <time>2026-06-26T08:06:58.916Z</time>
        <name>306</name>
        <extensions>
          <speed_mps>26.822</speed_mps>
          <speed_mph>60.0</speed_mph>
        </extensions>
      </trkpt>
      <trkpt lat="52.09079" lon="1.29505">
        <ele>0</ele>
        <time>2026-06-26T08:07:00.293Z</time>
        <name>307</name>
        <extensions>
          <speed_mps>26.822</speed_mps>
          <speed_mph>60.0</speed_mph>
        </extensions>
      </trkpt>
      <trkpt lat="52.09107" lon="1.29534">
        <ele>0</ele>
        <time>2026-06-26T08:07:01.671Z</time>
        <name>308</name>
        <extensions>
          <speed_mps>26.822</speed_mps>
          <speed_mph>60.0</speed_mph>
        </extensions>
      </trkpt>
      <trkpt lat="52.09135" lon="1.29562">
        <ele>0</ele>
        <time>2026-06-26T08:07:03.049Z</time>
        <name>309</name>
        <extensions>
          <speed_mps>26.822</speed_mps>
          <speed_mph>60.0</speed_mph>
        </extensions>
      </trkpt>
      <trkpt lat="52.09164" lon="1.29590">
        <ele>0</ele>
        <time>2026-06-26T08:07:04.427Z</time>
        <name>310</name>
        <extensions>
          <speed_mps>26.822</speed_mps>
          <speed_mph>60.0</speed_mph>
        </extensions>
      </trkpt>
      <trkpt lat="52.09192" lon="1.29618">
        <ele>0</ele>
        <time>2026-06-26T08:07:05.804Z</time>
        <name>311</name>
        <extensions>
          <speed_mps>26.822</speed_mps>
          <speed_mph>60.0</speed_mph>
        </extensions>
      </trkpt>
      <trkpt lat="52.09221" lon="1.29646">
        <ele>0</ele>
        <time>2026-06-26T08:07:07.182Z</time>
        <name>312</name>
        <extensions>
          <speed_mps>26.822</speed_mps>
          <speed_mph>60.0</speed_mph>
        </extensions>
      </trkpt>
      <trkpt lat="52.09249" lon="1.29673">
        <ele>0</ele>
        <time>2026-06-26T08:07:08.560Z</time>
        <name>313</name>
        <extensions>
          <speed_mps>26.822</speed_mps>
          <speed_mph>60.0</speed_mph>
        </extensions>
      </trkpt>
      <trkpt lat="52.09278" lon="1.29701">
        <ele>0</ele>
        <time>2026-06-26T08:07:09.938Z</time>
        <name>314</name>
        <extensions>
          <speed_mps>26.822</speed_mps>
          <speed_mph>60.0</speed_mph>
        </extensions>
      </trkpt>
      <trkpt lat="52.09306" lon="1.29729">
        <ele>0</ele>
        <time>2026-06-26T08:07:11.315Z</time>
        <name>315</name>
        <extensions>
          <speed_mps>26.822</speed_mps>
          <speed_mph>60.0</speed_mph>
        </extensions>
      </trkpt>
      <trkpt lat="52.09336" lon="1.29755">
        <ele>0</ele>
        <time>2026-06-26T08:07:12.692Z</time>
        <name>316</name>
        <extensions>
          <speed_mps>26.822</speed_mps>
          <speed_mph>60.0</speed_mph>
        </extensions>
      </trkpt>
      <trkpt lat="52.09366" lon="1.29777">
        <ele>0</ele>
        <time>2026-06-26T08:07:14.070Z</time>
        <name>317</name>
        <extensions>
          <speed_mps>26.822</speed_mps>
          <speed_mph>60.0</speed_mph>
        </extensions>
      </trkpt>
      <trkpt lat="52.09397" lon="1.29797">
        <ele>0</ele>
        <time>2026-06-26T08:07:15.446Z</time>
        <name>318</name>
        <extensions>
          <speed_mps>26.822</speed_mps>
          <speed_mph>60.0</speed_mph>
        </extensions>
      </trkpt>
      <trkpt lat="52.09428" lon="1.29813">
        <ele>0</ele>
        <time>2026-06-26T08:07:16.823Z</time>
        <name>319</name>
        <extensions>
          <speed_mps>26.822</speed_mps>
          <speed_mph>60.0</speed_mph>
        </extensions>
      </trkpt>
      <trkpt lat="52.09461" lon="1.29820">
        <ele>0</ele>
        <time>2026-06-26T08:07:18.184Z</time>
        <name>320</name>
        <extensions>
          <speed_mps>26.822</speed_mps>
          <speed_mph>60.0</speed_mph>
        </extensions>
      </trkpt>
      <trkpt lat="52.09494" lon="1.29823">
        <ele>0</ele>
        <time>2026-06-26T08:07:19.555Z</time>
        <name>321</name>
        <extensions>
          <speed_mps>26.822</speed_mps>
          <speed_mph>60.0</speed_mph>
        </extensions>
      </trkpt>
      <trkpt lat="52.09527" lon="1.29826">
        <ele>0</ele>
        <time>2026-06-26T08:07:20.933Z</time>
        <name>322</name>
        <extensions>
          <speed_mps>26.822</speed_mps>
          <speed_mph>60.0</speed_mph>
        </extensions>
      </trkpt>
      <trkpt lat="52.09560" lon="1.29826">
        <ele>0</ele>
        <time>2026-06-26T08:07:22.310Z</time>
        <name>323</name>
        <extensions>
          <speed_mps>26.822</speed_mps>
          <speed_mph>60.0</speed_mph>
        </extensions>
      </trkpt>
      <trkpt lat="52.09592" lon="1.29813">
        <ele>0</ele>
        <time>2026-06-26T08:07:23.670Z</time>
        <name>324</name>
        <extensions>
          <speed_mps>26.822</speed_mps>
          <speed_mph>60.0</speed_mph>
        </extensions>
      </trkpt>
      <trkpt lat="52.09622" lon="1.29814">
        <ele>0</ele>
        <time>2026-06-26T08:07:24.921Z</time>
        <name>325</name>
        <extensions>
          <speed_mps>26.822</speed_mps>
          <speed_mph>60.0</speed_mph>
        </extensions>
      </trkpt>
      <trkpt lat="52.09624" lon="1.29863">
        <ele>0</ele>
        <time>2026-06-26T08:07:26.174Z</time>
        <name>326</name>
        <extensions>
          <speed_mps>26.822</speed_mps>
          <speed_mph>60.0</speed_mph>
        </extensions>
      </trkpt>
      <trkpt lat="52.09610" lon="1.29907">
        <ele>0</ele>
        <time>2026-06-26T08:07:27.456Z</time>
        <name>327</name>
        <extensions>
          <speed_mps>26.822</speed_mps>
          <speed_mph>60.0</speed_mph>
        </extensions>
      </trkpt>
      <trkpt lat="52.09618" lon="1.29960">
        <ele>0</ele>
        <time>2026-06-26T08:07:28.833Z</time>
        <name>328</name>
        <extensions>
          <speed_mps>26.822</speed_mps>
          <speed_mph>60.0</speed_mph>
        </extensions>
      </trkpt>
      <trkpt lat="52.09625" lon="1.30013">
        <ele>0</ele>
        <time>2026-06-26T08:07:30.211Z</time>
        <name>329</name>
        <extensions>
          <speed_mps>26.822</speed_mps>
          <speed_mph>60.0</speed_mph>
        </extensions>
      </trkpt>
      <trkpt lat="52.09632" lon="1.30066">
        <ele>0</ele>
        <time>2026-06-26T08:07:31.589Z</time>
        <name>330</name>
        <extensions>
          <speed_mps>26.822</speed_mps>
          <speed_mph>60.0</speed_mph>
        </extensions>
      </trkpt>
      <trkpt lat="52.09639" lon="1.30119">
        <ele>0</ele>
        <time>2026-06-26T08:07:32.967Z</time>
        <name>331</name>
        <extensions>
          <speed_mps>26.822</speed_mps>
          <speed_mph>60.0</speed_mph>
        </extensions>
      </trkpt>
      <trkpt lat="52.09645" lon="1.30172">
        <ele>0</ele>
        <time>2026-06-26T08:07:34.343Z</time>
        <name>332</name>
        <extensions>
          <speed_mps>26.822</speed_mps>
          <speed_mph>60.0</speed_mph>
        </extensions>
      </trkpt>
      <trkpt lat="52.09648" lon="1.30225">
        <ele>0</ele>
        <time>2026-06-26T08:07:35.719Z</time>
        <name>333</name>
        <extensions>
          <speed_mps>26.822</speed_mps>
          <speed_mph>60.0</speed_mph>
        </extensions>
      </trkpt>
      <trkpt lat="52.09647" lon="1.30280">
        <ele>0</ele>
        <time>2026-06-26T08:07:37.097Z</time>
        <name>334</name>
        <extensions>
          <speed_mps>26.822</speed_mps>
          <speed_mph>60.0</speed_mph>
        </extensions>
      </trkpt>
      <trkpt lat="52.09646" lon="1.30334">
        <ele>0</ele>
        <time>2026-06-26T08:07:38.474Z</time>
        <name>335</name>
        <extensions>
          <speed_mps>26.822</speed_mps>
          <speed_mph>60.0</speed_mph>
        </extensions>
      </trkpt>
      <trkpt lat="52.09646" lon="1.30388">
        <ele>0</ele>
        <time>2026-06-26T08:07:39.849Z</time>
        <name>336</name>
        <extensions>
          <speed_mps>26.822</speed_mps>
          <speed_mph>60.0</speed_mph>
        </extensions>
      </trkpt>
      <trkpt lat="52.09641" lon="1.30434">
        <ele>0</ele>
        <time>2026-06-26T08:07:41.042Z</time>
        <name>337</name>
        <extensions>
          <speed_mps>26.822</speed_mps>
          <speed_mph>60.0</speed_mph>
        </extensions>
      </trkpt>
      <trkpt lat="52.09622" lon="1.30478">
        <ele>0</ele>
        <time>2026-06-26T08:07:42.420Z</time>
        <name>338</name>
        <extensions>
          <speed_mps>26.822</speed_mps>
          <speed_mph>60.0</speed_mph>
        </extensions>
      </trkpt>
      <trkpt lat="52.09604" lon="1.30524">
        <ele>0</ele>
        <time>2026-06-26T08:07:43.797Z</time>
        <name>339</name>
        <extensions>
          <speed_mps>26.822</speed_mps>
          <speed_mph>60.0</speed_mph>
        </extensions>
      </trkpt>
      <trkpt lat="52.09588" lon="1.30571">
        <ele>0</ele>
        <time>2026-06-26T08:07:45.175Z</time>
        <name>340</name>
        <extensions>
          <speed_mps>26.822</speed_mps>
          <speed_mph>60.0</speed_mph>
        </extensions>
      </trkpt>
      <trkpt lat="52.09571" lon="1.30618">
        <ele>0</ele>
        <time>2026-06-26T08:07:46.552Z</time>
        <name>341</name>
        <extensions>
          <speed_mps>26.822</speed_mps>
          <speed_mph>60.0</speed_mph>
        </extensions>
      </trkpt>
      <trkpt lat="52.09555" lon="1.30665">
        <ele>0</ele>
        <time>2026-06-26T08:07:47.930Z</time>
        <name>342</name>
        <extensions>
          <speed_mps>26.822</speed_mps>
          <speed_mph>60.0</speed_mph>
        </extensions>
      </trkpt>
      <trkpt lat="52.09539" lon="1.30713">
        <ele>0</ele>
        <time>2026-06-26T08:07:49.308Z</time>
        <name>343</name>
        <extensions>
          <speed_mps>26.822</speed_mps>
          <speed_mph>60.0</speed_mph>
        </extensions>
      </trkpt>
      <trkpt lat="52.09525" lon="1.30762">
        <ele>0</ele>
        <time>2026-06-26T08:07:50.686Z</time>
        <name>344</name>
        <extensions>
          <speed_mps>26.822</speed_mps>
          <speed_mph>60.0</speed_mph>
        </extensions>
      </trkpt>
      <trkpt lat="52.09512" lon="1.30811">
        <ele>0</ele>
        <time>2026-06-26T08:07:52.063Z</time>
        <name>345</name>
        <extensions>
          <speed_mps>26.822</speed_mps>
          <speed_mph>60.0</speed_mph>
        </extensions>
      </trkpt>
      <trkpt lat="52.09502" lon="1.30863">
        <ele>0</ele>
        <time>2026-06-26T08:07:53.441Z</time>
        <name>346</name>
        <extensions>
          <speed_mps>26.822</speed_mps>
          <speed_mph>60.0</speed_mph>
        </extensions>
      </trkpt>
      <trkpt lat="52.09493" lon="1.30915">
        <ele>0</ele>
        <time>2026-06-26T08:07:54.818Z</time>
        <name>347</name>
        <extensions>
          <speed_mps>26.822</speed_mps>
          <speed_mph>60.0</speed_mph>
        </extensions>
      </trkpt>
      <trkpt lat="52.09486" lon="1.30968">
        <ele>0</ele>
        <time>2026-06-26T08:07:56.196Z</time>
        <name>348</name>
        <extensions>
          <speed_mps>26.822</speed_mps>
          <speed_mph>60.0</speed_mph>
        </extensions>
      </trkpt>
      <trkpt lat="52.09480" lon="1.31021">
        <ele>0</ele>
        <time>2026-06-26T08:07:57.573Z</time>
        <name>349</name>
        <extensions>
          <speed_mps>26.822</speed_mps>
          <speed_mph>60.0</speed_mph>
        </extensions>
      </trkpt>
      <trkpt lat="52.09474" lon="1.31074">
        <ele>0</ele>
        <time>2026-06-26T08:07:58.951Z</time>
        <name>350</name>
        <extensions>
          <speed_mps>26.822</speed_mps>
          <speed_mph>60.0</speed_mph>
        </extensions>
      </trkpt>
      <trkpt lat="52.09467" lon="1.31127">
        <ele>0</ele>
        <time>2026-06-26T08:08:00.327Z</time>
        <name>351</name>
        <extensions>
          <speed_mps>26.822</speed_mps>
          <speed_mph>60.0</speed_mph>
        </extensions>
      </trkpt>
      <trkpt lat="52.09458" lon="1.31179">
        <ele>0</ele>
        <time>2026-06-26T08:08:01.705Z</time>
        <name>352</name>
        <extensions>
          <speed_mps>26.822</speed_mps>
          <speed_mph>60.0</speed_mph>
        </extensions>
      </trkpt>
      <trkpt lat="52.09447" lon="1.31230">
        <ele>0</ele>
        <time>2026-06-26T08:08:03.082Z</time>
        <name>353</name>
        <extensions>
          <speed_mps>26.822</speed_mps>
          <speed_mph>60.0</speed_mph>
        </extensions>
      </trkpt>
      <trkpt lat="52.09436" lon="1.31281">
        <ele>0</ele>
        <time>2026-06-26T08:08:04.460Z</time>
        <name>354</name>
        <extensions>
          <speed_mps>26.822</speed_mps>
          <speed_mph>60.0</speed_mph>
        </extensions>
      </trkpt>
      <trkpt lat="52.09424" lon="1.31332">
        <ele>0</ele>
        <time>2026-06-26T08:08:05.837Z</time>
        <name>355</name>
        <extensions>
          <speed_mps>26.822</speed_mps>
          <speed_mph>60.0</speed_mph>
        </extensions>
      </trkpt>
      <trkpt lat="52.09411" lon="1.31381">
        <ele>0</ele>
        <time>2026-06-26T08:08:07.215Z</time>
        <name>356</name>
        <extensions>
          <speed_mps>26.822</speed_mps>
          <speed_mph>60.0</speed_mph>
        </extensions>
      </trkpt>
      <trkpt lat="52.09395" lon="1.31428">
        <ele>0</ele>
        <time>2026-06-26T08:08:08.556Z</time>
        <name>357</name>
        <extensions>
          <speed_mps>26.822</speed_mps>
          <speed_mph>60.0</speed_mph>
        </extensions>
      </trkpt>
      <trkpt lat="52.09401" lon="1.31480">
        <ele>0</ele>
        <time>2026-06-26T08:08:09.911Z</time>
        <name>358</name>
        <extensions>
          <speed_mps>26.822</speed_mps>
          <speed_mph>60.0</speed_mph>
        </extensions>
      </trkpt>
      <trkpt lat="52.09406" lon="1.31534">
        <ele>0</ele>
        <time>2026-06-26T08:08:11.288Z</time>
        <name>359</name>
        <extensions>
          <speed_mps>26.822</speed_mps>
          <speed_mph>60.0</speed_mph>
        </extensions>
      </trkpt>
      <trkpt lat="52.09411" lon="1.31587">
        <ele>0</ele>
        <time>2026-06-26T08:08:12.666Z</time>
        <name>360</name>
        <extensions>
          <speed_mps>26.822</speed_mps>
          <speed_mph>60.0</speed_mph>
        </extensions>
      </trkpt>
      <trkpt lat="52.09416" lon="1.31640">
        <ele>0</ele>
        <time>2026-06-26T08:08:14.044Z</time>
        <name>361</name>
        <extensions>
          <speed_mps>26.822</speed_mps>
          <speed_mph>60.0</speed_mph>
        </extensions>
      </trkpt>
      <trkpt lat="52.09426" lon="1.31692">
        <ele>0</ele>
        <time>2026-06-26T08:08:15.418Z</time>
        <name>362</name>
        <extensions>
          <speed_mps>26.822</speed_mps>
          <speed_mph>60.0</speed_mph>
        </extensions>
      </trkpt>
      <trkpt lat="52.09431" lon="1.31745">
        <ele>0</ele>
        <time>2026-06-26T08:08:16.791Z</time>
        <name>363</name>
        <extensions>
          <speed_mps>26.822</speed_mps>
          <speed_mph>60.0</speed_mph>
        </extensions>
      </trkpt>
      <trkpt lat="52.09422" lon="1.31796">
        <ele>0</ele>
        <time>2026-06-26T08:08:18.146Z</time>
        <name>364</name>
        <extensions>
          <speed_mps>26.822</speed_mps>
          <speed_mph>60.0</speed_mph>
        </extensions>
      </trkpt>
      <trkpt lat="52.09422" lon="1.31841">
        <ele>0</ele>
        <time>2026-06-26T08:08:19.286Z</time>
        <name>365</name>
        <extensions>
          <speed_mps>26.822</speed_mps>
          <speed_mph>60.0</speed_mph>
        </extensions>
      </trkpt>
      <trkpt lat="52.09438" lon="1.31888">
        <ele>0</ele>
        <time>2026-06-26T08:08:20.664Z</time>
        <name>366</name>
        <extensions>
          <speed_mps>26.822</speed_mps>
          <speed_mph>60.0</speed_mph>
        </extensions>
      </trkpt>
      <trkpt lat="52.09454" lon="1.31935">
        <ele>0</ele>
        <time>2026-06-26T08:08:22.042Z</time>
        <name>367</name>
        <extensions>
          <speed_mps>26.822</speed_mps>
          <speed_mph>60.0</speed_mph>
        </extensions>
      </trkpt>
      <trkpt lat="52.09469" lon="1.31984">
        <ele>0</ele>
        <time>2026-06-26T08:08:23.419Z</time>
        <name>368</name>
        <extensions>
          <speed_mps>26.822</speed_mps>
          <speed_mph>60.0</speed_mph>
        </extensions>
      </trkpt>
      <trkpt lat="52.09485" lon="1.32031">
        <ele>0</ele>
        <time>2026-06-26T08:08:24.797Z</time>
        <name>369</name>
        <extensions>
          <speed_mps>26.822</speed_mps>
          <speed_mph>60.0</speed_mph>
        </extensions>
      </trkpt>
      <trkpt lat="52.09473" lon="1.32078">
        <ele>0</ele>
        <time>2026-06-26T08:08:26.067Z</time>
        <name>370</name>
        <extensions>
          <speed_mps>26.822</speed_mps>
          <speed_mph>60.0</speed_mph>
        </extensions>
      </trkpt>
      <trkpt lat="52.09464" lon="1.32124">
        <ele>0</ele>
        <time>2026-06-26T08:08:27.299Z</time>
        <name>371</name>
        <extensions>
          <speed_mps>26.822</speed_mps>
          <speed_mph>60.0</speed_mph>
        </extensions>
      </trkpt>
      <trkpt lat="52.09495" lon="1.32139">
        <ele>0</ele>
        <time>2026-06-26T08:08:28.624Z</time>
        <name>372</name>
        <extensions>
          <speed_mps>26.822</speed_mps>
          <speed_mph>60.0</speed_mph>
        </extensions>
      </trkpt>
      <trkpt lat="52.09526" lon="1.32155">
        <ele>0</ele>
        <time>2026-06-26T08:08:30.000Z</time>
        <name>373</name>
        <extensions>
          <speed_mps>26.822</speed_mps>
          <speed_mph>60.0</speed_mph>
        </extensions>
      </trkpt>
      <trkpt lat="52.09558" lon="1.32173">
        <ele>0</ele>
        <time>2026-06-26T08:08:31.377Z</time>
        <name>374</name>
        <extensions>
          <speed_mps>26.822</speed_mps>
          <speed_mph>60.0</speed_mph>
        </extensions>
      </trkpt>
      <trkpt lat="52.09589" lon="1.32190">
        <ele>0</ele>
        <time>2026-06-26T08:08:32.755Z</time>
        <name>375</name>
        <extensions>
          <speed_mps>26.822</speed_mps>
          <speed_mph>60.0</speed_mph>
        </extensions>
      </trkpt>
      <trkpt lat="52.09620" lon="1.32210">
        <ele>0</ele>
        <time>2026-06-26T08:08:34.132Z</time>
        <name>376</name>
        <extensions>
          <speed_mps>26.822</speed_mps>
          <speed_mph>60.0</speed_mph>
        </extensions>
      </trkpt>
      <trkpt lat="52.09650" lon="1.32233">
        <ele>0</ele>
        <time>2026-06-26T08:08:35.508Z</time>
        <name>377</name>
        <extensions>
          <speed_mps>26.822</speed_mps>
          <speed_mph>60.0</speed_mph>
        </extensions>
      </trkpt>
      <trkpt lat="52.09678" lon="1.32262">
        <ele>0</ele>
        <time>2026-06-26T08:08:36.885Z</time>
        <name>378</name>
        <extensions>
          <speed_mps>26.822</speed_mps>
          <speed_mph>60.0</speed_mph>
        </extensions>
      </trkpt>
      <trkpt lat="52.09706" lon="1.32292">
        <ele>0</ele>
        <time>2026-06-26T08:08:38.263Z</time>
        <name>379</name>
        <extensions>
          <speed_mps>26.822</speed_mps>
          <speed_mph>60.0</speed_mph>
        </extensions>
      </trkpt>
      <trkpt lat="52.09735" lon="1.32317">
        <ele>0</ele>
        <time>2026-06-26T08:08:39.639Z</time>
        <name>380</name>
        <extensions>
          <speed_mps>26.822</speed_mps>
          <speed_mph>60.0</speed_mph>
        </extensions>
      </trkpt>
      <trkpt lat="52.09765" lon="1.32342">
        <ele>0</ele>
        <time>2026-06-26T08:08:41.017Z</time>
        <name>381</name>
        <extensions>
          <speed_mps>26.822</speed_mps>
          <speed_mph>60.0</speed_mph>
        </extensions>
      </trkpt>
      <trkpt lat="52.09783" lon="1.32374">
        <ele>0</ele>
        <time>2026-06-26T08:08:42.144Z</time>
        <name>382</name>
        <extensions>
          <speed_mps>26.822</speed_mps>
          <speed_mph>60.0</speed_mph>
        </extensions>
      </trkpt>
      <trkpt lat="52.09775" lon="1.32427">
        <ele>0</ele>
        <time>2026-06-26T08:08:43.518Z</time>
        <name>383</name>
        <extensions>
          <speed_mps>26.822</speed_mps>
          <speed_mph>60.0</speed_mph>
        </extensions>
      </trkpt>
      <trkpt lat="52.09769" lon="1.32478">
        <ele>0</ele>
        <time>2026-06-26T08:08:44.856Z</time>
        <name>384</name>
        <extensions>
          <speed_mps>26.822</speed_mps>
          <speed_mph>60.0</speed_mph>
        </extensions>
      </trkpt>
      <trkpt lat="52.09779" lon="1.32529">
        <ele>0</ele>
        <time>2026-06-26T08:08:46.218Z</time>
        <name>385</name>
        <extensions>
          <speed_mps>26.822</speed_mps>
          <speed_mph>60.0</speed_mph>
        </extensions>
      </trkpt>
      <trkpt lat="52.09799" lon="1.32573">
        <ele>0</ele>
        <time>2026-06-26T08:08:47.596Z</time>
        <name>386</name>
        <extensions>
          <speed_mps>26.822</speed_mps>
          <speed_mph>60.0</speed_mph>
        </extensions>
      </trkpt>
      <trkpt lat="52.09813" lon="1.32622">
        <ele>0</ele>
        <time>2026-06-26T08:08:48.963Z</time>
        <name>387</name>
        <extensions>
          <speed_mps>26.822</speed_mps>
          <speed_mph>60.0</speed_mph>
        </extensions>
      </trkpt>
      <trkpt lat="52.09822" lon="1.32674">
        <ele>0</ele>
        <time>2026-06-26T08:08:50.341Z</time>
        <name>388</name>
        <extensions>
          <speed_mps>26.822</speed_mps>
          <speed_mph>60.0</speed_mph>
        </extensions>
      </trkpt>
      <trkpt lat="52.09830" lon="1.32726">
        <ele>0</ele>
        <time>2026-06-26T08:08:51.718Z</time>
        <name>389</name>
        <extensions>
          <speed_mps>26.822</speed_mps>
          <speed_mph>60.0</speed_mph>
        </extensions>
      </trkpt>
      <trkpt lat="52.09836" lon="1.32779">
        <ele>0</ele>
        <time>2026-06-26T08:08:53.096Z</time>
        <name>390</name>
        <extensions>
          <speed_mps>26.822</speed_mps>
          <speed_mph>60.0</speed_mph>
        </extensions>
      </trkpt>
      <trkpt lat="52.09830" lon="1.32829">
        <ele>0</ele>
        <time>2026-06-26T08:08:54.386Z</time>
        <name>391</name>
        <extensions>
          <speed_mps>26.822</speed_mps>
          <speed_mph>60.0</speed_mph>
        </extensions>
      </trkpt>
      <trkpt lat="52.09808" lon="1.32865">
        <ele>0</ele>
        <time>2026-06-26T08:08:55.670Z</time>
        <name>392</name>
        <extensions>
          <speed_mps>26.822</speed_mps>
          <speed_mph>60.0</speed_mph>
        </extensions>
      </trkpt>
      <trkpt lat="52.09829" lon="1.32830">
        <ele>0</ele>
        <time>2026-06-26T08:08:56.913Z</time>
        <name>393</name>
        <extensions>
          <speed_mps>26.822</speed_mps>
          <speed_mph>60.0</speed_mph>
        </extensions>
      </trkpt>
      <trkpt lat="52.09837" lon="1.32781">
        <ele>0</ele>
        <time>2026-06-26T08:08:58.205Z</time>
        <name>394</name>
        <extensions>
          <speed_mps>26.822</speed_mps>
          <speed_mph>60.0</speed_mph>
        </extensions>
      </trkpt>
      <trkpt lat="52.09830" lon="1.32728">
        <ele>0</ele>
        <time>2026-06-26T08:08:59.582Z</time>
        <name>395</name>
        <extensions>
          <speed_mps>26.822</speed_mps>
          <speed_mph>60.0</speed_mph>
        </extensions>
      </trkpt>
      <trkpt lat="52.09822" lon="1.32675">
        <ele>0</ele>
        <time>2026-06-26T08:09:00.960Z</time>
        <name>396</name>
        <extensions>
          <speed_mps>26.822</speed_mps>
          <speed_mph>60.0</speed_mph>
        </extensions>
      </trkpt>
      <trkpt lat="52.09813" lon="1.32623">
        <ele>0</ele>
        <time>2026-06-26T08:09:02.338Z</time>
        <name>397</name>
        <extensions>
          <speed_mps>26.822</speed_mps>
          <speed_mph>60.0</speed_mph>
        </extensions>
      </trkpt>
      <trkpt lat="52.09799" lon="1.32575">
        <ele>0</ele>
        <time>2026-06-26T08:09:03.705Z</time>
        <name>398</name>
        <extensions>
          <speed_mps>26.822</speed_mps>
          <speed_mph>60.0</speed_mph>
        </extensions>
      </trkpt>
      <trkpt lat="52.09780" lon="1.32531">
        <ele>0</ele>
        <time>2026-06-26T08:09:05.083Z</time>
        <name>399</name>
        <extensions>
          <speed_mps>26.822</speed_mps>
          <speed_mph>60.0</speed_mph>
        </extensions>
      </trkpt>
      <trkpt lat="52.09769" lon="1.32480">
        <ele>0</ele>
        <time>2026-06-26T08:09:06.443Z</time>
        <name>400</name>
        <extensions>
          <speed_mps>26.822</speed_mps>
          <speed_mph>60.0</speed_mph>
        </extensions>
      </trkpt>
      <trkpt lat="52.09775" lon="1.32429">
        <ele>0</ele>
        <time>2026-06-26T08:09:07.778Z</time>
        <name>401</name>
        <extensions>
          <speed_mps>26.822</speed_mps>
          <speed_mph>60.0</speed_mph>
        </extensions>
      </trkpt>
      <trkpt lat="52.09783" lon="1.32376">
        <ele>0</ele>
        <time>2026-06-26T08:09:09.152Z</time>
        <name>402</name>
        <extensions>
          <speed_mps>26.822</speed_mps>
          <speed_mph>60.0</speed_mph>
        </extensions>
      </trkpt>
      <trkpt lat="52.09766" lon="1.32342">
        <ele>0</ele>
        <time>2026-06-26T08:09:10.263Z</time>
        <name>403</name>
        <extensions>
          <speed_mps>26.822</speed_mps>
          <speed_mph>60.0</speed_mph>
        </extensions>
      </trkpt>
      <trkpt lat="52.09736" lon="1.32318">
        <ele>0</ele>
        <time>2026-06-26T08:09:11.641Z</time>
        <name>404</name>
        <extensions>
          <speed_mps>26.822</speed_mps>
          <speed_mph>60.0</speed_mph>
        </extensions>
      </trkpt>
      <trkpt lat="52.09706" lon="1.32293">
        <ele>0</ele>
        <time>2026-06-26T08:09:13.017Z</time>
        <name>405</name>
        <extensions>
          <speed_mps>26.822</speed_mps>
          <speed_mph>60.0</speed_mph>
        </extensions>
      </trkpt>
      <trkpt lat="52.09679" lon="1.32263">
        <ele>0</ele>
        <time>2026-06-26T08:09:14.395Z</time>
        <name>406</name>
        <extensions>
          <speed_mps>26.822</speed_mps>
          <speed_mph>60.0</speed_mph>
        </extensions>
      </trkpt>
      <trkpt lat="52.09651" lon="1.32234">
        <ele>0</ele>
        <time>2026-06-26T08:09:15.772Z</time>
        <name>407</name>
        <extensions>
          <speed_mps>26.822</speed_mps>
          <speed_mph>60.0</speed_mph>
        </extensions>
      </trkpt>
      <trkpt lat="52.09641" lon="1.32192">
        <ele>0</ele>
        <time>2026-06-26T08:09:16.931Z</time>
        <name>408</name>
        <extensions>
          <speed_mps>26.822</speed_mps>
          <speed_mph>60.0</speed_mph>
        </extensions>
      </trkpt>
      <trkpt lat="52.09645" lon="1.32138">
        <ele>0</ele>
        <time>2026-06-26T08:09:18.308Z</time>
        <name>409</name>
        <extensions>
          <speed_mps>26.822</speed_mps>
          <speed_mph>60.0</speed_mph>
        </extensions>
      </trkpt>
      <trkpt lat="52.09654" lon="1.32086">
        <ele>0</ele>
        <time>2026-06-26T08:09:19.685Z</time>
        <name>410</name>
        <extensions>
          <speed_mps>26.822</speed_mps>
          <speed_mph>60.0</speed_mph>
        </extensions>
      </trkpt>
      <trkpt lat="52.09670" lon="1.32039">
        <ele>0</ele>
        <time>2026-06-26T08:09:21.059Z</time>
        <name>411</name>
        <extensions>
          <speed_mps>26.822</speed_mps>
          <speed_mph>60.0</speed_mph>
        </extensions>
      </trkpt>
      <trkpt lat="52.09686" lon="1.31992">
        <ele>0</ele>
        <time>2026-06-26T08:09:22.436Z</time>
        <name>412</name>
        <extensions>
          <speed_mps>26.822</speed_mps>
          <speed_mph>60.0</speed_mph>
        </extensions>
      </trkpt>
      <trkpt lat="52.09696" lon="1.31940">
        <ele>0</ele>
        <time>2026-06-26T08:09:23.812Z</time>
        <name>413</name>
        <extensions>
          <speed_mps>26.822</speed_mps>
          <speed_mph>60.0</speed_mph>
        </extensions>
      </trkpt>
      <trkpt lat="52.09705" lon="1.31888">
        <ele>0</ele>
        <time>2026-06-26T08:09:25.190Z</time>
        <name>414</name>
        <extensions>
          <speed_mps>26.822</speed_mps>
          <speed_mph>60.0</speed_mph>
        </extensions>
      </trkpt>
      <trkpt lat="52.09715" lon="1.31836">
        <ele>0</ele>
        <time>2026-06-26T08:09:26.566Z</time>
        <name>415</name>
        <extensions>
          <speed_mps>26.822</speed_mps>
          <speed_mph>60.0</speed_mph>
        </extensions>
      </trkpt>
      <trkpt lat="52.09730" lon="1.31788">
        <ele>0</ele>
        <time>2026-06-26T08:09:27.941Z</time>
        <name>416</name>
        <extensions>
          <speed_mps>26.822</speed_mps>
          <speed_mph>60.0</speed_mph>
        </extensions>
      </trkpt>
      <trkpt lat="52.09747" lon="1.31741">
        <ele>0</ele>
        <time>2026-06-26T08:09:29.319Z</time>
        <name>417</name>
        <extensions>
          <speed_mps>26.822</speed_mps>
          <speed_mph>60.0</speed_mph>
        </extensions>
      </trkpt>
      <trkpt lat="52.09763" lon="1.31694">
        <ele>0</ele>
        <time>2026-06-26T08:09:30.697Z</time>
        <name>418</name>
        <extensions>
          <speed_mps>26.822</speed_mps>
          <speed_mph>60.0</speed_mph>
        </extensions>
      </trkpt>
      <trkpt lat="52.09780" lon="1.31647">
        <ele>0</ele>
        <time>2026-06-26T08:09:32.075Z</time>
        <name>419</name>
        <extensions>
          <speed_mps>26.822</speed_mps>
          <speed_mph>60.0</speed_mph>
        </extensions>
      </trkpt>
      <trkpt lat="52.09796" lon="1.31600">
        <ele>0</ele>
        <time>2026-06-26T08:09:33.452Z</time>
        <name>420</name>
        <extensions>
          <speed_mps>26.822</speed_mps>
          <speed_mph>60.0</speed_mph>
        </extensions>
      </trkpt>
      <trkpt lat="52.09813" lon="1.31553">
        <ele>0</ele>
        <time>2026-06-26T08:09:34.830Z</time>
        <name>421</name>
        <extensions>
          <speed_mps>26.822</speed_mps>
          <speed_mph>60.0</speed_mph>
        </extensions>
      </trkpt>
      <trkpt lat="52.09831" lon="1.31508">
        <ele>0</ele>
        <time>2026-06-26T08:09:36.208Z</time>
        <name>422</name>
        <extensions>
          <speed_mps>26.822</speed_mps>
          <speed_mph>60.0</speed_mph>
        </extensions>
      </trkpt>
      <trkpt lat="52.09849" lon="1.31462">
        <ele>0</ele>
        <time>2026-06-26T08:09:37.585Z</time>
        <name>423</name>
        <extensions>
          <speed_mps>26.822</speed_mps>
          <speed_mph>60.0</speed_mph>
        </extensions>
      </trkpt>
      <trkpt lat="52.09870" lon="1.31420">
        <ele>0</ele>
        <time>2026-06-26T08:09:38.963Z</time>
        <name>424</name>
        <extensions>
          <speed_mps>26.822</speed_mps>
          <speed_mph>60.0</speed_mph>
        </extensions>
      </trkpt>
      <trkpt lat="52.09893" lon="1.31382">
        <ele>0</ele>
        <time>2026-06-26T08:09:40.340Z</time>
        <name>425</name>
        <extensions>
          <speed_mps>26.822</speed_mps>
          <speed_mph>60.0</speed_mph>
        </extensions>
      </trkpt>
      <trkpt lat="52.09917" lon="1.31344">
        <ele>0</ele>
        <time>2026-06-26T08:09:41.718Z</time>
        <name>426</name>
        <extensions>
          <speed_mps>26.822</speed_mps>
          <speed_mph>60.0</speed_mph>
        </extensions>
      </trkpt>
      <trkpt lat="52.09942" lon="1.31308">
        <ele>0</ele>
        <time>2026-06-26T08:09:43.094Z</time>
        <name>427</name>
        <extensions>
          <speed_mps>26.822</speed_mps>
          <speed_mph>60.0</speed_mph>
        </extensions>
      </trkpt>
      <trkpt lat="52.09972" lon="1.31297">
        <ele>0</ele>
        <time>2026-06-26T08:09:44.393Z</time>
        <name>428</name>
        <extensions>
          <speed_mps>26.822</speed_mps>
          <speed_mph>60.0</speed_mph>
        </extensions>
      </trkpt>
      <trkpt lat="52.10005" lon="1.31307">
        <ele>0</ele>
        <time>2026-06-26T08:09:45.771Z</time>
        <name>429</name>
        <extensions>
          <speed_mps>26.822</speed_mps>
          <speed_mph>60.0</speed_mph>
        </extensions>
      </trkpt>
      <trkpt lat="52.10034" lon="1.31332">
        <ele>0</ele>
        <time>2026-06-26T08:09:47.127Z</time>
        <name>430</name>
        <extensions>
          <speed_mps>26.822</speed_mps>
          <speed_mph>60.0</speed_mph>
        </extensions>
      </trkpt>
      <trkpt lat="52.10057" lon="1.31371">
        <ele>0</ele>
        <time>2026-06-26T08:09:48.505Z</time>
        <name>431</name>
        <extensions>
          <speed_mps>26.822</speed_mps>
          <speed_mph>60.0</speed_mph>
        </extensions>
      </trkpt>
      <trkpt lat="52.10082" lon="1.31407">
        <ele>0</ele>
        <time>2026-06-26T08:09:49.878Z</time>
        <name>432</name>
        <extensions>
          <speed_mps>26.822</speed_mps>
          <speed_mph>60.0</speed_mph>
        </extensions>
      </trkpt>
      <trkpt lat="52.10111" lon="1.31431">
        <ele>0</ele>
        <time>2026-06-26T08:09:51.252Z</time>
        <name>433</name>
        <extensions>
          <speed_mps>26.822</speed_mps>
          <speed_mph>60.0</speed_mph>
        </extensions>
      </trkpt>
      <trkpt lat="52.10144" lon="1.31442">
        <ele>0</ele>
        <time>2026-06-26T08:09:52.628Z</time>
        <name>434</name>
        <extensions>
          <speed_mps>26.822</speed_mps>
          <speed_mph>60.0</speed_mph>
        </extensions>
      </trkpt>
      <trkpt lat="52.10177" lon="1.31448">
        <ele>0</ele>
        <time>2026-06-26T08:09:54.003Z</time>
        <name>435</name>
        <extensions>
          <speed_mps>26.822</speed_mps>
          <speed_mph>60.0</speed_mph>
        </extensions>
      </trkpt>
      <trkpt lat="52.10210" lon="1.31447">
        <ele>0</ele>
        <time>2026-06-26T08:09:55.381Z</time>
        <name>436</name>
        <extensions>
          <speed_mps>26.822</speed_mps>
          <speed_mph>60.0</speed_mph>
        </extensions>
      </trkpt>
      <trkpt lat="52.10243" lon="1.31441">
        <ele>0</ele>
        <time>2026-06-26T08:09:56.759Z</time>
        <name>437</name>
        <extensions>
          <speed_mps>26.822</speed_mps>
          <speed_mph>60.0</speed_mph>
        </extensions>
      </trkpt>
      <trkpt lat="52.10276" lon="1.31435">
        <ele>0</ele>
        <time>2026-06-26T08:09:58.136Z</time>
        <name>438</name>
        <extensions>
          <speed_mps>26.822</speed_mps>
          <speed_mph>60.0</speed_mph>
        </extensions>
      </trkpt>
      <trkpt lat="52.10309" lon="1.31432">
        <ele>0</ele>
        <time>2026-06-26T08:09:59.513Z</time>
        <name>439</name>
        <extensions>
          <speed_mps>26.822</speed_mps>
          <speed_mph>60.0</speed_mph>
        </extensions>
      </trkpt>
      <trkpt lat="52.10342" lon="1.31423">
        <ele>0</ele>
        <time>2026-06-26T08:10:00.878Z</time>
        <name>440</name>
        <extensions>
          <speed_mps>26.822</speed_mps>
          <speed_mph>60.0</speed_mph>
        </extensions>
      </trkpt>
      <trkpt lat="52.10373" lon="1.31404">
        <ele>0</ele>
        <time>2026-06-26T08:10:02.255Z</time>
        <name>441</name>
        <extensions>
          <speed_mps>26.822</speed_mps>
          <speed_mph>60.0</speed_mph>
        </extensions>
      </trkpt>
      <trkpt lat="52.10403" lon="1.31380">
        <ele>0</ele>
        <time>2026-06-26T08:10:03.633Z</time>
        <name>442</name>
        <extensions>
          <speed_mps>26.822</speed_mps>
          <speed_mph>60.0</speed_mph>
        </extensions>
      </trkpt>
      <trkpt lat="52.10433" lon="1.31358">
        <ele>0</ele>
        <time>2026-06-26T08:10:05.010Z</time>
        <name>443</name>
        <extensions>
          <speed_mps>26.822</speed_mps>
          <speed_mph>60.0</speed_mph>
        </extensions>
      </trkpt>
      <trkpt lat="52.10463" lon="1.31337">
        <ele>0</ele>
        <time>2026-06-26T08:10:06.388Z</time>
        <name>444</name>
        <extensions>
          <speed_mps>26.822</speed_mps>
          <speed_mph>60.0</speed_mph>
        </extensions>
      </trkpt>
      <trkpt lat="52.10495" lon="1.31322">
        <ele>0</ele>
        <time>2026-06-26T08:10:07.764Z</time>
        <name>445</name>
        <extensions>
          <speed_mps>26.822</speed_mps>
          <speed_mph>60.0</speed_mph>
        </extensions>
      </trkpt>
      <trkpt lat="52.10528" lon="1.31311">
        <ele>0</ele>
        <time>2026-06-26T08:10:09.142Z</time>
        <name>446</name>
        <extensions>
          <speed_mps>26.822</speed_mps>
          <speed_mph>60.0</speed_mph>
        </extensions>
      </trkpt>
      <trkpt lat="52.10560" lon="1.31300">
        <ele>0</ele>
        <time>2026-06-26T08:10:10.519Z</time>
        <name>447</name>
        <extensions>
          <speed_mps>26.822</speed_mps>
          <speed_mph>60.0</speed_mph>
        </extensions>
      </trkpt>
      <trkpt lat="52.10593" lon="1.31289">
        <ele>0</ele>
        <time>2026-06-26T08:10:11.897Z</time>
        <name>448</name>
        <extensions>
          <speed_mps>26.822</speed_mps>
          <speed_mph>60.0</speed_mph>
        </extensions>
      </trkpt>
      <trkpt lat="52.10587" lon="1.31237">
        <ele>0</ele>
        <time>2026-06-26T08:10:13.242Z</time>
        <name>449</name>
        <extensions>
          <speed_mps>26.822</speed_mps>
          <speed_mph>60.0</speed_mph>
        </extensions>
      </trkpt>
      <trkpt lat="52.10580" lon="1.31184">
        <ele>0</ele>
        <time>2026-06-26T08:10:14.619Z</time>
        <name>450</name>
        <extensions>
          <speed_mps>26.822</speed_mps>
          <speed_mph>60.0</speed_mph>
        </extensions>
      </trkpt>
      <trkpt lat="52.10573" lon="1.31131">
        <ele>0</ele>
        <time>2026-06-26T08:10:15.997Z</time>
        <name>451</name>
        <extensions>
          <speed_mps>26.822</speed_mps>
          <speed_mph>60.0</speed_mph>
        </extensions>
      </trkpt>
      <trkpt lat="52.10570" lon="1.31077">
        <ele>0</ele>
        <time>2026-06-26T08:10:17.370Z</time>
        <name>452</name>
        <extensions>
          <speed_mps>26.822</speed_mps>
          <speed_mph>60.0</speed_mph>
        </extensions>
      </trkpt>
      <trkpt lat="52.10572" lon="1.31023">
        <ele>0</ele>
        <time>2026-06-26T08:10:18.740Z</time>
        <name>453</name>
        <extensions>
          <speed_mps>26.822</speed_mps>
          <speed_mph>60.0</speed_mph>
        </extensions>
      </trkpt>
      <trkpt lat="52.10563" lon="1.30972">
        <ele>0</ele>
        <time>2026-06-26T08:10:20.099Z</time>
        <name>454</name>
        <extensions>
          <speed_mps>26.822</speed_mps>
          <speed_mph>60.0</speed_mph>
        </extensions>
      </trkpt>
      <trkpt lat="52.10583" lon="1.30934">
        <ele>0</ele>
        <time>2026-06-26T08:10:21.385Z</time>
        <name>455</name>
        <extensions>
          <speed_mps>26.822</speed_mps>
          <speed_mph>60.0</speed_mph>
        </extensions>
      </trkpt>
      <trkpt lat="52.10612" lon="1.30954">
        <ele>0</ele>
        <time>2026-06-26T08:10:22.670Z</time>
        <name>456</name>
        <extensions>
          <speed_mps>26.822</speed_mps>
          <speed_mph>60.0</speed_mph>
        </extensions>
      </trkpt>
      <trkpt lat="52.10634" lon="1.30995">
        <ele>0</ele>
        <time>2026-06-26T08:10:24.047Z</time>
        <name>457</name>
        <extensions>
          <speed_mps>26.822</speed_mps>
          <speed_mph>60.0</speed_mph>
        </extensions>
      </trkpt>
      <trkpt lat="52.10659" lon="1.31030">
        <ele>0</ele>
        <time>2026-06-26T08:10:25.416Z</time>
        <name>458</name>
        <extensions>
          <speed_mps>26.822</speed_mps>
          <speed_mph>60.0</speed_mph>
        </extensions>
      </trkpt>
      <trkpt lat="52.10688" lon="1.31055">
        <ele>0</ele>
        <time>2026-06-26T08:10:26.791Z</time>
        <name>459</name>
        <extensions>
          <speed_mps>26.822</speed_mps>
          <speed_mph>60.0</speed_mph>
        </extensions>
      </trkpt>
      <trkpt lat="52.10717" lon="1.31078">
        <ele>0</ele>
        <time>2026-06-26T08:10:28.144Z</time>
        <name>460</name>
        <extensions>
          <speed_mps>26.822</speed_mps>
          <speed_mph>60.0</speed_mph>
        </extensions>
      </trkpt>
      <trkpt lat="52.10749" lon="1.31094">
        <ele>0</ele>
        <time>2026-06-26T08:10:29.521Z</time>
        <name>461</name>
        <extensions>
          <speed_mps>26.822</speed_mps>
          <speed_mph>60.0</speed_mph>
        </extensions>
      </trkpt>
      <trkpt lat="52.10782" lon="1.31106">
        <ele>0</ele>
        <time>2026-06-26T08:10:30.899Z</time>
        <name>462</name>
        <extensions>
          <speed_mps>26.822</speed_mps>
          <speed_mph>60.0</speed_mph>
        </extensions>
      </trkpt>
      <trkpt lat="52.10814" lon="1.31117">
        <ele>0</ele>
        <time>2026-06-26T08:10:32.276Z</time>
        <name>463</name>
        <extensions>
          <speed_mps>26.822</speed_mps>
          <speed_mph>60.0</speed_mph>
        </extensions>
      </trkpt>
      <trkpt lat="52.10847" lon="1.31127">
        <ele>0</ele>
        <time>2026-06-26T08:10:33.654Z</time>
        <name>464</name>
        <extensions>
          <speed_mps>26.822</speed_mps>
          <speed_mph>60.0</speed_mph>
        </extensions>
      </trkpt>
      <trkpt lat="52.10879" lon="1.31137">
        <ele>0</ele>
        <time>2026-06-26T08:10:35.032Z</time>
        <name>465</name>
        <extensions>
          <speed_mps>26.822</speed_mps>
          <speed_mph>60.0</speed_mph>
        </extensions>
      </trkpt>
      <trkpt lat="52.10912" lon="1.31147">
        <ele>0</ele>
        <time>2026-06-26T08:10:36.410Z</time>
        <name>466</name>
        <extensions>
          <speed_mps>26.822</speed_mps>
          <speed_mph>60.0</speed_mph>
        </extensions>
      </trkpt>
      <trkpt lat="52.10945" lon="1.31157">
        <ele>0</ele>
        <time>2026-06-26T08:10:37.787Z</time>
        <name>467</name>
        <extensions>
          <speed_mps>26.822</speed_mps>
          <speed_mph>60.0</speed_mph>
        </extensions>
      </trkpt>
      <trkpt lat="52.10977" lon="1.31166">
        <ele>0</ele>
        <time>2026-06-26T08:10:39.165Z</time>
        <name>468</name>
        <extensions>
          <speed_mps>26.822</speed_mps>
          <speed_mph>60.0</speed_mph>
        </extensions>
      </trkpt>
      <trkpt lat="52.11010" lon="1.31176">
        <ele>0</ele>
        <time>2026-06-26T08:10:40.543Z</time>
        <name>469</name>
        <extensions>
          <speed_mps>26.822</speed_mps>
          <speed_mph>60.0</speed_mph>
        </extensions>
      </trkpt>
      <trkpt lat="52.11043" lon="1.31185">
        <ele>0</ele>
        <time>2026-06-26T08:10:41.921Z</time>
        <name>470</name>
        <extensions>
          <speed_mps>26.822</speed_mps>
          <speed_mph>60.0</speed_mph>
        </extensions>
      </trkpt>
      <trkpt lat="52.11076" lon="1.31195">
        <ele>0</ele>
        <time>2026-06-26T08:10:43.298Z</time>
        <name>471</name>
        <extensions>
          <speed_mps>26.822</speed_mps>
          <speed_mph>60.0</speed_mph>
        </extensions>
      </trkpt>
      <trkpt lat="52.11108" lon="1.31204">
        <ele>0</ele>
        <time>2026-06-26T08:10:44.676Z</time>
        <name>472</name>
        <extensions>
          <speed_mps>26.822</speed_mps>
          <speed_mph>60.0</speed_mph>
        </extensions>
      </trkpt>
      <trkpt lat="52.11141" lon="1.31214">
        <ele>0</ele>
        <time>2026-06-26T08:10:46.054Z</time>
        <name>473</name>
        <extensions>
          <speed_mps>26.822</speed_mps>
          <speed_mph>60.0</speed_mph>
        </extensions>
      </trkpt>
      <trkpt lat="52.11174" lon="1.31223">
        <ele>0</ele>
        <time>2026-06-26T08:10:47.432Z</time>
        <name>474</name>
        <extensions>
          <speed_mps>26.822</speed_mps>
          <speed_mph>60.0</speed_mph>
        </extensions>
      </trkpt>
      <trkpt lat="52.11207" lon="1.31233">
        <ele>0</ele>
        <time>2026-06-26T08:10:48.809Z</time>
        <name>475</name>
        <extensions>
          <speed_mps>26.822</speed_mps>
          <speed_mph>60.0</speed_mph>
        </extensions>
      </trkpt>
      <trkpt lat="52.11239" lon="1.31242">
        <ele>0</ele>
        <time>2026-06-26T08:10:50.187Z</time>
        <name>476</name>
        <extensions>
          <speed_mps>26.822</speed_mps>
          <speed_mph>60.0</speed_mph>
        </extensions>
      </trkpt>
      <trkpt lat="52.11272" lon="1.31252">
        <ele>0</ele>
        <time>2026-06-26T08:10:51.565Z</time>
        <name>477</name>
        <extensions>
          <speed_mps>26.822</speed_mps>
          <speed_mph>60.0</speed_mph>
        </extensions>
      </trkpt>
      <trkpt lat="52.11305" lon="1.31262">
        <ele>0</ele>
        <time>2026-06-26T08:10:52.942Z</time>
        <name>478</name>
        <extensions>
          <speed_mps>26.822</speed_mps>
          <speed_mph>60.0</speed_mph>
        </extensions>
      </trkpt>
      <trkpt lat="52.11337" lon="1.31272">
        <ele>0</ele>
        <time>2026-06-26T08:10:54.320Z</time>
        <name>479</name>
        <extensions>
          <speed_mps>26.822</speed_mps>
          <speed_mph>60.0</speed_mph>
        </extensions>
      </trkpt>
      <trkpt lat="52.11370" lon="1.31282">
        <ele>0</ele>
        <time>2026-06-26T08:10:55.698Z</time>
        <name>480</name>
        <extensions>
          <speed_mps>26.822</speed_mps>
          <speed_mph>60.0</speed_mph>
        </extensions>
      </trkpt>
      <trkpt lat="52.11403" lon="1.31292">
        <ele>0</ele>
        <time>2026-06-26T08:10:57.076Z</time>
        <name>481</name>
        <extensions>
          <speed_mps>26.822</speed_mps>
          <speed_mph>60.0</speed_mph>
        </extensions>
      </trkpt>
      <trkpt lat="52.11435" lon="1.31302">
        <ele>0</ele>
        <time>2026-06-26T08:10:58.453Z</time>
        <name>482</name>
        <extensions>
          <speed_mps>26.822</speed_mps>
          <speed_mph>60.0</speed_mph>
        </extensions>
      </trkpt>
      <trkpt lat="52.11468" lon="1.31314">
        <ele>0</ele>
        <time>2026-06-26T08:10:59.831Z</time>
        <name>483</name>
        <extensions>
          <speed_mps>26.822</speed_mps>
          <speed_mph>60.0</speed_mph>
        </extensions>
      </trkpt>
      <trkpt lat="52.11500" lon="1.31328">
        <ele>0</ele>
        <time>2026-06-26T08:11:01.208Z</time>
        <name>484</name>
        <extensions>
          <speed_mps>26.822</speed_mps>
          <speed_mph>60.0</speed_mph>
        </extensions>
      </trkpt>
      <trkpt lat="52.11532" lon="1.31344">
        <ele>0</ele>
        <time>2026-06-26T08:11:02.586Z</time>
        <name>485</name>
        <extensions>
          <speed_mps>26.822</speed_mps>
          <speed_mph>60.0</speed_mph>
        </extensions>
      </trkpt>
      <trkpt lat="52.11563" lon="1.31359">
        <ele>0</ele>
        <time>2026-06-26T08:11:03.964Z</time>
        <name>486</name>
        <extensions>
          <speed_mps>26.822</speed_mps>
          <speed_mph>60.0</speed_mph>
        </extensions>
      </trkpt>
      <trkpt lat="52.11593" lon="1.31382">
        <ele>0</ele>
        <time>2026-06-26T08:11:05.339Z</time>
        <name>487</name>
        <extensions>
          <speed_mps>26.822</speed_mps>
          <speed_mph>60.0</speed_mph>
        </extensions>
      </trkpt>
      <trkpt lat="52.11623" lon="1.31406">
        <ele>0</ele>
        <time>2026-06-26T08:11:06.716Z</time>
        <name>488</name>
        <extensions>
          <speed_mps>26.822</speed_mps>
          <speed_mph>60.0</speed_mph>
        </extensions>
      </trkpt>
      <trkpt lat="52.11653" lon="1.31430">
        <ele>0</ele>
        <time>2026-06-26T08:11:08.094Z</time>
        <name>489</name>
        <extensions>
          <speed_mps>26.822</speed_mps>
          <speed_mph>60.0</speed_mph>
        </extensions>
      </trkpt>
      <trkpt lat="52.11681" lon="1.31458">
        <ele>0</ele>
        <time>2026-06-26T08:11:09.472Z</time>
        <name>490</name>
        <extensions>
          <speed_mps>26.822</speed_mps>
          <speed_mph>60.0</speed_mph>
        </extensions>
      </trkpt>
      <trkpt lat="52.11709" lon="1.31488">
        <ele>0</ele>
        <time>2026-06-26T08:11:10.849Z</time>
        <name>491</name>
        <extensions>
          <speed_mps>26.822</speed_mps>
          <speed_mph>60.0</speed_mph>
        </extensions>
      </trkpt>
      <trkpt lat="52.11737" lon="1.31519">
        <ele>0</ele>
        <time>2026-06-26T08:11:12.227Z</time>
        <name>492</name>
        <extensions>
          <speed_mps>26.822</speed_mps>
          <speed_mph>60.0</speed_mph>
        </extensions>
      </trkpt>
      <trkpt lat="52.11762" lon="1.31553">
        <ele>0</ele>
        <time>2026-06-26T08:11:13.603Z</time>
        <name>493</name>
        <extensions>
          <speed_mps>26.822</speed_mps>
          <speed_mph>60.0</speed_mph>
        </extensions>
      </trkpt>
      <trkpt lat="52.11787" lon="1.31588">
        <ele>0</ele>
        <time>2026-06-26T08:11:14.981Z</time>
        <name>494</name>
        <extensions>
          <speed_mps>26.822</speed_mps>
          <speed_mph>60.0</speed_mph>
        </extensions>
      </trkpt>
      <trkpt lat="52.11812" lon="1.31624">
        <ele>0</ele>
        <time>2026-06-26T08:11:16.358Z</time>
        <name>495</name>
        <extensions>
          <speed_mps>26.822</speed_mps>
          <speed_mph>60.0</speed_mph>
        </extensions>
      </trkpt>
      <trkpt lat="52.11837" lon="1.31660">
        <ele>0</ele>
        <time>2026-06-26T08:11:17.736Z</time>
        <name>496</name>
        <extensions>
          <speed_mps>26.822</speed_mps>
          <speed_mph>60.0</speed_mph>
        </extensions>
      </trkpt>
      <trkpt lat="52.11862" lon="1.31695">
        <ele>0</ele>
        <time>2026-06-26T08:11:19.114Z</time>
        <name>497</name>
        <extensions>
          <speed_mps>26.822</speed_mps>
          <speed_mph>60.0</speed_mph>
        </extensions>
      </trkpt>
      <trkpt lat="52.11887" lon="1.31731">
        <ele>0</ele>
        <time>2026-06-26T08:11:20.491Z</time>
        <name>498</name>
        <extensions>
          <speed_mps>26.822</speed_mps>
          <speed_mph>60.0</speed_mph>
        </extensions>
      </trkpt>
      <trkpt lat="52.11911" lon="1.31769">
        <ele>0</ele>
        <time>2026-06-26T08:11:21.869Z</time>
        <name>499</name>
        <extensions>
          <speed_mps>26.822</speed_mps>
          <speed_mph>60.0</speed_mph>
        </extensions>
      </trkpt>
      <trkpt lat="52.11935" lon="1.31807">
        <ele>0</ele>
        <time>2026-06-26T08:11:23.247Z</time>
        <name>500</name>
        <extensions>
          <speed_mps>26.822</speed_mps>
          <speed_mph>60.0</speed_mph>
        </extensions>
      </trkpt>
      <trkpt lat="52.11959" lon="1.31844">
        <ele>0</ele>
        <time>2026-06-26T08:11:24.624Z</time>
        <name>501</name>
        <extensions>
          <speed_mps>26.822</speed_mps>
          <speed_mph>60.0</speed_mph>
        </extensions>
      </trkpt>
      <trkpt lat="52.11982" lon="1.31882">
        <ele>0</ele>
        <time>2026-06-26T08:11:26.002Z</time>
        <name>502</name>
        <extensions>
          <speed_mps>26.822</speed_mps>
          <speed_mph>60.0</speed_mph>
        </extensions>
      </trkpt>
      <trkpt lat="52.12006" lon="1.31920">
        <ele>0</ele>
        <time>2026-06-26T08:11:27.380Z</time>
        <name>503</name>
        <extensions>
          <speed_mps>26.822</speed_mps>
          <speed_mph>60.0</speed_mph>
        </extensions>
      </trkpt>
      <trkpt lat="52.12030" lon="1.31958">
        <ele>0</ele>
        <time>2026-06-26T08:11:28.758Z</time>
        <name>504</name>
        <extensions>
          <speed_mps>26.822</speed_mps>
          <speed_mph>60.0</speed_mph>
        </extensions>
      </trkpt>
      <trkpt lat="52.12054" lon="1.31995">
        <ele>0</ele>
        <time>2026-06-26T08:11:30.135Z</time>
        <name>505</name>
        <extensions>
          <speed_mps>26.822</speed_mps>
          <speed_mph>60.0</speed_mph>
        </extensions>
      </trkpt>
      <trkpt lat="52.12077" lon="1.32034">
        <ele>0</ele>
        <time>2026-06-26T08:11:31.510Z</time>
        <name>506</name>
        <extensions>
          <speed_mps>26.822</speed_mps>
          <speed_mph>60.0</speed_mph>
        </extensions>
      </trkpt>
      <trkpt lat="52.12097" lon="1.32078">
        <ele>0</ele>
        <time>2026-06-26T08:11:32.888Z</time>
        <name>507</name>
        <extensions>
          <speed_mps>26.822</speed_mps>
          <speed_mph>60.0</speed_mph>
        </extensions>
      </trkpt>
      <trkpt lat="52.12117" lon="1.32121">
        <ele>0</ele>
        <time>2026-06-26T08:11:34.266Z</time>
        <name>508</name>
        <extensions>
          <speed_mps>26.822</speed_mps>
          <speed_mph>60.0</speed_mph>
        </extensions>
      </trkpt>
      <trkpt lat="52.12136" lon="1.32165">
        <ele>0</ele>
        <time>2026-06-26T08:11:35.644Z</time>
        <name>509</name>
        <extensions>
          <speed_mps>26.822</speed_mps>
          <speed_mph>60.0</speed_mph>
        </extensions>
      </trkpt>
      <trkpt lat="52.12152" lon="1.32212">
        <ele>0</ele>
        <time>2026-06-26T08:11:37.021Z</time>
        <name>510</name>
        <extensions>
          <speed_mps>26.822</speed_mps>
          <speed_mph>60.0</speed_mph>
        </extensions>
      </trkpt>
      <trkpt lat="52.12168" lon="1.32260">
        <ele>0</ele>
        <time>2026-06-26T08:11:38.398Z</time>
        <name>511</name>
        <extensions>
          <speed_mps>26.822</speed_mps>
          <speed_mph>60.0</speed_mph>
        </extensions>
      </trkpt>
      <trkpt lat="52.12184" lon="1.32307">
        <ele>0</ele>
        <time>2026-06-26T08:11:39.776Z</time>
        <name>512</name>
        <extensions>
          <speed_mps>26.822</speed_mps>
          <speed_mph>60.0</speed_mph>
        </extensions>
      </trkpt>
      <trkpt lat="52.12196" lon="1.32358">
        <ele>0</ele>
        <time>2026-06-26T08:11:41.153Z</time>
        <name>513</name>
        <extensions>
          <speed_mps>26.822</speed_mps>
          <speed_mph>60.0</speed_mph>
        </extensions>
      </trkpt>
      <trkpt lat="52.12207" lon="1.32409">
        <ele>0</ele>
        <time>2026-06-26T08:11:42.531Z</time>
        <name>514</name>
        <extensions>
          <speed_mps>26.822</speed_mps>
          <speed_mph>60.0</speed_mph>
        </extensions>
      </trkpt>
      <trkpt lat="52.12219" lon="1.32460">
        <ele>0</ele>
        <time>2026-06-26T08:11:43.908Z</time>
        <name>515</name>
        <extensions>
          <speed_mps>26.822</speed_mps>
          <speed_mph>60.0</speed_mph>
        </extensions>
      </trkpt>
      <trkpt lat="52.12228" lon="1.32512">
        <ele>0</ele>
        <time>2026-06-26T08:11:45.286Z</time>
        <name>516</name>
        <extensions>
          <speed_mps>26.822</speed_mps>
          <speed_mph>60.0</speed_mph>
        </extensions>
      </trkpt>
      <trkpt lat="52.12236" lon="1.32564">
        <ele>0</ele>
        <time>2026-06-26T08:11:46.663Z</time>
        <name>517</name>
        <extensions>
          <speed_mps>26.822</speed_mps>
          <speed_mph>60.0</speed_mph>
        </extensions>
      </trkpt>
      <trkpt lat="52.12242" lon="1.32617">
        <ele>0</ele>
        <time>2026-06-26T08:11:48.040Z</time>
        <name>518</name>
        <extensions>
          <speed_mps>26.822</speed_mps>
          <speed_mph>60.0</speed_mph>
        </extensions>
      </trkpt>
      <trkpt lat="52.12248" lon="1.32670">
        <ele>0</ele>
        <time>2026-06-26T08:11:49.418Z</time>
        <name>519</name>
        <extensions>
          <speed_mps>26.822</speed_mps>
          <speed_mph>60.0</speed_mph>
        </extensions>
      </trkpt>
      <trkpt lat="52.12252" lon="1.32724">
        <ele>0</ele>
        <time>2026-06-26T08:11:50.795Z</time>
        <name>520</name>
        <extensions>
          <speed_mps>26.822</speed_mps>
          <speed_mph>60.0</speed_mph>
        </extensions>
      </trkpt>
      <trkpt lat="52.12256" lon="1.32778">
        <ele>0</ele>
        <time>2026-06-26T08:11:52.173Z</time>
        <name>521</name>
        <extensions>
          <speed_mps>26.822</speed_mps>
          <speed_mph>60.0</speed_mph>
        </extensions>
      </trkpt>
      <trkpt lat="52.12261" lon="1.32832">
        <ele>0</ele>
        <time>2026-06-26T08:11:53.551Z</time>
        <name>522</name>
        <extensions>
          <speed_mps>26.822</speed_mps>
          <speed_mph>60.0</speed_mph>
        </extensions>
      </trkpt>
      <trkpt lat="52.12264" lon="1.32885">
        <ele>0</ele>
        <time>2026-06-26T08:11:54.929Z</time>
        <name>523</name>
        <extensions>
          <speed_mps>26.822</speed_mps>
          <speed_mph>60.0</speed_mph>
        </extensions>
      </trkpt>
      <trkpt lat="52.12267" lon="1.32939">
        <ele>0</ele>
        <time>2026-06-26T08:11:56.306Z</time>
        <name>524</name>
        <extensions>
          <speed_mps>26.822</speed_mps>
          <speed_mph>60.0</speed_mph>
        </extensions>
      </trkpt>
      <trkpt lat="52.12277" lon="1.32990">
        <ele>0</ele>
        <time>2026-06-26T08:11:57.670Z</time>
        <name>525</name>
        <extensions>
          <speed_mps>26.822</speed_mps>
          <speed_mph>60.0</speed_mph>
        </extensions>
      </trkpt>
      <trkpt lat="52.12283" lon="1.33044">
        <ele>0</ele>
        <time>2026-06-26T08:11:59.047Z</time>
        <name>526</name>
        <extensions>
          <speed_mps>26.822</speed_mps>
          <speed_mph>60.0</speed_mph>
        </extensions>
      </trkpt>
      <trkpt lat="52.12290" lon="1.33097">
        <ele>0</ele>
        <time>2026-06-26T08:12:00.425Z</time>
        <name>527</name>
        <extensions>
          <speed_mps>26.822</speed_mps>
          <speed_mph>60.0</speed_mph>
        </extensions>
      </trkpt>
      <trkpt lat="52.12297" lon="1.33149">
        <ele>0</ele>
        <time>2026-06-26T08:12:01.803Z</time>
        <name>528</name>
        <extensions>
          <speed_mps>26.822</speed_mps>
          <speed_mph>60.0</speed_mph>
        </extensions>
      </trkpt>
      <trkpt lat="52.12306" lon="1.33202">
        <ele>0</ele>
        <time>2026-06-26T08:12:03.180Z</time>
        <name>529</name>
        <extensions>
          <speed_mps>26.822</speed_mps>
          <speed_mph>60.0</speed_mph>
        </extensions>
      </trkpt>
      <trkpt lat="52.12315" lon="1.33254">
        <ele>0</ele>
        <time>2026-06-26T08:12:04.558Z</time>
        <name>530</name>
        <extensions>
          <speed_mps>26.822</speed_mps>
          <speed_mph>60.0</speed_mph>
        </extensions>
      </trkpt>
      <trkpt lat="52.12325" lon="1.33305">
        <ele>0</ele>
        <time>2026-06-26T08:12:05.936Z</time>
        <name>531</name>
        <extensions>
          <speed_mps>26.822</speed_mps>
          <speed_mph>60.0</speed_mph>
        </extensions>
      </trkpt>
      <trkpt lat="52.12336" lon="1.33356">
        <ele>0</ele>
        <time>2026-06-26T08:12:07.313Z</time>
        <name>532</name>
        <extensions>
          <speed_mps>26.822</speed_mps>
          <speed_mph>60.0</speed_mph>
        </extensions>
      </trkpt>
      <trkpt lat="52.12347" lon="1.33407">
        <ele>0</ele>
        <time>2026-06-26T08:12:08.691Z</time>
        <name>533</name>
        <extensions>
          <speed_mps>26.822</speed_mps>
          <speed_mph>60.0</speed_mph>
        </extensions>
      </trkpt>
      <trkpt lat="52.12360" lon="1.33457">
        <ele>0</ele>
        <time>2026-06-26T08:12:10.069Z</time>
        <name>534</name>
        <extensions>
          <speed_mps>26.822</speed_mps>
          <speed_mph>60.0</speed_mph>
        </extensions>
      </trkpt>
      <trkpt lat="52.12373" lon="1.33507">
        <ele>0</ele>
        <time>2026-06-26T08:12:11.446Z</time>
        <name>535</name>
        <extensions>
          <speed_mps>26.822</speed_mps>
          <speed_mph>60.0</speed_mph>
        </extensions>
      </trkpt>
      <trkpt lat="52.12387" lon="1.33556">
        <ele>0</ele>
        <time>2026-06-26T08:12:12.824Z</time>
        <name>536</name>
        <extensions>
          <speed_mps>26.822</speed_mps>
          <speed_mph>60.0</speed_mph>
        </extensions>
      </trkpt>
      <trkpt lat="52.12403" lon="1.33604">
        <ele>0</ele>
        <time>2026-06-26T08:12:14.201Z</time>
        <name>537</name>
        <extensions>
          <speed_mps>26.822</speed_mps>
          <speed_mph>60.0</speed_mph>
        </extensions>
      </trkpt>
      <trkpt lat="52.12419" lon="1.33651">
        <ele>0</ele>
        <time>2026-06-26T08:12:15.579Z</time>
        <name>538</name>
        <extensions>
          <speed_mps>26.822</speed_mps>
          <speed_mph>60.0</speed_mph>
        </extensions>
      </trkpt>
      <trkpt lat="52.12435" lon="1.33698">
        <ele>0</ele>
        <time>2026-06-26T08:12:16.957Z</time>
        <name>539</name>
        <extensions>
          <speed_mps>26.822</speed_mps>
          <speed_mph>60.0</speed_mph>
        </extensions>
      </trkpt>
      <trkpt lat="52.12452" lon="1.33745">
        <ele>0</ele>
        <time>2026-06-26T08:12:18.334Z</time>
        <name>540</name>
        <extensions>
          <speed_mps>26.822</speed_mps>
          <speed_mph>60.0</speed_mph>
        </extensions>
      </trkpt>
      <trkpt lat="52.12470" lon="1.33790">
        <ele>0</ele>
        <time>2026-06-26T08:12:19.712Z</time>
        <name>541</name>
        <extensions>
          <speed_mps>26.822</speed_mps>
          <speed_mph>60.0</speed_mph>
        </extensions>
      </trkpt>
      <trkpt lat="52.12489" lon="1.33835">
        <ele>0</ele>
        <time>2026-06-26T08:12:21.090Z</time>
        <name>542</name>
        <extensions>
          <speed_mps>26.822</speed_mps>
          <speed_mph>60.0</speed_mph>
        </extensions>
      </trkpt>
      <trkpt lat="52.12509" lon="1.33879">
        <ele>0</ele>
        <time>2026-06-26T08:12:22.467Z</time>
        <name>543</name>
        <extensions>
          <speed_mps>26.822</speed_mps>
          <speed_mph>60.0</speed_mph>
        </extensions>
      </trkpt>
      <trkpt lat="52.12529" lon="1.33922">
        <ele>0</ele>
        <time>2026-06-26T08:12:23.845Z</time>
        <name>544</name>
        <extensions>
          <speed_mps>26.822</speed_mps>
          <speed_mph>60.0</speed_mph>
        </extensions>
      </trkpt>
      <trkpt lat="52.12549" lon="1.33964">
        <ele>0</ele>
        <time>2026-06-26T08:12:25.222Z</time>
        <name>545</name>
        <extensions>
          <speed_mps>26.822</speed_mps>
          <speed_mph>60.0</speed_mph>
        </extensions>
      </trkpt>
      <trkpt lat="52.12571" lon="1.34005">
        <ele>0</ele>
        <time>2026-06-26T08:12:26.600Z</time>
        <name>546</name>
        <extensions>
          <speed_mps>26.822</speed_mps>
          <speed_mph>60.0</speed_mph>
        </extensions>
      </trkpt>
      <trkpt lat="52.12593" lon="1.34046">
        <ele>0</ele>
        <time>2026-06-26T08:12:27.978Z</time>
        <name>547</name>
        <extensions>
          <speed_mps>26.822</speed_mps>
          <speed_mph>60.0</speed_mph>
        </extensions>
      </trkpt>
      <trkpt lat="52.12615" lon="1.34086">
        <ele>0</ele>
        <time>2026-06-26T08:12:29.355Z</time>
        <name>548</name>
        <extensions>
          <speed_mps>26.822</speed_mps>
          <speed_mph>60.0</speed_mph>
        </extensions>
      </trkpt>
      <trkpt lat="52.12637" lon="1.34127">
        <ele>0</ele>
        <time>2026-06-26T08:12:30.733Z</time>
        <name>549</name>
        <extensions>
          <speed_mps>26.822</speed_mps>
          <speed_mph>60.0</speed_mph>
        </extensions>
      </trkpt>
      <trkpt lat="52.12659" lon="1.34167">
        <ele>0</ele>
        <time>2026-06-26T08:12:32.110Z</time>
        <name>550</name>
        <extensions>
          <speed_mps>26.822</speed_mps>
          <speed_mph>60.0</speed_mph>
        </extensions>
      </trkpt>
      <trkpt lat="52.12683" lon="1.34205">
        <ele>0</ele>
        <time>2026-06-26T08:12:33.488Z</time>
        <name>551</name>
        <extensions>
          <speed_mps>26.822</speed_mps>
          <speed_mph>60.0</speed_mph>
        </extensions>
      </trkpt>
      <trkpt lat="52.12707" lon="1.34242">
        <ele>0</ele>
        <time>2026-06-26T08:12:34.866Z</time>
        <name>552</name>
        <extensions>
          <speed_mps>26.822</speed_mps>
          <speed_mph>60.0</speed_mph>
        </extensions>
      </trkpt>
      <trkpt lat="52.12731" lon="1.34279">
        <ele>0</ele>
        <time>2026-06-26T08:12:36.243Z</time>
        <name>553</name>
        <extensions>
          <speed_mps>26.822</speed_mps>
          <speed_mph>60.0</speed_mph>
        </extensions>
      </trkpt>
      <trkpt lat="52.12755" lon="1.34317">
        <ele>0</ele>
        <time>2026-06-26T08:12:37.621Z</time>
        <name>554</name>
        <extensions>
          <speed_mps>26.822</speed_mps>
          <speed_mph>60.0</speed_mph>
        </extensions>
      </trkpt>
      <trkpt lat="52.12780" lon="1.34352">
        <ele>0</ele>
        <time>2026-06-26T08:12:38.998Z</time>
        <name>555</name>
        <extensions>
          <speed_mps>26.822</speed_mps>
          <speed_mph>60.0</speed_mph>
        </extensions>
      </trkpt>
      <trkpt lat="52.12806" lon="1.34386">
        <ele>0</ele>
        <time>2026-06-26T08:12:40.375Z</time>
        <name>556</name>
        <extensions>
          <speed_mps>26.822</speed_mps>
          <speed_mph>60.0</speed_mph>
        </extensions>
      </trkpt>
      <trkpt lat="52.12832" lon="1.34420">
        <ele>0</ele>
        <time>2026-06-26T08:12:41.753Z</time>
        <name>557</name>
        <extensions>
          <speed_mps>26.822</speed_mps>
          <speed_mph>60.0</speed_mph>
        </extensions>
      </trkpt>
      <trkpt lat="52.12858" lon="1.34454">
        <ele>0</ele>
        <time>2026-06-26T08:12:43.131Z</time>
        <name>558</name>
        <extensions>
          <speed_mps>26.822</speed_mps>
          <speed_mph>60.0</speed_mph>
        </extensions>
      </trkpt>
      <trkpt lat="52.12884" lon="1.34488">
        <ele>0</ele>
        <time>2026-06-26T08:12:44.508Z</time>
        <name>559</name>
        <extensions>
          <speed_mps>26.822</speed_mps>
          <speed_mph>60.0</speed_mph>
        </extensions>
      </trkpt>
      <trkpt lat="52.12911" lon="1.34519">
        <ele>0</ele>
        <time>2026-06-26T08:12:45.886Z</time>
        <name>560</name>
        <extensions>
          <speed_mps>26.822</speed_mps>
          <speed_mph>60.0</speed_mph>
        </extensions>
      </trkpt>
      <trkpt lat="52.12939" lon="1.34550">
        <ele>0</ele>
        <time>2026-06-26T08:12:47.264Z</time>
        <name>561</name>
        <extensions>
          <speed_mps>26.822</speed_mps>
          <speed_mph>60.0</speed_mph>
        </extensions>
      </trkpt>
      <trkpt lat="52.12966" lon="1.34581">
        <ele>0</ele>
        <time>2026-06-26T08:12:48.642Z</time>
        <name>562</name>
        <extensions>
          <speed_mps>26.822</speed_mps>
          <speed_mph>60.0</speed_mph>
        </extensions>
      </trkpt>
      <trkpt lat="52.12994" lon="1.34610">
        <ele>0</ele>
        <time>2026-06-26T08:12:50.019Z</time>
        <name>563</name>
        <extensions>
          <speed_mps>26.822</speed_mps>
          <speed_mph>60.0</speed_mph>
        </extensions>
      </trkpt>
      <trkpt lat="52.13022" lon="1.34639">
        <ele>0</ele>
        <time>2026-06-26T08:12:51.397Z</time>
        <name>564</name>
        <extensions>
          <speed_mps>26.822</speed_mps>
          <speed_mph>60.0</speed_mph>
        </extensions>
      </trkpt>
      <trkpt lat="52.13050" lon="1.34667">
        <ele>0</ele>
        <time>2026-06-26T08:12:52.774Z</time>
        <name>565</name>
        <extensions>
          <speed_mps>26.822</speed_mps>
          <speed_mph>60.0</speed_mph>
        </extensions>
      </trkpt>
      <trkpt lat="52.13078" lon="1.34696">
        <ele>0</ele>
        <time>2026-06-26T08:12:54.152Z</time>
        <name>566</name>
        <extensions>
          <speed_mps>26.822</speed_mps>
          <speed_mph>60.0</speed_mph>
        </extensions>
      </trkpt>
      <trkpt lat="52.13106" lon="1.34726">
        <ele>0</ele>
        <time>2026-06-26T08:12:55.530Z</time>
        <name>567</name>
        <extensions>
          <speed_mps>26.822</speed_mps>
          <speed_mph>60.0</speed_mph>
        </extensions>
      </trkpt>
      <trkpt lat="52.13133" lon="1.34758">
        <ele>0</ele>
        <time>2026-06-26T08:12:56.908Z</time>
        <name>568</name>
        <extensions>
          <speed_mps>26.822</speed_mps>
          <speed_mph>60.0</speed_mph>
        </extensions>
      </trkpt>
      <trkpt lat="52.13160" lon="1.34790">
        <ele>0</ele>
        <time>2026-06-26T08:12:58.285Z</time>
        <name>569</name>
        <extensions>
          <speed_mps>26.822</speed_mps>
          <speed_mph>60.0</speed_mph>
        </extensions>
      </trkpt>
      <trkpt lat="52.13186" lon="1.34823">
        <ele>0</ele>
        <time>2026-06-26T08:12:59.663Z</time>
        <name>570</name>
        <extensions>
          <speed_mps>26.822</speed_mps>
          <speed_mph>60.0</speed_mph>
        </extensions>
      </trkpt>
      <trkpt lat="52.13212" lon="1.34856">
        <ele>0</ele>
        <time>2026-06-26T08:13:01.041Z</time>
        <name>571</name>
        <extensions>
          <speed_mps>26.822</speed_mps>
          <speed_mph>60.0</speed_mph>
        </extensions>
      </trkpt>
      <trkpt lat="52.13238" lon="1.34891">
        <ele>0</ele>
        <time>2026-06-26T08:13:02.417Z</time>
        <name>572</name>
        <extensions>
          <speed_mps>26.822</speed_mps>
          <speed_mph>60.0</speed_mph>
        </extensions>
      </trkpt>
      <trkpt lat="52.13262" lon="1.34928">
        <ele>0</ele>
        <time>2026-06-26T08:13:03.795Z</time>
        <name>573</name>
        <extensions>
          <speed_mps>26.822</speed_mps>
          <speed_mph>60.0</speed_mph>
        </extensions>
      </trkpt>
      <trkpt lat="52.13286" lon="1.34965">
        <ele>0</ele>
        <time>2026-06-26T08:13:05.173Z</time>
        <name>574</name>
        <extensions>
          <speed_mps>26.822</speed_mps>
          <speed_mph>60.0</speed_mph>
        </extensions>
      </trkpt>
      <trkpt lat="52.13309" lon="1.35005">
        <ele>0</ele>
        <time>2026-06-26T08:13:06.548Z</time>
        <name>575</name>
        <extensions>
          <speed_mps>26.822</speed_mps>
          <speed_mph>60.0</speed_mph>
        </extensions>
      </trkpt>
      <trkpt lat="52.13330" lon="1.35047">
        <ele>0</ele>
        <time>2026-06-26T08:13:07.926Z</time>
        <name>576</name>
        <extensions>
          <speed_mps>26.822</speed_mps>
          <speed_mph>60.0</speed_mph>
        </extensions>
      </trkpt>
      <trkpt lat="52.13351" lon="1.35088">
        <ele>0</ele>
        <time>2026-06-26T08:13:09.303Z</time>
        <name>577</name>
        <extensions>
          <speed_mps>26.822</speed_mps>
          <speed_mph>60.0</speed_mph>
        </extensions>
      </trkpt>
      <trkpt lat="52.13372" lon="1.35130">
        <ele>0</ele>
        <time>2026-06-26T08:13:10.681Z</time>
        <name>578</name>
        <extensions>
          <speed_mps>26.822</speed_mps>
          <speed_mph>60.0</speed_mph>
        </extensions>
      </trkpt>
      <trkpt lat="52.13391" lon="1.35174">
        <ele>0</ele>
        <time>2026-06-26T08:13:12.059Z</time>
        <name>579</name>
        <extensions>
          <speed_mps>26.822</speed_mps>
          <speed_mph>60.0</speed_mph>
        </extensions>
      </trkpt>
      <trkpt lat="52.13411" lon="1.35217">
        <ele>0</ele>
        <time>2026-06-26T08:13:13.429Z</time>
        <name>580</name>
        <extensions>
          <speed_mps>26.822</speed_mps>
          <speed_mph>60.0</speed_mph>
        </extensions>
      </trkpt>
      <trkpt lat="52.13432" lon="1.35258">
        <ele>0</ele>
        <time>2026-06-26T08:13:14.798Z</time>
        <name>581</name>
        <extensions>
          <speed_mps>26.822</speed_mps>
          <speed_mph>60.0</speed_mph>
        </extensions>
      </trkpt>
      <trkpt lat="52.13452" lon="1.35302">
        <ele>0</ele>
        <time>2026-06-26T08:13:16.176Z</time>
        <name>582</name>
        <extensions>
          <speed_mps>26.822</speed_mps>
          <speed_mph>60.0</speed_mph>
        </extensions>
      </trkpt>
      <trkpt lat="52.13471" lon="1.35346">
        <ele>0</ele>
        <time>2026-06-26T08:13:17.554Z</time>
        <name>583</name>
        <extensions>
          <speed_mps>26.822</speed_mps>
          <speed_mph>60.0</speed_mph>
        </extensions>
      </trkpt>
      <trkpt lat="52.13491" lon="1.35390">
        <ele>0</ele>
        <time>2026-06-26T08:13:18.932Z</time>
        <name>584</name>
        <extensions>
          <speed_mps>26.822</speed_mps>
          <speed_mph>60.0</speed_mph>
        </extensions>
      </trkpt>
      <trkpt lat="52.13508" lon="1.35437">
        <ele>0</ele>
        <time>2026-06-26T08:13:20.308Z</time>
        <name>585</name>
        <extensions>
          <speed_mps>26.822</speed_mps>
          <speed_mph>60.0</speed_mph>
        </extensions>
      </trkpt>
      <trkpt lat="52.13524" lon="1.35484">
        <ele>0</ele>
        <time>2026-06-26T08:13:21.686Z</time>
        <name>586</name>
        <extensions>
          <speed_mps>26.822</speed_mps>
          <speed_mph>60.0</speed_mph>
        </extensions>
      </trkpt>
      <trkpt lat="52.13538" lon="1.35533">
        <ele>0</ele>
        <time>2026-06-26T08:13:23.063Z</time>
        <name>587</name>
        <extensions>
          <speed_mps>26.822</speed_mps>
          <speed_mph>60.0</speed_mph>
        </extensions>
      </trkpt>
      <trkpt lat="52.13552" lon="1.35582">
        <ele>0</ele>
        <time>2026-06-26T08:13:24.440Z</time>
        <name>588</name>
        <extensions>
          <speed_mps>26.822</speed_mps>
          <speed_mph>60.0</speed_mph>
        </extensions>
      </trkpt>
      <trkpt lat="52.13562" lon="1.35634">
        <ele>0</ele>
        <time>2026-06-26T08:13:25.816Z</time>
        <name>589</name>
        <extensions>
          <speed_mps>26.822</speed_mps>
          <speed_mph>60.0</speed_mph>
        </extensions>
      </trkpt>
      <trkpt lat="52.13571" lon="1.35685">
        <ele>0</ele>
        <time>2026-06-26T08:13:27.194Z</time>
        <name>590</name>
        <extensions>
          <speed_mps>26.822</speed_mps>
          <speed_mph>60.0</speed_mph>
        </extensions>
      </trkpt>
      <trkpt lat="52.13581" lon="1.35737">
        <ele>0</ele>
        <time>2026-06-26T08:13:28.572Z</time>
        <name>591</name>
        <extensions>
          <speed_mps>26.822</speed_mps>
          <speed_mph>60.0</speed_mph>
        </extensions>
      </trkpt>
      <trkpt lat="52.13588" lon="1.35789">
        <ele>0</ele>
        <time>2026-06-26T08:13:29.909Z</time>
        <name>592</name>
        <extensions>
          <speed_mps>26.822</speed_mps>
          <speed_mph>60.0</speed_mph>
        </extensions>
      </trkpt>
      <trkpt lat="52.13619" lon="1.35809">
        <ele>0</ele>
        <time>2026-06-26T08:13:31.286Z</time>
        <name>593</name>
        <extensions>
          <speed_mps>26.822</speed_mps>
          <speed_mph>60.0</speed_mph>
        </extensions>
      </trkpt>
      <trkpt lat="52.13647" lon="1.35837">
        <ele>0</ele>
        <time>2026-06-26T08:13:32.663Z</time>
        <name>594</name>
        <extensions>
          <speed_mps>26.822</speed_mps>
          <speed_mph>60.0</speed_mph>
        </extensions>
      </trkpt>
      <trkpt lat="52.13675" lon="1.35866">
        <ele>0</ele>
        <time>2026-06-26T08:13:34.040Z</time>
        <name>595</name>
        <extensions>
          <speed_mps>26.822</speed_mps>
          <speed_mph>60.0</speed_mph>
        </extensions>
      </trkpt>
      <trkpt lat="52.13703" lon="1.35896">
        <ele>0</ele>
        <time>2026-06-26T08:13:35.418Z</time>
        <name>596</name>
        <extensions>
          <speed_mps>26.822</speed_mps>
          <speed_mph>60.0</speed_mph>
        </extensions>
      </trkpt>
      <trkpt lat="52.13732" lon="1.35922">
        <ele>0</ele>
        <time>2026-06-26T08:13:36.789Z</time>
        <name>597</name>
        <extensions>
          <speed_mps>26.822</speed_mps>
          <speed_mph>60.0</speed_mph>
        </extensions>
      </trkpt>
      <trkpt lat="52.13763" lon="1.35942">
        <ele>0</ele>
        <time>2026-06-26T08:13:38.167Z</time>
        <name>598</name>
        <extensions>
          <speed_mps>26.822</speed_mps>
          <speed_mph>60.0</speed_mph>
        </extensions>
      </trkpt>
      <trkpt lat="52.13794" lon="1.35961">
        <ele>0</ele>
        <time>2026-06-26T08:13:39.545Z</time>
        <name>599</name>
        <extensions>
          <speed_mps>26.822</speed_mps>
          <speed_mph>60.0</speed_mph>
        </extensions>
      </trkpt>
      <trkpt lat="52.13825" lon="1.35978">
        <ele>0</ele>
        <time>2026-06-26T08:13:40.922Z</time>
        <name>600</name>
        <extensions>
          <speed_mps>26.822</speed_mps>
          <speed_mph>60.0</speed_mph>
        </extensions>
      </trkpt>
      <trkpt lat="52.13858" lon="1.35988">
        <ele>0</ele>
        <time>2026-06-26T08:13:42.300Z</time>
        <name>601</name>
        <extensions>
          <speed_mps>26.822</speed_mps>
          <speed_mph>60.0</speed_mph>
        </extensions>
      </trkpt>
      <trkpt lat="52.13891" lon="1.35996">
        <ele>0</ele>
        <time>2026-06-26T08:13:43.677Z</time>
        <name>602</name>
        <extensions>
          <speed_mps>26.822</speed_mps>
          <speed_mph>60.0</speed_mph>
        </extensions>
      </trkpt>
      <trkpt lat="52.13924" lon="1.36003">
        <ele>0</ele>
        <time>2026-06-26T08:13:45.055Z</time>
        <name>603</name>
        <extensions>
          <speed_mps>26.822</speed_mps>
          <speed_mph>60.0</speed_mph>
        </extensions>
      </trkpt>
      <trkpt lat="52.13957" lon="1.36011">
        <ele>0</ele>
        <time>2026-06-26T08:13:46.432Z</time>
        <name>604</name>
        <extensions>
          <speed_mps>26.822</speed_mps>
          <speed_mph>60.0</speed_mph>
        </extensions>
      </trkpt>
      <trkpt lat="52.13989" lon="1.36020">
        <ele>0</ele>
        <time>2026-06-26T08:13:47.809Z</time>
        <name>605</name>
        <extensions>
          <speed_mps>26.822</speed_mps>
          <speed_mph>60.0</speed_mph>
        </extensions>
      </trkpt>
      <trkpt lat="52.14022" lon="1.36031">
        <ele>0</ele>
        <time>2026-06-26T08:13:49.187Z</time>
        <name>606</name>
        <extensions>
          <speed_mps>26.822</speed_mps>
          <speed_mph>60.0</speed_mph>
        </extensions>
      </trkpt>
      <trkpt lat="52.14055" lon="1.36042">
        <ele>0</ele>
        <time>2026-06-26T08:13:50.565Z</time>
        <name>607</name>
        <extensions>
          <speed_mps>26.822</speed_mps>
          <speed_mph>60.0</speed_mph>
        </extensions>
      </trkpt>
      <trkpt lat="52.14086" lon="1.36060">
        <ele>0</ele>
        <time>2026-06-26T08:13:51.941Z</time>
        <name>608</name>
        <extensions>
          <speed_mps>26.822</speed_mps>
          <speed_mph>60.0</speed_mph>
        </extensions>
      </trkpt>
      <trkpt lat="52.14117" lon="1.36079">
        <ele>0</ele>
        <time>2026-06-26T08:13:53.319Z</time>
        <name>609</name>
        <extensions>
          <speed_mps>26.822</speed_mps>
          <speed_mph>60.0</speed_mph>
        </extensions>
      </trkpt>
      <trkpt lat="52.14148" lon="1.36100">
        <ele>0</ele>
        <time>2026-06-26T08:13:54.696Z</time>
        <name>610</name>
        <extensions>
          <speed_mps>26.822</speed_mps>
          <speed_mph>60.0</speed_mph>
        </extensions>
      </trkpt>
      <trkpt lat="52.14178" lon="1.36122">
        <ele>0</ele>
        <time>2026-06-26T08:13:56.074Z</time>
        <name>611</name>
        <extensions>
          <speed_mps>26.822</speed_mps>
          <speed_mph>60.0</speed_mph>
        </extensions>
      </trkpt>
      <trkpt lat="52.14208" lon="1.36144">
        <ele>0</ele>
        <time>2026-06-26T08:13:57.451Z</time>
        <name>612</name>
        <extensions>
          <speed_mps>26.822</speed_mps>
          <speed_mph>60.0</speed_mph>
        </extensions>
      </trkpt>
      <trkpt lat="52.14239" lon="1.36166">
        <ele>0</ele>
        <time>2026-06-26T08:13:58.828Z</time>
        <name>613</name>
        <extensions>
          <speed_mps>26.822</speed_mps>
          <speed_mph>60.0</speed_mph>
        </extensions>
      </trkpt>
      <trkpt lat="52.14269" lon="1.36188">
        <ele>0</ele>
        <time>2026-06-26T08:14:00.206Z</time>
        <name>614</name>
        <extensions>
          <speed_mps>26.822</speed_mps>
          <speed_mph>60.0</speed_mph>
        </extensions>
      </trkpt>
      <trkpt lat="52.14300" lon="1.36209">
        <ele>0</ele>
        <time>2026-06-26T08:14:01.583Z</time>
        <name>615</name>
        <extensions>
          <speed_mps>26.822</speed_mps>
          <speed_mph>60.0</speed_mph>
        </extensions>
      </trkpt>
      <trkpt lat="52.14331" lon="1.36229">
        <ele>0</ele>
        <time>2026-06-26T08:14:02.961Z</time>
        <name>616</name>
        <extensions>
          <speed_mps>26.822</speed_mps>
          <speed_mph>60.0</speed_mph>
        </extensions>
      </trkpt>
      <trkpt lat="52.14361" lon="1.36251">
        <ele>0</ele>
        <time>2026-06-26T08:14:04.339Z</time>
        <name>617</name>
        <extensions>
          <speed_mps>26.822</speed_mps>
          <speed_mph>60.0</speed_mph>
        </extensions>
      </trkpt>
      <trkpt lat="52.14393" lon="1.36268">
        <ele>0</ele>
        <time>2026-06-26T08:14:05.716Z</time>
        <name>618</name>
        <extensions>
          <speed_mps>26.822</speed_mps>
          <speed_mph>60.0</speed_mph>
        </extensions>
      </trkpt>
      <trkpt lat="52.14424" lon="1.36283">
        <ele>0</ele>
        <time>2026-06-26T08:14:07.093Z</time>
        <name>619</name>
        <extensions>
          <speed_mps>26.822</speed_mps>
          <speed_mph>60.0</speed_mph>
        </extensions>
      </trkpt>
      <trkpt lat="52.14457" lon="1.36295">
        <ele>0</ele>
        <time>2026-06-26T08:14:08.469Z</time>
        <name>620</name>
        <extensions>
          <speed_mps>26.822</speed_mps>
          <speed_mph>60.0</speed_mph>
        </extensions>
      </trkpt>
      <trkpt lat="52.14490" lon="1.36300">
        <ele>0</ele>
        <time>2026-06-26T08:14:09.847Z</time>
        <name>621</name>
        <extensions>
          <speed_mps>26.822</speed_mps>
          <speed_mph>60.0</speed_mph>
        </extensions>
      </trkpt>
      <trkpt lat="52.14523" lon="1.36303">
        <ele>0</ele>
        <time>2026-06-26T08:14:11.222Z</time>
        <name>622</name>
        <extensions>
          <speed_mps>26.822</speed_mps>
          <speed_mph>60.0</speed_mph>
        </extensions>
      </trkpt>
      <trkpt lat="52.14556" lon="1.36302">
        <ele>0</ele>
        <time>2026-06-26T08:14:12.600Z</time>
        <name>623</name>
        <extensions>
          <speed_mps>26.822</speed_mps>
          <speed_mph>60.0</speed_mph>
        </extensions>
      </trkpt>
      <trkpt lat="52.14589" lon="1.36296">
        <ele>0</ele>
        <time>2026-06-26T08:14:13.976Z</time>
        <name>624</name>
        <extensions>
          <speed_mps>26.822</speed_mps>
          <speed_mph>60.0</speed_mph>
        </extensions>
      </trkpt>
      <trkpt lat="52.14622" lon="1.36289">
        <ele>0</ele>
        <time>2026-06-26T08:14:15.353Z</time>
        <name>625</name>
        <extensions>
          <speed_mps>26.822</speed_mps>
          <speed_mph>60.0</speed_mph>
        </extensions>
      </trkpt>
      <trkpt lat="52.14655" lon="1.36281">
        <ele>0</ele>
        <time>2026-06-26T08:14:16.731Z</time>
        <name>626</name>
        <extensions>
          <speed_mps>26.822</speed_mps>
          <speed_mph>60.0</speed_mph>
        </extensions>
      </trkpt>
      <trkpt lat="52.14688" lon="1.36273">
        <ele>0</ele>
        <time>2026-06-26T08:14:18.109Z</time>
        <name>627</name>
        <extensions>
          <speed_mps>26.822</speed_mps>
          <speed_mph>60.0</speed_mph>
        </extensions>
      </trkpt>
      <trkpt lat="52.14721" lon="1.36267">
        <ele>0</ele>
        <time>2026-06-26T08:14:19.487Z</time>
        <name>628</name>
        <extensions>
          <speed_mps>26.822</speed_mps>
          <speed_mph>60.0</speed_mph>
        </extensions>
      </trkpt>
      <trkpt lat="52.14754" lon="1.36264">
        <ele>0</ele>
        <time>2026-06-26T08:14:20.864Z</time>
        <name>629</name>
        <extensions>
          <speed_mps>26.822</speed_mps>
          <speed_mph>60.0</speed_mph>
        </extensions>
      </trkpt>
      <trkpt lat="52.14787" lon="1.36270">
        <ele>0</ele>
        <time>2026-06-26T08:14:22.241Z</time>
        <name>630</name>
        <extensions>
          <speed_mps>26.822</speed_mps>
          <speed_mph>60.0</speed_mph>
        </extensions>
      </trkpt>
      <trkpt lat="52.14820" lon="1.36278">
        <ele>0</ele>
        <time>2026-06-26T08:14:23.619Z</time>
        <name>631</name>
        <extensions>
          <speed_mps>26.822</speed_mps>
          <speed_mph>60.0</speed_mph>
        </extensions>
      </trkpt>
      <trkpt lat="52.14853" lon="1.36287">
        <ele>0</ele>
        <time>2026-06-26T08:14:24.996Z</time>
        <name>632</name>
        <extensions>
          <speed_mps>26.822</speed_mps>
          <speed_mph>60.0</speed_mph>
        </extensions>
      </trkpt>
      <trkpt lat="52.14886" lon="1.36297">
        <ele>0</ele>
        <time>2026-06-26T08:14:26.374Z</time>
        <name>633</name>
        <extensions>
          <speed_mps>26.822</speed_mps>
          <speed_mph>60.0</speed_mph>
        </extensions>
      </trkpt>
      <trkpt lat="52.14918" lon="1.36306">
        <ele>0</ele>
        <time>2026-06-26T08:14:27.752Z</time>
        <name>634</name>
        <extensions>
          <speed_mps>26.822</speed_mps>
          <speed_mph>60.0</speed_mph>
        </extensions>
      </trkpt>
      <trkpt lat="52.14951" lon="1.36316">
        <ele>0</ele>
        <time>2026-06-26T08:14:29.130Z</time>
        <name>635</name>
        <extensions>
          <speed_mps>26.822</speed_mps>
          <speed_mph>60.0</speed_mph>
        </extensions>
      </trkpt>
      <trkpt lat="52.14984" lon="1.36324">
        <ele>0</ele>
        <time>2026-06-26T08:14:30.507Z</time>
        <name>636</name>
        <extensions>
          <speed_mps>26.822</speed_mps>
          <speed_mph>60.0</speed_mph>
        </extensions>
      </trkpt>
      <trkpt lat="52.15017" lon="1.36332">
        <ele>0</ele>
        <time>2026-06-26T08:14:31.885Z</time>
        <name>637</name>
        <extensions>
          <speed_mps>26.822</speed_mps>
          <speed_mph>60.0</speed_mph>
        </extensions>
      </trkpt>
      <trkpt lat="52.15050" lon="1.36338">
        <ele>0</ele>
        <time>2026-06-26T08:14:33.262Z</time>
        <name>638</name>
        <extensions>
          <speed_mps>26.822</speed_mps>
          <speed_mph>60.0</speed_mph>
        </extensions>
      </trkpt>
      <trkpt lat="52.15083" lon="1.36337">
        <ele>0</ele>
        <time>2026-06-26T08:14:34.639Z</time>
        <name>639</name>
        <extensions>
          <speed_mps>26.822</speed_mps>
          <speed_mph>60.0</speed_mph>
        </extensions>
      </trkpt>
      <trkpt lat="52.15116" lon="1.36335">
        <ele>0</ele>
        <time>2026-06-26T08:14:36.017Z</time>
        <name>640</name>
        <extensions>
          <speed_mps>26.822</speed_mps>
          <speed_mph>60.0</speed_mph>
        </extensions>
      </trkpt>
      <trkpt lat="52.15149" lon="1.36333">
        <ele>0</ele>
        <time>2026-06-26T08:14:37.394Z</time>
        <name>641</name>
        <extensions>
          <speed_mps>26.822</speed_mps>
          <speed_mph>60.0</speed_mph>
        </extensions>
      </trkpt>
      <trkpt lat="52.15183" lon="1.36331">
        <ele>0</ele>
        <time>2026-06-26T08:14:38.772Z</time>
        <name>642</name>
        <extensions>
          <speed_mps>26.822</speed_mps>
          <speed_mph>60.0</speed_mph>
        </extensions>
      </trkpt>
      <trkpt lat="52.15215" lon="1.36323">
        <ele>0</ele>
        <time>2026-06-26T08:14:40.144Z</time>
        <name>643</name>
        <extensions>
          <speed_mps>26.822</speed_mps>
          <speed_mph>60.0</speed_mph>
        </extensions>
      </trkpt>
      <trkpt lat="52.15248" lon="1.36311">
        <ele>0</ele>
        <time>2026-06-26T08:14:41.521Z</time>
        <name>644</name>
        <extensions>
          <speed_mps>26.822</speed_mps>
          <speed_mph>60.0</speed_mph>
        </extensions>
      </trkpt>
      <trkpt lat="52.15281" lon="1.36306">
        <ele>0</ele>
        <time>2026-06-26T08:14:42.899Z</time>
        <name>645</name>
        <extensions>
          <speed_mps>26.822</speed_mps>
          <speed_mph>60.0</speed_mph>
        </extensions>
      </trkpt>
      <trkpt lat="52.15314" lon="1.36308">
        <ele>0</ele>
        <time>2026-06-26T08:14:44.272Z</time>
        <name>646</name>
        <extensions>
          <speed_mps>26.822</speed_mps>
          <speed_mph>60.0</speed_mph>
        </extensions>
      </trkpt>
      <trkpt lat="52.15346" lon="1.36321">
        <ele>0</ele>
        <time>2026-06-26T08:14:45.646Z</time>
        <name>647</name>
        <extensions>
          <speed_mps>26.822</speed_mps>
          <speed_mph>60.0</speed_mph>
        </extensions>
      </trkpt>
      <trkpt lat="52.15378" lon="1.36333">
        <ele>0</ele>
        <time>2026-06-26T08:14:47.024Z</time>
        <name>648</name>
        <extensions>
          <speed_mps>26.822</speed_mps>
          <speed_mph>60.0</speed_mph>
        </extensions>
      </trkpt>
      <trkpt lat="52.15411" lon="1.36345">
        <ele>0</ele>
        <time>2026-06-26T08:14:48.401Z</time>
        <name>649</name>
        <extensions>
          <speed_mps>26.822</speed_mps>
          <speed_mph>60.0</speed_mph>
        </extensions>
      </trkpt>
      <trkpt lat="52.15443" lon="1.36360">
        <ele>0</ele>
        <time>2026-06-26T08:14:49.778Z</time>
        <name>650</name>
        <extensions>
          <speed_mps>26.822</speed_mps>
          <speed_mph>60.0</speed_mph>
        </extensions>
      </trkpt>
      <trkpt lat="52.15474" lon="1.36378">
        <ele>0</ele>
        <time>2026-06-26T08:14:51.156Z</time>
        <name>651</name>
        <extensions>
          <speed_mps>26.822</speed_mps>
          <speed_mph>60.0</speed_mph>
        </extensions>
      </trkpt>
      <trkpt lat="52.15494" lon="1.36406">
        <ele>0</ele>
        <time>2026-06-26T08:14:52.236Z</time>
        <name>652</name>
        <extensions>
          <speed_mps>26.822</speed_mps>
          <speed_mph>60.0</speed_mph>
        </extensions>
      </trkpt>
      <trkpt lat="52.15495" lon="1.36459">
        <ele>0</ele>
        <time>2026-06-26T08:14:53.572Z</time>
        <name>653</name>
        <extensions>
          <speed_mps>26.822</speed_mps>
          <speed_mph>60.0</speed_mph>
        </extensions>
      </trkpt>
      <trkpt lat="52.15475" lon="1.36496">
        <ele>0</ele>
        <time>2026-06-26T08:14:54.832Z</time>
        <name>654</name>
        <extensions>
          <speed_mps>26.822</speed_mps>
          <speed_mph>60.0</speed_mph>
        </extensions>
      </trkpt>
      <trkpt lat="52.15442" lon="1.36507">
        <ele>0</ele>
        <time>2026-06-26T08:14:56.204Z</time>
        <name>655</name>
        <extensions>
          <speed_mps>26.822</speed_mps>
          <speed_mph>60.0</speed_mph>
        </extensions>
      </trkpt>
      <trkpt lat="52.15450" lon="1.36505">
        <ele>0</ele>
        <time>2026-06-26T08:14:56.503Z</time>
        <name>656</name>
        <extensions>
          <speed_mps>26.822</speed_mps>
          <speed_mph>60.0</speed_mph>
        </extensions>
      </trkpt>
      <trkpt lat="52.15482" lon="1.36492">
        <ele>0</ele>
        <time>2026-06-26T08:14:57.876Z</time>
        <name>657</name>
        <extensions>
          <speed_mps>26.822</speed_mps>
          <speed_mph>60.0</speed_mph>
        </extensions>
      </trkpt>
      <trkpt lat="52.15495" lon="1.36447">
        <ele>0</ele>
        <time>2026-06-26T08:14:59.140Z</time>
        <name>658</name>
        <extensions>
          <speed_mps>26.822</speed_mps>
          <speed_mph>60.0</speed_mph>
        </extensions>
      </trkpt>
      <trkpt lat="52.15495" lon="1.36395">
        <ele>0</ele>
        <time>2026-06-26T08:15:00.470Z</time>
        <name>659</name>
        <extensions>
          <speed_mps>26.822</speed_mps>
          <speed_mph>60.0</speed_mph>
        </extensions>
      </trkpt>
      <trkpt lat="52.15525" lon="1.36405">
        <ele>0</ele>
        <time>2026-06-26T08:15:01.719Z</time>
        <name>660</name>
        <extensions>
          <speed_mps>26.822</speed_mps>
          <speed_mph>60.0</speed_mph>
        </extensions>
      </trkpt>
      <trkpt lat="52.15556" lon="1.36422">
        <ele>0</ele>
        <time>2026-06-26T08:15:03.096Z</time>
        <name>661</name>
        <extensions>
          <speed_mps>26.822</speed_mps>
          <speed_mph>60.0</speed_mph>
        </extensions>
      </trkpt>
      <trkpt lat="52.15587" lon="1.36443">
        <ele>0</ele>
        <time>2026-06-26T08:15:04.471Z</time>
        <name>662</name>
        <extensions>
          <speed_mps>26.822</speed_mps>
          <speed_mph>60.0</speed_mph>
        </extensions>
      </trkpt>
      <trkpt lat="52.15616" lon="1.36469">
        <ele>0</ele>
        <time>2026-06-26T08:15:05.848Z</time>
        <name>663</name>
        <extensions>
          <speed_mps>26.822</speed_mps>
          <speed_mph>60.0</speed_mph>
        </extensions>
      </trkpt>
      <trkpt lat="52.15644" lon="1.36499">
        <ele>0</ele>
        <time>2026-06-26T08:15:07.226Z</time>
        <name>664</name>
        <extensions>
          <speed_mps>26.822</speed_mps>
          <speed_mph>60.0</speed_mph>
        </extensions>
      </trkpt>
      <trkpt lat="52.15671" lon="1.36530">
        <ele>0</ele>
        <time>2026-06-26T08:15:08.603Z</time>
        <name>665</name>
        <extensions>
          <speed_mps>26.822</speed_mps>
          <speed_mph>60.0</speed_mph>
        </extensions>
      </trkpt>
      <trkpt lat="52.15696" lon="1.36565">
        <ele>0</ele>
        <time>2026-06-26T08:15:09.979Z</time>
        <name>666</name>
        <extensions>
          <speed_mps>26.822</speed_mps>
          <speed_mph>60.0</speed_mph>
        </extensions>
      </trkpt>
      <trkpt lat="52.15713" lon="1.36610">
        <ele>0</ele>
        <time>2026-06-26T08:15:11.326Z</time>
        <name>667</name>
        <extensions>
          <speed_mps>26.822</speed_mps>
          <speed_mph>60.0</speed_mph>
        </extensions>
      </trkpt>
      <trkpt lat="52.15721" lon="1.36663">
        <ele>0</ele>
        <time>2026-06-26T08:15:12.703Z</time>
        <name>668</name>
        <extensions>
          <speed_mps>26.822</speed_mps>
          <speed_mph>60.0</speed_mph>
        </extensions>
      </trkpt>
      <trkpt lat="52.15735" lon="1.36712">
        <ele>0</ele>
        <time>2026-06-26T08:15:14.079Z</time>
        <name>669</name>
        <extensions>
          <speed_mps>26.822</speed_mps>
          <speed_mph>60.0</speed_mph>
        </extensions>
      </trkpt>
      <trkpt lat="52.15751" lon="1.36760">
        <ele>0</ele>
        <time>2026-06-26T08:15:15.457Z</time>
        <name>670</name>
        <extensions>
          <speed_mps>26.822</speed_mps>
          <speed_mph>60.0</speed_mph>
        </extensions>
      </trkpt>
      <trkpt lat="52.15766" lon="1.36807">
        <ele>0</ele>
        <time>2026-06-26T08:15:16.835Z</time>
        <name>671</name>
        <extensions>
          <speed_mps>26.822</speed_mps>
          <speed_mph>60.0</speed_mph>
        </extensions>
      </trkpt>
      <trkpt lat="52.15781" lon="1.36856">
        <ele>0</ele>
        <time>2026-06-26T08:15:18.213Z</time>
        <name>672</name>
        <extensions>
          <speed_mps>26.822</speed_mps>
          <speed_mph>60.0</speed_mph>
        </extensions>
      </trkpt>
      <trkpt lat="52.15800" lon="1.36901">
        <ele>0</ele>
        <time>2026-06-26T08:15:19.590Z</time>
        <name>673</name>
        <extensions>
          <speed_mps>26.822</speed_mps>
          <speed_mph>60.0</speed_mph>
        </extensions>
      </trkpt>
      <trkpt lat="52.15819" lon="1.36946">
        <ele>0</ele>
        <time>2026-06-26T08:15:20.968Z</time>
        <name>674</name>
        <extensions>
          <speed_mps>26.822</speed_mps>
          <speed_mph>60.0</speed_mph>
        </extensions>
      </trkpt>
      <trkpt lat="52.15837" lon="1.36990">
        <ele>0</ele>
        <time>2026-06-26T08:15:22.346Z</time>
        <name>675</name>
        <extensions>
          <speed_mps>26.822</speed_mps>
          <speed_mph>60.0</speed_mph>
        </extensions>
      </trkpt>
      <trkpt lat="52.15856" lon="1.37036">
        <ele>0</ele>
        <time>2026-06-26T08:15:23.723Z</time>
        <name>676</name>
        <extensions>
          <speed_mps>26.822</speed_mps>
          <speed_mph>60.0</speed_mph>
        </extensions>
      </trkpt>
      <trkpt lat="52.15868" lon="1.37086">
        <ele>0</ele>
        <time>2026-06-26T08:15:25.095Z</time>
        <name>677</name>
        <extensions>
          <speed_mps>26.822</speed_mps>
          <speed_mph>60.0</speed_mph>
        </extensions>
      </trkpt>
      <trkpt lat="52.15877" lon="1.37138">
        <ele>0</ele>
        <time>2026-06-26T08:15:26.470Z</time>
        <name>678</name>
        <extensions>
          <speed_mps>26.822</speed_mps>
          <speed_mph>60.0</speed_mph>
        </extensions>
      </trkpt>
      <trkpt lat="52.15889" lon="1.37188">
        <ele>0</ele>
        <time>2026-06-26T08:15:27.848Z</time>
        <name>679</name>
        <extensions>
          <speed_mps>26.822</speed_mps>
          <speed_mph>60.0</speed_mph>
        </extensions>
      </trkpt>
      <trkpt lat="52.15903" lon="1.37237">
        <ele>0</ele>
        <time>2026-06-26T08:15:29.225Z</time>
        <name>680</name>
        <extensions>
          <speed_mps>26.822</speed_mps>
          <speed_mph>60.0</speed_mph>
        </extensions>
      </trkpt>
      <trkpt lat="52.15917" lon="1.37287">
        <ele>0</ele>
        <time>2026-06-26T08:15:30.603Z</time>
        <name>681</name>
        <extensions>
          <speed_mps>26.822</speed_mps>
          <speed_mph>60.0</speed_mph>
        </extensions>
      </trkpt>
      <trkpt lat="52.15930" lon="1.37336">
        <ele>0</ele>
        <time>2026-06-26T08:15:31.980Z</time>
        <name>682</name>
        <extensions>
          <speed_mps>26.822</speed_mps>
          <speed_mph>60.0</speed_mph>
        </extensions>
      </trkpt>
      <trkpt lat="52.15942" lon="1.37387">
        <ele>0</ele>
        <time>2026-06-26T08:15:33.358Z</time>
        <name>683</name>
        <extensions>
          <speed_mps>26.822</speed_mps>
          <speed_mph>60.0</speed_mph>
        </extensions>
      </trkpt>
      <trkpt lat="52.15954" lon="1.37437">
        <ele>0</ele>
        <time>2026-06-26T08:15:34.736Z</time>
        <name>684</name>
        <extensions>
          <speed_mps>26.822</speed_mps>
          <speed_mph>60.0</speed_mph>
        </extensions>
      </trkpt>
      <trkpt lat="52.15967" lon="1.37487">
        <ele>0</ele>
        <time>2026-06-26T08:15:36.114Z</time>
        <name>685</name>
        <extensions>
          <speed_mps>26.822</speed_mps>
          <speed_mph>60.0</speed_mph>
        </extensions>
      </trkpt>
      <trkpt lat="52.15979" lon="1.37537">
        <ele>0</ele>
        <time>2026-06-26T08:15:37.491Z</time>
        <name>686</name>
        <extensions>
          <speed_mps>26.822</speed_mps>
          <speed_mph>60.0</speed_mph>
        </extensions>
      </trkpt>
      <trkpt lat="52.15993" lon="1.37587">
        <ele>0</ele>
        <time>2026-06-26T08:15:38.869Z</time>
        <name>687</name>
        <extensions>
          <speed_mps>26.822</speed_mps>
          <speed_mph>60.0</speed_mph>
        </extensions>
      </trkpt>
      <trkpt lat="52.16010" lon="1.37634">
        <ele>0</ele>
        <time>2026-06-26T08:15:40.247Z</time>
        <name>688</name>
        <extensions>
          <speed_mps>26.822</speed_mps>
          <speed_mph>60.0</speed_mph>
        </extensions>
      </trkpt>
      <trkpt lat="52.16028" lon="1.37679">
        <ele>0</ele>
        <time>2026-06-26T08:15:41.624Z</time>
        <name>689</name>
        <extensions>
          <speed_mps>26.822</speed_mps>
          <speed_mph>60.0</speed_mph>
        </extensions>
      </trkpt>
      <trkpt lat="52.16048" lon="1.37722">
        <ele>0</ele>
        <time>2026-06-26T08:15:43.000Z</time>
        <name>690</name>
        <extensions>
          <speed_mps>26.822</speed_mps>
          <speed_mph>60.0</speed_mph>
        </extensions>
      </trkpt>
      <trkpt lat="52.16069" lon="1.37764">
        <ele>0</ele>
        <time>2026-06-26T08:15:44.377Z</time>
        <name>691</name>
        <extensions>
          <speed_mps>26.822</speed_mps>
          <speed_mph>60.0</speed_mph>
        </extensions>
      </trkpt>
      <trkpt lat="52.16090" lon="1.37805">
        <ele>0</ele>
        <time>2026-06-26T08:15:45.755Z</time>
        <name>692</name>
        <extensions>
          <speed_mps>26.822</speed_mps>
          <speed_mph>60.0</speed_mph>
        </extensions>
      </trkpt>
      <trkpt lat="52.16111" lon="1.37848">
        <ele>0</ele>
        <time>2026-06-26T08:15:47.133Z</time>
        <name>693</name>
        <extensions>
          <speed_mps>26.822</speed_mps>
          <speed_mph>60.0</speed_mph>
        </extensions>
      </trkpt>
      <trkpt lat="52.16136" lon="1.37883">
        <ele>0</ele>
        <time>2026-06-26T08:15:48.495Z</time>
        <name>694</name>
        <extensions>
          <speed_mps>26.822</speed_mps>
          <speed_mph>60.0</speed_mph>
        </extensions>
      </trkpt>
      <trkpt lat="52.16161" lon="1.37914">
        <ele>0</ele>
        <time>2026-06-26T08:15:49.806Z</time>
        <name>695</name>
        <extensions>
          <speed_mps>26.822</speed_mps>
          <speed_mph>60.0</speed_mph>
        </extensions>
      </trkpt>
      <trkpt lat="52.16168" lon="1.37964">
        <ele>0</ele>
        <time>2026-06-26T08:15:51.128Z</time>
        <name>696</name>
        <extensions>
          <speed_mps>26.822</speed_mps>
          <speed_mph>60.0</speed_mph>
        </extensions>
      </trkpt>
      <trkpt lat="52.16188" lon="1.38008">
        <ele>0</ele>
        <time>2026-06-26T08:15:52.505Z</time>
        <name>697</name>
        <extensions>
          <speed_mps>26.822</speed_mps>
          <speed_mph>60.0</speed_mph>
        </extensions>
      </trkpt>
      <trkpt lat="52.16207" lon="1.38052">
        <ele>0</ele>
        <time>2026-06-26T08:15:53.882Z</time>
        <name>698</name>
        <extensions>
          <speed_mps>26.822</speed_mps>
          <speed_mph>60.0</speed_mph>
        </extensions>
      </trkpt>
      <trkpt lat="52.16227" lon="1.38096">
        <ele>0</ele>
        <time>2026-06-26T08:15:55.260Z</time>
        <name>699</name>
        <extensions>
          <speed_mps>26.822</speed_mps>
          <speed_mph>60.0</speed_mph>
        </extensions>
      </trkpt>
      <trkpt lat="52.16246" lon="1.38141">
        <ele>0</ele>
        <time>2026-06-26T08:15:56.637Z</time>
        <name>700</name>
        <extensions>
          <speed_mps>26.822</speed_mps>
          <speed_mph>60.0</speed_mph>
        </extensions>
      </trkpt>
      <trkpt lat="52.16262" lon="1.38188">
        <ele>0</ele>
        <time>2026-06-26T08:15:58.014Z</time>
        <name>701</name>
        <extensions>
          <speed_mps>26.822</speed_mps>
          <speed_mph>60.0</speed_mph>
        </extensions>
      </trkpt>
      <trkpt lat="52.16277" lon="1.38236">
        <ele>0</ele>
        <time>2026-06-26T08:15:59.392Z</time>
        <name>702</name>
        <extensions>
          <speed_mps>26.822</speed_mps>
          <speed_mph>60.0</speed_mph>
        </extensions>
      </trkpt>
      <trkpt lat="52.16289" lon="1.38286">
        <ele>0</ele>
        <time>2026-06-26T08:16:00.769Z</time>
        <name>703</name>
        <extensions>
          <speed_mps>26.822</speed_mps>
          <speed_mph>60.0</speed_mph>
        </extensions>
      </trkpt>
      <trkpt lat="52.16302" lon="1.38337">
        <ele>0</ele>
        <time>2026-06-26T08:16:02.147Z</time>
        <name>704</name>
        <extensions>
          <speed_mps>26.822</speed_mps>
          <speed_mph>60.0</speed_mph>
        </extensions>
      </trkpt>
      <trkpt lat="52.16314" lon="1.38387">
        <ele>0</ele>
        <time>2026-06-26T08:16:03.525Z</time>
        <name>705</name>
        <extensions>
          <speed_mps>26.822</speed_mps>
          <speed_mph>60.0</speed_mph>
        </extensions>
      </trkpt>
      <trkpt lat="52.16328" lon="1.38436">
        <ele>0</ele>
        <time>2026-06-26T08:16:04.902Z</time>
        <name>706</name>
        <extensions>
          <speed_mps>26.822</speed_mps>
          <speed_mph>60.0</speed_mph>
        </extensions>
      </trkpt>
      <trkpt lat="52.16343" lon="1.38485">
        <ele>0</ele>
        <time>2026-06-26T08:16:06.279Z</time>
        <name>707</name>
        <extensions>
          <speed_mps>26.822</speed_mps>
          <speed_mph>60.0</speed_mph>
        </extensions>
      </trkpt>
      <trkpt lat="52.16359" lon="1.38531">
        <ele>0</ele>
        <time>2026-06-26T08:16:07.656Z</time>
        <name>708</name>
        <extensions>
          <speed_mps>26.822</speed_mps>
          <speed_mph>60.0</speed_mph>
        </extensions>
      </trkpt>
      <trkpt lat="52.16378" lon="1.38576">
        <ele>0</ele>
        <time>2026-06-26T08:16:09.034Z</time>
        <name>709</name>
        <extensions>
          <speed_mps>26.822</speed_mps>
          <speed_mph>60.0</speed_mph>
        </extensions>
      </trkpt>
      <trkpt lat="52.16397" lon="1.38620">
        <ele>0</ele>
        <time>2026-06-26T08:16:10.411Z</time>
        <name>710</name>
        <extensions>
          <speed_mps>26.822</speed_mps>
          <speed_mph>60.0</speed_mph>
        </extensions>
      </trkpt>
      <trkpt lat="52.16414" lon="1.38667">
        <ele>0</ele>
        <time>2026-06-26T08:16:11.789Z</time>
        <name>711</name>
        <extensions>
          <speed_mps>26.822</speed_mps>
          <speed_mph>60.0</speed_mph>
        </extensions>
      </trkpt>
      <trkpt lat="52.16432" lon="1.38713">
        <ele>0</ele>
        <time>2026-06-26T08:16:13.167Z</time>
        <name>712</name>
        <extensions>
          <speed_mps>26.822</speed_mps>
          <speed_mph>60.0</speed_mph>
        </extensions>
      </trkpt>
      <trkpt lat="52.16449" lon="1.38760">
        <ele>0</ele>
        <time>2026-06-26T08:16:14.545Z</time>
        <name>713</name>
        <extensions>
          <speed_mps>26.822</speed_mps>
          <speed_mph>60.0</speed_mph>
        </extensions>
      </trkpt>
      <trkpt lat="52.16466" lon="1.38806">
        <ele>0</ele>
        <time>2026-06-26T08:16:15.922Z</time>
        <name>714</name>
        <extensions>
          <speed_mps>26.822</speed_mps>
          <speed_mph>60.0</speed_mph>
        </extensions>
      </trkpt>
      <trkpt lat="52.16482" lon="1.38853">
        <ele>0</ele>
        <time>2026-06-26T08:16:17.300Z</time>
        <name>715</name>
        <extensions>
          <speed_mps>26.822</speed_mps>
          <speed_mph>60.0</speed_mph>
        </extensions>
      </trkpt>
      <trkpt lat="52.16499" lon="1.38900">
        <ele>0</ele>
        <time>2026-06-26T08:16:18.677Z</time>
        <name>716</name>
        <extensions>
          <speed_mps>26.822</speed_mps>
          <speed_mph>60.0</speed_mph>
        </extensions>
      </trkpt>
      <trkpt lat="52.16511" lon="1.38951">
        <ele>0</ele>
        <time>2026-06-26T08:16:20.047Z</time>
        <name>717</name>
        <extensions>
          <speed_mps>26.822</speed_mps>
          <speed_mph>60.0</speed_mph>
        </extensions>
      </trkpt>
      <trkpt lat="52.16526" lon="1.38999">
        <ele>0</ele>
        <time>2026-06-26T08:16:21.425Z</time>
        <name>718</name>
        <extensions>
          <speed_mps>26.822</speed_mps>
          <speed_mph>60.0</speed_mph>
        </extensions>
      </trkpt>
      <trkpt lat="52.16541" lon="1.39047">
        <ele>0</ele>
        <time>2026-06-26T08:16:22.802Z</time>
        <name>719</name>
        <extensions>
          <speed_mps>26.822</speed_mps>
          <speed_mph>60.0</speed_mph>
        </extensions>
      </trkpt>
      <trkpt lat="52.16555" lon="1.39096">
        <ele>0</ele>
        <time>2026-06-26T08:16:24.180Z</time>
        <name>720</name>
        <extensions>
          <speed_mps>26.822</speed_mps>
          <speed_mph>60.0</speed_mph>
        </extensions>
      </trkpt>
      <trkpt lat="52.16569" lon="1.39145">
        <ele>0</ele>
        <time>2026-06-26T08:16:25.558Z</time>
        <name>721</name>
        <extensions>
          <speed_mps>26.822</speed_mps>
          <speed_mph>60.0</speed_mph>
        </extensions>
      </trkpt>
      <trkpt lat="52.16583" lon="1.39195">
        <ele>0</ele>
        <time>2026-06-26T08:16:26.935Z</time>
        <name>722</name>
        <extensions>
          <speed_mps>26.822</speed_mps>
          <speed_mph>60.0</speed_mph>
        </extensions>
      </trkpt>
      <trkpt lat="52.16596" lon="1.39244">
        <ele>0</ele>
        <time>2026-06-26T08:16:28.313Z</time>
        <name>723</name>
        <extensions>
          <speed_mps>26.822</speed_mps>
          <speed_mph>60.0</speed_mph>
        </extensions>
      </trkpt>
      <trkpt lat="52.16610" lon="1.39294">
        <ele>0</ele>
        <time>2026-06-26T08:16:29.691Z</time>
        <name>724</name>
        <extensions>
          <speed_mps>26.822</speed_mps>
          <speed_mph>60.0</speed_mph>
        </extensions>
      </trkpt>
      <trkpt lat="52.16623" lon="1.39343">
        <ele>0</ele>
        <time>2026-06-26T08:16:31.068Z</time>
        <name>725</name>
        <extensions>
          <speed_mps>26.822</speed_mps>
          <speed_mph>60.0</speed_mph>
        </extensions>
      </trkpt>
      <trkpt lat="52.16637" lon="1.39392">
        <ele>0</ele>
        <time>2026-06-26T08:16:32.446Z</time>
        <name>726</name>
        <extensions>
          <speed_mps>26.822</speed_mps>
          <speed_mph>60.0</speed_mph>
        </extensions>
      </trkpt>
      <trkpt lat="52.16653" lon="1.39440">
        <ele>0</ele>
        <time>2026-06-26T08:16:33.823Z</time>
        <name>727</name>
        <extensions>
          <speed_mps>26.822</speed_mps>
          <speed_mph>60.0</speed_mph>
        </extensions>
      </trkpt>
      <trkpt lat="52.16668" lon="1.39488">
        <ele>0</ele>
        <time>2026-06-26T08:16:35.201Z</time>
        <name>728</name>
        <extensions>
          <speed_mps>26.822</speed_mps>
          <speed_mph>60.0</speed_mph>
        </extensions>
      </trkpt>
      <trkpt lat="52.16688" lon="1.39532">
        <ele>0</ele>
        <time>2026-06-26T08:16:36.579Z</time>
        <name>729</name>
        <extensions>
          <speed_mps>26.822</speed_mps>
          <speed_mph>60.0</speed_mph>
        </extensions>
      </trkpt>
      <trkpt lat="52.16707" lon="1.39577">
        <ele>0</ele>
        <time>2026-06-26T08:16:37.957Z</time>
        <name>730</name>
        <extensions>
          <speed_mps>26.822</speed_mps>
          <speed_mph>60.0</speed_mph>
        </extensions>
      </trkpt>
      <trkpt lat="52.16726" lon="1.39621">
        <ele>0</ele>
        <time>2026-06-26T08:16:39.334Z</time>
        <name>731</name>
        <extensions>
          <speed_mps>26.822</speed_mps>
          <speed_mph>60.0</speed_mph>
        </extensions>
      </trkpt>
      <trkpt lat="52.16745" lon="1.39665">
        <ele>0</ele>
        <time>2026-06-26T08:16:40.712Z</time>
        <name>732</name>
        <extensions>
          <speed_mps>26.822</speed_mps>
          <speed_mph>60.0</speed_mph>
        </extensions>
      </trkpt>
      <trkpt lat="52.16764" lon="1.39710">
        <ele>0</ele>
        <time>2026-06-26T08:16:42.090Z</time>
        <name>733</name>
        <extensions>
          <speed_mps>26.822</speed_mps>
          <speed_mph>60.0</speed_mph>
        </extensions>
      </trkpt>
      <trkpt lat="52.16781" lon="1.39756">
        <ele>0</ele>
        <time>2026-06-26T08:16:43.467Z</time>
        <name>734</name>
        <extensions>
          <speed_mps>26.822</speed_mps>
          <speed_mph>60.0</speed_mph>
        </extensions>
      </trkpt>
      <trkpt lat="52.16797" lon="1.39804">
        <ele>0</ele>
        <time>2026-06-26T08:16:44.842Z</time>
        <name>735</name>
        <extensions>
          <speed_mps>26.822</speed_mps>
          <speed_mph>60.0</speed_mph>
        </extensions>
      </trkpt>
      <trkpt lat="52.16810" lon="1.39854">
        <ele>0</ele>
        <time>2026-06-26T08:16:46.220Z</time>
        <name>736</name>
        <extensions>
          <speed_mps>26.822</speed_mps>
          <speed_mph>60.0</speed_mph>
        </extensions>
      </trkpt>
      <trkpt lat="52.16821" lon="1.39905">
        <ele>0</ele>
        <time>2026-06-26T08:16:47.596Z</time>
        <name>737</name>
        <extensions>
          <speed_mps>26.822</speed_mps>
          <speed_mph>60.0</speed_mph>
        </extensions>
      </trkpt>
      <trkpt lat="52.16829" lon="1.39957">
        <ele>0</ele>
        <time>2026-06-26T08:16:48.974Z</time>
        <name>738</name>
        <extensions>
          <speed_mps>26.822</speed_mps>
          <speed_mph>60.0</speed_mph>
        </extensions>
      </trkpt>
      <trkpt lat="52.16837" lon="1.40010">
        <ele>0</ele>
        <time>2026-06-26T08:16:50.351Z</time>
        <name>739</name>
        <extensions>
          <speed_mps>26.822</speed_mps>
          <speed_mph>60.0</speed_mph>
        </extensions>
      </trkpt>
      <trkpt lat="52.16846" lon="1.40062">
        <ele>0</ele>
        <time>2026-06-26T08:16:51.729Z</time>
        <name>740</name>
        <extensions>
          <speed_mps>26.822</speed_mps>
          <speed_mph>60.0</speed_mph>
        </extensions>
      </trkpt>
      <trkpt lat="52.16856" lon="1.40113">
        <ele>0</ele>
        <time>2026-06-26T08:16:53.106Z</time>
        <name>741</name>
        <extensions>
          <speed_mps>26.822</speed_mps>
          <speed_mph>60.0</speed_mph>
        </extensions>
      </trkpt>
      <trkpt lat="52.16870" lon="1.40162">
        <ele>0</ele>
        <time>2026-06-26T08:16:54.483Z</time>
        <name>742</name>
        <extensions>
          <speed_mps>26.822</speed_mps>
          <speed_mph>60.0</speed_mph>
        </extensions>
      </trkpt>
      <trkpt lat="52.16887" lon="1.40209">
        <ele>0</ele>
        <time>2026-06-26T08:16:55.861Z</time>
        <name>743</name>
        <extensions>
          <speed_mps>26.822</speed_mps>
          <speed_mph>60.0</speed_mph>
        </extensions>
      </trkpt>
      <trkpt lat="52.16904" lon="1.40256">
        <ele>0</ele>
        <time>2026-06-26T08:16:57.238Z</time>
        <name>744</name>
        <extensions>
          <speed_mps>26.822</speed_mps>
          <speed_mph>60.0</speed_mph>
        </extensions>
      </trkpt>
      <trkpt lat="52.16920" lon="1.40303">
        <ele>0</ele>
        <time>2026-06-26T08:16:58.616Z</time>
        <name>745</name>
        <extensions>
          <speed_mps>26.822</speed_mps>
          <speed_mph>60.0</speed_mph>
        </extensions>
      </trkpt>
      <trkpt lat="52.16935" lon="1.40351">
        <ele>0</ele>
        <time>2026-06-26T08:16:59.992Z</time>
        <name>746</name>
        <extensions>
          <speed_mps>26.822</speed_mps>
          <speed_mph>60.0</speed_mph>
        </extensions>
      </trkpt>
      <trkpt lat="52.16948" lon="1.40402">
        <ele>0</ele>
        <time>2026-06-26T08:17:01.370Z</time>
        <name>747</name>
        <extensions>
          <speed_mps>26.822</speed_mps>
          <speed_mph>60.0</speed_mph>
        </extensions>
      </trkpt>
      <trkpt lat="52.16961" lon="1.40452">
        <ele>0</ele>
        <time>2026-06-26T08:17:02.748Z</time>
        <name>748</name>
        <extensions>
          <speed_mps>26.822</speed_mps>
          <speed_mph>60.0</speed_mph>
        </extensions>
      </trkpt>
      <trkpt lat="52.16973" lon="1.40502">
        <ele>0</ele>
        <time>2026-06-26T08:17:04.126Z</time>
        <name>749</name>
        <extensions>
          <speed_mps>26.822</speed_mps>
          <speed_mph>60.0</speed_mph>
        </extensions>
      </trkpt>
      <trkpt lat="52.16986" lon="1.40552">
        <ele>0</ele>
        <time>2026-06-26T08:17:05.503Z</time>
        <name>750</name>
        <extensions>
          <speed_mps>26.822</speed_mps>
          <speed_mph>60.0</speed_mph>
        </extensions>
      </trkpt>
      <trkpt lat="52.16998" lon="1.40602">
        <ele>0</ele>
        <time>2026-06-26T08:17:06.881Z</time>
        <name>751</name>
        <extensions>
          <speed_mps>26.822</speed_mps>
          <speed_mph>60.0</speed_mph>
        </extensions>
      </trkpt>
      <trkpt lat="52.17010" lon="1.40653">
        <ele>0</ele>
        <time>2026-06-26T08:17:08.259Z</time>
        <name>752</name>
        <extensions>
          <speed_mps>26.822</speed_mps>
          <speed_mph>60.0</speed_mph>
        </extensions>
      </trkpt>
      <trkpt lat="52.17023" lon="1.40703">
        <ele>0</ele>
        <time>2026-06-26T08:17:09.637Z</time>
        <name>753</name>
        <extensions>
          <speed_mps>26.822</speed_mps>
          <speed_mph>60.0</speed_mph>
        </extensions>
      </trkpt>
      <trkpt lat="52.17032" lon="1.40755">
        <ele>0</ele>
        <time>2026-06-26T08:17:11.009Z</time>
        <name>754</name>
        <extensions>
          <speed_mps>26.822</speed_mps>
          <speed_mph>60.0</speed_mph>
        </extensions>
      </trkpt>
      <trkpt lat="52.17035" lon="1.40809">
        <ele>0</ele>
        <time>2026-06-26T08:17:12.384Z</time>
        <name>755</name>
        <extensions>
          <speed_mps>26.822</speed_mps>
          <speed_mph>60.0</speed_mph>
        </extensions>
      </trkpt>
      <trkpt lat="52.17035" lon="1.40863">
        <ele>0</ele>
        <time>2026-06-26T08:17:13.761Z</time>
        <name>756</name>
        <extensions>
          <speed_mps>26.822</speed_mps>
          <speed_mph>60.0</speed_mph>
        </extensions>
      </trkpt>
      <trkpt lat="52.17034" lon="1.40917">
        <ele>0</ele>
        <time>2026-06-26T08:17:15.138Z</time>
        <name>757</name>
        <extensions>
          <speed_mps>26.822</speed_mps>
          <speed_mph>60.0</speed_mph>
        </extensions>
      </trkpt>
      <trkpt lat="52.17033" lon="1.40971">
        <ele>0</ele>
        <time>2026-06-26T08:17:16.516Z</time>
        <name>758</name>
        <extensions>
          <speed_mps>26.822</speed_mps>
          <speed_mph>60.0</speed_mph>
        </extensions>
      </trkpt>
      <trkpt lat="52.17035" lon="1.41025">
        <ele>0</ele>
        <time>2026-06-26T08:17:17.892Z</time>
        <name>759</name>
        <extensions>
          <speed_mps>26.822</speed_mps>
          <speed_mph>60.0</speed_mph>
        </extensions>
      </trkpt>
      <trkpt lat="52.17038" lon="1.41079">
        <ele>0</ele>
        <time>2026-06-26T08:17:19.269Z</time>
        <name>760</name>
        <extensions>
          <speed_mps>26.822</speed_mps>
          <speed_mph>60.0</speed_mph>
        </extensions>
      </trkpt>
      <trkpt lat="52.17047" lon="1.41131">
        <ele>0</ele>
        <time>2026-06-26T08:17:20.641Z</time>
        <name>761</name>
        <extensions>
          <speed_mps>26.822</speed_mps>
          <speed_mph>60.0</speed_mph>
        </extensions>
      </trkpt>
      <trkpt lat="52.17060" lon="1.41181">
        <ele>0</ele>
        <time>2026-06-26T08:17:22.018Z</time>
        <name>762</name>
        <extensions>
          <speed_mps>26.822</speed_mps>
          <speed_mph>60.0</speed_mph>
        </extensions>
      </trkpt>
      <trkpt lat="52.17074" lon="1.41230">
        <ele>0</ele>
        <time>2026-06-26T08:17:23.396Z</time>
        <name>763</name>
        <extensions>
          <speed_mps>26.822</speed_mps>
          <speed_mph>60.0</speed_mph>
        </extensions>
      </trkpt>
      <trkpt lat="52.17091" lon="1.41277">
        <ele>0</ele>
        <time>2026-06-26T08:17:24.773Z</time>
        <name>764</name>
        <extensions>
          <speed_mps>26.822</speed_mps>
          <speed_mph>60.0</speed_mph>
        </extensions>
      </trkpt>
      <trkpt lat="52.17107" lon="1.41324">
        <ele>0</ele>
        <time>2026-06-26T08:17:26.151Z</time>
        <name>765</name>
        <extensions>
          <speed_mps>26.822</speed_mps>
          <speed_mph>60.0</speed_mph>
        </extensions>
      </trkpt>
      <trkpt lat="52.17125" lon="1.41370">
        <ele>0</ele>
        <time>2026-06-26T08:17:27.529Z</time>
        <name>766</name>
        <extensions>
          <speed_mps>26.822</speed_mps>
          <speed_mph>60.0</speed_mph>
        </extensions>
      </trkpt>
      <trkpt lat="52.17142" lon="1.41416">
        <ele>0</ele>
        <time>2026-06-26T08:17:28.906Z</time>
        <name>767</name>
        <extensions>
          <speed_mps>26.822</speed_mps>
          <speed_mph>60.0</speed_mph>
        </extensions>
      </trkpt>
      <trkpt lat="52.17160" lon="1.41462">
        <ele>0</ele>
        <time>2026-06-26T08:17:30.284Z</time>
        <name>768</name>
        <extensions>
          <speed_mps>26.822</speed_mps>
          <speed_mph>60.0</speed_mph>
        </extensions>
      </trkpt>
      <trkpt lat="52.17176" lon="1.41509">
        <ele>0</ele>
        <time>2026-06-26T08:17:31.662Z</time>
        <name>769</name>
        <extensions>
          <speed_mps>26.822</speed_mps>
          <speed_mph>60.0</speed_mph>
        </extensions>
      </trkpt>
      <trkpt lat="52.17191" lon="1.41557">
        <ele>0</ele>
        <time>2026-06-26T08:17:33.039Z</time>
        <name>770</name>
        <extensions>
          <speed_mps>26.822</speed_mps>
          <speed_mph>60.0</speed_mph>
        </extensions>
      </trkpt>
      <trkpt lat="52.17204" lon="1.41608">
        <ele>0</ele>
        <time>2026-06-26T08:17:34.415Z</time>
        <name>771</name>
        <extensions>
          <speed_mps>26.822</speed_mps>
          <speed_mph>60.0</speed_mph>
        </extensions>
      </trkpt>
      <trkpt lat="52.17213" lon="1.41659">
        <ele>0</ele>
        <time>2026-06-26T08:17:35.793Z</time>
        <name>772</name>
        <extensions>
          <speed_mps>26.822</speed_mps>
          <speed_mph>60.0</speed_mph>
        </extensions>
      </trkpt>
      <trkpt lat="52.17218" lon="1.41713">
        <ele>0</ele>
        <time>2026-06-26T08:17:37.170Z</time>
        <name>773</name>
        <extensions>
          <speed_mps>26.822</speed_mps>
          <speed_mph>60.0</speed_mph>
        </extensions>
      </trkpt>
      <trkpt lat="52.17222" lon="1.41767">
        <ele>0</ele>
        <time>2026-06-26T08:17:38.548Z</time>
        <name>774</name>
        <extensions>
          <speed_mps>26.822</speed_mps>
          <speed_mph>60.0</speed_mph>
        </extensions>
      </trkpt>
      <trkpt lat="52.17226" lon="1.41821">
        <ele>0</ele>
        <time>2026-06-26T08:17:39.926Z</time>
        <name>775</name>
        <extensions>
          <speed_mps>26.822</speed_mps>
          <speed_mph>60.0</speed_mph>
        </extensions>
      </trkpt>
      <trkpt lat="52.17230" lon="1.41874">
        <ele>0</ele>
        <time>2026-06-26T08:17:41.304Z</time>
        <name>776</name>
        <extensions>
          <speed_mps>26.822</speed_mps>
          <speed_mph>60.0</speed_mph>
        </extensions>
      </trkpt>
      <trkpt lat="52.17238" lon="1.41927">
        <ele>0</ele>
        <time>2026-06-26T08:17:42.679Z</time>
        <name>777</name>
        <extensions>
          <speed_mps>26.822</speed_mps>
          <speed_mph>60.0</speed_mph>
        </extensions>
      </trkpt>
      <trkpt lat="52.17249" lon="1.41978">
        <ele>0</ele>
        <time>2026-06-26T08:17:44.052Z</time>
        <name>778</name>
        <extensions>
          <speed_mps>26.822</speed_mps>
          <speed_mph>60.0</speed_mph>
        </extensions>
      </trkpt>
      <trkpt lat="52.17265" lon="1.42026">
        <ele>0</ele>
        <time>2026-06-26T08:17:45.427Z</time>
        <name>779</name>
        <extensions>
          <speed_mps>26.822</speed_mps>
          <speed_mph>60.0</speed_mph>
        </extensions>
      </trkpt>
      <trkpt lat="52.17283" lon="1.42070">
        <ele>0</ele>
        <time>2026-06-26T08:17:46.804Z</time>
        <name>780</name>
        <extensions>
          <speed_mps>26.822</speed_mps>
          <speed_mph>60.0</speed_mph>
        </extensions>
      </trkpt>
      <trkpt lat="52.17304" lon="1.42112">
        <ele>0</ele>
        <time>2026-06-26T08:17:48.181Z</time>
        <name>781</name>
        <extensions>
          <speed_mps>26.822</speed_mps>
          <speed_mph>60.0</speed_mph>
        </extensions>
      </trkpt>
      <trkpt lat="52.17327" lon="1.42152">
        <ele>0</ele>
        <time>2026-06-26T08:17:49.558Z</time>
        <name>782</name>
        <extensions>
          <speed_mps>26.822</speed_mps>
          <speed_mph>60.0</speed_mph>
        </extensions>
      </trkpt>
      <trkpt lat="52.17351" lon="1.42189">
        <ele>0</ele>
        <time>2026-06-26T08:17:50.935Z</time>
        <name>783</name>
        <extensions>
          <speed_mps>26.822</speed_mps>
          <speed_mph>60.0</speed_mph>
        </extensions>
      </trkpt>
      <trkpt lat="52.17378" lon="1.42221">
        <ele>0</ele>
        <time>2026-06-26T08:17:52.308Z</time>
        <name>784</name>
        <extensions>
          <speed_mps>26.822</speed_mps>
          <speed_mph>60.0</speed_mph>
        </extensions>
      </trkpt>
      <trkpt lat="52.17407" lon="1.42246">
        <ele>0</ele>
        <time>2026-06-26T08:17:53.683Z</time>
        <name>785</name>
        <extensions>
          <speed_mps>26.822</speed_mps>
          <speed_mph>60.0</speed_mph>
        </extensions>
      </trkpt>
      <trkpt lat="52.17437" lon="1.42269">
        <ele>0</ele>
        <time>2026-06-26T08:17:55.061Z</time>
        <name>786</name>
        <extensions>
          <speed_mps>26.822</speed_mps>
          <speed_mph>60.0</speed_mph>
        </extensions>
      </trkpt>
      <trkpt lat="52.17469" lon="1.42287">
        <ele>0</ele>
        <time>2026-06-26T08:17:56.436Z</time>
        <name>787</name>
        <extensions>
          <speed_mps>26.822</speed_mps>
          <speed_mph>60.0</speed_mph>
        </extensions>
      </trkpt>
      <trkpt lat="52.17500" lon="1.42304">
        <ele>0</ele>
        <time>2026-06-26T08:17:57.814Z</time>
        <name>788</name>
        <extensions>
          <speed_mps>26.822</speed_mps>
          <speed_mph>60.0</speed_mph>
        </extensions>
      </trkpt>
      <trkpt lat="52.17531" lon="1.42325">
        <ele>0</ele>
        <time>2026-06-26T08:17:59.190Z</time>
        <name>789</name>
        <extensions>
          <speed_mps>26.822</speed_mps>
          <speed_mph>60.0</speed_mph>
        </extensions>
      </trkpt>
      <trkpt lat="52.17560" lon="1.42352">
        <ele>0</ele>
        <time>2026-06-26T08:18:00.567Z</time>
        <name>790</name>
        <extensions>
          <speed_mps>26.822</speed_mps>
          <speed_mph>60.0</speed_mph>
        </extensions>
      </trkpt>
      <trkpt lat="52.17588" lon="1.42381">
        <ele>0</ele>
        <time>2026-06-26T08:18:01.945Z</time>
        <name>791</name>
        <extensions>
          <speed_mps>26.822</speed_mps>
          <speed_mph>60.0</speed_mph>
        </extensions>
      </trkpt>
      <trkpt lat="52.17617" lon="1.42407">
        <ele>0</ele>
        <time>2026-06-26T08:18:03.322Z</time>
        <name>792</name>
        <extensions>
          <speed_mps>26.822</speed_mps>
          <speed_mph>60.0</speed_mph>
        </extensions>
      </trkpt>
      <trkpt lat="52.17646" lon="1.42433">
        <ele>0</ele>
        <time>2026-06-26T08:18:04.699Z</time>
        <name>793</name>
        <extensions>
          <speed_mps>26.822</speed_mps>
          <speed_mph>60.0</speed_mph>
        </extensions>
      </trkpt>
      <trkpt lat="52.17677" lon="1.42450">
        <ele>0</ele>
        <time>2026-06-26T08:18:06.072Z</time>
        <name>794</name>
        <extensions>
          <speed_mps>26.822</speed_mps>
          <speed_mph>60.0</speed_mph>
        </extensions>
      </trkpt>
      <trkpt lat="52.17710" lon="1.42459">
        <ele>0</ele>
        <time>2026-06-26T08:18:07.442Z</time>
        <name>795</name>
        <extensions>
          <speed_mps>26.822</speed_mps>
          <speed_mph>60.0</speed_mph>
        </extensions>
      </trkpt>
      <trkpt lat="52.17743" lon="1.42459">
        <ele>0</ele>
        <time>2026-06-26T08:18:08.814Z</time>
        <name>796</name>
        <extensions>
          <speed_mps>26.822</speed_mps>
          <speed_mph>60.0</speed_mph>
        </extensions>
      </trkpt>
      <trkpt lat="52.17776" lon="1.42453">
        <ele>0</ele>
        <time>2026-06-26T08:18:10.192Z</time>
        <name>797</name>
        <extensions>
          <speed_mps>26.822</speed_mps>
          <speed_mph>60.0</speed_mph>
        </extensions>
      </trkpt>
      <trkpt lat="52.17809" lon="1.42446">
        <ele>0</ele>
        <time>2026-06-26T08:18:11.569Z</time>
        <name>798</name>
        <extensions>
          <speed_mps>26.822</speed_mps>
          <speed_mph>60.0</speed_mph>
        </extensions>
      </trkpt>
      <trkpt lat="52.17842" lon="1.42439">
        <ele>0</ele>
        <time>2026-06-26T08:18:12.946Z</time>
        <name>799</name>
        <extensions>
          <speed_mps>26.822</speed_mps>
          <speed_mph>60.0</speed_mph>
        </extensions>
      </trkpt>
      <trkpt lat="52.17875" lon="1.42432">
        <ele>0</ele>
        <time>2026-06-26T08:18:14.324Z</time>
        <name>800</name>
        <extensions>
          <speed_mps>26.822</speed_mps>
          <speed_mph>60.0</speed_mph>
        </extensions>
      </trkpt>
      <trkpt lat="52.17908" lon="1.42426">
        <ele>0</ele>
        <time>2026-06-26T08:18:15.702Z</time>
        <name>801</name>
        <extensions>
          <speed_mps>26.822</speed_mps>
          <speed_mph>60.0</speed_mph>
        </extensions>
      </trkpt>
      <trkpt lat="52.17941" lon="1.42423">
        <ele>0</ele>
        <time>2026-06-26T08:18:17.077Z</time>
        <name>802</name>
        <extensions>
          <speed_mps>26.822</speed_mps>
          <speed_mph>60.0</speed_mph>
        </extensions>
      </trkpt>
      <trkpt lat="52.17974" lon="1.42420">
        <ele>0</ele>
        <time>2026-06-26T08:18:18.455Z</time>
        <name>803</name>
        <extensions>
          <speed_mps>26.822</speed_mps>
          <speed_mph>60.0</speed_mph>
        </extensions>
      </trkpt>
      <trkpt lat="52.18008" lon="1.42418">
        <ele>0</ele>
        <time>2026-06-26T08:18:19.832Z</time>
        <name>804</name>
        <extensions>
          <speed_mps>26.822</speed_mps>
          <speed_mph>60.0</speed_mph>
        </extensions>
      </trkpt>
      <trkpt lat="52.18041" lon="1.42416">
        <ele>0</ele>
        <time>2026-06-26T08:18:21.210Z</time>
        <name>805</name>
        <extensions>
          <speed_mps>26.822</speed_mps>
          <speed_mph>60.0</speed_mph>
        </extensions>
      </trkpt>
      <trkpt lat="52.18074" lon="1.42414">
        <ele>0</ele>
        <time>2026-06-26T08:18:22.588Z</time>
        <name>806</name>
        <extensions>
          <speed_mps>26.822</speed_mps>
          <speed_mph>60.0</speed_mph>
        </extensions>
      </trkpt>
      <trkpt lat="52.18107" lon="1.42419">
        <ele>0</ele>
        <time>2026-06-26T08:18:23.958Z</time>
        <name>807</name>
        <extensions>
          <speed_mps>26.822</speed_mps>
          <speed_mph>60.0</speed_mph>
        </extensions>
      </trkpt>
      <trkpt lat="52.18139" lon="1.42430">
        <ele>0</ele>
        <time>2026-06-26T08:18:25.334Z</time>
        <name>808</name>
        <extensions>
          <speed_mps>26.822</speed_mps>
          <speed_mph>60.0</speed_mph>
        </extensions>
      </trkpt>
      <trkpt lat="52.18171" lon="1.42445">
        <ele>0</ele>
        <time>2026-06-26T08:18:26.712Z</time>
        <name>809</name>
        <extensions>
          <speed_mps>26.822</speed_mps>
          <speed_mph>60.0</speed_mph>
        </extensions>
      </trkpt>
      <trkpt lat="52.18203" lon="1.42462">
        <ele>0</ele>
        <time>2026-06-26T08:18:28.090Z</time>
        <name>810</name>
        <extensions>
          <speed_mps>26.822</speed_mps>
          <speed_mph>60.0</speed_mph>
        </extensions>
      </trkpt>
      <trkpt lat="52.18234" lon="1.42480">
        <ele>0</ele>
        <time>2026-06-26T08:18:29.468Z</time>
        <name>811</name>
        <extensions>
          <speed_mps>26.822</speed_mps>
          <speed_mph>60.0</speed_mph>
        </extensions>
      </trkpt>
      <trkpt lat="52.18264" lon="1.42502">
        <ele>0</ele>
        <time>2026-06-26T08:18:30.840Z</time>
        <name>812</name>
        <extensions>
          <speed_mps>26.822</speed_mps>
          <speed_mph>60.0</speed_mph>
        </extensions>
      </trkpt>
      <trkpt lat="52.18293" lon="1.42528">
        <ele>0</ele>
        <time>2026-06-26T08:18:32.217Z</time>
        <name>813</name>
        <extensions>
          <speed_mps>26.822</speed_mps>
          <speed_mph>60.0</speed_mph>
        </extensions>
      </trkpt>
      <trkpt lat="52.18319" lon="1.42562">
        <ele>0</ele>
        <time>2026-06-26T08:18:33.595Z</time>
        <name>814</name>
        <extensions>
          <speed_mps>26.822</speed_mps>
          <speed_mph>60.0</speed_mph>
        </extensions>
      </trkpt>
      <trkpt lat="52.18344" lon="1.42599">
        <ele>0</ele>
        <time>2026-06-26T08:18:34.970Z</time>
        <name>815</name>
        <extensions>
          <speed_mps>26.822</speed_mps>
          <speed_mph>60.0</speed_mph>
        </extensions>
      </trkpt>
      <trkpt lat="52.18365" lon="1.42640">
        <ele>0</ele>
        <time>2026-06-26T08:18:36.341Z</time>
        <name>816</name>
        <extensions>
          <speed_mps>26.822</speed_mps>
          <speed_mph>60.0</speed_mph>
        </extensions>
      </trkpt>
      <trkpt lat="52.18382" lon="1.42686">
        <ele>0</ele>
        <time>2026-06-26T08:18:37.719Z</time>
        <name>817</name>
        <extensions>
          <speed_mps>26.822</speed_mps>
          <speed_mph>60.0</speed_mph>
        </extensions>
      </trkpt>
      <trkpt lat="52.18398" lon="1.42734">
        <ele>0</ele>
        <time>2026-06-26T08:18:39.096Z</time>
        <name>818</name>
        <extensions>
          <speed_mps>26.822</speed_mps>
          <speed_mph>60.0</speed_mph>
        </extensions>
      </trkpt>
      <trkpt lat="52.18410" lon="1.42785">
        <ele>0</ele>
        <time>2026-06-26T08:18:40.474Z</time>
        <name>819</name>
        <extensions>
          <speed_mps>26.822</speed_mps>
          <speed_mph>60.0</speed_mph>
        </extensions>
      </trkpt>
      <trkpt lat="52.18419" lon="1.42837">
        <ele>0</ele>
        <time>2026-06-26T08:18:41.849Z</time>
        <name>820</name>
        <extensions>
          <speed_mps>26.822</speed_mps>
          <speed_mph>60.0</speed_mph>
        </extensions>
      </trkpt>
      <trkpt lat="52.18426" lon="1.42890">
        <ele>0</ele>
        <time>2026-06-26T08:18:43.226Z</time>
        <name>821</name>
        <extensions>
          <speed_mps>26.822</speed_mps>
          <speed_mph>60.0</speed_mph>
        </extensions>
      </trkpt>
      <trkpt lat="52.18432" lon="1.42943">
        <ele>0</ele>
        <time>2026-06-26T08:18:44.604Z</time>
        <name>822</name>
        <extensions>
          <speed_mps>26.822</speed_mps>
          <speed_mph>60.0</speed_mph>
        </extensions>
      </trkpt>
      <trkpt lat="52.18437" lon="1.42997">
        <ele>0</ele>
        <time>2026-06-26T08:18:45.981Z</time>
        <name>823</name>
        <extensions>
          <speed_mps>26.822</speed_mps>
          <speed_mph>60.0</speed_mph>
        </extensions>
      </trkpt>
      <trkpt lat="52.18441" lon="1.43050">
        <ele>0</ele>
        <time>2026-06-26T08:18:47.358Z</time>
        <name>824</name>
        <extensions>
          <speed_mps>26.822</speed_mps>
          <speed_mph>60.0</speed_mph>
        </extensions>
      </trkpt>
      <trkpt lat="52.18442" lon="1.43105">
        <ele>0</ele>
        <time>2026-06-26T08:18:48.735Z</time>
        <name>825</name>
        <extensions>
          <speed_mps>26.822</speed_mps>
          <speed_mph>60.0</speed_mph>
        </extensions>
      </trkpt>
      <trkpt lat="52.18444" lon="1.43159">
        <ele>0</ele>
        <time>2026-06-26T08:18:50.113Z</time>
        <name>826</name>
        <extensions>
          <speed_mps>26.822</speed_mps>
          <speed_mph>60.0</speed_mph>
        </extensions>
      </trkpt>
      <trkpt lat="52.18445" lon="1.43213">
        <ele>0</ele>
        <time>2026-06-26T08:18:51.491Z</time>
        <name>827</name>
        <extensions>
          <speed_mps>26.822</speed_mps>
          <speed_mph>60.0</speed_mph>
        </extensions>
      </trkpt>
      <trkpt lat="52.18446" lon="1.43267">
        <ele>0</ele>
        <time>2026-06-26T08:18:52.868Z</time>
        <name>828</name>
        <extensions>
          <speed_mps>26.822</speed_mps>
          <speed_mph>60.0</speed_mph>
        </extensions>
      </trkpt>
      <trkpt lat="52.18447" lon="1.43321">
        <ele>0</ele>
        <time>2026-06-26T08:18:54.246Z</time>
        <name>829</name>
        <extensions>
          <speed_mps>26.822</speed_mps>
          <speed_mph>60.0</speed_mph>
        </extensions>
      </trkpt>
      <trkpt lat="52.18447" lon="1.43375">
        <ele>0</ele>
        <time>2026-06-26T08:18:55.624Z</time>
        <name>830</name>
        <extensions>
          <speed_mps>26.822</speed_mps>
          <speed_mph>60.0</speed_mph>
        </extensions>
      </trkpt>
      <trkpt lat="52.18453" lon="1.43429">
        <ele>0</ele>
        <time>2026-06-26T08:18:57.001Z</time>
        <name>831</name>
        <extensions>
          <speed_mps>26.822</speed_mps>
          <speed_mph>60.0</speed_mph>
        </extensions>
      </trkpt>
      <trkpt lat="52.18462" lon="1.43481">
        <ele>0</ele>
        <time>2026-06-26T08:18:58.375Z</time>
        <name>832</name>
        <extensions>
          <speed_mps>26.822</speed_mps>
          <speed_mph>60.0</speed_mph>
        </extensions>
      </trkpt>
      <trkpt lat="52.18473" lon="1.43532">
        <ele>0</ele>
        <time>2026-06-26T08:18:59.753Z</time>
        <name>833</name>
        <extensions>
          <speed_mps>26.822</speed_mps>
          <speed_mph>60.0</speed_mph>
        </extensions>
      </trkpt>
      <trkpt lat="52.18484" lon="1.43583">
        <ele>0</ele>
        <time>2026-06-26T08:19:01.130Z</time>
        <name>834</name>
        <extensions>
          <speed_mps>26.822</speed_mps>
          <speed_mph>60.0</speed_mph>
        </extensions>
      </trkpt>
      <trkpt lat="52.18494" lon="1.43635">
        <ele>0</ele>
        <time>2026-06-26T08:19:02.508Z</time>
        <name>835</name>
        <extensions>
          <speed_mps>26.822</speed_mps>
          <speed_mph>60.0</speed_mph>
        </extensions>
      </trkpt>
      <trkpt lat="52.18505" lon="1.43686">
        <ele>0</ele>
        <time>2026-06-26T08:19:03.886Z</time>
        <name>836</name>
        <extensions>
          <speed_mps>26.822</speed_mps>
          <speed_mph>60.0</speed_mph>
        </extensions>
      </trkpt>
      <trkpt lat="52.18516" lon="1.43737">
        <ele>0</ele>
        <time>2026-06-26T08:19:05.264Z</time>
        <name>837</name>
        <extensions>
          <speed_mps>26.822</speed_mps>
          <speed_mph>60.0</speed_mph>
        </extensions>
      </trkpt>
      <trkpt lat="52.18526" lon="1.43789">
        <ele>0</ele>
        <time>2026-06-26T08:19:06.641Z</time>
        <name>838</name>
        <extensions>
          <speed_mps>26.822</speed_mps>
          <speed_mph>60.0</speed_mph>
        </extensions>
      </trkpt>
      <trkpt lat="52.18537" lon="1.43840">
        <ele>0</ele>
        <time>2026-06-26T08:19:08.019Z</time>
        <name>839</name>
        <extensions>
          <speed_mps>26.822</speed_mps>
          <speed_mph>60.0</speed_mph>
        </extensions>
      </trkpt>
      <trkpt lat="52.18547" lon="1.43892">
        <ele>0</ele>
        <time>2026-06-26T08:19:09.396Z</time>
        <name>840</name>
        <extensions>
          <speed_mps>26.822</speed_mps>
          <speed_mph>60.0</speed_mph>
        </extensions>
      </trkpt>
      <trkpt lat="52.18556" lon="1.43944">
        <ele>0</ele>
        <time>2026-06-26T08:19:10.774Z</time>
        <name>841</name>
        <extensions>
          <speed_mps>26.822</speed_mps>
          <speed_mph>60.0</speed_mph>
        </extensions>
      </trkpt>
      <trkpt lat="52.18564" lon="1.43996">
        <ele>0</ele>
        <time>2026-06-26T08:19:12.150Z</time>
        <name>842</name>
        <extensions>
          <speed_mps>26.822</speed_mps>
          <speed_mph>60.0</speed_mph>
        </extensions>
      </trkpt>
      <trkpt lat="52.18567" lon="1.44050">
        <ele>0</ele>
        <time>2026-06-26T08:19:13.528Z</time>
        <name>843</name>
        <extensions>
          <speed_mps>26.822</speed_mps>
          <speed_mph>60.0</speed_mph>
        </extensions>
      </trkpt>
      <trkpt lat="52.18570" lon="1.44104">
        <ele>0</ele>
        <time>2026-06-26T08:19:14.905Z</time>
        <name>844</name>
        <extensions>
          <speed_mps>26.822</speed_mps>
          <speed_mph>60.0</speed_mph>
        </extensions>
      </trkpt>
      <trkpt lat="52.18573" lon="1.44158">
        <ele>0</ele>
        <time>2026-06-26T08:19:16.283Z</time>
        <name>845</name>
        <extensions>
          <speed_mps>26.822</speed_mps>
          <speed_mph>60.0</speed_mph>
        </extensions>
      </trkpt>
      <trkpt lat="52.18575" lon="1.44212">
        <ele>0</ele>
        <time>2026-06-26T08:19:17.660Z</time>
        <name>846</name>
        <extensions>
          <speed_mps>26.822</speed_mps>
          <speed_mph>60.0</speed_mph>
        </extensions>
      </trkpt>
      <trkpt lat="52.18580" lon="1.44266">
        <ele>0</ele>
        <time>2026-06-26T08:19:19.037Z</time>
        <name>847</name>
        <extensions>
          <speed_mps>26.822</speed_mps>
          <speed_mph>60.0</speed_mph>
        </extensions>
      </trkpt>
      <trkpt lat="52.18589" lon="1.44318">
        <ele>0</ele>
        <time>2026-06-26T08:19:20.414Z</time>
        <name>848</name>
        <extensions>
          <speed_mps>26.822</speed_mps>
          <speed_mph>60.0</speed_mph>
        </extensions>
      </trkpt>
      <trkpt lat="52.18603" lon="1.44367">
        <ele>0</ele>
        <time>2026-06-26T08:19:21.791Z</time>
        <name>849</name>
        <extensions>
          <speed_mps>26.822</speed_mps>
          <speed_mph>60.0</speed_mph>
        </extensions>
      </trkpt>
      <trkpt lat="52.18617" lon="1.44416">
        <ele>0</ele>
        <time>2026-06-26T08:19:23.169Z</time>
        <name>850</name>
        <extensions>
          <speed_mps>26.822</speed_mps>
          <speed_mph>60.0</speed_mph>
        </extensions>
      </trkpt>
      <trkpt lat="52.18633" lon="1.44464">
        <ele>0</ele>
        <time>2026-06-26T08:19:24.547Z</time>
        <name>851</name>
        <extensions>
          <speed_mps>26.822</speed_mps>
          <speed_mph>60.0</speed_mph>
        </extensions>
      </trkpt>
      <trkpt lat="52.18649" lon="1.44511">
        <ele>0</ele>
        <time>2026-06-26T08:19:25.924Z</time>
        <name>852</name>
        <extensions>
          <speed_mps>26.822</speed_mps>
          <speed_mph>60.0</speed_mph>
        </extensions>
      </trkpt>
      <trkpt lat="52.18669" lon="1.44554">
        <ele>0</ele>
        <time>2026-06-26T08:19:27.300Z</time>
        <name>853</name>
        <extensions>
          <speed_mps>26.822</speed_mps>
          <speed_mph>60.0</speed_mph>
        </extensions>
      </trkpt>
      <trkpt lat="52.18691" lon="1.44595">
        <ele>0</ele>
        <time>2026-06-26T08:19:28.677Z</time>
        <name>854</name>
        <extensions>
          <speed_mps>26.822</speed_mps>
          <speed_mph>60.0</speed_mph>
        </extensions>
      </trkpt>
      <trkpt lat="52.18715" lon="1.44633">
        <ele>0</ele>
        <time>2026-06-26T08:19:30.055Z</time>
        <name>855</name>
        <extensions>
          <speed_mps>26.822</speed_mps>
          <speed_mph>60.0</speed_mph>
        </extensions>
      </trkpt>
      <trkpt lat="52.18739" lon="1.44671">
        <ele>0</ele>
        <time>2026-06-26T08:19:31.433Z</time>
        <name>856</name>
        <extensions>
          <speed_mps>26.822</speed_mps>
          <speed_mph>60.0</speed_mph>
        </extensions>
      </trkpt>
      <trkpt lat="52.18763" lon="1.44709">
        <ele>0</ele>
        <time>2026-06-26T08:19:32.810Z</time>
        <name>857</name>
        <extensions>
          <speed_mps>26.822</speed_mps>
          <speed_mph>60.0</speed_mph>
        </extensions>
      </trkpt>
      <trkpt lat="52.18786" lon="1.44747">
        <ele>0</ele>
        <time>2026-06-26T08:19:34.188Z</time>
        <name>858</name>
        <extensions>
          <speed_mps>26.822</speed_mps>
          <speed_mph>60.0</speed_mph>
        </extensions>
      </trkpt>
      <trkpt lat="52.18810" lon="1.44785">
        <ele>0</ele>
        <time>2026-06-26T08:19:35.565Z</time>
        <name>859</name>
        <extensions>
          <speed_mps>26.822</speed_mps>
          <speed_mph>60.0</speed_mph>
        </extensions>
      </trkpt>
      <trkpt lat="52.18832" lon="1.44825">
        <ele>0</ele>
        <time>2026-06-26T08:19:36.943Z</time>
        <name>860</name>
        <extensions>
          <speed_mps>26.822</speed_mps>
          <speed_mph>60.0</speed_mph>
        </extensions>
      </trkpt>
      <trkpt lat="52.18855" lon="1.44865">
        <ele>0</ele>
        <time>2026-06-26T08:19:38.321Z</time>
        <name>861</name>
        <extensions>
          <speed_mps>26.822</speed_mps>
          <speed_mph>60.0</speed_mph>
        </extensions>
      </trkpt>
      <trkpt lat="52.18876" lon="1.44907">
        <ele>0</ele>
        <time>2026-06-26T08:19:39.697Z</time>
        <name>862</name>
        <extensions>
          <speed_mps>26.822</speed_mps>
          <speed_mph>60.0</speed_mph>
        </extensions>
      </trkpt>
      <trkpt lat="52.18890" lon="1.44956">
        <ele>0</ele>
        <time>2026-06-26T08:19:41.070Z</time>
        <name>863</name>
        <extensions>
          <speed_mps>26.822</speed_mps>
          <speed_mph>60.0</speed_mph>
        </extensions>
      </trkpt>
      <trkpt lat="52.18893" lon="1.45009">
        <ele>0</ele>
        <time>2026-06-26T08:19:42.442Z</time>
        <name>864</name>
        <extensions>
          <speed_mps>26.822</speed_mps>
          <speed_mph>60.0</speed_mph>
        </extensions>
      </trkpt>
      <trkpt lat="52.18889" lon="1.45063">
        <ele>0</ele>
        <time>2026-06-26T08:19:43.819Z</time>
        <name>865</name>
        <extensions>
          <speed_mps>26.822</speed_mps>
          <speed_mph>60.0</speed_mph>
        </extensions>
      </trkpt>
      <trkpt lat="52.18884" lon="1.45117">
        <ele>0</ele>
        <time>2026-06-26T08:19:45.197Z</time>
        <name>866</name>
        <extensions>
          <speed_mps>26.822</speed_mps>
          <speed_mph>60.0</speed_mph>
        </extensions>
      </trkpt>
      <trkpt lat="52.18878" lon="1.45170">
        <ele>0</ele>
        <time>2026-06-26T08:19:46.574Z</time>
        <name>867</name>
        <extensions>
          <speed_mps>26.822</speed_mps>
          <speed_mph>60.0</speed_mph>
        </extensions>
      </trkpt>
      <trkpt lat="52.18872" lon="1.45223">
        <ele>0</ele>
        <time>2026-06-26T08:19:47.952Z</time>
        <name>868</name>
        <extensions>
          <speed_mps>26.822</speed_mps>
          <speed_mph>60.0</speed_mph>
        </extensions>
      </trkpt>
      <trkpt lat="52.18869" lon="1.45277">
        <ele>0</ele>
        <time>2026-06-26T08:19:49.329Z</time>
        <name>869</name>
        <extensions>
          <speed_mps>26.822</speed_mps>
          <speed_mph>60.0</speed_mph>
        </extensions>
      </trkpt>
      <trkpt lat="52.18866" lon="1.45331">
        <ele>0</ele>
        <time>2026-06-26T08:19:50.707Z</time>
        <name>870</name>
        <extensions>
          <speed_mps>26.822</speed_mps>
          <speed_mph>60.0</speed_mph>
        </extensions>
      </trkpt>
      <trkpt lat="52.18862" lon="1.45385">
        <ele>0</ele>
        <time>2026-06-26T08:19:52.085Z</time>
        <name>871</name>
        <extensions>
          <speed_mps>26.822</speed_mps>
          <speed_mph>60.0</speed_mph>
        </extensions>
      </trkpt>
      <trkpt lat="52.18860" lon="1.45439">
        <ele>0</ele>
        <time>2026-06-26T08:19:53.463Z</time>
        <name>872</name>
        <extensions>
          <speed_mps>26.822</speed_mps>
          <speed_mph>60.0</speed_mph>
        </extensions>
      </trkpt>
      <trkpt lat="52.18861" lon="1.45493">
        <ele>0</ele>
        <time>2026-06-26T08:19:54.833Z</time>
        <name>873</name>
        <extensions>
          <speed_mps>26.822</speed_mps>
          <speed_mph>60.0</speed_mph>
        </extensions>
      </trkpt>
      <trkpt lat="52.18880" lon="1.45537">
        <ele>0</ele>
        <time>2026-06-26T08:19:56.186Z</time>
        <name>874</name>
        <extensions>
          <speed_mps>26.822</speed_mps>
          <speed_mph>60.0</speed_mph>
        </extensions>
      </trkpt>
      <trkpt lat="52.18909" lon="1.45562">
        <ele>0</ele>
        <time>2026-06-26T08:19:57.551Z</time>
        <name>875</name>
        <extensions>
          <speed_mps>26.822</speed_mps>
          <speed_mph>60.0</speed_mph>
        </extensions>
      </trkpt>
      <trkpt lat="52.18940" lon="1.45581">
        <ele>0</ele>
        <time>2026-06-26T08:19:58.929Z</time>
        <name>876</name>
        <extensions>
          <speed_mps>26.822</speed_mps>
          <speed_mph>60.0</speed_mph>
        </extensions>
      </trkpt>
      <trkpt lat="52.18970" lon="1.45605">
        <ele>0</ele>
        <time>2026-06-26T08:20:00.306Z</time>
        <name>877</name>
        <extensions>
          <speed_mps>26.822</speed_mps>
          <speed_mph>60.0</speed_mph>
        </extensions>
      </trkpt>
      <trkpt lat="52.18999" lon="1.45629">
        <ele>0</ele>
        <time>2026-06-26T08:20:01.683Z</time>
        <name>878</name>
        <extensions>
          <speed_mps>26.822</speed_mps>
          <speed_mph>60.0</speed_mph>
        </extensions>
      </trkpt>
      <trkpt lat="52.19029" lon="1.45654">
        <ele>0</ele>
        <time>2026-06-26T08:20:03.061Z</time>
        <name>879</name>
        <extensions>
          <speed_mps>26.822</speed_mps>
          <speed_mph>60.0</speed_mph>
        </extensions>
      </trkpt>
      <trkpt lat="52.19058" lon="1.45680">
        <ele>0</ele>
        <time>2026-06-26T08:20:04.439Z</time>
        <name>880</name>
        <extensions>
          <speed_mps>26.822</speed_mps>
          <speed_mph>60.0</speed_mph>
        </extensions>
      </trkpt>
      <trkpt lat="52.19087" lon="1.45706">
        <ele>0</ele>
        <time>2026-06-26T08:20:05.816Z</time>
        <name>881</name>
        <extensions>
          <speed_mps>26.822</speed_mps>
          <speed_mph>60.0</speed_mph>
        </extensions>
      </trkpt>
      <trkpt lat="52.19114" lon="1.45737">
        <ele>0</ele>
        <time>2026-06-26T08:20:07.193Z</time>
        <name>882</name>
        <extensions>
          <speed_mps>26.822</speed_mps>
          <speed_mph>60.0</speed_mph>
        </extensions>
      </trkpt>
      <trkpt lat="52.19140" lon="1.45771">
        <ele>0</ele>
        <time>2026-06-26T08:20:08.568Z</time>
        <name>883</name>
        <extensions>
          <speed_mps>26.822</speed_mps>
          <speed_mph>60.0</speed_mph>
        </extensions>
      </trkpt>
      <trkpt lat="52.19161" lon="1.45813">
        <ele>0</ele>
        <time>2026-06-26T08:20:09.944Z</time>
        <name>884</name>
        <extensions>
          <speed_mps>26.822</speed_mps>
          <speed_mph>60.0</speed_mph>
        </extensions>
      </trkpt>
      <trkpt lat="52.19178" lon="1.45860">
        <ele>0</ele>
        <time>2026-06-26T08:20:11.320Z</time>
        <name>885</name>
        <extensions>
          <speed_mps>26.822</speed_mps>
          <speed_mph>60.0</speed_mph>
        </extensions>
      </trkpt>
      <trkpt lat="52.19189" lon="1.45911">
        <ele>0</ele>
        <time>2026-06-26T08:20:12.697Z</time>
        <name>886</name>
        <extensions>
          <speed_mps>26.822</speed_mps>
          <speed_mph>60.0</speed_mph>
        </extensions>
      </trkpt>
      <trkpt lat="52.19196" lon="1.45964">
        <ele>0</ele>
        <time>2026-06-26T08:20:14.071Z</time>
        <name>887</name>
        <extensions>
          <speed_mps>26.822</speed_mps>
          <speed_mph>60.0</speed_mph>
        </extensions>
      </trkpt>
      <trkpt lat="52.19198" lon="1.46018">
        <ele>0</ele>
        <time>2026-06-26T08:20:15.446Z</time>
        <name>888</name>
        <extensions>
          <speed_mps>26.822</speed_mps>
          <speed_mph>60.0</speed_mph>
        </extensions>
      </trkpt>
      <trkpt lat="52.19196" lon="1.46072">
        <ele>0</ele>
        <time>2026-06-26T08:20:16.823Z</time>
        <name>889</name>
        <extensions>
          <speed_mps>26.822</speed_mps>
          <speed_mph>60.0</speed_mph>
        </extensions>
      </trkpt>
      <trkpt lat="52.19194" lon="1.46126">
        <ele>0</ele>
        <time>2026-06-26T08:20:18.201Z</time>
        <name>890</name>
        <extensions>
          <speed_mps>26.822</speed_mps>
          <speed_mph>60.0</speed_mph>
        </extensions>
      </trkpt>
      <trkpt lat="52.19191" lon="1.46180">
        <ele>0</ele>
        <time>2026-06-26T08:20:19.579Z</time>
        <name>891</name>
        <extensions>
          <speed_mps>26.822</speed_mps>
          <speed_mph>60.0</speed_mph>
        </extensions>
      </trkpt>
      <trkpt lat="52.19188" lon="1.46234">
        <ele>0</ele>
        <time>2026-06-26T08:20:20.957Z</time>
        <name>892</name>
        <extensions>
          <speed_mps>26.822</speed_mps>
          <speed_mph>60.0</speed_mph>
        </extensions>
      </trkpt>
      <trkpt lat="52.19185" lon="1.46288">
        <ele>0</ele>
        <time>2026-06-26T08:20:22.334Z</time>
        <name>893</name>
        <extensions>
          <speed_mps>26.822</speed_mps>
          <speed_mph>60.0</speed_mph>
        </extensions>
      </trkpt>
      <trkpt lat="52.19182" lon="1.46342">
        <ele>0</ele>
        <time>2026-06-26T08:20:23.712Z</time>
        <name>894</name>
        <extensions>
          <speed_mps>26.822</speed_mps>
          <speed_mph>60.0</speed_mph>
        </extensions>
      </trkpt>
      <trkpt lat="52.19180" lon="1.46396">
        <ele>0</ele>
        <time>2026-06-26T08:20:25.090Z</time>
        <name>895</name>
        <extensions>
          <speed_mps>26.822</speed_mps>
          <speed_mph>60.0</speed_mph>
        </extensions>
      </trkpt>
      <trkpt lat="52.19177" lon="1.46450">
        <ele>0</ele>
        <time>2026-06-26T08:20:26.468Z</time>
        <name>896</name>
        <extensions>
          <speed_mps>26.822</speed_mps>
          <speed_mph>60.0</speed_mph>
        </extensions>
      </trkpt>
      <trkpt lat="52.19173" lon="1.46504">
        <ele>0</ele>
        <time>2026-06-26T08:20:27.841Z</time>
        <name>897</name>
        <extensions>
          <speed_mps>26.822</speed_mps>
          <speed_mph>60.0</speed_mph>
        </extensions>
      </trkpt>
      <trkpt lat="52.19166" lon="1.46557">
        <ele>0</ele>
        <time>2026-06-26T08:20:29.219Z</time>
        <name>898</name>
        <extensions>
          <speed_mps>26.822</speed_mps>
          <speed_mph>60.0</speed_mph>
        </extensions>
      </trkpt>
      <trkpt lat="52.19158" lon="1.46610">
        <ele>0</ele>
        <time>2026-06-26T08:20:30.596Z</time>
        <name>899</name>
        <extensions>
          <speed_mps>26.822</speed_mps>
          <speed_mph>60.0</speed_mph>
        </extensions>
      </trkpt>
      <trkpt lat="52.19150" lon="1.46663">
        <ele>0</ele>
        <time>2026-06-26T08:20:31.974Z</time>
        <name>900</name>
        <extensions>
          <speed_mps>26.822</speed_mps>
          <speed_mph>60.0</speed_mph>
        </extensions>
      </trkpt>
      <trkpt lat="52.19144" lon="1.46716">
        <ele>0</ele>
        <time>2026-06-26T08:20:33.352Z</time>
        <name>901</name>
        <extensions>
          <speed_mps>26.822</speed_mps>
          <speed_mph>60.0</speed_mph>
        </extensions>
      </trkpt>
      <trkpt lat="52.19141" lon="1.46766">
        <ele>0</ele>
        <time>2026-06-26T08:20:34.644Z</time>
        <name>902</name>
        <extensions>
          <speed_mps>26.822</speed_mps>
          <speed_mph>60.0</speed_mph>
        </extensions>
      </trkpt>
      <trkpt lat="52.19158" lon="1.46808">
        <ele>0</ele>
        <time>2026-06-26T08:20:35.918Z</time>
        <name>903</name>
        <extensions>
          <speed_mps>26.822</speed_mps>
          <speed_mph>60.0</speed_mph>
        </extensions>
      </trkpt>
      <trkpt lat="52.19179" lon="1.46851">
        <ele>0</ele>
        <time>2026-06-26T08:20:37.295Z</time>
        <name>904</name>
        <extensions>
          <speed_mps>26.822</speed_mps>
          <speed_mph>60.0</speed_mph>
        </extensions>
      </trkpt>
      <trkpt lat="52.19195" lon="1.46898">
        <ele>0</ele>
        <time>2026-06-26T08:20:38.664Z</time>
        <name>905</name>
        <extensions>
          <speed_mps>26.822</speed_mps>
          <speed_mph>60.0</speed_mph>
        </extensions>
      </trkpt>
      <trkpt lat="52.19206" lon="1.46949">
        <ele>0</ele>
        <time>2026-06-26T08:20:40.040Z</time>
        <name>906</name>
        <extensions>
          <speed_mps>26.822</speed_mps>
          <speed_mph>60.0</speed_mph>
        </extensions>
      </trkpt>
      <trkpt lat="52.19216" lon="1.47001">
        <ele>0</ele>
        <time>2026-06-26T08:20:41.418Z</time>
        <name>907</name>
        <extensions>
          <speed_mps>26.822</speed_mps>
          <speed_mph>60.0</speed_mph>
        </extensions>
      </trkpt>
      <trkpt lat="52.19226" lon="1.47052">
        <ele>0</ele>
        <time>2026-06-26T08:20:42.795Z</time>
        <name>908</name>
        <extensions>
          <speed_mps>26.822</speed_mps>
          <speed_mph>60.0</speed_mph>
        </extensions>
      </trkpt>
      <trkpt lat="52.19235" lon="1.47104">
        <ele>0</ele>
        <time>2026-06-26T08:20:44.173Z</time>
        <name>909</name>
        <extensions>
          <speed_mps>26.822</speed_mps>
          <speed_mph>60.0</speed_mph>
        </extensions>
      </trkpt>
      <trkpt lat="52.19245" lon="1.47156">
        <ele>0</ele>
        <time>2026-06-26T08:20:45.550Z</time>
        <name>910</name>
        <extensions>
          <speed_mps>26.822</speed_mps>
          <speed_mph>60.0</speed_mph>
        </extensions>
      </trkpt>
      <trkpt lat="52.19257" lon="1.47207">
        <ele>0</ele>
        <time>2026-06-26T08:20:46.927Z</time>
        <name>911</name>
        <extensions>
          <speed_mps>26.822</speed_mps>
          <speed_mph>60.0</speed_mph>
        </extensions>
      </trkpt>
      <trkpt lat="52.19271" lon="1.47256">
        <ele>0</ele>
        <time>2026-06-26T08:20:48.305Z</time>
        <name>912</name>
        <extensions>
          <speed_mps>26.822</speed_mps>
          <speed_mph>60.0</speed_mph>
        </extensions>
      </trkpt>
      <trkpt lat="52.19286" lon="1.47304">
        <ele>0</ele>
        <time>2026-06-26T08:20:49.682Z</time>
        <name>913</name>
        <extensions>
          <speed_mps>26.822</speed_mps>
          <speed_mph>60.0</speed_mph>
        </extensions>
      </trkpt>
      <trkpt lat="52.19303" lon="1.47351">
        <ele>0</ele>
        <time>2026-06-26T08:20:51.060Z</time>
        <name>914</name>
        <extensions>
          <speed_mps>26.822</speed_mps>
          <speed_mph>60.0</speed_mph>
        </extensions>
      </trkpt>
      <trkpt lat="52.19322" lon="1.47395">
        <ele>0</ele>
        <time>2026-06-26T08:20:52.437Z</time>
        <name>915</name>
        <extensions>
          <speed_mps>26.822</speed_mps>
          <speed_mph>60.0</speed_mph>
        </extensions>
      </trkpt>
      <trkpt lat="52.19343" lon="1.47438">
        <ele>0</ele>
        <time>2026-06-26T08:20:53.813Z</time>
        <name>916</name>
        <extensions>
          <speed_mps>26.822</speed_mps>
          <speed_mph>60.0</speed_mph>
        </extensions>
      </trkpt>
      <trkpt lat="52.19365" lon="1.47478">
        <ele>0</ele>
        <time>2026-06-26T08:20:55.191Z</time>
        <name>917</name>
        <extensions>
          <speed_mps>26.822</speed_mps>
          <speed_mph>60.0</speed_mph>
        </extensions>
      </trkpt>
      <trkpt lat="52.19388" lon="1.47517">
        <ele>0</ele>
        <time>2026-06-26T08:20:56.568Z</time>
        <name>918</name>
        <extensions>
          <speed_mps>26.822</speed_mps>
          <speed_mph>60.0</speed_mph>
        </extensions>
      </trkpt>
      <trkpt lat="52.19414" lon="1.47551">
        <ele>0</ele>
        <time>2026-06-26T08:20:57.945Z</time>
        <name>919</name>
        <extensions>
          <speed_mps>26.822</speed_mps>
          <speed_mph>60.0</speed_mph>
        </extensions>
      </trkpt>
      <trkpt lat="52.19440" lon="1.47585">
        <ele>0</ele>
        <time>2026-06-26T08:20:59.322Z</time>
        <name>920</name>
        <extensions>
          <speed_mps>26.822</speed_mps>
          <speed_mph>60.0</speed_mph>
        </extensions>
      </trkpt>
      <trkpt lat="52.19466" lon="1.47618">
        <ele>0</ele>
        <time>2026-06-26T08:21:00.700Z</time>
        <name>921</name>
        <extensions>
          <speed_mps>26.822</speed_mps>
          <speed_mph>60.0</speed_mph>
        </extensions>
      </trkpt>
      <trkpt lat="52.19493" lon="1.47650">
        <ele>0</ele>
        <time>2026-06-26T08:21:02.078Z</time>
        <name>922</name>
        <extensions>
          <speed_mps>26.822</speed_mps>
          <speed_mph>60.0</speed_mph>
        </extensions>
      </trkpt>
      <trkpt lat="52.19520" lon="1.47682">
        <ele>0</ele>
        <time>2026-06-26T08:21:03.456Z</time>
        <name>923</name>
        <extensions>
          <speed_mps>26.822</speed_mps>
          <speed_mph>60.0</speed_mph>
        </extensions>
      </trkpt>
      <trkpt lat="52.19546" lon="1.47715">
        <ele>0</ele>
        <time>2026-06-26T08:21:04.833Z</time>
        <name>924</name>
        <extensions>
          <speed_mps>26.822</speed_mps>
          <speed_mph>60.0</speed_mph>
        </extensions>
      </trkpt>
      <trkpt lat="52.19573" lon="1.47747">
        <ele>0</ele>
        <time>2026-06-26T08:21:06.211Z</time>
        <name>925</name>
        <extensions>
          <speed_mps>26.822</speed_mps>
          <speed_mph>60.0</speed_mph>
        </extensions>
      </trkpt>
      <trkpt lat="52.19600" lon="1.47779">
        <ele>0</ele>
        <time>2026-06-26T08:21:07.589Z</time>
        <name>926</name>
        <extensions>
          <speed_mps>26.822</speed_mps>
          <speed_mph>60.0</speed_mph>
        </extensions>
      </trkpt>
      <trkpt lat="52.19627" lon="1.47811">
        <ele>0</ele>
        <time>2026-06-26T08:21:08.966Z</time>
        <name>927</name>
        <extensions>
          <speed_mps>26.822</speed_mps>
          <speed_mph>60.0</speed_mph>
        </extensions>
      </trkpt>
      <trkpt lat="52.19655" lon="1.47839">
        <ele>0</ele>
        <time>2026-06-26T08:21:10.344Z</time>
        <name>928</name>
        <extensions>
          <speed_mps>26.822</speed_mps>
          <speed_mph>60.0</speed_mph>
        </extensions>
      </trkpt>
      <trkpt lat="52.19684" lon="1.47867">
        <ele>0</ele>
        <time>2026-06-26T08:21:11.721Z</time>
        <name>929</name>
        <extensions>
          <speed_mps>26.822</speed_mps>
          <speed_mph>60.0</speed_mph>
        </extensions>
      </trkpt>
      <trkpt lat="52.19713" lon="1.47892">
        <ele>0</ele>
        <time>2026-06-26T08:21:13.099Z</time>
        <name>930</name>
        <extensions>
          <speed_mps>26.822</speed_mps>
          <speed_mph>60.0</speed_mph>
        </extensions>
      </trkpt>
      <trkpt lat="52.19744" lon="1.47913">
        <ele>0</ele>
        <time>2026-06-26T08:21:14.476Z</time>
        <name>931</name>
        <extensions>
          <speed_mps>26.822</speed_mps>
          <speed_mph>60.0</speed_mph>
        </extensions>
      </trkpt>
      <trkpt lat="52.19775" lon="1.47931">
        <ele>0</ele>
        <time>2026-06-26T08:21:15.854Z</time>
        <name>932</name>
        <extensions>
          <speed_mps>26.822</speed_mps>
          <speed_mph>60.0</speed_mph>
        </extensions>
      </trkpt>
      <trkpt lat="52.19807" lon="1.47947">
        <ele>0</ele>
        <time>2026-06-26T08:21:17.231Z</time>
        <name>933</name>
        <extensions>
          <speed_mps>26.822</speed_mps>
          <speed_mph>60.0</speed_mph>
        </extensions>
      </trkpt>
      <trkpt lat="52.19839" lon="1.47960">
        <ele>0</ele>
        <time>2026-06-26T08:21:18.609Z</time>
        <name>934</name>
        <extensions>
          <speed_mps>26.822</speed_mps>
          <speed_mph>60.0</speed_mph>
        </extensions>
      </trkpt>
      <trkpt lat="52.19872" lon="1.47970">
        <ele>0</ele>
        <time>2026-06-26T08:21:19.986Z</time>
        <name>935</name>
        <extensions>
          <speed_mps>26.822</speed_mps>
          <speed_mph>60.0</speed_mph>
        </extensions>
      </trkpt>
      <trkpt lat="52.19905" lon="1.47977">
        <ele>0</ele>
        <time>2026-06-26T08:21:21.363Z</time>
        <name>936</name>
        <extensions>
          <speed_mps>26.822</speed_mps>
          <speed_mph>60.0</speed_mph>
        </extensions>
      </trkpt>
      <trkpt lat="52.19938" lon="1.47981">
        <ele>0</ele>
        <time>2026-06-26T08:21:22.741Z</time>
        <name>937</name>
        <extensions>
          <speed_mps>26.822</speed_mps>
          <speed_mph>60.0</speed_mph>
        </extensions>
      </trkpt>
      <trkpt lat="52.19971" lon="1.47981">
        <ele>0</ele>
        <time>2026-06-26T08:21:24.119Z</time>
        <name>938</name>
        <extensions>
          <speed_mps>26.822</speed_mps>
          <speed_mph>60.0</speed_mph>
        </extensions>
      </trkpt>
      <trkpt lat="52.20004" lon="1.47979">
        <ele>0</ele>
        <time>2026-06-26T08:21:25.496Z</time>
        <name>939</name>
        <extensions>
          <speed_mps>26.822</speed_mps>
          <speed_mph>60.0</speed_mph>
        </extensions>
      </trkpt>
      <trkpt lat="52.20037" lon="1.47981">
        <ele>0</ele>
        <time>2026-06-26T08:21:26.863Z</time>
        <name>940</name>
        <extensions>
          <speed_mps>26.822</speed_mps>
          <speed_mph>60.0</speed_mph>
        </extensions>
      </trkpt>
      <trkpt lat="52.20070" lon="1.47973">
        <ele>0</ele>
        <time>2026-06-26T08:21:28.241Z</time>
        <name>941</name>
        <extensions>
          <speed_mps>26.822</speed_mps>
          <speed_mph>60.0</speed_mph>
        </extensions>
      </trkpt>
      <trkpt lat="52.20103" lon="1.47963">
        <ele>0</ele>
        <time>2026-06-26T08:21:29.618Z</time>
        <name>942</name>
        <extensions>
          <speed_mps>26.822</speed_mps>
          <speed_mph>60.0</speed_mph>
        </extensions>
      </trkpt>
      <trkpt lat="52.20135" lon="1.47952">
        <ele>0</ele>
        <time>2026-06-26T08:21:30.996Z</time>
        <name>943</name>
        <extensions>
          <speed_mps>26.822</speed_mps>
          <speed_mph>60.0</speed_mph>
        </extensions>
      </trkpt>
      <trkpt lat="52.20168" lon="1.47942">
        <ele>0</ele>
        <time>2026-06-26T08:21:32.374Z</time>
        <name>944</name>
        <extensions>
          <speed_mps>26.822</speed_mps>
          <speed_mph>60.0</speed_mph>
        </extensions>
      </trkpt>
      <trkpt lat="52.20200" lon="1.47931">
        <ele>0</ele>
        <time>2026-06-26T08:21:33.752Z</time>
        <name>945</name>
        <extensions>
          <speed_mps>26.822</speed_mps>
          <speed_mph>60.0</speed_mph>
        </extensions>
      </trkpt>
      <trkpt lat="52.20233" lon="1.47920">
        <ele>0</ele>
        <time>2026-06-26T08:21:35.129Z</time>
        <name>946</name>
        <extensions>
          <speed_mps>26.822</speed_mps>
          <speed_mph>60.0</speed_mph>
        </extensions>
      </trkpt>
      <trkpt lat="52.20266" lon="1.47910">
        <ele>0</ele>
        <time>2026-06-26T08:21:36.507Z</time>
        <name>947</name>
        <extensions>
          <speed_mps>26.822</speed_mps>
          <speed_mph>60.0</speed_mph>
        </extensions>
      </trkpt>
      <trkpt lat="52.20298" lon="1.47899">
        <ele>0</ele>
        <time>2026-06-26T08:21:37.885Z</time>
        <name>948</name>
        <extensions>
          <speed_mps>26.822</speed_mps>
          <speed_mph>60.0</speed_mph>
        </extensions>
      </trkpt>
      <trkpt lat="52.20331" lon="1.47890">
        <ele>0</ele>
        <time>2026-06-26T08:21:39.262Z</time>
        <name>949</name>
        <extensions>
          <speed_mps>26.822</speed_mps>
          <speed_mph>60.0</speed_mph>
        </extensions>
      </trkpt>
      <trkpt lat="52.20364" lon="1.47881">
        <ele>0</ele>
        <time>2026-06-26T08:21:40.640Z</time>
        <name>950</name>
        <extensions>
          <speed_mps>26.822</speed_mps>
          <speed_mph>60.0</speed_mph>
        </extensions>
      </trkpt>
      <trkpt lat="52.20396" lon="1.47872">
        <ele>0</ele>
        <time>2026-06-26T08:21:42.018Z</time>
        <name>951</name>
        <extensions>
          <speed_mps>26.822</speed_mps>
          <speed_mph>60.0</speed_mph>
        </extensions>
      </trkpt>
      <trkpt lat="52.20429" lon="1.47863">
        <ele>0</ele>
        <time>2026-06-26T08:21:43.396Z</time>
        <name>952</name>
        <extensions>
          <speed_mps>26.822</speed_mps>
          <speed_mph>60.0</speed_mph>
        </extensions>
      </trkpt>
      <trkpt lat="52.20462" lon="1.47855">
        <ele>0</ele>
        <time>2026-06-26T08:21:44.773Z</time>
        <name>953</name>
        <extensions>
          <speed_mps>26.822</speed_mps>
          <speed_mph>60.0</speed_mph>
        </extensions>
      </trkpt>
      <trkpt lat="52.20495" lon="1.47847">
        <ele>0</ele>
        <time>2026-06-26T08:21:46.151Z</time>
        <name>954</name>
        <extensions>
          <speed_mps>26.822</speed_mps>
          <speed_mph>60.0</speed_mph>
        </extensions>
      </trkpt>
      <trkpt lat="52.20528" lon="1.47839">
        <ele>0</ele>
        <time>2026-06-26T08:21:47.529Z</time>
        <name>955</name>
        <extensions>
          <speed_mps>26.822</speed_mps>
          <speed_mph>60.0</speed_mph>
        </extensions>
      </trkpt>
      <trkpt lat="52.20561" lon="1.47831">
        <ele>0</ele>
        <time>2026-06-26T08:21:48.907Z</time>
        <name>956</name>
        <extensions>
          <speed_mps>26.822</speed_mps>
          <speed_mph>60.0</speed_mph>
        </extensions>
      </trkpt>
      <trkpt lat="52.20594" lon="1.47823">
        <ele>0</ele>
        <time>2026-06-26T08:21:50.284Z</time>
        <name>957</name>
        <extensions>
          <speed_mps>26.822</speed_mps>
          <speed_mph>60.0</speed_mph>
        </extensions>
      </trkpt>
      <trkpt lat="52.20626" lon="1.47815">
        <ele>0</ele>
        <time>2026-06-26T08:21:51.662Z</time>
        <name>958</name>
        <extensions>
          <speed_mps>26.822</speed_mps>
          <speed_mph>60.0</speed_mph>
        </extensions>
      </trkpt>
      <trkpt lat="52.20659" lon="1.47807">
        <ele>0</ele>
        <time>2026-06-26T08:21:53.040Z</time>
        <name>959</name>
        <extensions>
          <speed_mps>26.822</speed_mps>
          <speed_mph>60.0</speed_mph>
        </extensions>
      </trkpt>
      <trkpt lat="52.20692" lon="1.47800">
        <ele>0</ele>
        <time>2026-06-26T08:21:54.418Z</time>
        <name>960</name>
        <extensions>
          <speed_mps>26.822</speed_mps>
          <speed_mph>60.0</speed_mph>
        </extensions>
      </trkpt>
      <trkpt lat="52.20725" lon="1.47794">
        <ele>0</ele>
        <time>2026-06-26T08:21:55.795Z</time>
        <name>961</name>
        <extensions>
          <speed_mps>26.822</speed_mps>
          <speed_mph>60.0</speed_mph>
        </extensions>
      </trkpt>
      <trkpt lat="52.20758" lon="1.47787">
        <ele>0</ele>
        <time>2026-06-26T08:21:57.173Z</time>
        <name>962</name>
        <extensions>
          <speed_mps>26.822</speed_mps>
          <speed_mph>60.0</speed_mph>
        </extensions>
      </trkpt>
      <trkpt lat="52.20791" lon="1.47781">
        <ele>0</ele>
        <time>2026-06-26T08:21:58.551Z</time>
        <name>963</name>
        <extensions>
          <speed_mps>26.822</speed_mps>
          <speed_mph>60.0</speed_mph>
        </extensions>
      </trkpt>
      <trkpt lat="52.20824" lon="1.47774">
        <ele>0</ele>
        <time>2026-06-26T08:21:59.929Z</time>
        <name>964</name>
        <extensions>
          <speed_mps>26.822</speed_mps>
          <speed_mph>60.0</speed_mph>
        </extensions>
      </trkpt>
      <trkpt lat="52.20857" lon="1.47768">
        <ele>0</ele>
        <time>2026-06-26T08:22:01.306Z</time>
        <name>965</name>
        <extensions>
          <speed_mps>26.822</speed_mps>
          <speed_mph>60.0</speed_mph>
        </extensions>
      </trkpt>
      <trkpt lat="52.20890" lon="1.47761">
        <ele>0</ele>
        <time>2026-06-26T08:22:02.684Z</time>
        <name>966</name>
        <extensions>
          <speed_mps>26.822</speed_mps>
          <speed_mph>60.0</speed_mph>
        </extensions>
      </trkpt>
      <trkpt lat="52.20923" lon="1.47756">
        <ele>0</ele>
        <time>2026-06-26T08:22:04.062Z</time>
        <name>967</name>
        <extensions>
          <speed_mps>26.822</speed_mps>
          <speed_mph>60.0</speed_mph>
        </extensions>
      </trkpt>
      <trkpt lat="52.20956" lon="1.47750">
        <ele>0</ele>
        <time>2026-06-26T08:22:05.440Z</time>
        <name>968</name>
        <extensions>
          <speed_mps>26.822</speed_mps>
          <speed_mph>60.0</speed_mph>
        </extensions>
      </trkpt>
      <trkpt lat="52.20990" lon="1.47746">
        <ele>0</ele>
        <time>2026-06-26T08:22:06.817Z</time>
        <name>969</name>
        <extensions>
          <speed_mps>26.822</speed_mps>
          <speed_mph>60.0</speed_mph>
        </extensions>
      </trkpt>
      <trkpt lat="52.21023" lon="1.47741">
        <ele>0</ele>
        <time>2026-06-26T08:22:08.195Z</time>
        <name>970</name>
        <extensions>
          <speed_mps>26.822</speed_mps>
          <speed_mph>60.0</speed_mph>
        </extensions>
      </trkpt>
      <trkpt lat="52.21056" lon="1.47737">
        <ele>0</ele>
        <time>2026-06-26T08:22:09.573Z</time>
        <name>971</name>
        <extensions>
          <speed_mps>26.822</speed_mps>
          <speed_mph>60.0</speed_mph>
        </extensions>
      </trkpt>
      <trkpt lat="52.21089" lon="1.47733">
        <ele>0</ele>
        <time>2026-06-26T08:22:10.950Z</time>
        <name>972</name>
        <extensions>
          <speed_mps>26.822</speed_mps>
          <speed_mph>60.0</speed_mph>
        </extensions>
      </trkpt>
      <trkpt lat="52.21122" lon="1.47728">
        <ele>0</ele>
        <time>2026-06-26T08:22:12.328Z</time>
        <name>973</name>
        <extensions>
          <speed_mps>26.822</speed_mps>
          <speed_mph>60.0</speed_mph>
        </extensions>
      </trkpt>
      <trkpt lat="52.21155" lon="1.47724">
        <ele>0</ele>
        <time>2026-06-26T08:22:13.706Z</time>
        <name>974</name>
        <extensions>
          <speed_mps>26.822</speed_mps>
          <speed_mph>60.0</speed_mph>
        </extensions>
      </trkpt>
      <trkpt lat="52.21188" lon="1.47719">
        <ele>0</ele>
        <time>2026-06-26T08:22:15.084Z</time>
        <name>975</name>
        <extensions>
          <speed_mps>26.822</speed_mps>
          <speed_mph>60.0</speed_mph>
        </extensions>
      </trkpt>
      <trkpt lat="52.21221" lon="1.47716">
        <ele>0</ele>
        <time>2026-06-26T08:22:16.461Z</time>
        <name>976</name>
        <extensions>
          <speed_mps>26.822</speed_mps>
          <speed_mph>60.0</speed_mph>
        </extensions>
      </trkpt>
      <trkpt lat="52.21255" lon="1.47713">
        <ele>0</ele>
        <time>2026-06-26T08:22:17.839Z</time>
        <name>977</name>
        <extensions>
          <speed_mps>26.822</speed_mps>
          <speed_mph>60.0</speed_mph>
        </extensions>
      </trkpt>
      <trkpt lat="52.21288" lon="1.47710">
        <ele>0</ele>
        <time>2026-06-26T08:22:19.217Z</time>
        <name>978</name>
        <extensions>
          <speed_mps>26.822</speed_mps>
          <speed_mph>60.0</speed_mph>
        </extensions>
      </trkpt>
      <trkpt lat="52.21321" lon="1.47706">
        <ele>0</ele>
        <time>2026-06-26T08:22:20.595Z</time>
        <name>979</name>
        <extensions>
          <speed_mps>26.822</speed_mps>
          <speed_mph>60.0</speed_mph>
        </extensions>
      </trkpt>
      <trkpt lat="52.21354" lon="1.47702">
        <ele>0</ele>
        <time>2026-06-26T08:22:21.972Z</time>
        <name>980</name>
        <extensions>
          <speed_mps>26.822</speed_mps>
          <speed_mph>60.0</speed_mph>
        </extensions>
      </trkpt>
      <trkpt lat="52.21387" lon="1.47700">
        <ele>0</ele>
        <time>2026-06-26T08:22:23.350Z</time>
        <name>981</name>
        <extensions>
          <speed_mps>26.822</speed_mps>
          <speed_mph>60.0</speed_mph>
        </extensions>
      </trkpt>
      <trkpt lat="52.21421" lon="1.47698">
        <ele>0</ele>
        <time>2026-06-26T08:22:24.728Z</time>
        <name>982</name>
        <extensions>
          <speed_mps>26.822</speed_mps>
          <speed_mph>60.0</speed_mph>
        </extensions>
      </trkpt>
      <trkpt lat="52.21454" lon="1.47696">
        <ele>0</ele>
        <time>2026-06-26T08:22:26.105Z</time>
        <name>983</name>
        <extensions>
          <speed_mps>26.822</speed_mps>
          <speed_mph>60.0</speed_mph>
        </extensions>
      </trkpt>
      <trkpt lat="52.21487" lon="1.47694">
        <ele>0</ele>
        <time>2026-06-26T08:22:27.483Z</time>
        <name>984</name>
        <extensions>
          <speed_mps>26.822</speed_mps>
          <speed_mph>60.0</speed_mph>
        </extensions>
      </trkpt>
      <trkpt lat="52.21520" lon="1.47692">
        <ele>0</ele>
        <time>2026-06-26T08:22:28.861Z</time>
        <name>985</name>
        <extensions>
          <speed_mps>26.822</speed_mps>
          <speed_mph>60.0</speed_mph>
        </extensions>
      </trkpt>
      <trkpt lat="52.21553" lon="1.47691">
        <ele>0</ele>
        <time>2026-06-26T08:22:30.239Z</time>
        <name>986</name>
        <extensions>
          <speed_mps>26.822</speed_mps>
          <speed_mph>60.0</speed_mph>
        </extensions>
      </trkpt>
      <trkpt lat="52.21587" lon="1.47690">
        <ele>0</ele>
        <time>2026-06-26T08:22:31.616Z</time>
        <name>987</name>
        <extensions>
          <speed_mps>26.822</speed_mps>
          <speed_mph>60.0</speed_mph>
        </extensions>
      </trkpt>
      <trkpt lat="52.21619" lon="1.47683">
        <ele>0</ele>
        <time>2026-06-26T08:22:32.979Z</time>
        <name>988</name>
        <extensions>
          <speed_mps>26.822</speed_mps>
          <speed_mph>60.0</speed_mph>
        </extensions>
      </trkpt>
      <trkpt lat="52.21652" lon="1.47681">
        <ele>0</ele>
        <time>2026-06-26T08:22:34.357Z</time>
        <name>989</name>
        <extensions>
          <speed_mps>26.822</speed_mps>
          <speed_mph>60.0</speed_mph>
        </extensions>
      </trkpt>
      <trkpt lat="52.21686" lon="1.47680">
        <ele>0</ele>
        <time>2026-06-26T08:22:35.734Z</time>
        <name>990</name>
        <extensions>
          <speed_mps>26.822</speed_mps>
          <speed_mph>60.0</speed_mph>
        </extensions>
      </trkpt>
      <trkpt lat="52.21719" lon="1.47679">
        <ele>0</ele>
        <time>2026-06-26T08:22:37.112Z</time>
        <name>991</name>
        <extensions>
          <speed_mps>26.822</speed_mps>
          <speed_mph>60.0</speed_mph>
        </extensions>
      </trkpt>
      <trkpt lat="52.21752" lon="1.47678">
        <ele>0</ele>
        <time>2026-06-26T08:22:38.490Z</time>
        <name>992</name>
        <extensions>
          <speed_mps>26.822</speed_mps>
          <speed_mph>60.0</speed_mph>
        </extensions>
      </trkpt>
      <trkpt lat="52.21785" lon="1.47677">
        <ele>0</ele>
        <time>2026-06-26T08:22:39.867Z</time>
        <name>993</name>
        <extensions>
          <speed_mps>26.822</speed_mps>
          <speed_mph>60.0</speed_mph>
        </extensions>
      </trkpt>
      <trkpt lat="52.21819" lon="1.47678">
        <ele>0</ele>
        <time>2026-06-26T08:22:41.245Z</time>
        <name>994</name>
        <extensions>
          <speed_mps>26.822</speed_mps>
          <speed_mph>60.0</speed_mph>
        </extensions>
      </trkpt>
      <trkpt lat="52.21852" lon="1.47681">
        <ele>0</ele>
        <time>2026-06-26T08:22:42.623Z</time>
        <name>995</name>
        <extensions>
          <speed_mps>26.822</speed_mps>
          <speed_mph>60.0</speed_mph>
        </extensions>
      </trkpt>
      <trkpt lat="52.21885" lon="1.47684">
        <ele>0</ele>
        <time>2026-06-26T08:22:44.001Z</time>
        <name>996</name>
        <extensions>
          <speed_mps>26.822</speed_mps>
          <speed_mph>60.0</speed_mph>
        </extensions>
      </trkpt>
      <trkpt lat="52.21918" lon="1.47690">
        <ele>0</ele>
        <time>2026-06-26T08:22:45.372Z</time>
        <name>997</name>
        <extensions>
          <speed_mps>26.822</speed_mps>
          <speed_mph>60.0</speed_mph>
        </extensions>
      </trkpt>
      <trkpt lat="52.21951" lon="1.47693">
        <ele>0</ele>
        <time>2026-06-26T08:22:46.746Z</time>
        <name>998</name>
        <extensions>
          <speed_mps>26.822</speed_mps>
          <speed_mph>60.0</speed_mph>
        </extensions>
      </trkpt>
      <trkpt lat="52.21984" lon="1.47695">
        <ele>0</ele>
        <time>2026-06-26T08:22:48.123Z</time>
        <name>999</name>
        <extensions>
          <speed_mps>26.822</speed_mps>
          <speed_mph>60.0</speed_mph>
        </extensions>
      </trkpt>
      <trkpt lat="52.22017" lon="1.47697">
        <ele>0</ele>
        <time>2026-06-26T08:22:49.501Z</time>
        <name>1000</name>
        <extensions>
          <speed_mps>26.822</speed_mps>
          <speed_mph>60.0</speed_mph>
        </extensions>
      </trkpt>
      <trkpt lat="52.22051" lon="1.47699">
        <ele>0</ele>
        <time>2026-06-26T08:22:50.879Z</time>
        <name>1001</name>
        <extensions>
          <speed_mps>26.822</speed_mps>
          <speed_mph>60.0</speed_mph>
        </extensions>
      </trkpt>
      <trkpt lat="52.22084" lon="1.47702">
        <ele>0</ele>
        <time>2026-06-26T08:22:52.257Z</time>
        <name>1002</name>
        <extensions>
          <speed_mps>26.822</speed_mps>
          <speed_mph>60.0</speed_mph>
        </extensions>
      </trkpt>
      <trkpt lat="52.22117" lon="1.47704">
        <ele>0</ele>
        <time>2026-06-26T08:22:53.634Z</time>
        <name>1003</name>
        <extensions>
          <speed_mps>26.822</speed_mps>
          <speed_mph>60.0</speed_mph>
        </extensions>
      </trkpt>
      <trkpt lat="52.22150" lon="1.47706">
        <ele>0</ele>
        <time>2026-06-26T08:22:55.012Z</time>
        <name>1004</name>
        <extensions>
          <speed_mps>26.822</speed_mps>
          <speed_mph>60.0</speed_mph>
        </extensions>
      </trkpt>
      <trkpt lat="52.22183" lon="1.47709">
        <ele>0</ele>
        <time>2026-06-26T08:22:56.390Z</time>
        <name>1005</name>
        <extensions>
          <speed_mps>26.822</speed_mps>
          <speed_mph>60.0</speed_mph>
        </extensions>
      </trkpt>
      <trkpt lat="52.22216" lon="1.47713">
        <ele>0</ele>
        <time>2026-06-26T08:22:57.768Z</time>
        <name>1006</name>
        <extensions>
          <speed_mps>26.822</speed_mps>
          <speed_mph>60.0</speed_mph>
        </extensions>
      </trkpt>
      <trkpt lat="52.22250" lon="1.47717">
        <ele>0</ele>
        <time>2026-06-26T08:22:59.145Z</time>
        <name>1007</name>
        <extensions>
          <speed_mps>26.822</speed_mps>
          <speed_mph>60.0</speed_mph>
        </extensions>
      </trkpt>
      <trkpt lat="52.22283" lon="1.47721">
        <ele>0</ele>
        <time>2026-06-26T08:23:00.523Z</time>
        <name>1008</name>
        <extensions>
          <speed_mps>26.822</speed_mps>
          <speed_mph>60.0</speed_mph>
        </extensions>
      </trkpt>
      <trkpt lat="52.22316" lon="1.47725">
        <ele>0</ele>
        <time>2026-06-26T08:23:01.901Z</time>
        <name>1009</name>
        <extensions>
          <speed_mps>26.822</speed_mps>
          <speed_mph>60.0</speed_mph>
        </extensions>
      </trkpt>
      <trkpt lat="52.22349" lon="1.47729">
        <ele>0</ele>
        <time>2026-06-26T08:23:03.278Z</time>
        <name>1010</name>
        <extensions>
          <speed_mps>26.822</speed_mps>
          <speed_mph>60.0</speed_mph>
        </extensions>
      </trkpt>
      <trkpt lat="52.22382" lon="1.47733">
        <ele>0</ele>
        <time>2026-06-26T08:23:04.656Z</time>
        <name>1011</name>
        <extensions>
          <speed_mps>26.822</speed_mps>
          <speed_mph>60.0</speed_mph>
        </extensions>
      </trkpt>
      <trkpt lat="52.22415" lon="1.47737">
        <ele>0</ele>
        <time>2026-06-26T08:23:06.034Z</time>
        <name>1012</name>
        <extensions>
          <speed_mps>26.822</speed_mps>
          <speed_mph>60.0</speed_mph>
        </extensions>
      </trkpt>
      <trkpt lat="52.22448" lon="1.47742">
        <ele>0</ele>
        <time>2026-06-26T08:23:07.412Z</time>
        <name>1013</name>
        <extensions>
          <speed_mps>26.822</speed_mps>
          <speed_mph>60.0</speed_mph>
        </extensions>
      </trkpt>
      <trkpt lat="52.22482" lon="1.47745">
        <ele>0</ele>
        <time>2026-06-26T08:23:08.789Z</time>
        <name>1014</name>
        <extensions>
          <speed_mps>26.822</speed_mps>
          <speed_mph>60.0</speed_mph>
        </extensions>
      </trkpt>
      <trkpt lat="52.22515" lon="1.47751">
        <ele>0</ele>
        <time>2026-06-26T08:23:10.167Z</time>
        <name>1015</name>
        <extensions>
          <speed_mps>26.822</speed_mps>
          <speed_mph>60.0</speed_mph>
        </extensions>
      </trkpt>
      <trkpt lat="52.22548" lon="1.47757">
        <ele>0</ele>
        <time>2026-06-26T08:23:11.545Z</time>
        <name>1016</name>
        <extensions>
          <speed_mps>26.822</speed_mps>
          <speed_mph>60.0</speed_mph>
        </extensions>
      </trkpt>
      <trkpt lat="52.22581" lon="1.47764">
        <ele>0</ele>
        <time>2026-06-26T08:23:12.922Z</time>
        <name>1017</name>
        <extensions>
          <speed_mps>26.822</speed_mps>
          <speed_mph>60.0</speed_mph>
        </extensions>
      </trkpt>
      <trkpt lat="52.22614" lon="1.47770">
        <ele>0</ele>
        <time>2026-06-26T08:23:14.300Z</time>
        <name>1018</name>
        <extensions>
          <speed_mps>26.822</speed_mps>
          <speed_mph>60.0</speed_mph>
        </extensions>
      </trkpt>
      <trkpt lat="52.22647" lon="1.47776">
        <ele>0</ele>
        <time>2026-06-26T08:23:15.678Z</time>
        <name>1019</name>
        <extensions>
          <speed_mps>26.822</speed_mps>
          <speed_mph>60.0</speed_mph>
        </extensions>
      </trkpt>
      <trkpt lat="52.22680" lon="1.47783">
        <ele>0</ele>
        <time>2026-06-26T08:23:17.056Z</time>
        <name>1020</name>
        <extensions>
          <speed_mps>26.822</speed_mps>
          <speed_mph>60.0</speed_mph>
        </extensions>
      </trkpt>
      <trkpt lat="52.22712" lon="1.47791">
        <ele>0</ele>
        <time>2026-06-26T08:23:18.432Z</time>
        <name>1021</name>
        <extensions>
          <speed_mps>26.822</speed_mps>
          <speed_mph>60.0</speed_mph>
        </extensions>
      </trkpt>
      <trkpt lat="52.22745" lon="1.47799">
        <ele>0</ele>
        <time>2026-06-26T08:23:19.810Z</time>
        <name>1022</name>
        <extensions>
          <speed_mps>26.822</speed_mps>
          <speed_mph>60.0</speed_mph>
        </extensions>
      </trkpt>
      <trkpt lat="52.22778" lon="1.47810">
        <ele>0</ele>
        <time>2026-06-26T08:23:21.187Z</time>
        <name>1023</name>
        <extensions>
          <speed_mps>26.822</speed_mps>
          <speed_mph>60.0</speed_mph>
        </extensions>
      </trkpt>
      <trkpt lat="52.22810" lon="1.47821">
        <ele>0</ele>
        <time>2026-06-26T08:23:22.565Z</time>
        <name>1024</name>
        <extensions>
          <speed_mps>26.822</speed_mps>
          <speed_mph>60.0</speed_mph>
        </extensions>
      </trkpt>
      <trkpt lat="52.22843" lon="1.47833">
        <ele>0</ele>
        <time>2026-06-26T08:23:23.943Z</time>
        <name>1025</name>
        <extensions>
          <speed_mps>26.822</speed_mps>
          <speed_mph>60.0</speed_mph>
        </extensions>
      </trkpt>
      <trkpt lat="52.22875" lon="1.47845">
        <ele>0</ele>
        <time>2026-06-26T08:23:25.321Z</time>
        <name>1026</name>
        <extensions>
          <speed_mps>26.822</speed_mps>
          <speed_mph>60.0</speed_mph>
        </extensions>
      </trkpt>
      <trkpt lat="52.22908" lon="1.47856">
        <ele>0</ele>
        <time>2026-06-26T08:23:26.698Z</time>
        <name>1027</name>
        <extensions>
          <speed_mps>26.822</speed_mps>
          <speed_mph>60.0</speed_mph>
        </extensions>
      </trkpt>
      <trkpt lat="52.22940" lon="1.47870">
        <ele>0</ele>
        <time>2026-06-26T08:23:28.076Z</time>
        <name>1028</name>
        <extensions>
          <speed_mps>26.822</speed_mps>
          <speed_mph>60.0</speed_mph>
        </extensions>
      </trkpt>
      <trkpt lat="52.22972" lon="1.47884">
        <ele>0</ele>
        <time>2026-06-26T08:23:29.454Z</time>
        <name>1029</name>
        <extensions>
          <speed_mps>26.822</speed_mps>
          <speed_mph>60.0</speed_mph>
        </extensions>
      </trkpt>
      <trkpt lat="52.23004" lon="1.47898">
        <ele>0</ele>
        <time>2026-06-26T08:23:30.831Z</time>
        <name>1030</name>
        <extensions>
          <speed_mps>26.822</speed_mps>
          <speed_mph>60.0</speed_mph>
        </extensions>
      </trkpt>
      <trkpt lat="52.23036" lon="1.47914">
        <ele>0</ele>
        <time>2026-06-26T08:23:32.209Z</time>
        <name>1031</name>
        <extensions>
          <speed_mps>26.822</speed_mps>
          <speed_mph>60.0</speed_mph>
        </extensions>
      </trkpt>
      <trkpt lat="52.23068" lon="1.47929">
        <ele>0</ele>
        <time>2026-06-26T08:23:33.587Z</time>
        <name>1032</name>
        <extensions>
          <speed_mps>26.822</speed_mps>
          <speed_mph>60.0</speed_mph>
        </extensions>
      </trkpt>
      <trkpt lat="52.23100" lon="1.47945">
        <ele>0</ele>
        <time>2026-06-26T08:23:34.964Z</time>
        <name>1033</name>
        <extensions>
          <speed_mps>26.822</speed_mps>
          <speed_mph>60.0</speed_mph>
        </extensions>
      </trkpt>
      <trkpt lat="52.23131" lon="1.47963">
        <ele>0</ele>
        <time>2026-06-26T08:23:36.342Z</time>
        <name>1034</name>
        <extensions>
          <speed_mps>26.822</speed_mps>
          <speed_mph>60.0</speed_mph>
        </extensions>
      </trkpt>
      <trkpt lat="52.23162" lon="1.47981">
        <ele>0</ele>
        <time>2026-06-26T08:23:37.720Z</time>
        <name>1035</name>
        <extensions>
          <speed_mps>26.822</speed_mps>
          <speed_mph>60.0</speed_mph>
        </extensions>
      </trkpt>
      <trkpt lat="52.23194" lon="1.48000">
        <ele>0</ele>
        <time>2026-06-26T08:23:39.097Z</time>
        <name>1036</name>
        <extensions>
          <speed_mps>26.822</speed_mps>
          <speed_mph>60.0</speed_mph>
        </extensions>
      </trkpt>
      <trkpt lat="52.23225" lon="1.48018">
        <ele>0</ele>
        <time>2026-06-26T08:23:40.475Z</time>
        <name>1037</name>
        <extensions>
          <speed_mps>26.822</speed_mps>
          <speed_mph>60.0</speed_mph>
        </extensions>
      </trkpt>
      <trkpt lat="52.23256" lon="1.48038">
        <ele>0</ele>
        <time>2026-06-26T08:23:41.852Z</time>
        <name>1038</name>
        <extensions>
          <speed_mps>26.822</speed_mps>
          <speed_mph>60.0</speed_mph>
        </extensions>
      </trkpt>
      <trkpt lat="52.23286" lon="1.48060">
        <ele>0</ele>
        <time>2026-06-26T08:23:43.230Z</time>
        <name>1039</name>
        <extensions>
          <speed_mps>26.822</speed_mps>
          <speed_mph>60.0</speed_mph>
        </extensions>
      </trkpt>
      <trkpt lat="52.23317" lon="1.48081">
        <ele>0</ele>
        <time>2026-06-26T08:23:44.608Z</time>
        <name>1040</name>
        <extensions>
          <speed_mps>26.822</speed_mps>
          <speed_mph>60.0</speed_mph>
        </extensions>
      </trkpt>
      <trkpt lat="52.23347" lon="1.48102">
        <ele>0</ele>
        <time>2026-06-26T08:23:45.986Z</time>
        <name>1041</name>
        <extensions>
          <speed_mps>26.822</speed_mps>
          <speed_mph>60.0</speed_mph>
        </extensions>
      </trkpt>
      <trkpt lat="52.23378" lon="1.48124">
        <ele>0</ele>
        <time>2026-06-26T08:23:47.363Z</time>
        <name>1042</name>
        <extensions>
          <speed_mps>26.822</speed_mps>
          <speed_mph>60.0</speed_mph>
        </extensions>
      </trkpt>
      <trkpt lat="52.23408" lon="1.48146">
        <ele>0</ele>
        <time>2026-06-26T08:23:48.741Z</time>
        <name>1043</name>
        <extensions>
          <speed_mps>26.822</speed_mps>
          <speed_mph>60.0</speed_mph>
        </extensions>
      </trkpt>
      <trkpt lat="52.23438" lon="1.48168">
        <ele>0</ele>
        <time>2026-06-26T08:23:50.119Z</time>
        <name>1044</name>
        <extensions>
          <speed_mps>26.822</speed_mps>
          <speed_mph>60.0</speed_mph>
        </extensions>
      </trkpt>
      <trkpt lat="52.23468" lon="1.48193">
        <ele>0</ele>
        <time>2026-06-26T08:23:51.496Z</time>
        <name>1045</name>
        <extensions>
          <speed_mps>26.822</speed_mps>
          <speed_mph>60.0</speed_mph>
        </extensions>
      </trkpt>
      <trkpt lat="52.23498" lon="1.48218">
        <ele>0</ele>
        <time>2026-06-26T08:23:52.874Z</time>
        <name>1046</name>
        <extensions>
          <speed_mps>26.822</speed_mps>
          <speed_mph>60.0</speed_mph>
        </extensions>
      </trkpt>
      <trkpt lat="52.23527" lon="1.48243">
        <ele>0</ele>
        <time>2026-06-26T08:23:54.252Z</time>
        <name>1047</name>
        <extensions>
          <speed_mps>26.822</speed_mps>
          <speed_mph>60.0</speed_mph>
        </extensions>
      </trkpt>
      <trkpt lat="52.23556" lon="1.48269">
        <ele>0</ele>
        <time>2026-06-26T08:23:55.630Z</time>
        <name>1048</name>
        <extensions>
          <speed_mps>26.822</speed_mps>
          <speed_mph>60.0</speed_mph>
        </extensions>
      </trkpt>
      <trkpt lat="52.23585" lon="1.48296">
        <ele>0</ele>
        <time>2026-06-26T08:23:57.007Z</time>
        <name>1049</name>
        <extensions>
          <speed_mps>26.822</speed_mps>
          <speed_mph>60.0</speed_mph>
        </extensions>
      </trkpt>
      <trkpt lat="52.23613" lon="1.48325">
        <ele>0</ele>
        <time>2026-06-26T08:23:58.385Z</time>
        <name>1050</name>
        <extensions>
          <speed_mps>26.822</speed_mps>
          <speed_mph>60.0</speed_mph>
        </extensions>
      </trkpt>
      <trkpt lat="52.23640" lon="1.48357">
        <ele>0</ele>
        <time>2026-06-26T08:23:59.762Z</time>
        <name>1051</name>
        <extensions>
          <speed_mps>26.822</speed_mps>
          <speed_mph>60.0</speed_mph>
        </extensions>
      </trkpt>
      <trkpt lat="52.23665" lon="1.48392">
        <ele>0</ele>
        <time>2026-06-26T08:24:01.139Z</time>
        <name>1052</name>
        <extensions>
          <speed_mps>26.822</speed_mps>
          <speed_mph>60.0</speed_mph>
        </extensions>
      </trkpt>
      <trkpt lat="52.23689" lon="1.48430">
        <ele>0</ele>
        <time>2026-06-26T08:24:02.516Z</time>
        <name>1053</name>
        <extensions>
          <speed_mps>26.822</speed_mps>
          <speed_mph>60.0</speed_mph>
        </extensions>
      </trkpt>
      <trkpt lat="52.23711" lon="1.48470">
        <ele>0</ele>
        <time>2026-06-26T08:24:03.893Z</time>
        <name>1054</name>
        <extensions>
          <speed_mps>26.822</speed_mps>
          <speed_mph>60.0</speed_mph>
        </extensions>
      </trkpt>
      <trkpt lat="52.23733" lon="1.48512">
        <ele>0</ele>
        <time>2026-06-26T08:24:05.270Z</time>
        <name>1055</name>
        <extensions>
          <speed_mps>26.822</speed_mps>
          <speed_mph>60.0</speed_mph>
        </extensions>
      </trkpt>
      <trkpt lat="52.23753" lon="1.48554">
        <ele>0</ele>
        <time>2026-06-26T08:24:06.648Z</time>
        <name>1056</name>
        <extensions>
          <speed_mps>26.822</speed_mps>
          <speed_mph>60.0</speed_mph>
        </extensions>
      </trkpt>
      <trkpt lat="52.23774" lon="1.48596">
        <ele>0</ele>
        <time>2026-06-26T08:24:08.026Z</time>
        <name>1057</name>
        <extensions>
          <speed_mps>26.822</speed_mps>
          <speed_mph>60.0</speed_mph>
        </extensions>
      </trkpt>
      <trkpt lat="52.23795" lon="1.48638">
        <ele>0</ele>
        <time>2026-06-26T08:24:09.403Z</time>
        <name>1058</name>
        <extensions>
          <speed_mps>26.822</speed_mps>
          <speed_mph>60.0</speed_mph>
        </extensions>
      </trkpt>
      <trkpt lat="52.23817" lon="1.48680">
        <ele>0</ele>
        <time>2026-06-26T08:24:10.781Z</time>
        <name>1059</name>
        <extensions>
          <speed_mps>26.822</speed_mps>
          <speed_mph>60.0</speed_mph>
        </extensions>
      </trkpt>
      <trkpt lat="52.23839" lon="1.48719">
        <ele>0</ele>
        <time>2026-06-26T08:24:12.158Z</time>
        <name>1060</name>
        <extensions>
          <speed_mps>26.822</speed_mps>
          <speed_mph>60.0</speed_mph>
        </extensions>
      </trkpt>
      <trkpt lat="52.23863" lon="1.48758">
        <ele>0</ele>
        <time>2026-06-26T08:24:13.535Z</time>
        <name>1061</name>
        <extensions>
          <speed_mps>26.822</speed_mps>
          <speed_mph>60.0</speed_mph>
        </extensions>
      </trkpt>
      <trkpt lat="52.23889" lon="1.48792">
        <ele>0</ele>
        <time>2026-06-26T08:24:14.912Z</time>
        <name>1062</name>
        <extensions>
          <speed_mps>26.822</speed_mps>
          <speed_mph>60.0</speed_mph>
        </extensions>
      </trkpt>
      <trkpt lat="52.23917" lon="1.48821">
        <ele>0</ele>
        <time>2026-06-26T08:24:16.290Z</time>
        <name>1063</name>
        <extensions>
          <speed_mps>26.822</speed_mps>
          <speed_mph>60.0</speed_mph>
        </extensions>
      </trkpt>
      <trkpt lat="52.23946" lon="1.48848">
        <ele>0</ele>
        <time>2026-06-26T08:24:17.667Z</time>
        <name>1064</name>
        <extensions>
          <speed_mps>26.822</speed_mps>
          <speed_mph>60.0</speed_mph>
        </extensions>
      </trkpt>
      <trkpt lat="52.23976" lon="1.48870">
        <ele>0</ele>
        <time>2026-06-26T08:24:19.045Z</time>
        <name>1065</name>
        <extensions>
          <speed_mps>26.822</speed_mps>
          <speed_mph>60.0</speed_mph>
        </extensions>
      </trkpt>
      <trkpt lat="52.24007" lon="1.48889">
        <ele>0</ele>
        <time>2026-06-26T08:24:20.422Z</time>
        <name>1066</name>
        <extensions>
          <speed_mps>26.822</speed_mps>
          <speed_mph>60.0</speed_mph>
        </extensions>
      </trkpt>
      <trkpt lat="52.24039" lon="1.48905">
        <ele>0</ele>
        <time>2026-06-26T08:24:21.800Z</time>
        <name>1067</name>
        <extensions>
          <speed_mps>26.822</speed_mps>
          <speed_mph>60.0</speed_mph>
        </extensions>
      </trkpt>
      <trkpt lat="52.24071" lon="1.48919">
        <ele>0</ele>
        <time>2026-06-26T08:24:23.178Z</time>
        <name>1068</name>
        <extensions>
          <speed_mps>26.822</speed_mps>
          <speed_mph>60.0</speed_mph>
        </extensions>
      </trkpt>
      <trkpt lat="52.24103" lon="1.48931">
        <ele>0</ele>
        <time>2026-06-26T08:24:24.555Z</time>
        <name>1069</name>
        <extensions>
          <speed_mps>26.822</speed_mps>
          <speed_mph>60.0</speed_mph>
        </extensions>
      </trkpt>
      <trkpt lat="52.24136" lon="1.48943">
        <ele>0</ele>
        <time>2026-06-26T08:24:25.933Z</time>
        <name>1070</name>
        <extensions>
          <speed_mps>26.822</speed_mps>
          <speed_mph>60.0</speed_mph>
        </extensions>
      </trkpt>
      <trkpt lat="52.24168" lon="1.48955">
        <ele>0</ele>
        <time>2026-06-26T08:24:27.311Z</time>
        <name>1071</name>
        <extensions>
          <speed_mps>26.822</speed_mps>
          <speed_mph>60.0</speed_mph>
        </extensions>
      </trkpt>
      <trkpt lat="52.24201" lon="1.48966">
        <ele>0</ele>
        <time>2026-06-26T08:24:28.688Z</time>
        <name>1072</name>
        <extensions>
          <speed_mps>26.822</speed_mps>
          <speed_mph>60.0</speed_mph>
        </extensions>
      </trkpt>
      <trkpt lat="52.24233" lon="1.48977">
        <ele>0</ele>
        <time>2026-06-26T08:24:30.066Z</time>
        <name>1073</name>
        <extensions>
          <speed_mps>26.822</speed_mps>
          <speed_mph>60.0</speed_mph>
        </extensions>
      </trkpt>
      <trkpt lat="52.24266" lon="1.48988">
        <ele>0</ele>
        <time>2026-06-26T08:24:31.444Z</time>
        <name>1074</name>
        <extensions>
          <speed_mps>26.822</speed_mps>
          <speed_mph>60.0</speed_mph>
        </extensions>
      </trkpt>
      <trkpt lat="52.24298" lon="1.49000">
        <ele>0</ele>
        <time>2026-06-26T08:24:32.822Z</time>
        <name>1075</name>
        <extensions>
          <speed_mps>26.822</speed_mps>
          <speed_mph>60.0</speed_mph>
        </extensions>
      </trkpt>
      <trkpt lat="52.24331" lon="1.49011">
        <ele>0</ele>
        <time>2026-06-26T08:24:34.199Z</time>
        <name>1076</name>
        <extensions>
          <speed_mps>26.822</speed_mps>
          <speed_mph>60.0</speed_mph>
        </extensions>
      </trkpt>
      <trkpt lat="52.24363" lon="1.49023">
        <ele>0</ele>
        <time>2026-06-26T08:24:35.577Z</time>
        <name>1077</name>
        <extensions>
          <speed_mps>26.822</speed_mps>
          <speed_mph>60.0</speed_mph>
        </extensions>
      </trkpt>
      <trkpt lat="52.24395" lon="1.49038">
        <ele>0</ele>
        <time>2026-06-26T08:24:36.955Z</time>
        <name>1078</name>
        <extensions>
          <speed_mps>26.822</speed_mps>
          <speed_mph>60.0</speed_mph>
        </extensions>
      </trkpt>
      <trkpt lat="52.24427" lon="1.49054">
        <ele>0</ele>
        <time>2026-06-26T08:24:38.332Z</time>
        <name>1079</name>
        <extensions>
          <speed_mps>26.822</speed_mps>
          <speed_mph>60.0</speed_mph>
        </extensions>
      </trkpt>
      <trkpt lat="52.24458" lon="1.49071">
        <ele>0</ele>
        <time>2026-06-26T08:24:39.710Z</time>
        <name>1080</name>
        <extensions>
          <speed_mps>26.822</speed_mps>
          <speed_mph>60.0</speed_mph>
        </extensions>
      </trkpt>
      <trkpt lat="52.24490" lon="1.49089">
        <ele>0</ele>
        <time>2026-06-26T08:24:41.088Z</time>
        <name>1081</name>
        <extensions>
          <speed_mps>26.822</speed_mps>
          <speed_mph>60.0</speed_mph>
        </extensions>
      </trkpt>
      <trkpt lat="52.24521" lon="1.49108">
        <ele>0</ele>
        <time>2026-06-26T08:24:42.465Z</time>
        <name>1082</name>
        <extensions>
          <speed_mps>26.822</speed_mps>
          <speed_mph>60.0</speed_mph>
        </extensions>
      </trkpt>
      <trkpt lat="52.24552" lon="1.49128">
        <ele>0</ele>
        <time>2026-06-26T08:24:43.843Z</time>
        <name>1083</name>
        <extensions>
          <speed_mps>26.822</speed_mps>
          <speed_mph>60.0</speed_mph>
        </extensions>
      </trkpt>
      <trkpt lat="52.24583" lon="1.49147">
        <ele>0</ele>
        <time>2026-06-26T08:24:45.221Z</time>
        <name>1084</name>
        <extensions>
          <speed_mps>26.822</speed_mps>
          <speed_mph>60.0</speed_mph>
        </extensions>
      </trkpt>
      <trkpt lat="52.24614" lon="1.49166">
        <ele>0</ele>
        <time>2026-06-26T08:24:46.599Z</time>
        <name>1085</name>
        <extensions>
          <speed_mps>26.822</speed_mps>
          <speed_mph>60.0</speed_mph>
        </extensions>
      </trkpt>
      <trkpt lat="52.24645" lon="1.49185">
        <ele>0</ele>
        <time>2026-06-26T08:24:47.976Z</time>
        <name>1086</name>
        <extensions>
          <speed_mps>26.822</speed_mps>
          <speed_mph>60.0</speed_mph>
        </extensions>
      </trkpt>
      <trkpt lat="52.24676" lon="1.49204">
        <ele>0</ele>
        <time>2026-06-26T08:24:49.354Z</time>
        <name>1087</name>
        <extensions>
          <speed_mps>26.822</speed_mps>
          <speed_mph>60.0</speed_mph>
        </extensions>
      </trkpt>
      <trkpt lat="52.24708" lon="1.49223">
        <ele>0</ele>
        <time>2026-06-26T08:24:50.732Z</time>
        <name>1088</name>
        <extensions>
          <speed_mps>26.822</speed_mps>
          <speed_mph>60.0</speed_mph>
        </extensions>
      </trkpt>
      <trkpt lat="52.24739" lon="1.49243">
        <ele>0</ele>
        <time>2026-06-26T08:24:52.109Z</time>
        <name>1089</name>
        <extensions>
          <speed_mps>26.822</speed_mps>
          <speed_mph>60.0</speed_mph>
        </extensions>
      </trkpt>
      <trkpt lat="52.24769" lon="1.49264">
        <ele>0</ele>
        <time>2026-06-26T08:24:53.487Z</time>
        <name>1090</name>
        <extensions>
          <speed_mps>26.822</speed_mps>
          <speed_mph>60.0</speed_mph>
        </extensions>
      </trkpt>
      <trkpt lat="52.24800" lon="1.49284">
        <ele>0</ele>
        <time>2026-06-26T08:24:54.865Z</time>
        <name>1091</name>
        <extensions>
          <speed_mps>26.822</speed_mps>
          <speed_mph>60.0</speed_mph>
        </extensions>
      </trkpt>
      <trkpt lat="52.24831" lon="1.49305">
        <ele>0</ele>
        <time>2026-06-26T08:24:56.243Z</time>
        <name>1092</name>
        <extensions>
          <speed_mps>26.822</speed_mps>
          <speed_mph>60.0</speed_mph>
        </extensions>
      </trkpt>
      <trkpt lat="52.24861" lon="1.49326">
        <ele>0</ele>
        <time>2026-06-26T08:24:57.620Z</time>
        <name>1093</name>
        <extensions>
          <speed_mps>26.822</speed_mps>
          <speed_mph>60.0</speed_mph>
        </extensions>
      </trkpt>
      <trkpt lat="52.24892" lon="1.49349">
        <ele>0</ele>
        <time>2026-06-26T08:24:58.997Z</time>
        <name>1094</name>
        <extensions>
          <speed_mps>26.822</speed_mps>
          <speed_mph>60.0</speed_mph>
        </extensions>
      </trkpt>
      <trkpt lat="52.24922" lon="1.49371">
        <ele>0</ele>
        <time>2026-06-26T08:25:00.375Z</time>
        <name>1095</name>
        <extensions>
          <speed_mps>26.822</speed_mps>
          <speed_mph>60.0</speed_mph>
        </extensions>
      </trkpt>
      <trkpt lat="52.24952" lon="1.49394">
        <ele>0</ele>
        <time>2026-06-26T08:25:01.753Z</time>
        <name>1096</name>
        <extensions>
          <speed_mps>26.822</speed_mps>
          <speed_mph>60.0</speed_mph>
        </extensions>
      </trkpt>
      <trkpt lat="52.24982" lon="1.49417">
        <ele>0</ele>
        <time>2026-06-26T08:25:03.131Z</time>
        <name>1097</name>
        <extensions>
          <speed_mps>26.822</speed_mps>
          <speed_mph>60.0</speed_mph>
        </extensions>
      </trkpt>
      <trkpt lat="52.25012" lon="1.49441">
        <ele>0</ele>
        <time>2026-06-26T08:25:04.508Z</time>
        <name>1098</name>
        <extensions>
          <speed_mps>26.822</speed_mps>
          <speed_mph>60.0</speed_mph>
        </extensions>
      </trkpt>
      <trkpt lat="52.25042" lon="1.49464">
        <ele>0</ele>
        <time>2026-06-26T08:25:05.886Z</time>
        <name>1099</name>
        <extensions>
          <speed_mps>26.822</speed_mps>
          <speed_mph>60.0</speed_mph>
        </extensions>
      </trkpt>
      <trkpt lat="52.25072" lon="1.49486">
        <ele>0</ele>
        <time>2026-06-26T08:25:07.264Z</time>
        <name>1100</name>
        <extensions>
          <speed_mps>26.822</speed_mps>
          <speed_mph>60.0</speed_mph>
        </extensions>
      </trkpt>
      <trkpt lat="52.25103" lon="1.49508">
        <ele>0</ele>
        <time>2026-06-26T08:25:08.641Z</time>
        <name>1101</name>
        <extensions>
          <speed_mps>26.822</speed_mps>
          <speed_mph>60.0</speed_mph>
        </extensions>
      </trkpt>
      <trkpt lat="52.25133" lon="1.49531">
        <ele>0</ele>
        <time>2026-06-26T08:25:10.018Z</time>
        <name>1102</name>
        <extensions>
          <speed_mps>26.822</speed_mps>
          <speed_mph>60.0</speed_mph>
        </extensions>
      </trkpt>
      <trkpt lat="52.25162" lon="1.49556">
        <ele>0</ele>
        <time>2026-06-26T08:25:11.396Z</time>
        <name>1103</name>
        <extensions>
          <speed_mps>26.822</speed_mps>
          <speed_mph>60.0</speed_mph>
        </extensions>
      </trkpt>
      <trkpt lat="52.25192" lon="1.49580">
        <ele>0</ele>
        <time>2026-06-26T08:25:12.774Z</time>
        <name>1104</name>
        <extensions>
          <speed_mps>26.822</speed_mps>
          <speed_mph>60.0</speed_mph>
        </extensions>
      </trkpt>
      <trkpt lat="52.25221" lon="1.49605">
        <ele>0</ele>
        <time>2026-06-26T08:25:14.152Z</time>
        <name>1105</name>
        <extensions>
          <speed_mps>26.822</speed_mps>
          <speed_mph>60.0</speed_mph>
        </extensions>
      </trkpt>
      <trkpt lat="52.25250" lon="1.49634">
        <ele>0</ele>
        <time>2026-06-26T08:25:15.529Z</time>
        <name>1106</name>
        <extensions>
          <speed_mps>26.822</speed_mps>
          <speed_mph>60.0</speed_mph>
        </extensions>
      </trkpt>
      <trkpt lat="52.25278" lon="1.49663">
        <ele>0</ele>
        <time>2026-06-26T08:25:16.906Z</time>
        <name>1107</name>
        <extensions>
          <speed_mps>26.822</speed_mps>
          <speed_mph>60.0</speed_mph>
        </extensions>
      </trkpt>
      <trkpt lat="52.25306" lon="1.49693">
        <ele>0</ele>
        <time>2026-06-26T08:25:18.284Z</time>
        <name>1108</name>
        <extensions>
          <speed_mps>26.822</speed_mps>
          <speed_mph>60.0</speed_mph>
        </extensions>
      </trkpt>
      <trkpt lat="52.25332" lon="1.49726">
        <ele>0</ele>
        <time>2026-06-26T08:25:19.659Z</time>
        <name>1109</name>
        <extensions>
          <speed_mps>26.822</speed_mps>
          <speed_mph>60.0</speed_mph>
        </extensions>
      </trkpt>
      <trkpt lat="52.25357" lon="1.49761">
        <ele>0</ele>
        <time>2026-06-26T08:25:21.037Z</time>
        <name>1110</name>
        <extensions>
          <speed_mps>26.822</speed_mps>
          <speed_mph>60.0</speed_mph>
        </extensions>
      </trkpt>
      <trkpt lat="52.25381" lon="1.49799">
        <ele>0</ele>
        <time>2026-06-26T08:25:22.405Z</time>
        <name>1111</name>
        <extensions>
          <speed_mps>26.822</speed_mps>
          <speed_mph>60.0</speed_mph>
        </extensions>
      </trkpt>
      <trkpt lat="52.25400" lon="1.49844">
        <ele>0</ele>
        <time>2026-06-26T08:25:23.782Z</time>
        <name>1112</name>
        <extensions>
          <speed_mps>26.822</speed_mps>
          <speed_mph>60.0</speed_mph>
        </extensions>
      </trkpt>
      <trkpt lat="52.25419" lon="1.49888">
        <ele>0</ele>
        <time>2026-06-26T08:25:25.160Z</time>
        <name>1113</name>
        <extensions>
          <speed_mps>26.822</speed_mps>
          <speed_mph>60.0</speed_mph>
        </extensions>
      </trkpt>
      <trkpt lat="52.25438" lon="1.49933">
        <ele>0</ele>
        <time>2026-06-26T08:25:26.538Z</time>
        <name>1114</name>
        <extensions>
          <speed_mps>26.822</speed_mps>
          <speed_mph>60.0</speed_mph>
        </extensions>
      </trkpt>
      <trkpt lat="52.25457" lon="1.49977">
        <ele>0</ele>
        <time>2026-06-26T08:25:27.915Z</time>
        <name>1115</name>
        <extensions>
          <speed_mps>26.822</speed_mps>
          <speed_mph>60.0</speed_mph>
        </extensions>
      </trkpt>
      <trkpt lat="52.25480" lon="1.50015">
        <ele>0</ele>
        <time>2026-06-26T08:25:29.293Z</time>
        <name>1116</name>
        <extensions>
          <speed_mps>26.822</speed_mps>
          <speed_mph>60.0</speed_mph>
        </extensions>
      </trkpt>
      <trkpt lat="52.25504" lon="1.50053">
        <ele>0</ele>
        <time>2026-06-26T08:25:30.670Z</time>
        <name>1117</name>
        <extensions>
          <speed_mps>26.822</speed_mps>
          <speed_mph>60.0</speed_mph>
        </extensions>
      </trkpt>
      <trkpt lat="52.25531" lon="1.50086">
        <ele>0</ele>
        <time>2026-06-26T08:25:32.046Z</time>
        <name>1118</name>
        <extensions>
          <speed_mps>26.822</speed_mps>
          <speed_mph>60.0</speed_mph>
        </extensions>
      </trkpt>
      <trkpt lat="52.25557" lon="1.50118">
        <ele>0</ele>
        <time>2026-06-26T08:25:33.424Z</time>
        <name>1119</name>
        <extensions>
          <speed_mps>26.822</speed_mps>
          <speed_mph>60.0</speed_mph>
        </extensions>
      </trkpt>
      <trkpt lat="52.25571" lon="1.50153">
        <ele>0</ele>
        <time>2026-06-26T08:25:34.480Z</time>
        <name>1120</name>
        <extensions>
          <speed_mps>26.822</speed_mps>
          <speed_mph>60.0</speed_mph>
        </extensions>
      </trkpt>
      <trkpt lat="52.25550" lon="1.50195">
        <ele>0</ele>
        <time>2026-06-26T08:25:35.857Z</time>
        <name>1121</name>
        <extensions>
          <speed_mps>26.822</speed_mps>
          <speed_mph>60.0</speed_mph>
        </extensions>
      </trkpt>
      <trkpt lat="52.25530" lon="1.50238">
        <ele>0</ele>
        <time>2026-06-26T08:25:37.232Z</time>
        <name>1122</name>
        <extensions>
          <speed_mps>26.822</speed_mps>
          <speed_mph>60.0</speed_mph>
        </extensions>
      </trkpt>
      <trkpt lat="52.25513" lon="1.50285">
        <ele>0</ele>
        <time>2026-06-26T08:25:38.610Z</time>
        <name>1123</name>
        <extensions>
          <speed_mps>26.822</speed_mps>
          <speed_mph>60.0</speed_mph>
        </extensions>
      </trkpt>
      <trkpt lat="52.25493" lon="1.50328">
        <ele>0</ele>
        <time>2026-06-26T08:25:39.988Z</time>
        <name>1124</name>
        <extensions>
          <speed_mps>26.822</speed_mps>
          <speed_mph>60.0</speed_mph>
        </extensions>
      </trkpt>
      <trkpt lat="52.25475" lon="1.50374">
        <ele>0</ele>
        <time>2026-06-26T08:25:41.362Z</time>
        <name>1125</name>
        <extensions>
          <speed_mps>26.822</speed_mps>
          <speed_mph>60.0</speed_mph>
        </extensions>
      </trkpt>
      <trkpt lat="52.25471" lon="1.50389">
        <ele>0</ele>
        <time>2026-06-26T08:25:41.779Z</time>
        <name>1126</name>
        <extensions>
          <speed_mps>26.822</speed_mps>
          <speed_mph>60.0</speed_mph>
        </extensions>
      </trkpt>
      <trkpt lat="52.25487" lon="1.50342">
        <ele>0</ele>
        <time>2026-06-26T08:25:43.153Z</time>
        <name>1127</name>
        <extensions>
          <speed_mps>26.822</speed_mps>
          <speed_mph>60.0</speed_mph>
        </extensions>
      </trkpt>
      <trkpt lat="52.25507" lon="1.50298">
        <ele>0</ele>
        <time>2026-06-26T08:25:44.531Z</time>
        <name>1128</name>
        <extensions>
          <speed_mps>26.822</speed_mps>
          <speed_mph>60.0</speed_mph>
        </extensions>
      </trkpt>
      <trkpt lat="52.25525" lon="1.50252">
        <ele>0</ele>
        <time>2026-06-26T08:25:45.908Z</time>
        <name>1129</name>
        <extensions>
          <speed_mps>26.822</speed_mps>
          <speed_mph>60.0</speed_mph>
        </extensions>
      </trkpt>
      <trkpt lat="52.25544" lon="1.50208">
        <ele>0</ele>
        <time>2026-06-26T08:25:47.282Z</time>
        <name>1130</name>
        <extensions>
          <speed_mps>26.822</speed_mps>
          <speed_mph>60.0</speed_mph>
        </extensions>
      </trkpt>
      <trkpt lat="52.25565" lon="1.50166">
        <ele>0</ele>
        <time>2026-06-26T08:25:48.660Z</time>
        <name>1131</name>
        <extensions>
          <speed_mps>26.822</speed_mps>
          <speed_mph>60.0</speed_mph>
        </extensions>
      </trkpt>
      <trkpt lat="52.25588" lon="1.50154">
        <ele>0</ele>
        <time>2026-06-26T08:25:49.659Z</time>
        <name>1132</name>
        <extensions>
          <speed_mps>26.822</speed_mps>
          <speed_mph>60.0</speed_mph>
        </extensions>
      </trkpt>
      <trkpt lat="52.25615" lon="1.50186">
        <ele>0</ele>
        <time>2026-06-26T08:25:51.036Z</time>
        <name>1133</name>
        <extensions>
          <speed_mps>26.822</speed_mps>
          <speed_mph>60.0</speed_mph>
        </extensions>
      </trkpt>
      <trkpt lat="52.25642" lon="1.50218">
        <ele>0</ele>
        <time>2026-06-26T08:25:52.414Z</time>
        <name>1134</name>
        <extensions>
          <speed_mps>26.822</speed_mps>
          <speed_mph>60.0</speed_mph>
        </extensions>
      </trkpt>
      <trkpt lat="52.25668" lon="1.50250">
        <ele>0</ele>
        <time>2026-06-26T08:25:53.792Z</time>
        <name>1135</name>
        <extensions>
          <speed_mps>26.822</speed_mps>
          <speed_mph>60.0</speed_mph>
        </extensions>
      </trkpt>
      <trkpt lat="52.25695" lon="1.50282">
        <ele>0</ele>
        <time>2026-06-26T08:25:55.170Z</time>
        <name>1136</name>
        <extensions>
          <speed_mps>26.822</speed_mps>
          <speed_mph>60.0</speed_mph>
        </extensions>
      </trkpt>
      <trkpt lat="52.25722" lon="1.50315">
        <ele>0</ele>
        <time>2026-06-26T08:25:56.547Z</time>
        <name>1137</name>
        <extensions>
          <speed_mps>26.822</speed_mps>
          <speed_mph>60.0</speed_mph>
        </extensions>
      </trkpt>
      <trkpt lat="52.25749" lon="1.50347">
        <ele>0</ele>
        <time>2026-06-26T08:25:57.925Z</time>
        <name>1138</name>
        <extensions>
          <speed_mps>26.822</speed_mps>
          <speed_mph>60.0</speed_mph>
        </extensions>
      </trkpt>
      <trkpt lat="52.25776" lon="1.50379">
        <ele>0</ele>
        <time>2026-06-26T08:25:59.303Z</time>
        <name>1139</name>
        <extensions>
          <speed_mps>26.822</speed_mps>
          <speed_mph>60.0</speed_mph>
        </extensions>
      </trkpt>
      <trkpt lat="52.25804" lon="1.50408">
        <ele>0</ele>
        <time>2026-06-26T08:26:00.680Z</time>
        <name>1140</name>
        <extensions>
          <speed_mps>26.822</speed_mps>
          <speed_mph>60.0</speed_mph>
        </extensions>
      </trkpt>
      <trkpt lat="52.25831" lon="1.50438">
        <ele>0</ele>
        <time>2026-06-26T08:26:02.058Z</time>
        <name>1141</name>
        <extensions>
          <speed_mps>26.822</speed_mps>
          <speed_mph>60.0</speed_mph>
        </extensions>
      </trkpt>
      <trkpt lat="52.25859" lon="1.50467">
        <ele>0</ele>
        <time>2026-06-26T08:26:03.436Z</time>
        <name>1142</name>
        <extensions>
          <speed_mps>26.822</speed_mps>
          <speed_mph>60.0</speed_mph>
        </extensions>
      </trkpt>
      <trkpt lat="52.25887" lon="1.50497">
        <ele>0</ele>
        <time>2026-06-26T08:26:04.814Z</time>
        <name>1143</name>
        <extensions>
          <speed_mps>26.822</speed_mps>
          <speed_mph>60.0</speed_mph>
        </extensions>
      </trkpt>
      <trkpt lat="52.25915" lon="1.50527">
        <ele>0</ele>
        <time>2026-06-26T08:26:06.191Z</time>
        <name>1144</name>
        <extensions>
          <speed_mps>26.822</speed_mps>
          <speed_mph>60.0</speed_mph>
        </extensions>
      </trkpt>
      <trkpt lat="52.25943" lon="1.50556">
        <ele>0</ele>
        <time>2026-06-26T08:26:07.569Z</time>
        <name>1145</name>
        <extensions>
          <speed_mps>26.822</speed_mps>
          <speed_mph>60.0</speed_mph>
        </extensions>
      </trkpt>
      <trkpt lat="52.25971" lon="1.50586">
        <ele>0</ele>
        <time>2026-06-26T08:26:08.947Z</time>
        <name>1146</name>
        <extensions>
          <speed_mps>26.822</speed_mps>
          <speed_mph>60.0</speed_mph>
        </extensions>
      </trkpt>
      <trkpt lat="52.25999" lon="1.50616">
        <ele>0</ele>
        <time>2026-06-26T08:26:10.325Z</time>
        <name>1147</name>
        <extensions>
          <speed_mps>26.822</speed_mps>
          <speed_mph>60.0</speed_mph>
        </extensions>
      </trkpt>
      <trkpt lat="52.26027" lon="1.50644">
        <ele>0</ele>
        <time>2026-06-26T08:26:11.701Z</time>
        <name>1148</name>
        <extensions>
          <speed_mps>26.822</speed_mps>
          <speed_mph>60.0</speed_mph>
        </extensions>
      </trkpt>
      <trkpt lat="52.26056" lon="1.50669">
        <ele>0</ele>
        <time>2026-06-26T08:26:13.079Z</time>
        <name>1149</name>
        <extensions>
          <speed_mps>26.822</speed_mps>
          <speed_mph>60.0</speed_mph>
        </extensions>
      </trkpt>
      <trkpt lat="52.26086" lon="1.50692">
        <ele>0</ele>
        <time>2026-06-26T08:26:14.453Z</time>
        <name>1150</name>
        <extensions>
          <speed_mps>26.822</speed_mps>
          <speed_mph>60.0</speed_mph>
        </extensions>
      </trkpt>
      <trkpt lat="52.26118" lon="1.50707">
        <ele>0</ele>
        <time>2026-06-26T08:26:15.831Z</time>
        <name>1151</name>
        <extensions>
          <speed_mps>26.822</speed_mps>
          <speed_mph>60.0</speed_mph>
        </extensions>
      </trkpt>
      <trkpt lat="52.26150" lon="1.50725">
        <ele>0</ele>
        <time>2026-06-26T08:26:17.207Z</time>
        <name>1152</name>
        <extensions>
          <speed_mps>26.822</speed_mps>
          <speed_mph>60.0</speed_mph>
        </extensions>
      </trkpt>
      <trkpt lat="52.26181" lon="1.50744">
        <ele>0</ele>
        <time>2026-06-26T08:26:18.585Z</time>
        <name>1153</name>
        <extensions>
          <speed_mps>26.822</speed_mps>
          <speed_mph>60.0</speed_mph>
        </extensions>
      </trkpt>
      <trkpt lat="52.26212" lon="1.50764">
        <ele>0</ele>
        <time>2026-06-26T08:26:19.963Z</time>
        <name>1154</name>
        <extensions>
          <speed_mps>26.822</speed_mps>
          <speed_mph>60.0</speed_mph>
        </extensions>
      </trkpt>
      <trkpt lat="52.26242" lon="1.50784">
        <ele>0</ele>
        <time>2026-06-26T08:26:21.341Z</time>
        <name>1155</name>
        <extensions>
          <speed_mps>26.822</speed_mps>
          <speed_mph>60.0</speed_mph>
        </extensions>
      </trkpt>
      <trkpt lat="52.26273" lon="1.50807">
        <ele>0</ele>
        <time>2026-06-26T08:26:22.718Z</time>
        <name>1156</name>
        <extensions>
          <speed_mps>26.822</speed_mps>
          <speed_mph>60.0</speed_mph>
        </extensions>
      </trkpt>
      <trkpt lat="52.26301" lon="1.50834">
        <ele>0</ele>
        <time>2026-06-26T08:26:24.092Z</time>
        <name>1157</name>
        <extensions>
          <speed_mps>26.822</speed_mps>
          <speed_mph>60.0</speed_mph>
        </extensions>
      </trkpt>
      <trkpt lat="52.26326" lon="1.50869">
        <ele>0</ele>
        <time>2026-06-26T08:26:25.463Z</time>
        <name>1158</name>
        <extensions>
          <speed_mps>26.822</speed_mps>
          <speed_mph>60.0</speed_mph>
        </extensions>
      </trkpt>
      <trkpt lat="52.26352" lon="1.50905">
        <ele>0</ele>
        <time>2026-06-26T08:26:26.840Z</time>
        <name>1159</name>
        <extensions>
          <speed_mps>26.822</speed_mps>
          <speed_mph>60.0</speed_mph>
        </extensions>
      </trkpt>
      <trkpt lat="52.26377" lon="1.50940">
        <ele>0</ele>
        <time>2026-06-26T08:26:28.217Z</time>
        <name>1160</name>
        <extensions>
          <speed_mps>26.822</speed_mps>
          <speed_mph>60.0</speed_mph>
        </extensions>
      </trkpt>
      <trkpt lat="52.26404" lon="1.50972">
        <ele>0</ele>
        <time>2026-06-26T08:26:29.595Z</time>
        <name>1161</name>
        <extensions>
          <speed_mps>26.822</speed_mps>
          <speed_mph>60.0</speed_mph>
        </extensions>
      </trkpt>
      <trkpt lat="52.26431" lon="1.51004">
        <ele>0</ele>
        <time>2026-06-26T08:26:30.972Z</time>
        <name>1162</name>
        <extensions>
          <speed_mps>26.822</speed_mps>
          <speed_mph>60.0</speed_mph>
        </extensions>
      </trkpt>
      <trkpt lat="52.26457" lon="1.51036">
        <ele>0</ele>
        <time>2026-06-26T08:26:32.348Z</time>
        <name>1163</name>
        <extensions>
          <speed_mps>26.822</speed_mps>
          <speed_mph>60.0</speed_mph>
        </extensions>
      </trkpt>
      <trkpt lat="52.26472" lon="1.51083">
        <ele>0</ele>
        <time>2026-06-26T08:26:33.699Z</time>
        <name>1164</name>
        <extensions>
          <speed_mps>26.822</speed_mps>
          <speed_mph>60.0</speed_mph>
        </extensions>
      </trkpt>
      <trkpt lat="52.26472" lon="1.51137">
        <ele>0</ele>
        <time>2026-06-26T08:26:35.072Z</time>
        <name>1165</name>
        <extensions>
          <speed_mps>26.822</speed_mps>
          <speed_mph>60.0</speed_mph>
        </extensions>
      </trkpt>
      <trkpt lat="52.26469" lon="1.51191">
        <ele>0</ele>
        <time>2026-06-26T08:26:36.449Z</time>
        <name>1166</name>
        <extensions>
          <speed_mps>26.822</speed_mps>
          <speed_mph>60.0</speed_mph>
        </extensions>
      </trkpt>
      <trkpt lat="52.26462" lon="1.51244">
        <ele>0</ele>
        <time>2026-06-26T08:26:37.826Z</time>
        <name>1167</name>
        <extensions>
          <speed_mps>26.822</speed_mps>
          <speed_mph>60.0</speed_mph>
        </extensions>
      </trkpt>
      <trkpt lat="52.26450" lon="1.51295">
        <ele>0</ele>
        <time>2026-06-26T08:26:39.204Z</time>
        <name>1168</name>
        <extensions>
          <speed_mps>26.822</speed_mps>
          <speed_mph>60.0</speed_mph>
        </extensions>
      </trkpt>
      <trkpt lat="52.26441" lon="1.51347">
        <ele>0</ele>
        <time>2026-06-26T08:26:40.579Z</time>
        <name>1169</name>
        <extensions>
          <speed_mps>26.822</speed_mps>
          <speed_mph>60.0</speed_mph>
        </extensions>
      </trkpt>
      <trkpt lat="52.26430" lon="1.51387">
        <ele>0</ele>
        <time>2026-06-26T08:26:41.685Z</time>
        <name>1170</name>
        <extensions>
          <speed_mps>26.822</speed_mps>
          <speed_mph>60.0</speed_mph>
        </extensions>
      </trkpt>
      <trkpt lat="52.26408" lon="1.51425">
        <ele>0</ele>
        <time>2026-06-26T08:26:43.002Z</time>
        <name>1171</name>
        <extensions>
          <speed_mps>26.822</speed_mps>
          <speed_mph>60.0</speed_mph>
        </extensions>
      </trkpt>
      <trkpt lat="52.26395" lon="1.51475">
        <ele>0</ele>
        <time>2026-06-26T08:26:44.380Z</time>
        <name>1172</name>
        <extensions>
          <speed_mps>26.822</speed_mps>
          <speed_mph>60.0</speed_mph>
        </extensions>
      </trkpt>
      <trkpt lat="52.26383" lon="1.51525">
        <ele>0</ele>
        <time>2026-06-26T08:26:45.758Z</time>
        <name>1173</name>
        <extensions>
          <speed_mps>26.822</speed_mps>
          <speed_mph>60.0</speed_mph>
        </extensions>
      </trkpt>
      <trkpt lat="52.26370" lon="1.51575">
        <ele>0</ele>
        <time>2026-06-26T08:26:47.135Z</time>
        <name>1174</name>
        <extensions>
          <speed_mps>26.822</speed_mps>
          <speed_mph>60.0</speed_mph>
        </extensions>
      </trkpt>
      <trkpt lat="52.26356" lon="1.51625">
        <ele>0</ele>
        <time>2026-06-26T08:26:48.513Z</time>
        <name>1175</name>
        <extensions>
          <speed_mps>26.822</speed_mps>
          <speed_mph>60.0</speed_mph>
        </extensions>
      </trkpt>
      <trkpt lat="52.26343" lon="1.51674">
        <ele>0</ele>
        <time>2026-06-26T08:26:49.891Z</time>
        <name>1176</name>
        <extensions>
          <speed_mps>26.822</speed_mps>
          <speed_mph>60.0</speed_mph>
        </extensions>
      </trkpt>
      <trkpt lat="52.26328" lon="1.51723">
        <ele>0</ele>
        <time>2026-06-26T08:26:51.268Z</time>
        <name>1177</name>
        <extensions>
          <speed_mps>26.822</speed_mps>
          <speed_mph>60.0</speed_mph>
        </extensions>
      </trkpt>
      <trkpt lat="52.26309" lon="1.51768">
        <ele>0</ele>
        <time>2026-06-26T08:26:52.643Z</time>
        <name>1178</name>
        <extensions>
          <speed_mps>26.822</speed_mps>
          <speed_mph>60.0</speed_mph>
        </extensions>
      </trkpt>
      <trkpt lat="52.26290" lon="1.51811">
        <ele>0</ele>
        <time>2026-06-26T08:26:54.021Z</time>
        <name>1179</name>
        <extensions>
          <speed_mps>26.822</speed_mps>
          <speed_mph>60.0</speed_mph>
        </extensions>
      </trkpt>
      <trkpt lat="52.26272" lon="1.51857">
        <ele>0</ele>
        <time>2026-06-26T08:26:55.392Z</time>
        <name>1180</name>
        <extensions>
          <speed_mps>26.822</speed_mps>
          <speed_mph>60.0</speed_mph>
        </extensions>
      </trkpt>
      <trkpt lat="52.26260" lon="1.51907">
        <ele>0</ele>
        <time>2026-06-26T08:26:56.768Z</time>
        <name>1181</name>
        <extensions>
          <speed_mps>26.822</speed_mps>
          <speed_mph>60.0</speed_mph>
        </extensions>
      </trkpt>
      <trkpt lat="52.26248" lon="1.51958">
        <ele>0</ele>
        <time>2026-06-26T08:26:58.145Z</time>
        <name>1182</name>
        <extensions>
          <speed_mps>26.822</speed_mps>
          <speed_mph>60.0</speed_mph>
        </extensions>
      </trkpt>
      <trkpt lat="52.26235" lon="1.52008">
        <ele>0</ele>
        <time>2026-06-26T08:26:59.522Z</time>
        <name>1183</name>
        <extensions>
          <speed_mps>26.822</speed_mps>
          <speed_mph>60.0</speed_mph>
        </extensions>
      </trkpt>
      <trkpt lat="52.26219" lon="1.52055">
        <ele>0</ele>
        <time>2026-06-26T08:27:00.899Z</time>
        <name>1184</name>
        <extensions>
          <speed_mps>26.822</speed_mps>
          <speed_mph>60.0</speed_mph>
        </extensions>
      </trkpt>
      <trkpt lat="52.26203" lon="1.52103">
        <ele>0</ele>
        <time>2026-06-26T08:27:02.276Z</time>
        <name>1185</name>
        <extensions>
          <speed_mps>26.822</speed_mps>
          <speed_mph>60.0</speed_mph>
        </extensions>
      </trkpt>
      <trkpt lat="52.26189" lon="1.52152">
        <ele>0</ele>
        <time>2026-06-26T08:27:03.654Z</time>
        <name>1186</name>
        <extensions>
          <speed_mps>26.822</speed_mps>
          <speed_mph>60.0</speed_mph>
        </extensions>
      </trkpt>
      <trkpt lat="52.26175" lon="1.52202">
        <ele>0</ele>
        <time>2026-06-26T08:27:05.032Z</time>
        <name>1187</name>
        <extensions>
          <speed_mps>26.822</speed_mps>
          <speed_mph>60.0</speed_mph>
        </extensions>
      </trkpt>
      <trkpt lat="52.26161" lon="1.52251">
        <ele>0</ele>
        <time>2026-06-26T08:27:06.410Z</time>
        <name>1188</name>
        <extensions>
          <speed_mps>26.822</speed_mps>
          <speed_mph>60.0</speed_mph>
        </extensions>
      </trkpt>
      <trkpt lat="52.26143" lon="1.52296">
        <ele>0</ele>
        <time>2026-06-26T08:27:07.780Z</time>
        <name>1189</name>
        <extensions>
          <speed_mps>26.822</speed_mps>
          <speed_mph>60.0</speed_mph>
        </extensions>
      </trkpt>
      <trkpt lat="52.26123" lon="1.52340">
        <ele>0</ele>
        <time>2026-06-26T08:27:09.158Z</time>
        <name>1190</name>
        <extensions>
          <speed_mps>26.822</speed_mps>
          <speed_mph>60.0</speed_mph>
        </extensions>
      </trkpt>
      <trkpt lat="52.26104" lon="1.52385">
        <ele>0</ele>
        <time>2026-06-26T08:27:10.535Z</time>
        <name>1191</name>
        <extensions>
          <speed_mps>26.822</speed_mps>
          <speed_mph>60.0</speed_mph>
        </extensions>
      </trkpt>
      <trkpt lat="52.26086" lon="1.52430">
        <ele>0</ele>
        <time>2026-06-26T08:27:11.913Z</time>
        <name>1192</name>
        <extensions>
          <speed_mps>26.822</speed_mps>
          <speed_mph>60.0</speed_mph>
        </extensions>
      </trkpt>
      <trkpt lat="52.26068" lon="1.52475">
        <ele>0</ele>
        <time>2026-06-26T08:27:13.291Z</time>
        <name>1193</name>
        <extensions>
          <speed_mps>26.822</speed_mps>
          <speed_mph>60.0</speed_mph>
        </extensions>
      </trkpt>
      <trkpt lat="52.26049" lon="1.52520">
        <ele>0</ele>
        <time>2026-06-26T08:27:14.668Z</time>
        <name>1194</name>
        <extensions>
          <speed_mps>26.822</speed_mps>
          <speed_mph>60.0</speed_mph>
        </extensions>
      </trkpt>
      <trkpt lat="52.26033" lon="1.52567">
        <ele>0</ele>
        <time>2026-06-26T08:27:16.043Z</time>
        <name>1195</name>
        <extensions>
          <speed_mps>26.822</speed_mps>
          <speed_mph>60.0</speed_mph>
        </extensions>
      </trkpt>
      <trkpt lat="52.26019" lon="1.52617">
        <ele>0</ele>
        <time>2026-06-26T08:27:17.420Z</time>
        <name>1196</name>
        <extensions>
          <speed_mps>26.822</speed_mps>
          <speed_mph>60.0</speed_mph>
        </extensions>
      </trkpt>
      <trkpt lat="52.26005" lon="1.52666">
        <ele>0</ele>
        <time>2026-06-26T08:27:18.798Z</time>
        <name>1197</name>
        <extensions>
          <speed_mps>26.822</speed_mps>
          <speed_mph>60.0</speed_mph>
        </extensions>
      </trkpt>
      <trkpt lat="52.25991" lon="1.52715">
        <ele>0</ele>
        <time>2026-06-26T08:27:20.176Z</time>
        <name>1198</name>
        <extensions>
          <speed_mps>26.822</speed_mps>
          <speed_mph>60.0</speed_mph>
        </extensions>
      </trkpt>
      <trkpt lat="52.25977" lon="1.52765">
        <ele>0</ele>
        <time>2026-06-26T08:27:21.554Z</time>
        <name>1199</name>
        <extensions>
          <speed_mps>26.822</speed_mps>
          <speed_mph>60.0</speed_mph>
        </extensions>
      </trkpt>
      <trkpt lat="52.25964" lon="1.52815">
        <ele>0</ele>
        <time>2026-06-26T08:27:22.931Z</time>
        <name>1200</name>
        <extensions>
          <speed_mps>26.822</speed_mps>
          <speed_mph>60.0</speed_mph>
        </extensions>
      </trkpt>
      <trkpt lat="52.25951" lon="1.52864">
        <ele>0</ele>
        <time>2026-06-26T08:27:24.309Z</time>
        <name>1201</name>
        <extensions>
          <speed_mps>26.822</speed_mps>
          <speed_mph>60.0</speed_mph>
        </extensions>
      </trkpt>
      <trkpt lat="52.25936" lon="1.52913">
        <ele>0</ele>
        <time>2026-06-26T08:27:25.685Z</time>
        <name>1202</name>
        <extensions>
          <speed_mps>26.822</speed_mps>
          <speed_mph>60.0</speed_mph>
        </extensions>
      </trkpt>
      <trkpt lat="52.25917" lon="1.52957">
        <ele>0</ele>
        <time>2026-06-26T08:27:27.060Z</time>
        <name>1203</name>
        <extensions>
          <speed_mps>26.822</speed_mps>
          <speed_mph>60.0</speed_mph>
        </extensions>
      </trkpt>
      <trkpt lat="52.25895" lon="1.52999">
        <ele>0</ele>
        <time>2026-06-26T08:27:28.438Z</time>
        <name>1204</name>
        <extensions>
          <speed_mps>26.822</speed_mps>
          <speed_mph>60.0</speed_mph>
        </extensions>
      </trkpt>
      <trkpt lat="52.25873" lon="1.53038">
        <ele>0</ele>
        <time>2026-06-26T08:27:29.815Z</time>
        <name>1205</name>
        <extensions>
          <speed_mps>26.822</speed_mps>
          <speed_mph>60.0</speed_mph>
        </extensions>
      </trkpt>
      <trkpt lat="52.25849" lon="1.53076">
        <ele>0</ele>
        <time>2026-06-26T08:27:31.193Z</time>
        <name>1206</name>
        <extensions>
          <speed_mps>26.822</speed_mps>
          <speed_mph>60.0</speed_mph>
        </extensions>
      </trkpt>
      <trkpt lat="52.25826" lon="1.53116">
        <ele>0</ele>
        <time>2026-06-26T08:27:32.570Z</time>
        <name>1207</name>
        <extensions>
          <speed_mps>26.822</speed_mps>
          <speed_mph>60.0</speed_mph>
        </extensions>
      </trkpt>
      <trkpt lat="52.25806" lon="1.53159">
        <ele>0</ele>
        <time>2026-06-26T08:27:33.945Z</time>
        <name>1208</name>
        <extensions>
          <speed_mps>26.822</speed_mps>
          <speed_mph>60.0</speed_mph>
        </extensions>
      </trkpt>
      <trkpt lat="52.25787" lon="1.53204">
        <ele>0</ele>
        <time>2026-06-26T08:27:35.323Z</time>
        <name>1209</name>
        <extensions>
          <speed_mps>26.822</speed_mps>
          <speed_mph>60.0</speed_mph>
        </extensions>
      </trkpt>
      <trkpt lat="52.25768" lon="1.53248">
        <ele>0</ele>
        <time>2026-06-26T08:27:36.700Z</time>
        <name>1210</name>
        <extensions>
          <speed_mps>26.822</speed_mps>
          <speed_mph>60.0</speed_mph>
        </extensions>
      </trkpt>
      <trkpt lat="52.25747" lon="1.53290">
        <ele>0</ele>
        <time>2026-06-26T08:27:38.077Z</time>
        <name>1211</name>
        <extensions>
          <speed_mps>26.822</speed_mps>
          <speed_mph>60.0</speed_mph>
        </extensions>
      </trkpt>
      <trkpt lat="52.25725" lon="1.53330">
        <ele>0</ele>
        <time>2026-06-26T08:27:39.454Z</time>
        <name>1212</name>
        <extensions>
          <speed_mps>26.822</speed_mps>
          <speed_mph>60.0</speed_mph>
        </extensions>
      </trkpt>
      <trkpt lat="52.25702" lon="1.53369">
        <ele>0</ele>
        <time>2026-06-26T08:27:40.832Z</time>
        <name>1213</name>
        <extensions>
          <speed_mps>26.822</speed_mps>
          <speed_mph>60.0</speed_mph>
        </extensions>
      </trkpt>
      <trkpt lat="52.25678" lon="1.53407">
        <ele>0</ele>
        <time>2026-06-26T08:27:42.210Z</time>
        <name>1214</name>
        <extensions>
          <speed_mps>26.822</speed_mps>
          <speed_mph>60.0</speed_mph>
        </extensions>
      </trkpt>
      <trkpt lat="52.25654" lon="1.53445">
        <ele>0</ele>
        <time>2026-06-26T08:27:43.587Z</time>
        <name>1215</name>
        <extensions>
          <speed_mps>26.822</speed_mps>
          <speed_mph>60.0</speed_mph>
        </extensions>
      </trkpt>
      <trkpt lat="52.25632" lon="1.53486">
        <ele>0</ele>
        <time>2026-06-26T08:27:44.964Z</time>
        <name>1216</name>
        <extensions>
          <speed_mps>26.822</speed_mps>
          <speed_mph>60.0</speed_mph>
        </extensions>
      </trkpt>
      <trkpt lat="52.25614" lon="1.53531">
        <ele>0</ele>
        <time>2026-06-26T08:27:46.341Z</time>
        <name>1217</name>
        <extensions>
          <speed_mps>26.822</speed_mps>
          <speed_mph>60.0</speed_mph>
        </extensions>
      </trkpt>
      <trkpt lat="52.25601" lon="1.53581">
        <ele>0</ele>
        <time>2026-06-26T08:27:47.716Z</time>
        <name>1218</name>
        <extensions>
          <speed_mps>26.822</speed_mps>
          <speed_mph>60.0</speed_mph>
        </extensions>
      </trkpt>
      <trkpt lat="52.25591" lon="1.53633">
        <ele>0</ele>
        <time>2026-06-26T08:27:49.094Z</time>
        <name>1219</name>
        <extensions>
          <speed_mps>26.822</speed_mps>
          <speed_mph>60.0</speed_mph>
        </extensions>
      </trkpt>
      <trkpt lat="52.25581" lon="1.53684">
        <ele>0</ele>
        <time>2026-06-26T08:27:50.471Z</time>
        <name>1220</name>
        <extensions>
          <speed_mps>26.822</speed_mps>
          <speed_mph>60.0</speed_mph>
        </extensions>
      </trkpt>
      <trkpt lat="52.25567" lon="1.53734">
        <ele>0</ele>
        <time>2026-06-26T08:27:51.848Z</time>
        <name>1221</name>
        <extensions>
          <speed_mps>26.822</speed_mps>
          <speed_mph>60.0</speed_mph>
        </extensions>
      </trkpt>
      <trkpt lat="52.25552" lon="1.53782">
        <ele>0</ele>
        <time>2026-06-26T08:27:53.225Z</time>
        <name>1222</name>
        <extensions>
          <speed_mps>26.822</speed_mps>
          <speed_mph>60.0</speed_mph>
        </extensions>
      </trkpt>
      <trkpt lat="52.25534" lon="1.53828">
        <ele>0</ele>
        <time>2026-06-26T08:27:54.602Z</time>
        <name>1223</name>
        <extensions>
          <speed_mps>26.822</speed_mps>
          <speed_mph>60.0</speed_mph>
        </extensions>
      </trkpt>
      <trkpt lat="52.25514" lon="1.53871">
        <ele>0</ele>
        <time>2026-06-26T08:27:55.979Z</time>
        <name>1224</name>
        <extensions>
          <speed_mps>26.822</speed_mps>
          <speed_mph>60.0</speed_mph>
        </extensions>
      </trkpt>
      <trkpt lat="52.25491" lon="1.53910">
        <ele>0</ele>
        <time>2026-06-26T08:27:57.355Z</time>
        <name>1225</name>
        <extensions>
          <speed_mps>26.822</speed_mps>
          <speed_mph>60.0</speed_mph>
        </extensions>
      </trkpt>
      <trkpt lat="52.25466" lon="1.53946">
        <ele>0</ele>
        <time>2026-06-26T08:27:58.733Z</time>
        <name>1226</name>
        <extensions>
          <speed_mps>26.822</speed_mps>
          <speed_mph>60.0</speed_mph>
        </extensions>
      </trkpt>
      <trkpt lat="52.25441" lon="1.53982">
        <ele>0</ele>
        <time>2026-06-26T08:28:00.111Z</time>
        <name>1227</name>
        <extensions>
          <speed_mps>26.822</speed_mps>
          <speed_mph>60.0</speed_mph>
        </extensions>
      </trkpt>
      <trkpt lat="52.25415" lon="1.54014">
        <ele>0</ele>
        <time>2026-06-26T08:28:01.484Z</time>
        <name>1228</name>
        <extensions>
          <speed_mps>26.822</speed_mps>
          <speed_mph>60.0</speed_mph>
        </extensions>
      </trkpt>
      <trkpt lat="52.25384" lon="1.54033">
        <ele>0</ele>
        <time>2026-06-26T08:28:02.855Z</time>
        <name>1229</name>
        <extensions>
          <speed_mps>26.822</speed_mps>
          <speed_mph>60.0</speed_mph>
        </extensions>
      </trkpt>
      <trkpt lat="52.25350" lon="1.54036">
        <ele>0</ele>
        <time>2026-06-26T08:28:04.230Z</time>
        <name>1230</name>
        <extensions>
          <speed_mps>26.822</speed_mps>
          <speed_mph>60.0</speed_mph>
        </extensions>
      </trkpt>
      <trkpt lat="52.25317" lon="1.54033">
        <ele>0</ele>
        <time>2026-06-26T08:28:05.607Z</time>
        <name>1231</name>
        <extensions>
          <speed_mps>26.822</speed_mps>
          <speed_mph>60.0</speed_mph>
        </extensions>
      </trkpt>
      <trkpt lat="52.25284" lon="1.54029">
        <ele>0</ele>
        <time>2026-06-26T08:28:06.985Z</time>
        <name>1232</name>
        <extensions>
          <speed_mps>26.822</speed_mps>
          <speed_mph>60.0</speed_mph>
        </extensions>
      </trkpt>
      <trkpt lat="52.25252" lon="1.54018">
        <ele>0</ele>
        <time>2026-06-26T08:28:08.361Z</time>
        <name>1233</name>
        <extensions>
          <speed_mps>26.822</speed_mps>
          <speed_mph>60.0</speed_mph>
        </extensions>
      </trkpt>
      <trkpt lat="52.25219" lon="1.54005">
        <ele>0</ele>
        <time>2026-06-26T08:28:09.739Z</time>
        <name>1234</name>
        <extensions>
          <speed_mps>26.822</speed_mps>
          <speed_mph>60.0</speed_mph>
        </extensions>
      </trkpt>
      <trkpt lat="52.25187" lon="1.53998">
        <ele>0</ele>
        <time>2026-06-26T08:28:11.110Z</time>
        <name>1235</name>
        <extensions>
          <speed_mps>26.822</speed_mps>
          <speed_mph>60.0</speed_mph>
        </extensions>
      </trkpt>
      <trkpt lat="52.25155" lon="1.54016">
        <ele>0</ele>
        <time>2026-06-26T08:28:12.474Z</time>
        <name>1236</name>
        <extensions>
          <speed_mps>26.822</speed_mps>
          <speed_mph>60.0</speed_mph>
        </extensions>
      </trkpt>
      <trkpt lat="52.25135" lon="1.54057">
        <ele>0</ele>
        <time>2026-06-26T08:28:13.829Z</time>
        <name>1237</name>
        <extensions>
          <speed_mps>26.822</speed_mps>
          <speed_mph>60.0</speed_mph>
        </extensions>
      </trkpt>
      <trkpt lat="52.25122" lon="1.54107">
        <ele>0</ele>
        <time>2026-06-26T08:28:15.205Z</time>
        <name>1238</name>
        <extensions>
          <speed_mps>26.822</speed_mps>
          <speed_mph>60.0</speed_mph>
        </extensions>
      </trkpt>
      <trkpt lat="52.25111" lon="1.54158">
        <ele>0</ele>
        <time>2026-06-26T08:28:16.583Z</time>
        <name>1239</name>
        <extensions>
          <speed_mps>26.822</speed_mps>
          <speed_mph>60.0</speed_mph>
        </extensions>
      </trkpt>
      <trkpt lat="52.25100" lon="1.54209">
        <ele>0</ele>
        <time>2026-06-26T08:28:17.961Z</time>
        <name>1240</name>
        <extensions>
          <speed_mps>26.822</speed_mps>
          <speed_mph>60.0</speed_mph>
        </extensions>
      </trkpt>
      <trkpt lat="52.25088" lon="1.54261">
        <ele>0</ele>
        <time>2026-06-26T08:28:19.338Z</time>
        <name>1241</name>
        <extensions>
          <speed_mps>26.822</speed_mps>
          <speed_mph>60.0</speed_mph>
        </extensions>
      </trkpt>
      <trkpt lat="52.25079" lon="1.54312">
        <ele>0</ele>
        <time>2026-06-26T08:28:20.716Z</time>
        <name>1242</name>
        <extensions>
          <speed_mps>26.822</speed_mps>
          <speed_mph>60.0</speed_mph>
        </extensions>
      </trkpt>
      <trkpt lat="52.25070" lon="1.54365">
        <ele>0</ele>
        <time>2026-06-26T08:28:22.092Z</time>
        <name>1243</name>
        <extensions>
          <speed_mps>26.822</speed_mps>
          <speed_mph>60.0</speed_mph>
        </extensions>
      </trkpt>
      <trkpt lat="52.25066" lon="1.54419">
        <ele>0</ele>
        <time>2026-06-26T08:28:23.469Z</time>
        <name>1244</name>
        <extensions>
          <speed_mps>26.822</speed_mps>
          <speed_mph>60.0</speed_mph>
        </extensions>
      </trkpt>
      <trkpt lat="52.25061" lon="1.54472">
        <ele>0</ele>
        <time>2026-06-26T08:28:24.846Z</time>
        <name>1245</name>
        <extensions>
          <speed_mps>26.822</speed_mps>
          <speed_mph>60.0</speed_mph>
        </extensions>
      </trkpt>
      <trkpt lat="52.25054" lon="1.54525">
        <ele>0</ele>
        <time>2026-06-26T08:28:26.217Z</time>
        <name>1246</name>
        <extensions>
          <speed_mps>26.822</speed_mps>
          <speed_mph>60.0</speed_mph>
        </extensions>
      </trkpt>
      <trkpt lat="52.25041" lon="1.54575">
        <ele>0</ele>
        <time>2026-06-26T08:28:27.595Z</time>
        <name>1247</name>
        <extensions>
          <speed_mps>26.822</speed_mps>
          <speed_mph>60.0</speed_mph>
        </extensions>
      </trkpt>
      <trkpt lat="52.25029" lon="1.54626">
        <ele>0</ele>
        <time>2026-06-26T08:28:28.973Z</time>
        <name>1248</name>
        <extensions>
          <speed_mps>26.822</speed_mps>
          <speed_mph>60.0</speed_mph>
        </extensions>
      </trkpt>
      <trkpt lat="52.25016" lon="1.54675">
        <ele>0</ele>
        <time>2026-06-26T08:28:30.350Z</time>
        <name>1249</name>
        <extensions>
          <speed_mps>26.822</speed_mps>
          <speed_mph>60.0</speed_mph>
        </extensions>
      </trkpt>
      <trkpt lat="52.25001" lon="1.54725">
        <ele>0</ele>
        <time>2026-06-26T08:28:31.727Z</time>
        <name>1250</name>
        <extensions>
          <speed_mps>26.822</speed_mps>
          <speed_mph>60.0</speed_mph>
        </extensions>
      </trkpt>
      <trkpt lat="52.24983" lon="1.54770">
        <ele>0</ele>
        <time>2026-06-26T08:28:33.103Z</time>
        <name>1251</name>
        <extensions>
          <speed_mps>26.822</speed_mps>
          <speed_mph>60.0</speed_mph>
        </extensions>
      </trkpt>
      <trkpt lat="52.24963" lon="1.54813">
        <ele>0</ele>
        <time>2026-06-26T08:28:34.479Z</time>
        <name>1252</name>
        <extensions>
          <speed_mps>26.822</speed_mps>
          <speed_mph>60.0</speed_mph>
        </extensions>
      </trkpt>
      <trkpt lat="52.24941" lon="1.54853">
        <ele>0</ele>
        <time>2026-06-26T08:28:35.856Z</time>
        <name>1253</name>
        <extensions>
          <speed_mps>26.822</speed_mps>
          <speed_mph>60.0</speed_mph>
        </extensions>
      </trkpt>
      <trkpt lat="52.24919" lon="1.54894">
        <ele>0</ele>
        <time>2026-06-26T08:28:37.234Z</time>
        <name>1254</name>
        <extensions>
          <speed_mps>26.822</speed_mps>
          <speed_mph>60.0</speed_mph>
        </extensions>
      </trkpt>
      <trkpt lat="52.24896" lon="1.54934">
        <ele>0</ele>
        <time>2026-06-26T08:28:38.612Z</time>
        <name>1255</name>
        <extensions>
          <speed_mps>26.822</speed_mps>
          <speed_mph>60.0</speed_mph>
        </extensions>
      </trkpt>
      <trkpt lat="52.24875" lon="1.54975">
        <ele>0</ele>
        <time>2026-06-26T08:28:39.990Z</time>
        <name>1256</name>
        <extensions>
          <speed_mps>26.822</speed_mps>
          <speed_mph>60.0</speed_mph>
        </extensions>
      </trkpt>
      <trkpt lat="52.24853" lon="1.55017">
        <ele>0</ele>
        <time>2026-06-26T08:28:41.367Z</time>
        <name>1257</name>
        <extensions>
          <speed_mps>26.822</speed_mps>
          <speed_mph>60.0</speed_mph>
        </extensions>
      </trkpt>
      <trkpt lat="52.24834" lon="1.55061">
        <ele>0</ele>
        <time>2026-06-26T08:28:42.744Z</time>
        <name>1258</name>
        <extensions>
          <speed_mps>26.822</speed_mps>
          <speed_mph>60.0</speed_mph>
        </extensions>
      </trkpt>
      <trkpt lat="52.24813" lon="1.55103">
        <ele>0</ele>
        <time>2026-06-26T08:28:44.122Z</time>
        <name>1259</name>
        <extensions>
          <speed_mps>26.822</speed_mps>
          <speed_mph>60.0</speed_mph>
        </extensions>
      </trkpt>
      <trkpt lat="52.24790" lon="1.55142">
        <ele>0</ele>
        <time>2026-06-26T08:28:45.498Z</time>
        <name>1260</name>
        <extensions>
          <speed_mps>26.822</speed_mps>
          <speed_mph>60.0</speed_mph>
        </extensions>
      </trkpt>
      <trkpt lat="52.24765" lon="1.55178">
        <ele>0</ele>
        <time>2026-06-26T08:28:46.875Z</time>
        <name>1261</name>
        <extensions>
          <speed_mps>26.822</speed_mps>
          <speed_mph>60.0</speed_mph>
        </extensions>
      </trkpt>
      <trkpt lat="52.24740" lon="1.55213">
        <ele>0</ele>
        <time>2026-06-26T08:28:48.251Z</time>
        <name>1262</name>
        <extensions>
          <speed_mps>26.822</speed_mps>
          <speed_mph>60.0</speed_mph>
        </extensions>
      </trkpt>
      <trkpt lat="52.24716" lon="1.55251">
        <ele>0</ele>
        <time>2026-06-26T08:28:49.629Z</time>
        <name>1263</name>
        <extensions>
          <speed_mps>26.822</speed_mps>
          <speed_mph>60.0</speed_mph>
        </extensions>
      </trkpt>
      <trkpt lat="52.24691" lon="1.55287">
        <ele>0</ele>
        <time>2026-06-26T08:28:51.007Z</time>
        <name>1264</name>
        <extensions>
          <speed_mps>26.822</speed_mps>
          <speed_mph>60.0</speed_mph>
        </extensions>
      </trkpt>
      <trkpt lat="52.24667" lon="1.55323">
        <ele>0</ele>
        <time>2026-06-26T08:28:52.385Z</time>
        <name>1265</name>
        <extensions>
          <speed_mps>26.822</speed_mps>
          <speed_mph>60.0</speed_mph>
        </extensions>
      </trkpt>
      <trkpt lat="52.24642" lon="1.55360">
        <ele>0</ele>
        <time>2026-06-26T08:28:53.762Z</time>
        <name>1266</name>
        <extensions>
          <speed_mps>26.822</speed_mps>
          <speed_mph>60.0</speed_mph>
        </extensions>
      </trkpt>
      <trkpt lat="52.24618" lon="1.55398">
        <ele>0</ele>
        <time>2026-06-26T08:28:55.140Z</time>
        <name>1267</name>
        <extensions>
          <speed_mps>26.822</speed_mps>
          <speed_mph>60.0</speed_mph>
        </extensions>
      </trkpt>
      <trkpt lat="52.24596" lon="1.55438">
        <ele>0</ele>
        <time>2026-06-26T08:28:56.517Z</time>
        <name>1268</name>
        <extensions>
          <speed_mps>26.822</speed_mps>
          <speed_mph>60.0</speed_mph>
        </extensions>
      </trkpt>
      <trkpt lat="52.24576" lon="1.55481">
        <ele>0</ele>
        <time>2026-06-26T08:28:57.895Z</time>
        <name>1269</name>
        <extensions>
          <speed_mps>26.822</speed_mps>
          <speed_mph>60.0</speed_mph>
        </extensions>
      </trkpt>
      <trkpt lat="52.24555" lon="1.55523">
        <ele>0</ele>
        <time>2026-06-26T08:28:59.272Z</time>
        <name>1270</name>
        <extensions>
          <speed_mps>26.822</speed_mps>
          <speed_mph>60.0</speed_mph>
        </extensions>
      </trkpt>
      <trkpt lat="52.24536" lon="1.55568">
        <ele>0</ele>
        <time>2026-06-26T08:29:00.650Z</time>
        <name>1271</name>
        <extensions>
          <speed_mps>26.822</speed_mps>
          <speed_mph>60.0</speed_mph>
        </extensions>
      </trkpt>
      <trkpt lat="52.24518" lon="1.55614">
        <ele>0</ele>
        <time>2026-06-26T08:29:02.027Z</time>
        <name>1272</name>
        <extensions>
          <speed_mps>26.822</speed_mps>
          <speed_mph>60.0</speed_mph>
        </extensions>
      </trkpt>
      <trkpt lat="52.24501" lon="1.55660">
        <ele>0</ele>
        <time>2026-06-26T08:29:03.405Z</time>
        <name>1273</name>
        <extensions>
          <speed_mps>26.822</speed_mps>
          <speed_mph>60.0</speed_mph>
        </extensions>
      </trkpt>
      <trkpt lat="52.24484" lon="1.55706">
        <ele>0</ele>
        <time>2026-06-26T08:29:04.783Z</time>
        <name>1274</name>
        <extensions>
          <speed_mps>26.822</speed_mps>
          <speed_mph>60.0</speed_mph>
        </extensions>
      </trkpt>
      <trkpt lat="52.24468" lon="1.55754">
        <ele>0</ele>
        <time>2026-06-26T08:29:06.160Z</time>
        <name>1275</name>
        <extensions>
          <speed_mps>26.822</speed_mps>
          <speed_mph>60.0</speed_mph>
        </extensions>
      </trkpt>
      <trkpt lat="52.24452" lon="1.55802">
        <ele>0</ele>
        <time>2026-06-26T08:29:07.538Z</time>
        <name>1276</name>
        <extensions>
          <speed_mps>26.822</speed_mps>
          <speed_mph>60.0</speed_mph>
        </extensions>
      </trkpt>
      <trkpt lat="52.24435" lon="1.55848">
        <ele>0</ele>
        <time>2026-06-26T08:29:08.916Z</time>
        <name>1277</name>
        <extensions>
          <speed_mps>26.822</speed_mps>
          <speed_mph>60.0</speed_mph>
        </extensions>
      </trkpt>
      <trkpt lat="52.24417" lon="1.55894">
        <ele>0</ele>
        <time>2026-06-26T08:29:10.293Z</time>
        <name>1278</name>
        <extensions>
          <speed_mps>26.822</speed_mps>
          <speed_mph>60.0</speed_mph>
        </extensions>
      </trkpt>
      <trkpt lat="52.24398" lon="1.55938">
        <ele>0</ele>
        <time>2026-06-26T08:29:11.669Z</time>
        <name>1279</name>
        <extensions>
          <speed_mps>26.822</speed_mps>
          <speed_mph>60.0</speed_mph>
        </extensions>
      </trkpt>
      <trkpt lat="52.24382" lon="1.55986">
        <ele>0</ele>
        <time>2026-06-26T08:29:13.044Z</time>
        <name>1280</name>
        <extensions>
          <speed_mps>26.822</speed_mps>
          <speed_mph>60.0</speed_mph>
        </extensions>
      </trkpt>
      <trkpt lat="52.24367" lon="1.56035">
        <ele>0</ele>
        <time>2026-06-26T08:29:14.421Z</time>
        <name>1281</name>
        <extensions>
          <speed_mps>26.822</speed_mps>
          <speed_mph>60.0</speed_mph>
        </extensions>
      </trkpt>
      <trkpt lat="52.24353" lon="1.56084">
        <ele>0</ele>
        <time>2026-06-26T08:29:15.799Z</time>
        <name>1282</name>
        <extensions>
          <speed_mps>26.822</speed_mps>
          <speed_mph>60.0</speed_mph>
        </extensions>
      </trkpt>
      <trkpt lat="52.24339" lon="1.56132">
        <ele>0</ele>
        <time>2026-06-26T08:29:17.177Z</time>
        <name>1283</name>
        <extensions>
          <speed_mps>26.822</speed_mps>
          <speed_mph>60.0</speed_mph>
        </extensions>
      </trkpt>
      <trkpt lat="52.24324" lon="1.56182">
        <ele>0</ele>
        <time>2026-06-26T08:29:18.554Z</time>
        <name>1284</name>
        <extensions>
          <speed_mps>26.822</speed_mps>
          <speed_mph>60.0</speed_mph>
        </extensions>
      </trkpt>
      <trkpt lat="52.24318" lon="1.56227">
        <ele>0</ele>
        <time>2026-06-26T08:29:19.746Z</time>
        <name>1285</name>
        <extensions>
          <speed_mps>26.822</speed_mps>
          <speed_mph>60.0</speed_mph>
        </extensions>
      </trkpt>
      <trkpt lat="52.24342" lon="1.56262">
        <ele>0</ele>
        <time>2026-06-26T08:29:21.094Z</time>
        <name>1286</name>
        <extensions>
          <speed_mps>26.822</speed_mps>
          <speed_mph>60.0</speed_mph>
        </extensions>
      </trkpt>
      <trkpt lat="52.24369" lon="1.56294">
        <ele>0</ele>
        <time>2026-06-26T08:29:22.466Z</time>
        <name>1287</name>
        <extensions>
          <speed_mps>26.822</speed_mps>
          <speed_mph>60.0</speed_mph>
        </extensions>
      </trkpt>
      <trkpt lat="52.24396" lon="1.56325">
        <ele>0</ele>
        <time>2026-06-26T08:29:23.836Z</time>
        <name>1288</name>
        <extensions>
          <speed_mps>26.822</speed_mps>
          <speed_mph>60.0</speed_mph>
        </extensions>
      </trkpt>
      <trkpt lat="52.24420" lon="1.56363">
        <ele>0</ele>
        <time>2026-06-26T08:29:25.213Z</time>
        <name>1289</name>
        <extensions>
          <speed_mps>26.822</speed_mps>
          <speed_mph>60.0</speed_mph>
        </extensions>
      </trkpt>
      <trkpt lat="52.24443" lon="1.56402">
        <ele>0</ele>
        <time>2026-06-26T08:29:26.591Z</time>
        <name>1290</name>
        <extensions>
          <speed_mps>26.822</speed_mps>
          <speed_mph>60.0</speed_mph>
        </extensions>
      </trkpt>
      <trkpt lat="52.24466" lon="1.56442">
        <ele>0</ele>
        <time>2026-06-26T08:29:27.969Z</time>
        <name>1291</name>
        <extensions>
          <speed_mps>26.822</speed_mps>
          <speed_mph>60.0</speed_mph>
        </extensions>
      </trkpt>
      <trkpt lat="52.24489" lon="1.56481">
        <ele>0</ele>
        <time>2026-06-26T08:29:29.347Z</time>
        <name>1292</name>
        <extensions>
          <speed_mps>26.822</speed_mps>
          <speed_mph>60.0</speed_mph>
        </extensions>
      </trkpt>
      <trkpt lat="52.24511" lon="1.56521">
        <ele>0</ele>
        <time>2026-06-26T08:29:30.724Z</time>
        <name>1293</name>
        <extensions>
          <speed_mps>26.822</speed_mps>
          <speed_mph>60.0</speed_mph>
        </extensions>
      </trkpt>
      <trkpt lat="52.24531" lon="1.56565">
        <ele>0</ele>
        <time>2026-06-26T08:29:32.099Z</time>
        <name>1294</name>
        <extensions>
          <speed_mps>26.822</speed_mps>
          <speed_mph>60.0</speed_mph>
        </extensions>
      </trkpt>
      <trkpt lat="52.24549" lon="1.56610">
        <ele>0</ele>
        <time>2026-06-26T08:29:33.477Z</time>
        <name>1295</name>
        <extensions>
          <speed_mps>26.822</speed_mps>
          <speed_mph>60.0</speed_mph>
        </extensions>
      </trkpt>
      <trkpt lat="52.24568" lon="1.56655">
        <ele>0</ele>
        <time>2026-06-26T08:29:34.854Z</time>
        <name>1296</name>
        <extensions>
          <speed_mps>26.822</speed_mps>
          <speed_mph>60.0</speed_mph>
        </extensions>
      </trkpt>
      <trkpt lat="52.24573" lon="1.56695">
        <ele>0</ele>
        <time>2026-06-26T08:29:35.903Z</time>
        <name>1297</name>
        <extensions>
          <speed_mps>26.822</speed_mps>
          <speed_mph>60.0</speed_mph>
        </extensions>
      </trkpt>
      <trkpt lat="52.24543" lon="1.56718">
        <ele>0</ele>
        <time>2026-06-26T08:29:37.281Z</time>
        <name>1298</name>
        <extensions>
          <speed_mps>26.822</speed_mps>
          <speed_mph>60.0</speed_mph>
        </extensions>
      </trkpt>
      <trkpt lat="52.24513" lon="1.56741">
        <ele>0</ele>
        <time>2026-06-26T08:29:38.659Z</time>
        <name>1299</name>
        <extensions>
          <speed_mps>26.822</speed_mps>
          <speed_mph>60.0</speed_mph>
        </extensions>
      </trkpt>
      <trkpt lat="52.24483" lon="1.56764">
        <ele>0</ele>
        <time>2026-06-26T08:29:40.037Z</time>
        <name>1300</name>
        <extensions>
          <speed_mps>26.822</speed_mps>
          <speed_mph>60.0</speed_mph>
        </extensions>
      </trkpt>
      <trkpt lat="52.24453" lon="1.56787">
        <ele>0</ele>
        <time>2026-06-26T08:29:41.414Z</time>
        <name>1301</name>
        <extensions>
          <speed_mps>26.822</speed_mps>
          <speed_mph>60.0</speed_mph>
        </extensions>
      </trkpt>
      <trkpt lat="52.24422" lon="1.56809">
        <ele>0</ele>
        <time>2026-06-26T08:29:42.791Z</time>
        <name>1302</name>
        <extensions>
          <speed_mps>26.822</speed_mps>
          <speed_mph>60.0</speed_mph>
        </extensions>
      </trkpt>
      <trkpt lat="52.24392" lon="1.56832">
        <ele>0</ele>
        <time>2026-06-26T08:29:44.169Z</time>
        <name>1303</name>
        <extensions>
          <speed_mps>26.822</speed_mps>
          <speed_mph>60.0</speed_mph>
        </extensions>
      </trkpt>
      <trkpt lat="52.24362" lon="1.56855">
        <ele>0</ele>
        <time>2026-06-26T08:29:45.547Z</time>
        <name>1304</name>
        <extensions>
          <speed_mps>26.822</speed_mps>
          <speed_mph>60.0</speed_mph>
        </extensions>
      </trkpt>
      <trkpt lat="52.24332" lon="1.56878">
        <ele>0</ele>
        <time>2026-06-26T08:29:46.924Z</time>
        <name>1305</name>
        <extensions>
          <speed_mps>26.822</speed_mps>
          <speed_mph>60.0</speed_mph>
        </extensions>
      </trkpt>
      <trkpt lat="52.24300" lon="1.56893">
        <ele>0</ele>
        <time>2026-06-26T08:29:48.297Z</time>
        <name>1306</name>
        <extensions>
          <speed_mps>26.822</speed_mps>
          <speed_mph>60.0</speed_mph>
        </extensions>
      </trkpt>
      <trkpt lat="52.24267" lon="1.56902">
        <ele>0</ele>
        <time>2026-06-26T08:29:49.675Z</time>
        <name>1307</name>
        <extensions>
          <speed_mps>26.822</speed_mps>
          <speed_mph>60.0</speed_mph>
        </extensions>
      </trkpt>
      <trkpt lat="52.24235" lon="1.56910">
        <ele>0</ele>
        <time>2026-06-26T08:29:51.053Z</time>
        <name>1308</name>
        <extensions>
          <speed_mps>26.822</speed_mps>
          <speed_mph>60.0</speed_mph>
        </extensions>
      </trkpt>
      <trkpt lat="52.24209" lon="1.56897">
        <ele>0</ele>
        <time>2026-06-26T08:29:52.160Z</time>
        <name>1309</name>
        <extensions>
          <speed_mps>26.822</speed_mps>
          <speed_mph>60.0</speed_mph>
        </extensions>
      </trkpt>
      <trkpt lat="52.24197" lon="1.56846">
        <ele>0</ele>
        <time>2026-06-26T08:29:53.538Z</time>
        <name>1310</name>
        <extensions>
          <speed_mps>26.822</speed_mps>
          <speed_mph>60.0</speed_mph>
        </extensions>
      </trkpt>
      <trkpt lat="52.24185" lon="1.56796">
        <ele>0</ele>
        <time>2026-06-26T08:29:54.915Z</time>
        <name>1311</name>
        <extensions>
          <speed_mps>26.822</speed_mps>
          <speed_mph>60.0</speed_mph>
        </extensions>
      </trkpt>
      <trkpt lat="52.24173" lon="1.56745">
        <ele>0</ele>
        <time>2026-06-26T08:29:56.293Z</time>
        <name>1312</name>
        <extensions>
          <speed_mps>26.822</speed_mps>
          <speed_mph>60.0</speed_mph>
        </extensions>
      </trkpt>
      <trkpt lat="52.24161" lon="1.56695">
        <ele>0</ele>
        <time>2026-06-26T08:29:57.671Z</time>
        <name>1313</name>
        <extensions>
          <speed_mps>26.822</speed_mps>
          <speed_mph>60.0</speed_mph>
        </extensions>
      </trkpt>
      <trkpt lat="52.24149" lon="1.56644">
        <ele>0</ele>
        <time>2026-06-26T08:29:59.049Z</time>
        <name>1314</name>
        <extensions>
          <speed_mps>26.822</speed_mps>
          <speed_mph>60.0</speed_mph>
        </extensions>
      </trkpt>
      <trkpt lat="52.24137" lon="1.56593">
        <ele>0</ele>
        <time>2026-06-26T08:30:00.426Z</time>
        <name>1315</name>
        <extensions>
          <speed_mps>26.822</speed_mps>
          <speed_mph>60.0</speed_mph>
        </extensions>
      </trkpt>
      <trkpt lat="52.24119" lon="1.56570">
        <ele>0</ele>
        <time>2026-06-26T08:30:01.371Z</time>
        <name>1316</name>
        <extensions>
          <speed_mps>26.822</speed_mps>
          <speed_mph>60.0</speed_mph>
        </extensions>
      </trkpt>
      <trkpt lat="52.24091" lon="1.56598">
        <ele>0</ele>
        <time>2026-06-26T08:30:02.749Z</time>
        <name>1317</name>
        <extensions>
          <speed_mps>26.822</speed_mps>
          <speed_mph>60.0</speed_mph>
        </extensions>
      </trkpt>
      <trkpt lat="52.24061" lon="1.56622">
        <ele>0</ele>
        <time>2026-06-26T08:30:04.125Z</time>
        <name>1318</name>
        <extensions>
          <speed_mps>26.822</speed_mps>
          <speed_mph>60.0</speed_mph>
        </extensions>
      </trkpt>
      <trkpt lat="52.24031" lon="1.56646">
        <ele>0</ele>
        <time>2026-06-26T08:30:05.501Z</time>
        <name>1319</name>
        <extensions>
          <speed_mps>26.822</speed_mps>
          <speed_mph>60.0</speed_mph>
        </extensions>
      </trkpt>
      <trkpt lat="52.24000" lon="1.56662">
        <ele>0</ele>
        <time>2026-06-26T08:30:06.878Z</time>
        <name>1320</name>
        <extensions>
          <speed_mps>26.822</speed_mps>
          <speed_mph>60.0</speed_mph>
        </extensions>
      </trkpt>
      <trkpt lat="52.23967" lon="1.56672">
        <ele>0</ele>
        <time>2026-06-26T08:30:08.254Z</time>
        <name>1321</name>
        <extensions>
          <speed_mps>26.822</speed_mps>
          <speed_mph>60.0</speed_mph>
        </extensions>
      </trkpt>
      <trkpt lat="52.23934" lon="1.56679">
        <ele>0</ele>
        <time>2026-06-26T08:30:09.632Z</time>
        <name>1322</name>
        <extensions>
          <speed_mps>26.822</speed_mps>
          <speed_mph>60.0</speed_mph>
        </extensions>
      </trkpt>
      <trkpt lat="52.23901" lon="1.56685">
        <ele>0</ele>
        <time>2026-06-26T08:30:11.010Z</time>
        <name>1323</name>
        <extensions>
          <speed_mps>26.822</speed_mps>
          <speed_mph>60.0</speed_mph>
        </extensions>
      </trkpt>
      <trkpt lat="52.23868" lon="1.56690">
        <ele>0</ele>
        <time>2026-06-26T08:30:12.387Z</time>
        <name>1324</name>
        <extensions>
          <speed_mps>26.822</speed_mps>
          <speed_mph>60.0</speed_mph>
        </extensions>
      </trkpt>
      <trkpt lat="52.23835" lon="1.56696">
        <ele>0</ele>
        <time>2026-06-26T08:30:13.764Z</time>
        <name>1325</name>
        <extensions>
          <speed_mps>26.822</speed_mps>
          <speed_mph>60.0</speed_mph>
        </extensions>
      </trkpt>
      <trkpt lat="52.23802" lon="1.56704">
        <ele>0</ele>
        <time>2026-06-26T08:30:15.141Z</time>
        <name>1326</name>
        <extensions>
          <speed_mps>26.822</speed_mps>
          <speed_mph>60.0</speed_mph>
        </extensions>
      </trkpt>
      <trkpt lat="52.23772" lon="1.56726">
        <ele>0</ele>
        <time>2026-06-26T08:30:16.506Z</time>
        <name>1327</name>
        <extensions>
          <speed_mps>26.822</speed_mps>
          <speed_mph>60.0</speed_mph>
        </extensions>
      </trkpt>
      <trkpt lat="52.23746" lon="1.56759">
        <ele>0</ele>
        <time>2026-06-26T08:30:17.882Z</time>
        <name>1328</name>
        <extensions>
          <speed_mps>26.822</speed_mps>
          <speed_mph>60.0</speed_mph>
        </extensions>
      </trkpt>
      <trkpt lat="52.23722" lon="1.56797">
        <ele>0</ele>
        <time>2026-06-26T08:30:19.259Z</time>
        <name>1329</name>
        <extensions>
          <speed_mps>26.822</speed_mps>
          <speed_mph>60.0</speed_mph>
        </extensions>
      </trkpt>
      <trkpt lat="52.23700" lon="1.56838">
        <ele>0</ele>
        <time>2026-06-26T08:30:20.637Z</time>
        <name>1330</name>
        <extensions>
          <speed_mps>26.822</speed_mps>
          <speed_mph>60.0</speed_mph>
        </extensions>
      </trkpt>
      <trkpt lat="52.23678" lon="1.56878">
        <ele>0</ele>
        <time>2026-06-26T08:30:22.014Z</time>
        <name>1331</name>
        <extensions>
          <speed_mps>26.822</speed_mps>
          <speed_mph>60.0</speed_mph>
        </extensions>
      </trkpt>
      <trkpt lat="52.23654" lon="1.56915">
        <ele>0</ele>
        <time>2026-06-26T08:30:23.392Z</time>
        <name>1332</name>
        <extensions>
          <speed_mps>26.822</speed_mps>
          <speed_mph>60.0</speed_mph>
        </extensions>
      </trkpt>
      <trkpt lat="52.23628" lon="1.56950">
        <ele>0</ele>
        <time>2026-06-26T08:30:24.768Z</time>
        <name>1333</name>
        <extensions>
          <speed_mps>26.822</speed_mps>
          <speed_mph>60.0</speed_mph>
        </extensions>
      </trkpt>
      <trkpt lat="52.23601" lon="1.56982">
        <ele>0</ele>
        <time>2026-06-26T08:30:26.145Z</time>
        <name>1334</name>
        <extensions>
          <speed_mps>26.822</speed_mps>
          <speed_mph>60.0</speed_mph>
        </extensions>
      </trkpt>
      <trkpt lat="52.23574" lon="1.57013">
        <ele>0</ele>
        <time>2026-06-26T08:30:27.523Z</time>
        <name>1335</name>
        <extensions>
          <speed_mps>26.822</speed_mps>
          <speed_mph>60.0</speed_mph>
        </extensions>
      </trkpt>
      <trkpt lat="52.23547" lon="1.57045">
        <ele>0</ele>
        <time>2026-06-26T08:30:28.900Z</time>
        <name>1336</name>
        <extensions>
          <speed_mps>26.822</speed_mps>
          <speed_mph>60.0</speed_mph>
        </extensions>
      </trkpt>
      <trkpt lat="52.23520" lon="1.57076">
        <ele>0</ele>
        <time>2026-06-26T08:30:30.278Z</time>
        <name>1337</name>
        <extensions>
          <speed_mps>26.822</speed_mps>
          <speed_mph>60.0</speed_mph>
        </extensions>
      </trkpt>
      <trkpt lat="52.23492" lon="1.57106">
        <ele>0</ele>
        <time>2026-06-26T08:30:31.655Z</time>
        <name>1338</name>
        <extensions>
          <speed_mps>26.822</speed_mps>
          <speed_mph>60.0</speed_mph>
        </extensions>
      </trkpt>
      <trkpt lat="52.23464" lon="1.57135">
        <ele>0</ele>
        <time>2026-06-26T08:30:33.033Z</time>
        <name>1339</name>
        <extensions>
          <speed_mps>26.822</speed_mps>
          <speed_mph>60.0</speed_mph>
        </extensions>
      </trkpt>
      <trkpt lat="52.23435" lon="1.57162">
        <ele>0</ele>
        <time>2026-06-26T08:30:34.411Z</time>
        <name>1340</name>
        <extensions>
          <speed_mps>26.822</speed_mps>
          <speed_mph>60.0</speed_mph>
        </extensions>
      </trkpt>
      <trkpt lat="52.23406" lon="1.57189">
        <ele>0</ele>
        <time>2026-06-26T08:30:35.788Z</time>
        <name>1341</name>
        <extensions>
          <speed_mps>26.822</speed_mps>
          <speed_mph>60.0</speed_mph>
        </extensions>
      </trkpt>
      <trkpt lat="52.23377" lon="1.57214">
        <ele>0</ele>
        <time>2026-06-26T08:30:37.165Z</time>
        <name>1342</name>
        <extensions>
          <speed_mps>26.822</speed_mps>
          <speed_mph>60.0</speed_mph>
        </extensions>
      </trkpt>
      <trkpt lat="52.23347" lon="1.57236">
        <ele>0</ele>
        <time>2026-06-26T08:30:38.543Z</time>
        <name>1343</name>
        <extensions>
          <speed_mps>26.822</speed_mps>
          <speed_mph>60.0</speed_mph>
        </extensions>
      </trkpt>
      <trkpt lat="52.23316" lon="1.57259">
        <ele>0</ele>
        <time>2026-06-26T08:30:39.921Z</time>
        <name>1344</name>
        <extensions>
          <speed_mps>26.822</speed_mps>
          <speed_mph>60.0</speed_mph>
        </extensions>
      </trkpt>
      <trkpt lat="52.23286" lon="1.57281">
        <ele>0</ele>
        <time>2026-06-26T08:30:41.299Z</time>
        <name>1345</name>
        <extensions>
          <speed_mps>26.822</speed_mps>
          <speed_mph>60.0</speed_mph>
        </extensions>
      </trkpt>
      <trkpt lat="52.23256" lon="1.57304">
        <ele>0</ele>
        <time>2026-06-26T08:30:42.676Z</time>
        <name>1346</name>
        <extensions>
          <speed_mps>26.822</speed_mps>
          <speed_mph>60.0</speed_mph>
        </extensions>
      </trkpt>
      <trkpt lat="52.23227" lon="1.57329">
        <ele>0</ele>
        <time>2026-06-26T08:30:44.054Z</time>
        <name>1347</name>
        <extensions>
          <speed_mps>26.822</speed_mps>
          <speed_mph>60.0</speed_mph>
        </extensions>
      </trkpt>
      <trkpt lat="52.23198" lon="1.57356">
        <ele>0</ele>
        <time>2026-06-26T08:30:45.431Z</time>
        <name>1348</name>
        <extensions>
          <speed_mps>26.822</speed_mps>
          <speed_mph>60.0</speed_mph>
        </extensions>
      </trkpt>
      <trkpt lat="52.23170" lon="1.57386">
        <ele>0</ele>
        <time>2026-06-26T08:30:46.808Z</time>
        <name>1349</name>
        <extensions>
          <speed_mps>26.822</speed_mps>
          <speed_mph>60.0</speed_mph>
        </extensions>
      </trkpt>
      <trkpt lat="52.23141" lon="1.57412">
        <ele>0</ele>
        <time>2026-06-26T08:30:48.185Z</time>
        <name>1350</name>
        <extensions>
          <speed_mps>26.822</speed_mps>
          <speed_mph>60.0</speed_mph>
        </extensions>
      </trkpt>
      <trkpt lat="52.23110" lon="1.57433">
        <ele>0</ele>
        <time>2026-06-26T08:30:49.553Z</time>
        <name>1351</name>
        <extensions>
          <speed_mps>26.822</speed_mps>
          <speed_mph>60.0</speed_mph>
        </extensions>
      </trkpt>
      <trkpt lat="52.23079" lon="1.57447">
        <ele>0</ele>
        <time>2026-06-26T08:30:50.928Z</time>
        <name>1352</name>
        <extensions>
          <speed_mps>26.822</speed_mps>
          <speed_mph>60.0</speed_mph>
        </extensions>
      </trkpt>
      <trkpt lat="52.23048" lon="1.57467">
        <ele>0</ele>
        <time>2026-06-26T08:30:52.306Z</time>
        <name>1353</name>
        <extensions>
          <speed_mps>26.822</speed_mps>
          <speed_mph>60.0</speed_mph>
        </extensions>
      </trkpt>
      <trkpt lat="52.23019" lon="1.57494">
        <ele>0</ele>
        <time>2026-06-26T08:30:53.683Z</time>
        <name>1354</name>
        <extensions>
          <speed_mps>26.822</speed_mps>
          <speed_mph>60.0</speed_mph>
        </extensions>
      </trkpt>
      <trkpt lat="52.22992" lon="1.57527">
        <ele>0</ele>
        <time>2026-06-26T08:30:55.061Z</time>
        <name>1355</name>
        <extensions>
          <speed_mps>26.822</speed_mps>
          <speed_mph>60.0</speed_mph>
        </extensions>
      </trkpt>
      <trkpt lat="52.22967" lon="1.57563">
        <ele>0</ele>
        <time>2026-06-26T08:30:56.437Z</time>
        <name>1356</name>
        <extensions>
          <speed_mps>26.822</speed_mps>
          <speed_mph>60.0</speed_mph>
        </extensions>
      </trkpt>
      <trkpt lat="52.22943" lon="1.57599">
        <ele>0</ele>
        <time>2026-06-26T08:30:57.815Z</time>
        <name>1357</name>
        <extensions>
          <speed_mps>26.822</speed_mps>
          <speed_mph>60.0</speed_mph>
        </extensions>
      </trkpt>
      <trkpt lat="52.22920" lon="1.57639">
        <ele>0</ele>
        <time>2026-06-26T08:30:59.192Z</time>
        <name>1358</name>
        <extensions>
          <speed_mps>26.822</speed_mps>
          <speed_mph>60.0</speed_mph>
        </extensions>
      </trkpt>
      <trkpt lat="52.22898" lon="1.57679">
        <ele>0</ele>
        <time>2026-06-26T08:31:00.570Z</time>
        <name>1359</name>
        <extensions>
          <speed_mps>26.822</speed_mps>
          <speed_mph>60.0</speed_mph>
        </extensions>
      </trkpt>
      <trkpt lat="52.22877" lon="1.57722">
        <ele>0</ele>
        <time>2026-06-26T08:31:01.947Z</time>
        <name>1360</name>
        <extensions>
          <speed_mps>26.822</speed_mps>
          <speed_mph>60.0</speed_mph>
        </extensions>
      </trkpt>
      <trkpt lat="52.22857" lon="1.57765">
        <ele>0</ele>
        <time>2026-06-26T08:31:03.325Z</time>
        <name>1361</name>
        <extensions>
          <speed_mps>26.822</speed_mps>
          <speed_mph>60.0</speed_mph>
        </extensions>
      </trkpt>
      <trkpt lat="52.22836" lon="1.57808">
        <ele>0</ele>
        <time>2026-06-26T08:31:04.703Z</time>
        <name>1362</name>
        <extensions>
          <speed_mps>26.822</speed_mps>
          <speed_mph>60.0</speed_mph>
        </extensions>
      </trkpt>
      <trkpt lat="52.22815" lon="1.57848">
        <ele>0</ele>
        <time>2026-06-26T08:31:06.079Z</time>
        <name>1363</name>
        <extensions>
          <speed_mps>26.822</speed_mps>
          <speed_mph>60.0</speed_mph>
        </extensions>
      </trkpt>
      <trkpt lat="52.22790" lon="1.57885">
        <ele>0</ele>
        <time>2026-06-26T08:31:07.456Z</time>
        <name>1364</name>
        <extensions>
          <speed_mps>26.822</speed_mps>
          <speed_mph>60.0</speed_mph>
        </extensions>
      </trkpt>
      <trkpt lat="52.22765" lon="1.57921">
        <ele>0</ele>
        <time>2026-06-26T08:31:08.834Z</time>
        <name>1365</name>
        <extensions>
          <speed_mps>26.822</speed_mps>
          <speed_mph>60.0</speed_mph>
        </extensions>
      </trkpt>
      <trkpt lat="52.22740" lon="1.57957">
        <ele>0</ele>
        <time>2026-06-26T08:31:10.212Z</time>
        <name>1366</name>
        <extensions>
          <speed_mps>26.822</speed_mps>
          <speed_mph>60.0</speed_mph>
        </extensions>
      </trkpt>
      <trkpt lat="52.22716" lon="1.57994">
        <ele>0</ele>
        <time>2026-06-26T08:31:11.589Z</time>
        <name>1367</name>
        <extensions>
          <speed_mps>26.822</speed_mps>
          <speed_mph>60.0</speed_mph>
        </extensions>
      </trkpt>
      <trkpt lat="52.22692" lon="1.58031">
        <ele>0</ele>
        <time>2026-06-26T08:31:12.967Z</time>
        <name>1368</name>
        <extensions>
          <speed_mps>26.822</speed_mps>
          <speed_mph>60.0</speed_mph>
        </extensions>
      </trkpt>
      <trkpt lat="52.22668" lon="1.58069">
        <ele>0</ele>
        <time>2026-06-26T08:31:14.344Z</time>
        <name>1369</name>
        <extensions>
          <speed_mps>26.822</speed_mps>
          <speed_mph>60.0</speed_mph>
        </extensions>
      </trkpt>
      <trkpt lat="52.22643" lon="1.58105">
        <ele>0</ele>
        <time>2026-06-26T08:31:15.721Z</time>
        <name>1370</name>
        <extensions>
          <speed_mps>26.822</speed_mps>
          <speed_mph>60.0</speed_mph>
        </extensions>
      </trkpt>
      <trkpt lat="52.22617" lon="1.58138">
        <ele>0</ele>
        <time>2026-06-26T08:31:17.097Z</time>
        <name>1371</name>
        <extensions>
          <speed_mps>26.822</speed_mps>
          <speed_mph>60.0</speed_mph>
        </extensions>
      </trkpt>
      <trkpt lat="52.22589" lon="1.58168">
        <ele>0</ele>
        <time>2026-06-26T08:31:18.475Z</time>
        <name>1372</name>
        <extensions>
          <speed_mps>26.822</speed_mps>
          <speed_mph>60.0</speed_mph>
        </extensions>
      </trkpt>
      <trkpt lat="52.22561" lon="1.58196">
        <ele>0</ele>
        <time>2026-06-26T08:31:19.851Z</time>
        <name>1373</name>
        <extensions>
          <speed_mps>26.822</speed_mps>
          <speed_mph>60.0</speed_mph>
        </extensions>
      </trkpt>
      <trkpt lat="52.22531" lon="1.58220">
        <ele>0</ele>
        <time>2026-06-26T08:31:21.229Z</time>
        <name>1374</name>
        <extensions>
          <speed_mps>26.822</speed_mps>
          <speed_mph>60.0</speed_mph>
        </extensions>
      </trkpt>
      <trkpt lat="52.22501" lon="1.58243">
        <ele>0</ele>
        <time>2026-06-26T08:31:22.606Z</time>
        <name>1375</name>
        <extensions>
          <speed_mps>26.822</speed_mps>
          <speed_mph>60.0</speed_mph>
        </extensions>
      </trkpt>
      <trkpt lat="52.22471" lon="1.58267">
        <ele>0</ele>
        <time>2026-06-26T08:31:23.984Z</time>
        <name>1376</name>
        <extensions>
          <speed_mps>26.822</speed_mps>
          <speed_mph>60.0</speed_mph>
        </extensions>
      </trkpt>
      <trkpt lat="52.22441" lon="1.58290">
        <ele>0</ele>
        <time>2026-06-26T08:31:25.362Z</time>
        <name>1377</name>
        <extensions>
          <speed_mps>26.822</speed_mps>
          <speed_mph>60.0</speed_mph>
        </extensions>
      </trkpt>
      <trkpt lat="52.22410" lon="1.58309">
        <ele>0</ele>
        <time>2026-06-26T08:31:26.738Z</time>
        <name>1378</name>
        <extensions>
          <speed_mps>26.822</speed_mps>
          <speed_mph>60.0</speed_mph>
        </extensions>
      </trkpt>
      <trkpt lat="52.22377" lon="1.58319">
        <ele>0</ele>
        <time>2026-06-26T08:31:28.112Z</time>
        <name>1379</name>
        <extensions>
          <speed_mps>26.822</speed_mps>
          <speed_mph>60.0</speed_mph>
        </extensions>
      </trkpt>
      <trkpt lat="52.22344" lon="1.58323">
        <ele>0</ele>
        <time>2026-06-26T08:31:29.488Z</time>
        <name>1380</name>
        <extensions>
          <speed_mps>26.822</speed_mps>
          <speed_mph>60.0</speed_mph>
        </extensions>
      </trkpt>
      <trkpt lat="52.22311" lon="1.58318">
        <ele>0</ele>
        <time>2026-06-26T08:31:30.863Z</time>
        <name>1381</name>
        <extensions>
          <speed_mps>26.822</speed_mps>
          <speed_mph>60.0</speed_mph>
        </extensions>
      </trkpt>
      <trkpt lat="52.22279" lon="1.58303">
        <ele>0</ele>
        <time>2026-06-26T08:31:32.238Z</time>
        <name>1382</name>
        <extensions>
          <speed_mps>26.822</speed_mps>
          <speed_mph>60.0</speed_mph>
        </extensions>
      </trkpt>
      <trkpt lat="52.22249" lon="1.58282">
        <ele>0</ele>
        <time>2026-06-26T08:31:33.614Z</time>
        <name>1383</name>
        <extensions>
          <speed_mps>26.822</speed_mps>
          <speed_mph>60.0</speed_mph>
        </extensions>
      </trkpt>
      <trkpt lat="52.22219" lon="1.58258">
        <ele>0</ele>
        <time>2026-06-26T08:31:34.990Z</time>
        <name>1384</name>
        <extensions>
          <speed_mps>26.822</speed_mps>
          <speed_mph>60.0</speed_mph>
        </extensions>
      </trkpt>
      <trkpt lat="52.22191" lon="1.58229">
        <ele>0</ele>
        <time>2026-06-26T08:31:36.368Z</time>
        <name>1385</name>
        <extensions>
          <speed_mps>26.822</speed_mps>
          <speed_mph>60.0</speed_mph>
        </extensions>
      </trkpt>
      <trkpt lat="52.22163" lon="1.58199">
        <ele>0</ele>
        <time>2026-06-26T08:31:37.746Z</time>
        <name>1386</name>
        <extensions>
          <speed_mps>26.822</speed_mps>
          <speed_mph>60.0</speed_mph>
        </extensions>
      </trkpt>
      <trkpt lat="52.22136" lon="1.58169">
        <ele>0</ele>
        <time>2026-06-26T08:31:39.123Z</time>
        <name>1387</name>
        <extensions>
          <speed_mps>26.822</speed_mps>
          <speed_mph>60.0</speed_mph>
        </extensions>
      </trkpt>
      <trkpt lat="52.22109" lon="1.58137">
        <ele>0</ele>
        <time>2026-06-26T08:31:40.500Z</time>
        <name>1388</name>
        <extensions>
          <speed_mps>26.822</speed_mps>
          <speed_mph>60.0</speed_mph>
        </extensions>
      </trkpt>
      <trkpt lat="52.22081" lon="1.58107">
        <ele>0</ele>
        <time>2026-06-26T08:31:41.878Z</time>
        <name>1389</name>
        <extensions>
          <speed_mps>26.822</speed_mps>
          <speed_mph>60.0</speed_mph>
        </extensions>
      </trkpt>
      <trkpt lat="52.22054" lon="1.58076">
        <ele>0</ele>
        <time>2026-06-26T08:31:43.256Z</time>
        <name>1390</name>
        <extensions>
          <speed_mps>26.822</speed_mps>
          <speed_mph>60.0</speed_mph>
        </extensions>
      </trkpt>
      <trkpt lat="52.22027" lon="1.58044">
        <ele>0</ele>
        <time>2026-06-26T08:31:44.634Z</time>
        <name>1391</name>
        <extensions>
          <speed_mps>26.822</speed_mps>
          <speed_mph>60.0</speed_mph>
        </extensions>
      </trkpt>
      <trkpt lat="52.22000" lon="1.58012">
        <ele>0</ele>
        <time>2026-06-26T08:31:46.011Z</time>
        <name>1392</name>
        <extensions>
          <speed_mps>26.822</speed_mps>
          <speed_mph>60.0</speed_mph>
        </extensions>
      </trkpt>
      <trkpt lat="52.21973" lon="1.57980">
        <ele>0</ele>
        <time>2026-06-26T08:31:47.389Z</time>
        <name>1393</name>
        <extensions>
          <speed_mps>26.822</speed_mps>
          <speed_mph>60.0</speed_mph>
        </extensions>
      </trkpt>
      <trkpt lat="52.21946" lon="1.57948">
        <ele>0</ele>
        <time>2026-06-26T08:31:48.767Z</time>
        <name>1394</name>
        <extensions>
          <speed_mps>26.822</speed_mps>
          <speed_mph>60.0</speed_mph>
        </extensions>
      </trkpt>
      <trkpt lat="52.21919" lon="1.57916">
        <ele>0</ele>
        <time>2026-06-26T08:31:50.145Z</time>
        <name>1395</name>
        <extensions>
          <speed_mps>26.822</speed_mps>
          <speed_mph>60.0</speed_mph>
        </extensions>
      </trkpt>
      <trkpt lat="52.21892" lon="1.57885">
        <ele>0</ele>
        <time>2026-06-26T08:31:51.522Z</time>
        <name>1396</name>
        <extensions>
          <speed_mps>26.822</speed_mps>
          <speed_mph>60.0</speed_mph>
        </extensions>
      </trkpt>
      <trkpt lat="52.21864" lon="1.57856">
        <ele>0</ele>
        <time>2026-06-26T08:31:52.899Z</time>
        <name>1397</name>
        <extensions>
          <speed_mps>26.822</speed_mps>
          <speed_mph>60.0</speed_mph>
        </extensions>
      </trkpt>
      <trkpt lat="52.21837" lon="1.57839">
        <ele>0</ele>
        <time>2026-06-26T08:31:54.107Z</time>
        <name>1398</name>
        <extensions>
          <speed_mps>26.822</speed_mps>
          <speed_mph>60.0</speed_mph>
        </extensions>
      </trkpt>
      <trkpt lat="52.21818" lon="1.57883">
        <ele>0</ele>
        <time>2026-06-26T08:31:55.485Z</time>
        <name>1399</name>
        <extensions>
          <speed_mps>26.822</speed_mps>
          <speed_mph>60.0</speed_mph>
        </extensions>
      </trkpt>
      <trkpt lat="52.21798" lon="1.57927">
        <ele>0</ele>
        <time>2026-06-26T08:31:56.863Z</time>
        <name>1400</name>
        <extensions>
          <speed_mps>26.822</speed_mps>
          <speed_mph>60.0</speed_mph>
        </extensions>
      </trkpt>
      <trkpt lat="52.21779" lon="1.57972">
        <ele>0</ele>
        <time>2026-06-26T08:31:58.240Z</time>
        <name>1401</name>
        <extensions>
          <speed_mps>26.822</speed_mps>
          <speed_mph>60.0</speed_mph>
        </extensions>
      </trkpt>
      <trkpt lat="52.21761" lon="1.58017">
        <ele>0</ele>
        <time>2026-06-26T08:31:59.618Z</time>
        <name>1402</name>
        <extensions>
          <speed_mps>26.822</speed_mps>
          <speed_mph>60.0</speed_mph>
        </extensions>
      </trkpt>
      <trkpt lat="52.21750" lon="1.58068">
        <ele>0</ele>
        <time>2026-06-26T08:32:00.993Z</time>
        <name>1403</name>
        <extensions>
          <speed_mps>26.822</speed_mps>
          <speed_mph>60.0</speed_mph>
        </extensions>
      </trkpt>
      <trkpt lat="52.21747" lon="1.58122">
        <ele>0</ele>
        <time>2026-06-26T08:32:02.367Z</time>
        <name>1404</name>
        <extensions>
          <speed_mps>26.822</speed_mps>
          <speed_mph>60.0</speed_mph>
        </extensions>
      </trkpt>
      <trkpt lat="52.21747" lon="1.58176">
        <ele>0</ele>
        <time>2026-06-26T08:32:03.745Z</time>
        <name>1405</name>
        <extensions>
          <speed_mps>26.822</speed_mps>
          <speed_mph>60.0</speed_mph>
        </extensions>
      </trkpt>
      <trkpt lat="52.21748" lon="1.58231">
        <ele>0</ele>
        <time>2026-06-26T08:32:05.123Z</time>
        <name>1406</name>
        <extensions>
          <speed_mps>26.822</speed_mps>
          <speed_mph>60.0</speed_mph>
        </extensions>
      </trkpt>
      <trkpt lat="52.21749" lon="1.58285">
        <ele>0</ele>
        <time>2026-06-26T08:32:06.500Z</time>
        <name>1407</name>
        <extensions>
          <speed_mps>26.822</speed_mps>
          <speed_mph>60.0</speed_mph>
        </extensions>
      </trkpt>
      <trkpt lat="52.21751" lon="1.58339">
        <ele>0</ele>
        <time>2026-06-26T08:32:07.878Z</time>
        <name>1408</name>
        <extensions>
          <speed_mps>26.822</speed_mps>
          <speed_mph>60.0</speed_mph>
        </extensions>
      </trkpt>
      <trkpt lat="52.21754" lon="1.58393">
        <ele>0</ele>
        <time>2026-06-26T08:32:09.255Z</time>
        <name>1409</name>
        <extensions>
          <speed_mps>26.822</speed_mps>
          <speed_mph>60.0</speed_mph>
        </extensions>
      </trkpt>
      <trkpt lat="52.21758" lon="1.58447">
        <ele>0</ele>
        <time>2026-06-26T08:32:10.633Z</time>
        <name>1410</name>
        <extensions>
          <speed_mps>26.822</speed_mps>
          <speed_mph>60.0</speed_mph>
        </extensions>
      </trkpt>
      <trkpt lat="52.21761" lon="1.58501">
        <ele>0</ele>
        <time>2026-06-26T08:32:12.011Z</time>
        <name>1411</name>
        <extensions>
          <speed_mps>26.822</speed_mps>
          <speed_mph>60.0</speed_mph>
        </extensions>
      </trkpt>
      <trkpt lat="52.21765" lon="1.58555">
        <ele>0</ele>
        <time>2026-06-26T08:32:13.389Z</time>
        <name>1412</name>
        <extensions>
          <speed_mps>26.822</speed_mps>
          <speed_mph>60.0</speed_mph>
        </extensions>
      </trkpt>
      <trkpt lat="52.21767" lon="1.58609">
        <ele>0</ele>
        <time>2026-06-26T08:32:14.766Z</time>
        <name>1413</name>
        <extensions>
          <speed_mps>26.822</speed_mps>
          <speed_mph>60.0</speed_mph>
        </extensions>
      </trkpt>
      <trkpt lat="52.21763" lon="1.58662">
        <ele>0</ele>
        <time>2026-06-26T08:32:16.138Z</time>
        <name>1414</name>
        <extensions>
          <speed_mps>26.822</speed_mps>
          <speed_mph>60.0</speed_mph>
        </extensions>
      </trkpt>
      <trkpt lat="52.21754" lon="1.58714">
        <ele>0</ele>
        <time>2026-06-26T08:32:17.512Z</time>
        <name>1415</name>
        <extensions>
          <speed_mps>26.822</speed_mps>
          <speed_mph>60.0</speed_mph>
        </extensions>
      </trkpt>
      <trkpt lat="52.21744" lon="1.58766">
        <ele>0</ele>
        <time>2026-06-26T08:32:18.887Z</time>
        <name>1416</name>
        <extensions>
          <speed_mps>26.822</speed_mps>
          <speed_mph>60.0</speed_mph>
        </extensions>
      </trkpt>
      <trkpt lat="52.21741" lon="1.58820">
        <ele>0</ele>
        <time>2026-06-26T08:32:20.261Z</time>
        <name>1417</name>
        <extensions>
          <speed_mps>26.822</speed_mps>
          <speed_mph>60.0</speed_mph>
        </extensions>
      </trkpt>
      <trkpt lat="52.21744" lon="1.58874">
        <ele>0</ele>
        <time>2026-06-26T08:32:21.638Z</time>
        <name>1418</name>
        <extensions>
          <speed_mps>26.822</speed_mps>
          <speed_mph>60.0</speed_mph>
        </extensions>
      </trkpt>
      <trkpt lat="52.21745" lon="1.58928">
        <ele>0</ele>
        <time>2026-06-26T08:32:23.010Z</time>
        <name>1419</name>
        <extensions>
          <speed_mps>26.822</speed_mps>
          <speed_mph>60.0</speed_mph>
        </extensions>
      </trkpt>
      <trkpt lat="52.21734" lon="1.58978">
        <ele>0</ele>
        <time>2026-06-26T08:32:24.364Z</time>
        <name>1420</name>
        <extensions>
          <speed_mps>26.822</speed_mps>
          <speed_mph>60.0</speed_mph>
        </extensions>
      </trkpt>
      <trkpt lat="52.21715" lon="1.59022">
        <ele>0</ele>
        <time>2026-06-26T08:32:25.729Z</time>
        <name>1421</name>
        <extensions>
          <speed_mps>26.822</speed_mps>
          <speed_mph>60.0</speed_mph>
        </extensions>
      </trkpt>
      <trkpt lat="52.21689" lon="1.59055">
        <ele>0</ele>
        <time>2026-06-26T08:32:27.097Z</time>
        <name>1422</name>
        <extensions>
          <speed_mps>26.822</speed_mps>
          <speed_mph>60.0</speed_mph>
        </extensions>
      </trkpt>
      <trkpt lat="52.21658" lon="1.59073">
        <ele>0</ele>
        <time>2026-06-26T08:32:28.471Z</time>
        <name>1423</name>
        <extensions>
          <speed_mps>26.822</speed_mps>
          <speed_mph>60.0</speed_mph>
        </extensions>
      </trkpt>
      <trkpt lat="52.21626" lon="1.59087">
        <ele>0</ele>
        <time>2026-06-26T08:32:29.848Z</time>
        <name>1424</name>
        <extensions>
          <speed_mps>26.822</speed_mps>
          <speed_mph>60.0</speed_mph>
        </extensions>
      </trkpt>
      <trkpt lat="52.21594" lon="1.59105">
        <ele>0</ele>
        <time>2026-06-26T08:32:31.226Z</time>
        <name>1425</name>
        <extensions>
          <speed_mps>26.822</speed_mps>
          <speed_mph>60.0</speed_mph>
        </extensions>
      </trkpt>
      <trkpt lat="52.21564" lon="1.59127">
        <ele>0</ele>
        <time>2026-06-26T08:32:32.603Z</time>
        <name>1426</name>
        <extensions>
          <speed_mps>26.822</speed_mps>
          <speed_mph>60.0</speed_mph>
        </extensions>
      </trkpt>
      <trkpt lat="52.21534" lon="1.59149">
        <ele>0</ele>
        <time>2026-06-26T08:32:33.981Z</time>
        <name>1427</name>
        <extensions>
          <speed_mps>26.822</speed_mps>
          <speed_mph>60.0</speed_mph>
        </extensions>
      </trkpt>
      <trkpt lat="52.21504" lon="1.59172">
        <ele>0</ele>
        <time>2026-06-26T08:32:35.358Z</time>
        <name>1428</name>
        <extensions>
          <speed_mps>26.822</speed_mps>
          <speed_mph>60.0</speed_mph>
        </extensions>
      </trkpt>
      <trkpt lat="52.21475" lon="1.59199">
        <ele>0</ele>
        <time>2026-06-26T08:32:36.735Z</time>
        <name>1429</name>
        <extensions>
          <speed_mps>26.822</speed_mps>
          <speed_mph>60.0</speed_mph>
        </extensions>
      </trkpt>
      <trkpt lat="52.21447" lon="1.59229">
        <ele>0</ele>
        <time>2026-06-26T08:32:38.111Z</time>
        <name>1430</name>
        <extensions>
          <speed_mps>26.822</speed_mps>
          <speed_mph>60.0</speed_mph>
        </extensions>
      </trkpt>
      <trkpt lat="52.21419" lon="1.59257">
        <ele>0</ele>
        <time>2026-06-26T08:32:39.485Z</time>
        <name>1431</name>
        <extensions>
          <speed_mps>26.822</speed_mps>
          <speed_mph>60.0</speed_mph>
        </extensions>
      </trkpt>
      <trkpt lat="52.21390" lon="1.59283">
        <ele>0</ele>
        <time>2026-06-26T08:32:40.862Z</time>
        <name>1432</name>
        <extensions>
          <speed_mps>26.822</speed_mps>
          <speed_mph>60.0</speed_mph>
        </extensions>
      </trkpt>
      <trkpt lat="52.21361" lon="1.59310">
        <ele>0</ele>
        <time>2026-06-26T08:32:42.240Z</time>
        <name>1433</name>
        <extensions>
          <speed_mps>26.822</speed_mps>
          <speed_mph>60.0</speed_mph>
        </extensions>
      </trkpt>
      <trkpt lat="52.21331" lon="1.59334">
        <ele>0</ele>
        <time>2026-06-26T08:32:43.616Z</time>
        <name>1434</name>
        <extensions>
          <speed_mps>26.822</speed_mps>
          <speed_mph>60.0</speed_mph>
        </extensions>
      </trkpt>
      <trkpt lat="52.21300" lon="1.59354">
        <ele>0</ele>
        <time>2026-06-26T08:32:44.992Z</time>
        <name>1435</name>
        <extensions>
          <speed_mps>26.822</speed_mps>
          <speed_mph>60.0</speed_mph>
        </extensions>
      </trkpt>
      <trkpt lat="52.21268" lon="1.59369">
        <ele>0</ele>
        <time>2026-06-26T08:32:46.370Z</time>
        <name>1436</name>
        <extensions>
          <speed_mps>26.822</speed_mps>
          <speed_mph>60.0</speed_mph>
        </extensions>
      </trkpt>
      <trkpt lat="52.21237" lon="1.59385">
        <ele>0</ele>
        <time>2026-06-26T08:32:47.748Z</time>
        <name>1437</name>
        <extensions>
          <speed_mps>26.822</speed_mps>
          <speed_mph>60.0</speed_mph>
        </extensions>
      </trkpt>
      <trkpt lat="52.21205" lon="1.59400">
        <ele>0</ele>
        <time>2026-06-26T08:32:49.126Z</time>
        <name>1438</name>
        <extensions>
          <speed_mps>26.822</speed_mps>
          <speed_mph>60.0</speed_mph>
        </extensions>
      </trkpt>
      <trkpt lat="52.21173" lon="1.59416">
        <ele>0</ele>
        <time>2026-06-26T08:32:50.503Z</time>
        <name>1439</name>
        <extensions>
          <speed_mps>26.822</speed_mps>
          <speed_mph>60.0</speed_mph>
        </extensions>
      </trkpt>
      <trkpt lat="52.21141" lon="1.59433">
        <ele>0</ele>
        <time>2026-06-26T08:32:51.881Z</time>
        <name>1440</name>
        <extensions>
          <speed_mps>26.822</speed_mps>
          <speed_mph>60.0</speed_mph>
        </extensions>
      </trkpt>
      <trkpt lat="52.21110" lon="1.59449">
        <ele>0</ele>
        <time>2026-06-26T08:32:53.259Z</time>
        <name>1441</name>
        <extensions>
          <speed_mps>26.822</speed_mps>
          <speed_mph>60.0</speed_mph>
        </extensions>
      </trkpt>
      <trkpt lat="52.21078" lon="1.59465">
        <ele>0</ele>
        <time>2026-06-26T08:32:54.637Z</time>
        <name>1442</name>
        <extensions>
          <speed_mps>26.822</speed_mps>
          <speed_mph>60.0</speed_mph>
        </extensions>
      </trkpt>
      <trkpt lat="52.21046" lon="1.59481">
        <ele>0</ele>
        <time>2026-06-26T08:32:56.014Z</time>
        <name>1443</name>
        <extensions>
          <speed_mps>26.822</speed_mps>
          <speed_mph>60.0</speed_mph>
        </extensions>
      </trkpt>
      <trkpt lat="52.21014" lon="1.59496">
        <ele>0</ele>
        <time>2026-06-26T08:32:57.392Z</time>
        <name>1444</name>
        <extensions>
          <speed_mps>26.822</speed_mps>
          <speed_mph>60.0</speed_mph>
        </extensions>
      </trkpt>
      <trkpt lat="52.20982" lon="1.59512">
        <ele>0</ele>
        <time>2026-06-26T08:32:58.770Z</time>
        <name>1445</name>
        <extensions>
          <speed_mps>26.822</speed_mps>
          <speed_mph>60.0</speed_mph>
        </extensions>
      </trkpt>
      <trkpt lat="52.20951" lon="1.59528">
        <ele>0</ele>
        <time>2026-06-26T08:33:00.147Z</time>
        <name>1446</name>
        <extensions>
          <speed_mps>26.822</speed_mps>
          <speed_mph>60.0</speed_mph>
        </extensions>
      </trkpt>
      <trkpt lat="52.20919" lon="1.59543">
        <ele>0</ele>
        <time>2026-06-26T08:33:01.525Z</time>
        <name>1447</name>
        <extensions>
          <speed_mps>26.822</speed_mps>
          <speed_mph>60.0</speed_mph>
        </extensions>
      </trkpt>
      <trkpt lat="52.20887" lon="1.59559">
        <ele>0</ele>
        <time>2026-06-26T08:33:02.903Z</time>
        <name>1448</name>
        <extensions>
          <speed_mps>26.822</speed_mps>
          <speed_mph>60.0</speed_mph>
        </extensions>
      </trkpt>
      <trkpt lat="52.20855" lon="1.59574">
        <ele>0</ele>
        <time>2026-06-26T08:33:04.281Z</time>
        <name>1449</name>
        <extensions>
          <speed_mps>26.822</speed_mps>
          <speed_mph>60.0</speed_mph>
        </extensions>
      </trkpt>
      <trkpt lat="52.20823" lon="1.59590">
        <ele>0</ele>
        <time>2026-06-26T08:33:05.658Z</time>
        <name>1450</name>
        <extensions>
          <speed_mps>26.822</speed_mps>
          <speed_mph>60.0</speed_mph>
        </extensions>
      </trkpt>
      <trkpt lat="52.20791" lon="1.59606">
        <ele>0</ele>
        <time>2026-06-26T08:33:07.036Z</time>
        <name>1451</name>
        <extensions>
          <speed_mps>26.822</speed_mps>
          <speed_mph>60.0</speed_mph>
        </extensions>
      </trkpt>
      <trkpt lat="52.20760" lon="1.59621">
        <ele>0</ele>
        <time>2026-06-26T08:33:08.414Z</time>
        <name>1452</name>
        <extensions>
          <speed_mps>26.822</speed_mps>
          <speed_mph>60.0</speed_mph>
        </extensions>
      </trkpt>
      <trkpt lat="52.20728" lon="1.59635">
        <ele>0</ele>
        <time>2026-06-26T08:33:09.791Z</time>
        <name>1453</name>
        <extensions>
          <speed_mps>26.822</speed_mps>
          <speed_mph>60.0</speed_mph>
        </extensions>
      </trkpt>
      <trkpt lat="52.20695" lon="1.59646">
        <ele>0</ele>
        <time>2026-06-26T08:33:11.169Z</time>
        <name>1454</name>
        <extensions>
          <speed_mps>26.822</speed_mps>
          <speed_mph>60.0</speed_mph>
        </extensions>
      </trkpt>
      <trkpt lat="52.20662" lon="1.59657">
        <ele>0</ele>
        <time>2026-06-26T08:33:12.547Z</time>
        <name>1455</name>
        <extensions>
          <speed_mps>26.822</speed_mps>
          <speed_mph>60.0</speed_mph>
        </extensions>
      </trkpt>
      <trkpt lat="52.20630" lon="1.59668">
        <ele>0</ele>
        <time>2026-06-26T08:33:13.920Z</time>
        <name>1456</name>
        <extensions>
          <speed_mps>26.822</speed_mps>
          <speed_mph>60.0</speed_mph>
        </extensions>
      </trkpt>
      <trkpt lat="52.20601" lon="1.59696">
        <ele>0</ele>
        <time>2026-06-26T08:33:15.294Z</time>
        <name>1457</name>
        <extensions>
          <speed_mps>26.822</speed_mps>
          <speed_mph>60.0</speed_mph>
        </extensions>
      </trkpt>
      <trkpt lat="52.20579" lon="1.59736">
        <ele>0</ele>
        <time>2026-06-26T08:33:16.672Z</time>
        <name>1458</name>
        <extensions>
          <speed_mps>26.822</speed_mps>
          <speed_mph>60.0</speed_mph>
        </extensions>
      </trkpt>
      <trkpt lat="52.20561" lon="1.59782">
        <ele>0</ele>
        <time>2026-06-26T08:33:18.049Z</time>
        <name>1459</name>
        <extensions>
          <speed_mps>26.822</speed_mps>
          <speed_mph>60.0</speed_mph>
        </extensions>
      </trkpt>
      <trkpt lat="52.20546" lon="1.59830">
        <ele>0</ele>
        <time>2026-06-26T08:33:19.426Z</time>
        <name>1460</name>
        <extensions>
          <speed_mps>26.822</speed_mps>
          <speed_mph>60.0</speed_mph>
        </extensions>
      </trkpt>
      <trkpt lat="52.20532" lon="1.59879">
        <ele>0</ele>
        <time>2026-06-26T08:33:20.804Z</time>
        <name>1461</name>
        <extensions>
          <speed_mps>26.822</speed_mps>
          <speed_mph>60.0</speed_mph>
        </extensions>
      </trkpt>
      <trkpt lat="52.20517" lon="1.59927">
        <ele>0</ele>
        <time>2026-06-26T08:33:22.182Z</time>
        <name>1462</name>
        <extensions>
          <speed_mps>26.822</speed_mps>
          <speed_mph>60.0</speed_mph>
        </extensions>
      </trkpt>
      <trkpt lat="52.20502" lon="1.59976">
        <ele>0</ele>
        <time>2026-06-26T08:33:23.559Z</time>
        <name>1463</name>
        <extensions>
          <speed_mps>26.822</speed_mps>
          <speed_mph>60.0</speed_mph>
        </extensions>
      </trkpt>
      <trkpt lat="52.20488" lon="1.60025">
        <ele>0</ele>
        <time>2026-06-26T08:33:24.937Z</time>
        <name>1464</name>
        <extensions>
          <speed_mps>26.822</speed_mps>
          <speed_mph>60.0</speed_mph>
        </extensions>
      </trkpt>
      <trkpt lat="52.20474" lon="1.60074">
        <ele>0</ele>
        <time>2026-06-26T08:33:26.313Z</time>
        <name>1465</name>
        <extensions>
          <speed_mps>26.822</speed_mps>
          <speed_mph>60.0</speed_mph>
        </extensions>
      </trkpt>
      <trkpt lat="52.20464" lon="1.60126">
        <ele>0</ele>
        <time>2026-06-26T08:33:27.690Z</time>
        <name>1466</name>
        <extensions>
          <speed_mps>26.822</speed_mps>
          <speed_mph>60.0</speed_mph>
        </extensions>
      </trkpt>
      <trkpt lat="52.20455" lon="1.60178">
        <ele>0</ele>
        <time>2026-06-26T08:33:29.067Z</time>
        <name>1467</name>
        <extensions>
          <speed_mps>26.822</speed_mps>
          <speed_mph>60.0</speed_mph>
        </extensions>
      </trkpt>
      <trkpt lat="52.20447" lon="1.60230">
        <ele>0</ele>
        <time>2026-06-26T08:33:30.444Z</time>
        <name>1468</name>
        <extensions>
          <speed_mps>26.822</speed_mps>
          <speed_mph>60.0</speed_mph>
        </extensions>
      </trkpt>
      <trkpt lat="52.20442" lon="1.60284">
        <ele>0</ele>
        <time>2026-06-26T08:33:31.820Z</time>
        <name>1469</name>
        <extensions>
          <speed_mps>26.822</speed_mps>
          <speed_mph>60.0</speed_mph>
        </extensions>
      </trkpt>
      <trkpt lat="52.20441" lon="1.60338">
        <ele>0</ele>
        <time>2026-06-26T08:33:33.197Z</time>
        <name>1470</name>
        <extensions>
          <speed_mps>26.822</speed_mps>
          <speed_mph>60.0</speed_mph>
        </extensions>
      </trkpt>
      <trkpt lat="52.20442" lon="1.60392">
        <ele>0</ele>
        <time>2026-06-26T08:33:34.575Z</time>
        <name>1471</name>
        <extensions>
          <speed_mps>26.822</speed_mps>
          <speed_mph>60.0</speed_mph>
        </extensions>
      </trkpt>
      <trkpt lat="52.20445" lon="1.60446">
        <ele>0</ele>
        <time>2026-06-26T08:33:35.951Z</time>
        <name>1472</name>
        <extensions>
          <speed_mps>26.822</speed_mps>
          <speed_mph>60.0</speed_mph>
        </extensions>
      </trkpt>
      <trkpt lat="52.20450" lon="1.60500">
        <ele>0</ele>
        <time>2026-06-26T08:33:37.329Z</time>
        <name>1473</name>
        <extensions>
          <speed_mps>26.822</speed_mps>
          <speed_mph>60.0</speed_mph>
        </extensions>
      </trkpt>
      <trkpt lat="52.20458" lon="1.60552">
        <ele>0</ele>
        <time>2026-06-26T08:33:38.705Z</time>
        <name>1474</name>
        <extensions>
          <speed_mps>26.822</speed_mps>
          <speed_mph>60.0</speed_mph>
        </extensions>
      </trkpt>
      <trkpt lat="52.20467" lon="1.60604">
        <ele>0</ele>
        <time>2026-06-26T08:33:40.083Z</time>
        <name>1475</name>
        <extensions>
          <speed_mps>26.822</speed_mps>
          <speed_mph>60.0</speed_mph>
        </extensions>
      </trkpt>
      <trkpt lat="52.20477" lon="1.60657">
        <ele>0</ele>
        <time>2026-06-26T08:33:41.461Z</time>
        <name>1476</name>
        <extensions>
          <speed_mps>26.822</speed_mps>
          <speed_mph>60.0</speed_mph>
        </extensions>
      </trkpt>
      <trkpt lat="52.20485" lon="1.60709">
        <ele>0</ele>
        <time>2026-06-26T08:33:42.839Z</time>
        <name>1477</name>
        <extensions>
          <speed_mps>26.822</speed_mps>
          <speed_mph>60.0</speed_mph>
        </extensions>
      </trkpt>
      <trkpt lat="52.20494" lon="1.60761">
        <ele>0</ele>
        <time>2026-06-26T08:33:44.216Z</time>
        <name>1478</name>
        <extensions>
          <speed_mps>26.822</speed_mps>
          <speed_mph>60.0</speed_mph>
        </extensions>
      </trkpt>
      <trkpt lat="52.20503" lon="1.60813">
        <ele>0</ele>
        <time>2026-06-26T08:33:45.594Z</time>
        <name>1479</name>
        <extensions>
          <speed_mps>26.822</speed_mps>
          <speed_mph>60.0</speed_mph>
        </extensions>
      </trkpt>
      <trkpt lat="52.20512" lon="1.60866">
        <ele>0</ele>
        <time>2026-06-26T08:33:46.972Z</time>
        <name>1480</name>
        <extensions>
          <speed_mps>26.822</speed_mps>
          <speed_mph>60.0</speed_mph>
        </extensions>
      </trkpt>
      <trkpt lat="52.20521" lon="1.60918">
        <ele>0</ele>
        <time>2026-06-26T08:33:48.350Z</time>
        <name>1481</name>
        <extensions>
          <speed_mps>26.822</speed_mps>
          <speed_mph>60.0</speed_mph>
        </extensions>
      </trkpt>
      <trkpt lat="52.20531" lon="1.60970">
        <ele>0</ele>
        <time>2026-06-26T08:33:49.727Z</time>
        <name>1482</name>
        <extensions>
          <speed_mps>26.822</speed_mps>
          <speed_mph>60.0</speed_mph>
        </extensions>
      </trkpt>
      <trkpt lat="52.20541" lon="1.61022">
        <ele>0</ele>
        <time>2026-06-26T08:33:51.105Z</time>
        <name>1483</name>
        <extensions>
          <speed_mps>26.822</speed_mps>
          <speed_mph>60.0</speed_mph>
        </extensions>
      </trkpt>
      <trkpt lat="52.20550" lon="1.61074">
        <ele>0</ele>
        <time>2026-06-26T08:33:52.483Z</time>
        <name>1484</name>
        <extensions>
          <speed_mps>26.822</speed_mps>
          <speed_mph>60.0</speed_mph>
        </extensions>
      </trkpt>
      <trkpt lat="52.20559" lon="1.61126">
        <ele>0</ele>
        <time>2026-06-26T08:33:53.861Z</time>
        <name>1485</name>
        <extensions>
          <speed_mps>26.822</speed_mps>
          <speed_mph>60.0</speed_mph>
        </extensions>
      </trkpt>
      <trkpt lat="52.20568" lon="1.61178">
        <ele>0</ele>
        <time>2026-06-26T08:33:55.238Z</time>
        <name>1486</name>
        <extensions>
          <speed_mps>26.822</speed_mps>
          <speed_mph>60.0</speed_mph>
        </extensions>
      </trkpt>
      <trkpt lat="52.20577" lon="1.61230">
        <ele>0</ele>
        <time>2026-06-26T08:33:56.616Z</time>
        <name>1487</name>
        <extensions>
          <speed_mps>26.822</speed_mps>
          <speed_mph>60.0</speed_mph>
        </extensions>
      </trkpt>
      <trkpt lat="52.20586" lon="1.61282">
        <ele>0</ele>
        <time>2026-06-26T08:33:57.994Z</time>
        <name>1488</name>
        <extensions>
          <speed_mps>26.822</speed_mps>
          <speed_mph>60.0</speed_mph>
        </extensions>
      </trkpt>
      <trkpt lat="52.20595" lon="1.61335">
        <ele>0</ele>
        <time>2026-06-26T08:33:59.371Z</time>
        <name>1489</name>
        <extensions>
          <speed_mps>26.822</speed_mps>
          <speed_mph>60.0</speed_mph>
        </extensions>
      </trkpt>
      <trkpt lat="52.20601" lon="1.61388">
        <ele>0</ele>
        <time>2026-06-26T08:34:00.749Z</time>
        <name>1490</name>
        <extensions>
          <speed_mps>26.822</speed_mps>
          <speed_mph>60.0</speed_mph>
        </extensions>
      </trkpt>
      <trkpt lat="52.20606" lon="1.61441">
        <ele>0</ele>
        <time>2026-06-26T08:34:02.126Z</time>
        <name>1491</name>
        <extensions>
          <speed_mps>26.822</speed_mps>
          <speed_mph>60.0</speed_mph>
        </extensions>
      </trkpt>
      <trkpt lat="52.20610" lon="1.61495">
        <ele>0</ele>
        <time>2026-06-26T08:34:03.504Z</time>
        <name>1492</name>
        <extensions>
          <speed_mps>26.822</speed_mps>
          <speed_mph>60.0</speed_mph>
        </extensions>
      </trkpt>
      <trkpt lat="52.20612" lon="1.61549">
        <ele>0</ele>
        <time>2026-06-26T08:34:04.881Z</time>
        <name>1493</name>
        <extensions>
          <speed_mps>26.822</speed_mps>
          <speed_mph>60.0</speed_mph>
        </extensions>
      </trkpt>
      <trkpt lat="52.20612" lon="1.61604">
        <ele>0</ele>
        <time>2026-06-26T08:34:06.259Z</time>
        <name>1494</name>
        <extensions>
          <speed_mps>26.822</speed_mps>
          <speed_mph>60.0</speed_mph>
        </extensions>
      </trkpt>
      <trkpt lat="52.20615" lon="1.61657">
        <ele>0</ele>
        <time>2026-06-26T08:34:07.632Z</time>
        <name>1495</name>
        <extensions>
          <speed_mps>26.822</speed_mps>
          <speed_mph>60.0</speed_mph>
        </extensions>
      </trkpt>
      <trkpt lat="52.20627" lon="1.61708">
        <ele>0</ele>
        <time>2026-06-26T08:34:09.008Z</time>
        <name>1496</name>
        <extensions>
          <speed_mps>26.822</speed_mps>
          <speed_mph>60.0</speed_mph>
        </extensions>
      </trkpt>
      <trkpt lat="52.20642" lon="1.61756">
        <ele>0</ele>
        <time>2026-06-26T08:34:10.386Z</time>
        <name>1497</name>
        <extensions>
          <speed_mps>26.822</speed_mps>
          <speed_mph>60.0</speed_mph>
        </extensions>
      </trkpt>
      <trkpt lat="52.20659" lon="1.61803">
        <ele>0</ele>
        <time>2026-06-26T08:34:11.763Z</time>
        <name>1498</name>
        <extensions>
          <speed_mps>26.822</speed_mps>
          <speed_mph>60.0</speed_mph>
        </extensions>
      </trkpt>
      <trkpt lat="52.20678" lon="1.61847">
        <ele>0</ele>
        <time>2026-06-26T08:34:13.141Z</time>
        <name>1499</name>
        <extensions>
          <speed_mps>26.822</speed_mps>
          <speed_mph>60.0</speed_mph>
        </extensions>
      </trkpt>
      <trkpt lat="52.20698" lon="1.61891">
        <ele>0</ele>
        <time>2026-06-26T08:34:14.519Z</time>
        <name>1500</name>
        <extensions>
          <speed_mps>26.822</speed_mps>
          <speed_mph>60.0</speed_mph>
        </extensions>
      </trkpt>
      <trkpt lat="52.20715" lon="1.61938">
        <ele>0</ele>
        <time>2026-06-26T08:34:15.893Z</time>
        <name>1501</name>
        <extensions>
          <speed_mps>26.822</speed_mps>
          <speed_mph>60.0</speed_mph>
        </extensions>
      </trkpt>
      <trkpt lat="52.20741" lon="1.61953">
        <ele>0</ele>
        <time>2026-06-26T08:34:17.058Z</time>
        <name>1502</name>
        <extensions>
          <speed_mps>26.822</speed_mps>
          <speed_mph>60.0</speed_mph>
        </extensions>
      </trkpt>
      <trkpt lat="52.20774" lon="1.61957">
        <ele>0</ele>
        <time>2026-06-26T08:34:18.429Z</time>
        <name>1503</name>
        <extensions>
          <speed_mps>26.822</speed_mps>
          <speed_mph>60.0</speed_mph>
        </extensions>
      </trkpt>
      <trkpt lat="52.20807" lon="1.61949">
        <ele>0</ele>
        <time>2026-06-26T08:34:19.803Z</time>
        <name>1504</name>
        <extensions>
          <speed_mps>26.822</speed_mps>
          <speed_mph>60.0</speed_mph>
        </extensions>
      </trkpt>
      <trkpt lat="52.20839" lon="1.61933">
        <ele>0</ele>
        <time>2026-06-26T08:34:21.181Z</time>
        <name>1505</name>
        <extensions>
          <speed_mps>26.822</speed_mps>
          <speed_mph>60.0</speed_mph>
        </extensions>
      </trkpt>
      <trkpt lat="52.20868" lon="1.61908">
        <ele>0</ele>
        <time>2026-06-26T08:34:22.554Z</time>
        <name>1506</name>
        <extensions>
          <speed_mps>26.822</speed_mps>
          <speed_mph>60.0</speed_mph>
        </extensions>
      </trkpt>
      <trkpt lat="52.20896" lon="1.61880">
        <ele>0</ele>
        <time>2026-06-26T08:34:23.931Z</time>
        <name>1507</name>
        <extensions>
          <speed_mps>26.822</speed_mps>
          <speed_mph>60.0</speed_mph>
        </extensions>
      </trkpt>
      <trkpt lat="52.20924" lon="1.61850">
        <ele>0</ele>
        <time>2026-06-26T08:34:25.309Z</time>
        <name>1508</name>
        <extensions>
          <speed_mps>26.822</speed_mps>
          <speed_mph>60.0</speed_mph>
        </extensions>
      </trkpt>
      <trkpt lat="52.20952" lon="1.61820">
        <ele>0</ele>
        <time>2026-06-26T08:34:26.686Z</time>
        <name>1509</name>
        <extensions>
          <speed_mps>26.822</speed_mps>
          <speed_mph>60.0</speed_mph>
        </extensions>
      </trkpt>
      <trkpt lat="52.20980" lon="1.61790">
        <ele>0</ele>
        <time>2026-06-26T08:34:28.064Z</time>
        <name>1510</name>
        <extensions>
          <speed_mps>26.822</speed_mps>
          <speed_mph>60.0</speed_mph>
        </extensions>
      </trkpt>
      <trkpt lat="52.21007" lon="1.61759">
        <ele>0</ele>
        <time>2026-06-26T08:34:29.440Z</time>
        <name>1511</name>
        <extensions>
          <speed_mps>26.822</speed_mps>
          <speed_mph>60.0</speed_mph>
        </extensions>
      </trkpt>
      <trkpt lat="52.21026" lon="1.61716">
        <ele>0</ele>
        <time>2026-06-26T08:34:30.805Z</time>
        <name>1512</name>
        <extensions>
          <speed_mps>26.822</speed_mps>
          <speed_mph>60.0</speed_mph>
        </extensions>
      </trkpt>
      <trkpt lat="52.21036" lon="1.61664">
        <ele>0</ele>
        <time>2026-06-26T08:34:32.177Z</time>
        <name>1513</name>
        <extensions>
          <speed_mps>26.822</speed_mps>
          <speed_mph>60.0</speed_mph>
        </extensions>
      </trkpt>
      <trkpt lat="52.21044" lon="1.61612">
        <ele>0</ele>
        <time>2026-06-26T08:34:33.555Z</time>
        <name>1514</name>
        <extensions>
          <speed_mps>26.822</speed_mps>
          <speed_mph>60.0</speed_mph>
        </extensions>
      </trkpt>
      <trkpt lat="52.21056" lon="1.61561">
        <ele>0</ele>
        <time>2026-06-26T08:34:34.914Z</time>
        <name>1515</name>
        <extensions>
          <speed_mps>26.822</speed_mps>
          <speed_mph>60.0</speed_mph>
        </extensions>
      </trkpt>
      <trkpt lat="52.21085" lon="1.61541">
        <ele>0</ele>
        <time>2026-06-26T08:34:36.264Z</time>
        <name>1516</name>
        <extensions>
          <speed_mps>26.822</speed_mps>
          <speed_mph>60.0</speed_mph>
        </extensions>
      </trkpt>
      <trkpt lat="52.21119" lon="1.61541">
        <ele>0</ele>
        <time>2026-06-26T08:34:37.640Z</time>
        <name>1517</name>
        <extensions>
          <speed_mps>26.822</speed_mps>
          <speed_mph>60.0</speed_mph>
        </extensions>
      </trkpt>
      <trkpt lat="52.21152" lon="1.61544">
        <ele>0</ele>
        <time>2026-06-26T08:34:39.018Z</time>
        <name>1518</name>
        <extensions>
          <speed_mps>26.822</speed_mps>
          <speed_mph>60.0</speed_mph>
        </extensions>
      </trkpt>
      <trkpt lat="52.21185" lon="1.61547">
        <ele>0</ele>
        <time>2026-06-26T08:34:40.395Z</time>
        <name>1519</name>
        <extensions>
          <speed_mps>26.822</speed_mps>
          <speed_mph>60.0</speed_mph>
        </extensions>
      </trkpt>
      <trkpt lat="52.21218" lon="1.61550">
        <ele>0</ele>
        <time>2026-06-26T08:34:41.773Z</time>
        <name>1520</name>
        <extensions>
          <speed_mps>26.822</speed_mps>
          <speed_mph>60.0</speed_mph>
        </extensions>
      </trkpt>
      <trkpt lat="52.21251" lon="1.61551">
        <ele>0</ele>
        <time>2026-06-26T08:34:43.149Z</time>
        <name>1521</name>
        <extensions>
          <speed_mps>26.822</speed_mps>
          <speed_mph>60.0</speed_mph>
        </extensions>
      </trkpt>
      <trkpt lat="52.21285" lon="1.61549">
        <ele>0</ele>
        <time>2026-06-26T08:34:44.527Z</time>
        <name>1522</name>
        <extensions>
          <speed_mps>26.822</speed_mps>
          <speed_mph>60.0</speed_mph>
        </extensions>
      </trkpt>
      <trkpt lat="52.21318" lon="1.61548">
        <ele>0</ele>
        <time>2026-06-26T08:34:45.905Z</time>
        <name>1523</name>
        <extensions>
          <speed_mps>26.822</speed_mps>
          <speed_mph>60.0</speed_mph>
        </extensions>
      </trkpt>
      <trkpt lat="52.21351" lon="1.61550">
        <ele>0</ele>
        <time>2026-06-26T08:34:47.282Z</time>
        <name>1524</name>
        <extensions>
          <speed_mps>26.822</speed_mps>
          <speed_mph>60.0</speed_mph>
        </extensions>
      </trkpt>
      <trkpt lat="52.21384" lon="1.61553">
        <ele>0</ele>
        <time>2026-06-26T08:34:48.660Z</time>
        <name>1525</name>
        <extensions>
          <speed_mps>26.822</speed_mps>
          <speed_mph>60.0</speed_mph>
        </extensions>
      </trkpt>
      <trkpt lat="52.21417" lon="1.61557">
        <ele>0</ele>
        <time>2026-06-26T08:34:50.037Z</time>
        <name>1526</name>
        <extensions>
          <speed_mps>26.822</speed_mps>
          <speed_mph>60.0</speed_mph>
        </extensions>
      </trkpt>
      <trkpt lat="52.21450" lon="1.61563">
        <ele>0</ele>
        <time>2026-06-26T08:34:51.415Z</time>
        <name>1527</name>
        <extensions>
          <speed_mps>26.822</speed_mps>
          <speed_mph>60.0</speed_mph>
        </extensions>
      </trkpt>
      <trkpt lat="52.21483" lon="1.61568">
        <ele>0</ele>
        <time>2026-06-26T08:34:52.793Z</time>
        <name>1528</name>
        <extensions>
          <speed_mps>26.822</speed_mps>
          <speed_mph>60.0</speed_mph>
        </extensions>
      </trkpt>
      <trkpt lat="52.21517" lon="1.61570">
        <ele>0</ele>
        <time>2026-06-26T08:34:54.170Z</time>
        <name>1529</name>
        <extensions>
          <speed_mps>26.822</speed_mps>
          <speed_mph>60.0</speed_mph>
        </extensions>
      </trkpt>
      <trkpt lat="52.21550" lon="1.61573">
        <ele>0</ele>
        <time>2026-06-26T08:34:55.548Z</time>
        <name>1530</name>
        <extensions>
          <speed_mps>26.822</speed_mps>
          <speed_mph>60.0</speed_mph>
        </extensions>
      </trkpt>
      <trkpt lat="52.21583" lon="1.61575">
        <ele>0</ele>
        <time>2026-06-26T08:34:56.926Z</time>
        <name>1531</name>
        <extensions>
          <speed_mps>26.822</speed_mps>
          <speed_mph>60.0</speed_mph>
        </extensions>
      </trkpt>
      <trkpt lat="52.21614" lon="1.61561">
        <ele>0</ele>
        <time>2026-06-26T08:34:58.240Z</time>
        <name>1532</name>
        <extensions>
          <speed_mps>26.822</speed_mps>
          <speed_mph>60.0</speed_mph>
        </extensions>
      </trkpt>
      <trkpt lat="52.21647" lon="1.61564">
        <ele>0</ele>
        <time>2026-06-26T08:34:59.617Z</time>
        <name>1533</name>
        <extensions>
          <speed_mps>26.822</speed_mps>
          <speed_mph>60.0</speed_mph>
        </extensions>
      </trkpt>
      <trkpt lat="52.21680" lon="1.61568">
        <ele>0</ele>
        <time>2026-06-26T08:35:00.995Z</time>
        <name>1534</name>
        <extensions>
          <speed_mps>26.822</speed_mps>
          <speed_mph>60.0</speed_mph>
        </extensions>
      </trkpt>
      <trkpt lat="52.21713" lon="1.61571">
        <ele>0</ele>
        <time>2026-06-26T08:35:02.372Z</time>
        <name>1535</name>
        <extensions>
          <speed_mps>26.822</speed_mps>
          <speed_mph>60.0</speed_mph>
        </extensions>
      </trkpt>
      <trkpt lat="52.21746" lon="1.61575">
        <ele>0</ele>
        <time>2026-06-26T08:35:03.750Z</time>
        <name>1536</name>
        <extensions>
          <speed_mps>26.822</speed_mps>
          <speed_mph>60.0</speed_mph>
        </extensions>
      </trkpt>
      <trkpt lat="52.21775" lon="1.61552">
        <ele>0</ele>
        <time>2026-06-26T08:35:05.067Z</time>
        <name>1537</name>
        <extensions>
          <speed_mps>26.822</speed_mps>
          <speed_mph>60.0</speed_mph>
        </extensions>
      </trkpt>
      <trkpt lat="52.21801" lon="1.61558">
        <ele>0</ele>
        <time>2026-06-26T08:35:06.149Z</time>
        <name>1538</name>
        <extensions>
          <speed_mps>26.822</speed_mps>
          <speed_mph>60.0</speed_mph>
        </extensions>
      </trkpt>
      <trkpt lat="52.21799" lon="1.61613">
        <ele>0</ele>
        <time>2026-06-26T08:35:07.527Z</time>
        <name>1539</name>
        <extensions>
          <speed_mps>26.822</speed_mps>
          <speed_mph>60.0</speed_mph>
        </extensions>
      </trkpt>
      <trkpt lat="52.21798" lon="1.61665">
        <ele>0</ele>
        <time>2026-06-26T08:35:08.854Z</time>
        <name>1540</name>
        <extensions>
          <speed_mps>26.822</speed_mps>
          <speed_mph>60.0</speed_mph>
        </extensions>
      </trkpt>
      <trkpt lat="52.21831" lon="1.61669">
        <ele>0</ele>
        <time>2026-06-26T08:35:10.231Z</time>
        <name>1541</name>
        <extensions>
          <speed_mps>26.822</speed_mps>
          <speed_mph>60.0</speed_mph>
        </extensions>
      </trkpt>
    </trkseg>
  </trk>
</gpx>
