<?xml version='1.0' encoding='utf-8'?>
<gpx xmlns="http://www.topografix.com/GPX/1/1" xmlns:xsi="http://www.w3.org/2001/XMLSchema-instance" creator="PIT Pathfinder - timestamped from supplied GPX geometry for Fulcrum testing" version="1.1" xsi:schemaLocation="http://www.topografix.com/GPX/1/1 http://www.topografix.com/GPX/1/1/gpx.xsd">
  <metadata>
    <name>Orwell Logistics Park to Sizewell C - Fulcrum test - 60 mph</name>
    <desc>Converted from a KML file KML2GPX.COM</desc>
    <time>2026-06-26T08:00:00Z</time>
  </metadata>
  <wpt lat="52.0262848" lon="1.2237418">
    <ele>0</ele>
    <name>Orwell Logistics Park, Nacton, Ipswich IP10 0DD</name>
    <cmt>Waypoint no: 1</cmt>
    <desc>This is waypoint no: 1</desc>
  </wpt>
  <wpt lat="52.2182834" lon="1.617418">
    <ele>0</ele>
    <name>Sizewell C Power Station, Leiston, Suffolk, 48-50 High St, Leiston IP16 4EW</name>
    <cmt>Waypoint no: 2</cmt>
    <desc>This is waypoint no: 2</desc>
  </wpt>
  <trk>
    <name>Orwell Logistics Park to Sizewell C - 60 mph</name>
    <desc>This is track no: 1</desc>
    <number>1</number>
    <trkseg>
      <trkpt lat="52.0262800" lon="NaN">
        <ele>0</ele>
        <time>2026-06-26T08:00:00.000Z</time>
        <name>1</name>
        <extensions>
          <speed_mps>26.822</speed_mps>
          <speed_mph>60.0</speed_mph>
        </extensions>
      </trkpt>
      <trkpt lat="52.0258900" lon="NaN">
        <ele>0</ele>
        <time>2026-06-26T08:00:05.420Z</time>
        <name>2</name>
        <extensions>
          <speed_mps>26.822</speed_mps>
          <speed_mph>60.0</speed_mph>
        </extensions>
      </trkpt>
      <trkpt lat="52.0259700" lon="NaN">
        <ele>0</ele>
        <time>2026-06-26T08:00:05.886Z</time>
        <name>3</name>
        <extensions>
          <speed_mps>26.822</speed_mps>
          <speed_mph>60.0</speed_mph>
        </extensions>
      </trkpt>
      <trkpt lat="52.0260600" lon="NaN">
        <ele>0</ele>
        <time>2026-06-26T08:00:06.020Z</time>
        <name>4</name>
        <extensions>
          <speed_mps>26.822</speed_mps>
          <speed_mph>60.0</speed_mph>
        </extensions>
      </trkpt>
      <trkpt lat="52.0261600" lon="NaN">
        <ele>0</ele>
        <time>2026-06-26T08:00:06.479Z</time>
        <name>5</name>
        <extensions>
          <speed_mps>26.822</speed_mps>
          <speed_mph>60.0</speed_mph>
        </extensions>
      </trkpt>
      <trkpt lat="52.0262900" lon="NaN">
        <ele>0</ele>
        <time>2026-06-26T08:00:07.129Z</time>
        <name>6</name>
        <extensions>
          <speed_mps>26.822</speed_mps>
          <speed_mph>60.0</speed_mph>
        </extensions>
      </trkpt>
      <trkpt lat="52.0263900" lon="NaN">
        <ele>0</ele>
        <time>2026-06-26T08:00:07.231Z</time>
        <name>7</name>
        <extensions>
          <speed_mps>26.822</speed_mps>
          <speed_mph>60.0</speed_mph>
        </extensions>
      </trkpt>
      <trkpt lat="52.0265400" lon="NaN">
        <ele>0</ele>
        <time>2026-06-26T08:00:07.902Z</time>
        <name>8</name>
        <extensions>
          <speed_mps>26.822</speed_mps>
          <speed_mph>60.0</speed_mph>
        </extensions>
      </trkpt>
      <trkpt lat="52.0266500" lon="NaN">
        <ele>0</ele>
        <time>2026-06-26T08:00:08.668Z</time>
        <name>9</name>
        <extensions>
          <speed_mps>26.822</speed_mps>
          <speed_mph>60.0</speed_mph>
        </extensions>
      </trkpt>
      <trkpt lat="52.0267400" lon="NaN">
        <ele>0</ele>
        <time>2026-06-26T08:00:09.053Z</time>
        <name>10</name>
        <extensions>
          <speed_mps>26.822</speed_mps>
          <speed_mph>60.0</speed_mph>
        </extensions>
      </trkpt>
      <trkpt lat="52.0267700" lon="NaN">
        <ele>0</ele>
        <time>2026-06-26T08:00:09.824Z</time>
        <name>11</name>
        <extensions>
          <speed_mps>26.822</speed_mps>
          <speed_mph>60.0</speed_mph>
        </extensions>
      </trkpt>
      <trkpt lat="52.0268100" lon="NaN">
        <ele>0</ele>
        <time>2026-06-26T08:00:10.180Z</time>
        <name>12</name>
        <extensions>
          <speed_mps>26.822</speed_mps>
          <speed_mph>60.0</speed_mph>
        </extensions>
      </trkpt>
      <trkpt lat="52.0267800" lon="NaN">
        <ele>0</ele>
        <time>2026-06-26T08:00:10.872Z</time>
        <name>13</name>
        <extensions>
          <speed_mps>26.822</speed_mps>
          <speed_mph>60.0</speed_mph>
        </extensions>
      </trkpt>
      <trkpt lat="52.0268300" lon="NaN">
        <ele>0</ele>
        <time>2026-06-26T08:00:11.093Z</time>
        <name>14</name>
        <extensions>
          <speed_mps>26.822</speed_mps>
          <speed_mph>60.0</speed_mph>
        </extensions>
      </trkpt>
      <trkpt lat="52.0269300" lon="NaN">
        <ele>0</ele>
        <time>2026-06-26T08:00:11.144Z</time>
        <name>15</name>
        <extensions>
          <speed_mps>26.822</speed_mps>
          <speed_mph>60.0</speed_mph>
        </extensions>
      </trkpt>
      <trkpt lat="52.0270400" lon="NaN">
        <ele>0</ele>
        <time>2026-06-26T08:00:11.193Z</time>
        <name>16</name>
        <extensions>
          <speed_mps>26.822</speed_mps>
          <speed_mph>60.0</speed_mph>
        </extensions>
      </trkpt>
      <trkpt lat="52.0271400" lon="NaN">
        <ele>0</ele>
        <time>2026-06-26T08:00:11.244Z</time>
        <name>17</name>
        <extensions>
          <speed_mps>26.822</speed_mps>
          <speed_mph>60.0</speed_mph>
        </extensions>
      </trkpt>
      <trkpt lat="52.0272500" lon="NaN">
        <ele>0</ele>
        <time>2026-06-26T08:00:11.292Z</time>
        <name>18</name>
        <extensions>
          <speed_mps>26.822</speed_mps>
          <speed_mph>60.0</speed_mph>
        </extensions>
      </trkpt>
      <trkpt lat="52.0273500" lon="NaN">
        <ele>0</ele>
        <time>2026-06-26T08:00:11.624Z</time>
        <name>19</name>
        <extensions>
          <speed_mps>26.822</speed_mps>
          <speed_mph>60.0</speed_mph>
        </extensions>
      </trkpt>
      <trkpt lat="52.0274400" lon="NaN">
        <ele>0</ele>
        <time>2026-06-26T08:00:11.665Z</time>
        <name>20</name>
        <extensions>
          <speed_mps>26.822</speed_mps>
          <speed_mph>60.0</speed_mph>
        </extensions>
      </trkpt>
      <trkpt lat="52.0275400" lon="NaN">
        <ele>0</ele>
        <time>2026-06-26T08:00:11.742Z</time>
        <name>21</name>
        <extensions>
          <speed_mps>26.822</speed_mps>
          <speed_mph>60.0</speed_mph>
        </extensions>
      </trkpt>
      <trkpt lat="52.0276300" lon="NaN">
        <ele>0</ele>
        <time>2026-06-26T08:00:11.791Z</time>
        <name>22</name>
        <extensions>
          <speed_mps>26.822</speed_mps>
          <speed_mph>60.0</speed_mph>
        </extensions>
      </trkpt>
      <trkpt lat="52.0277300" lon="NaN">
        <ele>0</ele>
        <time>2026-06-26T08:00:11.816Z</time>
        <name>23</name>
        <extensions>
          <speed_mps>26.822</speed_mps>
          <speed_mph>60.0</speed_mph>
        </extensions>
      </trkpt>
      <trkpt lat="52.0278200" lon="NaN">
        <ele>0</ele>
        <time>2026-06-26T08:00:11.865Z</time>
        <name>24</name>
        <extensions>
          <speed_mps>26.822</speed_mps>
          <speed_mph>60.0</speed_mph>
        </extensions>
      </trkpt>
      <trkpt lat="52.0279200" lon="NaN">
        <ele>0</ele>
        <time>2026-06-26T08:00:11.890Z</time>
        <name>25</name>
        <extensions>
          <speed_mps>26.822</speed_mps>
          <speed_mph>60.0</speed_mph>
        </extensions>
      </trkpt>
      <trkpt lat="52.0280100" lon="NaN">
        <ele>0</ele>
        <time>2026-06-26T08:00:11.939Z</time>
        <name>26</name>
        <extensions>
          <speed_mps>26.822</speed_mps>
          <speed_mph>60.0</speed_mph>
        </extensions>
      </trkpt>
      <trkpt lat="52.0281100" lon="NaN">
        <ele>0</ele>
        <time>2026-06-26T08:00:11.964Z</time>
        <name>27</name>
        <extensions>
          <speed_mps>26.822</speed_mps>
          <speed_mph>60.0</speed_mph>
        </extensions>
      </trkpt>
      <trkpt lat="52.0282000" lon="NaN">
        <ele>0</ele>
        <time>2026-06-26T08:00:12.006Z</time>
        <name>28</name>
        <extensions>
          <speed_mps>26.822</speed_mps>
          <speed_mph>60.0</speed_mph>
        </extensions>
      </trkpt>
      <trkpt lat="52.0283000" lon="NaN">
        <ele>0</ele>
        <time>2026-06-26T08:00:12.031Z</time>
        <name>29</name>
        <extensions>
          <speed_mps>26.822</speed_mps>
          <speed_mph>60.0</speed_mph>
        </extensions>
      </trkpt>
      <trkpt lat="52.0283900" lon="NaN">
        <ele>0</ele>
        <time>2026-06-26T08:00:12.080Z</time>
        <name>30</name>
        <extensions>
          <speed_mps>26.822</speed_mps>
          <speed_mph>60.0</speed_mph>
        </extensions>
      </trkpt>
      <trkpt lat="52.0284800" lon="NaN">
        <ele>0</ele>
        <time>2026-06-26T08:00:12.121Z</time>
        <name>31</name>
        <extensions>
          <speed_mps>26.822</speed_mps>
          <speed_mph>60.0</speed_mph>
        </extensions>
      </trkpt>
      <trkpt lat="52.0285700" lon="NaN">
        <ele>0</ele>
        <time>2026-06-26T08:00:12.170Z</time>
        <name>32</name>
        <extensions>
          <speed_mps>26.822</speed_mps>
          <speed_mph>60.0</speed_mph>
        </extensions>
      </trkpt>
      <trkpt lat="52.0286600" lon="NaN">
        <ele>0</ele>
        <time>2026-06-26T08:00:12.212Z</time>
        <name>33</name>
        <extensions>
          <speed_mps>26.822</speed_mps>
          <speed_mph>60.0</speed_mph>
        </extensions>
      </trkpt>
      <trkpt lat="52.0287500" lon="NaN">
        <ele>0</ele>
        <time>2026-06-26T08:00:12.260Z</time>
        <name>34</name>
        <extensions>
          <speed_mps>26.822</speed_mps>
          <speed_mph>60.0</speed_mph>
        </extensions>
      </trkpt>
      <trkpt lat="52.0288100" lon="NaN">
        <ele>0</ele>
        <time>2026-06-26T08:00:12.426Z</time>
        <name>35</name>
        <extensions>
          <speed_mps>26.822</speed_mps>
          <speed_mph>60.0</speed_mph>
        </extensions>
      </trkpt>
      <trkpt lat="52.0289000" lon="NaN">
        <ele>0</ele>
        <time>2026-06-26T08:00:12.475Z</time>
        <name>36</name>
        <extensions>
          <speed_mps>26.822</speed_mps>
          <speed_mph>60.0</speed_mph>
        </extensions>
      </trkpt>
      <trkpt lat="52.0289900" lon="NaN">
        <ele>0</ele>
        <time>2026-06-26T08:00:12.516Z</time>
        <name>37</name>
        <extensions>
          <speed_mps>26.822</speed_mps>
          <speed_mph>60.0</speed_mph>
        </extensions>
      </trkpt>
      <trkpt lat="52.0290500" lon="NaN">
        <ele>0</ele>
        <time>2026-06-26T08:00:12.711Z</time>
        <name>38</name>
        <extensions>
          <speed_mps>26.822</speed_mps>
          <speed_mph>60.0</speed_mph>
        </extensions>
      </trkpt>
      <trkpt lat="52.0291500" lon="NaN">
        <ele>0</ele>
        <time>2026-06-26T08:00:12.736Z</time>
        <name>39</name>
        <extensions>
          <speed_mps>26.822</speed_mps>
          <speed_mph>60.0</speed_mph>
        </extensions>
      </trkpt>
      <trkpt lat="52.0292300" lon="NaN">
        <ele>0</ele>
        <time>2026-06-26T08:00:12.834Z</time>
        <name>40</name>
        <extensions>
          <speed_mps>26.822</speed_mps>
          <speed_mph>60.0</speed_mph>
        </extensions>
      </trkpt>
      <trkpt lat="52.0293300" lon="NaN">
        <ele>0</ele>
        <time>2026-06-26T08:00:12.885Z</time>
        <name>41</name>
        <extensions>
          <speed_mps>26.822</speed_mps>
          <speed_mph>60.0</speed_mph>
        </extensions>
      </trkpt>
      <trkpt lat="52.0294200" lon="NaN">
        <ele>0</ele>
        <time>2026-06-26T08:00:12.934Z</time>
        <name>42</name>
        <extensions>
          <speed_mps>26.822</speed_mps>
          <speed_mph>60.0</speed_mph>
        </extensions>
      </trkpt>
      <trkpt lat="52.0295200" lon="NaN">
        <ele>0</ele>
        <time>2026-06-26T08:00:13.010Z</time>
        <name>43</name>
        <extensions>
          <speed_mps>26.822</speed_mps>
          <speed_mph>60.0</speed_mph>
        </extensions>
      </trkpt>
      <trkpt lat="52.0296100" lon="NaN">
        <ele>0</ele>
        <time>2026-06-26T08:00:13.059Z</time>
        <name>44</name>
        <extensions>
          <speed_mps>26.822</speed_mps>
          <speed_mph>60.0</speed_mph>
        </extensions>
      </trkpt>
      <trkpt lat="52.0297100" lon="NaN">
        <ele>0</ele>
        <time>2026-06-26T08:00:13.288Z</time>
        <name>45</name>
        <extensions>
          <speed_mps>26.822</speed_mps>
          <speed_mph>60.0</speed_mph>
        </extensions>
      </trkpt>
      <trkpt lat="52.0298200" lon="NaN">
        <ele>0</ele>
        <time>2026-06-26T08:00:13.337Z</time>
        <name>46</name>
        <extensions>
          <speed_mps>26.822</speed_mps>
          <speed_mph>60.0</speed_mph>
        </extensions>
      </trkpt>
      <trkpt lat="52.0299200" lon="NaN">
        <ele>0</ele>
        <time>2026-06-26T08:00:13.413Z</time>
        <name>47</name>
        <extensions>
          <speed_mps>26.822</speed_mps>
          <speed_mph>60.0</speed_mph>
        </extensions>
      </trkpt>
      <trkpt lat="52.0300300" lon="NaN">
        <ele>0</ele>
        <time>2026-06-26T08:00:13.462Z</time>
        <name>48</name>
        <extensions>
          <speed_mps>26.822</speed_mps>
          <speed_mph>60.0</speed_mph>
        </extensions>
      </trkpt>
      <trkpt lat="52.0301300" lon="NaN">
        <ele>0</ele>
        <time>2026-06-26T08:00:13.513Z</time>
        <name>49</name>
        <extensions>
          <speed_mps>26.822</speed_mps>
          <speed_mph>60.0</speed_mph>
        </extensions>
      </trkpt>
      <trkpt lat="52.0302400" lon="NaN">
        <ele>0</ele>
        <time>2026-06-26T08:00:13.562Z</time>
        <name>50</name>
        <extensions>
          <speed_mps>26.822</speed_mps>
          <speed_mph>60.0</speed_mph>
        </extensions>
      </trkpt>
      <trkpt lat="52.0301600" lon="NaN">
        <ele>0</ele>
        <time>2026-06-26T08:00:14.745Z</time>
        <name>51</name>
        <extensions>
          <speed_mps>26.822</speed_mps>
          <speed_mph>60.0</speed_mph>
        </extensions>
      </trkpt>
      <trkpt lat="52.0301300" lon="NaN">
        <ele>0</ele>
        <time>2026-06-26T08:00:14.923Z</time>
        <name>52</name>
        <extensions>
          <speed_mps>26.822</speed_mps>
          <speed_mph>60.0</speed_mph>
        </extensions>
      </trkpt>
      <trkpt lat="52.0300000" lon="NaN">
        <ele>0</ele>
        <time>2026-06-26T08:00:15.818Z</time>
        <name>53</name>
        <extensions>
          <speed_mps>26.822</speed_mps>
          <speed_mph>60.0</speed_mph>
        </extensions>
      </trkpt>
      <trkpt lat="52.0299500" lon="NaN">
        <ele>0</ele>
        <time>2026-06-26T08:00:16.027Z</time>
        <name>54</name>
        <extensions>
          <speed_mps>26.822</speed_mps>
          <speed_mph>60.0</speed_mph>
        </extensions>
      </trkpt>
      <trkpt lat="52.0298200" lon="NaN">
        <ele>0</ele>
        <time>2026-06-26T08:00:16.595Z</time>
        <name>55</name>
        <extensions>
          <speed_mps>26.822</speed_mps>
          <speed_mph>60.0</speed_mph>
        </extensions>
      </trkpt>
      <trkpt lat="52.0297200" lon="NaN">
        <ele>0</ele>
        <time>2026-06-26T08:00:17.012Z</time>
        <name>56</name>
        <extensions>
          <speed_mps>26.822</speed_mps>
          <speed_mph>60.0</speed_mph>
        </extensions>
      </trkpt>
      <trkpt lat="52.0296700" lon="NaN">
        <ele>0</ele>
        <time>2026-06-26T08:00:17.233Z</time>
        <name>57</name>
        <extensions>
          <speed_mps>26.822</speed_mps>
          <speed_mph>60.0</speed_mph>
        </extensions>
      </trkpt>
      <trkpt lat="52.0296200" lon="NaN">
        <ele>0</ele>
        <time>2026-06-26T08:00:17.464Z</time>
        <name>58</name>
        <extensions>
          <speed_mps>26.822</speed_mps>
          <speed_mph>60.0</speed_mph>
        </extensions>
      </trkpt>
      <trkpt lat="52.0295500" lon="NaN">
        <ele>0</ele>
        <time>2026-06-26T08:00:17.834Z</time>
        <name>59</name>
        <extensions>
          <speed_mps>26.822</speed_mps>
          <speed_mph>60.0</speed_mph>
        </extensions>
      </trkpt>
      <trkpt lat="52.0294400" lon="NaN">
        <ele>0</ele>
        <time>2026-06-26T08:00:18.464Z</time>
        <name>60</name>
        <extensions>
          <speed_mps>26.822</speed_mps>
          <speed_mph>60.0</speed_mph>
        </extensions>
      </trkpt>
      <trkpt lat="52.0293100" lon="NaN">
        <ele>0</ele>
        <time>2026-06-26T08:00:20.427Z</time>
        <name>61</name>
        <extensions>
          <speed_mps>26.822</speed_mps>
          <speed_mph>60.0</speed_mph>
        </extensions>
      </trkpt>
      <trkpt lat="52.0292200" lon="NaN">
        <ele>0</ele>
        <time>2026-06-26T08:00:22.426Z</time>
        <name>62</name>
        <extensions>
          <speed_mps>26.822</speed_mps>
          <speed_mph>60.0</speed_mph>
        </extensions>
      </trkpt>
      <trkpt lat="52.0291500" lon="NaN">
        <ele>0</ele>
        <time>2026-06-26T08:00:24.892Z</time>
        <name>63</name>
        <extensions>
          <speed_mps>26.822</speed_mps>
          <speed_mph>60.0</speed_mph>
        </extensions>
      </trkpt>
      <trkpt lat="52.0291400" lon="NaN">
        <ele>0</ele>
        <time>2026-06-26T08:00:26.959Z</time>
        <name>64</name>
        <extensions>
          <speed_mps>26.822</speed_mps>
          <speed_mph>60.0</speed_mph>
        </extensions>
      </trkpt>
      <trkpt lat="52.0291700" lon="NaN">
        <ele>0</ele>
        <time>2026-06-26T08:00:28.774Z</time>
        <name>65</name>
        <extensions>
          <speed_mps>26.822</speed_mps>
          <speed_mph>60.0</speed_mph>
        </extensions>
      </trkpt>
      <trkpt lat="52.0292200" lon="NaN">
        <ele>0</ele>
        <time>2026-06-26T08:00:30.394Z</time>
        <name>66</name>
        <extensions>
          <speed_mps>26.822</speed_mps>
          <speed_mph>60.0</speed_mph>
        </extensions>
      </trkpt>
      <trkpt lat="52.0293700" lon="NaN">
        <ele>0</ele>
        <time>2026-06-26T08:00:33.144Z</time>
        <name>67</name>
        <extensions>
          <speed_mps>26.822</speed_mps>
          <speed_mph>60.0</speed_mph>
        </extensions>
      </trkpt>
      <trkpt lat="52.0294200" lon="NaN">
        <ele>0</ele>
        <time>2026-06-26T08:00:33.839Z</time>
        <name>68</name>
        <extensions>
          <speed_mps>26.822</speed_mps>
          <speed_mph>60.0</speed_mph>
        </extensions>
      </trkpt>
      <trkpt lat="52.0296100" lon="NaN">
        <ele>0</ele>
        <time>2026-06-26T08:00:36.098Z</time>
        <name>69</name>
        <extensions>
          <speed_mps>26.822</speed_mps>
          <speed_mph>60.0</speed_mph>
        </extensions>
      </trkpt>
      <trkpt lat="52.0296600" lon="NaN">
        <ele>0</ele>
        <time>2026-06-26T08:00:36.556Z</time>
        <name>70</name>
        <extensions>
          <speed_mps>26.822</speed_mps>
          <speed_mph>60.0</speed_mph>
        </extensions>
      </trkpt>
      <trkpt lat="52.0297100" lon="NaN">
        <ele>0</ele>
        <time>2026-06-26T08:00:37.106Z</time>
        <name>71</name>
        <extensions>
          <speed_mps>26.822</speed_mps>
          <speed_mph>60.0</speed_mph>
        </extensions>
      </trkpt>
      <trkpt lat="52.0299600" lon="NaN">
        <ele>0</ele>
        <time>2026-06-26T08:00:39.327Z</time>
        <name>72</name>
        <extensions>
          <speed_mps>26.822</speed_mps>
          <speed_mph>60.0</speed_mph>
        </extensions>
      </trkpt>
      <trkpt lat="52.0299600" lon="NaN">
        <ele>0</ele>
        <time>2026-06-26T08:00:39.353Z</time>
        <name>73</name>
        <extensions>
          <speed_mps>26.822</speed_mps>
          <speed_mph>60.0</speed_mph>
        </extensions>
      </trkpt>
      <trkpt lat="52.0303200" lon="NaN">
        <ele>0</ele>
        <time>2026-06-26T08:00:42.330Z</time>
        <name>74</name>
        <extensions>
          <speed_mps>26.822</speed_mps>
          <speed_mph>60.0</speed_mph>
        </extensions>
      </trkpt>
      <trkpt lat="52.0303400" lon="NaN">
        <ele>0</ele>
        <time>2026-06-26T08:00:42.527Z</time>
        <name>75</name>
        <extensions>
          <speed_mps>26.822</speed_mps>
          <speed_mph>60.0</speed_mph>
        </extensions>
      </trkpt>
      <trkpt lat="52.0319100" lon="NaN">
        <ele>0</ele>
        <time>2026-06-26T08:00:55.281Z</time>
        <name>76</name>
        <extensions>
          <speed_mps>26.822</speed_mps>
          <speed_mph>60.0</speed_mph>
        </extensions>
      </trkpt>
      <trkpt lat="52.0323300" lon="NaN">
        <ele>0</ele>
        <time>2026-06-26T08:00:58.869Z</time>
        <name>77</name>
        <extensions>
          <speed_mps>26.822</speed_mps>
          <speed_mph>60.0</speed_mph>
        </extensions>
      </trkpt>
      <trkpt lat="52.0325900" lon="NaN">
        <ele>0</ele>
        <time>2026-06-26T08:01:01.452Z</time>
        <name>78</name>
        <extensions>
          <speed_mps>26.822</speed_mps>
          <speed_mph>60.0</speed_mph>
        </extensions>
      </trkpt>
      <trkpt lat="52.0326000" lon="NaN">
        <ele>0</ele>
        <time>2026-06-26T08:01:01.610Z</time>
        <name>79</name>
        <extensions>
          <speed_mps>26.822</speed_mps>
          <speed_mph>60.0</speed_mph>
        </extensions>
      </trkpt>
      <trkpt lat="52.0326800" lon="NaN">
        <ele>0</ele>
        <time>2026-06-26T08:01:02.515Z</time>
        <name>80</name>
        <extensions>
          <speed_mps>26.822</speed_mps>
          <speed_mph>60.0</speed_mph>
        </extensions>
      </trkpt>
      <trkpt lat="52.0327400" lon="NaN">
        <ele>0</ele>
        <time>2026-06-26T08:01:03.320Z</time>
        <name>81</name>
        <extensions>
          <speed_mps>26.822</speed_mps>
          <speed_mph>60.0</speed_mph>
        </extensions>
      </trkpt>
      <trkpt lat="52.0328600" lon="NaN">
        <ele>0</ele>
        <time>2026-06-26T08:01:05.296Z</time>
        <name>82</name>
        <extensions>
          <speed_mps>26.822</speed_mps>
          <speed_mph>60.0</speed_mph>
        </extensions>
      </trkpt>
      <trkpt lat="52.0329900" lon="NaN">
        <ele>0</ele>
        <time>2026-06-26T08:01:08.480Z</time>
        <name>83</name>
        <extensions>
          <speed_mps>26.822</speed_mps>
          <speed_mph>60.0</speed_mph>
        </extensions>
      </trkpt>
      <trkpt lat="52.0330100" lon="NaN">
        <ele>0</ele>
        <time>2026-06-26T08:01:11.159Z</time>
        <name>84</name>
        <extensions>
          <speed_mps>26.822</speed_mps>
          <speed_mph>60.0</speed_mph>
        </extensions>
      </trkpt>
      <trkpt lat="52.0329600" lon="NaN">
        <ele>0</ele>
        <time>2026-06-26T08:01:13.998Z</time>
        <name>85</name>
        <extensions>
          <speed_mps>26.822</speed_mps>
          <speed_mph>60.0</speed_mph>
        </extensions>
      </trkpt>
      <trkpt lat="52.0328900" lon="NaN">
        <ele>0</ele>
        <time>2026-06-26T08:01:16.059Z</time>
        <name>86</name>
        <extensions>
          <speed_mps>26.822</speed_mps>
          <speed_mph>60.0</speed_mph>
        </extensions>
      </trkpt>
      <trkpt lat="52.0328100" lon="NaN">
        <ele>0</ele>
        <time>2026-06-26T08:01:17.750Z</time>
        <name>87</name>
        <extensions>
          <speed_mps>26.822</speed_mps>
          <speed_mph>60.0</speed_mph>
        </extensions>
      </trkpt>
      <trkpt lat="52.0328200" lon="NaN">
        <ele>0</ele>
        <time>2026-06-26T08:01:18.669Z</time>
        <name>88</name>
        <extensions>
          <speed_mps>26.822</speed_mps>
          <speed_mph>60.0</speed_mph>
        </extensions>
      </trkpt>
      <trkpt lat="52.0326200" lon="NaN">
        <ele>0</ele>
        <time>2026-06-26T08:01:21.816Z</time>
        <name>89</name>
        <extensions>
          <speed_mps>26.822</speed_mps>
          <speed_mph>60.0</speed_mph>
        </extensions>
      </trkpt>
      <trkpt lat="52.0325900" lon="NaN">
        <ele>0</ele>
        <time>2026-06-26T08:01:22.194Z</time>
        <name>90</name>
        <extensions>
          <speed_mps>26.822</speed_mps>
          <speed_mph>60.0</speed_mph>
        </extensions>
      </trkpt>
      <trkpt lat="52.0325900" lon="NaN">
        <ele>0</ele>
        <time>2026-06-26T08:01:22.219Z</time>
        <name>91</name>
        <extensions>
          <speed_mps>26.822</speed_mps>
          <speed_mph>60.0</speed_mph>
        </extensions>
      </trkpt>
      <trkpt lat="52.0324800" lon="NaN">
        <ele>0</ele>
        <time>2026-06-26T08:01:23.670Z</time>
        <name>92</name>
        <extensions>
          <speed_mps>26.822</speed_mps>
          <speed_mph>60.0</speed_mph>
        </extensions>
      </trkpt>
      <trkpt lat="52.0324800" lon="NaN">
        <ele>0</ele>
        <time>2026-06-26T08:01:23.696Z</time>
        <name>93</name>
        <extensions>
          <speed_mps>26.822</speed_mps>
          <speed_mph>60.0</speed_mph>
        </extensions>
      </trkpt>
      <trkpt lat="52.0321200" lon="NaN">
        <ele>0</ele>
        <time>2026-06-26T08:01:28.475Z</time>
        <name>94</name>
        <extensions>
          <speed_mps>26.822</speed_mps>
          <speed_mph>60.0</speed_mph>
        </extensions>
      </trkpt>
      <trkpt lat="52.0321200" lon="NaN">
        <ele>0</ele>
        <time>2026-06-26T08:01:28.551Z</time>
        <name>95</name>
        <extensions>
          <speed_mps>26.822</speed_mps>
          <speed_mph>60.0</speed_mph>
        </extensions>
      </trkpt>
      <trkpt lat="52.0319900" lon="NaN">
        <ele>0</ele>
        <time>2026-06-26T08:01:30.007Z</time>
        <name>96</name>
        <extensions>
          <speed_mps>26.822</speed_mps>
          <speed_mph>60.0</speed_mph>
        </extensions>
      </trkpt>
      <trkpt lat="52.0318000" lon="NaN">
        <ele>0</ele>
        <time>2026-06-26T08:01:32.410Z</time>
        <name>97</name>
        <extensions>
          <speed_mps>26.822</speed_mps>
          <speed_mph>60.0</speed_mph>
        </extensions>
      </trkpt>
      <trkpt lat="52.0318000" lon="NaN">
        <ele>0</ele>
        <time>2026-06-26T08:01:32.537Z</time>
        <name>98</name>
        <extensions>
          <speed_mps>26.822</speed_mps>
          <speed_mph>60.0</speed_mph>
        </extensions>
      </trkpt>
      <trkpt lat="52.0318100" lon="NaN">
        <ele>0</ele>
        <time>2026-06-26T08:01:32.647Z</time>
        <name>99</name>
        <extensions>
          <speed_mps>26.822</speed_mps>
          <speed_mph>60.0</speed_mph>
        </extensions>
      </trkpt>
      <trkpt lat="52.0318100" lon="NaN">
        <ele>0</ele>
        <time>2026-06-26T08:01:32.775Z</time>
        <name>100</name>
        <extensions>
          <speed_mps>26.822</speed_mps>
          <speed_mph>60.0</speed_mph>
        </extensions>
      </trkpt>
      <trkpt lat="52.0318500" lon="NaN">
        <ele>0</ele>
        <time>2026-06-26T08:01:33.079Z</time>
        <name>101</name>
        <extensions>
          <speed_mps>26.822</speed_mps>
          <speed_mph>60.0</speed_mph>
        </extensions>
      </trkpt>
      <trkpt lat="52.0318800" lon="NaN">
        <ele>0</ele>
        <time>2026-06-26T08:01:33.363Z</time>
        <name>102</name>
        <extensions>
          <speed_mps>26.822</speed_mps>
          <speed_mph>60.0</speed_mph>
        </extensions>
      </trkpt>
      <trkpt lat="52.0319200" lon="NaN">
        <ele>0</ele>
        <time>2026-06-26T08:01:33.997Z</time>
        <name>103</name>
        <extensions>
          <speed_mps>26.822</speed_mps>
          <speed_mph>60.0</speed_mph>
        </extensions>
      </trkpt>
      <trkpt lat="52.0319400" lon="NaN">
        <ele>0</ele>
        <time>2026-06-26T08:01:34.217Z</time>
        <name>104</name>
        <extensions>
          <speed_mps>26.822</speed_mps>
          <speed_mph>60.0</speed_mph>
        </extensions>
      </trkpt>
      <trkpt lat="52.0320200" lon="NaN">
        <ele>0</ele>
        <time>2026-06-26T08:01:34.869Z</time>
        <name>105</name>
        <extensions>
          <speed_mps>26.822</speed_mps>
          <speed_mph>60.0</speed_mph>
        </extensions>
      </trkpt>
      <trkpt lat="52.0320200" lon="NaN">
        <ele>0</ele>
        <time>2026-06-26T08:01:34.895Z</time>
        <name>106</name>
        <extensions>
          <speed_mps>26.822</speed_mps>
          <speed_mph>60.0</speed_mph>
        </extensions>
      </trkpt>
      <trkpt lat="52.0320700" lon="NaN">
        <ele>0</ele>
        <time>2026-06-26T08:01:35.204Z</time>
        <name>107</name>
        <extensions>
          <speed_mps>26.822</speed_mps>
          <speed_mph>60.0</speed_mph>
        </extensions>
      </trkpt>
      <trkpt lat="52.0321000" lon="NaN">
        <ele>0</ele>
        <time>2026-06-26T08:01:35.422Z</time>
        <name>108</name>
        <extensions>
          <speed_mps>26.822</speed_mps>
          <speed_mph>60.0</speed_mph>
        </extensions>
      </trkpt>
      <trkpt lat="52.0321500" lon="NaN">
        <ele>0</ele>
        <time>2026-06-26T08:01:35.713Z</time>
        <name>109</name>
        <extensions>
          <speed_mps>26.822</speed_mps>
          <speed_mph>60.0</speed_mph>
        </extensions>
      </trkpt>
      <trkpt lat="52.0322600" lon="NaN">
        <ele>0</ele>
        <time>2026-06-26T08:01:36.308Z</time>
        <name>110</name>
        <extensions>
          <speed_mps>26.822</speed_mps>
          <speed_mph>60.0</speed_mph>
        </extensions>
      </trkpt>
      <trkpt lat="52.0323200" lon="NaN">
        <ele>0</ele>
        <time>2026-06-26T08:01:36.600Z</time>
        <name>111</name>
        <extensions>
          <speed_mps>26.822</speed_mps>
          <speed_mph>60.0</speed_mph>
        </extensions>
      </trkpt>
      <trkpt lat="52.0323200" lon="NaN">
        <ele>0</ele>
        <time>2026-06-26T08:01:36.625Z</time>
        <name>112</name>
        <extensions>
          <speed_mps>26.822</speed_mps>
          <speed_mph>60.0</speed_mph>
        </extensions>
      </trkpt>
      <trkpt lat="52.0325900" lon="NaN">
        <ele>0</ele>
        <time>2026-06-26T08:01:37.845Z</time>
        <name>113</name>
        <extensions>
          <speed_mps>26.822</speed_mps>
          <speed_mph>60.0</speed_mph>
        </extensions>
      </trkpt>
      <trkpt lat="52.0326300" lon="NaN">
        <ele>0</ele>
        <time>2026-06-26T08:01:38.040Z</time>
        <name>114</name>
        <extensions>
          <speed_mps>26.822</speed_mps>
          <speed_mph>60.0</speed_mph>
        </extensions>
      </trkpt>
      <trkpt lat="52.0331900" lon="NaN">
        <ele>0</ele>
        <time>2026-06-26T08:01:40.597Z</time>
        <name>115</name>
        <extensions>
          <speed_mps>26.822</speed_mps>
          <speed_mph>60.0</speed_mph>
        </extensions>
      </trkpt>
      <trkpt lat="52.0336000" lon="NaN">
        <ele>0</ele>
        <time>2026-06-26T08:01:42.430Z</time>
        <name>116</name>
        <extensions>
          <speed_mps>26.822</speed_mps>
          <speed_mph>60.0</speed_mph>
        </extensions>
      </trkpt>
      <trkpt lat="52.0337900" lon="NaN">
        <ele>0</ele>
        <time>2026-06-26T08:01:43.258Z</time>
        <name>117</name>
        <extensions>
          <speed_mps>26.822</speed_mps>
          <speed_mph>60.0</speed_mph>
        </extensions>
      </trkpt>
      <trkpt lat="52.0339700" lon="NaN">
        <ele>0</ele>
        <time>2026-06-26T08:01:44.056Z</time>
        <name>118</name>
        <extensions>
          <speed_mps>26.822</speed_mps>
          <speed_mph>60.0</speed_mph>
        </extensions>
      </trkpt>
      <trkpt lat="52.0346800" lon="NaN">
        <ele>0</ele>
        <time>2026-06-26T08:01:47.117Z</time>
        <name>119</name>
        <extensions>
          <speed_mps>26.822</speed_mps>
          <speed_mph>60.0</speed_mph>
        </extensions>
      </trkpt>
      <trkpt lat="52.0350600" lon="NaN">
        <ele>0</ele>
        <time>2026-06-26T08:01:48.727Z</time>
        <name>120</name>
        <extensions>
          <speed_mps>26.822</speed_mps>
          <speed_mph>60.0</speed_mph>
        </extensions>
      </trkpt>
      <trkpt lat="52.0356600" lon="NaN">
        <ele>0</ele>
        <time>2026-06-26T08:01:51.247Z</time>
        <name>121</name>
        <extensions>
          <speed_mps>26.822</speed_mps>
          <speed_mph>60.0</speed_mph>
        </extensions>
      </trkpt>
      <trkpt lat="52.0363300" lon="NaN">
        <ele>0</ele>
        <time>2026-06-26T08:01:54.039Z</time>
        <name>122</name>
        <extensions>
          <speed_mps>26.822</speed_mps>
          <speed_mph>60.0</speed_mph>
        </extensions>
      </trkpt>
      <trkpt lat="52.0373000" lon="NaN">
        <ele>0</ele>
        <time>2026-06-26T08:01:58.070Z</time>
        <name>123</name>
        <extensions>
          <speed_mps>26.822</speed_mps>
          <speed_mph>60.0</speed_mph>
        </extensions>
      </trkpt>
      <trkpt lat="52.0380400" lon="NaN">
        <ele>0</ele>
        <time>2026-06-26T08:02:01.153Z</time>
        <name>124</name>
        <extensions>
          <speed_mps>26.822</speed_mps>
          <speed_mph>60.0</speed_mph>
        </extensions>
      </trkpt>
      <trkpt lat="52.0383500" lon="NaN">
        <ele>0</ele>
        <time>2026-06-26T08:02:02.454Z</time>
        <name>125</name>
        <extensions>
          <speed_mps>26.822</speed_mps>
          <speed_mph>60.0</speed_mph>
        </extensions>
      </trkpt>
      <trkpt lat="52.0385800" lon="NaN">
        <ele>0</ele>
        <time>2026-06-26T08:02:03.424Z</time>
        <name>126</name>
        <extensions>
          <speed_mps>26.822</speed_mps>
          <speed_mph>60.0</speed_mph>
        </extensions>
      </trkpt>
      <trkpt lat="52.0392100" lon="NaN">
        <ele>0</ele>
        <time>2026-06-26T08:02:06.101Z</time>
        <name>127</name>
        <extensions>
          <speed_mps>26.822</speed_mps>
          <speed_mph>60.0</speed_mph>
        </extensions>
      </trkpt>
      <trkpt lat="52.0398300" lon="NaN">
        <ele>0</ele>
        <time>2026-06-26T08:02:08.776Z</time>
        <name>128</name>
        <extensions>
          <speed_mps>26.822</speed_mps>
          <speed_mph>60.0</speed_mph>
        </extensions>
      </trkpt>
      <trkpt lat="52.0408900" lon="NaN">
        <ele>0</ele>
        <time>2026-06-26T08:02:13.437Z</time>
        <name>129</name>
        <extensions>
          <speed_mps>26.822</speed_mps>
          <speed_mph>60.0</speed_mph>
        </extensions>
      </trkpt>
      <trkpt lat="52.0409000" lon="NaN">
        <ele>0</ele>
        <time>2026-06-26T08:02:13.486Z</time>
        <name>130</name>
        <extensions>
          <speed_mps>26.822</speed_mps>
          <speed_mph>60.0</speed_mph>
        </extensions>
      </trkpt>
      <trkpt lat="52.0410500" lon="NaN">
        <ele>0</ele>
        <time>2026-06-26T08:02:14.158Z</time>
        <name>131</name>
        <extensions>
          <speed_mps>26.822</speed_mps>
          <speed_mph>60.0</speed_mph>
        </extensions>
      </trkpt>
      <trkpt lat="52.0411900" lon="NaN">
        <ele>0</ele>
        <time>2026-06-26T08:02:14.773Z</time>
        <name>132</name>
        <extensions>
          <speed_mps>26.822</speed_mps>
          <speed_mph>60.0</speed_mph>
        </extensions>
      </trkpt>
      <trkpt lat="52.0417900" lon="NaN">
        <ele>0</ele>
        <time>2026-06-26T08:02:17.452Z</time>
        <name>133</name>
        <extensions>
          <speed_mps>26.822</speed_mps>
          <speed_mph>60.0</speed_mph>
        </extensions>
      </trkpt>
      <trkpt lat="52.0424600" lon="NaN">
        <ele>0</ele>
        <time>2026-06-26T08:02:20.477Z</time>
        <name>134</name>
        <extensions>
          <speed_mps>26.822</speed_mps>
          <speed_mph>60.0</speed_mph>
        </extensions>
      </trkpt>
      <trkpt lat="52.0428700" lon="NaN">
        <ele>0</ele>
        <time>2026-06-26T08:02:22.352Z</time>
        <name>135</name>
        <extensions>
          <speed_mps>26.822</speed_mps>
          <speed_mph>60.0</speed_mph>
        </extensions>
      </trkpt>
      <trkpt lat="52.0428900" lon="NaN">
        <ele>0</ele>
        <time>2026-06-26T08:02:22.449Z</time>
        <name>136</name>
        <extensions>
          <speed_mps>26.822</speed_mps>
          <speed_mph>60.0</speed_mph>
        </extensions>
      </trkpt>
      <trkpt lat="52.0430900" lon="NaN">
        <ele>0</ele>
        <time>2026-06-26T08:02:23.362Z</time>
        <name>137</name>
        <extensions>
          <speed_mps>26.822</speed_mps>
          <speed_mph>60.0</speed_mph>
        </extensions>
      </trkpt>
      <trkpt lat="52.0436100" lon="NaN">
        <ele>0</ele>
        <time>2026-06-26T08:02:25.769Z</time>
        <name>138</name>
        <extensions>
          <speed_mps>26.822</speed_mps>
          <speed_mph>60.0</speed_mph>
        </extensions>
      </trkpt>
      <trkpt lat="52.0437300" lon="NaN">
        <ele>0</ele>
        <time>2026-06-26T08:02:26.340Z</time>
        <name>139</name>
        <extensions>
          <speed_mps>26.822</speed_mps>
          <speed_mph>60.0</speed_mph>
        </extensions>
      </trkpt>
      <trkpt lat="52.0438200" lon="NaN">
        <ele>0</ele>
        <time>2026-06-26T08:02:26.754Z</time>
        <name>140</name>
        <extensions>
          <speed_mps>26.822</speed_mps>
          <speed_mph>60.0</speed_mph>
        </extensions>
      </trkpt>
      <trkpt lat="52.0438400" lon="NaN">
        <ele>0</ele>
        <time>2026-06-26T08:02:26.841Z</time>
        <name>141</name>
        <extensions>
          <speed_mps>26.822</speed_mps>
          <speed_mph>60.0</speed_mph>
        </extensions>
      </trkpt>
      <trkpt lat="52.0445900" lon="NaN">
        <ele>0</ele>
        <time>2026-06-26T08:02:30.439Z</time>
        <name>142</name>
        <extensions>
          <speed_mps>26.822</speed_mps>
          <speed_mph>60.0</speed_mph>
        </extensions>
      </trkpt>
      <trkpt lat="52.0447100" lon="NaN">
        <ele>0</ele>
        <time>2026-06-26T08:02:31.037Z</time>
        <name>143</name>
        <extensions>
          <speed_mps>26.822</speed_mps>
          <speed_mph>60.0</speed_mph>
        </extensions>
      </trkpt>
      <trkpt lat="52.0447700" lon="NaN">
        <ele>0</ele>
        <time>2026-06-26T08:02:31.316Z</time>
        <name>144</name>
        <extensions>
          <speed_mps>26.822</speed_mps>
          <speed_mph>60.0</speed_mph>
        </extensions>
      </trkpt>
      <trkpt lat="52.0448200" lon="NaN">
        <ele>0</ele>
        <time>2026-06-26T08:02:31.574Z</time>
        <name>145</name>
        <extensions>
          <speed_mps>26.822</speed_mps>
          <speed_mph>60.0</speed_mph>
        </extensions>
      </trkpt>
      <trkpt lat="52.0448600" lon="NaN">
        <ele>0</ele>
        <time>2026-06-26T08:02:31.756Z</time>
        <name>146</name>
        <extensions>
          <speed_mps>26.822</speed_mps>
          <speed_mph>60.0</speed_mph>
        </extensions>
      </trkpt>
      <trkpt lat="52.0449200" lon="NaN">
        <ele>0</ele>
        <time>2026-06-26T08:02:32.062Z</time>
        <name>147</name>
        <extensions>
          <speed_mps>26.822</speed_mps>
          <speed_mph>60.0</speed_mph>
        </extensions>
      </trkpt>
      <trkpt lat="52.0451300" lon="NaN">
        <ele>0</ele>
        <time>2026-06-26T08:02:33.085Z</time>
        <name>148</name>
        <extensions>
          <speed_mps>26.822</speed_mps>
          <speed_mph>60.0</speed_mph>
        </extensions>
      </trkpt>
      <trkpt lat="52.0458200" lon="NaN">
        <ele>0</ele>
        <time>2026-06-26T08:02:36.511Z</time>
        <name>149</name>
        <extensions>
          <speed_mps>26.822</speed_mps>
          <speed_mph>60.0</speed_mph>
        </extensions>
      </trkpt>
      <trkpt lat="52.0460200" lon="NaN">
        <ele>0</ele>
        <time>2026-06-26T08:02:37.527Z</time>
        <name>150</name>
        <extensions>
          <speed_mps>26.822</speed_mps>
          <speed_mph>60.0</speed_mph>
        </extensions>
      </trkpt>
      <trkpt lat="52.0462700" lon="NaN">
        <ele>0</ele>
        <time>2026-06-26T08:02:38.878Z</time>
        <name>151</name>
        <extensions>
          <speed_mps>26.822</speed_mps>
          <speed_mph>60.0</speed_mph>
        </extensions>
      </trkpt>
      <trkpt lat="52.0463600" lon="NaN">
        <ele>0</ele>
        <time>2026-06-26T08:02:39.345Z</time>
        <name>152</name>
        <extensions>
          <speed_mps>26.822</speed_mps>
          <speed_mph>60.0</speed_mph>
        </extensions>
      </trkpt>
      <trkpt lat="52.0468000" lon="NaN">
        <ele>0</ele>
        <time>2026-06-26T08:02:41.827Z</time>
        <name>153</name>
        <extensions>
          <speed_mps>26.822</speed_mps>
          <speed_mph>60.0</speed_mph>
        </extensions>
      </trkpt>
      <trkpt lat="52.0470900" lon="NaN">
        <ele>0</ele>
        <time>2026-06-26T08:02:43.524Z</time>
        <name>154</name>
        <extensions>
          <speed_mps>26.822</speed_mps>
          <speed_mph>60.0</speed_mph>
        </extensions>
      </trkpt>
      <trkpt lat="52.0471300" lon="NaN">
        <ele>0</ele>
        <time>2026-06-26T08:02:43.787Z</time>
        <name>155</name>
        <extensions>
          <speed_mps>26.822</speed_mps>
          <speed_mph>60.0</speed_mph>
        </extensions>
      </trkpt>
      <trkpt lat="52.0472800" lon="NaN">
        <ele>0</ele>
        <time>2026-06-26T08:02:44.678Z</time>
        <name>156</name>
        <extensions>
          <speed_mps>26.822</speed_mps>
          <speed_mph>60.0</speed_mph>
        </extensions>
      </trkpt>
      <trkpt lat="52.0473000" lon="NaN">
        <ele>0</ele>
        <time>2026-06-26T08:02:44.775Z</time>
        <name>157</name>
        <extensions>
          <speed_mps>26.822</speed_mps>
          <speed_mph>60.0</speed_mph>
        </extensions>
      </trkpt>
      <trkpt lat="52.0474600" lon="NaN">
        <ele>0</ele>
        <time>2026-06-26T08:02:45.731Z</time>
        <name>158</name>
        <extensions>
          <speed_mps>26.822</speed_mps>
          <speed_mph>60.0</speed_mph>
        </extensions>
      </trkpt>
      <trkpt lat="52.0474700" lon="NaN">
        <ele>0</ele>
        <time>2026-06-26T08:02:45.780Z</time>
        <name>159</name>
        <extensions>
          <speed_mps>26.822</speed_mps>
          <speed_mph>60.0</speed_mph>
        </extensions>
      </trkpt>
      <trkpt lat="52.0482200" lon="NaN">
        <ele>0</ele>
        <time>2026-06-26T08:02:50.232Z</time>
        <name>160</name>
        <extensions>
          <speed_mps>26.822</speed_mps>
          <speed_mph>60.0</speed_mph>
        </extensions>
      </trkpt>
      <trkpt lat="52.0482500" lon="NaN">
        <ele>0</ele>
        <time>2026-06-26T08:02:50.430Z</time>
        <name>161</name>
        <extensions>
          <speed_mps>26.822</speed_mps>
          <speed_mph>60.0</speed_mph>
        </extensions>
      </trkpt>
      <trkpt lat="52.0482700" lon="NaN">
        <ele>0</ele>
        <time>2026-06-26T08:02:50.527Z</time>
        <name>162</name>
        <extensions>
          <speed_mps>26.822</speed_mps>
          <speed_mph>60.0</speed_mph>
        </extensions>
      </trkpt>
      <trkpt lat="52.0494500" lon="NaN">
        <ele>0</ele>
        <time>2026-06-26T08:02:57.520Z</time>
        <name>163</name>
        <extensions>
          <speed_mps>26.822</speed_mps>
          <speed_mph>60.0</speed_mph>
        </extensions>
      </trkpt>
      <trkpt lat="52.0494800" lon="NaN">
        <ele>0</ele>
        <time>2026-06-26T08:02:57.681Z</time>
        <name>164</name>
        <extensions>
          <speed_mps>26.822</speed_mps>
          <speed_mph>60.0</speed_mph>
        </extensions>
      </trkpt>
      <trkpt lat="52.0499200" lon="NaN">
        <ele>0</ele>
        <time>2026-06-26T08:03:00.305Z</time>
        <name>165</name>
        <extensions>
          <speed_mps>26.822</speed_mps>
          <speed_mph>60.0</speed_mph>
        </extensions>
      </trkpt>
      <trkpt lat="52.0499600" lon="NaN">
        <ele>0</ele>
        <time>2026-06-26T08:03:00.515Z</time>
        <name>166</name>
        <extensions>
          <speed_mps>26.822</speed_mps>
          <speed_mph>60.0</speed_mph>
        </extensions>
      </trkpt>
      <trkpt lat="52.0500600" lon="NaN">
        <ele>0</ele>
        <time>2026-06-26T08:03:01.133Z</time>
        <name>167</name>
        <extensions>
          <speed_mps>26.822</speed_mps>
          <speed_mph>60.0</speed_mph>
        </extensions>
      </trkpt>
      <trkpt lat="52.0506800" lon="NaN">
        <ele>0</ele>
        <time>2026-06-26T08:03:04.789Z</time>
        <name>168</name>
        <extensions>
          <speed_mps>26.822</speed_mps>
          <speed_mph>60.0</speed_mph>
        </extensions>
      </trkpt>
      <trkpt lat="52.0506800" lon="NaN">
        <ele>0</ele>
        <time>2026-06-26T08:03:04.815Z</time>
        <name>169</name>
        <extensions>
          <speed_mps>26.822</speed_mps>
          <speed_mph>60.0</speed_mph>
        </extensions>
      </trkpt>
      <trkpt lat="52.0517500" lon="NaN">
        <ele>0</ele>
        <time>2026-06-26T08:03:11.125Z</time>
        <name>170</name>
        <extensions>
          <speed_mps>26.822</speed_mps>
          <speed_mph>60.0</speed_mph>
        </extensions>
      </trkpt>
      <trkpt lat="52.0518100" lon="NaN">
        <ele>0</ele>
        <time>2026-06-26T08:03:11.500Z</time>
        <name>171</name>
        <extensions>
          <speed_mps>26.822</speed_mps>
          <speed_mph>60.0</speed_mph>
        </extensions>
      </trkpt>
      <trkpt lat="52.0518200" lon="NaN">
        <ele>0</ele>
        <time>2026-06-26T08:03:11.541Z</time>
        <name>172</name>
        <extensions>
          <speed_mps>26.822</speed_mps>
          <speed_mph>60.0</speed_mph>
        </extensions>
      </trkpt>
      <trkpt lat="52.0518700" lon="NaN">
        <ele>0</ele>
        <time>2026-06-26T08:03:11.870Z</time>
        <name>173</name>
        <extensions>
          <speed_mps>26.822</speed_mps>
          <speed_mph>60.0</speed_mph>
        </extensions>
      </trkpt>
      <trkpt lat="52.0519400" lon="NaN">
        <ele>0</ele>
        <time>2026-06-26T08:03:12.273Z</time>
        <name>174</name>
        <extensions>
          <speed_mps>26.822</speed_mps>
          <speed_mph>60.0</speed_mph>
        </extensions>
      </trkpt>
      <trkpt lat="52.0519500" lon="NaN">
        <ele>0</ele>
        <time>2026-06-26T08:03:12.322Z</time>
        <name>175</name>
        <extensions>
          <speed_mps>26.822</speed_mps>
          <speed_mph>60.0</speed_mph>
        </extensions>
      </trkpt>
      <trkpt lat="52.0522900" lon="NaN">
        <ele>0</ele>
        <time>2026-06-26T08:03:14.346Z</time>
        <name>176</name>
        <extensions>
          <speed_mps>26.822</speed_mps>
          <speed_mph>60.0</speed_mph>
        </extensions>
      </trkpt>
      <trkpt lat="52.0527100" lon="NaN">
        <ele>0</ele>
        <time>2026-06-26T08:03:16.750Z</time>
        <name>177</name>
        <extensions>
          <speed_mps>26.822</speed_mps>
          <speed_mph>60.0</speed_mph>
        </extensions>
      </trkpt>
      <trkpt lat="52.0527900" lon="NaN">
        <ele>0</ele>
        <time>2026-06-26T08:03:17.105Z</time>
        <name>178</name>
        <extensions>
          <speed_mps>26.822</speed_mps>
          <speed_mph>60.0</speed_mph>
        </extensions>
      </trkpt>
      <trkpt lat="52.0528900" lon="NaN">
        <ele>0</ele>
        <time>2026-06-26T08:03:17.527Z</time>
        <name>179</name>
        <extensions>
          <speed_mps>26.822</speed_mps>
          <speed_mph>60.0</speed_mph>
        </extensions>
      </trkpt>
      <trkpt lat="52.0529000" lon="NaN">
        <ele>0</ele>
        <time>2026-06-26T08:03:17.568Z</time>
        <name>180</name>
        <extensions>
          <speed_mps>26.822</speed_mps>
          <speed_mph>60.0</speed_mph>
        </extensions>
      </trkpt>
      <trkpt lat="52.0529000" lon="NaN">
        <ele>0</ele>
        <time>2026-06-26T08:03:17.594Z</time>
        <name>181</name>
        <extensions>
          <speed_mps>26.822</speed_mps>
          <speed_mph>60.0</speed_mph>
        </extensions>
      </trkpt>
      <trkpt lat="52.0529200" lon="NaN">
        <ele>0</ele>
        <time>2026-06-26T08:03:17.677Z</time>
        <name>182</name>
        <extensions>
          <speed_mps>26.822</speed_mps>
          <speed_mph>60.0</speed_mph>
        </extensions>
      </trkpt>
      <trkpt lat="52.0529300" lon="NaN">
        <ele>0</ele>
        <time>2026-06-26T08:03:17.726Z</time>
        <name>183</name>
        <extensions>
          <speed_mps>26.822</speed_mps>
          <speed_mph>60.0</speed_mph>
        </extensions>
      </trkpt>
      <trkpt lat="52.0529900" lon="NaN">
        <ele>0</ele>
        <time>2026-06-26T08:03:17.974Z</time>
        <name>184</name>
        <extensions>
          <speed_mps>26.822</speed_mps>
          <speed_mph>60.0</speed_mph>
        </extensions>
      </trkpt>
      <trkpt lat="52.0530500" lon="NaN">
        <ele>0</ele>
        <time>2026-06-26T08:03:18.228Z</time>
        <name>185</name>
        <extensions>
          <speed_mps>26.822</speed_mps>
          <speed_mph>60.0</speed_mph>
        </extensions>
      </trkpt>
      <trkpt lat="52.0531100" lon="NaN">
        <ele>0</ele>
        <time>2026-06-26T08:03:18.497Z</time>
        <name>186</name>
        <extensions>
          <speed_mps>26.822</speed_mps>
          <speed_mph>60.0</speed_mph>
        </extensions>
      </trkpt>
      <trkpt lat="52.0531800" lon="NaN">
        <ele>0</ele>
        <time>2026-06-26T08:03:18.883Z</time>
        <name>187</name>
        <extensions>
          <speed_mps>26.822</speed_mps>
          <speed_mph>60.0</speed_mph>
        </extensions>
      </trkpt>
      <trkpt lat="52.0531900" lon="NaN">
        <ele>0</ele>
        <time>2026-06-26T08:03:18.970Z</time>
        <name>188</name>
        <extensions>
          <speed_mps>26.822</speed_mps>
          <speed_mph>60.0</speed_mph>
        </extensions>
      </trkpt>
      <trkpt lat="52.0532000" lon="NaN">
        <ele>0</ele>
        <time>2026-06-26T08:03:19.036Z</time>
        <name>189</name>
        <extensions>
          <speed_mps>26.822</speed_mps>
          <speed_mph>60.0</speed_mph>
        </extensions>
      </trkpt>
      <trkpt lat="52.0532500" lon="NaN">
        <ele>0</ele>
        <time>2026-06-26T08:03:19.494Z</time>
        <name>190</name>
        <extensions>
          <speed_mps>26.822</speed_mps>
          <speed_mph>60.0</speed_mph>
        </extensions>
      </trkpt>
      <trkpt lat="52.0533300" lon="NaN">
        <ele>0</ele>
        <time>2026-06-26T08:03:20.019Z</time>
        <name>191</name>
        <extensions>
          <speed_mps>26.822</speed_mps>
          <speed_mph>60.0</speed_mph>
        </extensions>
      </trkpt>
      <trkpt lat="52.0534400" lon="NaN">
        <ele>0</ele>
        <time>2026-06-26T08:03:21.183Z</time>
        <name>192</name>
        <extensions>
          <speed_mps>26.822</speed_mps>
          <speed_mph>60.0</speed_mph>
        </extensions>
      </trkpt>
      <trkpt lat="52.0534700" lon="NaN">
        <ele>0</ele>
        <time>2026-06-26T08:03:21.380Z</time>
        <name>193</name>
        <extensions>
          <speed_mps>26.822</speed_mps>
          <speed_mph>60.0</speed_mph>
        </extensions>
      </trkpt>
      <trkpt lat="52.0534800" lon="NaN">
        <ele>0</ele>
        <time>2026-06-26T08:03:21.490Z</time>
        <name>194</name>
        <extensions>
          <speed_mps>26.822</speed_mps>
          <speed_mph>60.0</speed_mph>
        </extensions>
      </trkpt>
      <trkpt lat="52.0535000" lon="NaN">
        <ele>0</ele>
        <time>2026-06-26T08:03:21.642Z</time>
        <name>195</name>
        <extensions>
          <speed_mps>26.822</speed_mps>
          <speed_mph>60.0</speed_mph>
        </extensions>
      </trkpt>
      <trkpt lat="52.0535800" lon="NaN">
        <ele>0</ele>
        <time>2026-06-26T08:03:22.077Z</time>
        <name>196</name>
        <extensions>
          <speed_mps>26.822</speed_mps>
          <speed_mph>60.0</speed_mph>
        </extensions>
      </trkpt>
      <trkpt lat="52.0539900" lon="NaN">
        <ele>0</ele>
        <time>2026-06-26T08:03:24.142Z</time>
        <name>197</name>
        <extensions>
          <speed_mps>26.822</speed_mps>
          <speed_mph>60.0</speed_mph>
        </extensions>
      </trkpt>
      <trkpt lat="52.0543200" lon="NaN">
        <ele>0</ele>
        <time>2026-06-26T08:03:25.748Z</time>
        <name>198</name>
        <extensions>
          <speed_mps>26.822</speed_mps>
          <speed_mph>60.0</speed_mph>
        </extensions>
      </trkpt>
      <trkpt lat="52.0548000" lon="NaN">
        <ele>0</ele>
        <time>2026-06-26T08:03:27.984Z</time>
        <name>199</name>
        <extensions>
          <speed_mps>26.822</speed_mps>
          <speed_mph>60.0</speed_mph>
        </extensions>
      </trkpt>
      <trkpt lat="52.0553100" lon="NaN">
        <ele>0</ele>
        <time>2026-06-26T08:03:30.269Z</time>
        <name>200</name>
        <extensions>
          <speed_mps>26.822</speed_mps>
          <speed_mph>60.0</speed_mph>
        </extensions>
      </trkpt>
      <trkpt lat="52.0554200" lon="NaN">
        <ele>0</ele>
        <time>2026-06-26T08:03:30.750Z</time>
        <name>201</name>
        <extensions>
          <speed_mps>26.822</speed_mps>
          <speed_mph>60.0</speed_mph>
        </extensions>
      </trkpt>
      <trkpt lat="52.0555500" lon="NaN">
        <ele>0</ele>
        <time>2026-06-26T08:03:31.310Z</time>
        <name>202</name>
        <extensions>
          <speed_mps>26.822</speed_mps>
          <speed_mph>60.0</speed_mph>
        </extensions>
      </trkpt>
      <trkpt lat="52.0556900" lon="NaN">
        <ele>0</ele>
        <time>2026-06-26T08:03:31.925Z</time>
        <name>203</name>
        <extensions>
          <speed_mps>26.822</speed_mps>
          <speed_mph>60.0</speed_mph>
        </extensions>
      </trkpt>
      <trkpt lat="52.0557200" lon="NaN">
        <ele>0</ele>
        <time>2026-06-26T08:03:32.052Z</time>
        <name>204</name>
        <extensions>
          <speed_mps>26.822</speed_mps>
          <speed_mph>60.0</speed_mph>
        </extensions>
      </trkpt>
      <trkpt lat="52.0557500" lon="NaN">
        <ele>0</ele>
        <time>2026-06-26T08:03:32.187Z</time>
        <name>205</name>
        <extensions>
          <speed_mps>26.822</speed_mps>
          <speed_mph>60.0</speed_mph>
        </extensions>
      </trkpt>
      <trkpt lat="52.0560400" lon="NaN">
        <ele>0</ele>
        <time>2026-06-26T08:03:33.427Z</time>
        <name>206</name>
        <extensions>
          <speed_mps>26.822</speed_mps>
          <speed_mph>60.0</speed_mph>
        </extensions>
      </trkpt>
      <trkpt lat="52.0563200" lon="NaN">
        <ele>0</ele>
        <time>2026-06-26T08:03:34.610Z</time>
        <name>207</name>
        <extensions>
          <speed_mps>26.822</speed_mps>
          <speed_mph>60.0</speed_mph>
        </extensions>
      </trkpt>
      <trkpt lat="52.0563400" lon="NaN">
        <ele>0</ele>
        <time>2026-06-26T08:03:34.697Z</time>
        <name>208</name>
        <extensions>
          <speed_mps>26.822</speed_mps>
          <speed_mph>60.0</speed_mph>
        </extensions>
      </trkpt>
      <trkpt lat="52.0565100" lon="NaN">
        <ele>0</ele>
        <time>2026-06-26T08:03:35.413Z</time>
        <name>209</name>
        <extensions>
          <speed_mps>26.822</speed_mps>
          <speed_mph>60.0</speed_mph>
        </extensions>
      </trkpt>
      <trkpt lat="52.0565700" lon="NaN">
        <ele>0</ele>
        <time>2026-06-26T08:03:35.663Z</time>
        <name>210</name>
        <extensions>
          <speed_mps>26.822</speed_mps>
          <speed_mph>60.0</speed_mph>
        </extensions>
      </trkpt>
      <trkpt lat="52.0566700" lon="NaN">
        <ele>0</ele>
        <time>2026-06-26T08:03:36.085Z</time>
        <name>211</name>
        <extensions>
          <speed_mps>26.822</speed_mps>
          <speed_mph>60.0</speed_mph>
        </extensions>
      </trkpt>
      <trkpt lat="52.0568400" lon="NaN">
        <ele>0</ele>
        <time>2026-06-26T08:03:36.794Z</time>
        <name>212</name>
        <extensions>
          <speed_mps>26.822</speed_mps>
          <speed_mph>60.0</speed_mph>
        </extensions>
      </trkpt>
      <trkpt lat="52.0571700" lon="NaN">
        <ele>0</ele>
        <time>2026-06-26T08:03:38.166Z</time>
        <name>213</name>
        <extensions>
          <speed_mps>26.822</speed_mps>
          <speed_mph>60.0</speed_mph>
        </extensions>
      </trkpt>
      <trkpt lat="52.0575000" lon="NaN">
        <ele>0</ele>
        <time>2026-06-26T08:03:39.535Z</time>
        <name>214</name>
        <extensions>
          <speed_mps>26.822</speed_mps>
          <speed_mph>60.0</speed_mph>
        </extensions>
      </trkpt>
      <trkpt lat="52.0578300" lon="NaN">
        <ele>0</ele>
        <time>2026-06-26T08:03:40.903Z</time>
        <name>215</name>
        <extensions>
          <speed_mps>26.822</speed_mps>
          <speed_mph>60.0</speed_mph>
        </extensions>
      </trkpt>
      <trkpt lat="52.0580200" lon="NaN">
        <ele>0</ele>
        <time>2026-06-26T08:03:41.692Z</time>
        <name>216</name>
        <extensions>
          <speed_mps>26.822</speed_mps>
          <speed_mph>60.0</speed_mph>
        </extensions>
      </trkpt>
      <trkpt lat="52.0582200" lon="NaN">
        <ele>0</ele>
        <time>2026-06-26T08:03:42.522Z</time>
        <name>217</name>
        <extensions>
          <speed_mps>26.822</speed_mps>
          <speed_mph>60.0</speed_mph>
        </extensions>
      </trkpt>
      <trkpt lat="52.0603200" lon="NaN">
        <ele>0</ele>
        <time>2026-06-26T08:03:51.254Z</time>
        <name>218</name>
        <extensions>
          <speed_mps>26.822</speed_mps>
          <speed_mph>60.0</speed_mph>
        </extensions>
      </trkpt>
      <trkpt lat="52.0604800" lon="NaN">
        <ele>0</ele>
        <time>2026-06-26T08:03:51.922Z</time>
        <name>219</name>
        <extensions>
          <speed_mps>26.822</speed_mps>
          <speed_mph>60.0</speed_mph>
        </extensions>
      </trkpt>
      <trkpt lat="52.0605400" lon="NaN">
        <ele>0</ele>
        <time>2026-06-26T08:03:52.171Z</time>
        <name>220</name>
        <extensions>
          <speed_mps>26.822</speed_mps>
          <speed_mph>60.0</speed_mph>
        </extensions>
      </trkpt>
      <trkpt lat="52.0615700" lon="NaN">
        <ele>0</ele>
        <time>2026-06-26T08:03:56.465Z</time>
        <name>221</name>
        <extensions>
          <speed_mps>26.822</speed_mps>
          <speed_mph>60.0</speed_mph>
        </extensions>
      </trkpt>
      <trkpt lat="52.0617500" lon="NaN">
        <ele>0</ele>
        <time>2026-06-26T08:03:57.213Z</time>
        <name>222</name>
        <extensions>
          <speed_mps>26.822</speed_mps>
          <speed_mph>60.0</speed_mph>
        </extensions>
      </trkpt>
      <trkpt lat="52.0630100" lon="NaN">
        <ele>0</ele>
        <time>2026-06-26T08:04:02.470Z</time>
        <name>223</name>
        <extensions>
          <speed_mps>26.822</speed_mps>
          <speed_mph>60.0</speed_mph>
        </extensions>
      </trkpt>
      <trkpt lat="52.0646000" lon="NaN">
        <ele>0</ele>
        <time>2026-06-26T08:04:09.128Z</time>
        <name>224</name>
        <extensions>
          <speed_mps>26.822</speed_mps>
          <speed_mph>60.0</speed_mph>
        </extensions>
      </trkpt>
      <trkpt lat="52.0646100" lon="NaN">
        <ele>0</ele>
        <time>2026-06-26T08:04:09.170Z</time>
        <name>225</name>
        <extensions>
          <speed_mps>26.822</speed_mps>
          <speed_mph>60.0</speed_mph>
        </extensions>
      </trkpt>
      <trkpt lat="52.0647000" lon="NaN">
        <ele>0</ele>
        <time>2026-06-26T08:04:09.608Z</time>
        <name>226</name>
        <extensions>
          <speed_mps>26.822</speed_mps>
          <speed_mph>60.0</speed_mph>
        </extensions>
      </trkpt>
      <trkpt lat="52.0647200" lon="NaN">
        <ele>0</ele>
        <time>2026-06-26T08:04:09.739Z</time>
        <name>227</name>
        <extensions>
          <speed_mps>26.822</speed_mps>
          <speed_mph>60.0</speed_mph>
        </extensions>
      </trkpt>
      <trkpt lat="52.0647400" lon="NaN">
        <ele>0</ele>
        <time>2026-06-26T08:04:09.852Z</time>
        <name>228</name>
        <extensions>
          <speed_mps>26.822</speed_mps>
          <speed_mph>60.0</speed_mph>
        </extensions>
      </trkpt>
      <trkpt lat="52.0648600" lon="NaN">
        <ele>0</ele>
        <time>2026-06-26T08:04:10.621Z</time>
        <name>229</name>
        <extensions>
          <speed_mps>26.822</speed_mps>
          <speed_mph>60.0</speed_mph>
        </extensions>
      </trkpt>
      <trkpt lat="52.0649500" lon="NaN">
        <ele>0</ele>
        <time>2026-06-26T08:04:11.059Z</time>
        <name>230</name>
        <extensions>
          <speed_mps>26.822</speed_mps>
          <speed_mph>60.0</speed_mph>
        </extensions>
      </trkpt>
      <trkpt lat="52.0649800" lon="NaN">
        <ele>0</ele>
        <time>2026-06-26T08:04:11.186Z</time>
        <name>231</name>
        <extensions>
          <speed_mps>26.822</speed_mps>
          <speed_mph>60.0</speed_mph>
        </extensions>
      </trkpt>
      <trkpt lat="52.0650000" lon="NaN">
        <ele>0</ele>
        <time>2026-06-26T08:04:11.283Z</time>
        <name>232</name>
        <extensions>
          <speed_mps>26.822</speed_mps>
          <speed_mph>60.0</speed_mph>
        </extensions>
      </trkpt>
      <trkpt lat="52.0650300" lon="NaN">
        <ele>0</ele>
        <time>2026-06-26T08:04:11.410Z</time>
        <name>233</name>
        <extensions>
          <speed_mps>26.822</speed_mps>
          <speed_mph>60.0</speed_mph>
        </extensions>
      </trkpt>
      <trkpt lat="52.0651500" lon="NaN">
        <ele>0</ele>
        <time>2026-06-26T08:04:11.907Z</time>
        <name>234</name>
        <extensions>
          <speed_mps>26.822</speed_mps>
          <speed_mph>60.0</speed_mph>
        </extensions>
      </trkpt>
      <trkpt lat="52.0651900" lon="NaN">
        <ele>0</ele>
        <time>2026-06-26T08:04:12.102Z</time>
        <name>235</name>
        <extensions>
          <speed_mps>26.822</speed_mps>
          <speed_mph>60.0</speed_mph>
        </extensions>
      </trkpt>
      <trkpt lat="52.0652200" lon="NaN">
        <ele>0</ele>
        <time>2026-06-26T08:04:12.237Z</time>
        <name>236</name>
        <extensions>
          <speed_mps>26.822</speed_mps>
          <speed_mph>60.0</speed_mph>
        </extensions>
      </trkpt>
      <trkpt lat="52.0652800" lon="NaN">
        <ele>0</ele>
        <time>2026-06-26T08:04:12.529Z</time>
        <name>237</name>
        <extensions>
          <speed_mps>26.822</speed_mps>
          <speed_mph>60.0</speed_mph>
        </extensions>
      </trkpt>
      <trkpt lat="52.0653300" lon="NaN">
        <ele>0</ele>
        <time>2026-06-26T08:04:12.749Z</time>
        <name>238</name>
        <extensions>
          <speed_mps>26.822</speed_mps>
          <speed_mph>60.0</speed_mph>
        </extensions>
      </trkpt>
      <trkpt lat="52.0654000" lon="NaN">
        <ele>0</ele>
        <time>2026-06-26T08:04:13.050Z</time>
        <name>239</name>
        <extensions>
          <speed_mps>26.822</speed_mps>
          <speed_mph>60.0</speed_mph>
        </extensions>
      </trkpt>
      <trkpt lat="52.0654300" lon="NaN">
        <ele>0</ele>
        <time>2026-06-26T08:04:13.184Z</time>
        <name>240</name>
        <extensions>
          <speed_mps>26.822</speed_mps>
          <speed_mph>60.0</speed_mph>
        </extensions>
      </trkpt>
      <trkpt lat="52.0654700" lon="NaN">
        <ele>0</ele>
        <time>2026-06-26T08:04:13.352Z</time>
        <name>241</name>
        <extensions>
          <speed_mps>26.822</speed_mps>
          <speed_mph>60.0</speed_mph>
        </extensions>
      </trkpt>
      <trkpt lat="52.0654900" lon="NaN">
        <ele>0</ele>
        <time>2026-06-26T08:04:13.435Z</time>
        <name>242</name>
        <extensions>
          <speed_mps>26.822</speed_mps>
          <speed_mph>60.0</speed_mph>
        </extensions>
      </trkpt>
      <trkpt lat="52.0655200" lon="NaN">
        <ele>0</ele>
        <time>2026-06-26T08:04:13.562Z</time>
        <name>243</name>
        <extensions>
          <speed_mps>26.822</speed_mps>
          <speed_mph>60.0</speed_mph>
        </extensions>
      </trkpt>
      <trkpt lat="52.0656200" lon="NaN">
        <ele>0</ele>
        <time>2026-06-26T08:04:13.976Z</time>
        <name>244</name>
        <extensions>
          <speed_mps>26.822</speed_mps>
          <speed_mph>60.0</speed_mph>
        </extensions>
      </trkpt>
      <trkpt lat="52.0672300" lon="NaN">
        <ele>0</ele>
        <time>2026-06-26T08:04:20.801Z</time>
        <name>245</name>
        <extensions>
          <speed_mps>26.822</speed_mps>
          <speed_mph>60.0</speed_mph>
        </extensions>
      </trkpt>
      <trkpt lat="52.0673400" lon="NaN">
        <ele>0</ele>
        <time>2026-06-26T08:04:21.264Z</time>
        <name>246</name>
        <extensions>
          <speed_mps>26.822</speed_mps>
          <speed_mph>60.0</speed_mph>
        </extensions>
      </trkpt>
      <trkpt lat="52.0678800" lon="NaN">
        <ele>0</ele>
        <time>2026-06-26T08:04:23.554Z</time>
        <name>247</name>
        <extensions>
          <speed_mps>26.822</speed_mps>
          <speed_mph>60.0</speed_mph>
        </extensions>
      </trkpt>
      <trkpt lat="52.0679000" lon="NaN">
        <ele>0</ele>
        <time>2026-06-26T08:04:23.637Z</time>
        <name>248</name>
        <extensions>
          <speed_mps>26.822</speed_mps>
          <speed_mph>60.0</speed_mph>
        </extensions>
      </trkpt>
      <trkpt lat="52.0679400" lon="NaN">
        <ele>0</ele>
        <time>2026-06-26T08:04:23.811Z</time>
        <name>249</name>
        <extensions>
          <speed_mps>26.822</speed_mps>
          <speed_mph>60.0</speed_mph>
        </extensions>
      </trkpt>
      <trkpt lat="52.0694700" lon="NaN">
        <ele>0</ele>
        <time>2026-06-26T08:04:30.290Z</time>
        <name>250</name>
        <extensions>
          <speed_mps>26.822</speed_mps>
          <speed_mph>60.0</speed_mph>
        </extensions>
      </trkpt>
      <trkpt lat="52.0699900" lon="NaN">
        <ele>0</ele>
        <time>2026-06-26T08:04:32.506Z</time>
        <name>251</name>
        <extensions>
          <speed_mps>26.822</speed_mps>
          <speed_mph>60.0</speed_mph>
        </extensions>
      </trkpt>
      <trkpt lat="52.0699600" lon="NaN">
        <ele>0</ele>
        <time>2026-06-26T08:04:32.813Z</time>
        <name>252</name>
        <extensions>
          <speed_mps>26.822</speed_mps>
          <speed_mph>60.0</speed_mph>
        </extensions>
      </trkpt>
      <trkpt lat="52.0699100" lon="NaN">
        <ele>0</ele>
        <time>2026-06-26T08:04:33.027Z</time>
        <name>253</name>
        <extensions>
          <speed_mps>26.822</speed_mps>
          <speed_mph>60.0</speed_mph>
        </extensions>
      </trkpt>
      <trkpt lat="52.0698200" lon="NaN">
        <ele>0</ele>
        <time>2026-06-26T08:04:33.075Z</time>
        <name>254</name>
        <extensions>
          <speed_mps>26.822</speed_mps>
          <speed_mph>60.0</speed_mph>
        </extensions>
      </trkpt>
      <trkpt lat="52.0697300" lon="NaN">
        <ele>0</ele>
        <time>2026-06-26T08:04:33.117Z</time>
        <name>255</name>
        <extensions>
          <speed_mps>26.822</speed_mps>
          <speed_mph>60.0</speed_mph>
        </extensions>
      </trkpt>
      <trkpt lat="52.0697100" lon="NaN">
        <ele>0</ele>
        <time>2026-06-26T08:04:33.482Z</time>
        <name>256</name>
        <extensions>
          <speed_mps>26.822</speed_mps>
          <speed_mph>60.0</speed_mph>
        </extensions>
      </trkpt>
      <trkpt lat="52.0696600" lon="NaN">
        <ele>0</ele>
        <time>2026-06-26T08:04:33.725Z</time>
        <name>257</name>
        <extensions>
          <speed_mps>26.822</speed_mps>
          <speed_mph>60.0</speed_mph>
        </extensions>
      </trkpt>
      <trkpt lat="52.0696200" lon="NaN">
        <ele>0</ele>
        <time>2026-06-26T08:04:34.064Z</time>
        <name>258</name>
        <extensions>
          <speed_mps>26.822</speed_mps>
          <speed_mph>60.0</speed_mph>
        </extensions>
      </trkpt>
      <trkpt lat="52.0695400" lon="NaN">
        <ele>0</ele>
        <time>2026-06-26T08:04:34.260Z</time>
        <name>259</name>
        <extensions>
          <speed_mps>26.822</speed_mps>
          <speed_mph>60.0</speed_mph>
        </extensions>
      </trkpt>
      <trkpt lat="52.0694600" lon="NaN">
        <ele>0</ele>
        <time>2026-06-26T08:04:34.392Z</time>
        <name>260</name>
        <extensions>
          <speed_mps>26.822</speed_mps>
          <speed_mph>60.0</speed_mph>
        </extensions>
      </trkpt>
      <trkpt lat="52.0693700" lon="NaN">
        <ele>0</ele>
        <time>2026-06-26T08:04:34.526Z</time>
        <name>261</name>
        <extensions>
          <speed_mps>26.822</speed_mps>
          <speed_mph>60.0</speed_mph>
        </extensions>
      </trkpt>
      <trkpt lat="52.0693000" lon="NaN">
        <ele>0</ele>
        <time>2026-06-26T08:04:34.704Z</time>
        <name>262</name>
        <extensions>
          <speed_mps>26.822</speed_mps>
          <speed_mph>60.0</speed_mph>
        </extensions>
      </trkpt>
      <trkpt lat="52.0692800" lon="NaN">
        <ele>0</ele>
        <time>2026-06-26T08:04:35.080Z</time>
        <name>263</name>
        <extensions>
          <speed_mps>26.822</speed_mps>
          <speed_mph>60.0</speed_mph>
        </extensions>
      </trkpt>
      <trkpt lat="52.0692400" lon="NaN">
        <ele>0</ele>
        <time>2026-06-26T08:04:35.349Z</time>
        <name>264</name>
        <extensions>
          <speed_mps>26.822</speed_mps>
          <speed_mph>60.0</speed_mph>
        </extensions>
      </trkpt>
      <trkpt lat="52.0691800" lon="NaN">
        <ele>0</ele>
        <time>2026-06-26T08:04:35.523Z</time>
        <name>265</name>
        <extensions>
          <speed_mps>26.822</speed_mps>
          <speed_mph>60.0</speed_mph>
        </extensions>
      </trkpt>
      <trkpt lat="52.0691100" lon="NaN">
        <ele>0</ele>
        <time>2026-06-26T08:04:35.650Z</time>
        <name>266</name>
        <extensions>
          <speed_mps>26.822</speed_mps>
          <speed_mph>60.0</speed_mph>
        </extensions>
      </trkpt>
      <trkpt lat="52.0690700" lon="NaN">
        <ele>0</ele>
        <time>2026-06-26T08:04:35.900Z</time>
        <name>267</name>
        <extensions>
          <speed_mps>26.822</speed_mps>
          <speed_mph>60.0</speed_mph>
        </extensions>
      </trkpt>
      <trkpt lat="52.0690100" lon="NaN">
        <ele>0</ele>
        <time>2026-06-26T08:04:36.067Z</time>
        <name>268</name>
        <extensions>
          <speed_mps>26.822</speed_mps>
          <speed_mph>60.0</speed_mph>
        </extensions>
      </trkpt>
      <trkpt lat="52.0689300" lon="NaN">
        <ele>0</ele>
        <time>2026-06-26T08:04:36.165Z</time>
        <name>269</name>
        <extensions>
          <speed_mps>26.822</speed_mps>
          <speed_mph>60.0</speed_mph>
        </extensions>
      </trkpt>
      <trkpt lat="52.0688600" lon="NaN">
        <ele>0</ele>
        <time>2026-06-26T08:04:36.292Z</time>
        <name>270</name>
        <extensions>
          <speed_mps>26.822</speed_mps>
          <speed_mph>60.0</speed_mph>
        </extensions>
      </trkpt>
      <trkpt lat="52.0688100" lon="NaN">
        <ele>0</ele>
        <time>2026-06-26T08:04:36.523Z</time>
        <name>271</name>
        <extensions>
          <speed_mps>26.822</speed_mps>
          <speed_mph>60.0</speed_mph>
        </extensions>
      </trkpt>
      <trkpt lat="52.0688400" lon="NaN">
        <ele>0</ele>
        <time>2026-06-26T08:04:37.062Z</time>
        <name>272</name>
        <extensions>
          <speed_mps>26.822</speed_mps>
          <speed_mph>60.0</speed_mph>
        </extensions>
      </trkpt>
      <trkpt lat="52.0688100" lon="NaN">
        <ele>0</ele>
        <time>2026-06-26T08:04:37.354Z</time>
        <name>273</name>
        <extensions>
          <speed_mps>26.822</speed_mps>
          <speed_mph>60.0</speed_mph>
        </extensions>
      </trkpt>
      <trkpt lat="52.0687400" lon="NaN">
        <ele>0</ele>
        <time>2026-06-26T08:04:37.478Z</time>
        <name>274</name>
        <extensions>
          <speed_mps>26.822</speed_mps>
          <speed_mph>60.0</speed_mph>
        </extensions>
      </trkpt>
      <trkpt lat="52.0687300" lon="NaN">
        <ele>0</ele>
        <time>2026-06-26T08:04:37.865Z</time>
        <name>275</name>
        <extensions>
          <speed_mps>26.822</speed_mps>
          <speed_mph>60.0</speed_mph>
        </extensions>
      </trkpt>
      <trkpt lat="52.0686900" lon="NaN">
        <ele>0</ele>
        <time>2026-06-26T08:04:38.133Z</time>
        <name>276</name>
        <extensions>
          <speed_mps>26.822</speed_mps>
          <speed_mph>60.0</speed_mph>
        </extensions>
      </trkpt>
      <trkpt lat="52.0686300" lon="NaN">
        <ele>0</ele>
        <time>2026-06-26T08:04:38.307Z</time>
        <name>277</name>
        <extensions>
          <speed_mps>26.822</speed_mps>
          <speed_mph>60.0</speed_mph>
        </extensions>
      </trkpt>
      <trkpt lat="52.0688600" lon="NaN">
        <ele>0</ele>
        <time>2026-06-26T08:04:39.795Z</time>
        <name>278</name>
        <extensions>
          <speed_mps>26.822</speed_mps>
          <speed_mph>60.0</speed_mph>
        </extensions>
      </trkpt>
      <trkpt lat="52.0689800" lon="NaN">
        <ele>0</ele>
        <time>2026-06-26T08:04:40.828Z</time>
        <name>279</name>
        <extensions>
          <speed_mps>26.822</speed_mps>
          <speed_mph>60.0</speed_mph>
        </extensions>
      </trkpt>
      <trkpt lat="52.0689600" lon="NaN">
        <ele>0</ele>
        <time>2026-06-26T08:04:41.193Z</time>
        <name>280</name>
        <extensions>
          <speed_mps>26.822</speed_mps>
          <speed_mph>60.0</speed_mph>
        </extensions>
      </trkpt>
      <trkpt lat="52.0689800" lon="NaN">
        <ele>0</ele>
        <time>2026-06-26T08:04:41.764Z</time>
        <name>281</name>
        <extensions>
          <speed_mps>26.822</speed_mps>
          <speed_mph>60.0</speed_mph>
        </extensions>
      </trkpt>
      <trkpt lat="52.0689200" lon="NaN">
        <ele>0</ele>
        <time>2026-06-26T08:04:41.947Z</time>
        <name>282</name>
        <extensions>
          <speed_mps>26.822</speed_mps>
          <speed_mph>60.0</speed_mph>
        </extensions>
      </trkpt>
      <trkpt lat="52.0690000" lon="NaN">
        <ele>0</ele>
        <time>2026-06-26T08:04:42.810Z</time>
        <name>283</name>
        <extensions>
          <speed_mps>26.822</speed_mps>
          <speed_mph>60.0</speed_mph>
        </extensions>
      </trkpt>
      <trkpt lat="52.0692000" lon="NaN">
        <ele>0</ele>
        <time>2026-06-26T08:04:44.297Z</time>
        <name>284</name>
        <extensions>
          <speed_mps>26.822</speed_mps>
          <speed_mph>60.0</speed_mph>
        </extensions>
      </trkpt>
      <trkpt lat="52.0692700" lon="NaN">
        <ele>0</ele>
        <time>2026-06-26T08:04:45.182Z</time>
        <name>285</name>
        <extensions>
          <speed_mps>26.822</speed_mps>
          <speed_mph>60.0</speed_mph>
        </extensions>
      </trkpt>
      <trkpt lat="52.0694200" lon="NaN">
        <ele>0</ele>
        <time>2026-06-26T08:04:46.533Z</time>
        <name>286</name>
        <extensions>
          <speed_mps>26.822</speed_mps>
          <speed_mph>60.0</speed_mph>
        </extensions>
      </trkpt>
      <trkpt lat="52.0695600" lon="NaN">
        <ele>0</ele>
        <time>2026-06-26T08:04:47.886Z</time>
        <name>287</name>
        <extensions>
          <speed_mps>26.822</speed_mps>
          <speed_mph>60.0</speed_mph>
        </extensions>
      </trkpt>
      <trkpt lat="52.0696700" lon="NaN">
        <ele>0</ele>
        <time>2026-06-26T08:04:49.132Z</time>
        <name>288</name>
        <extensions>
          <speed_mps>26.822</speed_mps>
          <speed_mph>60.0</speed_mph>
        </extensions>
      </trkpt>
      <trkpt lat="52.0701500" lon="NaN">
        <ele>0</ele>
        <time>2026-06-26T08:04:52.730Z</time>
        <name>289</name>
        <extensions>
          <speed_mps>26.822</speed_mps>
          <speed_mph>60.0</speed_mph>
        </extensions>
      </trkpt>
      <trkpt lat="52.0702400" lon="NaN">
        <ele>0</ele>
        <time>2026-06-26T08:04:53.998Z</time>
        <name>290</name>
        <extensions>
          <speed_mps>26.822</speed_mps>
          <speed_mph>60.0</speed_mph>
        </extensions>
      </trkpt>
      <trkpt lat="52.0702900" lon="NaN">
        <ele>0</ele>
        <time>2026-06-26T08:04:55.106Z</time>
        <name>291</name>
        <extensions>
          <speed_mps>26.822</speed_mps>
          <speed_mph>60.0</speed_mph>
        </extensions>
      </trkpt>
      <trkpt lat="52.0702800" lon="NaN">
        <ele>0</ele>
        <time>2026-06-26T08:04:55.844Z</time>
        <name>292</name>
        <extensions>
          <speed_mps>26.822</speed_mps>
          <speed_mph>60.0</speed_mph>
        </extensions>
      </trkpt>
      <trkpt lat="52.0702300" lon="NaN">
        <ele>0</ele>
        <time>2026-06-26T08:04:56.466Z</time>
        <name>293</name>
        <extensions>
          <speed_mps>26.822</speed_mps>
          <speed_mph>60.0</speed_mph>
        </extensions>
      </trkpt>
      <trkpt lat="52.0701300" lon="NaN">
        <ele>0</ele>
        <time>2026-06-26T08:04:56.594Z</time>
        <name>294</name>
        <extensions>
          <speed_mps>26.822</speed_mps>
          <speed_mph>60.0</speed_mph>
        </extensions>
      </trkpt>
      <trkpt lat="52.0700200" lon="NaN">
        <ele>0</ele>
        <time>2026-06-26T08:04:56.659Z</time>
        <name>295</name>
        <extensions>
          <speed_mps>26.822</speed_mps>
          <speed_mph>60.0</speed_mph>
        </extensions>
      </trkpt>
      <trkpt lat="52.0699200" lon="NaN">
        <ele>0</ele>
        <time>2026-06-26T08:04:57.067Z</time>
        <name>296</name>
        <extensions>
          <speed_mps>26.822</speed_mps>
          <speed_mph>60.0</speed_mph>
        </extensions>
      </trkpt>
      <trkpt lat="52.0698300" lon="NaN">
        <ele>0</ele>
        <time>2026-06-26T08:04:57.225Z</time>
        <name>297</name>
        <extensions>
          <speed_mps>26.822</speed_mps>
          <speed_mph>60.0</speed_mph>
        </extensions>
      </trkpt>
      <trkpt lat="52.0697500" lon="NaN">
        <ele>0</ele>
        <time>2026-06-26T08:04:57.399Z</time>
        <name>298</name>
        <extensions>
          <speed_mps>26.822</speed_mps>
          <speed_mph>60.0</speed_mph>
        </extensions>
      </trkpt>
      <trkpt lat="52.0696600" lon="NaN">
        <ele>0</ele>
        <time>2026-06-26T08:04:57.558Z</time>
        <name>299</name>
        <extensions>
          <speed_mps>26.822</speed_mps>
          <speed_mph>60.0</speed_mph>
        </extensions>
      </trkpt>
      <trkpt lat="52.0695800" lon="NaN">
        <ele>0</ele>
        <time>2026-06-26T08:04:57.689Z</time>
        <name>300</name>
        <extensions>
          <speed_mps>26.822</speed_mps>
          <speed_mph>60.0</speed_mph>
        </extensions>
      </trkpt>
      <trkpt lat="52.0695500" lon="NaN">
        <ele>0</ele>
        <time>2026-06-26T08:04:58.030Z</time>
        <name>301</name>
        <extensions>
          <speed_mps>26.822</speed_mps>
          <speed_mph>60.0</speed_mph>
        </extensions>
      </trkpt>
      <trkpt lat="52.0696100" lon="NaN">
        <ele>0</ele>
        <time>2026-06-26T08:04:58.299Z</time>
        <name>302</name>
        <extensions>
          <speed_mps>26.822</speed_mps>
          <speed_mph>60.0</speed_mph>
        </extensions>
      </trkpt>
      <trkpt lat="52.0696300" lon="NaN">
        <ele>0</ele>
        <time>2026-06-26T08:04:58.396Z</time>
        <name>303</name>
        <extensions>
          <speed_mps>26.822</speed_mps>
          <speed_mph>60.0</speed_mph>
        </extensions>
      </trkpt>
      <trkpt lat="52.0696500" lon="NaN">
        <ele>0</ele>
        <time>2026-06-26T08:04:58.483Z</time>
        <name>304</name>
        <extensions>
          <speed_mps>26.822</speed_mps>
          <speed_mph>60.0</speed_mph>
        </extensions>
      </trkpt>
      <trkpt lat="52.0697600" lon="NaN">
        <ele>0</ele>
        <time>2026-06-26T08:04:58.939Z</time>
        <name>305</name>
        <extensions>
          <speed_mps>26.822</speed_mps>
          <speed_mph>60.0</speed_mph>
        </extensions>
      </trkpt>
      <trkpt lat="52.0702900" lon="NaN">
        <ele>0</ele>
        <time>2026-06-26T08:05:01.241Z</time>
        <name>306</name>
        <extensions>
          <speed_mps>26.822</speed_mps>
          <speed_mph>60.0</speed_mph>
        </extensions>
      </trkpt>
      <trkpt lat="52.0703600" lon="NaN">
        <ele>0</ele>
        <time>2026-06-26T08:05:01.541Z</time>
        <name>307</name>
        <extensions>
          <speed_mps>26.822</speed_mps>
          <speed_mph>60.0</speed_mph>
        </extensions>
      </trkpt>
      <trkpt lat="52.0707600" lon="NaN">
        <ele>0</ele>
        <time>2026-06-26T08:05:03.292Z</time>
        <name>308</name>
        <extensions>
          <speed_mps>26.822</speed_mps>
          <speed_mph>60.0</speed_mph>
        </extensions>
      </trkpt>
      <trkpt lat="52.0712300" lon="NaN">
        <ele>0</ele>
        <time>2026-06-26T08:05:05.326Z</time>
        <name>309</name>
        <extensions>
          <speed_mps>26.822</speed_mps>
          <speed_mph>60.0</speed_mph>
        </extensions>
      </trkpt>
      <trkpt lat="52.0716100" lon="NaN">
        <ele>0</ele>
        <time>2026-06-26T08:05:06.953Z</time>
        <name>310</name>
        <extensions>
          <speed_mps>26.822</speed_mps>
          <speed_mph>60.0</speed_mph>
        </extensions>
      </trkpt>
      <trkpt lat="52.0719300" lon="NaN">
        <ele>0</ele>
        <time>2026-06-26T08:05:08.309Z</time>
        <name>311</name>
        <extensions>
          <speed_mps>26.822</speed_mps>
          <speed_mph>60.0</speed_mph>
        </extensions>
      </trkpt>
      <trkpt lat="52.0723100" lon="NaN">
        <ele>0</ele>
        <time>2026-06-26T08:05:09.909Z</time>
        <name>312</name>
        <extensions>
          <speed_mps>26.822</speed_mps>
          <speed_mph>60.0</speed_mph>
        </extensions>
      </trkpt>
      <trkpt lat="52.0728800" lon="NaN">
        <ele>0</ele>
        <time>2026-06-26T08:05:12.289Z</time>
        <name>313</name>
        <extensions>
          <speed_mps>26.822</speed_mps>
          <speed_mph>60.0</speed_mph>
        </extensions>
      </trkpt>
      <trkpt lat="52.0731900" lon="NaN">
        <ele>0</ele>
        <time>2026-06-26T08:05:13.578Z</time>
        <name>314</name>
        <extensions>
          <speed_mps>26.822</speed_mps>
          <speed_mph>60.0</speed_mph>
        </extensions>
      </trkpt>
      <trkpt lat="52.0734900" lon="NaN">
        <ele>0</ele>
        <time>2026-06-26T08:05:14.823Z</time>
        <name>315</name>
        <extensions>
          <speed_mps>26.822</speed_mps>
          <speed_mph>60.0</speed_mph>
        </extensions>
      </trkpt>
      <trkpt lat="52.0735200" lon="NaN">
        <ele>0</ele>
        <time>2026-06-26T08:05:14.950Z</time>
        <name>316</name>
        <extensions>
          <speed_mps>26.822</speed_mps>
          <speed_mph>60.0</speed_mph>
        </extensions>
      </trkpt>
      <trkpt lat="52.0739000" lon="NaN">
        <ele>0</ele>
        <time>2026-06-26T08:05:16.525Z</time>
        <name>317</name>
        <extensions>
          <speed_mps>26.822</speed_mps>
          <speed_mph>60.0</speed_mph>
        </extensions>
      </trkpt>
      <trkpt lat="52.0743000" lon="NaN">
        <ele>0</ele>
        <time>2026-06-26T08:05:18.185Z</time>
        <name>318</name>
        <extensions>
          <speed_mps>26.822</speed_mps>
          <speed_mph>60.0</speed_mph>
        </extensions>
      </trkpt>
      <trkpt lat="52.0744300" lon="NaN">
        <ele>0</ele>
        <time>2026-06-26T08:05:18.726Z</time>
        <name>319</name>
        <extensions>
          <speed_mps>26.822</speed_mps>
          <speed_mph>60.0</speed_mph>
        </extensions>
      </trkpt>
      <trkpt lat="52.0745600" lon="NaN">
        <ele>0</ele>
        <time>2026-06-26T08:05:19.266Z</time>
        <name>320</name>
        <extensions>
          <speed_mps>26.822</speed_mps>
          <speed_mph>60.0</speed_mph>
        </extensions>
      </trkpt>
      <trkpt lat="52.0746000" lon="NaN">
        <ele>0</ele>
        <time>2026-06-26T08:05:19.434Z</time>
        <name>321</name>
        <extensions>
          <speed_mps>26.822</speed_mps>
          <speed_mph>60.0</speed_mph>
        </extensions>
      </trkpt>
      <trkpt lat="52.0746900" lon="NaN">
        <ele>0</ele>
        <time>2026-06-26T08:05:19.808Z</time>
        <name>322</name>
        <extensions>
          <speed_mps>26.822</speed_mps>
          <speed_mph>60.0</speed_mph>
        </extensions>
      </trkpt>
      <trkpt lat="52.0750900" lon="NaN">
        <ele>0</ele>
        <time>2026-06-26T08:05:21.478Z</time>
        <name>323</name>
        <extensions>
          <speed_mps>26.822</speed_mps>
          <speed_mph>60.0</speed_mph>
        </extensions>
      </trkpt>
      <trkpt lat="52.0752400" lon="NaN">
        <ele>0</ele>
        <time>2026-06-26T08:05:22.109Z</time>
        <name>324</name>
        <extensions>
          <speed_mps>26.822</speed_mps>
          <speed_mph>60.0</speed_mph>
        </extensions>
      </trkpt>
      <trkpt lat="52.0753200" lon="NaN">
        <ele>0</ele>
        <time>2026-06-26T08:05:22.449Z</time>
        <name>325</name>
        <extensions>
          <speed_mps>26.822</speed_mps>
          <speed_mph>60.0</speed_mph>
        </extensions>
      </trkpt>
      <trkpt lat="52.0754000" lon="NaN">
        <ele>0</ele>
        <time>2026-06-26T08:05:22.784Z</time>
        <name>326</name>
        <extensions>
          <speed_mps>26.822</speed_mps>
          <speed_mph>60.0</speed_mph>
        </extensions>
      </trkpt>
      <trkpt lat="52.0755500" lon="NaN">
        <ele>0</ele>
        <time>2026-06-26T08:05:23.419Z</time>
        <name>327</name>
        <extensions>
          <speed_mps>26.822</speed_mps>
          <speed_mph>60.0</speed_mph>
        </extensions>
      </trkpt>
      <trkpt lat="52.0756300" lon="NaN">
        <ele>0</ele>
        <time>2026-06-26T08:05:23.755Z</time>
        <name>328</name>
        <extensions>
          <speed_mps>26.822</speed_mps>
          <speed_mph>60.0</speed_mph>
        </extensions>
      </trkpt>
      <trkpt lat="52.0758100" lon="NaN">
        <ele>0</ele>
        <time>2026-06-26T08:05:24.522Z</time>
        <name>329</name>
        <extensions>
          <speed_mps>26.822</speed_mps>
          <speed_mph>60.0</speed_mph>
        </extensions>
      </trkpt>
      <trkpt lat="52.0758500" lon="NaN">
        <ele>0</ele>
        <time>2026-06-26T08:05:24.690Z</time>
        <name>330</name>
        <extensions>
          <speed_mps>26.822</speed_mps>
          <speed_mph>60.0</speed_mph>
        </extensions>
      </trkpt>
      <trkpt lat="52.0760100" lon="NaN">
        <ele>0</ele>
        <time>2026-06-26T08:05:25.370Z</time>
        <name>331</name>
        <extensions>
          <speed_mps>26.822</speed_mps>
          <speed_mph>60.0</speed_mph>
        </extensions>
      </trkpt>
      <trkpt lat="52.0760200" lon="NaN">
        <ele>0</ele>
        <time>2026-06-26T08:05:25.419Z</time>
        <name>332</name>
        <extensions>
          <speed_mps>26.822</speed_mps>
          <speed_mph>60.0</speed_mph>
        </extensions>
      </trkpt>
      <trkpt lat="52.0761000" lon="NaN">
        <ele>0</ele>
        <time>2026-06-26T08:05:25.759Z</time>
        <name>333</name>
        <extensions>
          <speed_mps>26.822</speed_mps>
          <speed_mph>60.0</speed_mph>
        </extensions>
      </trkpt>
      <trkpt lat="52.0764600" lon="NaN">
        <ele>0</ele>
        <time>2026-06-26T08:05:27.313Z</time>
        <name>334</name>
        <extensions>
          <speed_mps>26.822</speed_mps>
          <speed_mph>60.0</speed_mph>
        </extensions>
      </trkpt>
      <trkpt lat="52.0768300" lon="NaN">
        <ele>0</ele>
        <time>2026-06-26T08:05:28.930Z</time>
        <name>335</name>
        <extensions>
          <speed_mps>26.822</speed_mps>
          <speed_mph>60.0</speed_mph>
        </extensions>
      </trkpt>
      <trkpt lat="52.0768400" lon="NaN">
        <ele>0</ele>
        <time>2026-06-26T08:05:28.978Z</time>
        <name>336</name>
        <extensions>
          <speed_mps>26.822</speed_mps>
          <speed_mph>60.0</speed_mph>
        </extensions>
      </trkpt>
      <trkpt lat="52.0768800" lon="NaN">
        <ele>0</ele>
        <time>2026-06-26T08:05:29.152Z</time>
        <name>337</name>
        <extensions>
          <speed_mps>26.822</speed_mps>
          <speed_mph>60.0</speed_mph>
        </extensions>
      </trkpt>
      <trkpt lat="52.0772800" lon="NaN">
        <ele>0</ele>
        <time>2026-06-26T08:05:30.928Z</time>
        <name>338</name>
        <extensions>
          <speed_mps>26.822</speed_mps>
          <speed_mph>60.0</speed_mph>
        </extensions>
      </trkpt>
      <trkpt lat="52.0775100" lon="NaN">
        <ele>0</ele>
        <time>2026-06-26T08:05:31.965Z</time>
        <name>339</name>
        <extensions>
          <speed_mps>26.822</speed_mps>
          <speed_mph>60.0</speed_mph>
        </extensions>
      </trkpt>
      <trkpt lat="52.0780300" lon="NaN">
        <ele>0</ele>
        <time>2026-06-26T08:05:34.361Z</time>
        <name>340</name>
        <extensions>
          <speed_mps>26.822</speed_mps>
          <speed_mph>60.0</speed_mph>
        </extensions>
      </trkpt>
      <trkpt lat="52.0783000" lon="NaN">
        <ele>0</ele>
        <time>2026-06-26T08:05:35.649Z</time>
        <name>341</name>
        <extensions>
          <speed_mps>26.822</speed_mps>
          <speed_mph>60.0</speed_mph>
        </extensions>
      </trkpt>
      <trkpt lat="52.0783500" lon="NaN">
        <ele>0</ele>
        <time>2026-06-26T08:05:35.880Z</time>
        <name>342</name>
        <extensions>
          <speed_mps>26.822</speed_mps>
          <speed_mph>60.0</speed_mph>
        </extensions>
      </trkpt>
      <trkpt lat="52.0787400" lon="NaN">
        <ele>0</ele>
        <time>2026-06-26T08:05:37.777Z</time>
        <name>343</name>
        <extensions>
          <speed_mps>26.822</speed_mps>
          <speed_mph>60.0</speed_mph>
        </extensions>
      </trkpt>
      <trkpt lat="52.0791000" lon="NaN">
        <ele>0</ele>
        <time>2026-06-26T08:05:39.584Z</time>
        <name>344</name>
        <extensions>
          <speed_mps>26.822</speed_mps>
          <speed_mph>60.0</speed_mph>
        </extensions>
      </trkpt>
      <trkpt lat="52.0794700" lon="NaN">
        <ele>0</ele>
        <time>2026-06-26T08:05:41.499Z</time>
        <name>345</name>
        <extensions>
          <speed_mps>26.822</speed_mps>
          <speed_mph>60.0</speed_mph>
        </extensions>
      </trkpt>
      <trkpt lat="52.0797200" lon="NaN">
        <ele>0</ele>
        <time>2026-06-26T08:05:42.834Z</time>
        <name>346</name>
        <extensions>
          <speed_mps>26.822</speed_mps>
          <speed_mph>60.0</speed_mph>
        </extensions>
      </trkpt>
      <trkpt lat="52.0799700" lon="NaN">
        <ele>0</ele>
        <time>2026-06-26T08:05:44.218Z</time>
        <name>347</name>
        <extensions>
          <speed_mps>26.822</speed_mps>
          <speed_mph>60.0</speed_mph>
        </extensions>
      </trkpt>
      <trkpt lat="52.0802600" lon="NaN">
        <ele>0</ele>
        <time>2026-06-26T08:05:45.897Z</time>
        <name>348</name>
        <extensions>
          <speed_mps>26.822</speed_mps>
          <speed_mph>60.0</speed_mph>
        </extensions>
      </trkpt>
      <trkpt lat="52.0806500" lon="NaN">
        <ele>0</ele>
        <time>2026-06-26T08:05:48.230Z</time>
        <name>349</name>
        <extensions>
          <speed_mps>26.822</speed_mps>
          <speed_mph>60.0</speed_mph>
        </extensions>
      </trkpt>
      <trkpt lat="52.0811300" lon="NaN">
        <ele>0</ele>
        <time>2026-06-26T08:05:51.363Z</time>
        <name>350</name>
        <extensions>
          <speed_mps>26.822</speed_mps>
          <speed_mph>60.0</speed_mph>
        </extensions>
      </trkpt>
      <trkpt lat="52.0812600" lon="NaN">
        <ele>0</ele>
        <time>2026-06-26T08:05:52.257Z</time>
        <name>351</name>
        <extensions>
          <speed_mps>26.822</speed_mps>
          <speed_mph>60.0</speed_mph>
        </extensions>
      </trkpt>
      <trkpt lat="52.0817300" lon="NaN">
        <ele>0</ele>
        <time>2026-06-26T08:05:55.925Z</time>
        <name>352</name>
        <extensions>
          <speed_mps>26.822</speed_mps>
          <speed_mph>60.0</speed_mph>
        </extensions>
      </trkpt>
      <trkpt lat="52.0817400" lon="NaN">
        <ele>0</ele>
        <time>2026-06-26T08:05:56.035Z</time>
        <name>353</name>
        <extensions>
          <speed_mps>26.822</speed_mps>
          <speed_mph>60.0</speed_mph>
        </extensions>
      </trkpt>
      <trkpt lat="52.0818300" lon="NaN">
        <ele>0</ele>
        <time>2026-06-26T08:05:56.773Z</time>
        <name>354</name>
        <extensions>
          <speed_mps>26.822</speed_mps>
          <speed_mph>60.0</speed_mph>
        </extensions>
      </trkpt>
      <trkpt lat="52.0820700" lon="NaN">
        <ele>0</ele>
        <time>2026-06-26T08:05:58.973Z</time>
        <name>355</name>
        <extensions>
          <speed_mps>26.822</speed_mps>
          <speed_mph>60.0</speed_mph>
        </extensions>
      </trkpt>
      <trkpt lat="52.0823500" lon="NaN">
        <ele>0</ele>
        <time>2026-06-26T08:06:01.983Z</time>
        <name>356</name>
        <extensions>
          <speed_mps>26.822</speed_mps>
          <speed_mph>60.0</speed_mph>
        </extensions>
      </trkpt>
      <trkpt lat="52.0823500" lon="NaN">
        <ele>0</ele>
        <time>2026-06-26T08:06:02.034Z</time>
        <name>357</name>
        <extensions>
          <speed_mps>26.822</speed_mps>
          <speed_mph>60.0</speed_mph>
        </extensions>
      </trkpt>
      <trkpt lat="52.0836900" lon="NaN">
        <ele>0</ele>
        <time>2026-06-26T08:06:18.513Z</time>
        <name>358</name>
        <extensions>
          <speed_mps>26.822</speed_mps>
          <speed_mph>60.0</speed_mph>
        </extensions>
      </trkpt>
      <trkpt lat="52.0838400" lon="NaN">
        <ele>0</ele>
        <time>2026-06-26T08:06:20.766Z</time>
        <name>359</name>
        <extensions>
          <speed_mps>26.822</speed_mps>
          <speed_mph>60.0</speed_mph>
        </extensions>
      </trkpt>
      <trkpt lat="52.0838600" lon="NaN">
        <ele>0</ele>
        <time>2026-06-26T08:06:21.232Z</time>
        <name>360</name>
        <extensions>
          <speed_mps>26.822</speed_mps>
          <speed_mph>60.0</speed_mph>
        </extensions>
      </trkpt>
      <trkpt lat="52.0838800" lon="NaN">
        <ele>0</ele>
        <time>2026-06-26T08:06:21.500Z</time>
        <name>361</name>
        <extensions>
          <speed_mps>26.822</speed_mps>
          <speed_mph>60.0</speed_mph>
        </extensions>
      </trkpt>
      <trkpt lat="52.0840400" lon="NaN">
        <ele>0</ele>
        <time>2026-06-26T08:06:24.952Z</time>
        <name>362</name>
        <extensions>
          <speed_mps>26.822</speed_mps>
          <speed_mph>60.0</speed_mph>
        </extensions>
      </trkpt>
      <trkpt lat="52.0840400" lon="NaN">
        <ele>0</ele>
        <time>2026-06-26T08:06:25.232Z</time>
        <name>363</name>
        <extensions>
          <speed_mps>26.822</speed_mps>
          <speed_mph>60.0</speed_mph>
        </extensions>
      </trkpt>
      <trkpt lat="52.0841100" lon="NaN">
        <ele>0</ele>
        <time>2026-06-26T08:06:27.114Z</time>
        <name>364</name>
        <extensions>
          <speed_mps>26.822</speed_mps>
          <speed_mph>60.0</speed_mph>
        </extensions>
      </trkpt>
      <trkpt lat="52.0841800" lon="NaN">
        <ele>0</ele>
        <time>2026-06-26T08:06:28.520Z</time>
        <name>365</name>
        <extensions>
          <speed_mps>26.822</speed_mps>
          <speed_mph>60.0</speed_mph>
        </extensions>
      </trkpt>
      <trkpt lat="52.0842100" lon="NaN">
        <ele>0</ele>
        <time>2026-06-26T08:06:28.874Z</time>
        <name>366</name>
        <extensions>
          <speed_mps>26.822</speed_mps>
          <speed_mph>60.0</speed_mph>
        </extensions>
      </trkpt>
      <trkpt lat="52.0842800" lon="NaN">
        <ele>0</ele>
        <time>2026-06-26T08:06:29.374Z</time>
        <name>367</name>
        <extensions>
          <speed_mps>26.822</speed_mps>
          <speed_mph>60.0</speed_mph>
        </extensions>
      </trkpt>
      <trkpt lat="52.0843200" lon="NaN">
        <ele>0</ele>
        <time>2026-06-26T08:06:29.584Z</time>
        <name>368</name>
        <extensions>
          <speed_mps>26.822</speed_mps>
          <speed_mph>60.0</speed_mph>
        </extensions>
      </trkpt>
      <trkpt lat="52.0843400" lon="NaN">
        <ele>0</ele>
        <time>2026-06-26T08:06:29.715Z</time>
        <name>369</name>
        <extensions>
          <speed_mps>26.822</speed_mps>
          <speed_mph>60.0</speed_mph>
        </extensions>
      </trkpt>
      <trkpt lat="52.0843800" lon="NaN">
        <ele>0</ele>
        <time>2026-06-26T08:06:29.924Z</time>
        <name>370</name>
        <extensions>
          <speed_mps>26.822</speed_mps>
          <speed_mph>60.0</speed_mph>
        </extensions>
      </trkpt>
      <trkpt lat="52.0844600" lon="NaN">
        <ele>0</ele>
        <time>2026-06-26T08:06:30.469Z</time>
        <name>371</name>
        <extensions>
          <speed_mps>26.822</speed_mps>
          <speed_mph>60.0</speed_mph>
        </extensions>
      </trkpt>
      <trkpt lat="52.0845300" lon="NaN">
        <ele>0</ele>
        <time>2026-06-26T08:06:31.216Z</time>
        <name>372</name>
        <extensions>
          <speed_mps>26.822</speed_mps>
          <speed_mph>60.0</speed_mph>
        </extensions>
      </trkpt>
      <trkpt lat="52.0845500" lon="NaN">
        <ele>0</ele>
        <time>2026-06-26T08:06:31.484Z</time>
        <name>373</name>
        <extensions>
          <speed_mps>26.822</speed_mps>
          <speed_mph>60.0</speed_mph>
        </extensions>
      </trkpt>
      <trkpt lat="52.0845800" lon="NaN">
        <ele>0</ele>
        <time>2026-06-26T08:06:31.790Z</time>
        <name>374</name>
        <extensions>
          <speed_mps>26.822</speed_mps>
          <speed_mph>60.0</speed_mph>
        </extensions>
      </trkpt>
      <trkpt lat="52.0846800" lon="NaN">
        <ele>0</ele>
        <time>2026-06-26T08:06:32.594Z</time>
        <name>375</name>
        <extensions>
          <speed_mps>26.822</speed_mps>
          <speed_mph>60.0</speed_mph>
        </extensions>
      </trkpt>
      <trkpt lat="52.0846900" lon="NaN">
        <ele>0</ele>
        <time>2026-06-26T08:06:32.642Z</time>
        <name>376</name>
        <extensions>
          <speed_mps>26.822</speed_mps>
          <speed_mph>60.0</speed_mph>
        </extensions>
      </trkpt>
      <trkpt lat="52.0847400" lon="NaN">
        <ele>0</ele>
        <time>2026-06-26T08:06:32.971Z</time>
        <name>377</name>
        <extensions>
          <speed_mps>26.822</speed_mps>
          <speed_mph>60.0</speed_mph>
        </extensions>
      </trkpt>
      <trkpt lat="52.0848700" lon="NaN">
        <ele>0</ele>
        <time>2026-06-26T08:06:33.662Z</time>
        <name>378</name>
        <extensions>
          <speed_mps>26.822</speed_mps>
          <speed_mph>60.0</speed_mph>
        </extensions>
      </trkpt>
      <trkpt lat="52.0849300" lon="NaN">
        <ele>0</ele>
        <time>2026-06-26T08:06:34.000Z</time>
        <name>379</name>
        <extensions>
          <speed_mps>26.822</speed_mps>
          <speed_mph>60.0</speed_mph>
        </extensions>
      </trkpt>
      <trkpt lat="52.0851900" lon="NaN">
        <ele>0</ele>
        <time>2026-06-26T08:06:35.336Z</time>
        <name>380</name>
        <extensions>
          <speed_mps>26.822</speed_mps>
          <speed_mph>60.0</speed_mph>
        </extensions>
      </trkpt>
      <trkpt lat="52.0852400" lon="NaN">
        <ele>0</ele>
        <time>2026-06-26T08:06:35.610Z</time>
        <name>381</name>
        <extensions>
          <speed_mps>26.822</speed_mps>
          <speed_mph>60.0</speed_mph>
        </extensions>
      </trkpt>
      <trkpt lat="52.0857800" lon="NaN">
        <ele>0</ele>
        <time>2026-06-26T08:06:38.306Z</time>
        <name>382</name>
        <extensions>
          <speed_mps>26.822</speed_mps>
          <speed_mph>60.0</speed_mph>
        </extensions>
      </trkpt>
      <trkpt lat="52.0877200" lon="NaN">
        <ele>0</ele>
        <time>2026-06-26T08:06:47.680Z</time>
        <name>383</name>
        <extensions>
          <speed_mps>26.822</speed_mps>
          <speed_mph>60.0</speed_mph>
        </extensions>
      </trkpt>
      <trkpt lat="52.0878000" lon="NaN">
        <ele>0</ele>
        <time>2026-06-26T08:06:48.083Z</time>
        <name>384</name>
        <extensions>
          <speed_mps>26.822</speed_mps>
          <speed_mph>60.0</speed_mph>
        </extensions>
      </trkpt>
      <trkpt lat="52.0883900" lon="NaN">
        <ele>0</ele>
        <time>2026-06-26T08:06:50.940Z</time>
        <name>385</name>
        <extensions>
          <speed_mps>26.822</speed_mps>
          <speed_mph>60.0</speed_mph>
        </extensions>
      </trkpt>
      <trkpt lat="52.0893900" lon="NaN">
        <ele>0</ele>
        <time>2026-06-26T08:06:55.860Z</time>
        <name>386</name>
        <extensions>
          <speed_mps>26.822</speed_mps>
          <speed_mph>60.0</speed_mph>
        </extensions>
      </trkpt>
      <trkpt lat="52.0925200" lon="NaN">
        <ele>0</ele>
        <time>2026-06-26T08:07:11.049Z</time>
        <name>387</name>
        <extensions>
          <speed_mps>26.822</speed_mps>
          <speed_mph>60.0</speed_mph>
        </extensions>
      </trkpt>
      <trkpt lat="52.0926000" lon="NaN">
        <ele>0</ele>
        <time>2026-06-26T08:07:11.453Z</time>
        <name>388</name>
        <extensions>
          <speed_mps>26.822</speed_mps>
          <speed_mph>60.0</speed_mph>
        </extensions>
      </trkpt>
      <trkpt lat="52.0932300" lon="NaN">
        <ele>0</ele>
        <time>2026-06-26T08:07:14.466Z</time>
        <name>389</name>
        <extensions>
          <speed_mps>26.822</speed_mps>
          <speed_mph>60.0</speed_mph>
        </extensions>
      </trkpt>
      <trkpt lat="52.0934300" lon="NaN">
        <ele>0</ele>
        <time>2026-06-26T08:07:15.390Z</time>
        <name>390</name>
        <extensions>
          <speed_mps>26.822</speed_mps>
          <speed_mph>60.0</speed_mph>
        </extensions>
      </trkpt>
      <trkpt lat="52.0936100" lon="NaN">
        <ele>0</ele>
        <time>2026-06-26T08:07:16.206Z</time>
        <name>391</name>
        <extensions>
          <speed_mps>26.822</speed_mps>
          <speed_mph>60.0</speed_mph>
        </extensions>
      </trkpt>
      <trkpt lat="52.0938500" lon="NaN">
        <ele>0</ele>
        <time>2026-06-26T08:07:17.272Z</time>
        <name>392</name>
        <extensions>
          <speed_mps>26.822</speed_mps>
          <speed_mph>60.0</speed_mph>
        </extensions>
      </trkpt>
      <trkpt lat="52.0939500" lon="NaN">
        <ele>0</ele>
        <time>2026-06-26T08:07:17.705Z</time>
        <name>393</name>
        <extensions>
          <speed_mps>26.822</speed_mps>
          <speed_mph>60.0</speed_mph>
        </extensions>
      </trkpt>
      <trkpt lat="52.0940700" lon="NaN">
        <ele>0</ele>
        <time>2026-06-26T08:07:18.234Z</time>
        <name>394</name>
        <extensions>
          <speed_mps>26.822</speed_mps>
          <speed_mph>60.0</speed_mph>
        </extensions>
      </trkpt>
      <trkpt lat="52.0941700" lon="NaN">
        <ele>0</ele>
        <time>2026-06-26T08:07:18.668Z</time>
        <name>395</name>
        <extensions>
          <speed_mps>26.822</speed_mps>
          <speed_mph>60.0</speed_mph>
        </extensions>
      </trkpt>
      <trkpt lat="52.0943200" lon="NaN">
        <ele>0</ele>
        <time>2026-06-26T08:07:19.308Z</time>
        <name>396</name>
        <extensions>
          <speed_mps>26.822</speed_mps>
          <speed_mph>60.0</speed_mph>
        </extensions>
      </trkpt>
      <trkpt lat="52.0943500" lon="NaN">
        <ele>0</ele>
        <time>2026-06-26T08:07:19.442Z</time>
        <name>397</name>
        <extensions>
          <speed_mps>26.822</speed_mps>
          <speed_mph>60.0</speed_mph>
        </extensions>
      </trkpt>
      <trkpt lat="52.0946500" lon="NaN">
        <ele>0</ele>
        <time>2026-06-26T08:07:20.707Z</time>
        <name>398</name>
        <extensions>
          <speed_mps>26.822</speed_mps>
          <speed_mph>60.0</speed_mph>
        </extensions>
      </trkpt>
      <trkpt lat="52.0947800" lon="NaN">
        <ele>0</ele>
        <time>2026-06-26T08:07:21.248Z</time>
        <name>399</name>
        <extensions>
          <speed_mps>26.822</speed_mps>
          <speed_mph>60.0</speed_mph>
        </extensions>
      </trkpt>
      <trkpt lat="52.0948200" lon="NaN">
        <ele>0</ele>
        <time>2026-06-26T08:07:21.422Z</time>
        <name>400</name>
        <extensions>
          <speed_mps>26.822</speed_mps>
          <speed_mph>60.0</speed_mph>
        </extensions>
      </trkpt>
      <trkpt lat="52.0950100" lon="NaN">
        <ele>0</ele>
        <time>2026-06-26T08:07:22.220Z</time>
        <name>401</name>
        <extensions>
          <speed_mps>26.822</speed_mps>
          <speed_mph>60.0</speed_mph>
        </extensions>
      </trkpt>
      <trkpt lat="52.0951200" lon="NaN">
        <ele>0</ele>
        <time>2026-06-26T08:07:22.678Z</time>
        <name>402</name>
        <extensions>
          <speed_mps>26.822</speed_mps>
          <speed_mph>60.0</speed_mph>
        </extensions>
      </trkpt>
      <trkpt lat="52.0956900" lon="NaN">
        <ele>0</ele>
        <time>2026-06-26T08:07:25.042Z</time>
        <name>403</name>
        <extensions>
          <speed_mps>26.822</speed_mps>
          <speed_mph>60.0</speed_mph>
        </extensions>
      </trkpt>
      <trkpt lat="52.0957600" lon="NaN">
        <ele>0</ele>
        <time>2026-06-26T08:07:25.342Z</time>
        <name>404</name>
        <extensions>
          <speed_mps>26.822</speed_mps>
          <speed_mph>60.0</speed_mph>
        </extensions>
      </trkpt>
      <trkpt lat="52.0959000" lon="NaN">
        <ele>0</ele>
        <time>2026-06-26T08:07:25.986Z</time>
        <name>405</name>
        <extensions>
          <speed_mps>26.822</speed_mps>
          <speed_mph>60.0</speed_mph>
        </extensions>
      </trkpt>
      <trkpt lat="52.0959200" lon="NaN">
        <ele>0</ele>
        <time>2026-06-26T08:07:26.083Z</time>
        <name>406</name>
        <extensions>
          <speed_mps>26.822</speed_mps>
          <speed_mph>60.0</speed_mph>
        </extensions>
      </trkpt>
      <trkpt lat="52.0959300" lon="NaN">
        <ele>0</ele>
        <time>2026-06-26T08:07:26.149Z</time>
        <name>407</name>
        <extensions>
          <speed_mps>26.822</speed_mps>
          <speed_mph>60.0</speed_mph>
        </extensions>
      </trkpt>
      <trkpt lat="52.0959600" lon="NaN">
        <ele>0</ele>
        <time>2026-06-26T08:07:26.295Z</time>
        <name>408</name>
        <extensions>
          <speed_mps>26.822</speed_mps>
          <speed_mph>60.0</speed_mph>
        </extensions>
      </trkpt>
      <trkpt lat="52.0959800" lon="NaN">
        <ele>0</ele>
        <time>2026-06-26T08:07:26.382Z</time>
        <name>409</name>
        <extensions>
          <speed_mps>26.822</speed_mps>
          <speed_mph>60.0</speed_mph>
        </extensions>
      </trkpt>
      <trkpt lat="52.0959900" lon="NaN">
        <ele>0</ele>
        <time>2026-06-26T08:07:26.430Z</time>
        <name>410</name>
        <extensions>
          <speed_mps>26.822</speed_mps>
          <speed_mph>60.0</speed_mph>
        </extensions>
      </trkpt>
      <trkpt lat="52.0960300" lon="NaN">
        <ele>0</ele>
        <time>2026-06-26T08:07:26.604Z</time>
        <name>411</name>
        <extensions>
          <speed_mps>26.822</speed_mps>
          <speed_mph>60.0</speed_mph>
        </extensions>
      </trkpt>
      <trkpt lat="52.0961000" lon="NaN">
        <ele>0</ele>
        <time>2026-06-26T08:07:26.894Z</time>
        <name>412</name>
        <extensions>
          <speed_mps>26.822</speed_mps>
          <speed_mph>60.0</speed_mph>
        </extensions>
      </trkpt>
      <trkpt lat="52.0961600" lon="NaN">
        <ele>0</ele>
        <time>2026-06-26T08:07:27.154Z</time>
        <name>413</name>
        <extensions>
          <speed_mps>26.822</speed_mps>
          <speed_mph>60.0</speed_mph>
        </extensions>
      </trkpt>
      <trkpt lat="52.0961800" lon="NaN">
        <ele>0</ele>
        <time>2026-06-26T08:07:27.252Z</time>
        <name>414</name>
        <extensions>
          <speed_mps>26.822</speed_mps>
          <speed_mph>60.0</speed_mph>
        </extensions>
      </trkpt>
      <trkpt lat="52.0961900" lon="NaN">
        <ele>0</ele>
        <time>2026-06-26T08:07:27.293Z</time>
        <name>415</name>
        <extensions>
          <speed_mps>26.822</speed_mps>
          <speed_mph>60.0</speed_mph>
        </extensions>
      </trkpt>
      <trkpt lat="52.0961900" lon="NaN">
        <ele>0</ele>
        <time>2026-06-26T08:07:27.319Z</time>
        <name>416</name>
        <extensions>
          <speed_mps>26.822</speed_mps>
          <speed_mph>60.0</speed_mph>
        </extensions>
      </trkpt>
      <trkpt lat="52.0962100" lon="NaN">
        <ele>0</ele>
        <time>2026-06-26T08:07:27.416Z</time>
        <name>417</name>
        <extensions>
          <speed_mps>26.822</speed_mps>
          <speed_mph>60.0</speed_mph>
        </extensions>
      </trkpt>
      <trkpt lat="52.0962100" lon="NaN">
        <ele>0</ele>
        <time>2026-06-26T08:07:27.441Z</time>
        <name>418</name>
        <extensions>
          <speed_mps>26.822</speed_mps>
          <speed_mph>60.0</speed_mph>
        </extensions>
      </trkpt>
      <trkpt lat="52.0962200" lon="NaN">
        <ele>0</ele>
        <time>2026-06-26T08:07:27.490Z</time>
        <name>419</name>
        <extensions>
          <speed_mps>26.822</speed_mps>
          <speed_mph>60.0</speed_mph>
        </extensions>
      </trkpt>
      <trkpt lat="52.0962300" lon="NaN">
        <ele>0</ele>
        <time>2026-06-26T08:07:27.531Z</time>
        <name>420</name>
        <extensions>
          <speed_mps>26.822</speed_mps>
          <speed_mph>60.0</speed_mph>
        </extensions>
      </trkpt>
      <trkpt lat="52.0963600" lon="NaN">
        <ele>0</ele>
        <time>2026-06-26T08:07:28.117Z</time>
        <name>421</name>
        <extensions>
          <speed_mps>26.822</speed_mps>
          <speed_mph>60.0</speed_mph>
        </extensions>
      </trkpt>
      <trkpt lat="52.0964000" lon="NaN">
        <ele>0</ele>
        <time>2026-06-26T08:07:28.291Z</time>
        <name>422</name>
        <extensions>
          <speed_mps>26.822</speed_mps>
          <speed_mph>60.0</speed_mph>
        </extensions>
      </trkpt>
      <trkpt lat="52.0964300" lon="NaN">
        <ele>0</ele>
        <time>2026-06-26T08:07:28.437Z</time>
        <name>423</name>
        <extensions>
          <speed_mps>26.822</speed_mps>
          <speed_mph>60.0</speed_mph>
        </extensions>
      </trkpt>
      <trkpt lat="52.0964800" lon="NaN">
        <ele>0</ele>
        <time>2026-06-26T08:07:28.645Z</time>
        <name>424</name>
        <extensions>
          <speed_mps>26.822</speed_mps>
          <speed_mph>60.0</speed_mph>
        </extensions>
      </trkpt>
      <trkpt lat="52.0965100" lon="NaN">
        <ele>0</ele>
        <time>2026-06-26T08:07:28.772Z</time>
        <name>425</name>
        <extensions>
          <speed_mps>26.822</speed_mps>
          <speed_mph>60.0</speed_mph>
        </extensions>
      </trkpt>
      <trkpt lat="52.0971600" lon="NaN">
        <ele>0</ele>
        <time>2026-06-26T08:07:31.467Z</time>
        <name>426</name>
        <extensions>
          <speed_mps>26.822</speed_mps>
          <speed_mph>60.0</speed_mph>
        </extensions>
      </trkpt>
      <trkpt lat="52.0974900" lon="NaN">
        <ele>0</ele>
        <time>2026-06-26T08:07:32.836Z</time>
        <name>427</name>
        <extensions>
          <speed_mps>26.822</speed_mps>
          <speed_mph>60.0</speed_mph>
        </extensions>
      </trkpt>
      <trkpt lat="52.0976300" lon="NaN">
        <ele>0</ele>
        <time>2026-06-26T08:07:33.421Z</time>
        <name>428</name>
        <extensions>
          <speed_mps>26.822</speed_mps>
          <speed_mph>60.0</speed_mph>
        </extensions>
      </trkpt>
      <trkpt lat="52.0977200" lon="NaN">
        <ele>0</ele>
        <time>2026-06-26T08:07:33.795Z</time>
        <name>429</name>
        <extensions>
          <speed_mps>26.822</speed_mps>
          <speed_mph>60.0</speed_mph>
        </extensions>
      </trkpt>
      <trkpt lat="52.0977900" lon="NaN">
        <ele>0</ele>
        <time>2026-06-26T08:07:34.090Z</time>
        <name>430</name>
        <extensions>
          <speed_mps>26.822</speed_mps>
          <speed_mph>60.0</speed_mph>
        </extensions>
      </trkpt>
      <trkpt lat="52.0978500" lon="NaN">
        <ele>0</ele>
        <time>2026-06-26T08:07:34.340Z</time>
        <name>431</name>
        <extensions>
          <speed_mps>26.822</speed_mps>
          <speed_mph>60.0</speed_mph>
        </extensions>
      </trkpt>
      <trkpt lat="52.0979100" lon="NaN">
        <ele>0</ele>
        <time>2026-06-26T08:07:34.600Z</time>
        <name>432</name>
        <extensions>
          <speed_mps>26.822</speed_mps>
          <speed_mph>60.0</speed_mph>
        </extensions>
      </trkpt>
      <trkpt lat="52.0980100" lon="NaN">
        <ele>0</ele>
        <time>2026-06-26T08:07:35.018Z</time>
        <name>433</name>
        <extensions>
          <speed_mps>26.822</speed_mps>
          <speed_mph>60.0</speed_mph>
        </extensions>
      </trkpt>
      <trkpt lat="52.0982600" lon="NaN">
        <ele>0</ele>
        <time>2026-06-26T08:07:36.085Z</time>
        <name>434</name>
        <extensions>
          <speed_mps>26.822</speed_mps>
          <speed_mph>60.0</speed_mph>
        </extensions>
      </trkpt>
      <trkpt lat="52.0986900" lon="NaN">
        <ele>0</ele>
        <time>2026-06-26T08:07:37.962Z</time>
        <name>435</name>
        <extensions>
          <speed_mps>26.822</speed_mps>
          <speed_mph>60.0</speed_mph>
        </extensions>
      </trkpt>
      <trkpt lat="52.0991600" lon="NaN">
        <ele>0</ele>
        <time>2026-06-26T08:07:40.074Z</time>
        <name>436</name>
        <extensions>
          <speed_mps>26.822</speed_mps>
          <speed_mph>60.0</speed_mph>
        </extensions>
      </trkpt>
      <trkpt lat="52.0992100" lon="NaN">
        <ele>0</ele>
        <time>2026-06-26T08:07:40.305Z</time>
        <name>437</name>
        <extensions>
          <speed_mps>26.822</speed_mps>
          <speed_mph>60.0</speed_mph>
        </extensions>
      </trkpt>
      <trkpt lat="52.0997400" lon="NaN">
        <ele>0</ele>
        <time>2026-06-26T08:07:42.676Z</time>
        <name>438</name>
        <extensions>
          <speed_mps>26.822</speed_mps>
          <speed_mph>60.0</speed_mph>
        </extensions>
      </trkpt>
      <trkpt lat="52.1010800" lon="NaN">
        <ele>0</ele>
        <time>2026-06-26T08:07:48.550Z</time>
        <name>439</name>
        <extensions>
          <speed_mps>26.822</speed_mps>
          <speed_mph>60.0</speed_mph>
        </extensions>
      </trkpt>
      <trkpt lat="52.1013700" lon="NaN">
        <ele>0</ele>
        <time>2026-06-26T08:07:49.846Z</time>
        <name>440</name>
        <extensions>
          <speed_mps>26.822</speed_mps>
          <speed_mph>60.0</speed_mph>
        </extensions>
      </trkpt>
      <trkpt lat="52.1017600" lon="NaN">
        <ele>0</ele>
        <time>2026-06-26T08:07:51.656Z</time>
        <name>441</name>
        <extensions>
          <speed_mps>26.822</speed_mps>
          <speed_mph>60.0</speed_mph>
        </extensions>
      </trkpt>
      <trkpt lat="52.1019300" lon="NaN">
        <ele>0</ele>
        <time>2026-06-26T08:07:52.483Z</time>
        <name>442</name>
        <extensions>
          <speed_mps>26.822</speed_mps>
          <speed_mph>60.0</speed_mph>
        </extensions>
      </trkpt>
      <trkpt lat="52.1022000" lon="NaN">
        <ele>0</ele>
        <time>2026-06-26T08:07:53.839Z</time>
        <name>443</name>
        <extensions>
          <speed_mps>26.822</speed_mps>
          <speed_mph>60.0</speed_mph>
        </extensions>
      </trkpt>
      <trkpt lat="52.1024300" lon="NaN">
        <ele>0</ele>
        <time>2026-06-26T08:07:55.076Z</time>
        <name>444</name>
        <extensions>
          <speed_mps>26.822</speed_mps>
          <speed_mph>60.0</speed_mph>
        </extensions>
      </trkpt>
      <trkpt lat="52.1026600" lon="NaN">
        <ele>0</ele>
        <time>2026-06-26T08:07:56.399Z</time>
        <name>445</name>
        <extensions>
          <speed_mps>26.822</speed_mps>
          <speed_mph>60.0</speed_mph>
        </extensions>
      </trkpt>
      <trkpt lat="52.1029000" lon="NaN">
        <ele>0</ele>
        <time>2026-06-26T08:07:57.936Z</time>
        <name>446</name>
        <extensions>
          <speed_mps>26.822</speed_mps>
          <speed_mph>60.0</speed_mph>
        </extensions>
      </trkpt>
      <trkpt lat="52.1031600" lon="NaN">
        <ele>0</ele>
        <time>2026-06-26T08:07:59.764Z</time>
        <name>447</name>
        <extensions>
          <speed_mps>26.822</speed_mps>
          <speed_mph>60.0</speed_mph>
        </extensions>
      </trkpt>
      <trkpt lat="52.1033200" lon="NaN">
        <ele>0</ele>
        <time>2026-06-26T08:08:00.980Z</time>
        <name>448</name>
        <extensions>
          <speed_mps>26.822</speed_mps>
          <speed_mph>60.0</speed_mph>
        </extensions>
      </trkpt>
      <trkpt lat="52.1033400" lon="NaN">
        <ele>0</ele>
        <time>2026-06-26T08:08:01.200Z</time>
        <name>449</name>
        <extensions>
          <speed_mps>26.822</speed_mps>
          <speed_mph>60.0</speed_mph>
        </extensions>
      </trkpt>
      <trkpt lat="52.1033800" lon="NaN">
        <ele>0</ele>
        <time>2026-06-26T08:08:01.525Z</time>
        <name>450</name>
        <extensions>
          <speed_mps>26.822</speed_mps>
          <speed_mph>60.0</speed_mph>
        </extensions>
      </trkpt>
      <trkpt lat="52.1034200" lon="NaN">
        <ele>0</ele>
        <time>2026-06-26T08:08:01.808Z</time>
        <name>451</name>
        <extensions>
          <speed_mps>26.822</speed_mps>
          <speed_mph>60.0</speed_mph>
        </extensions>
      </trkpt>
      <trkpt lat="52.1035400" lon="NaN">
        <ele>0</ele>
        <time>2026-06-26T08:08:02.785Z</time>
        <name>452</name>
        <extensions>
          <speed_mps>26.822</speed_mps>
          <speed_mph>60.0</speed_mph>
        </extensions>
      </trkpt>
      <trkpt lat="52.1035500" lon="NaN">
        <ele>0</ele>
        <time>2026-06-26T08:08:02.850Z</time>
        <name>453</name>
        <extensions>
          <speed_mps>26.822</speed_mps>
          <speed_mph>60.0</speed_mph>
        </extensions>
      </trkpt>
      <trkpt lat="52.1035800" lon="NaN">
        <ele>0</ele>
        <time>2026-06-26T08:08:03.134Z</time>
        <name>454</name>
        <extensions>
          <speed_mps>26.822</speed_mps>
          <speed_mph>60.0</speed_mph>
        </extensions>
      </trkpt>
      <trkpt lat="52.1036300" lon="NaN">
        <ele>0</ele>
        <time>2026-06-26T08:08:03.503Z</time>
        <name>455</name>
        <extensions>
          <speed_mps>26.822</speed_mps>
          <speed_mph>60.0</speed_mph>
        </extensions>
      </trkpt>
      <trkpt lat="52.1039100" lon="NaN">
        <ele>0</ele>
        <time>2026-06-26T08:08:05.826Z</time>
        <name>456</name>
        <extensions>
          <speed_mps>26.822</speed_mps>
          <speed_mph>60.0</speed_mph>
        </extensions>
      </trkpt>
      <trkpt lat="52.1039700" lon="NaN">
        <ele>0</ele>
        <time>2026-06-26T08:08:06.260Z</time>
        <name>457</name>
        <extensions>
          <speed_mps>26.822</speed_mps>
          <speed_mph>60.0</speed_mph>
        </extensions>
      </trkpt>
      <trkpt lat="52.1040600" lon="NaN">
        <ele>0</ele>
        <time>2026-06-26T08:08:07.042Z</time>
        <name>458</name>
        <extensions>
          <speed_mps>26.822</speed_mps>
          <speed_mph>60.0</speed_mph>
        </extensions>
      </trkpt>
      <trkpt lat="52.1043400" lon="NaN">
        <ele>0</ele>
        <time>2026-06-26T08:08:09.277Z</time>
        <name>459</name>
        <extensions>
          <speed_mps>26.822</speed_mps>
          <speed_mph>60.0</speed_mph>
        </extensions>
      </trkpt>
      <trkpt lat="52.1043700" lon="NaN">
        <ele>0</ele>
        <time>2026-06-26T08:08:09.561Z</time>
        <name>460</name>
        <extensions>
          <speed_mps>26.822</speed_mps>
          <speed_mph>60.0</speed_mph>
        </extensions>
      </trkpt>
      <trkpt lat="52.1050800" lon="NaN">
        <ele>0</ele>
        <time>2026-06-26T08:08:15.180Z</time>
        <name>461</name>
        <extensions>
          <speed_mps>26.822</speed_mps>
          <speed_mph>60.0</speed_mph>
        </extensions>
      </trkpt>
      <trkpt lat="52.1053900" lon="NaN">
        <ele>0</ele>
        <time>2026-06-26T08:08:17.296Z</time>
        <name>462</name>
        <extensions>
          <speed_mps>26.822</speed_mps>
          <speed_mph>60.0</speed_mph>
        </extensions>
      </trkpt>
      <trkpt lat="52.1055500" lon="NaN">
        <ele>0</ele>
        <time>2026-06-26T08:08:18.288Z</time>
        <name>463</name>
        <extensions>
          <speed_mps>26.822</speed_mps>
          <speed_mph>60.0</speed_mph>
        </extensions>
      </trkpt>
      <trkpt lat="52.1055500" lon="NaN">
        <ele>0</ele>
        <time>2026-06-26T08:08:18.314Z</time>
        <name>464</name>
        <extensions>
          <speed_mps>26.822</speed_mps>
          <speed_mph>60.0</speed_mph>
        </extensions>
      </trkpt>
      <trkpt lat="52.1055800" lon="NaN">
        <ele>0</ele>
        <time>2026-06-26T08:08:18.492Z</time>
        <name>465</name>
        <extensions>
          <speed_mps>26.822</speed_mps>
          <speed_mph>60.0</speed_mph>
        </extensions>
      </trkpt>
      <trkpt lat="52.1056400" lon="NaN">
        <ele>0</ele>
        <time>2026-06-26T08:08:18.886Z</time>
        <name>466</name>
        <extensions>
          <speed_mps>26.822</speed_mps>
          <speed_mph>60.0</speed_mph>
        </extensions>
      </trkpt>
      <trkpt lat="52.1056600" lon="NaN">
        <ele>0</ele>
        <time>2026-06-26T08:08:18.973Z</time>
        <name>467</name>
        <extensions>
          <speed_mps>26.822</speed_mps>
          <speed_mph>60.0</speed_mph>
        </extensions>
      </trkpt>
      <trkpt lat="52.1056700" lon="NaN">
        <ele>0</ele>
        <time>2026-06-26T08:08:19.038Z</time>
        <name>468</name>
        <extensions>
          <speed_mps>26.822</speed_mps>
          <speed_mph>60.0</speed_mph>
        </extensions>
      </trkpt>
      <trkpt lat="52.1056900" lon="NaN">
        <ele>0</ele>
        <time>2026-06-26T08:08:19.136Z</time>
        <name>469</name>
        <extensions>
          <speed_mps>26.822</speed_mps>
          <speed_mph>60.0</speed_mph>
        </extensions>
      </trkpt>
      <trkpt lat="52.1057700" lon="NaN">
        <ele>0</ele>
        <time>2026-06-26T08:08:19.482Z</time>
        <name>470</name>
        <extensions>
          <speed_mps>26.822</speed_mps>
          <speed_mph>60.0</speed_mph>
        </extensions>
      </trkpt>
      <trkpt lat="52.1058700" lon="NaN">
        <ele>0</ele>
        <time>2026-06-26T08:08:19.904Z</time>
        <name>471</name>
        <extensions>
          <speed_mps>26.822</speed_mps>
          <speed_mph>60.0</speed_mph>
        </extensions>
      </trkpt>
      <trkpt lat="52.1059100" lon="NaN">
        <ele>0</ele>
        <time>2026-06-26T08:08:20.072Z</time>
        <name>472</name>
        <extensions>
          <speed_mps>26.822</speed_mps>
          <speed_mph>60.0</speed_mph>
        </extensions>
      </trkpt>
      <trkpt lat="52.1059400" lon="NaN">
        <ele>0</ele>
        <time>2026-06-26T08:08:20.196Z</time>
        <name>473</name>
        <extensions>
          <speed_mps>26.822</speed_mps>
          <speed_mph>60.0</speed_mph>
        </extensions>
      </trkpt>
      <trkpt lat="52.1060000" lon="NaN">
        <ele>0</ele>
        <time>2026-06-26T08:08:20.450Z</time>
        <name>474</name>
        <extensions>
          <speed_mps>26.822</speed_mps>
          <speed_mph>60.0</speed_mph>
        </extensions>
      </trkpt>
      <trkpt lat="52.1060300" lon="NaN">
        <ele>0</ele>
        <time>2026-06-26T08:08:20.584Z</time>
        <name>475</name>
        <extensions>
          <speed_mps>26.822</speed_mps>
          <speed_mph>60.0</speed_mph>
        </extensions>
      </trkpt>
      <trkpt lat="52.1060500" lon="NaN">
        <ele>0</ele>
        <time>2026-06-26T08:08:20.697Z</time>
        <name>476</name>
        <extensions>
          <speed_mps>26.822</speed_mps>
          <speed_mph>60.0</speed_mph>
        </extensions>
      </trkpt>
      <trkpt lat="52.1060800" lon="NaN">
        <ele>0</ele>
        <time>2026-06-26T08:08:20.843Z</time>
        <name>477</name>
        <extensions>
          <speed_mps>26.822</speed_mps>
          <speed_mph>60.0</speed_mph>
        </extensions>
      </trkpt>
      <trkpt lat="52.1061000" lon="NaN">
        <ele>0</ele>
        <time>2026-06-26T08:08:20.974Z</time>
        <name>478</name>
        <extensions>
          <speed_mps>26.822</speed_mps>
          <speed_mph>60.0</speed_mph>
        </extensions>
      </trkpt>
      <trkpt lat="52.1061200" lon="NaN">
        <ele>0</ele>
        <time>2026-06-26T08:08:21.087Z</time>
        <name>479</name>
        <extensions>
          <speed_mps>26.822</speed_mps>
          <speed_mph>60.0</speed_mph>
        </extensions>
      </trkpt>
      <trkpt lat="52.1061300" lon="NaN">
        <ele>0</ele>
        <time>2026-06-26T08:08:21.221Z</time>
        <name>480</name>
        <extensions>
          <speed_mps>26.822</speed_mps>
          <speed_mph>60.0</speed_mph>
        </extensions>
      </trkpt>
      <trkpt lat="52.1063000" lon="NaN">
        <ele>0</ele>
        <time>2026-06-26T08:08:22.337Z</time>
        <name>481</name>
        <extensions>
          <speed_mps>26.822</speed_mps>
          <speed_mph>60.0</speed_mph>
        </extensions>
      </trkpt>
      <trkpt lat="52.1064900" lon="NaN">
        <ele>0</ele>
        <time>2026-06-26T08:08:23.452Z</time>
        <name>482</name>
        <extensions>
          <speed_mps>26.822</speed_mps>
          <speed_mph>60.0</speed_mph>
        </extensions>
      </trkpt>
      <trkpt lat="52.1064900" lon="NaN">
        <ele>0</ele>
        <time>2026-06-26T08:08:23.478Z</time>
        <name>483</name>
        <extensions>
          <speed_mps>26.822</speed_mps>
          <speed_mph>60.0</speed_mph>
        </extensions>
      </trkpt>
      <trkpt lat="52.1066400" lon="NaN">
        <ele>0</ele>
        <time>2026-06-26T08:08:24.250Z</time>
        <name>484</name>
        <extensions>
          <speed_mps>26.822</speed_mps>
          <speed_mph>60.0</speed_mph>
        </extensions>
      </trkpt>
      <trkpt lat="52.1068000" lon="NaN">
        <ele>0</ele>
        <time>2026-06-26T08:08:24.992Z</time>
        <name>485</name>
        <extensions>
          <speed_mps>26.822</speed_mps>
          <speed_mph>60.0</speed_mph>
        </extensions>
      </trkpt>
      <trkpt lat="52.1068900" lon="NaN">
        <ele>0</ele>
        <time>2026-06-26T08:08:25.395Z</time>
        <name>486</name>
        <extensions>
          <speed_mps>26.822</speed_mps>
          <speed_mph>60.0</speed_mph>
        </extensions>
      </trkpt>
      <trkpt lat="52.1069900" lon="NaN">
        <ele>0</ele>
        <time>2026-06-26T08:08:25.895Z</time>
        <name>487</name>
        <extensions>
          <speed_mps>26.822</speed_mps>
          <speed_mph>60.0</speed_mph>
        </extensions>
      </trkpt>
      <trkpt lat="52.1074600" lon="NaN">
        <ele>0</ele>
        <time>2026-06-26T08:08:27.930Z</time>
        <name>488</name>
        <extensions>
          <speed_mps>26.822</speed_mps>
          <speed_mph>60.0</speed_mph>
        </extensions>
      </trkpt>
      <trkpt lat="52.1076600" lon="NaN">
        <ele>0</ele>
        <time>2026-06-26T08:08:28.784Z</time>
        <name>489</name>
        <extensions>
          <speed_mps>26.822</speed_mps>
          <speed_mph>60.0</speed_mph>
        </extensions>
      </trkpt>
      <trkpt lat="52.1078100" lon="NaN">
        <ele>0</ele>
        <time>2026-06-26T08:08:29.418Z</time>
        <name>490</name>
        <extensions>
          <speed_mps>26.822</speed_mps>
          <speed_mph>60.0</speed_mph>
        </extensions>
      </trkpt>
      <trkpt lat="52.1078300" lon="NaN">
        <ele>0</ele>
        <time>2026-06-26T08:08:29.505Z</time>
        <name>491</name>
        <extensions>
          <speed_mps>26.822</speed_mps>
          <speed_mph>60.0</speed_mph>
        </extensions>
      </trkpt>
      <trkpt lat="52.1090900" lon="NaN">
        <ele>0</ele>
        <time>2026-06-26T08:08:34.822Z</time>
        <name>492</name>
        <extensions>
          <speed_mps>26.822</speed_mps>
          <speed_mph>60.0</speed_mph>
        </extensions>
      </trkpt>
      <trkpt lat="52.1093700" lon="NaN">
        <ele>0</ele>
        <time>2026-06-26T08:08:35.996Z</time>
        <name>493</name>
        <extensions>
          <speed_mps>26.822</speed_mps>
          <speed_mph>60.0</speed_mph>
        </extensions>
      </trkpt>
      <trkpt lat="52.1126000" lon="NaN">
        <ele>0</ele>
        <time>2026-06-26T08:08:49.608Z</time>
        <name>494</name>
        <extensions>
          <speed_mps>26.822</speed_mps>
          <speed_mph>60.0</speed_mph>
        </extensions>
      </trkpt>
      <trkpt lat="52.1126100" lon="NaN">
        <ele>0</ele>
        <time>2026-06-26T08:08:49.649Z</time>
        <name>495</name>
        <extensions>
          <speed_mps>26.822</speed_mps>
          <speed_mph>60.0</speed_mph>
        </extensions>
      </trkpt>
      <trkpt lat="52.1138100" lon="NaN">
        <ele>0</ele>
        <time>2026-06-26T08:08:54.703Z</time>
        <name>496</name>
        <extensions>
          <speed_mps>26.822</speed_mps>
          <speed_mph>60.0</speed_mph>
        </extensions>
      </trkpt>
      <trkpt lat="52.1141400" lon="NaN">
        <ele>0</ele>
        <time>2026-06-26T08:08:56.100Z</time>
        <name>497</name>
        <extensions>
          <speed_mps>26.822</speed_mps>
          <speed_mph>60.0</speed_mph>
        </extensions>
      </trkpt>
      <trkpt lat="52.1143200" lon="NaN">
        <ele>0</ele>
        <time>2026-06-26T08:08:56.857Z</time>
        <name>498</name>
        <extensions>
          <speed_mps>26.822</speed_mps>
          <speed_mph>60.0</speed_mph>
        </extensions>
      </trkpt>
      <trkpt lat="52.1144000" lon="NaN">
        <ele>0</ele>
        <time>2026-06-26T08:08:57.197Z</time>
        <name>499</name>
        <extensions>
          <speed_mps>26.822</speed_mps>
          <speed_mph>60.0</speed_mph>
        </extensions>
      </trkpt>
      <trkpt lat="52.1147600" lon="NaN">
        <ele>0</ele>
        <time>2026-06-26T08:08:58.751Z</time>
        <name>500</name>
        <extensions>
          <speed_mps>26.822</speed_mps>
          <speed_mph>60.0</speed_mph>
        </extensions>
      </trkpt>
      <trkpt lat="52.1148600" lon="NaN">
        <ele>0</ele>
        <time>2026-06-26T08:08:59.178Z</time>
        <name>501</name>
        <extensions>
          <speed_mps>26.822</speed_mps>
          <speed_mph>60.0</speed_mph>
        </extensions>
      </trkpt>
      <trkpt lat="52.1155200" lon="NaN">
        <ele>0</ele>
        <time>2026-06-26T08:09:02.071Z</time>
        <name>502</name>
        <extensions>
          <speed_mps>26.822</speed_mps>
          <speed_mph>60.0</speed_mph>
        </extensions>
      </trkpt>
      <trkpt lat="52.1158800" lon="NaN">
        <ele>0</ele>
        <time>2026-06-26T08:09:03.684Z</time>
        <name>503</name>
        <extensions>
          <speed_mps>26.822</speed_mps>
          <speed_mph>60.0</speed_mph>
        </extensions>
      </trkpt>
      <trkpt lat="52.1164700" lon="NaN">
        <ele>0</ele>
        <time>2026-06-26T08:09:06.385Z</time>
        <name>504</name>
        <extensions>
          <speed_mps>26.822</speed_mps>
          <speed_mph>60.0</speed_mph>
        </extensions>
      </trkpt>
      <trkpt lat="52.1167700" lon="NaN">
        <ele>0</ele>
        <time>2026-06-26T08:09:07.806Z</time>
        <name>505</name>
        <extensions>
          <speed_mps>26.822</speed_mps>
          <speed_mph>60.0</speed_mph>
        </extensions>
      </trkpt>
      <trkpt lat="52.1169000" lon="NaN">
        <ele>0</ele>
        <time>2026-06-26T08:09:08.374Z</time>
        <name>506</name>
        <extensions>
          <speed_mps>26.822</speed_mps>
          <speed_mph>60.0</speed_mph>
        </extensions>
      </trkpt>
      <trkpt lat="52.1174800" lon="NaN">
        <ele>0</ele>
        <time>2026-06-26T08:09:11.336Z</time>
        <name>507</name>
        <extensions>
          <speed_mps>26.822</speed_mps>
          <speed_mph>60.0</speed_mph>
        </extensions>
      </trkpt>
      <trkpt lat="52.1179300" lon="NaN">
        <ele>0</ele>
        <time>2026-06-26T08:09:13.763Z</time>
        <name>508</name>
        <extensions>
          <speed_mps>26.822</speed_mps>
          <speed_mph>60.0</speed_mph>
        </extensions>
      </trkpt>
      <trkpt lat="52.1198900" lon="NaN">
        <ele>0</ele>
        <time>2026-06-26T08:09:24.793Z</time>
        <name>509</name>
        <extensions>
          <speed_mps>26.822</speed_mps>
          <speed_mph>60.0</speed_mph>
        </extensions>
      </trkpt>
      <trkpt lat="52.1199500" lon="NaN">
        <ele>0</ele>
        <time>2026-06-26T08:09:25.099Z</time>
        <name>510</name>
        <extensions>
          <speed_mps>26.822</speed_mps>
          <speed_mph>60.0</speed_mph>
        </extensions>
      </trkpt>
      <trkpt lat="52.1202700" lon="NaN">
        <ele>0</ele>
        <time>2026-06-26T08:09:26.973Z</time>
        <name>511</name>
        <extensions>
          <speed_mps>26.822</speed_mps>
          <speed_mph>60.0</speed_mph>
        </extensions>
      </trkpt>
      <trkpt lat="52.1206600" lon="NaN">
        <ele>0</ele>
        <time>2026-06-26T08:09:29.379Z</time>
        <name>512</name>
        <extensions>
          <speed_mps>26.822</speed_mps>
          <speed_mph>60.0</speed_mph>
        </extensions>
      </trkpt>
      <trkpt lat="52.1209800" lon="NaN">
        <ele>0</ele>
        <time>2026-06-26T08:09:31.440Z</time>
        <name>513</name>
        <extensions>
          <speed_mps>26.822</speed_mps>
          <speed_mph>60.0</speed_mph>
        </extensions>
      </trkpt>
      <trkpt lat="52.1212900" lon="NaN">
        <ele>0</ele>
        <time>2026-06-26T08:09:33.700Z</time>
        <name>514</name>
        <extensions>
          <speed_mps>26.822</speed_mps>
          <speed_mph>60.0</speed_mph>
        </extensions>
      </trkpt>
      <trkpt lat="52.1216600" lon="NaN">
        <ele>0</ele>
        <time>2026-06-26T08:09:36.759Z</time>
        <name>515</name>
        <extensions>
          <speed_mps>26.822</speed_mps>
          <speed_mph>60.0</speed_mph>
        </extensions>
      </trkpt>
      <trkpt lat="52.1219600" lon="NaN">
        <ele>0</ele>
        <time>2026-06-26T08:09:39.569Z</time>
        <name>516</name>
        <extensions>
          <speed_mps>26.822</speed_mps>
          <speed_mph>60.0</speed_mph>
        </extensions>
      </trkpt>
      <trkpt lat="52.1220300" lon="NaN">
        <ele>0</ele>
        <time>2026-06-26T08:09:40.315Z</time>
        <name>517</name>
        <extensions>
          <speed_mps>26.822</speed_mps>
          <speed_mph>60.0</speed_mph>
        </extensions>
      </trkpt>
      <trkpt lat="52.1222700" lon="NaN">
        <ele>0</ele>
        <time>2026-06-26T08:09:43.239Z</time>
        <name>518</name>
        <extensions>
          <speed_mps>26.822</speed_mps>
          <speed_mph>60.0</speed_mph>
        </extensions>
      </trkpt>
      <trkpt lat="52.1223600" lon="NaN">
        <ele>0</ele>
        <time>2026-06-26T08:09:44.712Z</time>
        <name>519</name>
        <extensions>
          <speed_mps>26.822</speed_mps>
          <speed_mph>60.0</speed_mph>
        </extensions>
      </trkpt>
      <trkpt lat="52.1225200" lon="NaN">
        <ele>0</ele>
        <time>2026-06-26T08:09:47.987Z</time>
        <name>520</name>
        <extensions>
          <speed_mps>26.822</speed_mps>
          <speed_mph>60.0</speed_mph>
        </extensions>
      </trkpt>
      <trkpt lat="52.1225500" lon="NaN">
        <ele>0</ele>
        <time>2026-06-26T08:09:49.367Z</time>
        <name>521</name>
        <extensions>
          <speed_mps>26.822</speed_mps>
          <speed_mph>60.0</speed_mph>
        </extensions>
      </trkpt>
      <trkpt lat="52.1225200" lon="NaN">
        <ele>0</ele>
        <time>2026-06-26T08:09:49.697Z</time>
        <name>522</name>
        <extensions>
          <speed_mps>26.822</speed_mps>
          <speed_mph>60.0</speed_mph>
        </extensions>
      </trkpt>
      <trkpt lat="52.1225500" lon="NaN">
        <ele>0</ele>
        <time>2026-06-26T08:09:50.246Z</time>
        <name>523</name>
        <extensions>
          <speed_mps>26.822</speed_mps>
          <speed_mph>60.0</speed_mph>
        </extensions>
      </trkpt>
      <trkpt lat="52.1226900" lon="NaN">
        <ele>0</ele>
        <time>2026-06-26T08:09:55.344Z</time>
        <name>524</name>
        <extensions>
          <speed_mps>26.822</speed_mps>
          <speed_mph>60.0</speed_mph>
        </extensions>
      </trkpt>
      <trkpt lat="52.1227500" lon="NaN">
        <ele>0</ele>
        <time>2026-06-26T08:09:56.004Z</time>
        <name>525</name>
        <extensions>
          <speed_mps>26.822</speed_mps>
          <speed_mph>60.0</speed_mph>
        </extensions>
      </trkpt>
      <trkpt lat="52.1229500" lon="NaN">
        <ele>0</ele>
        <time>2026-06-26T08:10:00.209Z</time>
        <name>526</name>
        <extensions>
          <speed_mps>26.822</speed_mps>
          <speed_mph>60.0</speed_mph>
        </extensions>
      </trkpt>
      <trkpt lat="52.1232000" lon="NaN">
        <ele>0</ele>
        <time>2026-06-26T08:10:04.043Z</time>
        <name>527</name>
        <extensions>
          <speed_mps>26.822</speed_mps>
          <speed_mph>60.0</speed_mph>
        </extensions>
      </trkpt>
      <trkpt lat="52.1232600" lon="NaN">
        <ele>0</ele>
        <time>2026-06-26T08:10:04.822Z</time>
        <name>528</name>
        <extensions>
          <speed_mps>26.822</speed_mps>
          <speed_mph>60.0</speed_mph>
        </extensions>
      </trkpt>
      <trkpt lat="52.1232600" lon="NaN">
        <ele>0</ele>
        <time>2026-06-26T08:10:04.924Z</time>
        <name>529</name>
        <extensions>
          <speed_mps>26.822</speed_mps>
          <speed_mph>60.0</speed_mph>
        </extensions>
      </trkpt>
      <trkpt lat="52.1234000" lon="NaN">
        <ele>0</ele>
        <time>2026-06-26T08:10:06.629Z</time>
        <name>530</name>
        <extensions>
          <speed_mps>26.822</speed_mps>
          <speed_mph>60.0</speed_mph>
        </extensions>
      </trkpt>
      <trkpt lat="52.1237300" lon="NaN">
        <ele>0</ele>
        <time>2026-06-26T08:10:10.233Z</time>
        <name>531</name>
        <extensions>
          <speed_mps>26.822</speed_mps>
          <speed_mph>60.0</speed_mph>
        </extensions>
      </trkpt>
      <trkpt lat="52.1238300" lon="NaN">
        <ele>0</ele>
        <time>2026-06-26T08:10:11.124Z</time>
        <name>532</name>
        <extensions>
          <speed_mps>26.822</speed_mps>
          <speed_mph>60.0</speed_mph>
        </extensions>
      </trkpt>
      <trkpt lat="52.1238800" lon="NaN">
        <ele>0</ele>
        <time>2026-06-26T08:10:11.650Z</time>
        <name>533</name>
        <extensions>
          <speed_mps>26.822</speed_mps>
          <speed_mph>60.0</speed_mph>
        </extensions>
      </trkpt>
      <trkpt lat="52.1240100" lon="NaN">
        <ele>0</ele>
        <time>2026-06-26T08:10:12.847Z</time>
        <name>534</name>
        <extensions>
          <speed_mps>26.822</speed_mps>
          <speed_mph>60.0</speed_mph>
        </extensions>
      </trkpt>
      <trkpt lat="52.1243100" lon="NaN">
        <ele>0</ele>
        <time>2026-06-26T08:10:15.409Z</time>
        <name>535</name>
        <extensions>
          <speed_mps>26.822</speed_mps>
          <speed_mph>60.0</speed_mph>
        </extensions>
      </trkpt>
      <trkpt lat="52.1244900" lon="NaN">
        <ele>0</ele>
        <time>2026-06-26T08:10:16.841Z</time>
        <name>536</name>
        <extensions>
          <speed_mps>26.822</speed_mps>
          <speed_mph>60.0</speed_mph>
        </extensions>
      </trkpt>
      <trkpt lat="52.1251400" lon="NaN">
        <ele>0</ele>
        <time>2026-06-26T08:10:21.597Z</time>
        <name>537</name>
        <extensions>
          <speed_mps>26.822</speed_mps>
          <speed_mph>60.0</speed_mph>
        </extensions>
      </trkpt>
      <trkpt lat="52.1254700" lon="NaN">
        <ele>0</ele>
        <time>2026-06-26T08:10:23.823Z</time>
        <name>538</name>
        <extensions>
          <speed_mps>26.822</speed_mps>
          <speed_mph>60.0</speed_mph>
        </extensions>
      </trkpt>
      <trkpt lat="52.1254700" lon="NaN">
        <ele>0</ele>
        <time>2026-06-26T08:10:23.849Z</time>
        <name>539</name>
        <extensions>
          <speed_mps>26.822</speed_mps>
          <speed_mph>60.0</speed_mph>
        </extensions>
      </trkpt>
      <trkpt lat="52.1261600" lon="NaN">
        <ele>0</ele>
        <time>2026-06-26T08:10:28.300Z</time>
        <name>540</name>
        <extensions>
          <speed_mps>26.822</speed_mps>
          <speed_mph>60.0</speed_mph>
        </extensions>
      </trkpt>
      <trkpt lat="52.1270400" lon="NaN">
        <ele>0</ele>
        <time>2026-06-26T08:10:33.544Z</time>
        <name>541</name>
        <extensions>
          <speed_mps>26.822</speed_mps>
          <speed_mph>60.0</speed_mph>
        </extensions>
      </trkpt>
      <trkpt lat="52.1274700" lon="NaN">
        <ele>0</ele>
        <time>2026-06-26T08:10:35.993Z</time>
        <name>542</name>
        <extensions>
          <speed_mps>26.822</speed_mps>
          <speed_mph>60.0</speed_mph>
        </extensions>
      </trkpt>
      <trkpt lat="52.1281300" lon="NaN">
        <ele>0</ele>
        <time>2026-06-26T08:10:39.611Z</time>
        <name>543</name>
        <extensions>
          <speed_mps>26.822</speed_mps>
          <speed_mph>60.0</speed_mph>
        </extensions>
      </trkpt>
      <trkpt lat="52.1282200" lon="NaN">
        <ele>0</ele>
        <time>2026-06-26T08:10:40.077Z</time>
        <name>544</name>
        <extensions>
          <speed_mps>26.822</speed_mps>
          <speed_mph>60.0</speed_mph>
        </extensions>
      </trkpt>
      <trkpt lat="52.1284100" lon="NaN">
        <ele>0</ele>
        <time>2026-06-26T08:10:41.106Z</time>
        <name>545</name>
        <extensions>
          <speed_mps>26.822</speed_mps>
          <speed_mph>60.0</speed_mph>
        </extensions>
      </trkpt>
      <trkpt lat="52.1284300" lon="NaN">
        <ele>0</ele>
        <time>2026-06-26T08:10:41.203Z</time>
        <name>546</name>
        <extensions>
          <speed_mps>26.822</speed_mps>
          <speed_mph>60.0</speed_mph>
        </extensions>
      </trkpt>
      <trkpt lat="52.1285100" lon="NaN">
        <ele>0</ele>
        <time>2026-06-26T08:10:41.637Z</time>
        <name>547</name>
        <extensions>
          <speed_mps>26.822</speed_mps>
          <speed_mph>60.0</speed_mph>
        </extensions>
      </trkpt>
      <trkpt lat="52.1293100" lon="NaN">
        <ele>0</ele>
        <time>2026-06-26T08:10:45.757Z</time>
        <name>548</name>
        <extensions>
          <speed_mps>26.822</speed_mps>
          <speed_mph>60.0</speed_mph>
        </extensions>
      </trkpt>
      <trkpt lat="52.1298500" lon="NaN">
        <ele>0</ele>
        <time>2026-06-26T08:10:48.424Z</time>
        <name>549</name>
        <extensions>
          <speed_mps>26.822</speed_mps>
          <speed_mph>60.0</speed_mph>
        </extensions>
      </trkpt>
      <trkpt lat="52.1298500" lon="NaN">
        <ele>0</ele>
        <time>2026-06-26T08:10:48.450Z</time>
        <name>550</name>
        <extensions>
          <speed_mps>26.822</speed_mps>
          <speed_mph>60.0</speed_mph>
        </extensions>
      </trkpt>
      <trkpt lat="52.1310500" lon="NaN">
        <ele>0</ele>
        <time>2026-06-26T08:10:54.300Z</time>
        <name>551</name>
        <extensions>
          <speed_mps>26.822</speed_mps>
          <speed_mph>60.0</speed_mph>
        </extensions>
      </trkpt>
      <trkpt lat="52.1315400" lon="NaN">
        <ele>0</ele>
        <time>2026-06-26T08:10:56.753Z</time>
        <name>552</name>
        <extensions>
          <speed_mps>26.822</speed_mps>
          <speed_mph>60.0</speed_mph>
        </extensions>
      </trkpt>
      <trkpt lat="52.1315800" lon="NaN">
        <ele>0</ele>
        <time>2026-06-26T08:10:56.978Z</time>
        <name>553</name>
        <extensions>
          <speed_mps>26.822</speed_mps>
          <speed_mph>60.0</speed_mph>
        </extensions>
      </trkpt>
      <trkpt lat="52.1317700" lon="NaN">
        <ele>0</ele>
        <time>2026-06-26T08:10:57.944Z</time>
        <name>554</name>
        <extensions>
          <speed_mps>26.822</speed_mps>
          <speed_mph>60.0</speed_mph>
        </extensions>
      </trkpt>
      <trkpt lat="52.1319500" lon="NaN">
        <ele>0</ele>
        <time>2026-06-26T08:10:58.909Z</time>
        <name>555</name>
        <extensions>
          <speed_mps>26.822</speed_mps>
          <speed_mph>60.0</speed_mph>
        </extensions>
      </trkpt>
      <trkpt lat="52.1320100" lon="NaN">
        <ele>0</ele>
        <time>2026-06-26T08:10:59.215Z</time>
        <name>556</name>
        <extensions>
          <speed_mps>26.822</speed_mps>
          <speed_mph>60.0</speed_mph>
        </extensions>
      </trkpt>
      <trkpt lat="52.1320100" lon="NaN">
        <ele>0</ele>
        <time>2026-06-26T08:10:59.240Z</time>
        <name>557</name>
        <extensions>
          <speed_mps>26.822</speed_mps>
          <speed_mph>60.0</speed_mph>
        </extensions>
      </trkpt>
      <trkpt lat="52.1322200" lon="NaN">
        <ele>0</ele>
        <time>2026-06-26T08:11:00.365Z</time>
        <name>558</name>
        <extensions>
          <speed_mps>26.822</speed_mps>
          <speed_mph>60.0</speed_mph>
        </extensions>
      </trkpt>
      <trkpt lat="52.1328100" lon="NaN">
        <ele>0</ele>
        <time>2026-06-26T08:11:03.699Z</time>
        <name>559</name>
        <extensions>
          <speed_mps>26.822</speed_mps>
          <speed_mph>60.0</speed_mph>
        </extensions>
      </trkpt>
      <trkpt lat="52.1328100" lon="NaN">
        <ele>0</ele>
        <time>2026-06-26T08:11:03.724Z</time>
        <name>560</name>
        <extensions>
          <speed_mps>26.822</speed_mps>
          <speed_mph>60.0</speed_mph>
        </extensions>
      </trkpt>
      <trkpt lat="52.1332900" lon="NaN">
        <ele>0</ele>
        <time>2026-06-26T08:11:06.682Z</time>
        <name>561</name>
        <extensions>
          <speed_mps>26.822</speed_mps>
          <speed_mph>60.0</speed_mph>
        </extensions>
      </trkpt>
      <trkpt lat="52.1333000" lon="NaN">
        <ele>0</ele>
        <time>2026-06-26T08:11:06.731Z</time>
        <name>562</name>
        <extensions>
          <speed_mps>26.822</speed_mps>
          <speed_mph>60.0</speed_mph>
        </extensions>
      </trkpt>
      <trkpt lat="52.1334000" lon="NaN">
        <ele>0</ele>
        <time>2026-06-26T08:11:07.407Z</time>
        <name>563</name>
        <extensions>
          <speed_mps>26.822</speed_mps>
          <speed_mph>60.0</speed_mph>
        </extensions>
      </trkpt>
      <trkpt lat="52.1334100" lon="NaN">
        <ele>0</ele>
        <time>2026-06-26T08:11:07.455Z</time>
        <name>564</name>
        <extensions>
          <speed_mps>26.822</speed_mps>
          <speed_mph>60.0</speed_mph>
        </extensions>
      </trkpt>
      <trkpt lat="52.1334900" lon="NaN">
        <ele>0</ele>
        <time>2026-06-26T08:11:07.961Z</time>
        <name>565</name>
        <extensions>
          <speed_mps>26.822</speed_mps>
          <speed_mph>60.0</speed_mph>
        </extensions>
      </trkpt>
      <trkpt lat="52.1338700" lon="NaN">
        <ele>0</ele>
        <time>2026-06-26T08:11:10.596Z</time>
        <name>566</name>
        <extensions>
          <speed_mps>26.822</speed_mps>
          <speed_mph>60.0</speed_mph>
        </extensions>
      </trkpt>
      <trkpt lat="52.1342300" lon="NaN">
        <ele>0</ele>
        <time>2026-06-26T08:11:13.287Z</time>
        <name>567</name>
        <extensions>
          <speed_mps>26.822</speed_mps>
          <speed_mph>60.0</speed_mph>
        </extensions>
      </trkpt>
      <trkpt lat="52.1346700" lon="NaN">
        <ele>0</ele>
        <time>2026-06-26T08:11:17.020Z</time>
        <name>568</name>
        <extensions>
          <speed_mps>26.822</speed_mps>
          <speed_mph>60.0</speed_mph>
        </extensions>
      </trkpt>
      <trkpt lat="52.1348900" lon="NaN">
        <ele>0</ele>
        <time>2026-06-26T08:11:19.135Z</time>
        <name>569</name>
        <extensions>
          <speed_mps>26.822</speed_mps>
          <speed_mph>60.0</speed_mph>
        </extensions>
      </trkpt>
      <trkpt lat="52.1351300" lon="NaN">
        <ele>0</ele>
        <time>2026-06-26T08:11:21.749Z</time>
        <name>570</name>
        <extensions>
          <speed_mps>26.822</speed_mps>
          <speed_mph>60.0</speed_mph>
        </extensions>
      </trkpt>
      <trkpt lat="52.1352900" lon="NaN">
        <ele>0</ele>
        <time>2026-06-26T08:11:23.818Z</time>
        <name>571</name>
        <extensions>
          <speed_mps>26.822</speed_mps>
          <speed_mph>60.0</speed_mph>
        </extensions>
      </trkpt>
      <trkpt lat="52.1355800" lon="NaN">
        <ele>0</ele>
        <time>2026-06-26T08:11:28.504Z</time>
        <name>572</name>
        <extensions>
          <speed_mps>26.822</speed_mps>
          <speed_mph>60.0</speed_mph>
        </extensions>
      </trkpt>
      <trkpt lat="52.1357600" lon="NaN">
        <ele>0</ele>
        <time>2026-06-26T08:11:31.994Z</time>
        <name>573</name>
        <extensions>
          <speed_mps>26.822</speed_mps>
          <speed_mph>60.0</speed_mph>
        </extensions>
      </trkpt>
      <trkpt lat="52.1359300" lon="NaN">
        <ele>0</ele>
        <time>2026-06-26T08:11:34.586Z</time>
        <name>574</name>
        <extensions>
          <speed_mps>26.822</speed_mps>
          <speed_mph>60.0</speed_mph>
        </extensions>
      </trkpt>
      <trkpt lat="52.1360600" lon="NaN">
        <ele>0</ele>
        <time>2026-06-26T08:11:36.301Z</time>
        <name>575</name>
        <extensions>
          <speed_mps>26.822</speed_mps>
          <speed_mph>60.0</speed_mph>
        </extensions>
      </trkpt>
      <trkpt lat="52.1363000" lon="NaN">
        <ele>0</ele>
        <time>2026-06-26T08:11:39.033Z</time>
        <name>576</name>
        <extensions>
          <speed_mps>26.822</speed_mps>
          <speed_mph>60.0</speed_mph>
        </extensions>
      </trkpt>
      <trkpt lat="52.1364200" lon="NaN">
        <ele>0</ele>
        <time>2026-06-26T08:11:40.212Z</time>
        <name>577</name>
        <extensions>
          <speed_mps>26.822</speed_mps>
          <speed_mph>60.0</speed_mph>
        </extensions>
      </trkpt>
      <trkpt lat="52.1366900" lon="NaN">
        <ele>0</ele>
        <time>2026-06-26T08:11:42.647Z</time>
        <name>578</name>
        <extensions>
          <speed_mps>26.822</speed_mps>
          <speed_mph>60.0</speed_mph>
        </extensions>
      </trkpt>
      <trkpt lat="52.1368900" lon="NaN">
        <ele>0</ele>
        <time>2026-06-26T08:11:44.252Z</time>
        <name>579</name>
        <extensions>
          <speed_mps>26.822</speed_mps>
          <speed_mph>60.0</speed_mph>
        </extensions>
      </trkpt>
      <trkpt lat="52.1371800" lon="NaN">
        <ele>0</ele>
        <time>2026-06-26T08:11:46.422Z</time>
        <name>580</name>
        <extensions>
          <speed_mps>26.822</speed_mps>
          <speed_mph>60.0</speed_mph>
        </extensions>
      </trkpt>
      <trkpt lat="52.1376200" lon="NaN">
        <ele>0</ele>
        <time>2026-06-26T08:11:49.450Z</time>
        <name>581</name>
        <extensions>
          <speed_mps>26.822</speed_mps>
          <speed_mph>60.0</speed_mph>
        </extensions>
      </trkpt>
      <trkpt lat="52.1380500" lon="NaN">
        <ele>0</ele>
        <time>2026-06-26T08:11:52.156Z</time>
        <name>582</name>
        <extensions>
          <speed_mps>26.822</speed_mps>
          <speed_mph>60.0</speed_mph>
        </extensions>
      </trkpt>
      <trkpt lat="52.1386200" lon="NaN">
        <ele>0</ele>
        <time>2026-06-26T08:11:55.447Z</time>
        <name>583</name>
        <extensions>
          <speed_mps>26.822</speed_mps>
          <speed_mph>60.0</speed_mph>
        </extensions>
      </trkpt>
      <trkpt lat="52.1387700" lon="NaN">
        <ele>0</ele>
        <time>2026-06-26T08:11:56.250Z</time>
        <name>584</name>
        <extensions>
          <speed_mps>26.822</speed_mps>
          <speed_mph>60.0</speed_mph>
        </extensions>
      </trkpt>
      <trkpt lat="52.1388500" lon="NaN">
        <ele>0</ele>
        <time>2026-06-26T08:11:56.701Z</time>
        <name>585</name>
        <extensions>
          <speed_mps>26.822</speed_mps>
          <speed_mph>60.0</speed_mph>
        </extensions>
      </trkpt>
      <trkpt lat="52.1392900" lon="NaN">
        <ele>0</ele>
        <time>2026-06-26T08:11:59.016Z</time>
        <name>586</name>
        <extensions>
          <speed_mps>26.822</speed_mps>
          <speed_mph>60.0</speed_mph>
        </extensions>
      </trkpt>
      <trkpt lat="52.1395700" lon="NaN">
        <ele>0</ele>
        <time>2026-06-26T08:12:00.433Z</time>
        <name>587</name>
        <extensions>
          <speed_mps>26.822</speed_mps>
          <speed_mph>60.0</speed_mph>
        </extensions>
      </trkpt>
      <trkpt lat="52.1401900" lon="NaN">
        <ele>0</ele>
        <time>2026-06-26T08:12:03.463Z</time>
        <name>588</name>
        <extensions>
          <speed_mps>26.822</speed_mps>
          <speed_mph>60.0</speed_mph>
        </extensions>
      </trkpt>
      <trkpt lat="52.1403500" lon="NaN">
        <ele>0</ele>
        <time>2026-06-26T08:12:04.228Z</time>
        <name>589</name>
        <extensions>
          <speed_mps>26.822</speed_mps>
          <speed_mph>60.0</speed_mph>
        </extensions>
      </trkpt>
      <trkpt lat="52.1408800" lon="NaN">
        <ele>0</ele>
        <time>2026-06-26T08:12:06.682Z</time>
        <name>590</name>
        <extensions>
          <speed_mps>26.822</speed_mps>
          <speed_mph>60.0</speed_mph>
        </extensions>
      </trkpt>
      <trkpt lat="52.1412900" lon="NaN">
        <ele>0</ele>
        <time>2026-06-26T08:12:08.546Z</time>
        <name>591</name>
        <extensions>
          <speed_mps>26.822</speed_mps>
          <speed_mph>60.0</speed_mph>
        </extensions>
      </trkpt>
      <trkpt lat="52.1418300" lon="NaN">
        <ele>0</ele>
        <time>2026-06-26T08:12:10.936Z</time>
        <name>592</name>
        <extensions>
          <speed_mps>26.822</speed_mps>
          <speed_mph>60.0</speed_mph>
        </extensions>
      </trkpt>
      <trkpt lat="52.1421100" lon="NaN">
        <ele>0</ele>
        <time>2026-06-26T08:12:12.158Z</time>
        <name>593</name>
        <extensions>
          <speed_mps>26.822</speed_mps>
          <speed_mph>60.0</speed_mph>
        </extensions>
      </trkpt>
      <trkpt lat="52.1427500" lon="NaN">
        <ele>0</ele>
        <time>2026-06-26T08:12:14.899Z</time>
        <name>594</name>
        <extensions>
          <speed_mps>26.822</speed_mps>
          <speed_mph>60.0</speed_mph>
        </extensions>
      </trkpt>
      <trkpt lat="52.1432800" lon="NaN">
        <ele>0</ele>
        <time>2026-06-26T08:12:17.154Z</time>
        <name>595</name>
        <extensions>
          <speed_mps>26.822</speed_mps>
          <speed_mph>60.0</speed_mph>
        </extensions>
      </trkpt>
      <trkpt lat="52.1432900" lon="NaN">
        <ele>0</ele>
        <time>2026-06-26T08:12:17.196Z</time>
        <name>596</name>
        <extensions>
          <speed_mps>26.822</speed_mps>
          <speed_mph>60.0</speed_mph>
        </extensions>
      </trkpt>
      <trkpt lat="52.1439600" lon="NaN">
        <ele>0</ele>
        <time>2026-06-26T08:12:20.045Z</time>
        <name>597</name>
        <extensions>
          <speed_mps>26.822</speed_mps>
          <speed_mph>60.0</speed_mph>
        </extensions>
      </trkpt>
      <trkpt lat="52.1439800" lon="NaN">
        <ele>0</ele>
        <time>2026-06-26T08:12:20.128Z</time>
        <name>598</name>
        <extensions>
          <speed_mps>26.822</speed_mps>
          <speed_mph>60.0</speed_mph>
        </extensions>
      </trkpt>
      <trkpt lat="52.1451900" lon="NaN">
        <ele>0</ele>
        <time>2026-06-26T08:12:25.279Z</time>
        <name>599</name>
        <extensions>
          <speed_mps>26.822</speed_mps>
          <speed_mph>60.0</speed_mph>
        </extensions>
      </trkpt>
      <trkpt lat="52.1452000" lon="NaN">
        <ele>0</ele>
        <time>2026-06-26T08:12:25.328Z</time>
        <name>600</name>
        <extensions>
          <speed_mps>26.822</speed_mps>
          <speed_mph>60.0</speed_mph>
        </extensions>
      </trkpt>
      <trkpt lat="52.1467800" lon="NaN">
        <ele>0</ele>
        <time>2026-06-26T08:12:32.065Z</time>
        <name>601</name>
        <extensions>
          <speed_mps>26.822</speed_mps>
          <speed_mph>60.0</speed_mph>
        </extensions>
      </trkpt>
      <trkpt lat="52.1485100" lon="NaN">
        <ele>0</ele>
        <time>2026-06-26T08:12:39.220Z</time>
        <name>602</name>
        <extensions>
          <speed_mps>26.822</speed_mps>
          <speed_mph>60.0</speed_mph>
        </extensions>
      </trkpt>
      <trkpt lat="52.1503700" lon="NaN">
        <ele>0</ele>
        <time>2026-06-26T08:12:46.961Z</time>
        <name>603</name>
        <extensions>
          <speed_mps>26.822</speed_mps>
          <speed_mph>60.0</speed_mph>
        </extensions>
      </trkpt>
      <trkpt lat="52.1536100" lon="NaN">
        <ele>0</ele>
        <time>2026-06-26T08:13:00.728Z</time>
        <name>604</name>
        <extensions>
          <speed_mps>26.822</speed_mps>
          <speed_mph>60.0</speed_mph>
        </extensions>
      </trkpt>
      <trkpt lat="52.1540500" lon="NaN">
        <ele>0</ele>
        <time>2026-06-26T08:13:02.392Z</time>
        <name>605</name>
        <extensions>
          <speed_mps>26.822</speed_mps>
          <speed_mph>60.0</speed_mph>
        </extensions>
      </trkpt>
      <trkpt lat="52.1541400" lon="NaN">
        <ele>0</ele>
        <time>2026-06-26T08:13:02.519Z</time>
        <name>606</name>
        <extensions>
          <speed_mps>26.822</speed_mps>
          <speed_mph>60.0</speed_mph>
        </extensions>
      </trkpt>
      <trkpt lat="52.1555700" lon="NaN">
        <ele>0</ele>
        <time>2026-06-26T08:13:08.494Z</time>
        <name>607</name>
        <extensions>
          <speed_mps>26.822</speed_mps>
          <speed_mph>60.0</speed_mph>
        </extensions>
      </trkpt>
      <trkpt lat="52.1570500" lon="NaN">
        <ele>0</ele>
        <time>2026-06-26T08:13:14.722Z</time>
        <name>608</name>
        <extensions>
          <speed_mps>26.822</speed_mps>
          <speed_mph>60.0</speed_mph>
        </extensions>
      </trkpt>
      <trkpt lat="52.1576200" lon="NaN">
        <ele>0</ele>
        <time>2026-06-26T08:13:16.979Z</time>
        <name>609</name>
        <extensions>
          <speed_mps>26.822</speed_mps>
          <speed_mph>60.0</speed_mph>
        </extensions>
      </trkpt>
      <trkpt lat="52.1581700" lon="NaN">
        <ele>0</ele>
        <time>2026-06-26T08:13:19.187Z</time>
        <name>610</name>
        <extensions>
          <speed_mps>26.822</speed_mps>
          <speed_mph>60.0</speed_mph>
        </extensions>
      </trkpt>
      <trkpt lat="52.1585400" lon="NaN">
        <ele>0</ele>
        <time>2026-06-26T08:13:20.609Z</time>
        <name>611</name>
        <extensions>
          <speed_mps>26.822</speed_mps>
          <speed_mph>60.0</speed_mph>
        </extensions>
      </trkpt>
      <trkpt lat="52.1592400" lon="NaN">
        <ele>0</ele>
        <time>2026-06-26T08:13:23.585Z</time>
        <name>612</name>
        <extensions>
          <speed_mps>26.822</speed_mps>
          <speed_mph>60.0</speed_mph>
        </extensions>
      </trkpt>
      <trkpt lat="52.1596900" lon="NaN">
        <ele>0</ele>
        <time>2026-06-26T08:13:25.431Z</time>
        <name>613</name>
        <extensions>
          <speed_mps>26.822</speed_mps>
          <speed_mph>60.0</speed_mph>
        </extensions>
      </trkpt>
      <trkpt lat="52.1601800" lon="NaN">
        <ele>0</ele>
        <time>2026-06-26T08:13:27.509Z</time>
        <name>614</name>
        <extensions>
          <speed_mps>26.822</speed_mps>
          <speed_mph>60.0</speed_mph>
        </extensions>
      </trkpt>
      <trkpt lat="52.1608000" lon="NaN">
        <ele>0</ele>
        <time>2026-06-26T08:13:30.287Z</time>
        <name>615</name>
        <extensions>
          <speed_mps>26.822</speed_mps>
          <speed_mph>60.0</speed_mph>
        </extensions>
      </trkpt>
      <trkpt lat="52.1614600" lon="NaN">
        <ele>0</ele>
        <time>2026-06-26T08:13:33.346Z</time>
        <name>616</name>
        <extensions>
          <speed_mps>26.822</speed_mps>
          <speed_mph>60.0</speed_mph>
        </extensions>
      </trkpt>
      <trkpt lat="52.1615300" lon="NaN">
        <ele>0</ele>
        <time>2026-06-26T08:13:33.433Z</time>
        <name>617</name>
        <extensions>
          <speed_mps>26.822</speed_mps>
          <speed_mph>60.0</speed_mph>
        </extensions>
      </trkpt>
      <trkpt lat="52.1618500" lon="NaN">
        <ele>0</ele>
        <time>2026-06-26T08:13:34.768Z</time>
        <name>618</name>
        <extensions>
          <speed_mps>26.822</speed_mps>
          <speed_mph>60.0</speed_mph>
        </extensions>
      </trkpt>
      <trkpt lat="52.1619200" lon="NaN">
        <ele>0</ele>
        <time>2026-06-26T08:13:34.834Z</time>
        <name>619</name>
        <extensions>
          <speed_mps>26.822</speed_mps>
          <speed_mph>60.0</speed_mph>
        </extensions>
      </trkpt>
      <trkpt lat="52.1626400" lon="NaN">
        <ele>0</ele>
        <time>2026-06-26T08:13:38.401Z</time>
        <name>620</name>
        <extensions>
          <speed_mps>26.822</speed_mps>
          <speed_mph>60.0</speed_mph>
        </extensions>
      </trkpt>
      <trkpt lat="52.1630500" lon="NaN">
        <ele>0</ele>
        <time>2026-06-26T08:13:40.381Z</time>
        <name>621</name>
        <extensions>
          <speed_mps>26.822</speed_mps>
          <speed_mph>60.0</speed_mph>
        </extensions>
      </trkpt>
      <trkpt lat="52.1631800" lon="NaN">
        <ele>0</ele>
        <time>2026-06-26T08:13:40.802Z</time>
        <name>622</name>
        <extensions>
          <speed_mps>26.822</speed_mps>
          <speed_mph>60.0</speed_mph>
        </extensions>
      </trkpt>
      <trkpt lat="52.1634000" lon="NaN">
        <ele>0</ele>
        <time>2026-06-26T08:13:41.704Z</time>
        <name>623</name>
        <extensions>
          <speed_mps>26.822</speed_mps>
          <speed_mph>60.0</speed_mph>
        </extensions>
      </trkpt>
      <trkpt lat="52.1637900" lon="NaN">
        <ele>0</ele>
        <time>2026-06-26T08:13:43.679Z</time>
        <name>624</name>
        <extensions>
          <speed_mps>26.822</speed_mps>
          <speed_mph>60.0</speed_mph>
        </extensions>
      </trkpt>
      <trkpt lat="52.1645600" lon="NaN">
        <ele>0</ele>
        <time>2026-06-26T08:13:48.143Z</time>
        <name>625</name>
        <extensions>
          <speed_mps>26.822</speed_mps>
          <speed_mph>60.0</speed_mph>
        </extensions>
      </trkpt>
      <trkpt lat="52.1651600" lon="NaN">
        <ele>0</ele>
        <time>2026-06-26T08:13:51.746Z</time>
        <name>626</name>
        <extensions>
          <speed_mps>26.822</speed_mps>
          <speed_mph>60.0</speed_mph>
        </extensions>
      </trkpt>
      <trkpt lat="52.1658500" lon="NaN">
        <ele>0</ele>
        <time>2026-06-26T08:13:56.306Z</time>
        <name>627</name>
        <extensions>
          <speed_mps>26.822</speed_mps>
          <speed_mph>60.0</speed_mph>
        </extensions>
      </trkpt>
      <trkpt lat="52.1662900" lon="NaN">
        <ele>0</ele>
        <time>2026-06-26T08:13:59.319Z</time>
        <name>628</name>
        <extensions>
          <speed_mps>26.822</speed_mps>
          <speed_mph>60.0</speed_mph>
        </extensions>
      </trkpt>
      <trkpt lat="52.1663700" lon="NaN">
        <ele>0</ele>
        <time>2026-06-26T08:13:59.450Z</time>
        <name>629</name>
        <extensions>
          <speed_mps>26.822</speed_mps>
          <speed_mph>60.0</speed_mph>
        </extensions>
      </trkpt>
      <trkpt lat="52.1667000" lon="NaN">
        <ele>0</ele>
        <time>2026-06-26T08:14:01.661Z</time>
        <name>630</name>
        <extensions>
          <speed_mps>26.822</speed_mps>
          <speed_mph>60.0</speed_mph>
        </extensions>
      </trkpt>
      <trkpt lat="52.1668000" lon="NaN">
        <ele>0</ele>
        <time>2026-06-26T08:14:02.294Z</time>
        <name>631</name>
        <extensions>
          <speed_mps>26.822</speed_mps>
          <speed_mph>60.0</speed_mph>
        </extensions>
      </trkpt>
      <trkpt lat="52.1673300" lon="NaN">
        <ele>0</ele>
        <time>2026-06-26T08:14:06.622Z</time>
        <name>632</name>
        <extensions>
          <speed_mps>26.822</speed_mps>
          <speed_mph>60.0</speed_mph>
        </extensions>
      </trkpt>
      <trkpt lat="52.1681500" lon="NaN">
        <ele>0</ele>
        <time>2026-06-26T08:14:14.408Z</time>
        <name>633</name>
        <extensions>
          <speed_mps>26.822</speed_mps>
          <speed_mph>60.0</speed_mph>
        </extensions>
      </trkpt>
      <trkpt lat="52.1683800" lon="NaN">
        <ele>0</ele>
        <time>2026-06-26T08:14:15.906Z</time>
        <name>634</name>
        <extensions>
          <speed_mps>26.822</speed_mps>
          <speed_mph>60.0</speed_mph>
        </extensions>
      </trkpt>
      <trkpt lat="52.1684500" lon="NaN">
        <ele>0</ele>
        <time>2026-06-26T08:14:16.040Z</time>
        <name>635</name>
        <extensions>
          <speed_mps>26.822</speed_mps>
          <speed_mph>60.0</speed_mph>
        </extensions>
      </trkpt>
      <trkpt lat="52.1685200" lon="NaN">
        <ele>0</ele>
        <time>2026-06-26T08:14:16.106Z</time>
        <name>636</name>
        <extensions>
          <speed_mps>26.822</speed_mps>
          <speed_mph>60.0</speed_mph>
        </extensions>
      </trkpt>
      <trkpt lat="52.1687400" lon="NaN">
        <ele>0</ele>
        <time>2026-06-26T08:14:17.406Z</time>
        <name>637</name>
        <extensions>
          <speed_mps>26.822</speed_mps>
          <speed_mph>60.0</speed_mph>
        </extensions>
      </trkpt>
      <trkpt lat="52.1688100" lon="NaN">
        <ele>0</ele>
        <time>2026-06-26T08:14:17.516Z</time>
        <name>638</name>
        <extensions>
          <speed_mps>26.822</speed_mps>
          <speed_mph>60.0</speed_mph>
        </extensions>
      </trkpt>
      <trkpt lat="52.1689500" lon="NaN">
        <ele>0</ele>
        <time>2026-06-26T08:14:18.123Z</time>
        <name>639</name>
        <extensions>
          <speed_mps>26.822</speed_mps>
          <speed_mph>60.0</speed_mph>
        </extensions>
      </trkpt>
      <trkpt lat="52.1690100" lon="NaN">
        <ele>0</ele>
        <time>2026-06-26T08:14:18.149Z</time>
        <name>640</name>
        <extensions>
          <speed_mps>26.822</speed_mps>
          <speed_mph>60.0</speed_mph>
        </extensions>
      </trkpt>
      <trkpt lat="52.1690900" lon="NaN">
        <ele>0</ele>
        <time>2026-06-26T08:14:18.280Z</time>
        <name>641</name>
        <extensions>
          <speed_mps>26.822</speed_mps>
          <speed_mph>60.0</speed_mph>
        </extensions>
      </trkpt>
      <trkpt lat="52.1693400" lon="NaN">
        <ele>0</ele>
        <time>2026-06-26T08:14:19.776Z</time>
        <name>642</name>
        <extensions>
          <speed_mps>26.822</speed_mps>
          <speed_mph>60.0</speed_mph>
        </extensions>
      </trkpt>
      <trkpt lat="52.1694900" lon="NaN">
        <ele>0</ele>
        <time>2026-06-26T08:14:20.406Z</time>
        <name>643</name>
        <extensions>
          <speed_mps>26.822</speed_mps>
          <speed_mph>60.0</speed_mph>
        </extensions>
      </trkpt>
      <trkpt lat="52.1695600" lon="NaN">
        <ele>0</ele>
        <time>2026-06-26T08:14:20.516Z</time>
        <name>644</name>
        <extensions>
          <speed_mps>26.822</speed_mps>
          <speed_mph>60.0</speed_mph>
        </extensions>
      </trkpt>
      <trkpt lat="52.1702100" lon="NaN">
        <ele>0</ele>
        <time>2026-06-26T08:14:24.773Z</time>
        <name>645</name>
        <extensions>
          <speed_mps>26.822</speed_mps>
          <speed_mph>60.0</speed_mph>
        </extensions>
      </trkpt>
      <trkpt lat="52.1705400" lon="NaN">
        <ele>0</ele>
        <time>2026-06-26T08:14:26.918Z</time>
        <name>646</name>
        <extensions>
          <speed_mps>26.822</speed_mps>
          <speed_mph>60.0</speed_mph>
        </extensions>
      </trkpt>
      <trkpt lat="52.1706300" lon="NaN">
        <ele>0</ele>
        <time>2026-06-26T08:14:27.202Z</time>
        <name>647</name>
        <extensions>
          <speed_mps>26.822</speed_mps>
          <speed_mph>60.0</speed_mph>
        </extensions>
      </trkpt>
      <trkpt lat="52.1706900" lon="NaN">
        <ele>0</ele>
        <time>2026-06-26T08:14:27.227Z</time>
        <name>648</name>
        <extensions>
          <speed_mps>26.822</speed_mps>
          <speed_mph>60.0</speed_mph>
        </extensions>
      </trkpt>
      <trkpt lat="52.1708400" lon="NaN">
        <ele>0</ele>
        <time>2026-06-26T08:14:27.986Z</time>
        <name>649</name>
        <extensions>
          <speed_mps>26.822</speed_mps>
          <speed_mph>60.0</speed_mph>
        </extensions>
      </trkpt>
      <trkpt lat="52.1710500" lon="NaN">
        <ele>0</ele>
        <time>2026-06-26T08:14:29.657Z</time>
        <name>650</name>
        <extensions>
          <speed_mps>26.822</speed_mps>
          <speed_mph>60.0</speed_mph>
        </extensions>
      </trkpt>
      <trkpt lat="52.1712500" lon="NaN">
        <ele>0</ele>
        <time>2026-06-26T08:14:31.675Z</time>
        <name>651</name>
        <extensions>
          <speed_mps>26.822</speed_mps>
          <speed_mph>60.0</speed_mph>
        </extensions>
      </trkpt>
      <trkpt lat="52.1712500" lon="NaN">
        <ele>0</ele>
        <time>2026-06-26T08:14:31.726Z</time>
        <name>652</name>
        <extensions>
          <speed_mps>26.822</speed_mps>
          <speed_mph>60.0</speed_mph>
        </extensions>
      </trkpt>
      <trkpt lat="52.1713000" lon="NaN">
        <ele>0</ele>
        <time>2026-06-26T08:14:32.467Z</time>
        <name>653</name>
        <extensions>
          <speed_mps>26.822</speed_mps>
          <speed_mph>60.0</speed_mph>
        </extensions>
      </trkpt>
      <trkpt lat="52.1713400" lon="NaN">
        <ele>0</ele>
        <time>2026-06-26T08:14:33.248Z</time>
        <name>654</name>
        <extensions>
          <speed_mps>26.822</speed_mps>
          <speed_mph>60.0</speed_mph>
        </extensions>
      </trkpt>
      <trkpt lat="52.1714500" lon="NaN">
        <ele>0</ele>
        <time>2026-06-26T08:14:34.962Z</time>
        <name>655</name>
        <extensions>
          <speed_mps>26.822</speed_mps>
          <speed_mph>60.0</speed_mph>
        </extensions>
      </trkpt>
      <trkpt lat="52.1715900" lon="NaN">
        <ele>0</ele>
        <time>2026-06-26T08:14:36.595Z</time>
        <name>656</name>
        <extensions>
          <speed_mps>26.822</speed_mps>
          <speed_mph>60.0</speed_mph>
        </extensions>
      </trkpt>
      <trkpt lat="52.1715900" lon="NaN">
        <ele>0</ele>
        <time>2026-06-26T08:14:36.645Z</time>
        <name>657</name>
        <extensions>
          <speed_mps>26.822</speed_mps>
          <speed_mph>60.0</speed_mph>
        </extensions>
      </trkpt>
      <trkpt lat="52.1718100" lon="NaN">
        <ele>0</ele>
        <time>2026-06-26T08:14:38.623Z</time>
        <name>658</name>
        <extensions>
          <speed_mps>26.822</speed_mps>
          <speed_mph>60.0</speed_mph>
        </extensions>
      </trkpt>
      <trkpt lat="52.1722100" lon="NaN">
        <ele>0</ele>
        <time>2026-06-26T08:14:41.918Z</time>
        <name>659</name>
        <extensions>
          <speed_mps>26.822</speed_mps>
          <speed_mph>60.0</speed_mph>
        </extensions>
      </trkpt>
      <trkpt lat="52.1723700" lon="NaN">
        <ele>0</ele>
        <time>2026-06-26T08:14:43.397Z</time>
        <name>660</name>
        <extensions>
          <speed_mps>26.822</speed_mps>
          <speed_mph>60.0</speed_mph>
        </extensions>
      </trkpt>
      <trkpt lat="52.1723900" lon="NaN">
        <ele>0</ele>
        <time>2026-06-26T08:14:43.641Z</time>
        <name>661</name>
        <extensions>
          <speed_mps>26.822</speed_mps>
          <speed_mph>60.0</speed_mph>
        </extensions>
      </trkpt>
      <trkpt lat="52.1724300" lon="NaN">
        <ele>0</ele>
        <time>2026-06-26T08:14:44.011Z</time>
        <name>662</name>
        <extensions>
          <speed_mps>26.822</speed_mps>
          <speed_mph>60.0</speed_mph>
        </extensions>
      </trkpt>
      <trkpt lat="52.1730500" lon="NaN">
        <ele>0</ele>
        <time>2026-06-26T08:14:50.773Z</time>
        <name>663</name>
        <extensions>
          <speed_mps>26.822</speed_mps>
          <speed_mph>60.0</speed_mph>
        </extensions>
      </trkpt>
      <trkpt lat="52.1732400" lon="NaN">
        <ele>0</ele>
        <time>2026-06-26T08:14:53.193Z</time>
        <name>664</name>
        <extensions>
          <speed_mps>26.822</speed_mps>
          <speed_mph>60.0</speed_mph>
        </extensions>
      </trkpt>
      <trkpt lat="52.1733000" lon="NaN">
        <ele>0</ele>
        <time>2026-06-26T08:14:54.364Z</time>
        <name>665</name>
        <extensions>
          <speed_mps>26.822</speed_mps>
          <speed_mph>60.0</speed_mph>
        </extensions>
      </trkpt>
      <trkpt lat="52.1733200" lon="NaN">
        <ele>0</ele>
        <time>2026-06-26T08:14:55.258Z</time>
        <name>666</name>
        <extensions>
          <speed_mps>26.822</speed_mps>
          <speed_mph>60.0</speed_mph>
        </extensions>
      </trkpt>
      <trkpt lat="52.1733200" lon="NaN">
        <ele>0</ele>
        <time>2026-06-26T08:14:58.232Z</time>
        <name>667</name>
        <extensions>
          <speed_mps>26.822</speed_mps>
          <speed_mph>60.0</speed_mph>
        </extensions>
      </trkpt>
      <trkpt lat="52.1733100" lon="NaN">
        <ele>0</ele>
        <time>2026-06-26T08:14:58.616Z</time>
        <name>668</name>
        <extensions>
          <speed_mps>26.822</speed_mps>
          <speed_mph>60.0</speed_mph>
        </extensions>
      </trkpt>
      <trkpt lat="52.1733100" lon="NaN">
        <ele>0</ele>
        <time>2026-06-26T08:14:59.709Z</time>
        <name>669</name>
        <extensions>
          <speed_mps>26.822</speed_mps>
          <speed_mph>60.0</speed_mph>
        </extensions>
      </trkpt>
      <trkpt lat="52.1733200" lon="NaN">
        <ele>0</ele>
        <time>2026-06-26T08:15:00.068Z</time>
        <name>670</name>
        <extensions>
          <speed_mps>26.822</speed_mps>
          <speed_mph>60.0</speed_mph>
        </extensions>
      </trkpt>
      <trkpt lat="52.1733200" lon="NaN">
        <ele>0</ele>
        <time>2026-06-26T08:15:00.474Z</time>
        <name>671</name>
        <extensions>
          <speed_mps>26.822</speed_mps>
          <speed_mph>60.0</speed_mph>
        </extensions>
      </trkpt>
      <trkpt lat="52.1733300" lon="NaN">
        <ele>0</ele>
        <time>2026-06-26T08:15:00.732Z</time>
        <name>672</name>
        <extensions>
          <speed_mps>26.822</speed_mps>
          <speed_mph>60.0</speed_mph>
        </extensions>
      </trkpt>
      <trkpt lat="52.1733400" lon="NaN">
        <ele>0</ele>
        <time>2026-06-26T08:15:01.547Z</time>
        <name>673</name>
        <extensions>
          <speed_mps>26.822</speed_mps>
          <speed_mph>60.0</speed_mph>
        </extensions>
      </trkpt>
      <trkpt lat="52.1733800" lon="NaN">
        <ele>0</ele>
        <time>2026-06-26T08:15:02.678Z</time>
        <name>674</name>
        <extensions>
          <speed_mps>26.822</speed_mps>
          <speed_mph>60.0</speed_mph>
        </extensions>
      </trkpt>
      <trkpt lat="52.1734300" lon="NaN">
        <ele>0</ele>
        <time>2026-06-26T08:15:03.493Z</time>
        <name>675</name>
        <extensions>
          <speed_mps>26.822</speed_mps>
          <speed_mph>60.0</speed_mph>
        </extensions>
      </trkpt>
      <trkpt lat="52.1734700" lon="NaN">
        <ele>0</ele>
        <time>2026-06-26T08:15:03.979Z</time>
        <name>676</name>
        <extensions>
          <speed_mps>26.822</speed_mps>
          <speed_mph>60.0</speed_mph>
        </extensions>
      </trkpt>
      <trkpt lat="52.1734800" lon="NaN">
        <ele>0</ele>
        <time>2026-06-26T08:15:04.187Z</time>
        <name>677</name>
        <extensions>
          <speed_mps>26.822</speed_mps>
          <speed_mph>60.0</speed_mph>
        </extensions>
      </trkpt>
      <trkpt lat="52.1735400" lon="NaN">
        <ele>0</ele>
        <time>2026-06-26T08:15:04.870Z</time>
        <name>678</name>
        <extensions>
          <speed_mps>26.822</speed_mps>
          <speed_mph>60.0</speed_mph>
        </extensions>
      </trkpt>
      <trkpt lat="52.1737100" lon="NaN">
        <ele>0</ele>
        <time>2026-06-26T08:15:06.436Z</time>
        <name>679</name>
        <extensions>
          <speed_mps>26.822</speed_mps>
          <speed_mph>60.0</speed_mph>
        </extensions>
      </trkpt>
      <trkpt lat="52.1739900" lon="NaN">
        <ele>0</ele>
        <time>2026-06-26T08:15:08.646Z</time>
        <name>680</name>
        <extensions>
          <speed_mps>26.822</speed_mps>
          <speed_mph>60.0</speed_mph>
        </extensions>
      </trkpt>
      <trkpt lat="52.1740100" lon="NaN">
        <ele>0</ele>
        <time>2026-06-26T08:15:08.843Z</time>
        <name>681</name>
        <extensions>
          <speed_mps>26.822</speed_mps>
          <speed_mph>60.0</speed_mph>
        </extensions>
      </trkpt>
      <trkpt lat="52.1743100" lon="NaN">
        <ele>0</ele>
        <time>2026-06-26T08:15:11.205Z</time>
        <name>682</name>
        <extensions>
          <speed_mps>26.822</speed_mps>
          <speed_mph>60.0</speed_mph>
        </extensions>
      </trkpt>
      <trkpt lat="52.1743200" lon="NaN">
        <ele>0</ele>
        <time>2026-06-26T08:15:11.254Z</time>
        <name>683</name>
        <extensions>
          <speed_mps>26.822</speed_mps>
          <speed_mph>60.0</speed_mph>
        </extensions>
      </trkpt>
      <trkpt lat="52.1747500" lon="NaN">
        <ele>0</ele>
        <time>2026-06-26T08:15:14.700Z</time>
        <name>684</name>
        <extensions>
          <speed_mps>26.822</speed_mps>
          <speed_mph>60.0</speed_mph>
        </extensions>
      </trkpt>
      <trkpt lat="52.1749100" lon="NaN">
        <ele>0</ele>
        <time>2026-06-26T08:15:16.134Z</time>
        <name>685</name>
        <extensions>
          <speed_mps>26.822</speed_mps>
          <speed_mph>60.0</speed_mph>
        </extensions>
      </trkpt>
      <trkpt lat="52.1749500" lon="NaN">
        <ele>0</ele>
        <time>2026-06-26T08:15:16.550Z</time>
        <name>686</name>
        <extensions>
          <speed_mps>26.822</speed_mps>
          <speed_mph>60.0</speed_mph>
        </extensions>
      </trkpt>
      <trkpt lat="52.1750400" lon="NaN">
        <ele>0</ele>
        <time>2026-06-26T08:15:17.681Z</time>
        <name>687</name>
        <extensions>
          <speed_mps>26.822</speed_mps>
          <speed_mph>60.0</speed_mph>
        </extensions>
      </trkpt>
      <trkpt lat="52.1750700" lon="NaN">
        <ele>0</ele>
        <time>2026-06-26T08:15:18.328Z</time>
        <name>688</name>
        <extensions>
          <speed_mps>26.822</speed_mps>
          <speed_mph>60.0</speed_mph>
        </extensions>
      </trkpt>
      <trkpt lat="52.1751000" lon="NaN">
        <ele>0</ele>
        <time>2026-06-26T08:15:18.754Z</time>
        <name>689</name>
        <extensions>
          <speed_mps>26.822</speed_mps>
          <speed_mph>60.0</speed_mph>
        </extensions>
      </trkpt>
      <trkpt lat="52.1752100" lon="NaN">
        <ele>0</ele>
        <time>2026-06-26T08:15:22.393Z</time>
        <name>690</name>
        <extensions>
          <speed_mps>26.822</speed_mps>
          <speed_mph>60.0</speed_mph>
        </extensions>
      </trkpt>
      <trkpt lat="52.1752100" lon="NaN">
        <ele>0</ele>
        <time>2026-06-26T08:15:22.622Z</time>
        <name>691</name>
        <extensions>
          <speed_mps>26.822</speed_mps>
          <speed_mph>60.0</speed_mph>
        </extensions>
      </trkpt>
      <trkpt lat="52.1752600" lon="NaN">
        <ele>0</ele>
        <time>2026-06-26T08:15:23.910Z</time>
        <name>692</name>
        <extensions>
          <speed_mps>26.822</speed_mps>
          <speed_mph>60.0</speed_mph>
        </extensions>
      </trkpt>
      <trkpt lat="52.1752600" lon="NaN">
        <ele>0</ele>
        <time>2026-06-26T08:15:24.088Z</time>
        <name>693</name>
        <extensions>
          <speed_mps>26.822</speed_mps>
          <speed_mph>60.0</speed_mph>
        </extensions>
      </trkpt>
      <trkpt lat="52.1752700" lon="NaN">
        <ele>0</ele>
        <time>2026-06-26T08:15:24.221Z</time>
        <name>694</name>
        <extensions>
          <speed_mps>26.822</speed_mps>
          <speed_mph>60.0</speed_mph>
        </extensions>
      </trkpt>
      <trkpt lat="52.1753300" lon="NaN">
        <ele>0</ele>
        <time>2026-06-26T08:15:25.542Z</time>
        <name>695</name>
        <extensions>
          <speed_mps>26.822</speed_mps>
          <speed_mph>60.0</speed_mph>
        </extensions>
      </trkpt>
      <trkpt lat="52.1754000" lon="NaN">
        <ele>0</ele>
        <time>2026-06-26T08:15:26.502Z</time>
        <name>696</name>
        <extensions>
          <speed_mps>26.822</speed_mps>
          <speed_mph>60.0</speed_mph>
        </extensions>
      </trkpt>
      <trkpt lat="52.1754900" lon="NaN">
        <ele>0</ele>
        <time>2026-06-26T08:15:27.467Z</time>
        <name>697</name>
        <extensions>
          <speed_mps>26.822</speed_mps>
          <speed_mph>60.0</speed_mph>
        </extensions>
      </trkpt>
      <trkpt lat="52.1755500" lon="NaN">
        <ele>0</ele>
        <time>2026-06-26T08:15:27.944Z</time>
        <name>698</name>
        <extensions>
          <speed_mps>26.822</speed_mps>
          <speed_mph>60.0</speed_mph>
        </extensions>
      </trkpt>
      <trkpt lat="52.1755500" lon="NaN">
        <ele>0</ele>
        <time>2026-06-26T08:15:27.994Z</time>
        <name>699</name>
        <extensions>
          <speed_mps>26.822</speed_mps>
          <speed_mph>60.0</speed_mph>
        </extensions>
      </trkpt>
      <trkpt lat="52.1756200" lon="NaN">
        <ele>0</ele>
        <time>2026-06-26T08:15:28.536Z</time>
        <name>700</name>
        <extensions>
          <speed_mps>26.822</speed_mps>
          <speed_mph>60.0</speed_mph>
        </extensions>
      </trkpt>
      <trkpt lat="52.1756300" lon="NaN">
        <ele>0</ele>
        <time>2026-06-26T08:15:28.646Z</time>
        <name>701</name>
        <extensions>
          <speed_mps>26.822</speed_mps>
          <speed_mph>60.0</speed_mph>
        </extensions>
      </trkpt>
      <trkpt lat="52.1758500" lon="NaN">
        <ele>0</ele>
        <time>2026-06-26T08:15:30.190Z</time>
        <name>702</name>
        <extensions>
          <speed_mps>26.822</speed_mps>
          <speed_mph>60.0</speed_mph>
        </extensions>
      </trkpt>
      <trkpt lat="52.1760900" lon="NaN">
        <ele>0</ele>
        <time>2026-06-26T08:15:31.726Z</time>
        <name>703</name>
        <extensions>
          <speed_mps>26.822</speed_mps>
          <speed_mph>60.0</speed_mph>
        </extensions>
      </trkpt>
      <trkpt lat="52.1763000" lon="NaN">
        <ele>0</ele>
        <time>2026-06-26T08:15:32.970Z</time>
        <name>704</name>
        <extensions>
          <speed_mps>26.822</speed_mps>
          <speed_mph>60.0</speed_mph>
        </extensions>
      </trkpt>
      <trkpt lat="52.1765500" lon="NaN">
        <ele>0</ele>
        <time>2026-06-26T08:15:34.387Z</time>
        <name>705</name>
        <extensions>
          <speed_mps>26.822</speed_mps>
          <speed_mph>60.0</speed_mph>
        </extensions>
      </trkpt>
      <trkpt lat="52.1765900" lon="NaN">
        <ele>0</ele>
        <time>2026-06-26T08:15:34.582Z</time>
        <name>706</name>
        <extensions>
          <speed_mps>26.822</speed_mps>
          <speed_mph>60.0</speed_mph>
        </extensions>
      </trkpt>
      <trkpt lat="52.1767500" lon="NaN">
        <ele>0</ele>
        <time>2026-06-26T08:15:35.418Z</time>
        <name>707</name>
        <extensions>
          <speed_mps>26.822</speed_mps>
          <speed_mph>60.0</speed_mph>
        </extensions>
      </trkpt>
      <trkpt lat="52.1768600" lon="NaN">
        <ele>0</ele>
        <time>2026-06-26T08:15:35.952Z</time>
        <name>708</name>
        <extensions>
          <speed_mps>26.822</speed_mps>
          <speed_mph>60.0</speed_mph>
        </extensions>
      </trkpt>
      <trkpt lat="52.1770300" lon="NaN">
        <ele>0</ele>
        <time>2026-06-26T08:15:36.731Z</time>
        <name>709</name>
        <extensions>
          <speed_mps>26.822</speed_mps>
          <speed_mph>60.0</speed_mph>
        </extensions>
      </trkpt>
      <trkpt lat="52.1770400" lon="NaN">
        <ele>0</ele>
        <time>2026-06-26T08:15:36.796Z</time>
        <name>710</name>
        <extensions>
          <speed_mps>26.822</speed_mps>
          <speed_mph>60.0</speed_mph>
        </extensions>
      </trkpt>
      <trkpt lat="52.1771200" lon="NaN">
        <ele>0</ele>
        <time>2026-06-26T08:15:37.152Z</time>
        <name>711</name>
        <extensions>
          <speed_mps>26.822</speed_mps>
          <speed_mph>60.0</speed_mph>
        </extensions>
      </trkpt>
      <trkpt lat="52.1771800" lon="NaN">
        <ele>0</ele>
        <time>2026-06-26T08:15:37.431Z</time>
        <name>712</name>
        <extensions>
          <speed_mps>26.822</speed_mps>
          <speed_mph>60.0</speed_mph>
        </extensions>
      </trkpt>
      <trkpt lat="52.1774200" lon="NaN">
        <ele>0</ele>
        <time>2026-06-26T08:15:38.506Z</time>
        <name>713</name>
        <extensions>
          <speed_mps>26.822</speed_mps>
          <speed_mph>60.0</speed_mph>
        </extensions>
      </trkpt>
      <trkpt lat="52.1777200" lon="NaN">
        <ele>0</ele>
        <time>2026-06-26T08:15:39.831Z</time>
        <name>714</name>
        <extensions>
          <speed_mps>26.822</speed_mps>
          <speed_mph>60.0</speed_mph>
        </extensions>
      </trkpt>
      <trkpt lat="52.1777900" lon="NaN">
        <ele>0</ele>
        <time>2026-06-26T08:15:40.131Z</time>
        <name>715</name>
        <extensions>
          <speed_mps>26.822</speed_mps>
          <speed_mph>60.0</speed_mph>
        </extensions>
      </trkpt>
      <trkpt lat="52.1781700" lon="NaN">
        <ele>0</ele>
        <time>2026-06-26T08:15:41.803Z</time>
        <name>716</name>
        <extensions>
          <speed_mps>26.822</speed_mps>
          <speed_mph>60.0</speed_mph>
        </extensions>
      </trkpt>
      <trkpt lat="52.1782700" lon="NaN">
        <ele>0</ele>
        <time>2026-06-26T08:15:42.254Z</time>
        <name>717</name>
        <extensions>
          <speed_mps>26.822</speed_mps>
          <speed_mph>60.0</speed_mph>
        </extensions>
      </trkpt>
      <trkpt lat="52.1785200" lon="NaN">
        <ele>0</ele>
        <time>2026-06-26T08:15:43.432Z</time>
        <name>718</name>
        <extensions>
          <speed_mps>26.822</speed_mps>
          <speed_mph>60.0</speed_mph>
        </extensions>
      </trkpt>
      <trkpt lat="52.1791700" lon="NaN">
        <ele>0</ele>
        <time>2026-06-26T08:15:46.633Z</time>
        <name>719</name>
        <extensions>
          <speed_mps>26.822</speed_mps>
          <speed_mph>60.0</speed_mph>
        </extensions>
      </trkpt>
      <trkpt lat="52.1792700" lon="NaN">
        <ele>0</ele>
        <time>2026-06-26T08:15:47.107Z</time>
        <name>720</name>
        <extensions>
          <speed_mps>26.822</speed_mps>
          <speed_mph>60.0</speed_mph>
        </extensions>
      </trkpt>
      <trkpt lat="52.1795000" lon="NaN">
        <ele>0</ele>
        <time>2026-06-26T08:15:48.164Z</time>
        <name>721</name>
        <extensions>
          <speed_mps>26.822</speed_mps>
          <speed_mph>60.0</speed_mph>
        </extensions>
      </trkpt>
      <trkpt lat="52.1797500" lon="NaN">
        <ele>0</ele>
        <time>2026-06-26T08:15:49.269Z</time>
        <name>722</name>
        <extensions>
          <speed_mps>26.822</speed_mps>
          <speed_mph>60.0</speed_mph>
        </extensions>
      </trkpt>
      <trkpt lat="52.1798800" lon="NaN">
        <ele>0</ele>
        <time>2026-06-26T08:15:49.822Z</time>
        <name>723</name>
        <extensions>
          <speed_mps>26.822</speed_mps>
          <speed_mph>60.0</speed_mph>
        </extensions>
      </trkpt>
      <trkpt lat="52.1799400" lon="NaN">
        <ele>0</ele>
        <time>2026-06-26T08:15:50.072Z</time>
        <name>724</name>
        <extensions>
          <speed_mps>26.822</speed_mps>
          <speed_mph>60.0</speed_mph>
        </extensions>
      </trkpt>
      <trkpt lat="52.1799700" lon="NaN">
        <ele>0</ele>
        <time>2026-06-26T08:15:50.199Z</time>
        <name>725</name>
        <extensions>
          <speed_mps>26.822</speed_mps>
          <speed_mph>60.0</speed_mph>
        </extensions>
      </trkpt>
      <trkpt lat="52.1799900" lon="NaN">
        <ele>0</ele>
        <time>2026-06-26T08:15:50.282Z</time>
        <name>726</name>
        <extensions>
          <speed_mps>26.822</speed_mps>
          <speed_mph>60.0</speed_mph>
        </extensions>
      </trkpt>
      <trkpt lat="52.1800000" lon="NaN">
        <ele>0</ele>
        <time>2026-06-26T08:15:50.331Z</time>
        <name>727</name>
        <extensions>
          <speed_mps>26.822</speed_mps>
          <speed_mph>60.0</speed_mph>
        </extensions>
      </trkpt>
      <trkpt lat="52.1802900" lon="NaN">
        <ele>0</ele>
        <time>2026-06-26T08:15:51.535Z</time>
        <name>728</name>
        <extensions>
          <speed_mps>26.822</speed_mps>
          <speed_mph>60.0</speed_mph>
        </extensions>
      </trkpt>
      <trkpt lat="52.1805400" lon="NaN">
        <ele>0</ele>
        <time>2026-06-26T08:15:52.572Z</time>
        <name>729</name>
        <extensions>
          <speed_mps>26.822</speed_mps>
          <speed_mph>60.0</speed_mph>
        </extensions>
      </trkpt>
      <trkpt lat="52.1819100" lon="NaN">
        <ele>0</ele>
        <time>2026-06-26T08:15:58.296Z</time>
        <name>730</name>
        <extensions>
          <speed_mps>26.822</speed_mps>
          <speed_mph>60.0</speed_mph>
        </extensions>
      </trkpt>
      <trkpt lat="52.1823200" lon="NaN">
        <ele>0</ele>
        <time>2026-06-26T08:16:00.000Z</time>
        <name>731</name>
        <extensions>
          <speed_mps>26.822</speed_mps>
          <speed_mph>60.0</speed_mph>
        </extensions>
      </trkpt>
      <trkpt lat="52.1835900" lon="NaN">
        <ele>0</ele>
        <time>2026-06-26T08:16:05.272Z</time>
        <name>732</name>
        <extensions>
          <speed_mps>26.822</speed_mps>
          <speed_mph>60.0</speed_mph>
        </extensions>
      </trkpt>
      <trkpt lat="52.1837000" lon="NaN">
        <ele>0</ele>
        <time>2026-06-26T08:16:05.728Z</time>
        <name>733</name>
        <extensions>
          <speed_mps>26.822</speed_mps>
          <speed_mph>60.0</speed_mph>
        </extensions>
      </trkpt>
      <trkpt lat="52.1837600" lon="NaN">
        <ele>0</ele>
        <time>2026-06-26T08:16:05.978Z</time>
        <name>734</name>
        <extensions>
          <speed_mps>26.822</speed_mps>
          <speed_mph>60.0</speed_mph>
        </extensions>
      </trkpt>
      <trkpt lat="52.1838200" lon="NaN">
        <ele>0</ele>
        <time>2026-06-26T08:16:06.228Z</time>
        <name>735</name>
        <extensions>
          <speed_mps>26.822</speed_mps>
          <speed_mph>60.0</speed_mph>
        </extensions>
      </trkpt>
      <trkpt lat="52.1839400" lon="NaN">
        <ele>0</ele>
        <time>2026-06-26T08:16:06.726Z</time>
        <name>736</name>
        <extensions>
          <speed_mps>26.822</speed_mps>
          <speed_mph>60.0</speed_mph>
        </extensions>
      </trkpt>
      <trkpt lat="52.1842900" lon="NaN">
        <ele>0</ele>
        <time>2026-06-26T08:16:08.203Z</time>
        <name>737</name>
        <extensions>
          <speed_mps>26.822</speed_mps>
          <speed_mph>60.0</speed_mph>
        </extensions>
      </trkpt>
      <trkpt lat="52.1849000" lon="NaN">
        <ele>0</ele>
        <time>2026-06-26T08:16:10.824Z</time>
        <name>738</name>
        <extensions>
          <speed_mps>26.822</speed_mps>
          <speed_mph>60.0</speed_mph>
        </extensions>
      </trkpt>
      <trkpt lat="52.1852800" lon="NaN">
        <ele>0</ele>
        <time>2026-06-26T08:16:12.479Z</time>
        <name>739</name>
        <extensions>
          <speed_mps>26.822</speed_mps>
          <speed_mph>60.0</speed_mph>
        </extensions>
      </trkpt>
      <trkpt lat="52.1852900" lon="NaN">
        <ele>0</ele>
        <time>2026-06-26T08:16:12.528Z</time>
        <name>740</name>
        <extensions>
          <speed_mps>26.822</speed_mps>
          <speed_mph>60.0</speed_mph>
        </extensions>
      </trkpt>
      <trkpt lat="52.1855500" lon="NaN">
        <ele>0</ele>
        <time>2026-06-26T08:16:13.689Z</time>
        <name>741</name>
        <extensions>
          <speed_mps>26.822</speed_mps>
          <speed_mph>60.0</speed_mph>
        </extensions>
      </trkpt>
      <trkpt lat="52.1856500" lon="NaN">
        <ele>0</ele>
        <time>2026-06-26T08:16:14.151Z</time>
        <name>742</name>
        <extensions>
          <speed_mps>26.822</speed_mps>
          <speed_mph>60.0</speed_mph>
        </extensions>
      </trkpt>
      <trkpt lat="52.1856700" lon="NaN">
        <ele>0</ele>
        <time>2026-06-26T08:16:14.237Z</time>
        <name>743</name>
        <extensions>
          <speed_mps>26.822</speed_mps>
          <speed_mph>60.0</speed_mph>
        </extensions>
      </trkpt>
      <trkpt lat="52.1857800" lon="NaN">
        <ele>0</ele>
        <time>2026-06-26T08:16:14.772Z</time>
        <name>744</name>
        <extensions>
          <speed_mps>26.822</speed_mps>
          <speed_mph>60.0</speed_mph>
        </extensions>
      </trkpt>
      <trkpt lat="52.1858500" lon="NaN">
        <ele>0</ele>
        <time>2026-06-26T08:16:15.100Z</time>
        <name>745</name>
        <extensions>
          <speed_mps>26.822</speed_mps>
          <speed_mph>60.0</speed_mph>
        </extensions>
      </trkpt>
      <trkpt lat="52.1860300" lon="NaN">
        <ele>0</ele>
        <time>2026-06-26T08:16:16.003Z</time>
        <name>746</name>
        <extensions>
          <speed_mps>26.822</speed_mps>
          <speed_mph>60.0</speed_mph>
        </extensions>
      </trkpt>
      <trkpt lat="52.1861900" lon="NaN">
        <ele>0</ele>
        <time>2026-06-26T08:16:16.839Z</time>
        <name>747</name>
        <extensions>
          <speed_mps>26.822</speed_mps>
          <speed_mph>60.0</speed_mph>
        </extensions>
      </trkpt>
      <trkpt lat="52.1862500" lon="NaN">
        <ele>0</ele>
        <time>2026-06-26T08:16:17.177Z</time>
        <name>748</name>
        <extensions>
          <speed_mps>26.822</speed_mps>
          <speed_mph>60.0</speed_mph>
        </extensions>
      </trkpt>
      <trkpt lat="52.1863200" lon="NaN">
        <ele>0</ele>
        <time>2026-06-26T08:16:17.531Z</time>
        <name>749</name>
        <extensions>
          <speed_mps>26.822</speed_mps>
          <speed_mph>60.0</speed_mph>
        </extensions>
      </trkpt>
      <trkpt lat="52.1864600" lon="NaN">
        <ele>0</ele>
        <time>2026-06-26T08:16:18.355Z</time>
        <name>750</name>
        <extensions>
          <speed_mps>26.822</speed_mps>
          <speed_mph>60.0</speed_mph>
        </extensions>
      </trkpt>
      <trkpt lat="52.1865300" lon="NaN">
        <ele>0</ele>
        <time>2026-06-26T08:16:18.814Z</time>
        <name>751</name>
        <extensions>
          <speed_mps>26.822</speed_mps>
          <speed_mph>60.0</speed_mph>
        </extensions>
      </trkpt>
      <trkpt lat="52.1865900" lon="NaN">
        <ele>0</ele>
        <time>2026-06-26T08:16:19.170Z</time>
        <name>752</name>
        <extensions>
          <speed_mps>26.822</speed_mps>
          <speed_mph>60.0</speed_mph>
        </extensions>
      </trkpt>
      <trkpt lat="52.1866500" lon="NaN">
        <ele>0</ele>
        <time>2026-06-26T08:16:19.563Z</time>
        <name>753</name>
        <extensions>
          <speed_mps>26.822</speed_mps>
          <speed_mph>60.0</speed_mph>
        </extensions>
      </trkpt>
      <trkpt lat="52.1869000" lon="NaN">
        <ele>0</ele>
        <time>2026-06-26T08:16:21.471Z</time>
        <name>754</name>
        <extensions>
          <speed_mps>26.822</speed_mps>
          <speed_mph>60.0</speed_mph>
        </extensions>
      </trkpt>
      <trkpt lat="52.1869400" lon="NaN">
        <ele>0</ele>
        <time>2026-06-26T08:16:21.818Z</time>
        <name>755</name>
        <extensions>
          <speed_mps>26.822</speed_mps>
          <speed_mph>60.0</speed_mph>
        </extensions>
      </trkpt>
      <trkpt lat="52.1869600" lon="NaN">
        <ele>0</ele>
        <time>2026-06-26T08:16:21.930Z</time>
        <name>756</name>
        <extensions>
          <speed_mps>26.822</speed_mps>
          <speed_mph>60.0</speed_mph>
        </extensions>
      </trkpt>
      <trkpt lat="52.1870000" lon="NaN">
        <ele>0</ele>
        <time>2026-06-26T08:16:22.278Z</time>
        <name>757</name>
        <extensions>
          <speed_mps>26.822</speed_mps>
          <speed_mph>60.0</speed_mph>
        </extensions>
      </trkpt>
      <trkpt lat="52.1871400" lon="NaN">
        <ele>0</ele>
        <time>2026-06-26T08:16:23.768Z</time>
        <name>758</name>
        <extensions>
          <speed_mps>26.822</speed_mps>
          <speed_mph>60.0</speed_mph>
        </extensions>
      </trkpt>
      <trkpt lat="52.1872800" lon="NaN">
        <ele>0</ele>
        <time>2026-06-26T08:16:26.030Z</time>
        <name>759</name>
        <extensions>
          <speed_mps>26.822</speed_mps>
          <speed_mph>60.0</speed_mph>
        </extensions>
      </trkpt>
      <trkpt lat="52.1873000" lon="NaN">
        <ele>0</ele>
        <time>2026-06-26T08:16:26.494Z</time>
        <name>760</name>
        <extensions>
          <speed_mps>26.822</speed_mps>
          <speed_mph>60.0</speed_mph>
        </extensions>
      </trkpt>
      <trkpt lat="52.1873000" lon="NaN">
        <ele>0</ele>
        <time>2026-06-26T08:16:26.596Z</time>
        <name>761</name>
        <extensions>
          <speed_mps>26.822</speed_mps>
          <speed_mph>60.0</speed_mph>
        </extensions>
      </trkpt>
      <trkpt lat="52.1874600" lon="NaN">
        <ele>0</ele>
        <time>2026-06-26T08:16:31.068Z</time>
        <name>762</name>
        <extensions>
          <speed_mps>26.822</speed_mps>
          <speed_mph>60.0</speed_mph>
        </extensions>
      </trkpt>
      <trkpt lat="52.1874900" lon="NaN">
        <ele>0</ele>
        <time>2026-06-26T08:16:33.156Z</time>
        <name>763</name>
        <extensions>
          <speed_mps>26.822</speed_mps>
          <speed_mph>60.0</speed_mph>
        </extensions>
      </trkpt>
      <trkpt lat="52.1874900" lon="NaN">
        <ele>0</ele>
        <time>2026-06-26T08:16:34.071Z</time>
        <name>764</name>
        <extensions>
          <speed_mps>26.822</speed_mps>
          <speed_mph>60.0</speed_mph>
        </extensions>
      </trkpt>
      <trkpt lat="52.1874800" lon="NaN">
        <ele>0</ele>
        <time>2026-06-26T08:16:34.430Z</time>
        <name>765</name>
        <extensions>
          <speed_mps>26.822</speed_mps>
          <speed_mph>60.0</speed_mph>
        </extensions>
      </trkpt>
      <trkpt lat="52.1874900" lon="NaN">
        <ele>0</ele>
        <time>2026-06-26T08:16:34.788Z</time>
        <name>766</name>
        <extensions>
          <speed_mps>26.822</speed_mps>
          <speed_mph>60.0</speed_mph>
        </extensions>
      </trkpt>
      <trkpt lat="52.1874800" lon="NaN">
        <ele>0</ele>
        <time>2026-06-26T08:16:38.702Z</time>
        <name>767</name>
        <extensions>
          <speed_mps>26.822</speed_mps>
          <speed_mph>60.0</speed_mph>
        </extensions>
      </trkpt>
      <trkpt lat="52.1875800" lon="NaN">
        <ele>0</ele>
        <time>2026-06-26T08:16:40.977Z</time>
        <name>768</name>
        <extensions>
          <speed_mps>26.822</speed_mps>
          <speed_mph>60.0</speed_mph>
        </extensions>
      </trkpt>
      <trkpt lat="52.1875900" lon="NaN">
        <ele>0</ele>
        <time>2026-06-26T08:16:41.043Z</time>
        <name>769</name>
        <extensions>
          <speed_mps>26.822</speed_mps>
          <speed_mph>60.0</speed_mph>
        </extensions>
      </trkpt>
      <trkpt lat="52.1883900" lon="NaN">
        <ele>0</ele>
        <time>2026-06-26T08:16:51.447Z</time>
        <name>770</name>
        <extensions>
          <speed_mps>26.822</speed_mps>
          <speed_mph>60.0</speed_mph>
        </extensions>
      </trkpt>
      <trkpt lat="52.1886300" lon="NaN">
        <ele>0</ele>
        <time>2026-06-26T08:16:54.922Z</time>
        <name>771</name>
        <extensions>
          <speed_mps>26.822</speed_mps>
          <speed_mph>60.0</speed_mph>
        </extensions>
      </trkpt>
      <trkpt lat="52.1886800" lon="NaN">
        <ele>0</ele>
        <time>2026-06-26T08:16:56.386Z</time>
        <name>772</name>
        <extensions>
          <speed_mps>26.822</speed_mps>
          <speed_mph>60.0</speed_mph>
        </extensions>
      </trkpt>
      <trkpt lat="52.1887200" lon="NaN">
        <ele>0</ele>
        <time>2026-06-26T08:16:58.148Z</time>
        <name>773</name>
        <extensions>
          <speed_mps>26.822</speed_mps>
          <speed_mph>60.0</speed_mph>
        </extensions>
      </trkpt>
      <trkpt lat="52.1887300" lon="NaN">
        <ele>0</ele>
        <time>2026-06-26T08:17:00.029Z</time>
        <name>774</name>
        <extensions>
          <speed_mps>26.822</speed_mps>
          <speed_mph>60.0</speed_mph>
        </extensions>
      </trkpt>
      <trkpt lat="52.1887400" lon="NaN">
        <ele>0</ele>
        <time>2026-06-26T08:17:00.387Z</time>
        <name>775</name>
        <extensions>
          <speed_mps>26.822</speed_mps>
          <speed_mph>60.0</speed_mph>
        </extensions>
      </trkpt>
      <trkpt lat="52.1887400" lon="NaN">
        <ele>0</ele>
        <time>2026-06-26T08:17:01.099Z</time>
        <name>776</name>
        <extensions>
          <speed_mps>26.822</speed_mps>
          <speed_mph>60.0</speed_mph>
        </extensions>
      </trkpt>
      <trkpt lat="52.1887800" lon="NaN">
        <ele>0</ele>
        <time>2026-06-26T08:17:02.431Z</time>
        <name>777</name>
        <extensions>
          <speed_mps>26.822</speed_mps>
          <speed_mph>60.0</speed_mph>
        </extensions>
      </trkpt>
      <trkpt lat="52.1888000" lon="NaN">
        <ele>0</ele>
        <time>2026-06-26T08:17:02.821Z</time>
        <name>778</name>
        <extensions>
          <speed_mps>26.822</speed_mps>
          <speed_mph>60.0</speed_mph>
        </extensions>
      </trkpt>
      <trkpt lat="52.1888200" lon="NaN">
        <ele>0</ele>
        <time>2026-06-26T08:17:03.041Z</time>
        <name>779</name>
        <extensions>
          <speed_mps>26.822</speed_mps>
          <speed_mph>60.0</speed_mph>
        </extensions>
      </trkpt>
      <trkpt lat="52.1888700" lon="NaN">
        <ele>0</ele>
        <time>2026-06-26T08:17:03.757Z</time>
        <name>780</name>
        <extensions>
          <speed_mps>26.822</speed_mps>
          <speed_mph>60.0</speed_mph>
        </extensions>
      </trkpt>
      <trkpt lat="52.1888700" lon="NaN">
        <ele>0</ele>
        <time>2026-06-26T08:17:03.783Z</time>
        <name>781</name>
        <extensions>
          <speed_mps>26.822</speed_mps>
          <speed_mph>60.0</speed_mph>
        </extensions>
      </trkpt>
      <trkpt lat="52.1888800" lon="NaN">
        <ele>0</ele>
        <time>2026-06-26T08:17:03.848Z</time>
        <name>782</name>
        <extensions>
          <speed_mps>26.822</speed_mps>
          <speed_mph>60.0</speed_mph>
        </extensions>
      </trkpt>
      <trkpt lat="52.1889200" lon="NaN">
        <ele>0</ele>
        <time>2026-06-26T08:17:04.218Z</time>
        <name>783</name>
        <extensions>
          <speed_mps>26.822</speed_mps>
          <speed_mph>60.0</speed_mph>
        </extensions>
      </trkpt>
      <trkpt lat="52.1889300" lon="NaN">
        <ele>0</ele>
        <time>2026-06-26T08:17:04.352Z</time>
        <name>784</name>
        <extensions>
          <speed_mps>26.822</speed_mps>
          <speed_mph>60.0</speed_mph>
        </extensions>
      </trkpt>
      <trkpt lat="52.1892400" lon="NaN">
        <ele>0</ele>
        <time>2026-06-26T08:17:07.383Z</time>
        <name>785</name>
        <extensions>
          <speed_mps>26.822</speed_mps>
          <speed_mph>60.0</speed_mph>
        </extensions>
      </trkpt>
      <trkpt lat="52.1892600" lon="NaN">
        <ele>0</ele>
        <time>2026-06-26T08:17:07.514Z</time>
        <name>786</name>
        <extensions>
          <speed_mps>26.822</speed_mps>
          <speed_mph>60.0</speed_mph>
        </extensions>
      </trkpt>
      <trkpt lat="52.1894200" lon="NaN">
        <ele>0</ele>
        <time>2026-06-26T08:17:08.880Z</time>
        <name>787</name>
        <extensions>
          <speed_mps>26.822</speed_mps>
          <speed_mph>60.0</speed_mph>
        </extensions>
      </trkpt>
      <trkpt lat="52.1894700" lon="NaN">
        <ele>0</ele>
        <time>2026-06-26T08:17:09.228Z</time>
        <name>788</name>
        <extensions>
          <speed_mps>26.822</speed_mps>
          <speed_mph>60.0</speed_mph>
        </extensions>
      </trkpt>
      <trkpt lat="52.1895300" lon="NaN">
        <ele>0</ele>
        <time>2026-06-26T08:17:09.727Z</time>
        <name>789</name>
        <extensions>
          <speed_mps>26.822</speed_mps>
          <speed_mph>60.0</speed_mph>
        </extensions>
      </trkpt>
      <trkpt lat="52.1895800" lon="NaN">
        <ele>0</ele>
        <time>2026-06-26T08:17:10.036Z</time>
        <name>790</name>
        <extensions>
          <speed_mps>26.822</speed_mps>
          <speed_mph>60.0</speed_mph>
        </extensions>
      </trkpt>
      <trkpt lat="52.1897100" lon="NaN">
        <ele>0</ele>
        <time>2026-06-26T08:17:10.908Z</time>
        <name>791</name>
        <extensions>
          <speed_mps>26.822</speed_mps>
          <speed_mph>60.0</speed_mph>
        </extensions>
      </trkpt>
      <trkpt lat="52.1897200" lon="NaN">
        <ele>0</ele>
        <time>2026-06-26T08:17:10.957Z</time>
        <name>792</name>
        <extensions>
          <speed_mps>26.822</speed_mps>
          <speed_mph>60.0</speed_mph>
        </extensions>
      </trkpt>
      <trkpt lat="52.1899600" lon="NaN">
        <ele>0</ele>
        <time>2026-06-26T08:17:12.416Z</time>
        <name>793</name>
        <extensions>
          <speed_mps>26.822</speed_mps>
          <speed_mph>60.0</speed_mph>
        </extensions>
      </trkpt>
      <trkpt lat="52.1900100" lon="NaN">
        <ele>0</ele>
        <time>2026-06-26T08:17:12.689Z</time>
        <name>794</name>
        <extensions>
          <speed_mps>26.822</speed_mps>
          <speed_mph>60.0</speed_mph>
        </extensions>
      </trkpt>
      <trkpt lat="52.1906900" lon="NaN">
        <ele>0</ele>
        <time>2026-06-26T08:17:16.624Z</time>
        <name>795</name>
        <extensions>
          <speed_mps>26.822</speed_mps>
          <speed_mph>60.0</speed_mph>
        </extensions>
      </trkpt>
      <trkpt lat="52.1907200" lon="NaN">
        <ele>0</ele>
        <time>2026-06-26T08:17:16.821Z</time>
        <name>796</name>
        <extensions>
          <speed_mps>26.822</speed_mps>
          <speed_mph>60.0</speed_mph>
        </extensions>
      </trkpt>
      <trkpt lat="52.1909900" lon="NaN">
        <ele>0</ele>
        <time>2026-06-26T08:17:18.385Z</time>
        <name>797</name>
        <extensions>
          <speed_mps>26.822</speed_mps>
          <speed_mph>60.0</speed_mph>
        </extensions>
      </trkpt>
      <trkpt lat="52.1912100" lon="NaN">
        <ele>0</ele>
        <time>2026-06-26T08:17:19.732Z</time>
        <name>798</name>
        <extensions>
          <speed_mps>26.822</speed_mps>
          <speed_mph>60.0</speed_mph>
        </extensions>
      </trkpt>
      <trkpt lat="52.1912400" lon="NaN">
        <ele>0</ele>
        <time>2026-06-26T08:17:19.893Z</time>
        <name>799</name>
        <extensions>
          <speed_mps>26.822</speed_mps>
          <speed_mph>60.0</speed_mph>
        </extensions>
      </trkpt>
      <trkpt lat="52.1915100" lon="NaN">
        <ele>0</ele>
        <time>2026-06-26T08:17:21.567Z</time>
        <name>800</name>
        <extensions>
          <speed_mps>26.822</speed_mps>
          <speed_mph>60.0</speed_mph>
        </extensions>
      </trkpt>
      <trkpt lat="52.1915300" lon="NaN">
        <ele>0</ele>
        <time>2026-06-26T08:17:21.664Z</time>
        <name>801</name>
        <extensions>
          <speed_mps>26.822</speed_mps>
          <speed_mph>60.0</speed_mph>
        </extensions>
      </trkpt>
      <trkpt lat="52.1916400" lon="NaN">
        <ele>0</ele>
        <time>2026-06-26T08:17:22.366Z</time>
        <name>802</name>
        <extensions>
          <speed_mps>26.822</speed_mps>
          <speed_mph>60.0</speed_mph>
        </extensions>
      </trkpt>
      <trkpt lat="52.1917600" lon="NaN">
        <ele>0</ele>
        <time>2026-06-26T08:17:23.214Z</time>
        <name>803</name>
        <extensions>
          <speed_mps>26.822</speed_mps>
          <speed_mph>60.0</speed_mph>
        </extensions>
      </trkpt>
      <trkpt lat="52.1918400" lon="NaN">
        <ele>0</ele>
        <time>2026-06-26T08:17:23.976Z</time>
        <name>804</name>
        <extensions>
          <speed_mps>26.822</speed_mps>
          <speed_mph>60.0</speed_mph>
        </extensions>
      </trkpt>
      <trkpt lat="52.1918700" lon="NaN">
        <ele>0</ele>
        <time>2026-06-26T08:17:24.353Z</time>
        <name>805</name>
        <extensions>
          <speed_mps>26.822</speed_mps>
          <speed_mph>60.0</speed_mph>
        </extensions>
      </trkpt>
      <trkpt lat="52.1919000" lon="NaN">
        <ele>0</ele>
        <time>2026-06-26T08:17:24.926Z</time>
        <name>806</name>
        <extensions>
          <speed_mps>26.822</speed_mps>
          <speed_mph>60.0</speed_mph>
        </extensions>
      </trkpt>
      <trkpt lat="52.1919000" lon="NaN">
        <ele>0</ele>
        <time>2026-06-26T08:17:25.231Z</time>
        <name>807</name>
        <extensions>
          <speed_mps>26.822</speed_mps>
          <speed_mph>60.0</speed_mph>
        </extensions>
      </trkpt>
      <trkpt lat="52.1919100" lon="NaN">
        <ele>0</ele>
        <time>2026-06-26T08:17:25.538Z</time>
        <name>808</name>
        <extensions>
          <speed_mps>26.822</speed_mps>
          <speed_mph>60.0</speed_mph>
        </extensions>
      </trkpt>
      <trkpt lat="52.1919100" lon="NaN">
        <ele>0</ele>
        <time>2026-06-26T08:17:25.970Z</time>
        <name>809</name>
        <extensions>
          <speed_mps>26.822</speed_mps>
          <speed_mph>60.0</speed_mph>
        </extensions>
      </trkpt>
      <trkpt lat="52.1919000" lon="NaN">
        <ele>0</ele>
        <time>2026-06-26T08:17:26.303Z</time>
        <name>810</name>
        <extensions>
          <speed_mps>26.822</speed_mps>
          <speed_mph>60.0</speed_mph>
        </extensions>
      </trkpt>
      <trkpt lat="52.1919000" lon="NaN">
        <ele>0</ele>
        <time>2026-06-26T08:17:26.481Z</time>
        <name>811</name>
        <extensions>
          <speed_mps>26.822</speed_mps>
          <speed_mph>60.0</speed_mph>
        </extensions>
      </trkpt>
      <trkpt lat="52.1917800" lon="NaN">
        <ele>0</ele>
        <time>2026-06-26T08:17:29.346Z</time>
        <name>812</name>
        <extensions>
          <speed_mps>26.822</speed_mps>
          <speed_mph>60.0</speed_mph>
        </extensions>
      </trkpt>
      <trkpt lat="52.1917700" lon="NaN">
        <ele>0</ele>
        <time>2026-06-26T08:17:29.456Z</time>
        <name>813</name>
        <extensions>
          <speed_mps>26.822</speed_mps>
          <speed_mph>60.0</speed_mph>
        </extensions>
      </trkpt>
      <trkpt lat="52.1917700" lon="NaN">
        <ele>0</ele>
        <time>2026-06-26T08:17:29.583Z</time>
        <name>814</name>
        <extensions>
          <speed_mps>26.822</speed_mps>
          <speed_mph>60.0</speed_mph>
        </extensions>
      </trkpt>
      <trkpt lat="52.1917100" lon="NaN">
        <ele>0</ele>
        <time>2026-06-26T08:17:31.028Z</time>
        <name>815</name>
        <extensions>
          <speed_mps>26.822</speed_mps>
          <speed_mph>60.0</speed_mph>
        </extensions>
      </trkpt>
      <trkpt lat="52.1917100" lon="NaN">
        <ele>0</ele>
        <time>2026-06-26T08:17:31.180Z</time>
        <name>816</name>
        <extensions>
          <speed_mps>26.822</speed_mps>
          <speed_mph>60.0</speed_mph>
        </extensions>
      </trkpt>
      <trkpt lat="52.1916900" lon="NaN">
        <ele>0</ele>
        <time>2026-06-26T08:17:31.670Z</time>
        <name>817</name>
        <extensions>
          <speed_mps>26.822</speed_mps>
          <speed_mph>60.0</speed_mph>
        </extensions>
      </trkpt>
      <trkpt lat="52.1916600" lon="NaN">
        <ele>0</ele>
        <time>2026-06-26T08:17:32.972Z</time>
        <name>818</name>
        <extensions>
          <speed_mps>26.822</speed_mps>
          <speed_mph>60.0</speed_mph>
        </extensions>
      </trkpt>
      <trkpt lat="52.1916600" lon="NaN">
        <ele>0</ele>
        <time>2026-06-26T08:17:33.201Z</time>
        <name>819</name>
        <extensions>
          <speed_mps>26.822</speed_mps>
          <speed_mph>60.0</speed_mph>
        </extensions>
      </trkpt>
      <trkpt lat="52.1916500" lon="NaN">
        <ele>0</ele>
        <time>2026-06-26T08:17:33.288Z</time>
        <name>820</name>
        <extensions>
          <speed_mps>26.822</speed_mps>
          <speed_mph>60.0</speed_mph>
        </extensions>
      </trkpt>
      <trkpt lat="52.1916000" lon="NaN">
        <ele>0</ele>
        <time>2026-06-26T08:17:35.787Z</time>
        <name>821</name>
        <extensions>
          <speed_mps>26.822</speed_mps>
          <speed_mph>60.0</speed_mph>
        </extensions>
      </trkpt>
      <trkpt lat="52.1915900" lon="NaN">
        <ele>0</ele>
        <time>2026-06-26T08:17:35.970Z</time>
        <name>822</name>
        <extensions>
          <speed_mps>26.822</speed_mps>
          <speed_mph>60.0</speed_mph>
        </extensions>
      </trkpt>
      <trkpt lat="52.1915900" lon="NaN">
        <ele>0</ele>
        <time>2026-06-26T08:17:36.249Z</time>
        <name>823</name>
        <extensions>
          <speed_mps>26.822</speed_mps>
          <speed_mph>60.0</speed_mph>
        </extensions>
      </trkpt>
      <trkpt lat="52.1915700" lon="NaN">
        <ele>0</ele>
        <time>2026-06-26T08:17:37.092Z</time>
        <name>824</name>
        <extensions>
          <speed_mps>26.822</speed_mps>
          <speed_mph>60.0</speed_mph>
        </extensions>
      </trkpt>
      <trkpt lat="52.1915700" lon="NaN">
        <ele>0</ele>
        <time>2026-06-26T08:17:37.931Z</time>
        <name>825</name>
        <extensions>
          <speed_mps>26.822</speed_mps>
          <speed_mph>60.0</speed_mph>
        </extensions>
      </trkpt>
      <trkpt lat="52.1915800" lon="NaN">
        <ele>0</ele>
        <time>2026-06-26T08:17:38.018Z</time>
        <name>826</name>
        <extensions>
          <speed_mps>26.822</speed_mps>
          <speed_mph>60.0</speed_mph>
        </extensions>
      </trkpt>
      <trkpt lat="52.1915800" lon="NaN">
        <ele>0</ele>
        <time>2026-06-26T08:17:38.119Z</time>
        <name>827</name>
        <extensions>
          <speed_mps>26.822</speed_mps>
          <speed_mph>60.0</speed_mph>
        </extensions>
      </trkpt>
      <trkpt lat="52.1915900" lon="NaN">
        <ele>0</ele>
        <time>2026-06-26T08:17:38.229Z</time>
        <name>828</name>
        <extensions>
          <speed_mps>26.822</speed_mps>
          <speed_mph>60.0</speed_mph>
        </extensions>
      </trkpt>
      <trkpt lat="52.1916000" lon="NaN">
        <ele>0</ele>
        <time>2026-06-26T08:17:38.412Z</time>
        <name>829</name>
        <extensions>
          <speed_mps>26.822</speed_mps>
          <speed_mph>60.0</speed_mph>
        </extensions>
      </trkpt>
      <trkpt lat="52.1916100" lon="NaN">
        <ele>0</ele>
        <time>2026-06-26T08:17:38.460Z</time>
        <name>830</name>
        <extensions>
          <speed_mps>26.822</speed_mps>
          <speed_mph>60.0</speed_mph>
        </extensions>
      </trkpt>
      <trkpt lat="52.1916500" lon="NaN">
        <ele>0</ele>
        <time>2026-06-26T08:17:38.853Z</time>
        <name>831</name>
        <extensions>
          <speed_mps>26.822</speed_mps>
          <speed_mph>60.0</speed_mph>
        </extensions>
      </trkpt>
      <trkpt lat="52.1917900" lon="NaN">
        <ele>0</ele>
        <time>2026-06-26T08:17:39.677Z</time>
        <name>832</name>
        <extensions>
          <speed_mps>26.822</speed_mps>
          <speed_mph>60.0</speed_mph>
        </extensions>
      </trkpt>
      <trkpt lat="52.1918800" lon="NaN">
        <ele>0</ele>
        <time>2026-06-26T08:17:40.158Z</time>
        <name>833</name>
        <extensions>
          <speed_mps>26.822</speed_mps>
          <speed_mph>60.0</speed_mph>
        </extensions>
      </trkpt>
      <trkpt lat="52.1921000" lon="NaN">
        <ele>0</ele>
        <time>2026-06-26T08:17:41.137Z</time>
        <name>834</name>
        <extensions>
          <speed_mps>26.822</speed_mps>
          <speed_mph>60.0</speed_mph>
        </extensions>
      </trkpt>
      <trkpt lat="52.1923100" lon="NaN">
        <ele>0</ele>
        <time>2026-06-26T08:17:42.060Z</time>
        <name>835</name>
        <extensions>
          <speed_mps>26.822</speed_mps>
          <speed_mph>60.0</speed_mph>
        </extensions>
      </trkpt>
      <trkpt lat="52.1924800" lon="NaN">
        <ele>0</ele>
        <time>2026-06-26T08:17:42.818Z</time>
        <name>836</name>
        <extensions>
          <speed_mps>26.822</speed_mps>
          <speed_mph>60.0</speed_mph>
        </extensions>
      </trkpt>
      <trkpt lat="52.1925500" lon="NaN">
        <ele>0</ele>
        <time>2026-06-26T08:17:43.146Z</time>
        <name>837</name>
        <extensions>
          <speed_mps>26.822</speed_mps>
          <speed_mph>60.0</speed_mph>
        </extensions>
      </trkpt>
      <trkpt lat="52.1925800" lon="NaN">
        <ele>0</ele>
        <time>2026-06-26T08:17:43.280Z</time>
        <name>838</name>
        <extensions>
          <speed_mps>26.822</speed_mps>
          <speed_mph>60.0</speed_mph>
        </extensions>
      </trkpt>
      <trkpt lat="52.1933900" lon="NaN">
        <ele>0</ele>
        <time>2026-06-26T08:17:47.069Z</time>
        <name>839</name>
        <extensions>
          <speed_mps>26.822</speed_mps>
          <speed_mph>60.0</speed_mph>
        </extensions>
      </trkpt>
      <trkpt lat="52.1934300" lon="NaN">
        <ele>0</ele>
        <time>2026-06-26T08:17:47.263Z</time>
        <name>840</name>
        <extensions>
          <speed_mps>26.822</speed_mps>
          <speed_mph>60.0</speed_mph>
        </extensions>
      </trkpt>
      <trkpt lat="52.1937600" lon="NaN">
        <ele>0</ele>
        <time>2026-06-26T08:17:48.805Z</time>
        <name>841</name>
        <extensions>
          <speed_mps>26.822</speed_mps>
          <speed_mph>60.0</speed_mph>
        </extensions>
      </trkpt>
      <trkpt lat="52.1938000" lon="NaN">
        <ele>0</ele>
        <time>2026-06-26T08:17:49.014Z</time>
        <name>842</name>
        <extensions>
          <speed_mps>26.822</speed_mps>
          <speed_mph>60.0</speed_mph>
        </extensions>
      </trkpt>
      <trkpt lat="52.1939500" lon="NaN">
        <ele>0</ele>
        <time>2026-06-26T08:17:49.730Z</time>
        <name>843</name>
        <extensions>
          <speed_mps>26.822</speed_mps>
          <speed_mph>60.0</speed_mph>
        </extensions>
      </trkpt>
      <trkpt lat="52.1941200" lon="NaN">
        <ele>0</ele>
        <time>2026-06-26T08:17:50.599Z</time>
        <name>844</name>
        <extensions>
          <speed_mps>26.822</speed_mps>
          <speed_mph>60.0</speed_mph>
        </extensions>
      </trkpt>
      <trkpt lat="52.1941200" lon="NaN">
        <ele>0</ele>
        <time>2026-06-26T08:17:50.625Z</time>
        <name>845</name>
        <extensions>
          <speed_mps>26.822</speed_mps>
          <speed_mph>60.0</speed_mph>
        </extensions>
      </trkpt>
      <trkpt lat="52.1942500" lon="NaN">
        <ele>0</ele>
        <time>2026-06-26T08:17:51.300Z</time>
        <name>846</name>
        <extensions>
          <speed_mps>26.822</speed_mps>
          <speed_mph>60.0</speed_mph>
        </extensions>
      </trkpt>
      <trkpt lat="52.1944100" lon="NaN">
        <ele>0</ele>
        <time>2026-06-26T08:17:52.218Z</time>
        <name>847</name>
        <extensions>
          <speed_mps>26.822</speed_mps>
          <speed_mph>60.0</speed_mph>
        </extensions>
      </trkpt>
      <trkpt lat="52.1945200" lon="NaN">
        <ele>0</ele>
        <time>2026-06-26T08:17:52.901Z</time>
        <name>848</name>
        <extensions>
          <speed_mps>26.822</speed_mps>
          <speed_mph>60.0</speed_mph>
        </extensions>
      </trkpt>
      <trkpt lat="52.1945200" lon="NaN">
        <ele>0</ele>
        <time>2026-06-26T08:17:52.952Z</time>
        <name>849</name>
        <extensions>
          <speed_mps>26.822</speed_mps>
          <speed_mph>60.0</speed_mph>
        </extensions>
      </trkpt>
      <trkpt lat="52.1945600" lon="NaN">
        <ele>0</ele>
        <time>2026-06-26T08:17:53.195Z</time>
        <name>850</name>
        <extensions>
          <speed_mps>26.822</speed_mps>
          <speed_mph>60.0</speed_mph>
        </extensions>
      </trkpt>
      <trkpt lat="52.1947000" lon="NaN">
        <ele>0</ele>
        <time>2026-06-26T08:17:54.257Z</time>
        <name>851</name>
        <extensions>
          <speed_mps>26.822</speed_mps>
          <speed_mph>60.0</speed_mph>
        </extensions>
      </trkpt>
      <trkpt lat="52.1947500" lon="NaN">
        <ele>0</ele>
        <time>2026-06-26T08:17:54.714Z</time>
        <name>852</name>
        <extensions>
          <speed_mps>26.822</speed_mps>
          <speed_mph>60.0</speed_mph>
        </extensions>
      </trkpt>
      <trkpt lat="52.1948200" lon="NaN">
        <ele>0</ele>
        <time>2026-06-26T08:17:55.553Z</time>
        <name>853</name>
        <extensions>
          <speed_mps>26.822</speed_mps>
          <speed_mph>60.0</speed_mph>
        </extensions>
      </trkpt>
      <trkpt lat="52.1948300" lon="NaN">
        <ele>0</ele>
        <time>2026-06-26T08:17:55.640Z</time>
        <name>854</name>
        <extensions>
          <speed_mps>26.822</speed_mps>
          <speed_mph>60.0</speed_mph>
        </extensions>
      </trkpt>
      <trkpt lat="52.1948400" lon="NaN">
        <ele>0</ele>
        <time>2026-06-26T08:17:55.823Z</time>
        <name>855</name>
        <extensions>
          <speed_mps>26.822</speed_mps>
          <speed_mph>60.0</speed_mph>
        </extensions>
      </trkpt>
      <trkpt lat="52.1948600" lon="NaN">
        <ele>0</ele>
        <time>2026-06-26T08:17:56.019Z</time>
        <name>856</name>
        <extensions>
          <speed_mps>26.822</speed_mps>
          <speed_mph>60.0</speed_mph>
        </extensions>
      </trkpt>
      <trkpt lat="52.1949000" lon="NaN">
        <ele>0</ele>
        <time>2026-06-26T08:17:56.651Z</time>
        <name>857</name>
        <extensions>
          <speed_mps>26.822</speed_mps>
          <speed_mph>60.0</speed_mph>
        </extensions>
      </trkpt>
      <trkpt lat="52.1949000" lon="NaN">
        <ele>0</ele>
        <time>2026-06-26T08:17:56.753Z</time>
        <name>858</name>
        <extensions>
          <speed_mps>26.822</speed_mps>
          <speed_mph>60.0</speed_mph>
        </extensions>
      </trkpt>
      <trkpt lat="52.1949100" lon="NaN">
        <ele>0</ele>
        <time>2026-06-26T08:17:56.862Z</time>
        <name>859</name>
        <extensions>
          <speed_mps>26.822</speed_mps>
          <speed_mph>60.0</speed_mph>
        </extensions>
      </trkpt>
      <trkpt lat="52.1949100" lon="NaN">
        <ele>0</ele>
        <time>2026-06-26T08:17:56.990Z</time>
        <name>860</name>
        <extensions>
          <speed_mps>26.822</speed_mps>
          <speed_mph>60.0</speed_mph>
        </extensions>
      </trkpt>
      <trkpt lat="52.1949200" lon="NaN">
        <ele>0</ele>
        <time>2026-06-26T08:17:57.247Z</time>
        <name>861</name>
        <extensions>
          <speed_mps>26.822</speed_mps>
          <speed_mph>60.0</speed_mph>
        </extensions>
      </trkpt>
      <trkpt lat="52.1949300" lon="NaN">
        <ele>0</ele>
        <time>2026-06-26T08:17:57.381Z</time>
        <name>862</name>
        <extensions>
          <speed_mps>26.822</speed_mps>
          <speed_mph>60.0</speed_mph>
        </extensions>
      </trkpt>
      <trkpt lat="52.1949500" lon="NaN">
        <ele>0</ele>
        <time>2026-06-26T08:17:58.223Z</time>
        <name>863</name>
        <extensions>
          <speed_mps>26.822</speed_mps>
          <speed_mph>60.0</speed_mph>
        </extensions>
      </trkpt>
      <trkpt lat="52.1949500" lon="NaN">
        <ele>0</ele>
        <time>2026-06-26T08:17:59.189Z</time>
        <name>864</name>
        <extensions>
          <speed_mps>26.822</speed_mps>
          <speed_mph>60.0</speed_mph>
        </extensions>
      </trkpt>
      <trkpt lat="52.1948900" lon="NaN">
        <ele>0</ele>
        <time>2026-06-26T08:18:02.452Z</time>
        <name>865</name>
        <extensions>
          <speed_mps>26.822</speed_mps>
          <speed_mph>60.0</speed_mph>
        </extensions>
      </trkpt>
      <trkpt lat="52.1948900" lon="NaN">
        <ele>0</ele>
        <time>2026-06-26T08:18:02.807Z</time>
        <name>866</name>
        <extensions>
          <speed_mps>26.822</speed_mps>
          <speed_mph>60.0</speed_mph>
        </extensions>
      </trkpt>
      <trkpt lat="52.1948300" lon="NaN">
        <ele>0</ele>
        <time>2026-06-26T08:18:05.386Z</time>
        <name>867</name>
        <extensions>
          <speed_mps>26.822</speed_mps>
          <speed_mph>60.0</speed_mph>
        </extensions>
      </trkpt>
      <trkpt lat="52.1947900" lon="NaN">
        <ele>0</ele>
        <time>2026-06-26T08:18:08.846Z</time>
        <name>868</name>
        <extensions>
          <speed_mps>26.822</speed_mps>
          <speed_mph>60.0</speed_mph>
        </extensions>
      </trkpt>
      <trkpt lat="52.1947800" lon="NaN">
        <ele>0</ele>
        <time>2026-06-26T08:18:09.079Z</time>
        <name>869</name>
        <extensions>
          <speed_mps>26.822</speed_mps>
          <speed_mph>60.0</speed_mph>
        </extensions>
      </trkpt>
      <trkpt lat="52.1947600" lon="NaN">
        <ele>0</ele>
        <time>2026-06-26T08:18:10.327Z</time>
        <name>870</name>
        <extensions>
          <speed_mps>26.822</speed_mps>
          <speed_mph>60.0</speed_mph>
        </extensions>
      </trkpt>
      <trkpt lat="52.1946900" lon="NaN">
        <ele>0</ele>
        <time>2026-06-26T08:18:12.910Z</time>
        <name>871</name>
        <extensions>
          <speed_mps>26.822</speed_mps>
          <speed_mph>60.0</speed_mph>
        </extensions>
      </trkpt>
      <trkpt lat="52.1946900" lon="NaN">
        <ele>0</ele>
        <time>2026-06-26T08:18:13.291Z</time>
        <name>872</name>
        <extensions>
          <speed_mps>26.822</speed_mps>
          <speed_mph>60.0</speed_mph>
        </extensions>
      </trkpt>
      <trkpt lat="52.1945600" lon="NaN">
        <ele>0</ele>
        <time>2026-06-26T08:18:15.493Z</time>
        <name>873</name>
        <extensions>
          <speed_mps>26.822</speed_mps>
          <speed_mph>60.0</speed_mph>
        </extensions>
      </trkpt>
      <trkpt lat="52.1944300" lon="NaN">
        <ele>0</ele>
        <time>2026-06-26T08:18:17.254Z</time>
        <name>874</name>
        <extensions>
          <speed_mps>26.822</speed_mps>
          <speed_mph>60.0</speed_mph>
        </extensions>
      </trkpt>
      <trkpt lat="52.1944300" lon="NaN">
        <ele>0</ele>
        <time>2026-06-26T08:18:18.119Z</time>
        <name>875</name>
        <extensions>
          <speed_mps>26.822</speed_mps>
          <speed_mph>60.0</speed_mph>
        </extensions>
      </trkpt>
      <trkpt lat="52.1944500" lon="NaN">
        <ele>0</ele>
        <time>2026-06-26T08:18:18.459Z</time>
        <name>876</name>
        <extensions>
          <speed_mps>26.822</speed_mps>
          <speed_mph>60.0</speed_mph>
        </extensions>
      </trkpt>
      <trkpt lat="52.1944900" lon="NaN">
        <ele>0</ele>
        <time>2026-06-26T08:18:18.702Z</time>
        <name>877</name>
        <extensions>
          <speed_mps>26.822</speed_mps>
          <speed_mph>60.0</speed_mph>
        </extensions>
      </trkpt>
      <trkpt lat="52.1945200" lon="NaN">
        <ele>0</ele>
        <time>2026-06-26T08:18:19.226Z</time>
        <name>878</name>
        <extensions>
          <speed_mps>26.822</speed_mps>
          <speed_mph>60.0</speed_mph>
        </extensions>
      </trkpt>
      <trkpt lat="52.1948500" lon="NaN">
        <ele>0</ele>
        <time>2026-06-26T08:18:21.470Z</time>
        <name>879</name>
        <extensions>
          <speed_mps>26.822</speed_mps>
          <speed_mph>60.0</speed_mph>
        </extensions>
      </trkpt>
      <trkpt lat="52.1949300" lon="NaN">
        <ele>0</ele>
        <time>2026-06-26T08:18:22.098Z</time>
        <name>880</name>
        <extensions>
          <speed_mps>26.822</speed_mps>
          <speed_mph>60.0</speed_mph>
        </extensions>
      </trkpt>
      <trkpt lat="52.1949800" lon="NaN">
        <ele>0</ele>
        <time>2026-06-26T08:18:22.718Z</time>
        <name>881</name>
        <extensions>
          <speed_mps>26.822</speed_mps>
          <speed_mph>60.0</speed_mph>
        </extensions>
      </trkpt>
      <trkpt lat="52.1952800" lon="NaN">
        <ele>0</ele>
        <time>2026-06-26T08:18:27.263Z</time>
        <name>882</name>
        <extensions>
          <speed_mps>26.822</speed_mps>
          <speed_mph>60.0</speed_mph>
        </extensions>
      </trkpt>
      <trkpt lat="52.1954800" lon="NaN">
        <ele>0</ele>
        <time>2026-06-26T08:18:29.840Z</time>
        <name>883</name>
        <extensions>
          <speed_mps>26.822</speed_mps>
          <speed_mph>60.0</speed_mph>
        </extensions>
      </trkpt>
      <trkpt lat="52.1955600" lon="NaN">
        <ele>0</ele>
        <time>2026-06-26T08:18:30.741Z</time>
        <name>884</name>
        <extensions>
          <speed_mps>26.822</speed_mps>
          <speed_mph>60.0</speed_mph>
        </extensions>
      </trkpt>
      <trkpt lat="52.1957100" lon="NaN">
        <ele>0</ele>
        <time>2026-06-26T08:18:32.065Z</time>
        <name>885</name>
        <extensions>
          <speed_mps>26.822</speed_mps>
          <speed_mph>60.0</speed_mph>
        </extensions>
      </trkpt>
      <trkpt lat="52.1958700" lon="NaN">
        <ele>0</ele>
        <time>2026-06-26T08:18:33.613Z</time>
        <name>886</name>
        <extensions>
          <speed_mps>26.822</speed_mps>
          <speed_mph>60.0</speed_mph>
        </extensions>
      </trkpt>
      <trkpt lat="52.1963100" lon="NaN">
        <ele>0</ele>
        <time>2026-06-26T08:18:36.700Z</time>
        <name>887</name>
        <extensions>
          <speed_mps>26.822</speed_mps>
          <speed_mph>60.0</speed_mph>
        </extensions>
      </trkpt>
      <trkpt lat="52.1964000" lon="NaN">
        <ele>0</ele>
        <time>2026-06-26T08:18:37.290Z</time>
        <name>888</name>
        <extensions>
          <speed_mps>26.822</speed_mps>
          <speed_mph>60.0</speed_mph>
        </extensions>
      </trkpt>
      <trkpt lat="52.1965300" lon="NaN">
        <ele>0</ele>
        <time>2026-06-26T08:18:38.066Z</time>
        <name>889</name>
        <extensions>
          <speed_mps>26.822</speed_mps>
          <speed_mph>60.0</speed_mph>
        </extensions>
      </trkpt>
      <trkpt lat="52.1967600" lon="NaN">
        <ele>0</ele>
        <time>2026-06-26T08:18:39.536Z</time>
        <name>890</name>
        <extensions>
          <speed_mps>26.822</speed_mps>
          <speed_mph>60.0</speed_mph>
        </extensions>
      </trkpt>
      <trkpt lat="52.1967700" lon="NaN">
        <ele>0</ele>
        <time>2026-06-26T08:18:39.623Z</time>
        <name>891</name>
        <extensions>
          <speed_mps>26.822</speed_mps>
          <speed_mph>60.0</speed_mph>
        </extensions>
      </trkpt>
      <trkpt lat="52.1970800" lon="NaN">
        <ele>0</ele>
        <time>2026-06-26T08:18:41.360Z</time>
        <name>892</name>
        <extensions>
          <speed_mps>26.822</speed_mps>
          <speed_mph>60.0</speed_mph>
        </extensions>
      </trkpt>
      <trkpt lat="52.1975500" lon="NaN">
        <ele>0</ele>
        <time>2026-06-26T08:18:43.834Z</time>
        <name>893</name>
        <extensions>
          <speed_mps>26.822</speed_mps>
          <speed_mph>60.0</speed_mph>
        </extensions>
      </trkpt>
      <trkpt lat="52.1988700" lon="NaN">
        <ele>0</ele>
        <time>2026-06-26T08:18:50.651Z</time>
        <name>894</name>
        <extensions>
          <speed_mps>26.822</speed_mps>
          <speed_mph>60.0</speed_mph>
        </extensions>
      </trkpt>
      <trkpt lat="52.1997100" lon="NaN">
        <ele>0</ele>
        <time>2026-06-26T08:18:54.776Z</time>
        <name>895</name>
        <extensions>
          <speed_mps>26.822</speed_mps>
          <speed_mph>60.0</speed_mph>
        </extensions>
      </trkpt>
      <trkpt lat="52.1998700" lon="NaN">
        <ele>0</ele>
        <time>2026-06-26T08:18:55.517Z</time>
        <name>896</name>
        <extensions>
          <speed_mps>26.822</speed_mps>
          <speed_mph>60.0</speed_mph>
        </extensions>
      </trkpt>
      <trkpt lat="52.2002500" lon="NaN">
        <ele>0</ele>
        <time>2026-06-26T08:18:57.246Z</time>
        <name>897</name>
        <extensions>
          <speed_mps>26.822</speed_mps>
          <speed_mph>60.0</speed_mph>
        </extensions>
      </trkpt>
      <trkpt lat="52.2007000" lon="NaN">
        <ele>0</ele>
        <time>2026-06-26T08:18:59.251Z</time>
        <name>898</name>
        <extensions>
          <speed_mps>26.822</speed_mps>
          <speed_mph>60.0</speed_mph>
        </extensions>
      </trkpt>
      <trkpt lat="52.2009900" lon="NaN">
        <ele>0</ele>
        <time>2026-06-26T08:19:00.513Z</time>
        <name>899</name>
        <extensions>
          <speed_mps>26.822</speed_mps>
          <speed_mph>60.0</speed_mph>
        </extensions>
      </trkpt>
      <trkpt lat="52.2013600" lon="NaN">
        <ele>0</ele>
        <time>2026-06-26T08:19:02.093Z</time>
        <name>900</name>
        <extensions>
          <speed_mps>26.822</speed_mps>
          <speed_mph>60.0</speed_mph>
        </extensions>
      </trkpt>
      <trkpt lat="52.2015100" lon="NaN">
        <ele>0</ele>
        <time>2026-06-26T08:19:02.728Z</time>
        <name>901</name>
        <extensions>
          <speed_mps>26.822</speed_mps>
          <speed_mph>60.0</speed_mph>
        </extensions>
      </trkpt>
      <trkpt lat="52.2018600" lon="NaN">
        <ele>0</ele>
        <time>2026-06-26T08:19:04.197Z</time>
        <name>902</name>
        <extensions>
          <speed_mps>26.822</speed_mps>
          <speed_mph>60.0</speed_mph>
        </extensions>
      </trkpt>
      <trkpt lat="52.2020000" lon="NaN">
        <ele>0</ele>
        <time>2026-06-26T08:19:04.779Z</time>
        <name>903</name>
        <extensions>
          <speed_mps>26.822</speed_mps>
          <speed_mph>60.0</speed_mph>
        </extensions>
      </trkpt>
      <trkpt lat="52.2024600" lon="NaN">
        <ele>0</ele>
        <time>2026-06-26T08:19:06.689Z</time>
        <name>904</name>
        <extensions>
          <speed_mps>26.822</speed_mps>
          <speed_mph>60.0</speed_mph>
        </extensions>
      </trkpt>
      <trkpt lat="52.2024800" lon="NaN">
        <ele>0</ele>
        <time>2026-06-26T08:19:06.776Z</time>
        <name>905</name>
        <extensions>
          <speed_mps>26.822</speed_mps>
          <speed_mph>60.0</speed_mph>
        </extensions>
      </trkpt>
      <trkpt lat="52.2030600" lon="NaN">
        <ele>0</ele>
        <time>2026-06-26T08:19:09.181Z</time>
        <name>906</name>
        <extensions>
          <speed_mps>26.822</speed_mps>
          <speed_mph>60.0</speed_mph>
        </extensions>
      </trkpt>
      <trkpt lat="52.2031700" lon="NaN">
        <ele>0</ele>
        <time>2026-06-26T08:19:09.637Z</time>
        <name>907</name>
        <extensions>
          <speed_mps>26.822</speed_mps>
          <speed_mph>60.0</speed_mph>
        </extensions>
      </trkpt>
      <trkpt lat="52.2031900" lon="NaN">
        <ele>0</ele>
        <time>2026-06-26T08:19:09.735Z</time>
        <name>908</name>
        <extensions>
          <speed_mps>26.822</speed_mps>
          <speed_mph>60.0</speed_mph>
        </extensions>
      </trkpt>
      <trkpt lat="52.2032000" lon="NaN">
        <ele>0</ele>
        <time>2026-06-26T08:19:09.776Z</time>
        <name>909</name>
        <extensions>
          <speed_mps>26.822</speed_mps>
          <speed_mph>60.0</speed_mph>
        </extensions>
      </trkpt>
      <trkpt lat="52.2032200" lon="NaN">
        <ele>0</ele>
        <time>2026-06-26T08:19:09.889Z</time>
        <name>910</name>
        <extensions>
          <speed_mps>26.822</speed_mps>
          <speed_mph>60.0</speed_mph>
        </extensions>
      </trkpt>
      <trkpt lat="52.2034000" lon="NaN">
        <ele>0</ele>
        <time>2026-06-26T08:19:10.642Z</time>
        <name>911</name>
        <extensions>
          <speed_mps>26.822</speed_mps>
          <speed_mph>60.0</speed_mph>
        </extensions>
      </trkpt>
      <trkpt lat="52.2034200" lon="NaN">
        <ele>0</ele>
        <time>2026-06-26T08:19:10.728Z</time>
        <name>912</name>
        <extensions>
          <speed_mps>26.822</speed_mps>
          <speed_mph>60.0</speed_mph>
        </extensions>
      </trkpt>
      <trkpt lat="52.2036000" lon="NaN">
        <ele>0</ele>
        <time>2026-06-26T08:19:11.482Z</time>
        <name>913</name>
        <extensions>
          <speed_mps>26.822</speed_mps>
          <speed_mph>60.0</speed_mph>
        </extensions>
      </trkpt>
      <trkpt lat="52.2041000" lon="NaN">
        <ele>0</ele>
        <time>2026-06-26T08:19:13.589Z</time>
        <name>914</name>
        <extensions>
          <speed_mps>26.822</speed_mps>
          <speed_mph>60.0</speed_mph>
        </extensions>
      </trkpt>
      <trkpt lat="52.2050700" lon="NaN">
        <ele>0</ele>
        <time>2026-06-26T08:19:17.692Z</time>
        <name>915</name>
        <extensions>
          <speed_mps>26.822</speed_mps>
          <speed_mph>60.0</speed_mph>
        </extensions>
      </trkpt>
      <trkpt lat="52.2069200" lon="NaN">
        <ele>0</ele>
        <time>2026-06-26T08:19:25.487Z</time>
        <name>916</name>
        <extensions>
          <speed_mps>26.822</speed_mps>
          <speed_mph>60.0</speed_mph>
        </extensions>
      </trkpt>
      <trkpt lat="52.2078400" lon="NaN">
        <ele>0</ele>
        <time>2026-06-26T08:19:29.346Z</time>
        <name>917</name>
        <extensions>
          <speed_mps>26.822</speed_mps>
          <speed_mph>60.0</speed_mph>
        </extensions>
      </trkpt>
      <trkpt lat="52.2094900" lon="NaN">
        <ele>0</ele>
        <time>2026-06-26T08:19:36.250Z</time>
        <name>918</name>
        <extensions>
          <speed_mps>26.822</speed_mps>
          <speed_mph>60.0</speed_mph>
        </extensions>
      </trkpt>
      <trkpt lat="52.2109600" lon="NaN">
        <ele>0</ele>
        <time>2026-06-26T08:19:42.386Z</time>
        <name>919</name>
        <extensions>
          <speed_mps>26.822</speed_mps>
          <speed_mph>60.0</speed_mph>
        </extensions>
      </trkpt>
      <trkpt lat="52.2126200" lon="NaN">
        <ele>0</ele>
        <time>2026-06-26T08:19:49.304Z</time>
        <name>920</name>
        <extensions>
          <speed_mps>26.822</speed_mps>
          <speed_mph>60.0</speed_mph>
        </extensions>
      </trkpt>
      <trkpt lat="52.2128000" lon="NaN">
        <ele>0</ele>
        <time>2026-06-26T08:19:50.052Z</time>
        <name>921</name>
        <extensions>
          <speed_mps>26.822</speed_mps>
          <speed_mph>60.0</speed_mph>
        </extensions>
      </trkpt>
      <trkpt lat="52.2133500" lon="NaN">
        <ele>0</ele>
        <time>2026-06-26T08:19:52.344Z</time>
        <name>922</name>
        <extensions>
          <speed_mps>26.822</speed_mps>
          <speed_mph>60.0</speed_mph>
        </extensions>
      </trkpt>
      <trkpt lat="52.2138800" lon="NaN">
        <ele>0</ele>
        <time>2026-06-26T08:19:54.546Z</time>
        <name>923</name>
        <extensions>
          <speed_mps>26.822</speed_mps>
          <speed_mph>60.0</speed_mph>
        </extensions>
      </trkpt>
      <trkpt lat="52.2140600" lon="NaN">
        <ele>0</ele>
        <time>2026-06-26T08:19:55.296Z</time>
        <name>924</name>
        <extensions>
          <speed_mps>26.822</speed_mps>
          <speed_mph>60.0</speed_mph>
        </extensions>
      </trkpt>
      <trkpt lat="52.2154300" lon="NaN">
        <ele>0</ele>
        <time>2026-06-26T08:20:00.992Z</time>
        <name>925</name>
        <extensions>
          <speed_mps>26.822</speed_mps>
          <speed_mph>60.0</speed_mph>
        </extensions>
      </trkpt>
      <trkpt lat="52.2154900" lon="NaN">
        <ele>0</ele>
        <time>2026-06-26T08:20:01.241Z</time>
        <name>926</name>
        <extensions>
          <speed_mps>26.822</speed_mps>
          <speed_mph>60.0</speed_mph>
        </extensions>
      </trkpt>
      <trkpt lat="52.2158200" lon="NaN">
        <ele>0</ele>
        <time>2026-06-26T08:20:02.611Z</time>
        <name>927</name>
        <extensions>
          <speed_mps>26.822</speed_mps>
          <speed_mph>60.0</speed_mph>
        </extensions>
      </trkpt>
      <trkpt lat="52.2158500" lon="NaN">
        <ele>0</ele>
        <time>2026-06-26T08:20:02.738Z</time>
        <name>928</name>
        <extensions>
          <speed_mps>26.822</speed_mps>
          <speed_mph>60.0</speed_mph>
        </extensions>
      </trkpt>
      <trkpt lat="52.2178400" lon="NaN">
        <ele>0</ele>
        <time>2026-06-26T08:20:10.999Z</time>
        <name>929</name>
        <extensions>
          <speed_mps>26.822</speed_mps>
          <speed_mph>60.0</speed_mph>
        </extensions>
      </trkpt>
      <trkpt lat="52.2185700" lon="NaN">
        <ele>0</ele>
        <time>2026-06-26T08:20:14.025Z</time>
        <name>930</name>
        <extensions>
          <speed_mps>26.822</speed_mps>
          <speed_mph>60.0</speed_mph>
        </extensions>
      </trkpt>
      <trkpt lat="52.2186100" lon="NaN">
        <ele>0</ele>
        <time>2026-06-26T08:20:14.220Z</time>
        <name>931</name>
        <extensions>
          <speed_mps>26.822</speed_mps>
          <speed_mph>60.0</speed_mph>
        </extensions>
      </trkpt>
      <trkpt lat="52.2186200" lon="NaN">
        <ele>0</ele>
        <time>2026-06-26T08:20:14.261Z</time>
        <name>932</name>
        <extensions>
          <speed_mps>26.822</speed_mps>
          <speed_mph>60.0</speed_mph>
        </extensions>
      </trkpt>
      <trkpt lat="52.2186400" lon="NaN">
        <ele>0</ele>
        <time>2026-06-26T08:20:14.348Z</time>
        <name>933</name>
        <extensions>
          <speed_mps>26.822</speed_mps>
          <speed_mph>60.0</speed_mph>
        </extensions>
      </trkpt>
      <trkpt lat="52.2191000" lon="NaN">
        <ele>0</ele>
        <time>2026-06-26T08:20:16.258Z</time>
        <name>934</name>
        <extensions>
          <speed_mps>26.822</speed_mps>
          <speed_mph>60.0</speed_mph>
        </extensions>
      </trkpt>
      <trkpt lat="52.2200000" lon="NaN">
        <ele>0</ele>
        <time>2026-06-26T08:20:19.991Z</time>
        <name>935</name>
        <extensions>
          <speed_mps>26.822</speed_mps>
          <speed_mph>60.0</speed_mph>
        </extensions>
      </trkpt>
      <trkpt lat="52.2201000" lon="NaN">
        <ele>0</ele>
        <time>2026-06-26T08:20:20.405Z</time>
        <name>936</name>
        <extensions>
          <speed_mps>26.822</speed_mps>
          <speed_mph>60.0</speed_mph>
        </extensions>
      </trkpt>
      <trkpt lat="52.2202500" lon="NaN">
        <ele>0</ele>
        <time>2026-06-26T08:20:21.028Z</time>
        <name>937</name>
        <extensions>
          <speed_mps>26.822</speed_mps>
          <speed_mph>60.0</speed_mph>
        </extensions>
      </trkpt>
      <trkpt lat="52.2207700" lon="NaN">
        <ele>0</ele>
        <time>2026-06-26T08:20:23.183Z</time>
        <name>938</name>
        <extensions>
          <speed_mps>26.822</speed_mps>
          <speed_mph>60.0</speed_mph>
        </extensions>
      </trkpt>
      <trkpt lat="52.2212800" lon="NaN">
        <ele>0</ele>
        <time>2026-06-26T08:20:25.298Z</time>
        <name>939</name>
        <extensions>
          <speed_mps>26.822</speed_mps>
          <speed_mph>60.0</speed_mph>
        </extensions>
      </trkpt>
      <trkpt lat="52.2215000" lon="NaN">
        <ele>0</ele>
        <time>2026-06-26T08:20:26.212Z</time>
        <name>940</name>
        <extensions>
          <speed_mps>26.822</speed_mps>
          <speed_mph>60.0</speed_mph>
        </extensions>
      </trkpt>
      <trkpt lat="52.2215900" lon="NaN">
        <ele>0</ele>
        <time>2026-06-26T08:20:26.585Z</time>
        <name>941</name>
        <extensions>
          <speed_mps>26.822</speed_mps>
          <speed_mph>60.0</speed_mph>
        </extensions>
      </trkpt>
      <trkpt lat="52.2216600" lon="NaN">
        <ele>0</ele>
        <time>2026-06-26T08:20:26.876Z</time>
        <name>942</name>
        <extensions>
          <speed_mps>26.822</speed_mps>
          <speed_mph>60.0</speed_mph>
        </extensions>
      </trkpt>
      <trkpt lat="52.2218700" lon="NaN">
        <ele>0</ele>
        <time>2026-06-26T08:20:27.747Z</time>
        <name>943</name>
        <extensions>
          <speed_mps>26.822</speed_mps>
          <speed_mph>60.0</speed_mph>
        </extensions>
      </trkpt>
      <trkpt lat="52.2219800" lon="NaN">
        <ele>0</ele>
        <time>2026-06-26T08:20:28.206Z</time>
        <name>944</name>
        <extensions>
          <speed_mps>26.822</speed_mps>
          <speed_mph>60.0</speed_mph>
        </extensions>
      </trkpt>
      <trkpt lat="52.2220800" lon="NaN">
        <ele>0</ele>
        <time>2026-06-26T08:20:28.620Z</time>
        <name>945</name>
        <extensions>
          <speed_mps>26.822</speed_mps>
          <speed_mph>60.0</speed_mph>
        </extensions>
      </trkpt>
      <trkpt lat="52.2226100" lon="NaN">
        <ele>0</ele>
        <time>2026-06-26T08:20:30.821Z</time>
        <name>946</name>
        <extensions>
          <speed_mps>26.822</speed_mps>
          <speed_mph>60.0</speed_mph>
        </extensions>
      </trkpt>
      <trkpt lat="52.2226100" lon="NaN">
        <ele>0</ele>
        <time>2026-06-26T08:20:30.847Z</time>
        <name>947</name>
        <extensions>
          <speed_mps>26.822</speed_mps>
          <speed_mph>60.0</speed_mph>
        </extensions>
      </trkpt>
      <trkpt lat="52.2226600" lon="NaN">
        <ele>0</ele>
        <time>2026-06-26T08:20:31.067Z</time>
        <name>948</name>
        <extensions>
          <speed_mps>26.822</speed_mps>
          <speed_mph>60.0</speed_mph>
        </extensions>
      </trkpt>
      <trkpt lat="52.2237400" lon="NaN">
        <ele>0</ele>
        <time>2026-06-26T08:20:35.547Z</time>
        <name>949</name>
        <extensions>
          <speed_mps>26.822</speed_mps>
          <speed_mph>60.0</speed_mph>
        </extensions>
      </trkpt>
      <trkpt lat="52.2244300" lon="NaN">
        <ele>0</ele>
        <time>2026-06-26T08:20:38.408Z</time>
        <name>950</name>
        <extensions>
          <speed_mps>26.822</speed_mps>
          <speed_mph>60.0</speed_mph>
        </extensions>
      </trkpt>
      <trkpt lat="52.2244300" lon="NaN">
        <ele>0</ele>
        <time>2026-06-26T08:20:38.433Z</time>
        <name>951</name>
        <extensions>
          <speed_mps>26.822</speed_mps>
          <speed_mph>60.0</speed_mph>
        </extensions>
      </trkpt>
      <trkpt lat="52.2256900" lon="NaN">
        <ele>0</ele>
        <time>2026-06-26T08:20:43.666Z</time>
        <name>952</name>
        <extensions>
          <speed_mps>26.822</speed_mps>
          <speed_mph>60.0</speed_mph>
        </extensions>
      </trkpt>
      <trkpt lat="52.2257400" lon="NaN">
        <ele>0</ele>
        <time>2026-06-26T08:20:43.874Z</time>
        <name>953</name>
        <extensions>
          <speed_mps>26.822</speed_mps>
          <speed_mph>60.0</speed_mph>
        </extensions>
      </trkpt>
      <trkpt lat="52.2257800" lon="NaN">
        <ele>0</ele>
        <time>2026-06-26T08:20:44.040Z</time>
        <name>954</name>
        <extensions>
          <speed_mps>26.822</speed_mps>
          <speed_mph>60.0</speed_mph>
        </extensions>
      </trkpt>
      <trkpt lat="52.2260800" lon="NaN">
        <ele>0</ele>
        <time>2026-06-26T08:20:45.286Z</time>
        <name>955</name>
        <extensions>
          <speed_mps>26.822</speed_mps>
          <speed_mph>60.0</speed_mph>
        </extensions>
      </trkpt>
      <trkpt lat="52.2261200" lon="NaN">
        <ele>0</ele>
        <time>2026-06-26T08:20:45.454Z</time>
        <name>956</name>
        <extensions>
          <speed_mps>26.822</speed_mps>
          <speed_mph>60.0</speed_mph>
        </extensions>
      </trkpt>
      <trkpt lat="52.2268100" lon="NaN">
        <ele>0</ele>
        <time>2026-06-26T08:20:48.322Z</time>
        <name>957</name>
        <extensions>
          <speed_mps>26.822</speed_mps>
          <speed_mph>60.0</speed_mph>
        </extensions>
      </trkpt>
      <trkpt lat="52.2277300" lon="NaN">
        <ele>0</ele>
        <time>2026-06-26T08:20:52.152Z</time>
        <name>958</name>
        <extensions>
          <speed_mps>26.822</speed_mps>
          <speed_mph>60.0</speed_mph>
        </extensions>
      </trkpt>
      <trkpt lat="52.2277500" lon="NaN">
        <ele>0</ele>
        <time>2026-06-26T08:20:52.235Z</time>
        <name>959</name>
        <extensions>
          <speed_mps>26.822</speed_mps>
          <speed_mph>60.0</speed_mph>
        </extensions>
      </trkpt>
      <trkpt lat="52.2278900" lon="NaN">
        <ele>0</ele>
        <time>2026-06-26T08:20:52.818Z</time>
        <name>960</name>
        <extensions>
          <speed_mps>26.822</speed_mps>
          <speed_mph>60.0</speed_mph>
        </extensions>
      </trkpt>
      <trkpt lat="52.2279300" lon="NaN">
        <ele>0</ele>
        <time>2026-06-26T08:20:52.985Z</time>
        <name>961</name>
        <extensions>
          <speed_mps>26.822</speed_mps>
          <speed_mph>60.0</speed_mph>
        </extensions>
      </trkpt>
      <trkpt lat="52.2288300" lon="NaN">
        <ele>0</ele>
        <time>2026-06-26T08:20:56.733Z</time>
        <name>962</name>
        <extensions>
          <speed_mps>26.822</speed_mps>
          <speed_mph>60.0</speed_mph>
        </extensions>
      </trkpt>
      <trkpt lat="52.2297600" lon="NaN">
        <ele>0</ele>
        <time>2026-06-26T08:21:00.622Z</time>
        <name>963</name>
        <extensions>
          <speed_mps>26.822</speed_mps>
          <speed_mph>60.0</speed_mph>
        </extensions>
      </trkpt>
      <trkpt lat="52.2302100" lon="NaN">
        <ele>0</ele>
        <time>2026-06-26T08:21:02.512Z</time>
        <name>964</name>
        <extensions>
          <speed_mps>26.822</speed_mps>
          <speed_mph>60.0</speed_mph>
        </extensions>
      </trkpt>
      <trkpt lat="52.2302300" lon="NaN">
        <ele>0</ele>
        <time>2026-06-26T08:21:02.599Z</time>
        <name>965</name>
        <extensions>
          <speed_mps>26.822</speed_mps>
          <speed_mph>60.0</speed_mph>
        </extensions>
      </trkpt>
      <trkpt lat="52.2302500" lon="NaN">
        <ele>0</ele>
        <time>2026-06-26T08:21:02.682Z</time>
        <name>966</name>
        <extensions>
          <speed_mps>26.822</speed_mps>
          <speed_mph>60.0</speed_mph>
        </extensions>
      </trkpt>
      <trkpt lat="52.2307400" lon="NaN">
        <ele>0</ele>
        <time>2026-06-26T08:21:04.744Z</time>
        <name>967</name>
        <extensions>
          <speed_mps>26.822</speed_mps>
          <speed_mph>60.0</speed_mph>
        </extensions>
      </trkpt>
      <trkpt lat="52.2309400" lon="NaN">
        <ele>0</ele>
        <time>2026-06-26T08:21:05.592Z</time>
        <name>968</name>
        <extensions>
          <speed_mps>26.822</speed_mps>
          <speed_mph>60.0</speed_mph>
        </extensions>
      </trkpt>
      <trkpt lat="52.2310600" lon="NaN">
        <ele>0</ele>
        <time>2026-06-26T08:21:06.095Z</time>
        <name>969</name>
        <extensions>
          <speed_mps>26.822</speed_mps>
          <speed_mph>60.0</speed_mph>
        </extensions>
      </trkpt>
      <trkpt lat="52.2313500" lon="NaN">
        <ele>0</ele>
        <time>2026-06-26T08:21:07.324Z</time>
        <name>970</name>
        <extensions>
          <speed_mps>26.822</speed_mps>
          <speed_mph>60.0</speed_mph>
        </extensions>
      </trkpt>
      <trkpt lat="52.2322900" lon="NaN">
        <ele>0</ele>
        <time>2026-06-26T08:21:11.327Z</time>
        <name>971</name>
        <extensions>
          <speed_mps>26.822</speed_mps>
          <speed_mph>60.0</speed_mph>
        </extensions>
      </trkpt>
      <trkpt lat="52.2329200" lon="NaN">
        <ele>0</ele>
        <time>2026-06-26T08:21:14.034Z</time>
        <name>972</name>
        <extensions>
          <speed_mps>26.822</speed_mps>
          <speed_mph>60.0</speed_mph>
        </extensions>
      </trkpt>
      <trkpt lat="52.2335800" lon="NaN">
        <ele>0</ele>
        <time>2026-06-26T08:21:16.888Z</time>
        <name>973</name>
        <extensions>
          <speed_mps>26.822</speed_mps>
          <speed_mph>60.0</speed_mph>
        </extensions>
      </trkpt>
      <trkpt lat="52.2337200" lon="NaN">
        <ele>0</ele>
        <time>2026-06-26T08:21:17.503Z</time>
        <name>974</name>
        <extensions>
          <speed_mps>26.822</speed_mps>
          <speed_mph>60.0</speed_mph>
        </extensions>
      </trkpt>
      <trkpt lat="52.2341700" lon="NaN">
        <ele>0</ele>
        <time>2026-06-26T08:21:19.458Z</time>
        <name>975</name>
        <extensions>
          <speed_mps>26.822</speed_mps>
          <speed_mph>60.0</speed_mph>
        </extensions>
      </trkpt>
      <trkpt lat="52.2341900" lon="NaN">
        <ele>0</ele>
        <time>2026-06-26T08:21:19.555Z</time>
        <name>976</name>
        <extensions>
          <speed_mps>26.822</speed_mps>
          <speed_mph>60.0</speed_mph>
        </extensions>
      </trkpt>
      <trkpt lat="52.2347100" lon="NaN">
        <ele>0</ele>
        <time>2026-06-26T08:21:21.833Z</time>
        <name>977</name>
        <extensions>
          <speed_mps>26.822</speed_mps>
          <speed_mph>60.0</speed_mph>
        </extensions>
      </trkpt>
      <trkpt lat="52.2353800" lon="NaN">
        <ele>0</ele>
        <time>2026-06-26T08:21:24.799Z</time>
        <name>978</name>
        <extensions>
          <speed_mps>26.822</speed_mps>
          <speed_mph>60.0</speed_mph>
        </extensions>
      </trkpt>
      <trkpt lat="52.2362100" lon="NaN">
        <ele>0</ele>
        <time>2026-06-26T08:21:28.522Z</time>
        <name>979</name>
        <extensions>
          <speed_mps>26.822</speed_mps>
          <speed_mph>60.0</speed_mph>
        </extensions>
      </trkpt>
      <trkpt lat="52.2368600" lon="NaN">
        <ele>0</ele>
        <time>2026-06-26T08:21:31.479Z</time>
        <name>980</name>
        <extensions>
          <speed_mps>26.822</speed_mps>
          <speed_mph>60.0</speed_mph>
        </extensions>
      </trkpt>
      <trkpt lat="52.2368600" lon="NaN">
        <ele>0</ele>
        <time>2026-06-26T08:21:31.505Z</time>
        <name>981</name>
        <extensions>
          <speed_mps>26.822</speed_mps>
          <speed_mph>60.0</speed_mph>
        </extensions>
      </trkpt>
      <trkpt lat="52.2371700" lon="NaN">
        <ele>0</ele>
        <time>2026-06-26T08:21:32.916Z</time>
        <name>982</name>
        <extensions>
          <speed_mps>26.822</speed_mps>
          <speed_mph>60.0</speed_mph>
        </extensions>
      </trkpt>
      <trkpt lat="52.2371900" lon="NaN">
        <ele>0</ele>
        <time>2026-06-26T08:21:33.014Z</time>
        <name>983</name>
        <extensions>
          <speed_mps>26.822</speed_mps>
          <speed_mph>60.0</speed_mph>
        </extensions>
      </trkpt>
      <trkpt lat="52.2373500" lon="NaN">
        <ele>0</ele>
        <time>2026-06-26T08:21:33.744Z</time>
        <name>984</name>
        <extensions>
          <speed_mps>26.822</speed_mps>
          <speed_mph>60.0</speed_mph>
        </extensions>
      </trkpt>
      <trkpt lat="52.2373700" lon="NaN">
        <ele>0</ele>
        <time>2026-06-26T08:21:33.841Z</time>
        <name>985</name>
        <extensions>
          <speed_mps>26.822</speed_mps>
          <speed_mph>60.0</speed_mph>
        </extensions>
      </trkpt>
      <trkpt lat="52.2378000" lon="NaN">
        <ele>0</ele>
        <time>2026-06-26T08:21:35.833Z</time>
        <name>986</name>
        <extensions>
          <speed_mps>26.822</speed_mps>
          <speed_mph>60.0</speed_mph>
        </extensions>
      </trkpt>
      <trkpt lat="52.2385800" lon="NaN">
        <ele>0</ele>
        <time>2026-06-26T08:21:39.510Z</time>
        <name>987</name>
        <extensions>
          <speed_mps>26.822</speed_mps>
          <speed_mph>60.0</speed_mph>
        </extensions>
      </trkpt>
      <trkpt lat="52.2389700" lon="NaN">
        <ele>0</ele>
        <time>2026-06-26T08:21:41.393Z</time>
        <name>988</name>
        <extensions>
          <speed_mps>26.822</speed_mps>
          <speed_mph>60.0</speed_mph>
        </extensions>
      </trkpt>
      <trkpt lat="52.2392800" lon="NaN">
        <ele>0</ele>
        <time>2026-06-26T08:21:42.941Z</time>
        <name>989</name>
        <extensions>
          <speed_mps>26.822</speed_mps>
          <speed_mph>60.0</speed_mph>
        </extensions>
      </trkpt>
      <trkpt lat="52.2395200" lon="NaN">
        <ele>0</ele>
        <time>2026-06-26T08:21:44.194Z</time>
        <name>990</name>
        <extensions>
          <speed_mps>26.822</speed_mps>
          <speed_mph>60.0</speed_mph>
        </extensions>
      </trkpt>
      <trkpt lat="52.2396400" lon="NaN">
        <ele>0</ele>
        <time>2026-06-26T08:21:44.853Z</time>
        <name>991</name>
        <extensions>
          <speed_mps>26.822</speed_mps>
          <speed_mph>60.0</speed_mph>
        </extensions>
      </trkpt>
      <trkpt lat="52.2399400" lon="NaN">
        <ele>0</ele>
        <time>2026-06-26T08:21:46.594Z</time>
        <name>992</name>
        <extensions>
          <speed_mps>26.822</speed_mps>
          <speed_mph>60.0</speed_mph>
        </extensions>
      </trkpt>
      <trkpt lat="52.2401600" lon="NaN">
        <ele>0</ele>
        <time>2026-06-26T08:21:47.978Z</time>
        <name>993</name>
        <extensions>
          <speed_mps>26.822</speed_mps>
          <speed_mph>60.0</speed_mph>
        </extensions>
      </trkpt>
      <trkpt lat="52.2411300" lon="NaN">
        <ele>0</ele>
        <time>2026-06-26T08:21:54.415Z</time>
        <name>994</name>
        <extensions>
          <speed_mps>26.822</speed_mps>
          <speed_mph>60.0</speed_mph>
        </extensions>
      </trkpt>
      <trkpt lat="52.2411700" lon="NaN">
        <ele>0</ele>
        <time>2026-06-26T08:21:54.640Z</time>
        <name>995</name>
        <extensions>
          <speed_mps>26.822</speed_mps>
          <speed_mph>60.0</speed_mph>
        </extensions>
      </trkpt>
      <trkpt lat="52.2412900" lon="NaN">
        <ele>0</ele>
        <time>2026-06-26T08:21:55.388Z</time>
        <name>996</name>
        <extensions>
          <speed_mps>26.822</speed_mps>
          <speed_mph>60.0</speed_mph>
        </extensions>
      </trkpt>
      <trkpt lat="52.2415500" lon="NaN">
        <ele>0</ele>
        <time>2026-06-26T08:21:56.886Z</time>
        <name>997</name>
        <extensions>
          <speed_mps>26.822</speed_mps>
          <speed_mph>60.0</speed_mph>
        </extensions>
      </trkpt>
      <trkpt lat="52.2417000" lon="NaN">
        <ele>0</ele>
        <time>2026-06-26T08:21:57.706Z</time>
        <name>998</name>
        <extensions>
          <speed_mps>26.822</speed_mps>
          <speed_mph>60.0</speed_mph>
        </extensions>
      </trkpt>
      <trkpt lat="52.2420500" lon="NaN">
        <ele>0</ele>
        <time>2026-06-26T08:21:59.506Z</time>
        <name>999</name>
        <extensions>
          <speed_mps>26.822</speed_mps>
          <speed_mph>60.0</speed_mph>
        </extensions>
      </trkpt>
      <trkpt lat="52.2421800" lon="NaN">
        <ele>0</ele>
        <time>2026-06-26T08:22:00.138Z</time>
        <name>1000</name>
        <extensions>
          <speed_mps>26.822</speed_mps>
          <speed_mph>60.0</speed_mph>
        </extensions>
      </trkpt>
      <trkpt lat="52.2425500" lon="NaN">
        <ele>0</ele>
        <time>2026-06-26T08:22:01.886Z</time>
        <name>1001</name>
        <extensions>
          <speed_mps>26.822</speed_mps>
          <speed_mph>60.0</speed_mph>
        </extensions>
      </trkpt>
      <trkpt lat="52.2428400" lon="NaN">
        <ele>0</ele>
        <time>2026-06-26T08:22:03.201Z</time>
        <name>1002</name>
        <extensions>
          <speed_mps>26.822</speed_mps>
          <speed_mph>60.0</speed_mph>
        </extensions>
      </trkpt>
      <trkpt lat="52.2432100" lon="NaN">
        <ele>0</ele>
        <time>2026-06-26T08:22:04.817Z</time>
        <name>1003</name>
        <extensions>
          <speed_mps>26.822</speed_mps>
          <speed_mph>60.0</speed_mph>
        </extensions>
      </trkpt>
      <trkpt lat="52.2437100" lon="NaN">
        <ele>0</ele>
        <time>2026-06-26T08:22:06.970Z</time>
        <name>1004</name>
        <extensions>
          <speed_mps>26.822</speed_mps>
          <speed_mph>60.0</speed_mph>
        </extensions>
      </trkpt>
      <trkpt lat="52.2442700" lon="NaN">
        <ele>0</ele>
        <time>2026-06-26T08:22:09.352Z</time>
        <name>1005</name>
        <extensions>
          <speed_mps>26.822</speed_mps>
          <speed_mph>60.0</speed_mph>
        </extensions>
      </trkpt>
      <trkpt lat="52.2456700" lon="NaN">
        <ele>0</ele>
        <time>2026-06-26T08:22:15.282Z</time>
        <name>1006</name>
        <extensions>
          <speed_mps>26.822</speed_mps>
          <speed_mph>60.0</speed_mph>
        </extensions>
      </trkpt>
      <trkpt lat="52.2456800" lon="NaN">
        <ele>0</ele>
        <time>2026-06-26T08:22:15.331Z</time>
        <name>1007</name>
        <extensions>
          <speed_mps>26.822</speed_mps>
          <speed_mph>60.0</speed_mph>
        </extensions>
      </trkpt>
      <trkpt lat="52.2466200" lon="NaN">
        <ele>0</ele>
        <time>2026-06-26T08:22:19.317Z</time>
        <name>1008</name>
        <extensions>
          <speed_mps>26.822</speed_mps>
          <speed_mph>60.0</speed_mph>
        </extensions>
      </trkpt>
      <trkpt lat="52.2470300" lon="NaN">
        <ele>0</ele>
        <time>2026-06-26T08:22:21.084Z</time>
        <name>1009</name>
        <extensions>
          <speed_mps>26.822</speed_mps>
          <speed_mph>60.0</speed_mph>
        </extensions>
      </trkpt>
      <trkpt lat="52.2475900" lon="NaN">
        <ele>0</ele>
        <time>2026-06-26T08:22:23.527Z</time>
        <name>1010</name>
        <extensions>
          <speed_mps>26.822</speed_mps>
          <speed_mph>60.0</speed_mph>
        </extensions>
      </trkpt>
      <trkpt lat="52.2476100" lon="NaN">
        <ele>0</ele>
        <time>2026-06-26T08:22:23.624Z</time>
        <name>1011</name>
        <extensions>
          <speed_mps>26.822</speed_mps>
          <speed_mph>60.0</speed_mph>
        </extensions>
      </trkpt>
      <trkpt lat="52.2493900" lon="NaN">
        <ele>0</ele>
        <time>2026-06-26T08:22:31.436Z</time>
        <name>1012</name>
        <extensions>
          <speed_mps>26.822</speed_mps>
          <speed_mph>60.0</speed_mph>
        </extensions>
      </trkpt>
      <trkpt lat="52.2495100" lon="NaN">
        <ele>0</ele>
        <time>2026-06-26T08:22:31.956Z</time>
        <name>1013</name>
        <extensions>
          <speed_mps>26.822</speed_mps>
          <speed_mph>60.0</speed_mph>
        </extensions>
      </trkpt>
      <trkpt lat="52.2500100" lon="NaN">
        <ele>0</ele>
        <time>2026-06-26T08:22:34.147Z</time>
        <name>1014</name>
        <extensions>
          <speed_mps>26.822</speed_mps>
          <speed_mph>60.0</speed_mph>
        </extensions>
      </trkpt>
      <trkpt lat="52.2501300" lon="NaN">
        <ele>0</ele>
        <time>2026-06-26T08:22:34.685Z</time>
        <name>1015</name>
        <extensions>
          <speed_mps>26.822</speed_mps>
          <speed_mph>60.0</speed_mph>
        </extensions>
      </trkpt>
      <trkpt lat="52.2504200" lon="NaN">
        <ele>0</ele>
        <time>2026-06-26T08:22:35.962Z</time>
        <name>1016</name>
        <extensions>
          <speed_mps>26.822</speed_mps>
          <speed_mph>60.0</speed_mph>
        </extensions>
      </trkpt>
      <trkpt lat="52.2509300" lon="NaN">
        <ele>0</ele>
        <time>2026-06-26T08:22:38.255Z</time>
        <name>1017</name>
        <extensions>
          <speed_mps>26.822</speed_mps>
          <speed_mph>60.0</speed_mph>
        </extensions>
      </trkpt>
      <trkpt lat="52.2511400" lon="NaN">
        <ele>0</ele>
        <time>2026-06-26T08:22:39.239Z</time>
        <name>1018</name>
        <extensions>
          <speed_mps>26.822</speed_mps>
          <speed_mph>60.0</speed_mph>
        </extensions>
      </trkpt>
      <trkpt lat="52.2512300" lon="NaN">
        <ele>0</ele>
        <time>2026-06-26T08:22:39.642Z</time>
        <name>1019</name>
        <extensions>
          <speed_mps>26.822</speed_mps>
          <speed_mph>60.0</speed_mph>
        </extensions>
      </trkpt>
      <trkpt lat="52.2515900" lon="NaN">
        <ele>0</ele>
        <time>2026-06-26T08:22:41.306Z</time>
        <name>1020</name>
        <extensions>
          <speed_mps>26.822</speed_mps>
          <speed_mph>60.0</speed_mph>
        </extensions>
      </trkpt>
      <trkpt lat="52.2517400" lon="NaN">
        <ele>0</ele>
        <time>2026-06-26T08:22:41.987Z</time>
        <name>1021</name>
        <extensions>
          <speed_mps>26.822</speed_mps>
          <speed_mph>60.0</speed_mph>
        </extensions>
      </trkpt>
      <trkpt lat="52.2518800" lon="NaN">
        <ele>0</ele>
        <time>2026-06-26T08:22:42.655Z</time>
        <name>1022</name>
        <extensions>
          <speed_mps>26.822</speed_mps>
          <speed_mph>60.0</speed_mph>
        </extensions>
      </trkpt>
      <trkpt lat="52.2527500" lon="NaN">
        <ele>0</ele>
        <time>2026-06-26T08:22:46.642Z</time>
        <name>1023</name>
        <extensions>
          <speed_mps>26.822</speed_mps>
          <speed_mph>60.0</speed_mph>
        </extensions>
      </trkpt>
      <trkpt lat="52.2531500" lon="NaN">
        <ele>0</ele>
        <time>2026-06-26T08:22:48.457Z</time>
        <name>1024</name>
        <extensions>
          <speed_mps>26.822</speed_mps>
          <speed_mph>60.0</speed_mph>
        </extensions>
      </trkpt>
      <trkpt lat="52.2534700" lon="NaN">
        <ele>0</ele>
        <time>2026-06-26T08:22:49.927Z</time>
        <name>1025</name>
        <extensions>
          <speed_mps>26.822</speed_mps>
          <speed_mph>60.0</speed_mph>
        </extensions>
      </trkpt>
      <trkpt lat="52.2539300" lon="NaN">
        <ele>0</ele>
        <time>2026-06-26T08:22:52.010Z</time>
        <name>1026</name>
        <extensions>
          <speed_mps>26.822</speed_mps>
          <speed_mph>60.0</speed_mph>
        </extensions>
      </trkpt>
      <trkpt lat="52.2544500" lon="NaN">
        <ele>0</ele>
        <time>2026-06-26T08:22:54.404Z</time>
        <name>1027</name>
        <extensions>
          <speed_mps>26.822</speed_mps>
          <speed_mph>60.0</speed_mph>
        </extensions>
      </trkpt>
      <trkpt lat="52.2546100" lon="NaN">
        <ele>0</ele>
        <time>2026-06-26T08:22:55.156Z</time>
        <name>1028</name>
        <extensions>
          <speed_mps>26.822</speed_mps>
          <speed_mph>60.0</speed_mph>
        </extensions>
      </trkpt>
      <trkpt lat="52.2546700" lon="NaN">
        <ele>0</ele>
        <time>2026-06-26T08:22:55.425Z</time>
        <name>1029</name>
        <extensions>
          <speed_mps>26.822</speed_mps>
          <speed_mph>60.0</speed_mph>
        </extensions>
      </trkpt>
      <trkpt lat="52.2549600" lon="NaN">
        <ele>0</ele>
        <time>2026-06-26T08:22:56.796Z</time>
        <name>1030</name>
        <extensions>
          <speed_mps>26.822</speed_mps>
          <speed_mph>60.0</speed_mph>
        </extensions>
      </trkpt>
      <trkpt lat="52.2550600" lon="NaN">
        <ele>0</ele>
        <time>2026-06-26T08:22:57.258Z</time>
        <name>1031</name>
        <extensions>
          <speed_mps>26.822</speed_mps>
          <speed_mph>60.0</speed_mph>
        </extensions>
      </trkpt>
      <trkpt lat="52.2550900" lon="NaN">
        <ele>0</ele>
        <time>2026-06-26T08:22:57.404Z</time>
        <name>1032</name>
        <extensions>
          <speed_mps>26.822</speed_mps>
          <speed_mph>60.0</speed_mph>
        </extensions>
      </trkpt>
      <trkpt lat="52.2551200" lon="NaN">
        <ele>0</ele>
        <time>2026-06-26T08:22:57.538Z</time>
        <name>1033</name>
        <extensions>
          <speed_mps>26.822</speed_mps>
          <speed_mph>60.0</speed_mph>
        </extensions>
      </trkpt>
      <trkpt lat="52.2555400" lon="NaN">
        <ele>0</ele>
        <time>2026-06-26T08:22:59.553Z</time>
        <name>1034</name>
        <extensions>
          <speed_mps>26.822</speed_mps>
          <speed_mph>60.0</speed_mph>
        </extensions>
      </trkpt>
      <trkpt lat="52.2558800" lon="NaN">
        <ele>0</ele>
        <time>2026-06-26T08:23:01.247Z</time>
        <name>1035</name>
        <extensions>
          <speed_mps>26.822</speed_mps>
          <speed_mph>60.0</speed_mph>
        </extensions>
      </trkpt>
      <trkpt lat="52.2564300" lon="NaN">
        <ele>0</ele>
        <time>2026-06-26T08:23:04.122Z</time>
        <name>1036</name>
        <extensions>
          <speed_mps>26.822</speed_mps>
          <speed_mph>60.0</speed_mph>
        </extensions>
      </trkpt>
      <trkpt lat="52.2564400" lon="NaN">
        <ele>0</ele>
        <time>2026-06-26T08:23:04.187Z</time>
        <name>1037</name>
        <extensions>
          <speed_mps>26.822</speed_mps>
          <speed_mph>60.0</speed_mph>
        </extensions>
      </trkpt>
      <trkpt lat="52.2566200" lon="NaN">
        <ele>0</ele>
        <time>2026-06-26T08:23:05.151Z</time>
        <name>1038</name>
        <extensions>
          <speed_mps>26.822</speed_mps>
          <speed_mph>60.0</speed_mph>
        </extensions>
      </trkpt>
      <trkpt lat="52.2567400" lon="NaN">
        <ele>0</ele>
        <time>2026-06-26T08:23:05.843Z</time>
        <name>1039</name>
        <extensions>
          <speed_mps>26.822</speed_mps>
          <speed_mph>60.0</speed_mph>
        </extensions>
      </trkpt>
      <trkpt lat="52.2568900" lon="NaN">
        <ele>0</ele>
        <time>2026-06-26T08:23:06.788Z</time>
        <name>1040</name>
        <extensions>
          <speed_mps>26.822</speed_mps>
          <speed_mph>60.0</speed_mph>
        </extensions>
      </trkpt>
      <trkpt lat="52.2570000" lon="NaN">
        <ele>0</ele>
        <time>2026-06-26T08:23:07.528Z</time>
        <name>1041</name>
        <extensions>
          <speed_mps>26.822</speed_mps>
          <speed_mph>60.0</speed_mph>
        </extensions>
      </trkpt>
      <trkpt lat="52.2570400" lon="NaN">
        <ele>0</ele>
        <time>2026-06-26T08:23:07.853Z</time>
        <name>1042</name>
        <extensions>
          <speed_mps>26.822</speed_mps>
          <speed_mph>60.0</speed_mph>
        </extensions>
      </trkpt>
      <trkpt lat="52.2572600" lon="NaN">
        <ele>0</ele>
        <time>2026-06-26T08:23:09.457Z</time>
        <name>1043</name>
        <extensions>
          <speed_mps>26.822</speed_mps>
          <speed_mph>60.0</speed_mph>
        </extensions>
      </trkpt>
      <trkpt lat="52.2573600" lon="NaN">
        <ele>0</ele>
        <time>2026-06-26T08:23:10.280Z</time>
        <name>1044</name>
        <extensions>
          <speed_mps>26.822</speed_mps>
          <speed_mph>60.0</speed_mph>
        </extensions>
      </trkpt>
      <trkpt lat="52.2575500" lon="NaN">
        <ele>0</ele>
        <time>2026-06-26T08:23:11.626Z</time>
        <name>1045</name>
        <extensions>
          <speed_mps>26.822</speed_mps>
          <speed_mph>60.0</speed_mph>
        </extensions>
      </trkpt>
      <trkpt lat="52.2577200" lon="NaN">
        <ele>0</ele>
        <time>2026-06-26T08:23:12.701Z</time>
        <name>1046</name>
        <extensions>
          <speed_mps>26.822</speed_mps>
          <speed_mph>60.0</speed_mph>
        </extensions>
      </trkpt>
      <trkpt lat="52.2577800" lon="NaN">
        <ele>0</ele>
        <time>2026-06-26T08:23:13.022Z</time>
        <name>1047</name>
        <extensions>
          <speed_mps>26.822</speed_mps>
          <speed_mph>60.0</speed_mph>
        </extensions>
      </trkpt>
      <trkpt lat="52.2579100" lon="NaN">
        <ele>0</ele>
        <time>2026-06-26T08:23:13.762Z</time>
        <name>1048</name>
        <extensions>
          <speed_mps>26.822</speed_mps>
          <speed_mph>60.0</speed_mph>
        </extensions>
      </trkpt>
      <trkpt lat="52.2580100" lon="NaN">
        <ele>0</ele>
        <time>2026-06-26T08:23:14.277Z</time>
        <name>1049</name>
        <extensions>
          <speed_mps>26.822</speed_mps>
          <speed_mph>60.0</speed_mph>
        </extensions>
      </trkpt>
      <trkpt lat="52.2580300" lon="NaN">
        <ele>0</ele>
        <time>2026-06-26T08:23:14.389Z</time>
        <name>1050</name>
        <extensions>
          <speed_mps>26.822</speed_mps>
          <speed_mph>60.0</speed_mph>
        </extensions>
      </trkpt>
      <trkpt lat="52.2589000" lon="NaN">
        <ele>0</ele>
        <time>2026-06-26T08:23:18.858Z</time>
        <name>1051</name>
        <extensions>
          <speed_mps>26.822</speed_mps>
          <speed_mph>60.0</speed_mph>
        </extensions>
      </trkpt>
      <trkpt lat="52.2589600" lon="NaN">
        <ele>0</ele>
        <time>2026-06-26T08:23:19.180Z</time>
        <name>1052</name>
        <extensions>
          <speed_mps>26.822</speed_mps>
          <speed_mph>60.0</speed_mph>
        </extensions>
      </trkpt>
      <trkpt lat="52.2589800" lon="NaN">
        <ele>0</ele>
        <time>2026-06-26T08:23:19.266Z</time>
        <name>1053</name>
        <extensions>
          <speed_mps>26.822</speed_mps>
          <speed_mph>60.0</speed_mph>
        </extensions>
      </trkpt>
      <trkpt lat="52.2591600" lon="NaN">
        <ele>0</ele>
        <time>2026-06-26T08:23:20.214Z</time>
        <name>1054</name>
        <extensions>
          <speed_mps>26.822</speed_mps>
          <speed_mph>60.0</speed_mph>
        </extensions>
      </trkpt>
      <trkpt lat="52.2591900" lon="NaN">
        <ele>0</ele>
        <time>2026-06-26T08:23:20.359Z</time>
        <name>1055</name>
        <extensions>
          <speed_mps>26.822</speed_mps>
          <speed_mph>60.0</speed_mph>
        </extensions>
      </trkpt>
      <trkpt lat="52.2609100" lon="NaN">
        <ele>0</ele>
        <time>2026-06-26T08:23:29.201Z</time>
        <name>1056</name>
        <extensions>
          <speed_mps>26.822</speed_mps>
          <speed_mph>60.0</speed_mph>
        </extensions>
      </trkpt>
      <trkpt lat="52.2609900" lon="NaN">
        <ele>0</ele>
        <time>2026-06-26T08:23:29.590Z</time>
        <name>1057</name>
        <extensions>
          <speed_mps>26.822</speed_mps>
          <speed_mph>60.0</speed_mph>
        </extensions>
      </trkpt>
      <trkpt lat="52.2613100" lon="NaN">
        <ele>0</ele>
        <time>2026-06-26T08:23:31.200Z</time>
        <name>1058</name>
        <extensions>
          <speed_mps>26.822</speed_mps>
          <speed_mph>60.0</speed_mph>
        </extensions>
      </trkpt>
      <trkpt lat="52.2619100" lon="NaN">
        <ele>0</ele>
        <time>2026-06-26T08:23:34.143Z</time>
        <name>1059</name>
        <extensions>
          <speed_mps>26.822</speed_mps>
          <speed_mph>60.0</speed_mph>
        </extensions>
      </trkpt>
      <trkpt lat="52.2623200" lon="NaN">
        <ele>0</ele>
        <time>2026-06-26T08:23:36.050Z</time>
        <name>1060</name>
        <extensions>
          <speed_mps>26.822</speed_mps>
          <speed_mph>60.0</speed_mph>
        </extensions>
      </trkpt>
      <trkpt lat="52.2624100" lon="NaN">
        <ele>0</ele>
        <time>2026-06-26T08:23:36.487Z</time>
        <name>1061</name>
        <extensions>
          <speed_mps>26.822</speed_mps>
          <speed_mph>60.0</speed_mph>
        </extensions>
      </trkpt>
      <trkpt lat="52.2624800" lon="NaN">
        <ele>0</ele>
        <time>2026-06-26T08:23:36.804Z</time>
        <name>1062</name>
        <extensions>
          <speed_mps>26.822</speed_mps>
          <speed_mph>60.0</speed_mph>
        </extensions>
      </trkpt>
      <trkpt lat="52.2625300" lon="NaN">
        <ele>0</ele>
        <time>2026-06-26T08:23:37.061Z</time>
        <name>1063</name>
        <extensions>
          <speed_mps>26.822</speed_mps>
          <speed_mph>60.0</speed_mph>
        </extensions>
      </trkpt>
      <trkpt lat="52.2625800" lon="NaN">
        <ele>0</ele>
        <time>2026-06-26T08:23:37.292Z</time>
        <name>1064</name>
        <extensions>
          <speed_mps>26.822</speed_mps>
          <speed_mph>60.0</speed_mph>
        </extensions>
      </trkpt>
      <trkpt lat="52.2626800" lon="NaN">
        <ele>0</ele>
        <time>2026-06-26T08:23:37.778Z</time>
        <name>1065</name>
        <extensions>
          <speed_mps>26.822</speed_mps>
          <speed_mph>60.0</speed_mph>
        </extensions>
      </trkpt>
      <trkpt lat="52.2627800" lon="NaN">
        <ele>0</ele>
        <time>2026-06-26T08:23:38.292Z</time>
        <name>1066</name>
        <extensions>
          <speed_mps>26.822</speed_mps>
          <speed_mph>60.0</speed_mph>
        </extensions>
      </trkpt>
      <trkpt lat="52.2628600" lon="NaN">
        <ele>0</ele>
        <time>2026-06-26T08:23:38.681Z</time>
        <name>1067</name>
        <extensions>
          <speed_mps>26.822</speed_mps>
          <speed_mph>60.0</speed_mph>
        </extensions>
      </trkpt>
      <trkpt lat="52.2631000" lon="NaN">
        <ele>0</ele>
        <time>2026-06-26T08:23:39.904Z</time>
        <name>1068</name>
        <extensions>
          <speed_mps>26.822</speed_mps>
          <speed_mph>60.0</speed_mph>
        </extensions>
      </trkpt>
      <trkpt lat="52.2632900" lon="NaN">
        <ele>0</ele>
        <time>2026-06-26T08:23:40.899Z</time>
        <name>1069</name>
        <extensions>
          <speed_mps>26.822</speed_mps>
          <speed_mph>60.0</speed_mph>
        </extensions>
      </trkpt>
      <trkpt lat="52.2635200" lon="NaN">
        <ele>0</ele>
        <time>2026-06-26T08:23:42.044Z</time>
        <name>1070</name>
        <extensions>
          <speed_mps>26.822</speed_mps>
          <speed_mph>60.0</speed_mph>
        </extensions>
      </trkpt>
      <trkpt lat="52.2635900" lon="NaN">
        <ele>0</ele>
        <time>2026-06-26T08:23:42.372Z</time>
        <name>1071</name>
        <extensions>
          <speed_mps>26.822</speed_mps>
          <speed_mph>60.0</speed_mph>
        </extensions>
      </trkpt>
      <trkpt lat="52.2636100" lon="NaN">
        <ele>0</ele>
        <time>2026-06-26T08:23:42.459Z</time>
        <name>1072</name>
        <extensions>
          <speed_mps>26.822</speed_mps>
          <speed_mph>60.0</speed_mph>
        </extensions>
      </trkpt>
      <trkpt lat="52.2636700" lon="NaN">
        <ele>0</ele>
        <time>2026-06-26T08:23:42.750Z</time>
        <name>1073</name>
        <extensions>
          <speed_mps>26.822</speed_mps>
          <speed_mph>60.0</speed_mph>
        </extensions>
      </trkpt>
      <trkpt lat="52.2638000" lon="NaN">
        <ele>0</ele>
        <time>2026-06-26T08:23:43.336Z</time>
        <name>1074</name>
        <extensions>
          <speed_mps>26.822</speed_mps>
          <speed_mph>60.0</speed_mph>
        </extensions>
      </trkpt>
      <trkpt lat="52.2638300" lon="NaN">
        <ele>0</ele>
        <time>2026-06-26T08:23:43.463Z</time>
        <name>1075</name>
        <extensions>
          <speed_mps>26.822</speed_mps>
          <speed_mph>60.0</speed_mph>
        </extensions>
      </trkpt>
      <trkpt lat="52.2640800" lon="NaN">
        <ele>0</ele>
        <time>2026-06-26T08:23:44.550Z</time>
        <name>1076</name>
        <extensions>
          <speed_mps>26.822</speed_mps>
          <speed_mph>60.0</speed_mph>
        </extensions>
      </trkpt>
      <trkpt lat="52.2641800" lon="NaN">
        <ele>0</ele>
        <time>2026-06-26T08:23:44.992Z</time>
        <name>1077</name>
        <extensions>
          <speed_mps>26.822</speed_mps>
          <speed_mph>60.0</speed_mph>
        </extensions>
      </trkpt>
      <trkpt lat="52.2644700" lon="NaN">
        <ele>0</ele>
        <time>2026-06-26T08:23:46.253Z</time>
        <name>1078</name>
        <extensions>
          <speed_mps>26.822</speed_mps>
          <speed_mph>60.0</speed_mph>
        </extensions>
      </trkpt>
      <trkpt lat="52.2646200" lon="NaN">
        <ele>0</ele>
        <time>2026-06-26T08:23:46.915Z</time>
        <name>1079</name>
        <extensions>
          <speed_mps>26.822</speed_mps>
          <speed_mph>60.0</speed_mph>
        </extensions>
      </trkpt>
      <trkpt lat="52.2650500" lon="NaN">
        <ele>0</ele>
        <time>2026-06-26T08:23:48.854Z</time>
        <name>1080</name>
        <extensions>
          <speed_mps>26.822</speed_mps>
          <speed_mph>60.0</speed_mph>
        </extensions>
      </trkpt>
      <trkpt lat="52.2655100" lon="NaN">
        <ele>0</ele>
        <time>2026-06-26T08:23:50.907Z</time>
        <name>1081</name>
        <extensions>
          <speed_mps>26.822</speed_mps>
          <speed_mph>60.0</speed_mph>
        </extensions>
      </trkpt>
      <trkpt lat="52.2658500" lon="NaN">
        <ele>0</ele>
        <time>2026-06-26T08:23:52.463Z</time>
        <name>1082</name>
        <extensions>
          <speed_mps>26.822</speed_mps>
          <speed_mph>60.0</speed_mph>
        </extensions>
      </trkpt>
      <trkpt lat="52.2659500" lon="NaN">
        <ele>0</ele>
        <time>2026-06-26T08:23:52.949Z</time>
        <name>1083</name>
        <extensions>
          <speed_mps>26.822</speed_mps>
          <speed_mph>60.0</speed_mph>
        </extensions>
      </trkpt>
      <trkpt lat="52.2659900" lon="NaN">
        <ele>0</ele>
        <time>2026-06-26T08:23:53.158Z</time>
        <name>1084</name>
        <extensions>
          <speed_mps>26.822</speed_mps>
          <speed_mph>60.0</speed_mph>
        </extensions>
      </trkpt>
      <trkpt lat="52.2660300" lon="NaN">
        <ele>0</ele>
        <time>2026-06-26T08:23:53.353Z</time>
        <name>1085</name>
        <extensions>
          <speed_mps>26.822</speed_mps>
          <speed_mph>60.0</speed_mph>
        </extensions>
      </trkpt>
      <trkpt lat="52.2660600" lon="NaN">
        <ele>0</ele>
        <time>2026-06-26T08:23:53.530Z</time>
        <name>1086</name>
        <extensions>
          <speed_mps>26.822</speed_mps>
          <speed_mph>60.0</speed_mph>
        </extensions>
      </trkpt>
      <trkpt lat="52.2661500" lon="NaN">
        <ele>0</ele>
        <time>2026-06-26T08:23:53.996Z</time>
        <name>1087</name>
        <extensions>
          <speed_mps>26.822</speed_mps>
          <speed_mph>60.0</speed_mph>
        </extensions>
      </trkpt>
      <trkpt lat="52.2664700" lon="NaN">
        <ele>0</ele>
        <time>2026-06-26T08:23:55.763Z</time>
        <name>1088</name>
        <extensions>
          <speed_mps>26.822</speed_mps>
          <speed_mph>60.0</speed_mph>
        </extensions>
      </trkpt>
      <trkpt lat="52.2668900" lon="NaN">
        <ele>0</ele>
        <time>2026-06-26T08:23:57.994Z</time>
        <name>1089</name>
        <extensions>
          <speed_mps>26.822</speed_mps>
          <speed_mph>60.0</speed_mph>
        </extensions>
      </trkpt>
      <trkpt lat="52.2673200" lon="NaN">
        <ele>0</ele>
        <time>2026-06-26T08:24:00.197Z</time>
        <name>1090</name>
        <extensions>
          <speed_mps>26.822</speed_mps>
          <speed_mph>60.0</speed_mph>
        </extensions>
      </trkpt>
      <trkpt lat="52.2674600" lon="NaN">
        <ele>0</ele>
        <time>2026-06-26T08:24:00.891Z</time>
        <name>1091</name>
        <extensions>
          <speed_mps>26.822</speed_mps>
          <speed_mph>60.0</speed_mph>
        </extensions>
      </trkpt>
      <trkpt lat="52.2675000" lon="NaN">
        <ele>0</ele>
        <time>2026-06-26T08:24:01.100Z</time>
        <name>1092</name>
        <extensions>
          <speed_mps>26.822</speed_mps>
          <speed_mph>60.0</speed_mph>
        </extensions>
      </trkpt>
      <trkpt lat="52.2675200" lon="NaN">
        <ele>0</ele>
        <time>2026-06-26T08:24:01.197Z</time>
        <name>1093</name>
        <extensions>
          <speed_mps>26.822</speed_mps>
          <speed_mph>60.0</speed_mph>
        </extensions>
      </trkpt>
      <trkpt lat="52.2675600" lon="NaN">
        <ele>0</ele>
        <time>2026-06-26T08:24:01.422Z</time>
        <name>1094</name>
        <extensions>
          <speed_mps>26.822</speed_mps>
          <speed_mph>60.0</speed_mph>
        </extensions>
      </trkpt>
      <trkpt lat="52.2675700" lon="NaN">
        <ele>0</ele>
        <time>2026-06-26T08:24:01.509Z</time>
        <name>1095</name>
        <extensions>
          <speed_mps>26.822</speed_mps>
          <speed_mph>60.0</speed_mph>
        </extensions>
      </trkpt>
      <trkpt lat="52.2675900" lon="NaN">
        <ele>0</ele>
        <time>2026-06-26T08:24:01.622Z</time>
        <name>1096</name>
        <extensions>
          <speed_mps>26.822</speed_mps>
          <speed_mph>60.0</speed_mph>
        </extensions>
      </trkpt>
      <trkpt lat="52.2676500" lon="NaN">
        <ele>0</ele>
        <time>2026-06-26T08:24:02.098Z</time>
        <name>1097</name>
        <extensions>
          <speed_mps>26.822</speed_mps>
          <speed_mph>60.0</speed_mph>
        </extensions>
      </trkpt>
      <trkpt lat="52.2676800" lon="NaN">
        <ele>0</ele>
        <time>2026-06-26T08:24:02.450Z</time>
        <name>1098</name>
        <extensions>
          <speed_mps>26.822</speed_mps>
          <speed_mph>60.0</speed_mph>
        </extensions>
      </trkpt>
      <trkpt lat="52.2677000" lon="NaN">
        <ele>0</ele>
        <time>2026-06-26T08:24:02.815Z</time>
        <name>1099</name>
        <extensions>
          <speed_mps>26.822</speed_mps>
          <speed_mph>60.0</speed_mph>
        </extensions>
      </trkpt>
      <trkpt lat="52.2677000" lon="NaN">
        <ele>0</ele>
        <time>2026-06-26T08:24:03.728Z</time>
        <name>1100</name>
        <extensions>
          <speed_mps>26.822</speed_mps>
          <speed_mph>60.0</speed_mph>
        </extensions>
      </trkpt>
      <trkpt lat="52.2676500" lon="NaN">
        <ele>0</ele>
        <time>2026-06-26T08:24:05.794Z</time>
        <name>1101</name>
        <extensions>
          <speed_mps>26.822</speed_mps>
          <speed_mph>60.0</speed_mph>
        </extensions>
      </trkpt>
      <trkpt lat="52.2675800" lon="NaN">
        <ele>0</ele>
        <time>2026-06-26T08:24:05.903Z</time>
        <name>1102</name>
        <extensions>
          <speed_mps>26.822</speed_mps>
          <speed_mph>60.0</speed_mph>
        </extensions>
      </trkpt>
      <trkpt lat="52.2675100" lon="NaN">
        <ele>0</ele>
        <time>2026-06-26T08:24:06.286Z</time>
        <name>1103</name>
        <extensions>
          <speed_mps>26.822</speed_mps>
          <speed_mph>60.0</speed_mph>
        </extensions>
      </trkpt>
      <trkpt lat="52.2674300" lon="NaN">
        <ele>0</ele>
        <time>2026-06-26T08:24:06.505Z</time>
        <name>1104</name>
        <extensions>
          <speed_mps>26.822</speed_mps>
          <speed_mph>60.0</speed_mph>
        </extensions>
      </trkpt>
      <trkpt lat="52.2673500" lon="NaN">
        <ele>0</ele>
        <time>2026-06-26T08:24:06.945Z</time>
        <name>1105</name>
        <extensions>
          <speed_mps>26.822</speed_mps>
          <speed_mph>60.0</speed_mph>
        </extensions>
      </trkpt>
      <trkpt lat="52.2671200" lon="NaN">
        <ele>0</ele>
        <time>2026-06-26T08:24:08.855Z</time>
        <name>1106</name>
        <extensions>
          <speed_mps>26.822</speed_mps>
          <speed_mph>60.0</speed_mph>
        </extensions>
      </trkpt>
      <trkpt lat="52.2670400" lon="NaN">
        <ele>0</ele>
        <time>2026-06-26T08:24:09.220Z</time>
        <name>1107</name>
        <extensions>
          <speed_mps>26.822</speed_mps>
          <speed_mph>60.0</speed_mph>
        </extensions>
      </trkpt>
      <trkpt lat="52.2669700" lon="NaN">
        <ele>0</ele>
        <time>2026-06-26T08:24:09.269Z</time>
        <name>1108</name>
        <extensions>
          <speed_mps>26.822</speed_mps>
          <speed_mph>60.0</speed_mph>
        </extensions>
      </trkpt>
      <trkpt lat="52.2669100" lon="NaN">
        <ele>0</ele>
        <time>2026-06-26T08:24:09.446Z</time>
        <name>1109</name>
        <extensions>
          <speed_mps>26.822</speed_mps>
          <speed_mph>60.0</speed_mph>
        </extensions>
      </trkpt>
      <trkpt lat="52.2668400" lon="NaN">
        <ele>0</ele>
        <time>2026-06-26T08:24:09.604Z</time>
        <name>1110</name>
        <extensions>
          <speed_mps>26.822</speed_mps>
          <speed_mph>60.0</speed_mph>
        </extensions>
      </trkpt>
      <trkpt lat="52.2667800" lon="NaN">
        <ele>0</ele>
        <time>2026-06-26T08:24:09.782Z</time>
        <name>1111</name>
        <extensions>
          <speed_mps>26.822</speed_mps>
          <speed_mph>60.0</speed_mph>
        </extensions>
      </trkpt>
      <trkpt lat="52.2667000" lon="NaN">
        <ele>0</ele>
        <time>2026-06-26T08:24:10.196Z</time>
        <name>1112</name>
        <extensions>
          <speed_mps>26.822</speed_mps>
          <speed_mph>60.0</speed_mph>
        </extensions>
      </trkpt>
      <trkpt lat="52.2666400" lon="NaN">
        <ele>0</ele>
        <time>2026-06-26T08:24:10.983Z</time>
        <name>1113</name>
        <extensions>
          <speed_mps>26.822</speed_mps>
          <speed_mph>60.0</speed_mph>
        </extensions>
      </trkpt>
      <trkpt lat="52.2665900" lon="NaN">
        <ele>0</ele>
        <time>2026-06-26T08:24:11.340Z</time>
        <name>1114</name>
        <extensions>
          <speed_mps>26.822</speed_mps>
          <speed_mph>60.0</speed_mph>
        </extensions>
      </trkpt>
      <trkpt lat="52.2665400" lon="NaN">
        <ele>0</ele>
        <time>2026-06-26T08:24:11.406Z</time>
        <name>1115</name>
        <extensions>
          <speed_mps>26.822</speed_mps>
          <speed_mph>60.0</speed_mph>
        </extensions>
      </trkpt>
      <trkpt lat="52.2664900" lon="NaN">
        <ele>0</ele>
        <time>2026-06-26T08:24:11.713Z</time>
        <name>1116</name>
        <extensions>
          <speed_mps>26.822</speed_mps>
          <speed_mph>60.0</speed_mph>
        </extensions>
      </trkpt>
      <trkpt lat="52.2664600" lon="NaN">
        <ele>0</ele>
        <time>2026-06-26T08:24:12.162Z</time>
        <name>1117</name>
        <extensions>
          <speed_mps>26.822</speed_mps>
          <speed_mph>60.0</speed_mph>
        </extensions>
      </trkpt>
      <trkpt lat="52.2664800" lon="NaN">
        <ele>0</ele>
        <time>2026-06-26T08:24:12.595Z</time>
        <name>1118</name>
        <extensions>
          <speed_mps>26.822</speed_mps>
          <speed_mph>60.0</speed_mph>
        </extensions>
      </trkpt>
      <trkpt lat="52.2664400" lon="NaN">
        <ele>0</ele>
        <time>2026-06-26T08:24:12.726Z</time>
        <name>1119</name>
        <extensions>
          <speed_mps>26.822</speed_mps>
          <speed_mph>60.0</speed_mph>
        </extensions>
      </trkpt>
      <trkpt lat="52.2664100" lon="NaN">
        <ele>0</ele>
        <time>2026-06-26T08:24:12.872Z</time>
        <name>1120</name>
        <extensions>
          <speed_mps>26.822</speed_mps>
          <speed_mph>60.0</speed_mph>
        </extensions>
      </trkpt>
      <trkpt lat="52.2663900" lon="NaN">
        <ele>0</ele>
        <time>2026-06-26T08:24:13.055Z</time>
        <name>1121</name>
        <extensions>
          <speed_mps>26.822</speed_mps>
          <speed_mph>60.0</speed_mph>
        </extensions>
      </trkpt>
      <trkpt lat="52.2663800" lon="NaN">
        <ele>0</ele>
        <time>2026-06-26T08:24:13.298Z</time>
        <name>1122</name>
        <extensions>
          <speed_mps>26.822</speed_mps>
          <speed_mph>60.0</speed_mph>
        </extensions>
      </trkpt>
      <trkpt lat="52.2663300" lon="NaN">
        <ele>0</ele>
        <time>2026-06-26T08:24:13.346Z</time>
        <name>1123</name>
        <extensions>
          <speed_mps>26.822</speed_mps>
          <speed_mph>60.0</speed_mph>
        </extensions>
      </trkpt>
      <trkpt lat="52.2663100" lon="NaN">
        <ele>0</ele>
        <time>2026-06-26T08:24:13.514Z</time>
        <name>1124</name>
        <extensions>
          <speed_mps>26.822</speed_mps>
          <speed_mph>60.0</speed_mph>
        </extensions>
      </trkpt>
      <trkpt lat="52.2662900" lon="NaN">
        <ele>0</ele>
        <time>2026-06-26T08:24:13.682Z</time>
        <name>1125</name>
        <extensions>
          <speed_mps>26.822</speed_mps>
          <speed_mph>60.0</speed_mph>
        </extensions>
      </trkpt>
      <trkpt lat="52.2662700" lon="NaN">
        <ele>0</ele>
        <time>2026-06-26T08:24:13.855Z</time>
        <name>1126</name>
        <extensions>
          <speed_mps>26.822</speed_mps>
          <speed_mph>60.0</speed_mph>
        </extensions>
      </trkpt>
      <trkpt lat="52.2662400" lon="NaN">
        <ele>0</ele>
        <time>2026-06-26T08:24:13.990Z</time>
        <name>1127</name>
        <extensions>
          <speed_mps>26.822</speed_mps>
          <speed_mph>60.0</speed_mph>
        </extensions>
      </trkpt>
      <trkpt lat="52.2662400" lon="NaN">
        <ele>0</ele>
        <time>2026-06-26T08:24:14.311Z</time>
        <name>1128</name>
        <extensions>
          <speed_mps>26.822</speed_mps>
          <speed_mph>60.0</speed_mph>
        </extensions>
      </trkpt>
      <trkpt lat="52.2662200" lon="NaN">
        <ele>0</ele>
        <time>2026-06-26T08:24:14.635Z</time>
        <name>1129</name>
        <extensions>
          <speed_mps>26.822</speed_mps>
          <speed_mph>60.0</speed_mph>
        </extensions>
      </trkpt>
      <trkpt lat="52.2661700" lon="NaN">
        <ele>0</ele>
        <time>2026-06-26T08:24:14.793Z</time>
        <name>1130</name>
        <extensions>
          <speed_mps>26.822</speed_mps>
          <speed_mph>60.0</speed_mph>
        </extensions>
      </trkpt>
      <trkpt lat="52.2661100" lon="NaN">
        <ele>0</ele>
        <time>2026-06-26T08:24:15.123Z</time>
        <name>1131</name>
        <extensions>
          <speed_mps>26.822</speed_mps>
          <speed_mph>60.0</speed_mph>
        </extensions>
      </trkpt>
      <trkpt lat="52.2660400" lon="NaN">
        <ele>0</ele>
        <time>2026-06-26T08:24:15.281Z</time>
        <name>1132</name>
        <extensions>
          <speed_mps>26.822</speed_mps>
          <speed_mph>60.0</speed_mph>
        </extensions>
      </trkpt>
      <trkpt lat="52.2659600" lon="NaN">
        <ele>0</ele>
        <time>2026-06-26T08:24:15.432Z</time>
        <name>1133</name>
        <extensions>
          <speed_mps>26.822</speed_mps>
          <speed_mph>60.0</speed_mph>
        </extensions>
      </trkpt>
      <trkpt lat="52.2659000" lon="NaN">
        <ele>0</ele>
        <time>2026-06-26T08:24:15.458Z</time>
        <name>1134</name>
        <extensions>
          <speed_mps>26.822</speed_mps>
          <speed_mph>60.0</speed_mph>
        </extensions>
      </trkpt>
      <trkpt lat="52.2657900" lon="NaN">
        <ele>0</ele>
        <time>2026-06-26T08:24:15.766Z</time>
        <name>1135</name>
        <extensions>
          <speed_mps>26.822</speed_mps>
          <speed_mph>60.0</speed_mph>
        </extensions>
      </trkpt>
      <trkpt lat="52.2656700" lon="NaN">
        <ele>0</ele>
        <time>2026-06-26T08:24:16.058Z</time>
        <name>1136</name>
        <extensions>
          <speed_mps>26.822</speed_mps>
          <speed_mph>60.0</speed_mph>
        </extensions>
      </trkpt>
      <trkpt lat="52.2655700" lon="NaN">
        <ele>0</ele>
        <time>2026-06-26T08:24:16.231Z</time>
        <name>1137</name>
        <extensions>
          <speed_mps>26.822</speed_mps>
          <speed_mph>60.0</speed_mph>
        </extensions>
      </trkpt>
      <trkpt lat="52.2654300" lon="NaN">
        <ele>0</ele>
        <time>2026-06-26T08:24:16.563Z</time>
        <name>1138</name>
        <extensions>
          <speed_mps>26.822</speed_mps>
          <speed_mph>60.0</speed_mph>
        </extensions>
      </trkpt>
      <trkpt lat="52.2653400" lon="NaN">
        <ele>0</ele>
        <time>2026-06-26T08:24:16.697Z</time>
        <name>1139</name>
        <extensions>
          <speed_mps>26.822</speed_mps>
          <speed_mph>60.0</speed_mph>
        </extensions>
      </trkpt>
      <trkpt lat="52.2651900" lon="NaN">
        <ele>0</ele>
        <time>2026-06-26T08:24:17.074Z</time>
        <name>1140</name>
        <extensions>
          <speed_mps>26.822</speed_mps>
          <speed_mph>60.0</speed_mph>
        </extensions>
      </trkpt>
      <trkpt lat="52.2650900" lon="NaN">
        <ele>0</ele>
        <time>2026-06-26T08:24:17.247Z</time>
        <name>1141</name>
        <extensions>
          <speed_mps>26.822</speed_mps>
          <speed_mph>60.0</speed_mph>
        </extensions>
      </trkpt>
      <trkpt lat="52.2649700" lon="NaN">
        <ele>0</ele>
        <time>2026-06-26T08:24:17.501Z</time>
        <name>1142</name>
        <extensions>
          <speed_mps>26.822</speed_mps>
          <speed_mph>60.0</speed_mph>
        </extensions>
      </trkpt>
      <trkpt lat="52.2648700" lon="NaN">
        <ele>0</ele>
        <time>2026-06-26T08:24:17.683Z</time>
        <name>1143</name>
        <extensions>
          <speed_mps>26.822</speed_mps>
          <speed_mph>60.0</speed_mph>
        </extensions>
      </trkpt>
      <trkpt lat="52.2647300" lon="NaN">
        <ele>0</ele>
        <time>2026-06-26T08:24:18.024Z</time>
        <name>1144</name>
        <extensions>
          <speed_mps>26.822</speed_mps>
          <speed_mph>60.0</speed_mph>
        </extensions>
      </trkpt>
      <trkpt lat="52.2645200" lon="NaN">
        <ele>0</ele>
        <time>2026-06-26T08:24:18.727Z</time>
        <name>1145</name>
        <extensions>
          <speed_mps>26.822</speed_mps>
          <speed_mph>60.0</speed_mph>
        </extensions>
      </trkpt>
      <trkpt lat="52.2643500" lon="NaN">
        <ele>0</ele>
        <time>2026-06-26T08:24:19.262Z</time>
        <name>1146</name>
        <extensions>
          <speed_mps>26.822</speed_mps>
          <speed_mph>60.0</speed_mph>
        </extensions>
      </trkpt>
      <trkpt lat="52.2641200" lon="NaN">
        <ele>0</ele>
        <time>2026-06-26T08:24:20.116Z</time>
        <name>1147</name>
        <extensions>
          <speed_mps>26.822</speed_mps>
          <speed_mph>60.0</speed_mph>
        </extensions>
      </trkpt>
      <trkpt lat="52.2638800" lon="NaN">
        <ele>0</ele>
        <time>2026-06-26T08:24:21.048Z</time>
        <name>1148</name>
        <extensions>
          <speed_mps>26.822</speed_mps>
          <speed_mph>60.0</speed_mph>
        </extensions>
      </trkpt>
      <trkpt lat="52.2637800" lon="NaN">
        <ele>0</ele>
        <time>2026-06-26T08:24:21.273Z</time>
        <name>1149</name>
        <extensions>
          <speed_mps>26.822</speed_mps>
          <speed_mph>60.0</speed_mph>
        </extensions>
      </trkpt>
      <trkpt lat="52.2635500" lon="NaN">
        <ele>0</ele>
        <time>2026-06-26T08:24:22.329Z</time>
        <name>1150</name>
        <extensions>
          <speed_mps>26.822</speed_mps>
          <speed_mph>60.0</speed_mph>
        </extensions>
      </trkpt>
      <trkpt lat="52.2634800" lon="NaN">
        <ele>0</ele>
        <time>2026-06-26T08:24:22.462Z</time>
        <name>1151</name>
        <extensions>
          <speed_mps>26.822</speed_mps>
          <speed_mph>60.0</speed_mph>
        </extensions>
      </trkpt>
      <trkpt lat="52.2633600" lon="NaN">
        <ele>0</ele>
        <time>2026-06-26T08:24:23.593Z</time>
        <name>1152</name>
        <extensions>
          <speed_mps>26.822</speed_mps>
          <speed_mph>60.0</speed_mph>
        </extensions>
      </trkpt>
      <trkpt lat="52.2633100" lon="NaN">
        <ele>0</ele>
        <time>2026-06-26T08:24:24.188Z</time>
        <name>1153</name>
        <extensions>
          <speed_mps>26.822</speed_mps>
          <speed_mph>60.0</speed_mph>
        </extensions>
      </trkpt>
      <trkpt lat="52.2631100" lon="NaN">
        <ele>0</ele>
        <time>2026-06-26T08:24:25.661Z</time>
        <name>1154</name>
        <extensions>
          <speed_mps>26.822</speed_mps>
          <speed_mph>60.0</speed_mph>
        </extensions>
      </trkpt>
      <trkpt lat="52.2631100" lon="NaN">
        <ele>0</ele>
        <time>2026-06-26T08:24:25.687Z</time>
        <name>1155</name>
        <extensions>
          <speed_mps>26.822</speed_mps>
          <speed_mph>60.0</speed_mph>
        </extensions>
      </trkpt>
      <trkpt lat="52.2629200" lon="NaN">
        <ele>0</ele>
        <time>2026-06-26T08:24:26.952Z</time>
        <name>1156</name>
        <extensions>
          <speed_mps>26.822</speed_mps>
          <speed_mph>60.0</speed_mph>
        </extensions>
      </trkpt>
      <trkpt lat="52.2628800" lon="NaN">
        <ele>0</ele>
        <time>2026-06-26T08:24:27.255Z</time>
        <name>1157</name>
        <extensions>
          <speed_mps>26.822</speed_mps>
          <speed_mph>60.0</speed_mph>
        </extensions>
      </trkpt>
      <trkpt lat="52.2628500" lon="NaN">
        <ele>0</ele>
        <time>2026-06-26T08:24:27.451Z</time>
        <name>1158</name>
        <extensions>
          <speed_mps>26.822</speed_mps>
          <speed_mph>60.0</speed_mph>
        </extensions>
      </trkpt>
      <trkpt lat="52.2628200" lon="NaN">
        <ele>0</ele>
        <time>2026-06-26T08:24:27.689Z</time>
        <name>1159</name>
        <extensions>
          <speed_mps>26.822</speed_mps>
          <speed_mph>60.0</speed_mph>
        </extensions>
      </trkpt>
      <trkpt lat="52.2627800" lon="NaN">
        <ele>0</ele>
        <time>2026-06-26T08:24:27.951Z</time>
        <name>1160</name>
        <extensions>
          <speed_mps>26.822</speed_mps>
          <speed_mph>60.0</speed_mph>
        </extensions>
      </trkpt>
      <trkpt lat="52.2627300" lon="NaN">
        <ele>0</ele>
        <time>2026-06-26T08:24:28.341Z</time>
        <name>1161</name>
        <extensions>
          <speed_mps>26.822</speed_mps>
          <speed_mph>60.0</speed_mph>
        </extensions>
      </trkpt>
      <trkpt lat="52.2626900" lon="NaN">
        <ele>0</ele>
        <time>2026-06-26T08:24:28.780Z</time>
        <name>1162</name>
        <extensions>
          <speed_mps>26.822</speed_mps>
          <speed_mph>60.0</speed_mph>
        </extensions>
      </trkpt>
      <trkpt lat="52.2626400" lon="NaN">
        <ele>0</ele>
        <time>2026-06-26T08:24:29.471Z</time>
        <name>1163</name>
        <extensions>
          <speed_mps>26.822</speed_mps>
          <speed_mph>60.0</speed_mph>
        </extensions>
      </trkpt>
      <trkpt lat="52.2626300" lon="NaN">
        <ele>0</ele>
        <time>2026-06-26T08:24:29.520Z</time>
        <name>1164</name>
        <extensions>
          <speed_mps>26.822</speed_mps>
          <speed_mph>60.0</speed_mph>
        </extensions>
      </trkpt>
      <trkpt lat="52.2626000" lon="NaN">
        <ele>0</ele>
        <time>2026-06-26T08:24:29.993Z</time>
        <name>1165</name>
        <extensions>
          <speed_mps>26.822</speed_mps>
          <speed_mph>60.0</speed_mph>
        </extensions>
      </trkpt>
      <trkpt lat="52.2625600" lon="NaN">
        <ele>0</ele>
        <time>2026-06-26T08:24:30.455Z</time>
        <name>1166</name>
        <extensions>
          <speed_mps>26.822</speed_mps>
          <speed_mph>60.0</speed_mph>
        </extensions>
      </trkpt>
      <trkpt lat="52.2624200" lon="NaN">
        <ele>0</ele>
        <time>2026-06-26T08:24:31.759Z</time>
        <name>1167</name>
        <extensions>
          <speed_mps>26.822</speed_mps>
          <speed_mph>60.0</speed_mph>
        </extensions>
      </trkpt>
      <trkpt lat="52.2624000" lon="NaN">
        <ele>0</ele>
        <time>2026-06-26T08:24:32.002Z</time>
        <name>1168</name>
        <extensions>
          <speed_mps>26.822</speed_mps>
          <speed_mph>60.0</speed_mph>
        </extensions>
      </trkpt>
      <trkpt lat="52.2622400" lon="NaN">
        <ele>0</ele>
        <time>2026-06-26T08:24:33.388Z</time>
        <name>1169</name>
        <extensions>
          <speed_mps>26.822</speed_mps>
          <speed_mph>60.0</speed_mph>
        </extensions>
      </trkpt>
      <trkpt lat="52.2621600" lon="NaN">
        <ele>0</ele>
        <time>2026-06-26T08:24:33.995Z</time>
        <name>1170</name>
        <extensions>
          <speed_mps>26.822</speed_mps>
          <speed_mph>60.0</speed_mph>
        </extensions>
      </trkpt>
      <trkpt lat="52.2619600" lon="NaN">
        <ele>0</ele>
        <time>2026-06-26T08:24:35.818Z</time>
        <name>1171</name>
        <extensions>
          <speed_mps>26.822</speed_mps>
          <speed_mph>60.0</speed_mph>
        </extensions>
      </trkpt>
      <trkpt lat="52.2618500" lon="NaN">
        <ele>0</ele>
        <time>2026-06-26T08:24:36.954Z</time>
        <name>1172</name>
        <extensions>
          <speed_mps>26.822</speed_mps>
          <speed_mph>60.0</speed_mph>
        </extensions>
      </trkpt>
      <trkpt lat="52.2618400" lon="NaN">
        <ele>0</ele>
        <time>2026-06-26T08:24:37.112Z</time>
        <name>1173</name>
        <extensions>
          <speed_mps>26.822</speed_mps>
          <speed_mph>60.0</speed_mph>
        </extensions>
      </trkpt>
      <trkpt lat="52.2617000" lon="NaN">
        <ele>0</ele>
        <time>2026-06-26T08:24:38.623Z</time>
        <name>1174</name>
        <extensions>
          <speed_mps>26.822</speed_mps>
          <speed_mph>60.0</speed_mph>
        </extensions>
      </trkpt>
      <trkpt lat="52.2615800" lon="NaN">
        <ele>0</ele>
        <time>2026-06-26T08:24:39.730Z</time>
        <name>1175</name>
        <extensions>
          <speed_mps>26.822</speed_mps>
          <speed_mph>60.0</speed_mph>
        </extensions>
      </trkpt>
      <trkpt lat="52.2615700" lon="NaN">
        <ele>0</ele>
        <time>2026-06-26T08:24:39.864Z</time>
        <name>1176</name>
        <extensions>
          <speed_mps>26.822</speed_mps>
          <speed_mph>60.0</speed_mph>
        </extensions>
      </trkpt>
      <trkpt lat="52.2615000" lon="NaN">
        <ele>0</ele>
        <time>2026-06-26T08:24:40.471Z</time>
        <name>1177</name>
        <extensions>
          <speed_mps>26.822</speed_mps>
          <speed_mph>60.0</speed_mph>
        </extensions>
      </trkpt>
      <trkpt lat="52.2614100" lon="NaN">
        <ele>0</ele>
        <time>2026-06-26T08:24:41.060Z</time>
        <name>1178</name>
        <extensions>
          <speed_mps>26.822</speed_mps>
          <speed_mph>60.0</speed_mph>
        </extensions>
      </trkpt>
      <trkpt lat="52.2607300" lon="NaN">
        <ele>0</ele>
        <time>2026-06-26T08:24:46.066Z</time>
        <name>1179</name>
        <extensions>
          <speed_mps>26.822</speed_mps>
          <speed_mph>60.0</speed_mph>
        </extensions>
      </trkpt>
      <trkpt lat="52.2607300" lon="NaN">
        <ele>0</ele>
        <time>2026-06-26T08:24:46.091Z</time>
        <name>1180</name>
        <extensions>
          <speed_mps>26.822</speed_mps>
          <speed_mph>60.0</speed_mph>
        </extensions>
      </trkpt>
      <trkpt lat="52.2605200" lon="NaN">
        <ele>0</ele>
        <time>2026-06-26T08:24:47.568Z</time>
        <name>1181</name>
        <extensions>
          <speed_mps>26.822</speed_mps>
          <speed_mph>60.0</speed_mph>
        </extensions>
      </trkpt>
      <trkpt lat="52.2602900" lon="NaN">
        <ele>0</ele>
        <time>2026-06-26T08:24:49.429Z</time>
        <name>1182</name>
        <extensions>
          <speed_mps>26.822</speed_mps>
          <speed_mph>60.0</speed_mph>
        </extensions>
      </trkpt>
      <trkpt lat="52.2602900" lon="NaN">
        <ele>0</ele>
        <time>2026-06-26T08:24:49.454Z</time>
        <name>1183</name>
        <extensions>
          <speed_mps>26.822</speed_mps>
          <speed_mph>60.0</speed_mph>
        </extensions>
      </trkpt>
      <trkpt lat="52.2601900" lon="NaN">
        <ele>0</ele>
        <time>2026-06-26T08:24:50.343Z</time>
        <name>1184</name>
        <extensions>
          <speed_mps>26.822</speed_mps>
          <speed_mph>60.0</speed_mph>
        </extensions>
      </trkpt>
      <trkpt lat="52.2596100" lon="NaN">
        <ele>0</ele>
        <time>2026-06-26T08:24:56.143Z</time>
        <name>1185</name>
        <extensions>
          <speed_mps>26.822</speed_mps>
          <speed_mph>60.0</speed_mph>
        </extensions>
      </trkpt>
      <trkpt lat="52.2594300" lon="NaN">
        <ele>0</ele>
        <time>2026-06-26T08:24:58.093Z</time>
        <name>1186</name>
        <extensions>
          <speed_mps>26.822</speed_mps>
          <speed_mph>60.0</speed_mph>
        </extensions>
      </trkpt>
      <trkpt lat="52.2593300" lon="NaN">
        <ele>0</ele>
        <time>2026-06-26T08:24:58.960Z</time>
        <name>1187</name>
        <extensions>
          <speed_mps>26.822</speed_mps>
          <speed_mph>60.0</speed_mph>
        </extensions>
      </trkpt>
      <trkpt lat="52.2593000" lon="NaN">
        <ele>0</ele>
        <time>2026-06-26T08:24:59.138Z</time>
        <name>1188</name>
        <extensions>
          <speed_mps>26.822</speed_mps>
          <speed_mph>60.0</speed_mph>
        </extensions>
      </trkpt>
      <trkpt lat="52.2592500" lon="NaN">
        <ele>0</ele>
        <time>2026-06-26T08:24:59.549Z</time>
        <name>1189</name>
        <extensions>
          <speed_mps>26.822</speed_mps>
          <speed_mph>60.0</speed_mph>
        </extensions>
      </trkpt>
      <trkpt lat="52.2589300" lon="NaN">
        <ele>0</ele>
        <time>2026-06-26T08:25:01.626Z</time>
        <name>1190</name>
        <extensions>
          <speed_mps>26.822</speed_mps>
          <speed_mph>60.0</speed_mph>
        </extensions>
      </trkpt>
      <trkpt lat="52.2586000" lon="NaN">
        <ele>0</ele>
        <time>2026-06-26T08:25:03.599Z</time>
        <name>1191</name>
        <extensions>
          <speed_mps>26.822</speed_mps>
          <speed_mph>60.0</speed_mph>
        </extensions>
      </trkpt>
      <trkpt lat="52.2584800" lon="NaN">
        <ele>0</ele>
        <time>2026-06-26T08:25:04.274Z</time>
        <name>1192</name>
        <extensions>
          <speed_mps>26.822</speed_mps>
          <speed_mph>60.0</speed_mph>
        </extensions>
      </trkpt>
      <trkpt lat="52.2582900" lon="NaN">
        <ele>0</ele>
        <time>2026-06-26T08:25:05.424Z</time>
        <name>1193</name>
        <extensions>
          <speed_mps>26.822</speed_mps>
          <speed_mph>60.0</speed_mph>
        </extensions>
      </trkpt>
      <trkpt lat="52.2581000" lon="NaN">
        <ele>0</ele>
        <time>2026-06-26T08:25:06.649Z</time>
        <name>1194</name>
        <extensions>
          <speed_mps>26.822</speed_mps>
          <speed_mph>60.0</speed_mph>
        </extensions>
      </trkpt>
      <trkpt lat="52.2578100" lon="NaN">
        <ele>0</ele>
        <time>2026-06-26T08:25:08.815Z</time>
        <name>1195</name>
        <extensions>
          <speed_mps>26.822</speed_mps>
          <speed_mph>60.0</speed_mph>
        </extensions>
      </trkpt>
      <trkpt lat="52.2575400" lon="NaN">
        <ele>0</ele>
        <time>2026-06-26T08:25:10.705Z</time>
        <name>1196</name>
        <extensions>
          <speed_mps>26.822</speed_mps>
          <speed_mph>60.0</speed_mph>
        </extensions>
      </trkpt>
      <trkpt lat="52.2573100" lon="NaN">
        <ele>0</ele>
        <time>2026-06-26T08:25:12.154Z</time>
        <name>1197</name>
        <extensions>
          <speed_mps>26.822</speed_mps>
          <speed_mph>60.0</speed_mph>
        </extensions>
      </trkpt>
      <trkpt lat="52.2572200" lon="NaN">
        <ele>0</ele>
        <time>2026-06-26T08:25:12.687Z</time>
        <name>1198</name>
        <extensions>
          <speed_mps>26.822</speed_mps>
          <speed_mph>60.0</speed_mph>
        </extensions>
      </trkpt>
      <trkpt lat="52.2571800" lon="NaN">
        <ele>0</ele>
        <time>2026-06-26T08:25:12.949Z</time>
        <name>1199</name>
        <extensions>
          <speed_mps>26.822</speed_mps>
          <speed_mph>60.0</speed_mph>
        </extensions>
      </trkpt>
      <trkpt lat="52.2566300" lon="NaN">
        <ele>0</ele>
        <time>2026-06-26T08:25:16.088Z</time>
        <name>1200</name>
        <extensions>
          <speed_mps>26.822</speed_mps>
          <speed_mph>60.0</speed_mph>
        </extensions>
      </trkpt>
      <trkpt lat="52.2563900" lon="NaN">
        <ele>0</ele>
        <time>2026-06-26T08:25:17.546Z</time>
        <name>1201</name>
        <extensions>
          <speed_mps>26.822</speed_mps>
          <speed_mph>60.0</speed_mph>
        </extensions>
      </trkpt>
      <trkpt lat="52.2563800" lon="NaN">
        <ele>0</ele>
        <time>2026-06-26T08:25:17.633Z</time>
        <name>1202</name>
        <extensions>
          <speed_mps>26.822</speed_mps>
          <speed_mph>60.0</speed_mph>
        </extensions>
      </trkpt>
      <trkpt lat="52.2562200" lon="NaN">
        <ele>0</ele>
        <time>2026-06-26T08:25:18.681Z</time>
        <name>1203</name>
        <extensions>
          <speed_mps>26.822</speed_mps>
          <speed_mph>60.0</speed_mph>
        </extensions>
      </trkpt>
      <trkpt lat="52.2560600" lon="NaN">
        <ele>0</ele>
        <time>2026-06-26T08:25:20.024Z</time>
        <name>1204</name>
        <extensions>
          <speed_mps>26.822</speed_mps>
          <speed_mph>60.0</speed_mph>
        </extensions>
      </trkpt>
      <trkpt lat="52.2559500" lon="NaN">
        <ele>0</ele>
        <time>2026-06-26T08:25:21.372Z</time>
        <name>1205</name>
        <extensions>
          <speed_mps>26.822</speed_mps>
          <speed_mph>60.0</speed_mph>
        </extensions>
      </trkpt>
      <trkpt lat="52.2559500" lon="NaN">
        <ele>0</ele>
        <time>2026-06-26T08:25:21.397Z</time>
        <name>1206</name>
        <extensions>
          <speed_mps>26.822</speed_mps>
          <speed_mph>60.0</speed_mph>
        </extensions>
      </trkpt>
      <trkpt lat="52.2558100" lon="NaN">
        <ele>0</ele>
        <time>2026-06-26T08:25:23.411Z</time>
        <name>1207</name>
        <extensions>
          <speed_mps>26.822</speed_mps>
          <speed_mph>60.0</speed_mph>
        </extensions>
      </trkpt>
      <trkpt lat="52.2557200" lon="NaN">
        <ele>0</ele>
        <time>2026-06-26T08:25:24.352Z</time>
        <name>1208</name>
        <extensions>
          <speed_mps>26.822</speed_mps>
          <speed_mph>60.0</speed_mph>
        </extensions>
      </trkpt>
      <trkpt lat="52.2557200" lon="NaN">
        <ele>0</ele>
        <time>2026-06-26T08:25:24.377Z</time>
        <name>1209</name>
        <extensions>
          <speed_mps>26.822</speed_mps>
          <speed_mph>60.0</speed_mph>
        </extensions>
      </trkpt>
      <trkpt lat="52.2556400" lon="NaN">
        <ele>0</ele>
        <time>2026-06-26T08:25:25.161Z</time>
        <name>1210</name>
        <extensions>
          <speed_mps>26.822</speed_mps>
          <speed_mph>60.0</speed_mph>
        </extensions>
      </trkpt>
      <trkpt lat="52.2556400" lon="NaN">
        <ele>0</ele>
        <time>2026-06-26T08:25:25.186Z</time>
        <name>1211</name>
        <extensions>
          <speed_mps>26.822</speed_mps>
          <speed_mph>60.0</speed_mph>
        </extensions>
      </trkpt>
      <trkpt lat="52.2554200" lon="NaN">
        <ele>0</ele>
        <time>2026-06-26T08:25:27.049Z</time>
        <name>1212</name>
        <extensions>
          <speed_mps>26.822</speed_mps>
          <speed_mph>60.0</speed_mph>
        </extensions>
      </trkpt>
      <trkpt lat="52.2554200" lon="NaN">
        <ele>0</ele>
        <time>2026-06-26T08:25:27.074Z</time>
        <name>1213</name>
        <extensions>
          <speed_mps>26.822</speed_mps>
          <speed_mph>60.0</speed_mph>
        </extensions>
      </trkpt>
      <trkpt lat="52.2553400" lon="NaN">
        <ele>0</ele>
        <time>2026-06-26T08:25:27.702Z</time>
        <name>1214</name>
        <extensions>
          <speed_mps>26.822</speed_mps>
          <speed_mph>60.0</speed_mph>
        </extensions>
      </trkpt>
      <trkpt lat="52.2552000" lon="NaN">
        <ele>0</ele>
        <time>2026-06-26T08:25:28.639Z</time>
        <name>1215</name>
        <extensions>
          <speed_mps>26.822</speed_mps>
          <speed_mph>60.0</speed_mph>
        </extensions>
      </trkpt>
      <trkpt lat="52.2550400" lon="NaN">
        <ele>0</ele>
        <time>2026-06-26T08:25:29.649Z</time>
        <name>1216</name>
        <extensions>
          <speed_mps>26.822</speed_mps>
          <speed_mph>60.0</speed_mph>
        </extensions>
      </trkpt>
      <trkpt lat="52.2548800" lon="NaN">
        <ele>0</ele>
        <time>2026-06-26T08:25:30.603Z</time>
        <name>1217</name>
        <extensions>
          <speed_mps>26.822</speed_mps>
          <speed_mph>60.0</speed_mph>
        </extensions>
      </trkpt>
      <trkpt lat="52.2542600" lon="NaN">
        <ele>0</ele>
        <time>2026-06-26T08:25:34.024Z</time>
        <name>1218</name>
        <extensions>
          <speed_mps>26.822</speed_mps>
          <speed_mph>60.0</speed_mph>
        </extensions>
      </trkpt>
      <trkpt lat="52.2541600" lon="NaN">
        <ele>0</ele>
        <time>2026-06-26T08:25:34.539Z</time>
        <name>1219</name>
        <extensions>
          <speed_mps>26.822</speed_mps>
          <speed_mph>60.0</speed_mph>
        </extensions>
      </trkpt>
      <trkpt lat="52.2540600" lon="NaN">
        <ele>0</ele>
        <time>2026-06-26T08:25:35.012Z</time>
        <name>1220</name>
        <extensions>
          <speed_mps>26.822</speed_mps>
          <speed_mph>60.0</speed_mph>
        </extensions>
      </trkpt>
      <trkpt lat="52.2539800" lon="NaN">
        <ele>0</ele>
        <time>2026-06-26T08:25:35.367Z</time>
        <name>1221</name>
        <extensions>
          <speed_mps>26.822</speed_mps>
          <speed_mph>60.0</speed_mph>
        </extensions>
      </trkpt>
      <trkpt lat="52.2537500" lon="NaN">
        <ele>0</ele>
        <time>2026-06-26T08:25:36.342Z</time>
        <name>1222</name>
        <extensions>
          <speed_mps>26.822</speed_mps>
          <speed_mph>60.0</speed_mph>
        </extensions>
      </trkpt>
      <trkpt lat="52.2536400" lon="NaN">
        <ele>0</ele>
        <time>2026-06-26T08:25:36.799Z</time>
        <name>1223</name>
        <extensions>
          <speed_mps>26.822</speed_mps>
          <speed_mph>60.0</speed_mph>
        </extensions>
      </trkpt>
      <trkpt lat="52.2536200" lon="NaN">
        <ele>0</ele>
        <time>2026-06-26T08:25:36.886Z</time>
        <name>1224</name>
        <extensions>
          <speed_mps>26.822</speed_mps>
          <speed_mph>60.0</speed_mph>
        </extensions>
      </trkpt>
      <trkpt lat="52.2533500" lon="NaN">
        <ele>0</ele>
        <time>2026-06-26T08:25:38.005Z</time>
        <name>1225</name>
        <extensions>
          <speed_mps>26.822</speed_mps>
          <speed_mph>60.0</speed_mph>
        </extensions>
      </trkpt>
      <trkpt lat="52.2532800" lon="NaN">
        <ele>0</ele>
        <time>2026-06-26T08:25:38.296Z</time>
        <name>1226</name>
        <extensions>
          <speed_mps>26.822</speed_mps>
          <speed_mph>60.0</speed_mph>
        </extensions>
      </trkpt>
      <trkpt lat="52.2532500" lon="NaN">
        <ele>0</ele>
        <time>2026-06-26T08:25:38.423Z</time>
        <name>1227</name>
        <extensions>
          <speed_mps>26.822</speed_mps>
          <speed_mph>60.0</speed_mph>
        </extensions>
      </trkpt>
      <trkpt lat="52.2532000" lon="NaN">
        <ele>0</ele>
        <time>2026-06-26T08:25:38.630Z</time>
        <name>1228</name>
        <extensions>
          <speed_mps>26.822</speed_mps>
          <speed_mph>60.0</speed_mph>
        </extensions>
      </trkpt>
      <trkpt lat="52.2531600" lon="NaN">
        <ele>0</ele>
        <time>2026-06-26T08:25:38.798Z</time>
        <name>1229</name>
        <extensions>
          <speed_mps>26.822</speed_mps>
          <speed_mph>60.0</speed_mph>
        </extensions>
      </trkpt>
      <trkpt lat="52.2531000" lon="NaN">
        <ele>0</ele>
        <time>2026-06-26T08:25:39.047Z</time>
        <name>1230</name>
        <extensions>
          <speed_mps>26.822</speed_mps>
          <speed_mph>60.0</speed_mph>
        </extensions>
      </trkpt>
      <trkpt lat="52.2529300" lon="NaN">
        <ele>0</ele>
        <time>2026-06-26T08:25:39.753Z</time>
        <name>1231</name>
        <extensions>
          <speed_mps>26.822</speed_mps>
          <speed_mph>60.0</speed_mph>
        </extensions>
      </trkpt>
      <trkpt lat="52.2527900" lon="NaN">
        <ele>0</ele>
        <time>2026-06-26T08:25:40.339Z</time>
        <name>1232</name>
        <extensions>
          <speed_mps>26.822</speed_mps>
          <speed_mph>60.0</speed_mph>
        </extensions>
      </trkpt>
      <trkpt lat="52.2523000" lon="NaN">
        <ele>0</ele>
        <time>2026-06-26T08:25:42.410Z</time>
        <name>1233</name>
        <extensions>
          <speed_mps>26.822</speed_mps>
          <speed_mph>60.0</speed_mph>
        </extensions>
      </trkpt>
      <trkpt lat="52.2521000" lon="NaN">
        <ele>0</ele>
        <time>2026-06-26T08:25:43.277Z</time>
        <name>1234</name>
        <extensions>
          <speed_mps>26.822</speed_mps>
          <speed_mph>60.0</speed_mph>
        </extensions>
      </trkpt>
      <trkpt lat="52.2519800" lon="NaN">
        <ele>0</ele>
        <time>2026-06-26T08:25:43.781Z</time>
        <name>1235</name>
        <extensions>
          <speed_mps>26.822</speed_mps>
          <speed_mph>60.0</speed_mph>
        </extensions>
      </trkpt>
      <trkpt lat="52.2519700" lon="NaN">
        <ele>0</ele>
        <time>2026-06-26T08:25:43.829Z</time>
        <name>1236</name>
        <extensions>
          <speed_mps>26.822</speed_mps>
          <speed_mph>60.0</speed_mph>
        </extensions>
      </trkpt>
      <trkpt lat="52.2518700" lon="NaN">
        <ele>0</ele>
        <time>2026-06-26T08:25:44.245Z</time>
        <name>1237</name>
        <extensions>
          <speed_mps>26.822</speed_mps>
          <speed_mph>60.0</speed_mph>
        </extensions>
      </trkpt>
      <trkpt lat="52.2517700" lon="NaN">
        <ele>0</ele>
        <time>2026-06-26T08:25:44.660Z</time>
        <name>1238</name>
        <extensions>
          <speed_mps>26.822</speed_mps>
          <speed_mph>60.0</speed_mph>
        </extensions>
      </trkpt>
      <trkpt lat="52.2517000" lon="NaN">
        <ele>0</ele>
        <time>2026-06-26T08:25:44.960Z</time>
        <name>1239</name>
        <extensions>
          <speed_mps>26.822</speed_mps>
          <speed_mph>60.0</speed_mph>
        </extensions>
      </trkpt>
      <trkpt lat="52.2516300" lon="NaN">
        <ele>0</ele>
        <time>2026-06-26T08:25:45.277Z</time>
        <name>1240</name>
        <extensions>
          <speed_mps>26.822</speed_mps>
          <speed_mph>60.0</speed_mph>
        </extensions>
      </trkpt>
      <trkpt lat="52.2515000" lon="NaN">
        <ele>0</ele>
        <time>2026-06-26T08:25:45.909Z</time>
        <name>1241</name>
        <extensions>
          <speed_mps>26.822</speed_mps>
          <speed_mph>60.0</speed_mph>
        </extensions>
      </trkpt>
      <trkpt lat="52.2514200" lon="NaN">
        <ele>0</ele>
        <time>2026-06-26T08:25:46.359Z</time>
        <name>1242</name>
        <extensions>
          <speed_mps>26.822</speed_mps>
          <speed_mph>60.0</speed_mph>
        </extensions>
      </trkpt>
      <trkpt lat="52.2513600" lon="NaN">
        <ele>0</ele>
        <time>2026-06-26T08:25:46.793Z</time>
        <name>1243</name>
        <extensions>
          <speed_mps>26.822</speed_mps>
          <speed_mph>60.0</speed_mph>
        </extensions>
      </trkpt>
      <trkpt lat="52.2512900" lon="NaN">
        <ele>0</ele>
        <time>2026-06-26T08:25:47.444Z</time>
        <name>1244</name>
        <extensions>
          <speed_mps>26.822</speed_mps>
          <speed_mph>60.0</speed_mph>
        </extensions>
      </trkpt>
      <trkpt lat="52.2512400" lon="NaN">
        <ele>0</ele>
        <time>2026-06-26T08:25:48.064Z</time>
        <name>1245</name>
        <extensions>
          <speed_mps>26.822</speed_mps>
          <speed_mph>60.0</speed_mph>
        </extensions>
      </trkpt>
      <trkpt lat="52.2512300" lon="NaN">
        <ele>0</ele>
        <time>2026-06-26T08:25:48.151Z</time>
        <name>1246</name>
        <extensions>
          <speed_mps>26.822</speed_mps>
          <speed_mph>60.0</speed_mph>
        </extensions>
      </trkpt>
      <trkpt lat="52.2508900" lon="NaN">
        <ele>0</ele>
        <time>2026-06-26T08:25:52.329Z</time>
        <name>1247</name>
        <extensions>
          <speed_mps>26.822</speed_mps>
          <speed_mph>60.0</speed_mph>
        </extensions>
      </trkpt>
      <trkpt lat="52.2508600" lon="NaN">
        <ele>0</ele>
        <time>2026-06-26T08:25:52.803Z</time>
        <name>1248</name>
        <extensions>
          <speed_mps>26.822</speed_mps>
          <speed_mph>60.0</speed_mph>
        </extensions>
      </trkpt>
      <trkpt lat="52.2507900" lon="NaN">
        <ele>0</ele>
        <time>2026-06-26T08:25:53.570Z</time>
        <name>1249</name>
        <extensions>
          <speed_mps>26.822</speed_mps>
          <speed_mph>60.0</speed_mph>
        </extensions>
      </trkpt>
      <trkpt lat="52.2506600" lon="NaN">
        <ele>0</ele>
        <time>2026-06-26T08:25:55.549Z</time>
        <name>1250</name>
        <extensions>
          <speed_mps>26.822</speed_mps>
          <speed_mph>60.0</speed_mph>
        </extensions>
      </trkpt>
      <trkpt lat="52.2506200" lon="NaN">
        <ele>0</ele>
        <time>2026-06-26T08:25:56.527Z</time>
        <name>1251</name>
        <extensions>
          <speed_mps>26.822</speed_mps>
          <speed_mph>60.0</speed_mph>
        </extensions>
      </trkpt>
      <trkpt lat="52.2506100" lon="NaN">
        <ele>0</ele>
        <time>2026-06-26T08:25:57.138Z</time>
        <name>1252</name>
        <extensions>
          <speed_mps>26.822</speed_mps>
          <speed_mph>60.0</speed_mph>
        </extensions>
      </trkpt>
      <trkpt lat="52.2506000" lon="NaN">
        <ele>0</ele>
        <time>2026-06-26T08:25:57.320Z</time>
        <name>1253</name>
        <extensions>
          <speed_mps>26.822</speed_mps>
          <speed_mph>60.0</speed_mph>
        </extensions>
      </trkpt>
      <trkpt lat="52.2506000" lon="NaN">
        <ele>0</ele>
        <time>2026-06-26T08:25:57.802Z</time>
        <name>1254</name>
        <extensions>
          <speed_mps>26.822</speed_mps>
          <speed_mph>60.0</speed_mph>
        </extensions>
      </trkpt>
      <trkpt lat="52.2505800" lon="NaN">
        <ele>0</ele>
        <time>2026-06-26T08:25:58.568Z</time>
        <name>1255</name>
        <extensions>
          <speed_mps>26.822</speed_mps>
          <speed_mph>60.0</speed_mph>
        </extensions>
      </trkpt>
      <trkpt lat="52.2504700" lon="NaN">
        <ele>0</ele>
        <time>2026-06-26T08:26:00.158Z</time>
        <name>1256</name>
        <extensions>
          <speed_mps>26.822</speed_mps>
          <speed_mph>60.0</speed_mph>
        </extensions>
      </trkpt>
      <trkpt lat="52.2504500" lon="NaN">
        <ele>0</ele>
        <time>2026-06-26T08:26:00.354Z</time>
        <name>1257</name>
        <extensions>
          <speed_mps>26.822</speed_mps>
          <speed_mph>60.0</speed_mph>
        </extensions>
      </trkpt>
      <trkpt lat="52.2504000" lon="NaN">
        <ele>0</ele>
        <time>2026-06-26T08:26:01.094Z</time>
        <name>1258</name>
        <extensions>
          <speed_mps>26.822</speed_mps>
          <speed_mph>60.0</speed_mph>
        </extensions>
      </trkpt>
      <trkpt lat="52.2503100" lon="NaN">
        <ele>0</ele>
        <time>2026-06-26T08:26:02.128Z</time>
        <name>1259</name>
        <extensions>
          <speed_mps>26.822</speed_mps>
          <speed_mph>60.0</speed_mph>
        </extensions>
      </trkpt>
      <trkpt lat="52.2502900" lon="NaN">
        <ele>0</ele>
        <time>2026-06-26T08:26:02.302Z</time>
        <name>1260</name>
        <extensions>
          <speed_mps>26.822</speed_mps>
          <speed_mph>60.0</speed_mph>
        </extensions>
      </trkpt>
      <trkpt lat="52.2502200" lon="NaN">
        <ele>0</ele>
        <time>2026-06-26T08:26:03.046Z</time>
        <name>1261</name>
        <extensions>
          <speed_mps>26.822</speed_mps>
          <speed_mph>60.0</speed_mph>
        </extensions>
      </trkpt>
      <trkpt lat="52.2499800" lon="NaN">
        <ele>0</ele>
        <time>2026-06-26T08:26:05.284Z</time>
        <name>1262</name>
        <extensions>
          <speed_mps>26.822</speed_mps>
          <speed_mph>60.0</speed_mph>
        </extensions>
      </trkpt>
      <trkpt lat="52.2499400" lon="NaN">
        <ele>0</ele>
        <time>2026-06-26T08:26:05.587Z</time>
        <name>1263</name>
        <extensions>
          <speed_mps>26.822</speed_mps>
          <speed_mph>60.0</speed_mph>
        </extensions>
      </trkpt>
      <trkpt lat="52.2498400" lon="NaN">
        <ele>0</ele>
        <time>2026-06-26T08:26:06.454Z</time>
        <name>1264</name>
        <extensions>
          <speed_mps>26.822</speed_mps>
          <speed_mph>60.0</speed_mph>
        </extensions>
      </trkpt>
      <trkpt lat="52.2497900" lon="NaN">
        <ele>0</ele>
        <time>2026-06-26T08:26:06.782Z</time>
        <name>1265</name>
        <extensions>
          <speed_mps>26.822</speed_mps>
          <speed_mph>60.0</speed_mph>
        </extensions>
      </trkpt>
      <trkpt lat="52.2497300" lon="NaN">
        <ele>0</ele>
        <time>2026-06-26T08:26:07.237Z</time>
        <name>1266</name>
        <extensions>
          <speed_mps>26.822</speed_mps>
          <speed_mph>60.0</speed_mph>
        </extensions>
      </trkpt>
      <trkpt lat="52.2494200" lon="NaN">
        <ele>0</ele>
        <time>2026-06-26T08:26:09.210Z</time>
        <name>1267</name>
        <extensions>
          <speed_mps>26.822</speed_mps>
          <speed_mph>60.0</speed_mph>
        </extensions>
      </trkpt>
      <trkpt lat="52.2492500" lon="NaN">
        <ele>0</ele>
        <time>2026-06-26T08:26:10.211Z</time>
        <name>1268</name>
        <extensions>
          <speed_mps>26.822</speed_mps>
          <speed_mph>60.0</speed_mph>
        </extensions>
      </trkpt>
      <trkpt lat="52.2487900" lon="NaN">
        <ele>0</ele>
        <time>2026-06-26T08:26:13.052Z</time>
        <name>1269</name>
        <extensions>
          <speed_mps>26.822</speed_mps>
          <speed_mph>60.0</speed_mph>
        </extensions>
      </trkpt>
      <trkpt lat="52.2483900" lon="NaN">
        <ele>0</ele>
        <time>2026-06-26T08:26:15.733Z</time>
        <name>1270</name>
        <extensions>
          <speed_mps>26.822</speed_mps>
          <speed_mph>60.0</speed_mph>
        </extensions>
      </trkpt>
      <trkpt lat="52.2482800" lon="NaN">
        <ele>0</ele>
        <time>2026-06-26T08:26:16.515Z</time>
        <name>1271</name>
        <extensions>
          <speed_mps>26.822</speed_mps>
          <speed_mph>60.0</speed_mph>
        </extensions>
      </trkpt>
      <trkpt lat="52.2481200" lon="NaN">
        <ele>0</ele>
        <time>2026-06-26T08:26:17.563Z</time>
        <name>1272</name>
        <extensions>
          <speed_mps>26.822</speed_mps>
          <speed_mph>60.0</speed_mph>
        </extensions>
      </trkpt>
      <trkpt lat="52.2479300" lon="NaN">
        <ele>0</ele>
        <time>2026-06-26T08:26:18.713Z</time>
        <name>1273</name>
        <extensions>
          <speed_mps>26.822</speed_mps>
          <speed_mph>60.0</speed_mph>
        </extensions>
      </trkpt>
      <trkpt lat="52.2477300" lon="NaN">
        <ele>0</ele>
        <time>2026-06-26T08:26:19.805Z</time>
        <name>1274</name>
        <extensions>
          <speed_mps>26.822</speed_mps>
          <speed_mph>60.0</speed_mph>
        </extensions>
      </trkpt>
      <trkpt lat="52.2475100" lon="NaN">
        <ele>0</ele>
        <time>2026-06-26T08:26:20.961Z</time>
        <name>1275</name>
        <extensions>
          <speed_mps>26.822</speed_mps>
          <speed_mph>60.0</speed_mph>
        </extensions>
      </trkpt>
      <trkpt lat="52.2471800" lon="NaN">
        <ele>0</ele>
        <time>2026-06-26T08:26:22.793Z</time>
        <name>1276</name>
        <extensions>
          <speed_mps>26.822</speed_mps>
          <speed_mph>60.0</speed_mph>
        </extensions>
      </trkpt>
      <trkpt lat="52.2471800" lon="NaN">
        <ele>0</ele>
        <time>2026-06-26T08:26:22.819Z</time>
        <name>1277</name>
        <extensions>
          <speed_mps>26.822</speed_mps>
          <speed_mph>60.0</speed_mph>
        </extensions>
      </trkpt>
      <trkpt lat="52.2471400" lon="NaN">
        <ele>0</ele>
        <time>2026-06-26T08:26:23.013Z</time>
        <name>1278</name>
        <extensions>
          <speed_mps>26.822</speed_mps>
          <speed_mph>60.0</speed_mph>
        </extensions>
      </trkpt>
      <trkpt lat="52.2466000" lon="NaN">
        <ele>0</ele>
        <time>2026-06-26T08:26:26.018Z</time>
        <name>1279</name>
        <extensions>
          <speed_mps>26.822</speed_mps>
          <speed_mph>60.0</speed_mph>
        </extensions>
      </trkpt>
      <trkpt lat="52.2461200" lon="NaN">
        <ele>0</ele>
        <time>2026-06-26T08:26:28.772Z</time>
        <name>1280</name>
        <extensions>
          <speed_mps>26.822</speed_mps>
          <speed_mph>60.0</speed_mph>
        </extensions>
      </trkpt>
      <trkpt lat="52.2460000" lon="NaN">
        <ele>0</ele>
        <time>2026-06-26T08:26:29.520Z</time>
        <name>1281</name>
        <extensions>
          <speed_mps>26.822</speed_mps>
          <speed_mph>60.0</speed_mph>
        </extensions>
      </trkpt>
      <trkpt lat="52.2459900" lon="NaN">
        <ele>0</ele>
        <time>2026-06-26T08:26:29.569Z</time>
        <name>1282</name>
        <extensions>
          <speed_mps>26.822</speed_mps>
          <speed_mph>60.0</speed_mph>
        </extensions>
      </trkpt>
      <trkpt lat="52.2458200" lon="NaN">
        <ele>0</ele>
        <time>2026-06-26T08:26:30.644Z</time>
        <name>1283</name>
        <extensions>
          <speed_mps>26.822</speed_mps>
          <speed_mph>60.0</speed_mph>
        </extensions>
      </trkpt>
      <trkpt lat="52.2454400" lon="NaN">
        <ele>0</ele>
        <time>2026-06-26T08:26:33.254Z</time>
        <name>1284</name>
        <extensions>
          <speed_mps>26.822</speed_mps>
          <speed_mph>60.0</speed_mph>
        </extensions>
      </trkpt>
      <trkpt lat="52.2454000" lon="NaN">
        <ele>0</ele>
        <time>2026-06-26T08:26:33.579Z</time>
        <name>1285</name>
        <extensions>
          <speed_mps>26.822</speed_mps>
          <speed_mph>60.0</speed_mph>
        </extensions>
      </trkpt>
      <trkpt lat="52.2452800" lon="NaN">
        <ele>0</ele>
        <time>2026-06-26T08:26:34.426Z</time>
        <name>1286</name>
        <extensions>
          <speed_mps>26.822</speed_mps>
          <speed_mph>60.0</speed_mph>
        </extensions>
      </trkpt>
      <trkpt lat="52.2452800" lon="NaN">
        <ele>0</ele>
        <time>2026-06-26T08:26:34.451Z</time>
        <name>1287</name>
        <extensions>
          <speed_mps>26.822</speed_mps>
          <speed_mph>60.0</speed_mph>
        </extensions>
      </trkpt>
      <trkpt lat="52.2452000" lon="NaN">
        <ele>0</ele>
        <time>2026-06-26T08:26:35.079Z</time>
        <name>1288</name>
        <extensions>
          <speed_mps>26.822</speed_mps>
          <speed_mph>60.0</speed_mph>
        </extensions>
      </trkpt>
      <trkpt lat="52.2451900" lon="NaN">
        <ele>0</ele>
        <time>2026-06-26T08:26:35.128Z</time>
        <name>1289</name>
        <extensions>
          <speed_mps>26.822</speed_mps>
          <speed_mph>60.0</speed_mph>
        </extensions>
      </trkpt>
      <trkpt lat="52.2451800" lon="NaN">
        <ele>0</ele>
        <time>2026-06-26T08:26:35.193Z</time>
        <name>1290</name>
        <extensions>
          <speed_mps>26.822</speed_mps>
          <speed_mph>60.0</speed_mph>
        </extensions>
      </trkpt>
      <trkpt lat="52.2448300" lon="NaN">
        <ele>0</ele>
        <time>2026-06-26T08:26:37.964Z</time>
        <name>1291</name>
        <extensions>
          <speed_mps>26.822</speed_mps>
          <speed_mph>60.0</speed_mph>
        </extensions>
      </trkpt>
      <trkpt lat="52.2447300" lon="NaN">
        <ele>0</ele>
        <time>2026-06-26T08:26:38.831Z</time>
        <name>1292</name>
        <extensions>
          <speed_mps>26.822</speed_mps>
          <speed_mph>60.0</speed_mph>
        </extensions>
      </trkpt>
      <trkpt lat="52.2447300" lon="NaN">
        <ele>0</ele>
        <time>2026-06-26T08:26:38.857Z</time>
        <name>1293</name>
        <extensions>
          <speed_mps>26.822</speed_mps>
          <speed_mph>60.0</speed_mph>
        </extensions>
      </trkpt>
      <trkpt lat="52.2447200" lon="NaN">
        <ele>0</ele>
        <time>2026-06-26T08:26:38.922Z</time>
        <name>1294</name>
        <extensions>
          <speed_mps>26.822</speed_mps>
          <speed_mph>60.0</speed_mph>
        </extensions>
      </trkpt>
      <trkpt lat="52.2445600" lon="NaN">
        <ele>0</ele>
        <time>2026-06-26T08:26:40.309Z</time>
        <name>1295</name>
        <extensions>
          <speed_mps>26.822</speed_mps>
          <speed_mph>60.0</speed_mph>
        </extensions>
      </trkpt>
      <trkpt lat="52.2445600" lon="NaN">
        <ele>0</ele>
        <time>2026-06-26T08:26:40.360Z</time>
        <name>1296</name>
        <extensions>
          <speed_mps>26.822</speed_mps>
          <speed_mph>60.0</speed_mph>
        </extensions>
      </trkpt>
      <trkpt lat="52.2445500" lon="NaN">
        <ele>0</ele>
        <time>2026-06-26T08:26:40.426Z</time>
        <name>1297</name>
        <extensions>
          <speed_mps>26.822</speed_mps>
          <speed_mph>60.0</speed_mph>
        </extensions>
      </trkpt>
      <trkpt lat="52.2443800" lon="NaN">
        <ele>0</ele>
        <time>2026-06-26T08:26:41.811Z</time>
        <name>1298</name>
        <extensions>
          <speed_mps>26.822</speed_mps>
          <speed_mph>60.0</speed_mph>
        </extensions>
      </trkpt>
      <trkpt lat="52.2443800" lon="NaN">
        <ele>0</ele>
        <time>2026-06-26T08:26:41.862Z</time>
        <name>1299</name>
        <extensions>
          <speed_mps>26.822</speed_mps>
          <speed_mph>60.0</speed_mph>
        </extensions>
      </trkpt>
      <trkpt lat="52.2440100" lon="NaN">
        <ele>0</ele>
        <time>2026-06-26T08:26:44.785Z</time>
        <name>1300</name>
        <extensions>
          <speed_mps>26.822</speed_mps>
          <speed_mph>60.0</speed_mph>
        </extensions>
      </trkpt>
      <trkpt lat="52.2440100" lon="NaN">
        <ele>0</ele>
        <time>2026-06-26T08:26:44.810Z</time>
        <name>1301</name>
        <extensions>
          <speed_mps>26.822</speed_mps>
          <speed_mph>60.0</speed_mph>
        </extensions>
      </trkpt>
      <trkpt lat="52.2440000" lon="NaN">
        <ele>0</ele>
        <time>2026-06-26T08:26:44.859Z</time>
        <name>1302</name>
        <extensions>
          <speed_mps>26.822</speed_mps>
          <speed_mph>60.0</speed_mph>
        </extensions>
      </trkpt>
      <trkpt lat="52.2440000" lon="NaN">
        <ele>0</ele>
        <time>2026-06-26T08:26:44.909Z</time>
        <name>1303</name>
        <extensions>
          <speed_mps>26.822</speed_mps>
          <speed_mph>60.0</speed_mph>
        </extensions>
      </trkpt>
      <trkpt lat="52.2438200" lon="NaN">
        <ele>0</ele>
        <time>2026-06-26T08:26:46.360Z</time>
        <name>1304</name>
        <extensions>
          <speed_mps>26.822</speed_mps>
          <speed_mph>60.0</speed_mph>
        </extensions>
      </trkpt>
      <trkpt lat="52.2435800" lon="NaN">
        <ele>0</ele>
        <time>2026-06-26T08:26:48.553Z</time>
        <name>1305</name>
        <extensions>
          <speed_mps>26.822</speed_mps>
          <speed_mph>60.0</speed_mph>
        </extensions>
      </trkpt>
      <trkpt lat="52.2435800" lon="NaN">
        <ele>0</ele>
        <time>2026-06-26T08:26:48.578Z</time>
        <name>1306</name>
        <extensions>
          <speed_mps>26.822</speed_mps>
          <speed_mph>60.0</speed_mph>
        </extensions>
      </trkpt>
      <trkpt lat="52.2435000" lon="NaN">
        <ele>0</ele>
        <time>2026-06-26T08:26:49.294Z</time>
        <name>1307</name>
        <extensions>
          <speed_mps>26.822</speed_mps>
          <speed_mph>60.0</speed_mph>
        </extensions>
      </trkpt>
      <trkpt lat="52.2435000" lon="NaN">
        <ele>0</ele>
        <time>2026-06-26T08:26:49.320Z</time>
        <name>1308</name>
        <extensions>
          <speed_mps>26.822</speed_mps>
          <speed_mph>60.0</speed_mph>
        </extensions>
      </trkpt>
      <trkpt lat="52.2431200" lon="NaN">
        <ele>0</ele>
        <time>2026-06-26T08:26:52.931Z</time>
        <name>1309</name>
        <extensions>
          <speed_mps>26.822</speed_mps>
          <speed_mph>60.0</speed_mph>
        </extensions>
      </trkpt>
      <trkpt lat="52.2431200" lon="NaN">
        <ele>0</ele>
        <time>2026-06-26T08:26:52.956Z</time>
        <name>1310</name>
        <extensions>
          <speed_mps>26.822</speed_mps>
          <speed_mph>60.0</speed_mph>
        </extensions>
      </trkpt>
      <trkpt lat="52.2430200" lon="NaN">
        <ele>0</ele>
        <time>2026-06-26T08:26:54.029Z</time>
        <name>1311</name>
        <extensions>
          <speed_mps>26.822</speed_mps>
          <speed_mph>60.0</speed_mph>
        </extensions>
      </trkpt>
      <trkpt lat="52.2428400" lon="NaN">
        <ele>0</ele>
        <time>2026-06-26T08:26:55.748Z</time>
        <name>1312</name>
        <extensions>
          <speed_mps>26.822</speed_mps>
          <speed_mph>60.0</speed_mph>
        </extensions>
      </trkpt>
      <trkpt lat="52.2428100" lon="NaN">
        <ele>0</ele>
        <time>2026-06-26T08:26:55.926Z</time>
        <name>1313</name>
        <extensions>
          <speed_mps>26.822</speed_mps>
          <speed_mph>60.0</speed_mph>
        </extensions>
      </trkpt>
      <trkpt lat="52.2427200" lon="NaN">
        <ele>0</ele>
        <time>2026-06-26T08:26:56.662Z</time>
        <name>1314</name>
        <extensions>
          <speed_mps>26.822</speed_mps>
          <speed_mph>60.0</speed_mph>
        </extensions>
      </trkpt>
      <trkpt lat="52.2425800" lon="NaN">
        <ele>0</ele>
        <time>2026-06-26T08:26:57.640Z</time>
        <name>1315</name>
        <extensions>
          <speed_mps>26.822</speed_mps>
          <speed_mph>60.0</speed_mph>
        </extensions>
      </trkpt>
      <trkpt lat="52.2423800" lon="NaN">
        <ele>0</ele>
        <time>2026-06-26T08:26:58.893Z</time>
        <name>1316</name>
        <extensions>
          <speed_mps>26.822</speed_mps>
          <speed_mph>60.0</speed_mph>
        </extensions>
      </trkpt>
      <trkpt lat="52.2421200" lon="NaN">
        <ele>0</ele>
        <time>2026-06-26T08:27:00.409Z</time>
        <name>1317</name>
        <extensions>
          <speed_mps>26.822</speed_mps>
          <speed_mph>60.0</speed_mph>
        </extensions>
      </trkpt>
      <trkpt lat="52.2420500" lon="NaN">
        <ele>0</ele>
        <time>2026-06-26T08:27:00.848Z</time>
        <name>1318</name>
        <extensions>
          <speed_mps>26.822</speed_mps>
          <speed_mph>60.0</speed_mph>
        </extensions>
      </trkpt>
      <trkpt lat="52.2417200" lon="NaN">
        <ele>0</ele>
        <time>2026-06-26T08:27:02.630Z</time>
        <name>1319</name>
        <extensions>
          <speed_mps>26.822</speed_mps>
          <speed_mph>60.0</speed_mph>
        </extensions>
      </trkpt>
      <trkpt lat="52.2411700" lon="NaN">
        <ele>0</ele>
        <time>2026-06-26T08:27:05.401Z</time>
        <name>1320</name>
        <extensions>
          <speed_mps>26.822</speed_mps>
          <speed_mph>60.0</speed_mph>
        </extensions>
      </trkpt>
      <trkpt lat="52.2405600" lon="NaN">
        <ele>0</ele>
        <time>2026-06-26T08:27:08.290Z</time>
        <name>1321</name>
        <extensions>
          <speed_mps>26.822</speed_mps>
          <speed_mph>60.0</speed_mph>
        </extensions>
      </trkpt>
      <trkpt lat="52.2404300" lon="NaN">
        <ele>0</ele>
        <time>2026-06-26T08:27:08.875Z</time>
        <name>1322</name>
        <extensions>
          <speed_mps>26.822</speed_mps>
          <speed_mph>60.0</speed_mph>
        </extensions>
      </trkpt>
      <trkpt lat="52.2404000" lon="NaN">
        <ele>0</ele>
        <time>2026-06-26T08:27:09.021Z</time>
        <name>1323</name>
        <extensions>
          <speed_mps>26.822</speed_mps>
          <speed_mph>60.0</speed_mph>
        </extensions>
      </trkpt>
      <trkpt lat="52.2401200" lon="NaN">
        <ele>0</ele>
        <time>2026-06-26T08:27:10.251Z</time>
        <name>1324</name>
        <extensions>
          <speed_mps>26.822</speed_mps>
          <speed_mph>60.0</speed_mph>
        </extensions>
      </trkpt>
      <trkpt lat="52.2399200" lon="NaN">
        <ele>0</ele>
        <time>2026-06-26T08:27:11.111Z</time>
        <name>1325</name>
        <extensions>
          <speed_mps>26.822</speed_mps>
          <speed_mph>60.0</speed_mph>
        </extensions>
      </trkpt>
      <trkpt lat="52.2395700" lon="NaN">
        <ele>0</ele>
        <time>2026-06-26T08:27:12.584Z</time>
        <name>1326</name>
        <extensions>
          <speed_mps>26.822</speed_mps>
          <speed_mph>60.0</speed_mph>
        </extensions>
      </trkpt>
      <trkpt lat="52.2388500" lon="NaN">
        <ele>0</ele>
        <time>2026-06-26T08:27:15.596Z</time>
        <name>1327</name>
        <extensions>
          <speed_mps>26.822</speed_mps>
          <speed_mph>60.0</speed_mph>
        </extensions>
      </trkpt>
      <trkpt lat="52.2385400" lon="NaN">
        <ele>0</ele>
        <time>2026-06-26T08:27:16.887Z</time>
        <name>1328</name>
        <extensions>
          <speed_mps>26.822</speed_mps>
          <speed_mph>60.0</speed_mph>
        </extensions>
      </trkpt>
      <trkpt lat="52.2385000" lon="NaN">
        <ele>0</ele>
        <time>2026-06-26T08:27:17.055Z</time>
        <name>1329</name>
        <extensions>
          <speed_mps>26.822</speed_mps>
          <speed_mph>60.0</speed_mph>
        </extensions>
      </trkpt>
      <trkpt lat="52.2384300" lon="NaN">
        <ele>0</ele>
        <time>2026-06-26T08:27:17.346Z</time>
        <name>1330</name>
        <extensions>
          <speed_mps>26.822</speed_mps>
          <speed_mph>60.0</speed_mph>
        </extensions>
      </trkpt>
      <trkpt lat="52.2383900" lon="NaN">
        <ele>0</ele>
        <time>2026-06-26T08:27:17.514Z</time>
        <name>1331</name>
        <extensions>
          <speed_mps>26.822</speed_mps>
          <speed_mph>60.0</speed_mph>
        </extensions>
      </trkpt>
      <trkpt lat="52.2380200" lon="NaN">
        <ele>0</ele>
        <time>2026-06-26T08:27:19.056Z</time>
        <name>1332</name>
        <extensions>
          <speed_mps>26.822</speed_mps>
          <speed_mph>60.0</speed_mph>
        </extensions>
      </trkpt>
      <trkpt lat="52.2379700" lon="NaN">
        <ele>0</ele>
        <time>2026-06-26T08:27:19.276Z</time>
        <name>1333</name>
        <extensions>
          <speed_mps>26.822</speed_mps>
          <speed_mph>60.0</speed_mph>
        </extensions>
      </trkpt>
      <trkpt lat="52.2379200" lon="NaN">
        <ele>0</ele>
        <time>2026-06-26T08:27:19.490Z</time>
        <name>1334</name>
        <extensions>
          <speed_mps>26.822</speed_mps>
          <speed_mph>60.0</speed_mph>
        </extensions>
      </trkpt>
      <trkpt lat="52.2378100" lon="NaN">
        <ele>0</ele>
        <time>2026-06-26T08:27:19.989Z</time>
        <name>1335</name>
        <extensions>
          <speed_mps>26.822</speed_mps>
          <speed_mph>60.0</speed_mph>
        </extensions>
      </trkpt>
      <trkpt lat="52.2377300" lon="NaN">
        <ele>0</ele>
        <time>2026-06-26T08:27:20.392Z</time>
        <name>1336</name>
        <extensions>
          <speed_mps>26.822</speed_mps>
          <speed_mph>60.0</speed_mph>
        </extensions>
      </trkpt>
      <trkpt lat="52.2375000" lon="NaN">
        <ele>0</ele>
        <time>2026-06-26T08:27:21.612Z</time>
        <name>1337</name>
        <extensions>
          <speed_mps>26.822</speed_mps>
          <speed_mph>60.0</speed_mph>
        </extensions>
      </trkpt>
      <trkpt lat="52.2374900" lon="NaN">
        <ele>0</ele>
        <time>2026-06-26T08:27:21.661Z</time>
        <name>1338</name>
        <extensions>
          <speed_mps>26.822</speed_mps>
          <speed_mph>60.0</speed_mph>
        </extensions>
      </trkpt>
      <trkpt lat="52.2372200" lon="NaN">
        <ele>0</ele>
        <time>2026-06-26T08:27:23.224Z</time>
        <name>1339</name>
        <extensions>
          <speed_mps>26.822</speed_mps>
          <speed_mph>60.0</speed_mph>
        </extensions>
      </trkpt>
      <trkpt lat="52.2367800" lon="NaN">
        <ele>0</ele>
        <time>2026-06-26T08:27:25.973Z</time>
        <name>1340</name>
        <extensions>
          <speed_mps>26.822</speed_mps>
          <speed_mph>60.0</speed_mph>
        </extensions>
      </trkpt>
      <trkpt lat="52.2366400" lon="NaN">
        <ele>0</ele>
        <time>2026-06-26T08:27:26.778Z</time>
        <name>1341</name>
        <extensions>
          <speed_mps>26.822</speed_mps>
          <speed_mph>60.0</speed_mph>
        </extensions>
      </trkpt>
      <trkpt lat="52.2364400" lon="NaN">
        <ele>0</ele>
        <time>2026-06-26T08:27:27.854Z</time>
        <name>1342</name>
        <extensions>
          <speed_mps>26.822</speed_mps>
          <speed_mph>60.0</speed_mph>
        </extensions>
      </trkpt>
      <trkpt lat="52.2361500" lon="NaN">
        <ele>0</ele>
        <time>2026-06-26T08:27:29.364Z</time>
        <name>1343</name>
        <extensions>
          <speed_mps>26.822</speed_mps>
          <speed_mph>60.0</speed_mph>
        </extensions>
      </trkpt>
      <trkpt lat="52.2360300" lon="NaN">
        <ele>0</ele>
        <time>2026-06-26T08:27:29.961Z</time>
        <name>1344</name>
        <extensions>
          <speed_mps>26.822</speed_mps>
          <speed_mph>60.0</speed_mph>
        </extensions>
      </trkpt>
      <trkpt lat="52.2360100" lon="NaN">
        <ele>0</ele>
        <time>2026-06-26T08:27:30.074Z</time>
        <name>1345</name>
        <extensions>
          <speed_mps>26.822</speed_mps>
          <speed_mph>60.0</speed_mph>
        </extensions>
      </trkpt>
      <trkpt lat="52.2356200" lon="NaN">
        <ele>0</ele>
        <time>2026-06-26T08:27:32.083Z</time>
        <name>1346</name>
        <extensions>
          <speed_mps>26.822</speed_mps>
          <speed_mph>60.0</speed_mph>
        </extensions>
      </trkpt>
      <trkpt lat="52.2350000" lon="NaN">
        <ele>0</ele>
        <time>2026-06-26T08:27:35.208Z</time>
        <name>1347</name>
        <extensions>
          <speed_mps>26.822</speed_mps>
          <speed_mph>60.0</speed_mph>
        </extensions>
      </trkpt>
      <trkpt lat="52.2340900" lon="NaN">
        <ele>0</ele>
        <time>2026-06-26T08:27:39.619Z</time>
        <name>1348</name>
        <extensions>
          <speed_mps>26.822</speed_mps>
          <speed_mph>60.0</speed_mph>
        </extensions>
      </trkpt>
      <trkpt lat="52.2337500" lon="NaN">
        <ele>0</ele>
        <time>2026-06-26T08:27:41.209Z</time>
        <name>1349</name>
        <extensions>
          <speed_mps>26.822</speed_mps>
          <speed_mph>60.0</speed_mph>
        </extensions>
      </trkpt>
      <trkpt lat="52.2328200" lon="NaN">
        <ele>0</ele>
        <time>2026-06-26T08:27:45.403Z</time>
        <name>1350</name>
        <extensions>
          <speed_mps>26.822</speed_mps>
          <speed_mph>60.0</speed_mph>
        </extensions>
      </trkpt>
      <trkpt lat="52.2324700" lon="NaN">
        <ele>0</ele>
        <time>2026-06-26T08:27:47.030Z</time>
        <name>1351</name>
        <extensions>
          <speed_mps>26.822</speed_mps>
          <speed_mph>60.0</speed_mph>
        </extensions>
      </trkpt>
      <trkpt lat="52.2320400" lon="NaN">
        <ele>0</ele>
        <time>2026-06-26T08:27:49.082Z</time>
        <name>1352</name>
        <extensions>
          <speed_mps>26.822</speed_mps>
          <speed_mph>60.0</speed_mph>
        </extensions>
      </trkpt>
      <trkpt lat="52.2315700" lon="NaN">
        <ele>0</ele>
        <time>2026-06-26T08:27:51.366Z</time>
        <name>1353</name>
        <extensions>
          <speed_mps>26.822</speed_mps>
          <speed_mph>60.0</speed_mph>
        </extensions>
      </trkpt>
      <trkpt lat="52.2312900" lon="NaN">
        <ele>0</ele>
        <time>2026-06-26T08:27:52.666Z</time>
        <name>1354</name>
        <extensions>
          <speed_mps>26.822</speed_mps>
          <speed_mph>60.0</speed_mph>
        </extensions>
      </trkpt>
      <trkpt lat="52.2311200" lon="NaN">
        <ele>0</ele>
        <time>2026-06-26T08:27:53.424Z</time>
        <name>1355</name>
        <extensions>
          <speed_mps>26.822</speed_mps>
          <speed_mph>60.0</speed_mph>
        </extensions>
      </trkpt>
      <trkpt lat="52.2309500" lon="NaN">
        <ele>0</ele>
        <time>2026-06-26T08:27:54.157Z</time>
        <name>1356</name>
        <extensions>
          <speed_mps>26.822</speed_mps>
          <speed_mph>60.0</speed_mph>
        </extensions>
      </trkpt>
      <trkpt lat="52.2309400" lon="NaN">
        <ele>0</ele>
        <time>2026-06-26T08:27:54.206Z</time>
        <name>1357</name>
        <extensions>
          <speed_mps>26.822</speed_mps>
          <speed_mph>60.0</speed_mph>
        </extensions>
      </trkpt>
      <trkpt lat="52.2307700" lon="NaN">
        <ele>0</ele>
        <time>2026-06-26T08:27:54.933Z</time>
        <name>1358</name>
        <extensions>
          <speed_mps>26.822</speed_mps>
          <speed_mph>60.0</speed_mph>
        </extensions>
      </trkpt>
      <trkpt lat="52.2306100" lon="NaN">
        <ele>0</ele>
        <time>2026-06-26T08:27:55.626Z</time>
        <name>1359</name>
        <extensions>
          <speed_mps>26.822</speed_mps>
          <speed_mph>60.0</speed_mph>
        </extensions>
      </trkpt>
      <trkpt lat="52.2304700" lon="NaN">
        <ele>0</ele>
        <time>2026-06-26T08:27:56.260Z</time>
        <name>1360</name>
        <extensions>
          <speed_mps>26.822</speed_mps>
          <speed_mph>60.0</speed_mph>
        </extensions>
      </trkpt>
      <trkpt lat="52.2302900" lon="NaN">
        <ele>0</ele>
        <time>2026-06-26T08:27:57.110Z</time>
        <name>1361</name>
        <extensions>
          <speed_mps>26.822</speed_mps>
          <speed_mph>60.0</speed_mph>
        </extensions>
      </trkpt>
      <trkpt lat="52.2301400" lon="NaN">
        <ele>0</ele>
        <time>2026-06-26T08:27:57.867Z</time>
        <name>1362</name>
        <extensions>
          <speed_mps>26.822</speed_mps>
          <speed_mph>60.0</speed_mph>
        </extensions>
      </trkpt>
      <trkpt lat="52.2301200" lon="NaN">
        <ele>0</ele>
        <time>2026-06-26T08:27:57.953Z</time>
        <name>1363</name>
        <extensions>
          <speed_mps>26.822</speed_mps>
          <speed_mph>60.0</speed_mph>
        </extensions>
      </trkpt>
      <trkpt lat="52.2298300" lon="NaN">
        <ele>0</ele>
        <time>2026-06-26T08:27:59.495Z</time>
        <name>1364</name>
        <extensions>
          <speed_mps>26.822</speed_mps>
          <speed_mph>60.0</speed_mph>
        </extensions>
      </trkpt>
      <trkpt lat="52.2296100" lon="NaN">
        <ele>0</ele>
        <time>2026-06-26T08:28:00.700Z</time>
        <name>1365</name>
        <extensions>
          <speed_mps>26.822</speed_mps>
          <speed_mph>60.0</speed_mph>
        </extensions>
      </trkpt>
      <trkpt lat="52.2294500" lon="NaN">
        <ele>0</ele>
        <time>2026-06-26T08:28:01.618Z</time>
        <name>1366</name>
        <extensions>
          <speed_mps>26.822</speed_mps>
          <speed_mph>60.0</speed_mph>
        </extensions>
      </trkpt>
      <trkpt lat="52.2294300" lon="NaN">
        <ele>0</ele>
        <time>2026-06-26T08:28:01.749Z</time>
        <name>1367</name>
        <extensions>
          <speed_mps>26.822</speed_mps>
          <speed_mph>60.0</speed_mph>
        </extensions>
      </trkpt>
      <trkpt lat="52.2293200" lon="NaN">
        <ele>0</ele>
        <time>2026-06-26T08:28:02.360Z</time>
        <name>1368</name>
        <extensions>
          <speed_mps>26.822</speed_mps>
          <speed_mph>60.0</speed_mph>
        </extensions>
      </trkpt>
      <trkpt lat="52.2290500" lon="NaN">
        <ele>0</ele>
        <time>2026-06-26T08:28:03.959Z</time>
        <name>1369</name>
        <extensions>
          <speed_mps>26.822</speed_mps>
          <speed_mph>60.0</speed_mph>
        </extensions>
      </trkpt>
      <trkpt lat="52.2288800" lon="NaN">
        <ele>0</ele>
        <time>2026-06-26T08:28:05.035Z</time>
        <name>1370</name>
        <extensions>
          <speed_mps>26.822</speed_mps>
          <speed_mph>60.0</speed_mph>
        </extensions>
      </trkpt>
      <trkpt lat="52.2285000" lon="NaN">
        <ele>0</ele>
        <time>2026-06-26T08:28:07.585Z</time>
        <name>1371</name>
        <extensions>
          <speed_mps>26.822</speed_mps>
          <speed_mph>60.0</speed_mph>
        </extensions>
      </trkpt>
      <trkpt lat="52.2284900" lon="NaN">
        <ele>0</ele>
        <time>2026-06-26T08:28:07.672Z</time>
        <name>1372</name>
        <extensions>
          <speed_mps>26.822</speed_mps>
          <speed_mph>60.0</speed_mph>
        </extensions>
      </trkpt>
      <trkpt lat="52.2281900" lon="NaN">
        <ele>0</ele>
        <time>2026-06-26T08:28:09.658Z</time>
        <name>1373</name>
        <extensions>
          <speed_mps>26.822</speed_mps>
          <speed_mph>60.0</speed_mph>
        </extensions>
      </trkpt>
      <trkpt lat="52.2281000" lon="NaN">
        <ele>0</ele>
        <time>2026-06-26T08:28:10.192Z</time>
        <name>1374</name>
        <extensions>
          <speed_mps>26.822</speed_mps>
          <speed_mph>60.0</speed_mph>
        </extensions>
      </trkpt>
      <trkpt lat="52.2280000" lon="NaN">
        <ele>0</ele>
        <time>2026-06-26T08:28:10.738Z</time>
        <name>1375</name>
        <extensions>
          <speed_mps>26.822</speed_mps>
          <speed_mph>60.0</speed_mph>
        </extensions>
      </trkpt>
      <trkpt lat="52.2279800" lon="NaN">
        <ele>0</ele>
        <time>2026-06-26T08:28:10.869Z</time>
        <name>1376</name>
        <extensions>
          <speed_mps>26.822</speed_mps>
          <speed_mph>60.0</speed_mph>
        </extensions>
      </trkpt>
      <trkpt lat="52.2274000" lon="NaN">
        <ele>0</ele>
        <time>2026-06-26T08:28:14.017Z</time>
        <name>1377</name>
        <extensions>
          <speed_mps>26.822</speed_mps>
          <speed_mph>60.0</speed_mph>
        </extensions>
      </trkpt>
      <trkpt lat="52.2266200" lon="NaN">
        <ele>0</ele>
        <time>2026-06-26T08:28:18.583Z</time>
        <name>1378</name>
        <extensions>
          <speed_mps>26.822</speed_mps>
          <speed_mph>60.0</speed_mph>
        </extensions>
      </trkpt>
      <trkpt lat="52.2263200" lon="NaN">
        <ele>0</ele>
        <time>2026-06-26T08:28:20.255Z</time>
        <name>1379</name>
        <extensions>
          <speed_mps>26.822</speed_mps>
          <speed_mph>60.0</speed_mph>
        </extensions>
      </trkpt>
      <trkpt lat="52.2260800" lon="NaN">
        <ele>0</ele>
        <time>2026-06-26T08:28:21.493Z</time>
        <name>1380</name>
        <extensions>
          <speed_mps>26.822</speed_mps>
          <speed_mph>60.0</speed_mph>
        </extensions>
      </trkpt>
      <trkpt lat="52.2256100" lon="NaN">
        <ele>0</ele>
        <time>2026-06-26T08:28:23.752Z</time>
        <name>1381</name>
        <extensions>
          <speed_mps>26.822</speed_mps>
          <speed_mph>60.0</speed_mph>
        </extensions>
      </trkpt>
      <trkpt lat="52.2252700" lon="NaN">
        <ele>0</ele>
        <time>2026-06-26T08:28:25.331Z</time>
        <name>1382</name>
        <extensions>
          <speed_mps>26.822</speed_mps>
          <speed_mph>60.0</speed_mph>
        </extensions>
      </trkpt>
      <trkpt lat="52.2248300" lon="NaN">
        <ele>0</ele>
        <time>2026-06-26T08:28:27.338Z</time>
        <name>1383</name>
        <extensions>
          <speed_mps>26.822</speed_mps>
          <speed_mph>60.0</speed_mph>
        </extensions>
      </trkpt>
      <trkpt lat="52.2245400" lon="NaN">
        <ele>0</ele>
        <time>2026-06-26T08:28:28.698Z</time>
        <name>1384</name>
        <extensions>
          <speed_mps>26.822</speed_mps>
          <speed_mph>60.0</speed_mph>
        </extensions>
      </trkpt>
      <trkpt lat="52.2244200" lon="NaN">
        <ele>0</ele>
        <time>2026-06-26T08:28:29.235Z</time>
        <name>1385</name>
        <extensions>
          <speed_mps>26.822</speed_mps>
          <speed_mph>60.0</speed_mph>
        </extensions>
      </trkpt>
      <trkpt lat="52.2243200" lon="NaN">
        <ele>0</ele>
        <time>2026-06-26T08:28:29.697Z</time>
        <name>1386</name>
        <extensions>
          <speed_mps>26.822</speed_mps>
          <speed_mph>60.0</speed_mph>
        </extensions>
      </trkpt>
      <trkpt lat="52.2242200" lon="NaN">
        <ele>0</ele>
        <time>2026-06-26T08:28:30.138Z</time>
        <name>1387</name>
        <extensions>
          <speed_mps>26.822</speed_mps>
          <speed_mph>60.0</speed_mph>
        </extensions>
      </trkpt>
      <trkpt lat="52.2241000" lon="NaN">
        <ele>0</ele>
        <time>2026-06-26T08:28:30.658Z</time>
        <name>1388</name>
        <extensions>
          <speed_mps>26.822</speed_mps>
          <speed_mph>60.0</speed_mph>
        </extensions>
      </trkpt>
      <trkpt lat="52.2239400" lon="NaN">
        <ele>0</ele>
        <time>2026-06-26T08:28:31.339Z</time>
        <name>1389</name>
        <extensions>
          <speed_mps>26.822</speed_mps>
          <speed_mph>60.0</speed_mph>
        </extensions>
      </trkpt>
      <trkpt lat="52.2236000" lon="NaN">
        <ele>0</ele>
        <time>2026-06-26T08:28:32.757Z</time>
        <name>1390</name>
        <extensions>
          <speed_mps>26.822</speed_mps>
          <speed_mph>60.0</speed_mph>
        </extensions>
      </trkpt>
      <trkpt lat="52.2234100" lon="NaN">
        <ele>0</ele>
        <time>2026-06-26T08:28:33.545Z</time>
        <name>1391</name>
        <extensions>
          <speed_mps>26.822</speed_mps>
          <speed_mph>60.0</speed_mph>
        </extensions>
      </trkpt>
      <trkpt lat="52.2232600" lon="NaN">
        <ele>0</ele>
        <time>2026-06-26T08:28:34.169Z</time>
        <name>1392</name>
        <extensions>
          <speed_mps>26.822</speed_mps>
          <speed_mph>60.0</speed_mph>
        </extensions>
      </trkpt>
      <trkpt lat="52.2231300" lon="NaN">
        <ele>0</ele>
        <time>2026-06-26T08:28:34.713Z</time>
        <name>1393</name>
        <extensions>
          <speed_mps>26.822</speed_mps>
          <speed_mph>60.0</speed_mph>
        </extensions>
      </trkpt>
      <trkpt lat="52.2229900" lon="NaN">
        <ele>0</ele>
        <time>2026-06-26T08:28:35.307Z</time>
        <name>1394</name>
        <extensions>
          <speed_mps>26.822</speed_mps>
          <speed_mph>60.0</speed_mph>
        </extensions>
      </trkpt>
      <trkpt lat="52.2225900" lon="NaN">
        <ele>0</ele>
        <time>2026-06-26T08:28:37.074Z</time>
        <name>1395</name>
        <extensions>
          <speed_mps>26.822</speed_mps>
          <speed_mph>60.0</speed_mph>
        </extensions>
      </trkpt>
      <trkpt lat="52.2224100" lon="NaN">
        <ele>0</ele>
        <time>2026-06-26T08:28:37.880Z</time>
        <name>1396</name>
        <extensions>
          <speed_mps>26.822</speed_mps>
          <speed_mph>60.0</speed_mph>
        </extensions>
      </trkpt>
      <trkpt lat="52.2222000" lon="NaN">
        <ele>0</ele>
        <time>2026-06-26T08:28:38.875Z</time>
        <name>1397</name>
        <extensions>
          <speed_mps>26.822</speed_mps>
          <speed_mph>60.0</speed_mph>
        </extensions>
      </trkpt>
      <trkpt lat="52.2220200" lon="NaN">
        <ele>0</ele>
        <time>2026-06-26T08:28:39.750Z</time>
        <name>1398</name>
        <extensions>
          <speed_mps>26.822</speed_mps>
          <speed_mph>60.0</speed_mph>
        </extensions>
      </trkpt>
      <trkpt lat="52.2204600" lon="NaN">
        <ele>0</ele>
        <time>2026-06-26T08:28:47.526Z</time>
        <name>1399</name>
        <extensions>
          <speed_mps>26.822</speed_mps>
          <speed_mph>60.0</speed_mph>
        </extensions>
      </trkpt>
      <trkpt lat="52.2191800" lon="NaN">
        <ele>0</ele>
        <time>2026-06-26T08:28:54.073Z</time>
        <name>1400</name>
        <extensions>
          <speed_mps>26.822</speed_mps>
          <speed_mph>60.0</speed_mph>
        </extensions>
      </trkpt>
      <trkpt lat="52.2187700" lon="NaN">
        <ele>0</ele>
        <time>2026-06-26T08:28:56.136Z</time>
        <name>1401</name>
        <extensions>
          <speed_mps>26.822</speed_mps>
          <speed_mph>60.0</speed_mph>
        </extensions>
      </trkpt>
      <trkpt lat="52.2184300" lon="NaN">
        <ele>0</ele>
        <time>2026-06-26T08:28:57.802Z</time>
        <name>1402</name>
        <extensions>
          <speed_mps>26.822</speed_mps>
          <speed_mph>60.0</speed_mph>
        </extensions>
      </trkpt>
      <trkpt lat="52.2182400" lon="NaN">
        <ele>0</ele>
        <time>2026-06-26T08:28:58.689Z</time>
        <name>1403</name>
        <extensions>
          <speed_mps>26.822</speed_mps>
          <speed_mph>60.0</speed_mph>
        </extensions>
      </trkpt>
      <trkpt lat="52.2180800" lon="NaN">
        <ele>0</ele>
        <time>2026-06-26T08:28:59.408Z</time>
        <name>1404</name>
        <extensions>
          <speed_mps>26.822</speed_mps>
          <speed_mph>60.0</speed_mph>
        </extensions>
      </trkpt>
      <trkpt lat="52.2178700" lon="NaN">
        <ele>0</ele>
        <time>2026-06-26T08:29:00.323Z</time>
        <name>1405</name>
        <extensions>
          <speed_mps>26.822</speed_mps>
          <speed_mph>60.0</speed_mph>
        </extensions>
      </trkpt>
      <trkpt lat="52.2178600" lon="NaN">
        <ele>0</ele>
        <time>2026-06-26T08:29:00.371Z</time>
        <name>1406</name>
        <extensions>
          <speed_mps>26.822</speed_mps>
          <speed_mph>60.0</speed_mph>
        </extensions>
      </trkpt>
      <trkpt lat="52.2175800" lon="NaN">
        <ele>0</ele>
        <time>2026-06-26T08:29:01.571Z</time>
        <name>1407</name>
        <extensions>
          <speed_mps>26.822</speed_mps>
          <speed_mph>60.0</speed_mph>
        </extensions>
      </trkpt>
      <trkpt lat="52.2175700" lon="NaN">
        <ele>0</ele>
        <time>2026-06-26T08:29:01.754Z</time>
        <name>1408</name>
        <extensions>
          <speed_mps>26.822</speed_mps>
          <speed_mph>60.0</speed_mph>
        </extensions>
      </trkpt>
      <trkpt lat="52.2175700" lon="NaN">
        <ele>0</ele>
        <time>2026-06-26T08:29:01.906Z</time>
        <name>1409</name>
        <extensions>
          <speed_mps>26.822</speed_mps>
          <speed_mph>60.0</speed_mph>
        </extensions>
      </trkpt>
      <trkpt lat="52.2175500" lon="NaN">
        <ele>0</ele>
        <time>2026-06-26T08:29:02.321Z</time>
        <name>1410</name>
        <extensions>
          <speed_mps>26.822</speed_mps>
          <speed_mph>60.0</speed_mph>
        </extensions>
      </trkpt>
      <trkpt lat="52.2175100" lon="NaN">
        <ele>0</ele>
        <time>2026-06-26T08:29:03.955Z</time>
        <name>1411</name>
        <extensions>
          <speed_mps>26.822</speed_mps>
          <speed_mph>60.0</speed_mph>
        </extensions>
      </trkpt>
      <trkpt lat="52.2175100" lon="NaN">
        <ele>0</ele>
        <time>2026-06-26T08:29:13.683Z</time>
        <name>1412</name>
        <extensions>
          <speed_mps>26.822</speed_mps>
          <speed_mph>60.0</speed_mph>
        </extensions>
      </trkpt>
      <trkpt lat="52.2176800" lon="NaN">
        <ele>0</ele>
        <time>2026-06-26T08:29:22.119Z</time>
        <name>1413</name>
        <extensions>
          <speed_mps>26.822</speed_mps>
          <speed_mph>60.0</speed_mph>
        </extensions>
      </trkpt>
      <trkpt lat="52.2176800" lon="NaN">
        <ele>0</ele>
        <time>2026-06-26T08:29:23.008Z</time>
        <name>1414</name>
        <extensions>
          <speed_mps>26.822</speed_mps>
          <speed_mph>60.0</speed_mph>
        </extensions>
      </trkpt>
      <trkpt lat="52.2176400" lon="NaN">
        <ele>0</ele>
        <time>2026-06-26T08:29:23.912Z</time>
        <name>1415</name>
        <extensions>
          <speed_mps>26.822</speed_mps>
          <speed_mph>60.0</speed_mph>
        </extensions>
      </trkpt>
      <trkpt lat="52.2175900" lon="NaN">
        <ele>0</ele>
        <time>2026-06-26T08:29:24.653Z</time>
        <name>1416</name>
        <extensions>
          <speed_mps>26.822</speed_mps>
          <speed_mph>60.0</speed_mph>
        </extensions>
      </trkpt>
      <trkpt lat="52.2175900" lon="NaN">
        <ele>0</ele>
        <time>2026-06-26T08:29:24.704Z</time>
        <name>1417</name>
        <extensions>
          <speed_mps>26.822</speed_mps>
          <speed_mph>60.0</speed_mph>
        </extensions>
      </trkpt>
      <trkpt lat="52.2175000" lon="NaN">
        <ele>0</ele>
        <time>2026-06-26T08:29:25.930Z</time>
        <name>1418</name>
        <extensions>
          <speed_mps>26.822</speed_mps>
          <speed_mph>60.0</speed_mph>
        </extensions>
      </trkpt>
      <trkpt lat="52.2174300" lon="NaN">
        <ele>0</ele>
        <time>2026-06-26T08:29:27.134Z</time>
        <name>1419</name>
        <extensions>
          <speed_mps>26.822</speed_mps>
          <speed_mph>60.0</speed_mph>
        </extensions>
      </trkpt>
      <trkpt lat="52.2174200" lon="NaN">
        <ele>0</ele>
        <time>2026-06-26T08:29:28.379Z</time>
        <name>1420</name>
        <extensions>
          <speed_mps>26.822</speed_mps>
          <speed_mph>60.0</speed_mph>
        </extensions>
      </trkpt>
      <trkpt lat="52.2174800" lon="NaN">
        <ele>0</ele>
        <time>2026-06-26T08:29:30.200Z</time>
        <name>1421</name>
        <extensions>
          <speed_mps>26.822</speed_mps>
          <speed_mph>60.0</speed_mph>
        </extensions>
      </trkpt>
      <trkpt lat="52.2174700" lon="NaN">
        <ele>0</ele>
        <time>2026-06-26T08:29:31.014Z</time>
        <name>1422</name>
        <extensions>
          <speed_mps>26.822</speed_mps>
          <speed_mph>60.0</speed_mph>
        </extensions>
      </trkpt>
      <trkpt lat="52.2174300" lon="NaN">
        <ele>0</ele>
        <time>2026-06-26T08:29:31.769Z</time>
        <name>1423</name>
        <extensions>
          <speed_mps>26.822</speed_mps>
          <speed_mph>60.0</speed_mph>
        </extensions>
      </trkpt>
      <trkpt lat="52.2173900" lon="NaN">
        <ele>0</ele>
        <time>2026-06-26T08:29:32.303Z</time>
        <name>1424</name>
        <extensions>
          <speed_mps>26.822</speed_mps>
          <speed_mph>60.0</speed_mph>
        </extensions>
      </trkpt>
      <trkpt lat="52.2173200" lon="NaN">
        <ele>0</ele>
        <time>2026-06-26T08:29:32.888Z</time>
        <name>1425</name>
        <extensions>
          <speed_mps>26.822</speed_mps>
          <speed_mph>60.0</speed_mph>
        </extensions>
      </trkpt>
      <trkpt lat="52.2172100" lon="NaN">
        <ele>0</ele>
        <time>2026-06-26T08:29:33.629Z</time>
        <name>1426</name>
        <extensions>
          <speed_mps>26.822</speed_mps>
          <speed_mph>60.0</speed_mph>
        </extensions>
      </trkpt>
      <trkpt lat="52.2170800" lon="NaN">
        <ele>0</ele>
        <time>2026-06-26T08:29:34.352Z</time>
        <name>1427</name>
        <extensions>
          <speed_mps>26.822</speed_mps>
          <speed_mph>60.0</speed_mph>
        </extensions>
      </trkpt>
      <trkpt lat="52.2167600" lon="NaN">
        <ele>0</ele>
        <time>2026-06-26T08:29:35.792Z</time>
        <name>1428</name>
        <extensions>
          <speed_mps>26.822</speed_mps>
          <speed_mph>60.0</speed_mph>
        </extensions>
      </trkpt>
      <trkpt lat="52.2167500" lon="NaN">
        <ele>0</ele>
        <time>2026-06-26T08:29:35.833Z</time>
        <name>1429</name>
        <extensions>
          <speed_mps>26.822</speed_mps>
          <speed_mph>60.0</speed_mph>
        </extensions>
      </trkpt>
      <trkpt lat="52.2161600" lon="NaN">
        <ele>0</ele>
        <time>2026-06-26T08:29:38.374Z</time>
        <name>1430</name>
        <extensions>
          <speed_mps>26.822</speed_mps>
          <speed_mph>60.0</speed_mph>
        </extensions>
      </trkpt>
      <trkpt lat="52.2158500" lon="NaN">
        <ele>0</ele>
        <time>2026-06-26T08:29:39.738Z</time>
        <name>1431</name>
        <extensions>
          <speed_mps>26.822</speed_mps>
          <speed_mph>60.0</speed_mph>
        </extensions>
      </trkpt>
      <trkpt lat="52.2157200" lon="NaN">
        <ele>0</ele>
        <time>2026-06-26T08:29:40.333Z</time>
        <name>1432</name>
        <extensions>
          <speed_mps>26.822</speed_mps>
          <speed_mph>60.0</speed_mph>
        </extensions>
      </trkpt>
      <trkpt lat="52.2155600" lon="NaN">
        <ele>0</ele>
        <time>2026-06-26T08:29:41.053Z</time>
        <name>1433</name>
        <extensions>
          <speed_mps>26.822</speed_mps>
          <speed_mph>60.0</speed_mph>
        </extensions>
      </trkpt>
      <trkpt lat="52.2152500" lon="NaN">
        <ele>0</ele>
        <time>2026-06-26T08:29:42.476Z</time>
        <name>1434</name>
        <extensions>
          <speed_mps>26.822</speed_mps>
          <speed_mph>60.0</speed_mph>
        </extensions>
      </trkpt>
      <trkpt lat="52.2152300" lon="NaN">
        <ele>0</ele>
        <time>2026-06-26T08:29:42.562Z</time>
        <name>1435</name>
        <extensions>
          <speed_mps>26.822</speed_mps>
          <speed_mph>60.0</speed_mph>
        </extensions>
      </trkpt>
      <trkpt lat="52.2150200" lon="NaN">
        <ele>0</ele>
        <time>2026-06-26T08:29:43.546Z</time>
        <name>1436</name>
        <extensions>
          <speed_mps>26.822</speed_mps>
          <speed_mph>60.0</speed_mph>
        </extensions>
      </trkpt>
      <trkpt lat="52.2147600" lon="NaN">
        <ele>0</ele>
        <time>2026-06-26T08:29:44.810Z</time>
        <name>1437</name>
        <extensions>
          <speed_mps>26.822</speed_mps>
          <speed_mph>60.0</speed_mph>
        </extensions>
      </trkpt>
      <trkpt lat="52.2146200" lon="NaN">
        <ele>0</ele>
        <time>2026-06-26T08:29:45.533Z</time>
        <name>1438</name>
        <extensions>
          <speed_mps>26.822</speed_mps>
          <speed_mph>60.0</speed_mph>
        </extensions>
      </trkpt>
      <trkpt lat="52.2143900" lon="NaN">
        <ele>0</ele>
        <time>2026-06-26T08:29:46.665Z</time>
        <name>1439</name>
        <extensions>
          <speed_mps>26.822</speed_mps>
          <speed_mph>60.0</speed_mph>
        </extensions>
      </trkpt>
      <trkpt lat="52.2141700" lon="NaN">
        <ele>0</ele>
        <time>2026-06-26T08:29:47.685Z</time>
        <name>1440</name>
        <extensions>
          <speed_mps>26.822</speed_mps>
          <speed_mph>60.0</speed_mph>
        </extensions>
      </trkpt>
      <trkpt lat="52.2135700" lon="NaN">
        <ele>0</ele>
        <time>2026-06-26T08:29:50.589Z</time>
        <name>1441</name>
        <extensions>
          <speed_mps>26.822</speed_mps>
          <speed_mph>60.0</speed_mph>
        </extensions>
      </trkpt>
      <trkpt lat="52.2135300" lon="NaN">
        <ele>0</ele>
        <time>2026-06-26T08:29:50.771Z</time>
        <name>1442</name>
        <extensions>
          <speed_mps>26.822</speed_mps>
          <speed_mph>60.0</speed_mph>
        </extensions>
      </trkpt>
      <trkpt lat="52.2134300" lon="NaN">
        <ele>0</ele>
        <time>2026-06-26T08:29:51.245Z</time>
        <name>1443</name>
        <extensions>
          <speed_mps>26.822</speed_mps>
          <speed_mph>60.0</speed_mph>
        </extensions>
      </trkpt>
      <trkpt lat="52.2133700" lon="NaN">
        <ele>0</ele>
        <time>2026-06-26T08:29:51.505Z</time>
        <name>1444</name>
        <extensions>
          <speed_mps>26.822</speed_mps>
          <speed_mph>60.0</speed_mph>
        </extensions>
      </trkpt>
      <trkpt lat="52.2132200" lon="NaN">
        <ele>0</ele>
        <time>2026-06-26T08:29:52.177Z</time>
        <name>1445</name>
        <extensions>
          <speed_mps>26.822</speed_mps>
          <speed_mph>60.0</speed_mph>
        </extensions>
      </trkpt>
      <trkpt lat="52.2132000" lon="NaN">
        <ele>0</ele>
        <time>2026-06-26T08:29:52.263Z</time>
        <name>1446</name>
        <extensions>
          <speed_mps>26.822</speed_mps>
          <speed_mph>60.0</speed_mph>
        </extensions>
      </trkpt>
      <trkpt lat="52.2130300" lon="NaN">
        <ele>0</ele>
        <time>2026-06-26T08:29:53.022Z</time>
        <name>1447</name>
        <extensions>
          <speed_mps>26.822</speed_mps>
          <speed_mph>60.0</speed_mph>
        </extensions>
      </trkpt>
      <trkpt lat="52.2127600" lon="NaN">
        <ele>0</ele>
        <time>2026-06-26T08:29:54.182Z</time>
        <name>1448</name>
        <extensions>
          <speed_mps>26.822</speed_mps>
          <speed_mph>60.0</speed_mph>
        </extensions>
      </trkpt>
      <trkpt lat="52.2122000" lon="NaN">
        <ele>0</ele>
        <time>2026-06-26T08:29:56.610Z</time>
        <name>1449</name>
        <extensions>
          <speed_mps>26.822</speed_mps>
          <speed_mph>60.0</speed_mph>
        </extensions>
      </trkpt>
      <trkpt lat="52.2118600" lon="NaN">
        <ele>0</ele>
        <time>2026-06-26T08:29:58.070Z</time>
        <name>1450</name>
        <extensions>
          <speed_mps>26.822</speed_mps>
          <speed_mph>60.0</speed_mph>
        </extensions>
      </trkpt>
      <trkpt lat="52.2103400" lon="NaN">
        <ele>0</ele>
        <time>2026-06-26T08:30:04.691Z</time>
        <name>1451</name>
        <extensions>
          <speed_mps>26.822</speed_mps>
          <speed_mph>60.0</speed_mph>
        </extensions>
      </trkpt>
      <trkpt lat="52.2084600" lon="NaN">
        <ele>0</ele>
        <time>2026-06-26T08:30:12.835Z</time>
        <name>1452</name>
        <extensions>
          <speed_mps>26.822</speed_mps>
          <speed_mph>60.0</speed_mph>
        </extensions>
      </trkpt>
      <trkpt lat="52.2084400" lon="NaN">
        <ele>0</ele>
        <time>2026-06-26T08:30:12.918Z</time>
        <name>1453</name>
        <extensions>
          <speed_mps>26.822</speed_mps>
          <speed_mph>60.0</speed_mph>
        </extensions>
      </trkpt>
      <trkpt lat="52.2077600" lon="NaN">
        <ele>0</ele>
        <time>2026-06-26T08:30:15.873Z</time>
        <name>1454</name>
        <extensions>
          <speed_mps>26.822</speed_mps>
          <speed_mph>60.0</speed_mph>
        </extensions>
      </trkpt>
      <trkpt lat="52.2073700" lon="NaN">
        <ele>0</ele>
        <time>2026-06-26T08:30:17.554Z</time>
        <name>1455</name>
        <extensions>
          <speed_mps>26.822</speed_mps>
          <speed_mph>60.0</speed_mph>
        </extensions>
      </trkpt>
      <trkpt lat="52.2072400" lon="NaN">
        <ele>0</ele>
        <time>2026-06-26T08:30:18.107Z</time>
        <name>1456</name>
        <extensions>
          <speed_mps>26.822</speed_mps>
          <speed_mph>60.0</speed_mph>
        </extensions>
      </trkpt>
      <trkpt lat="52.2069100" lon="NaN">
        <ele>0</ele>
        <time>2026-06-26T08:30:19.494Z</time>
        <name>1457</name>
        <extensions>
          <speed_mps>26.822</speed_mps>
          <speed_mph>60.0</speed_mph>
        </extensions>
      </trkpt>
      <trkpt lat="52.2066400" lon="NaN">
        <ele>0</ele>
        <time>2026-06-26T08:30:20.637Z</time>
        <name>1458</name>
        <extensions>
          <speed_mps>26.822</speed_mps>
          <speed_mph>60.0</speed_mph>
        </extensions>
      </trkpt>
      <trkpt lat="52.2064600" lon="NaN">
        <ele>0</ele>
        <time>2026-06-26T08:30:21.410Z</time>
        <name>1459</name>
        <extensions>
          <speed_mps>26.822</speed_mps>
          <speed_mph>60.0</speed_mph>
        </extensions>
      </trkpt>
      <trkpt lat="52.2063100" lon="NaN">
        <ele>0</ele>
        <time>2026-06-26T08:30:22.064Z</time>
        <name>1460</name>
        <extensions>
          <speed_mps>26.822</speed_mps>
          <speed_mph>60.0</speed_mph>
        </extensions>
      </trkpt>
      <trkpt lat="52.2061800" lon="NaN">
        <ele>0</ele>
        <time>2026-06-26T08:30:22.671Z</time>
        <name>1461</name>
        <extensions>
          <speed_mps>26.822</speed_mps>
          <speed_mph>60.0</speed_mph>
        </extensions>
      </trkpt>
      <trkpt lat="52.2060500" lon="NaN">
        <ele>0</ele>
        <time>2026-06-26T08:30:23.331Z</time>
        <name>1462</name>
        <extensions>
          <speed_mps>26.822</speed_mps>
          <speed_mph>60.0</speed_mph>
        </extensions>
      </trkpt>
      <trkpt lat="52.2059100" lon="NaN">
        <ele>0</ele>
        <time>2026-06-26T08:30:24.103Z</time>
        <name>1463</name>
        <extensions>
          <speed_mps>26.822</speed_mps>
          <speed_mph>60.0</speed_mph>
        </extensions>
      </trkpt>
      <trkpt lat="52.2058100" lon="NaN">
        <ele>0</ele>
        <time>2026-06-26T08:30:24.720Z</time>
        <name>1464</name>
        <extensions>
          <speed_mps>26.822</speed_mps>
          <speed_mph>60.0</speed_mph>
        </extensions>
      </trkpt>
      <trkpt lat="52.2056900" lon="NaN">
        <ele>0</ele>
        <time>2026-06-26T08:30:25.547Z</time>
        <name>1465</name>
        <extensions>
          <speed_mps>26.822</speed_mps>
          <speed_mph>60.0</speed_mph>
        </extensions>
      </trkpt>
      <trkpt lat="52.2047800" lon="NaN">
        <ele>0</ele>
        <time>2026-06-26T08:30:33.824Z</time>
        <name>1466</name>
        <extensions>
          <speed_mps>26.822</speed_mps>
          <speed_mph>60.0</speed_mph>
        </extensions>
      </trkpt>
      <trkpt lat="52.2046100" lon="NaN">
        <ele>0</ele>
        <time>2026-06-26T08:30:36.120Z</time>
        <name>1467</name>
        <extensions>
          <speed_mps>26.822</speed_mps>
          <speed_mph>60.0</speed_mph>
        </extensions>
      </trkpt>
      <trkpt lat="52.2044500" lon="NaN">
        <ele>0</ele>
        <time>2026-06-26T08:30:38.918Z</time>
        <name>1468</name>
        <extensions>
          <speed_mps>26.822</speed_mps>
          <speed_mph>60.0</speed_mph>
        </extensions>
      </trkpt>
      <trkpt lat="52.2044100" lon="NaN">
        <ele>0</ele>
        <time>2026-06-26T08:30:40.048Z</time>
        <name>1469</name>
        <extensions>
          <speed_mps>26.822</speed_mps>
          <speed_mph>60.0</speed_mph>
        </extensions>
      </trkpt>
      <trkpt lat="52.2044000" lon="NaN">
        <ele>0</ele>
        <time>2026-06-26T08:30:42.818Z</time>
        <name>1470</name>
        <extensions>
          <speed_mps>26.822</speed_mps>
          <speed_mph>60.0</speed_mph>
        </extensions>
      </trkpt>
      <trkpt lat="52.2044200" lon="NaN">
        <ele>0</ele>
        <time>2026-06-26T08:30:43.939Z</time>
        <name>1471</name>
        <extensions>
          <speed_mps>26.822</speed_mps>
          <speed_mph>60.0</speed_mph>
        </extensions>
      </trkpt>
      <trkpt lat="52.2044600" lon="NaN">
        <ele>0</ele>
        <time>2026-06-26T08:30:44.893Z</time>
        <name>1472</name>
        <extensions>
          <speed_mps>26.822</speed_mps>
          <speed_mph>60.0</speed_mph>
        </extensions>
      </trkpt>
      <trkpt lat="52.2050700" lon="NaN">
        <ele>0</ele>
        <time>2026-06-26T08:30:54.456Z</time>
        <name>1473</name>
        <extensions>
          <speed_mps>26.822</speed_mps>
          <speed_mph>60.0</speed_mph>
        </extensions>
      </trkpt>
      <trkpt lat="52.2053900" lon="NaN">
        <ele>0</ele>
        <time>2026-06-26T08:30:58.974Z</time>
        <name>1474</name>
        <extensions>
          <speed_mps>26.822</speed_mps>
          <speed_mph>60.0</speed_mph>
        </extensions>
      </trkpt>
      <trkpt lat="52.2053900" lon="NaN">
        <ele>0</ele>
        <time>2026-06-26T08:30:59.000Z</time>
        <name>1475</name>
        <extensions>
          <speed_mps>26.822</speed_mps>
          <speed_mph>60.0</speed_mph>
        </extensions>
      </trkpt>
      <trkpt lat="52.2058400" lon="NaN">
        <ele>0</ele>
        <time>2026-06-26T08:31:05.498Z</time>
        <name>1476</name>
        <extensions>
          <speed_mps>26.822</speed_mps>
          <speed_mph>60.0</speed_mph>
        </extensions>
      </trkpt>
      <trkpt lat="52.2058400" lon="NaN">
        <ele>0</ele>
        <time>2026-06-26T08:31:05.574Z</time>
        <name>1477</name>
        <extensions>
          <speed_mps>26.822</speed_mps>
          <speed_mph>60.0</speed_mph>
        </extensions>
      </trkpt>
      <trkpt lat="52.2059600" lon="NaN">
        <ele>0</ele>
        <time>2026-06-26T08:31:07.421Z</time>
        <name>1478</name>
        <extensions>
          <speed_mps>26.822</speed_mps>
          <speed_mph>60.0</speed_mph>
        </extensions>
      </trkpt>
      <trkpt lat="52.2060700" lon="NaN">
        <ele>0</ele>
        <time>2026-06-26T08:31:10.052Z</time>
        <name>1479</name>
        <extensions>
          <speed_mps>26.822</speed_mps>
          <speed_mph>60.0</speed_mph>
        </extensions>
      </trkpt>
      <trkpt lat="52.2061400" lon="NaN">
        <ele>0</ele>
        <time>2026-06-26T08:31:13.165Z</time>
        <name>1480</name>
        <extensions>
          <speed_mps>26.822</speed_mps>
          <speed_mph>60.0</speed_mph>
        </extensions>
      </trkpt>
      <trkpt lat="52.2061300" lon="NaN">
        <ele>0</ele>
        <time>2026-06-26T08:31:14.461Z</time>
        <name>1481</name>
        <extensions>
          <speed_mps>26.822</speed_mps>
          <speed_mph>60.0</speed_mph>
        </extensions>
      </trkpt>
      <trkpt lat="52.2061500" lon="NaN">
        <ele>0</ele>
        <time>2026-06-26T08:31:15.683Z</time>
        <name>1482</name>
        <extensions>
          <speed_mps>26.822</speed_mps>
          <speed_mph>60.0</speed_mph>
        </extensions>
      </trkpt>
      <trkpt lat="52.2062700" lon="NaN">
        <ele>0</ele>
        <time>2026-06-26T08:31:17.000Z</time>
        <name>1483</name>
        <extensions>
          <speed_mps>26.822</speed_mps>
          <speed_mph>60.0</speed_mph>
        </extensions>
      </trkpt>
      <trkpt lat="52.2064000" lon="NaN">
        <ele>0</ele>
        <time>2026-06-26T08:31:18.151Z</time>
        <name>1484</name>
        <extensions>
          <speed_mps>26.822</speed_mps>
          <speed_mph>60.0</speed_mph>
        </extensions>
      </trkpt>
      <trkpt lat="52.2065700" lon="NaN">
        <ele>0</ele>
        <time>2026-06-26T08:31:19.537Z</time>
        <name>1485</name>
        <extensions>
          <speed_mps>26.822</speed_mps>
          <speed_mph>60.0</speed_mph>
        </extensions>
      </trkpt>
      <trkpt lat="52.2067500" lon="NaN">
        <ele>0</ele>
        <time>2026-06-26T08:31:20.818Z</time>
        <name>1486</name>
        <extensions>
          <speed_mps>26.822</speed_mps>
          <speed_mph>60.0</speed_mph>
        </extensions>
      </trkpt>
      <trkpt lat="52.2069400" lon="NaN">
        <ele>0</ele>
        <time>2026-06-26T08:31:22.084Z</time>
        <name>1487</name>
        <extensions>
          <speed_mps>26.822</speed_mps>
          <speed_mph>60.0</speed_mph>
        </extensions>
      </trkpt>
      <trkpt lat="52.2070700" lon="NaN">
        <ele>0</ele>
        <time>2026-06-26T08:31:23.017Z</time>
        <name>1488</name>
        <extensions>
          <speed_mps>26.822</speed_mps>
          <speed_mph>60.0</speed_mph>
        </extensions>
      </trkpt>
      <trkpt lat="52.2072300" lon="NaN">
        <ele>0</ele>
        <time>2026-06-26T08:31:24.339Z</time>
        <name>1489</name>
        <extensions>
          <speed_mps>26.822</speed_mps>
          <speed_mph>60.0</speed_mph>
        </extensions>
      </trkpt>
      <trkpt lat="52.2073800" lon="NaN">
        <ele>0</ele>
        <time>2026-06-26T08:31:24.966Z</time>
        <name>1490</name>
        <extensions>
          <speed_mps>26.822</speed_mps>
          <speed_mph>60.0</speed_mph>
        </extensions>
      </trkpt>
      <trkpt lat="52.2074400" lon="NaN">
        <ele>0</ele>
        <time>2026-06-26T08:31:25.220Z</time>
        <name>1491</name>
        <extensions>
          <speed_mps>26.822</speed_mps>
          <speed_mph>60.0</speed_mph>
        </extensions>
      </trkpt>
      <trkpt lat="52.2076000" lon="NaN">
        <ele>0</ele>
        <time>2026-06-26T08:31:25.887Z</time>
        <name>1492</name>
        <extensions>
          <speed_mps>26.822</speed_mps>
          <speed_mph>60.0</speed_mph>
        </extensions>
      </trkpt>
      <trkpt lat="52.2077300" lon="NaN">
        <ele>0</ele>
        <time>2026-06-26T08:31:26.426Z</time>
        <name>1493</name>
        <extensions>
          <speed_mps>26.822</speed_mps>
          <speed_mph>60.0</speed_mph>
        </extensions>
      </trkpt>
      <trkpt lat="52.2078800" lon="NaN">
        <ele>0</ele>
        <time>2026-06-26T08:31:27.053Z</time>
        <name>1494</name>
        <extensions>
          <speed_mps>26.822</speed_mps>
          <speed_mph>60.0</speed_mph>
        </extensions>
      </trkpt>
      <trkpt lat="52.2079100" lon="NaN">
        <ele>0</ele>
        <time>2026-06-26T08:31:27.180Z</time>
        <name>1495</name>
        <extensions>
          <speed_mps>26.822</speed_mps>
          <speed_mph>60.0</speed_mph>
        </extensions>
      </trkpt>
      <trkpt lat="52.2080600" lon="NaN">
        <ele>0</ele>
        <time>2026-06-26T08:31:27.806Z</time>
        <name>1496</name>
        <extensions>
          <speed_mps>26.822</speed_mps>
          <speed_mph>60.0</speed_mph>
        </extensions>
      </trkpt>
      <trkpt lat="52.2082400" lon="NaN">
        <ele>0</ele>
        <time>2026-06-26T08:31:28.579Z</time>
        <name>1497</name>
        <extensions>
          <speed_mps>26.822</speed_mps>
          <speed_mph>60.0</speed_mph>
        </extensions>
      </trkpt>
      <trkpt lat="52.2082700" lon="NaN">
        <ele>0</ele>
        <time>2026-06-26T08:31:28.706Z</time>
        <name>1498</name>
        <extensions>
          <speed_mps>26.822</speed_mps>
          <speed_mph>60.0</speed_mph>
        </extensions>
      </trkpt>
      <trkpt lat="52.2085400" lon="NaN">
        <ele>0</ele>
        <time>2026-06-26T08:31:29.925Z</time>
        <name>1499</name>
        <extensions>
          <speed_mps>26.822</speed_mps>
          <speed_mph>60.0</speed_mph>
        </extensions>
      </trkpt>
      <trkpt lat="52.2087200" lon="NaN">
        <ele>0</ele>
        <time>2026-06-26T08:31:30.763Z</time>
        <name>1500</name>
        <extensions>
          <speed_mps>26.822</speed_mps>
          <speed_mph>60.0</speed_mph>
        </extensions>
      </trkpt>
      <trkpt lat="52.2089100" lon="NaN">
        <ele>0</ele>
        <time>2026-06-26T08:31:31.687Z</time>
        <name>1501</name>
        <extensions>
          <speed_mps>26.822</speed_mps>
          <speed_mph>60.0</speed_mph>
        </extensions>
      </trkpt>
      <trkpt lat="52.2095200" lon="NaN">
        <ele>0</ele>
        <time>2026-06-26T08:31:34.735Z</time>
        <name>1502</name>
        <extensions>
          <speed_mps>26.822</speed_mps>
          <speed_mph>60.0</speed_mph>
        </extensions>
      </trkpt>
      <trkpt lat="52.2098900" lon="NaN">
        <ele>0</ele>
        <time>2026-06-26T08:31:36.548Z</time>
        <name>1503</name>
        <extensions>
          <speed_mps>26.822</speed_mps>
          <speed_mph>60.0</speed_mph>
        </extensions>
      </trkpt>
      <trkpt lat="52.2100300" lon="NaN">
        <ele>0</ele>
        <time>2026-06-26T08:31:37.256Z</time>
        <name>1504</name>
        <extensions>
          <speed_mps>26.822</speed_mps>
          <speed_mph>60.0</speed_mph>
        </extensions>
      </trkpt>
      <trkpt lat="52.2101300" lon="NaN">
        <ele>0</ele>
        <time>2026-06-26T08:31:37.802Z</time>
        <name>1505</name>
        <extensions>
          <speed_mps>26.822</speed_mps>
          <speed_mph>60.0</speed_mph>
        </extensions>
      </trkpt>
      <trkpt lat="52.2102000" lon="NaN">
        <ele>0</ele>
        <time>2026-06-26T08:31:38.281Z</time>
        <name>1506</name>
        <extensions>
          <speed_mps>26.822</speed_mps>
          <speed_mph>60.0</speed_mph>
        </extensions>
      </trkpt>
      <trkpt lat="52.2102400" lon="NaN">
        <ele>0</ele>
        <time>2026-06-26T08:31:38.606Z</time>
        <name>1507</name>
        <extensions>
          <speed_mps>26.822</speed_mps>
          <speed_mph>60.0</speed_mph>
        </extensions>
      </trkpt>
      <trkpt lat="52.2102800" lon="NaN">
        <ele>0</ele>
        <time>2026-06-26T08:31:38.999Z</time>
        <name>1508</name>
        <extensions>
          <speed_mps>26.822</speed_mps>
          <speed_mph>60.0</speed_mph>
        </extensions>
      </trkpt>
      <trkpt lat="52.2104100" lon="NaN">
        <ele>0</ele>
        <time>2026-06-26T08:31:41.199Z</time>
        <name>1509</name>
        <extensions>
          <speed_mps>26.822</speed_mps>
          <speed_mph>60.0</speed_mph>
        </extensions>
      </trkpt>
      <trkpt lat="52.2104100" lon="NaN">
        <ele>0</ele>
        <time>2026-06-26T08:31:41.276Z</time>
        <name>1510</name>
        <extensions>
          <speed_mps>26.822</speed_mps>
          <speed_mph>60.0</speed_mph>
        </extensions>
      </trkpt>
      <trkpt lat="52.2104900" lon="NaN">
        <ele>0</ele>
        <time>2026-06-26T08:31:42.564Z</time>
        <name>1511</name>
        <extensions>
          <speed_mps>26.822</speed_mps>
          <speed_mph>60.0</speed_mph>
        </extensions>
      </trkpt>
      <trkpt lat="52.2105300" lon="NaN">
        <ele>0</ele>
        <time>2026-06-26T08:31:42.911Z</time>
        <name>1512</name>
        <extensions>
          <speed_mps>26.822</speed_mps>
          <speed_mph>60.0</speed_mph>
        </extensions>
      </trkpt>
      <trkpt lat="52.2106300" lon="NaN">
        <ele>0</ele>
        <time>2026-06-26T08:31:43.528Z</time>
        <name>1513</name>
        <extensions>
          <speed_mps>26.822</speed_mps>
          <speed_mph>60.0</speed_mph>
        </extensions>
      </trkpt>
      <trkpt lat="52.2107100" lon="NaN">
        <ele>0</ele>
        <time>2026-06-26T08:31:43.904Z</time>
        <name>1514</name>
        <extensions>
          <speed_mps>26.822</speed_mps>
          <speed_mph>60.0</speed_mph>
        </extensions>
      </trkpt>
      <trkpt lat="52.2107600" lon="NaN">
        <ele>0</ele>
        <time>2026-06-26T08:31:44.125Z</time>
        <name>1515</name>
        <extensions>
          <speed_mps>26.822</speed_mps>
          <speed_mph>60.0</speed_mph>
        </extensions>
      </trkpt>
      <trkpt lat="52.2108000" lon="NaN">
        <ele>0</ele>
        <time>2026-06-26T08:31:44.291Z</time>
        <name>1516</name>
        <extensions>
          <speed_mps>26.822</speed_mps>
          <speed_mph>60.0</speed_mph>
        </extensions>
      </trkpt>
      <trkpt lat="52.2108000" lon="NaN">
        <ele>0</ele>
        <time>2026-06-26T08:31:44.316Z</time>
        <name>1517</name>
        <extensions>
          <speed_mps>26.822</speed_mps>
          <speed_mph>60.0</speed_mph>
        </extensions>
      </trkpt>
      <trkpt lat="52.2109700" lon="NaN">
        <ele>0</ele>
        <time>2026-06-26T08:31:45.021Z</time>
        <name>1518</name>
        <extensions>
          <speed_mps>26.822</speed_mps>
          <speed_mph>60.0</speed_mph>
        </extensions>
      </trkpt>
      <trkpt lat="52.2118600" lon="NaN">
        <ele>0</ele>
        <time>2026-06-26T08:31:48.718Z</time>
        <name>1519</name>
        <extensions>
          <speed_mps>26.822</speed_mps>
          <speed_mph>60.0</speed_mph>
        </extensions>
      </trkpt>
      <trkpt lat="52.2119300" lon="NaN">
        <ele>0</ele>
        <time>2026-06-26T08:31:49.008Z</time>
        <name>1520</name>
        <extensions>
          <speed_mps>26.822</speed_mps>
          <speed_mph>60.0</speed_mph>
        </extensions>
      </trkpt>
      <trkpt lat="52.2120500" lon="NaN">
        <ele>0</ele>
        <time>2026-06-26T08:31:49.511Z</time>
        <name>1521</name>
        <extensions>
          <speed_mps>26.822</speed_mps>
          <speed_mph>60.0</speed_mph>
        </extensions>
      </trkpt>
      <trkpt lat="52.2121700" lon="NaN">
        <ele>0</ele>
        <time>2026-06-26T08:31:50.011Z</time>
        <name>1522</name>
        <extensions>
          <speed_mps>26.822</speed_mps>
          <speed_mph>60.0</speed_mph>
        </extensions>
      </trkpt>
      <trkpt lat="52.2123900" lon="NaN">
        <ele>0</ele>
        <time>2026-06-26T08:31:50.925Z</time>
        <name>1523</name>
        <extensions>
          <speed_mps>26.822</speed_mps>
          <speed_mph>60.0</speed_mph>
        </extensions>
      </trkpt>
      <trkpt lat="52.2124900" lon="NaN">
        <ele>0</ele>
        <time>2026-06-26T08:31:51.339Z</time>
        <name>1524</name>
        <extensions>
          <speed_mps>26.822</speed_mps>
          <speed_mph>60.0</speed_mph>
        </extensions>
      </trkpt>
      <trkpt lat="52.2125800" lon="NaN">
        <ele>0</ele>
        <time>2026-06-26T08:31:51.713Z</time>
        <name>1525</name>
        <extensions>
          <speed_mps>26.822</speed_mps>
          <speed_mph>60.0</speed_mph>
        </extensions>
      </trkpt>
      <trkpt lat="52.2132200" lon="NaN">
        <ele>0</ele>
        <time>2026-06-26T08:31:54.367Z</time>
        <name>1526</name>
        <extensions>
          <speed_mps>26.822</speed_mps>
          <speed_mph>60.0</speed_mph>
        </extensions>
      </trkpt>
      <trkpt lat="52.2134000" lon="NaN">
        <ele>0</ele>
        <time>2026-06-26T08:31:55.113Z</time>
        <name>1527</name>
        <extensions>
          <speed_mps>26.822</speed_mps>
          <speed_mph>60.0</speed_mph>
        </extensions>
      </trkpt>
      <trkpt lat="52.2137600" lon="NaN">
        <ele>0</ele>
        <time>2026-06-26T08:31:56.606Z</time>
        <name>1528</name>
        <extensions>
          <speed_mps>26.822</speed_mps>
          <speed_mph>60.0</speed_mph>
        </extensions>
      </trkpt>
      <trkpt lat="52.2142800" lon="NaN">
        <ele>0</ele>
        <time>2026-06-26T08:31:58.763Z</time>
        <name>1529</name>
        <extensions>
          <speed_mps>26.822</speed_mps>
          <speed_mph>60.0</speed_mph>
        </extensions>
      </trkpt>
      <trkpt lat="52.2143300" lon="NaN">
        <ele>0</ele>
        <time>2026-06-26T08:31:58.971Z</time>
        <name>1530</name>
        <extensions>
          <speed_mps>26.822</speed_mps>
          <speed_mph>60.0</speed_mph>
        </extensions>
      </trkpt>
      <trkpt lat="52.2159500" lon="NaN">
        <ele>0</ele>
        <time>2026-06-26T08:32:05.701Z</time>
        <name>1531</name>
        <extensions>
          <speed_mps>26.822</speed_mps>
          <speed_mph>60.0</speed_mph>
        </extensions>
      </trkpt>
      <trkpt lat="52.2169300" lon="NaN">
        <ele>0</ele>
        <time>2026-06-26T08:32:09.767Z</time>
        <name>1532</name>
        <extensions>
          <speed_mps>26.822</speed_mps>
          <speed_mph>60.0</speed_mph>
        </extensions>
      </trkpt>
      <trkpt lat="52.2174700" lon="NaN">
        <ele>0</ele>
        <time>2026-06-26T08:32:12.009Z</time>
        <name>1533</name>
        <extensions>
          <speed_mps>26.822</speed_mps>
          <speed_mph>60.0</speed_mph>
        </extensions>
      </trkpt>
      <trkpt lat="52.2175200" lon="NaN">
        <ele>0</ele>
        <time>2026-06-26T08:32:12.218Z</time>
        <name>1534</name>
        <extensions>
          <speed_mps>26.822</speed_mps>
          <speed_mph>60.0</speed_mph>
        </extensions>
      </trkpt>
      <trkpt lat="52.2175300" lon="NaN">
        <ele>0</ele>
        <time>2026-06-26T08:32:12.259Z</time>
        <name>1535</name>
        <extensions>
          <speed_mps>26.822</speed_mps>
          <speed_mph>60.0</speed_mph>
        </extensions>
      </trkpt>
      <trkpt lat="52.2178000" lon="NaN">
        <ele>0</ele>
        <time>2026-06-26T08:32:13.559Z</time>
        <name>1536</name>
        <extensions>
          <speed_mps>26.822</speed_mps>
          <speed_mph>60.0</speed_mph>
        </extensions>
      </trkpt>
      <trkpt lat="52.2178500" lon="NaN">
        <ele>0</ele>
        <time>2026-06-26T08:32:13.790Z</time>
        <name>1537</name>
        <extensions>
          <speed_mps>26.822</speed_mps>
          <speed_mph>60.0</speed_mph>
        </extensions>
      </trkpt>
      <trkpt lat="52.2187800" lon="NaN">
        <ele>0</ele>
        <time>2026-06-26T08:32:17.657Z</time>
        <name>1538</name>
        <extensions>
          <speed_mps>26.822</speed_mps>
          <speed_mph>60.0</speed_mph>
        </extensions>
      </trkpt>
      <trkpt lat="52.2187700" lon="NaN">
        <ele>0</ele>
        <time>2026-06-26T08:32:18.801Z</time>
        <name>1539</name>
        <extensions>
          <speed_mps>26.822</speed_mps>
          <speed_mph>60.0</speed_mph>
        </extensions>
      </trkpt>
      <trkpt lat="52.2183000" lon="NaN">
        <ele>0</ele>
        <time>2026-06-26T08:32:20.750Z</time>
        <name>1540</name>
        <extensions>
          <speed_mps>26.822</speed_mps>
          <speed_mph>60.0</speed_mph>
        </extensions>
      </trkpt>
      <trkpt lat="52.2182800" lon="NaN">
        <ele>0</ele>
        <time>2026-06-26T08:32:22.580Z</time>
        <name>1541</name>
        <extensions>
          <speed_mps>26.822</speed_mps>
          <speed_mph>60.0</speed_mph>
        </extensions>
      </trkpt>
    </trkseg>
  </trk>
</gpx>