<?xml version='1.0' encoding='utf-8'?>
<gpx xmlns="http://www.topografix.com/GPX/1/1" xmlns:xsi="http://www.w3.org/2001/XMLSchema-instance" creator="PIT Pathfinder - timestamped from supplied GPX geometry for Fulcrum testing" version="1.1" xsi:schemaLocation="http://www.topografix.com/GPX/1/1 http://www.topografix.com/GPX/1/1/gpx.xsd">
  <metadata>
    <name>Orwell Logistics Park to Sizewell C - Fulcrum test - 50 mph</name>
    <desc>Converted from a KML file KML2GPX.COM</desc>
    <time>2026-06-26T08:00:00Z</time>
  </metadata>
  <wpt lat="52.0262848" lon="1.2237418">
    <ele>0</ele>
    <name>Orwell Logistics Park, Nacton, Ipswich IP10 0DD</name>
    <cmt>Waypoint no: 1</cmt>
    <desc>This is waypoint no: 1</desc>
  </wpt>
  <wpt lat="52.2182834" lon="1.617418">
    <ele>0</ele>
    <name>Sizewell C Power Station, Leiston, Suffolk, 48-50 High St, Leiston IP16 4EW</name>
    <cmt>Waypoint no: 2</cmt>
    <desc>This is waypoint no: 2</desc>
  </wpt>
  <trk>
    <name>Orwell Logistics Park to Sizewell C - 50 mph</name>
    <desc>This is track no: 1</desc>
    <number>1</number>
    <trkseg>
      <trkpt lat="52.0262800" lon="1.2237400">
        <ele>0</ele>
        <time>2026-06-26T08:00:00.000Z</time>
        <name>1</name>
        <extensions>
          <speed_mps>22.352</speed_mps>
          <speed_mph>50.0</speed_mph>
        </extensions>
      </trkpt>
      <trkpt lat="52.0257251" lon="1.2257749">
        <ele>0</ele>
        <time>2026-06-26T08:00:06.504Z</time>
        <name>2</name>
        <extensions>
          <speed_mps>22.352</speed_mps>
          <speed_mph>50.0</speed_mph>
        </extensions>
      </trkpt>
      <trkpt lat="52.0256401" lon="1.2260199">
        <ele>0</ele>
        <time>2026-06-26T08:00:07.064Z</time>
        <name>3</name>
        <extensions>
          <speed_mps>22.352</speed_mps>
          <speed_mph>50.0</speed_mph>
        </extensions>
      </trkpt>
      <trkpt lat="52.0255652" lon="1.2261348">
        <ele>0</ele>
        <time>2026-06-26T08:00:07.224Z</time>
        <name>4</name>
        <extensions>
          <speed_mps>22.352</speed_mps>
          <speed_mph>50.0</speed_mph>
        </extensions>
      </trkpt>
      <trkpt lat="52.0255003" lon="1.2263797">
        <ele>0</ele>
        <time>2026-06-26T08:00:07.775Z</time>
        <name>5</name>
        <extensions>
          <speed_mps>22.352</speed_mps>
          <speed_mph>50.0</speed_mph>
        </extensions>
      </trkpt>
      <trkpt lat="52.0254653" lon="1.2266947">
        <ele>0</ele>
        <time>2026-06-26T08:00:08.555Z</time>
        <name>6</name>
        <extensions>
          <speed_mps>22.352</speed_mps>
          <speed_mph>50.0</speed_mph>
        </extensions>
      </trkpt>
      <trkpt lat="52.0254004" lon="1.2267996">
        <ele>0</ele>
        <time>2026-06-26T08:00:08.678Z</time>
        <name>7</name>
        <extensions>
          <speed_mps>22.352</speed_mps>
          <speed_mph>50.0</speed_mph>
        </extensions>
      </trkpt>
      <trkpt lat="52.0253855" lon="1.2271145">
        <ele>0</ele>
        <time>2026-06-26T08:00:09.482Z</time>
        <name>8</name>
        <extensions>
          <speed_mps>22.352</speed_mps>
          <speed_mph>50.0</speed_mph>
        </extensions>
      </trkpt>
      <trkpt lat="52.0253305" lon="1.2274795">
        <ele>0</ele>
        <time>2026-06-26T08:00:10.402Z</time>
        <name>9</name>
        <extensions>
          <speed_mps>22.352</speed_mps>
          <speed_mph>50.0</speed_mph>
        </extensions>
      </trkpt>
      <trkpt lat="52.0252556" lon="1.2276944">
        <ele>0</ele>
        <time>2026-06-26T08:00:10.864Z</time>
        <name>10</name>
        <extensions>
          <speed_mps>22.352</speed_mps>
          <speed_mph>50.0</speed_mph>
        </extensions>
      </trkpt>
      <trkpt lat="52.0251206" lon="1.2280394">
        <ele>0</ele>
        <time>2026-06-26T08:00:11.789Z</time>
        <name>11</name>
        <extensions>
          <speed_mps>22.352</speed_mps>
          <speed_mph>50.0</speed_mph>
        </extensions>
      </trkpt>
      <trkpt lat="52.0249957" lon="1.2282043">
        <ele>0</ele>
        <time>2026-06-26T08:00:12.216Z</time>
        <name>12</name>
        <extensions>
          <speed_mps>22.352</speed_mps>
          <speed_mph>50.0</speed_mph>
        </extensions>
      </trkpt>
      <trkpt lat="52.0248008" lon="1.2284392">
        <ele>0</ele>
        <time>2026-06-26T08:00:13.046Z</time>
        <name>13</name>
        <extensions>
          <speed_mps>22.352</speed_mps>
          <speed_mph>50.0</speed_mph>
        </extensions>
      </trkpt>
      <trkpt lat="52.0246858" lon="1.2285342">
        <ele>0</ele>
        <time>2026-06-26T08:00:13.312Z</time>
        <name>14</name>
        <extensions>
          <speed_mps>22.352</speed_mps>
          <speed_mph>50.0</speed_mph>
        </extensions>
      </trkpt>
      <trkpt lat="52.0246209" lon="1.2286191">
        <ele>0</ele>
        <time>2026-06-26T08:00:13.373Z</time>
        <name>15</name>
        <extensions>
          <speed_mps>22.352</speed_mps>
          <speed_mph>50.0</speed_mph>
        </extensions>
      </trkpt>
      <trkpt lat="52.0245660" lon="1.2286940">
        <ele>0</ele>
        <time>2026-06-26T08:00:13.431Z</time>
        <name>16</name>
        <extensions>
          <speed_mps>22.352</speed_mps>
          <speed_mph>50.0</speed_mph>
        </extensions>
      </trkpt>
      <trkpt lat="52.0245010" lon="1.2287790">
        <ele>0</ele>
        <time>2026-06-26T08:00:13.492Z</time>
        <name>17</name>
        <extensions>
          <speed_mps>22.352</speed_mps>
          <speed_mph>50.0</speed_mph>
        </extensions>
      </trkpt>
      <trkpt lat="52.0244461" lon="1.2288539">
        <ele>0</ele>
        <time>2026-06-26T08:00:13.551Z</time>
        <name>18</name>
        <extensions>
          <speed_mps>22.352</speed_mps>
          <speed_mph>50.0</speed_mph>
        </extensions>
      </trkpt>
      <trkpt lat="52.0243812" lon="1.2290488">
        <ele>0</ele>
        <time>2026-06-26T08:00:13.949Z</time>
        <name>19</name>
        <extensions>
          <speed_mps>22.352</speed_mps>
          <speed_mph>50.0</speed_mph>
        </extensions>
      </trkpt>
      <trkpt lat="52.0243062" lon="1.2291138">
        <ele>0</ele>
        <time>2026-06-26T08:00:13.998Z</time>
        <name>20</name>
        <extensions>
          <speed_mps>22.352</speed_mps>
          <speed_mph>50.0</speed_mph>
        </extensions>
      </trkpt>
      <trkpt lat="52.0242413" lon="1.2292087">
        <ele>0</ele>
        <time>2026-06-26T08:00:14.090Z</time>
        <name>21</name>
        <extensions>
          <speed_mps>22.352</speed_mps>
          <speed_mph>50.0</speed_mph>
        </extensions>
      </trkpt>
      <trkpt lat="52.0241664" lon="1.2292836">
        <ele>0</ele>
        <time>2026-06-26T08:00:14.149Z</time>
        <name>22</name>
        <extensions>
          <speed_mps>22.352</speed_mps>
          <speed_mph>50.0</speed_mph>
        </extensions>
      </trkpt>
      <trkpt lat="52.0241014" lon="1.2293586">
        <ele>0</ele>
        <time>2026-06-26T08:00:14.179Z</time>
        <name>23</name>
        <extensions>
          <speed_mps>22.352</speed_mps>
          <speed_mph>50.0</speed_mph>
        </extensions>
      </trkpt>
      <trkpt lat="52.0240265" lon="1.2294335">
        <ele>0</ele>
        <time>2026-06-26T08:00:14.238Z</time>
        <name>24</name>
        <extensions>
          <speed_mps>22.352</speed_mps>
          <speed_mph>50.0</speed_mph>
        </extensions>
      </trkpt>
      <trkpt lat="52.0239616" lon="1.2295084">
        <ele>0</ele>
        <time>2026-06-26T08:00:14.268Z</time>
        <name>25</name>
        <extensions>
          <speed_mps>22.352</speed_mps>
          <speed_mph>50.0</speed_mph>
        </extensions>
      </trkpt>
      <trkpt lat="52.0238866" lon="1.2295834">
        <ele>0</ele>
        <time>2026-06-26T08:00:14.327Z</time>
        <name>26</name>
        <extensions>
          <speed_mps>22.352</speed_mps>
          <speed_mph>50.0</speed_mph>
        </extensions>
      </trkpt>
      <trkpt lat="52.0238217" lon="1.2296583">
        <ele>0</ele>
        <time>2026-06-26T08:00:14.357Z</time>
        <name>27</name>
        <extensions>
          <speed_mps>22.352</speed_mps>
          <speed_mph>50.0</speed_mph>
        </extensions>
      </trkpt>
      <trkpt lat="52.0237468" lon="1.2297232">
        <ele>0</ele>
        <time>2026-06-26T08:00:14.407Z</time>
        <name>28</name>
        <extensions>
          <speed_mps>22.352</speed_mps>
          <speed_mph>50.0</speed_mph>
        </extensions>
      </trkpt>
      <trkpt lat="52.0236818" lon="1.2297982">
        <ele>0</ele>
        <time>2026-06-26T08:00:14.438Z</time>
        <name>29</name>
        <extensions>
          <speed_mps>22.352</speed_mps>
          <speed_mph>50.0</speed_mph>
        </extensions>
      </trkpt>
      <trkpt lat="52.0236069" lon="1.2298731">
        <ele>0</ele>
        <time>2026-06-26T08:00:14.496Z</time>
        <name>30</name>
        <extensions>
          <speed_mps>22.352</speed_mps>
          <speed_mph>50.0</speed_mph>
        </extensions>
      </trkpt>
      <trkpt lat="52.0235319" lon="1.2299381">
        <ele>0</ele>
        <time>2026-06-26T08:00:14.546Z</time>
        <name>31</name>
        <extensions>
          <speed_mps>22.352</speed_mps>
          <speed_mph>50.0</speed_mph>
        </extensions>
      </trkpt>
      <trkpt lat="52.0234570" lon="1.2300130">
        <ele>0</ele>
        <time>2026-06-26T08:00:14.604Z</time>
        <name>32</name>
        <extensions>
          <speed_mps>22.352</speed_mps>
          <speed_mph>50.0</speed_mph>
        </extensions>
      </trkpt>
      <trkpt lat="52.0233821" lon="1.2300779">
        <ele>0</ele>
        <time>2026-06-26T08:00:14.654Z</time>
        <name>33</name>
        <extensions>
          <speed_mps>22.352</speed_mps>
          <speed_mph>50.0</speed_mph>
        </extensions>
      </trkpt>
      <trkpt lat="52.0233071" lon="1.2301529">
        <ele>0</ele>
        <time>2026-06-26T08:00:14.712Z</time>
        <name>34</name>
        <extensions>
          <speed_mps>22.352</speed_mps>
          <speed_mph>50.0</speed_mph>
        </extensions>
      </trkpt>
      <trkpt lat="52.0232022" lon="1.2302178">
        <ele>0</ele>
        <time>2026-06-26T08:00:14.911Z</time>
        <name>35</name>
        <extensions>
          <speed_mps>22.352</speed_mps>
          <speed_mph>50.0</speed_mph>
        </extensions>
      </trkpt>
      <trkpt lat="52.0231273" lon="1.2302727">
        <ele>0</ele>
        <time>2026-06-26T08:00:14.970Z</time>
        <name>36</name>
        <extensions>
          <speed_mps>22.352</speed_mps>
          <speed_mph>50.0</speed_mph>
        </extensions>
      </trkpt>
      <trkpt lat="52.0230523" lon="1.2303377">
        <ele>0</ele>
        <time>2026-06-26T08:00:15.020Z</time>
        <name>37</name>
        <extensions>
          <speed_mps>22.352</speed_mps>
          <speed_mph>50.0</speed_mph>
        </extensions>
      </trkpt>
      <trkpt lat="52.0229474" lon="1.2303626">
        <ele>0</ele>
        <time>2026-06-26T08:00:15.253Z</time>
        <name>38</name>
        <extensions>
          <speed_mps>22.352</speed_mps>
          <speed_mph>50.0</speed_mph>
        </extensions>
      </trkpt>
      <trkpt lat="52.0228825" lon="1.2304175">
        <ele>0</ele>
        <time>2026-06-26T08:00:15.284Z</time>
        <name>39</name>
        <extensions>
          <speed_mps>22.352</speed_mps>
          <speed_mph>50.0</speed_mph>
        </extensions>
      </trkpt>
      <trkpt lat="52.0227975" lon="1.2304625">
        <ele>0</ele>
        <time>2026-06-26T08:00:15.401Z</time>
        <name>40</name>
        <extensions>
          <speed_mps>22.352</speed_mps>
          <speed_mph>50.0</speed_mph>
        </extensions>
      </trkpt>
      <trkpt lat="52.0227326" lon="1.2305074">
        <ele>0</ele>
        <time>2026-06-26T08:00:15.462Z</time>
        <name>41</name>
        <extensions>
          <speed_mps>22.352</speed_mps>
          <speed_mph>50.0</speed_mph>
        </extensions>
      </trkpt>
      <trkpt lat="52.0226577" lon="1.2305623">
        <ele>0</ele>
        <time>2026-06-26T08:00:15.520Z</time>
        <name>42</name>
        <extensions>
          <speed_mps>22.352</speed_mps>
          <speed_mph>50.0</speed_mph>
        </extensions>
      </trkpt>
      <trkpt lat="52.0225927" lon="1.2305973">
        <ele>0</ele>
        <time>2026-06-26T08:00:15.612Z</time>
        <name>43</name>
        <extensions>
          <speed_mps>22.352</speed_mps>
          <speed_mph>50.0</speed_mph>
        </extensions>
      </trkpt>
      <trkpt lat="52.0225178" lon="1.2306522">
        <ele>0</ele>
        <time>2026-06-26T08:00:15.671Z</time>
        <name>44</name>
        <extensions>
          <speed_mps>22.352</speed_mps>
          <speed_mph>50.0</speed_mph>
        </extensions>
      </trkpt>
      <trkpt lat="52.0224529" lon="1.2306271">
        <ele>0</ele>
        <time>2026-06-26T08:00:15.946Z</time>
        <name>45</name>
        <extensions>
          <speed_mps>22.352</speed_mps>
          <speed_mph>50.0</speed_mph>
        </extensions>
      </trkpt>
      <trkpt lat="52.0223979" lon="1.2306821">
        <ele>0</ele>
        <time>2026-06-26T08:00:16.004Z</time>
        <name>46</name>
        <extensions>
          <speed_mps>22.352</speed_mps>
          <speed_mph>50.0</speed_mph>
        </extensions>
      </trkpt>
      <trkpt lat="52.0223330" lon="1.2307170">
        <ele>0</ele>
        <time>2026-06-26T08:00:16.096Z</time>
        <name>47</name>
        <extensions>
          <speed_mps>22.352</speed_mps>
          <speed_mph>50.0</speed_mph>
        </extensions>
      </trkpt>
      <trkpt lat="52.0222781" lon="1.2307719">
        <ele>0</ele>
        <time>2026-06-26T08:00:16.155Z</time>
        <name>48</name>
        <extensions>
          <speed_mps>22.352</speed_mps>
          <speed_mph>50.0</speed_mph>
        </extensions>
      </trkpt>
      <trkpt lat="52.0222131" lon="1.2308169">
        <ele>0</ele>
        <time>2026-06-26T08:00:16.216Z</time>
        <name>49</name>
        <extensions>
          <speed_mps>22.352</speed_mps>
          <speed_mph>50.0</speed_mph>
        </extensions>
      </trkpt>
      <trkpt lat="52.0221582" lon="1.2308718">
        <ele>0</ele>
        <time>2026-06-26T08:00:16.274Z</time>
        <name>50</name>
        <extensions>
          <speed_mps>22.352</speed_mps>
          <speed_mph>50.0</speed_mph>
        </extensions>
      </trkpt>
      <trkpt lat="52.0219132" lon="1.2305768">
        <ele>0</ele>
        <time>2026-06-26T08:00:17.694Z</time>
        <name>51</name>
        <extensions>
          <speed_mps>22.352</speed_mps>
          <speed_mph>50.0</speed_mph>
        </extensions>
      </trkpt>
      <trkpt lat="52.0218183" lon="1.2305917">
        <ele>0</ele>
        <time>2026-06-26T08:00:17.908Z</time>
        <name>52</name>
        <extensions>
          <speed_mps>22.352</speed_mps>
          <speed_mph>50.0</speed_mph>
        </extensions>
      </trkpt>
      <trkpt lat="52.0216234" lon="1.2303766">
        <ele>0</ele>
        <time>2026-06-26T08:00:18.982Z</time>
        <name>53</name>
        <extensions>
          <speed_mps>22.352</speed_mps>
          <speed_mph>50.0</speed_mph>
        </extensions>
      </trkpt>
      <trkpt lat="52.0215084" lon="1.2304316">
        <ele>0</ele>
        <time>2026-06-26T08:00:19.232Z</time>
        <name>54</name>
        <extensions>
          <speed_mps>22.352</speed_mps>
          <speed_mph>50.0</speed_mph>
        </extensions>
      </trkpt>
      <trkpt lat="52.0213135" lon="1.2304265">
        <ele>0</ele>
        <time>2026-06-26T08:00:19.914Z</time>
        <name>55</name>
        <extensions>
          <speed_mps>22.352</speed_mps>
          <speed_mph>50.0</speed_mph>
        </extensions>
      </trkpt>
      <trkpt lat="52.0211486" lon="1.2305114">
        <ele>0</ele>
        <time>2026-06-26T08:00:20.415Z</time>
        <name>56</name>
        <extensions>
          <speed_mps>22.352</speed_mps>
          <speed_mph>50.0</speed_mph>
        </extensions>
      </trkpt>
      <trkpt lat="52.0210336" lon="1.2306064">
        <ele>0</ele>
        <time>2026-06-26T08:00:20.680Z</time>
        <name>57</name>
        <extensions>
          <speed_mps>22.352</speed_mps>
          <speed_mph>50.0</speed_mph>
        </extensions>
      </trkpt>
      <trkpt lat="52.0209187" lon="1.2307113">
        <ele>0</ele>
        <time>2026-06-26T08:00:20.957Z</time>
        <name>58</name>
        <extensions>
          <speed_mps>22.352</speed_mps>
          <speed_mph>50.0</speed_mph>
        </extensions>
      </trkpt>
      <trkpt lat="52.0207838" lon="1.2308662">
        <ele>0</ele>
        <time>2026-06-26T08:00:21.401Z</time>
        <name>59</name>
        <extensions>
          <speed_mps>22.352</speed_mps>
          <speed_mph>50.0</speed_mph>
        </extensions>
      </trkpt>
      <trkpt lat="52.0206088" lon="1.2311012">
        <ele>0</ele>
        <time>2026-06-26T08:00:22.156Z</time>
        <name>60</name>
        <extensions>
          <speed_mps>22.352</speed_mps>
          <speed_mph>50.0</speed_mph>
        </extensions>
      </trkpt>
      <trkpt lat="52.0204139" lon="1.2319061">
        <ele>0</ele>
        <time>2026-06-26T08:00:24.512Z</time>
        <name>61</name>
        <extensions>
          <speed_mps>22.352</speed_mps>
          <speed_mph>50.0</speed_mph>
        </extensions>
      </trkpt>
      <trkpt lat="52.0202590" lon="1.2327410">
        <ele>0</ele>
        <time>2026-06-26T08:00:26.911Z</time>
        <name>62</name>
        <extensions>
          <speed_mps>22.352</speed_mps>
          <speed_mph>50.0</speed_mph>
        </extensions>
      </trkpt>
      <trkpt lat="52.0201240" lon="1.2337660">
        <ele>0</ele>
        <time>2026-06-26T08:00:29.870Z</time>
        <name>63</name>
        <extensions>
          <speed_mps>22.352</speed_mps>
          <speed_mph>50.0</speed_mph>
        </extensions>
      </trkpt>
      <trkpt lat="52.0200491" lon="1.2346409">
        <ele>0</ele>
        <time>2026-06-26T08:00:32.350Z</time>
        <name>64</name>
        <extensions>
          <speed_mps>22.352</speed_mps>
          <speed_mph>50.0</speed_mph>
        </extensions>
      </trkpt>
      <trkpt lat="52.0200142" lon="1.2354158">
        <ele>0</ele>
        <time>2026-06-26T08:00:34.529Z</time>
        <name>65</name>
        <extensions>
          <speed_mps>22.352</speed_mps>
          <speed_mph>50.0</speed_mph>
        </extensions>
      </trkpt>
      <trkpt lat="52.0199992" lon="1.2361108">
        <ele>0</ele>
        <time>2026-06-26T08:00:36.473Z</time>
        <name>66</name>
        <extensions>
          <speed_mps>22.352</speed_mps>
          <speed_mph>50.0</speed_mph>
        </extensions>
      </trkpt>
      <trkpt lat="52.0200843" lon="1.2372257">
        <ele>0</ele>
        <time>2026-06-26T08:00:39.773Z</time>
        <name>67</name>
        <extensions>
          <speed_mps>22.352</speed_mps>
          <speed_mph>50.0</speed_mph>
        </extensions>
      </trkpt>
      <trkpt lat="52.0200694" lon="1.2375506">
        <ele>0</ele>
        <time>2026-06-26T08:00:40.607Z</time>
        <name>68</name>
        <extensions>
          <speed_mps>22.352</speed_mps>
          <speed_mph>50.0</speed_mph>
        </extensions>
      </trkpt>
      <trkpt lat="52.0201944" lon="1.2384456">
        <ele>0</ele>
        <time>2026-06-26T08:00:43.318Z</time>
        <name>69</name>
        <extensions>
          <speed_mps>22.352</speed_mps>
          <speed_mph>50.0</speed_mph>
        </extensions>
      </trkpt>
      <trkpt lat="52.0201795" lon="1.2386705">
        <ele>0</ele>
        <time>2026-06-26T08:00:43.867Z</time>
        <name>70</name>
        <extensions>
          <speed_mps>22.352</speed_mps>
          <speed_mph>50.0</speed_mph>
        </extensions>
      </trkpt>
      <trkpt lat="52.0201645" lon="1.2389355">
        <ele>0</ele>
        <time>2026-06-26T08:00:44.528Z</time>
        <name>71</name>
        <extensions>
          <speed_mps>22.352</speed_mps>
          <speed_mph>50.0</speed_mph>
        </extensions>
      </trkpt>
      <trkpt lat="52.0203496" lon="1.2397704">
        <ele>0</ele>
        <time>2026-06-26T08:00:47.193Z</time>
        <name>72</name>
        <extensions>
          <speed_mps>22.352</speed_mps>
          <speed_mph>50.0</speed_mph>
        </extensions>
      </trkpt>
      <trkpt lat="52.0202847" lon="1.2398453">
        <ele>0</ele>
        <time>2026-06-26T08:00:47.223Z</time>
        <name>73</name>
        <extensions>
          <speed_mps>22.352</speed_mps>
          <speed_mph>50.0</speed_mph>
        </extensions>
      </trkpt>
      <trkpt lat="52.0205797" lon="1.2409203">
        <ele>0</ele>
        <time>2026-06-26T08:00:50.796Z</time>
        <name>74</name>
        <extensions>
          <speed_mps>22.352</speed_mps>
          <speed_mph>50.0</speed_mph>
        </extensions>
      </trkpt>
      <trkpt lat="52.0205348" lon="1.2410552">
        <ele>0</ele>
        <time>2026-06-26T08:00:51.033Z</time>
        <name>75</name>
        <extensions>
          <speed_mps>22.352</speed_mps>
          <speed_mph>50.0</speed_mph>
        </extensions>
      </trkpt>
      <trkpt lat="52.0220399" lon="1.2454201">
        <ele>0</ele>
        <time>2026-06-26T08:01:06.338Z</time>
        <name>76</name>
        <extensions>
          <speed_mps>22.352</speed_mps>
          <speed_mph>50.0</speed_mph>
        </extensions>
      </trkpt>
      <trkpt lat="52.0223949" lon="1.2467151">
        <ele>0</ele>
        <time>2026-06-26T08:01:10.643Z</time>
        <name>77</name>
        <extensions>
          <speed_mps>22.352</speed_mps>
          <speed_mph>50.0</speed_mph>
        </extensions>
      </trkpt>
      <trkpt lat="52.0225900" lon="1.2477000">
        <ele>0</ele>
        <time>2026-06-26T08:01:13.742Z</time>
        <name>78</name>
        <extensions>
          <speed_mps>22.352</speed_mps>
          <speed_mph>50.0</speed_mph>
        </extensions>
      </trkpt>
      <trkpt lat="52.0225351" lon="1.2478249">
        <ele>0</ele>
        <time>2026-06-26T08:01:13.932Z</time>
        <name>79</name>
        <extensions>
          <speed_mps>22.352</speed_mps>
          <speed_mph>50.0</speed_mph>
        </extensions>
      </trkpt>
      <trkpt lat="52.0225501" lon="1.2482199">
        <ele>0</ele>
        <time>2026-06-26T08:01:15.018Z</time>
        <name>80</name>
        <extensions>
          <speed_mps>22.352</speed_mps>
          <speed_mph>50.0</speed_mph>
        </extensions>
      </trkpt>
      <trkpt lat="52.0225452" lon="1.2485848">
        <ele>0</ele>
        <time>2026-06-26T08:01:15.984Z</time>
        <name>81</name>
        <extensions>
          <speed_mps>22.352</speed_mps>
          <speed_mph>50.0</speed_mph>
        </extensions>
      </trkpt>
      <trkpt lat="52.0226003" lon="1.2493997">
        <ele>0</ele>
        <time>2026-06-26T08:01:18.356Z</time>
        <name>82</name>
        <extensions>
          <speed_mps>22.352</speed_mps>
          <speed_mph>50.0</speed_mph>
        </extensions>
      </trkpt>
      <trkpt lat="52.0226653" lon="1.2506947">
        <ele>0</ele>
        <time>2026-06-26T08:01:22.176Z</time>
        <name>83</name>
        <extensions>
          <speed_mps>22.352</speed_mps>
          <speed_mph>50.0</speed_mph>
        </extensions>
      </trkpt>
      <trkpt lat="52.0226204" lon="1.2518096">
        <ele>0</ele>
        <time>2026-06-26T08:01:25.391Z</time>
        <name>84</name>
        <extensions>
          <speed_mps>22.352</speed_mps>
          <speed_mph>50.0</speed_mph>
        </extensions>
      </trkpt>
      <trkpt lat="52.0225055" lon="1.2529845">
        <ele>0</ele>
        <time>2026-06-26T08:01:28.798Z</time>
        <name>85</name>
        <extensions>
          <speed_mps>22.352</speed_mps>
          <speed_mph>50.0</speed_mph>
        </extensions>
      </trkpt>
      <trkpt lat="52.0223705" lon="1.2538495">
        <ele>0</ele>
        <time>2026-06-26T08:01:31.271Z</time>
        <name>86</name>
        <extensions>
          <speed_mps>22.352</speed_mps>
          <speed_mph>50.0</speed_mph>
        </extensions>
      </trkpt>
      <trkpt lat="52.0222256" lon="1.2545644">
        <ele>0</ele>
        <time>2026-06-26T08:01:33.300Z</time>
        <name>87</name>
        <extensions>
          <speed_mps>22.352</speed_mps>
          <speed_mph>50.0</speed_mph>
        </extensions>
      </trkpt>
      <trkpt lat="52.0221706" lon="1.2549894">
        <ele>0</ele>
        <time>2026-06-26T08:01:34.403Z</time>
        <name>88</name>
        <extensions>
          <speed_mps>22.352</speed_mps>
          <speed_mph>50.0</speed_mph>
        </extensions>
      </trkpt>
      <trkpt lat="52.0219057" lon="1.2562443">
        <ele>0</ele>
        <time>2026-06-26T08:01:38.179Z</time>
        <name>89</name>
        <extensions>
          <speed_mps>22.352</speed_mps>
          <speed_mph>50.0</speed_mph>
        </extensions>
      </trkpt>
      <trkpt lat="52.0218108" lon="1.2564492">
        <ele>0</ele>
        <time>2026-06-26T08:01:38.632Z</time>
        <name>90</name>
        <extensions>
          <speed_mps>22.352</speed_mps>
          <speed_mph>50.0</speed_mph>
        </extensions>
      </trkpt>
      <trkpt lat="52.0217458" lon="1.2565242">
        <ele>0</ele>
        <time>2026-06-26T08:01:38.663Z</time>
        <name>91</name>
        <extensions>
          <speed_mps>22.352</speed_mps>
          <speed_mph>50.0</speed_mph>
        </extensions>
      </trkpt>
      <trkpt lat="52.0215709" lon="1.2571291">
        <ele>0</ele>
        <time>2026-06-26T08:01:40.404Z</time>
        <name>92</name>
        <extensions>
          <speed_mps>22.352</speed_mps>
          <speed_mph>50.0</speed_mph>
        </extensions>
      </trkpt>
      <trkpt lat="52.0215060" lon="1.2572040">
        <ele>0</ele>
        <time>2026-06-26T08:01:40.435Z</time>
        <name>93</name>
        <extensions>
          <speed_mps>22.352</speed_mps>
          <speed_mph>50.0</speed_mph>
        </extensions>
      </trkpt>
      <trkpt lat="52.0210810" lon="1.2590490">
        <ele>0</ele>
        <time>2026-06-26T08:01:46.170Z</time>
        <name>94</name>
        <extensions>
          <speed_mps>22.352</speed_mps>
          <speed_mph>50.0</speed_mph>
        </extensions>
      </trkpt>
      <trkpt lat="52.0210161" lon="1.2591439">
        <ele>0</ele>
        <time>2026-06-26T08:01:46.262Z</time>
        <name>95</name>
        <extensions>
          <speed_mps>22.352</speed_mps>
          <speed_mph>50.0</speed_mph>
        </extensions>
      </trkpt>
      <trkpt lat="52.0208212" lon="1.2597388">
        <ele>0</ele>
        <time>2026-06-26T08:01:48.008Z</time>
        <name>96</name>
        <extensions>
          <speed_mps>22.352</speed_mps>
          <speed_mph>50.0</speed_mph>
        </extensions>
      </trkpt>
      <trkpt lat="52.0205662" lon="1.2606938">
        <ele>0</ele>
        <time>2026-06-26T08:01:50.892Z</time>
        <name>97</name>
        <extensions>
          <speed_mps>22.352</speed_mps>
          <speed_mph>50.0</speed_mph>
        </extensions>
      </trkpt>
      <trkpt lat="52.0205013" lon="1.2608087">
        <ele>0</ele>
        <time>2026-06-26T08:01:51.045Z</time>
        <name>98</name>
        <extensions>
          <speed_mps>22.352</speed_mps>
          <speed_mph>50.0</speed_mph>
        </extensions>
      </trkpt>
      <trkpt lat="52.0204464" lon="1.2609136">
        <ele>0</ele>
        <time>2026-06-26T08:01:51.177Z</time>
        <name>99</name>
        <extensions>
          <speed_mps>22.352</speed_mps>
          <speed_mph>50.0</speed_mph>
        </extensions>
      </trkpt>
      <trkpt lat="52.0203814" lon="1.2610286">
        <ele>0</ele>
        <time>2026-06-26T08:01:51.330Z</time>
        <name>100</name>
        <extensions>
          <speed_mps>22.352</speed_mps>
          <speed_mph>50.0</speed_mph>
        </extensions>
      </trkpt>
      <trkpt lat="52.0203565" lon="1.2611935">
        <ele>0</ele>
        <time>2026-06-26T08:01:51.695Z</time>
        <name>101</name>
        <extensions>
          <speed_mps>22.352</speed_mps>
          <speed_mph>50.0</speed_mph>
        </extensions>
      </trkpt>
      <trkpt lat="52.0203216" lon="1.2613584">
        <ele>0</ele>
        <time>2026-06-26T08:01:52.036Z</time>
        <name>102</name>
        <extensions>
          <speed_mps>22.352</speed_mps>
          <speed_mph>50.0</speed_mph>
        </extensions>
      </trkpt>
      <trkpt lat="52.0202966" lon="1.2616634">
        <ele>0</ele>
        <time>2026-06-26T08:01:52.797Z</time>
        <name>103</name>
        <extensions>
          <speed_mps>22.352</speed_mps>
          <speed_mph>50.0</speed_mph>
        </extensions>
      </trkpt>
      <trkpt lat="52.0202517" lon="1.2618083">
        <ele>0</ele>
        <time>2026-06-26T08:01:53.061Z</time>
        <name>104</name>
        <extensions>
          <speed_mps>22.352</speed_mps>
          <speed_mph>50.0</speed_mph>
        </extensions>
      </trkpt>
      <trkpt lat="52.0202668" lon="1.2620932">
        <ele>0</ele>
        <time>2026-06-26T08:01:53.843Z</time>
        <name>105</name>
        <extensions>
          <speed_mps>22.352</speed_mps>
          <speed_mph>50.0</speed_mph>
        </extensions>
      </trkpt>
      <trkpt lat="52.0202018" lon="1.2621682">
        <ele>0</ele>
        <time>2026-06-26T08:01:53.874Z</time>
        <name>106</name>
        <extensions>
          <speed_mps>22.352</speed_mps>
          <speed_mph>50.0</speed_mph>
        </extensions>
      </trkpt>
      <trkpt lat="52.0201869" lon="1.2623231">
        <ele>0</ele>
        <time>2026-06-26T08:01:54.245Z</time>
        <name>107</name>
        <extensions>
          <speed_mps>22.352</speed_mps>
          <speed_mph>50.0</speed_mph>
        </extensions>
      </trkpt>
      <trkpt lat="52.0201519" lon="1.2624581">
        <ele>0</ele>
        <time>2026-06-26T08:01:54.506Z</time>
        <name>108</name>
        <extensions>
          <speed_mps>22.352</speed_mps>
          <speed_mph>50.0</speed_mph>
        </extensions>
      </trkpt>
      <trkpt lat="52.0201370" lon="1.2626030">
        <ele>0</ele>
        <time>2026-06-26T08:01:54.855Z</time>
        <name>109</name>
        <extensions>
          <speed_mps>22.352</speed_mps>
          <speed_mph>50.0</speed_mph>
        </extensions>
      </trkpt>
      <trkpt lat="52.0201821" lon="1.2628179">
        <ele>0</ele>
        <time>2026-06-26T08:01:55.569Z</time>
        <name>110</name>
        <extensions>
          <speed_mps>22.352</speed_mps>
          <speed_mph>50.0</speed_mph>
        </extensions>
      </trkpt>
      <trkpt lat="52.0201771" lon="1.2629429">
        <ele>0</ele>
        <time>2026-06-26T08:01:55.920Z</time>
        <name>111</name>
        <extensions>
          <speed_mps>22.352</speed_mps>
          <speed_mph>50.0</speed_mph>
        </extensions>
      </trkpt>
      <trkpt lat="52.0201122" lon="1.2630178">
        <ele>0</ele>
        <time>2026-06-26T08:01:55.951Z</time>
        <name>112</name>
        <extensions>
          <speed_mps>22.352</speed_mps>
          <speed_mph>50.0</speed_mph>
        </extensions>
      </trkpt>
      <trkpt lat="52.0203173" lon="1.2632727">
        <ele>0</ele>
        <time>2026-06-26T08:01:57.414Z</time>
        <name>113</name>
        <extensions>
          <speed_mps>22.352</speed_mps>
          <speed_mph>50.0</speed_mph>
        </extensions>
      </trkpt>
      <trkpt lat="52.0202923" lon="1.2633777">
        <ele>0</ele>
        <time>2026-06-26T08:01:57.648Z</time>
        <name>114</name>
        <extensions>
          <speed_mps>22.352</speed_mps>
          <speed_mph>50.0</speed_mph>
        </extensions>
      </trkpt>
      <trkpt lat="52.0207874" lon="1.2638626">
        <ele>0</ele>
        <time>2026-06-26T08:02:00.716Z</time>
        <name>115</name>
        <extensions>
          <speed_mps>22.352</speed_mps>
          <speed_mph>50.0</speed_mph>
        </extensions>
      </trkpt>
      <trkpt lat="52.0211325" lon="1.2641975">
        <ele>0</ele>
        <time>2026-06-26T08:02:02.917Z</time>
        <name>116</name>
        <extensions>
          <speed_mps>22.352</speed_mps>
          <speed_mph>50.0</speed_mph>
        </extensions>
      </trkpt>
      <trkpt lat="52.0212575" lon="1.2643625">
        <ele>0</ele>
        <time>2026-06-26T08:02:03.910Z</time>
        <name>117</name>
        <extensions>
          <speed_mps>22.352</speed_mps>
          <speed_mph>50.0</speed_mph>
        </extensions>
      </trkpt>
      <trkpt lat="52.0213726" lon="1.2645374">
        <ele>0</ele>
        <time>2026-06-26T08:02:04.867Z</time>
        <name>118</name>
        <extensions>
          <speed_mps>22.352</speed_mps>
          <speed_mph>50.0</speed_mph>
        </extensions>
      </trkpt>
      <trkpt lat="52.0220177" lon="1.2649323">
        <ele>0</ele>
        <time>2026-06-26T08:02:08.540Z</time>
        <name>119</name>
        <extensions>
          <speed_mps>22.352</speed_mps>
          <speed_mph>50.0</speed_mph>
        </extensions>
      </trkpt>
      <trkpt lat="52.0223327" lon="1.2651273">
        <ele>0</ele>
        <time>2026-06-26T08:02:10.472Z</time>
        <name>120</name>
        <extensions>
          <speed_mps>22.352</speed_mps>
          <speed_mph>50.0</speed_mph>
        </extensions>
      </trkpt>
      <trkpt lat="52.0228678" lon="1.2653522">
        <ele>0</ele>
        <time>2026-06-26T08:02:13.497Z</time>
        <name>121</name>
        <extensions>
          <speed_mps>22.352</speed_mps>
          <speed_mph>50.0</speed_mph>
        </extensions>
      </trkpt>
      <trkpt lat="52.0234729" lon="1.2655271">
        <ele>0</ele>
        <time>2026-06-26T08:02:16.847Z</time>
        <name>122</name>
        <extensions>
          <speed_mps>22.352</speed_mps>
          <speed_mph>50.0</speed_mph>
        </extensions>
      </trkpt>
      <trkpt lat="52.0243779" lon="1.2657021">
        <ele>0</ele>
        <time>2026-06-26T08:02:21.684Z</time>
        <name>123</name>
        <extensions>
          <speed_mps>22.352</speed_mps>
          <speed_mph>50.0</speed_mph>
        </extensions>
      </trkpt>
      <trkpt lat="52.0250530" lon="1.2658870">
        <ele>0</ele>
        <time>2026-06-26T08:02:25.384Z</time>
        <name>124</name>
        <extensions>
          <speed_mps>22.352</speed_mps>
          <speed_mph>50.0</speed_mph>
        </extensions>
      </trkpt>
      <trkpt lat="52.0252981" lon="1.2660319">
        <ele>0</ele>
        <time>2026-06-26T08:02:26.945Z</time>
        <name>125</name>
        <extensions>
          <speed_mps>22.352</speed_mps>
          <speed_mph>50.0</speed_mph>
        </extensions>
      </trkpt>
      <trkpt lat="52.0254631" lon="1.2661669">
        <ele>0</ele>
        <time>2026-06-26T08:02:28.109Z</time>
        <name>126</name>
        <extensions>
          <speed_mps>22.352</speed_mps>
          <speed_mph>50.0</speed_mph>
        </extensions>
      </trkpt>
      <trkpt lat="52.0260282" lon="1.2664618">
        <ele>0</ele>
        <time>2026-06-26T08:02:31.322Z</time>
        <name>127</name>
        <extensions>
          <speed_mps>22.352</speed_mps>
          <speed_mph>50.0</speed_mph>
        </extensions>
      </trkpt>
      <trkpt lat="52.0265832" lon="1.2668168">
        <ele>0</ele>
        <time>2026-06-26T08:02:34.531Z</time>
        <name>128</name>
        <extensions>
          <speed_mps>22.352</speed_mps>
          <speed_mph>50.0</speed_mph>
        </extensions>
      </trkpt>
      <trkpt lat="52.0275783" lon="1.2674917">
        <ele>0</ele>
        <time>2026-06-26T08:02:40.125Z</time>
        <name>129</name>
        <extensions>
          <speed_mps>22.352</speed_mps>
          <speed_mph>50.0</speed_mph>
        </extensions>
      </trkpt>
      <trkpt lat="52.0275234" lon="1.2675666">
        <ele>0</ele>
        <time>2026-06-26T08:02:40.183Z</time>
        <name>130</name>
        <extensions>
          <speed_mps>22.352</speed_mps>
          <speed_mph>50.0</speed_mph>
        </extensions>
      </trkpt>
      <trkpt lat="52.0276084" lon="1.2677316">
        <ele>0</ele>
        <time>2026-06-26T08:02:40.990Z</time>
        <name>131</name>
        <extensions>
          <speed_mps>22.352</speed_mps>
          <speed_mph>50.0</speed_mph>
        </extensions>
      </trkpt>
      <trkpt lat="52.0276835" lon="1.2678765">
        <ele>0</ele>
        <time>2026-06-26T08:02:41.728Z</time>
        <name>132</name>
        <extensions>
          <speed_mps>22.352</speed_mps>
          <speed_mph>50.0</speed_mph>
        </extensions>
      </trkpt>
      <trkpt lat="52.0282186" lon="1.2683314">
        <ele>0</ele>
        <time>2026-06-26T08:02:44.943Z</time>
        <name>133</name>
        <extensions>
          <speed_mps>22.352</speed_mps>
          <speed_mph>50.0</speed_mph>
        </extensions>
      </trkpt>
      <trkpt lat="52.0288236" lon="1.2688664">
        <ele>0</ele>
        <time>2026-06-26T08:02:48.573Z</time>
        <name>134</name>
        <extensions>
          <speed_mps>22.352</speed_mps>
          <speed_mph>50.0</speed_mph>
        </extensions>
      </trkpt>
      <trkpt lat="52.0291687" lon="1.2692413">
        <ele>0</ele>
        <time>2026-06-26T08:02:50.822Z</time>
        <name>135</name>
        <extensions>
          <speed_mps>22.352</speed_mps>
          <speed_mph>50.0</speed_mph>
        </extensions>
      </trkpt>
      <trkpt lat="52.0291238" lon="1.2693262">
        <ele>0</ele>
        <time>2026-06-26T08:02:50.939Z</time>
        <name>136</name>
        <extensions>
          <speed_mps>22.352</speed_mps>
          <speed_mph>50.0</speed_mph>
        </extensions>
      </trkpt>
      <trkpt lat="52.0292588" lon="1.2695412">
        <ele>0</ele>
        <time>2026-06-26T08:02:52.035Z</time>
        <name>137</name>
        <extensions>
          <speed_mps>22.352</speed_mps>
          <speed_mph>50.0</speed_mph>
        </extensions>
      </trkpt>
      <trkpt lat="52.0297139" lon="1.2700261">
        <ele>0</ele>
        <time>2026-06-26T08:02:54.923Z</time>
        <name>138</name>
        <extensions>
          <speed_mps>22.352</speed_mps>
          <speed_mph>50.0</speed_mph>
        </extensions>
      </trkpt>
      <trkpt lat="52.0297690" lon="1.2702010">
        <ele>0</ele>
        <time>2026-06-26T08:02:55.609Z</time>
        <name>139</name>
        <extensions>
          <speed_mps>22.352</speed_mps>
          <speed_mph>50.0</speed_mph>
        </extensions>
      </trkpt>
      <trkpt lat="52.0297940" lon="1.2703360">
        <ele>0</ele>
        <time>2026-06-26T08:02:56.105Z</time>
        <name>140</name>
        <extensions>
          <speed_mps>22.352</speed_mps>
          <speed_mph>50.0</speed_mph>
        </extensions>
      </trkpt>
      <trkpt lat="52.0297491" lon="1.2704109">
        <ele>0</ele>
        <time>2026-06-26T08:02:56.209Z</time>
        <name>141</name>
        <extensions>
          <speed_mps>22.352</speed_mps>
          <speed_mph>50.0</speed_mph>
        </extensions>
      </trkpt>
      <trkpt lat="52.0304342" lon="1.2711858">
        <ele>0</ele>
        <time>2026-06-26T08:03:00.527Z</time>
        <name>142</name>
        <extensions>
          <speed_mps>22.352</speed_mps>
          <speed_mph>50.0</speed_mph>
        </extensions>
      </trkpt>
      <trkpt lat="52.0304892" lon="1.2713808">
        <ele>0</ele>
        <time>2026-06-26T08:03:01.244Z</time>
        <name>143</name>
        <extensions>
          <speed_mps>22.352</speed_mps>
          <speed_mph>50.0</speed_mph>
        </extensions>
      </trkpt>
      <trkpt lat="52.0304843" lon="1.2714957">
        <ele>0</ele>
        <time>2026-06-26T08:03:01.579Z</time>
        <name>144</name>
        <extensions>
          <speed_mps>22.352</speed_mps>
          <speed_mph>50.0</speed_mph>
        </extensions>
      </trkpt>
      <trkpt lat="52.0304694" lon="1.2716206">
        <ele>0</ele>
        <time>2026-06-26T08:03:01.889Z</time>
        <name>145</name>
        <extensions>
          <speed_mps>22.352</speed_mps>
          <speed_mph>50.0</speed_mph>
        </extensions>
      </trkpt>
      <trkpt lat="52.0304444" lon="1.2717156">
        <ele>0</ele>
        <time>2026-06-26T08:03:02.108Z</time>
        <name>146</name>
        <extensions>
          <speed_mps>22.352</speed_mps>
          <speed_mph>50.0</speed_mph>
        </extensions>
      </trkpt>
      <trkpt lat="52.0304395" lon="1.2718505">
        <ele>0</ele>
        <time>2026-06-26T08:03:02.475Z</time>
        <name>147</name>
        <extensions>
          <speed_mps>22.352</speed_mps>
          <speed_mph>50.0</speed_mph>
        </extensions>
      </trkpt>
      <trkpt lat="52.0305845" lon="1.2721255">
        <ele>0</ele>
        <time>2026-06-26T08:03:03.702Z</time>
        <name>148</name>
        <extensions>
          <speed_mps>22.352</speed_mps>
          <speed_mph>50.0</speed_mph>
        </extensions>
      </trkpt>
      <trkpt lat="52.0312096" lon="1.2729304">
        <ele>0</ele>
        <time>2026-06-26T08:03:07.814Z</time>
        <name>149</name>
        <extensions>
          <speed_mps>22.352</speed_mps>
          <speed_mph>50.0</speed_mph>
        </extensions>
      </trkpt>
      <trkpt lat="52.0313447" lon="1.2732253">
        <ele>0</ele>
        <time>2026-06-26T08:03:09.032Z</time>
        <name>150</name>
        <extensions>
          <speed_mps>22.352</speed_mps>
          <speed_mph>50.0</speed_mph>
        </extensions>
      </trkpt>
      <trkpt lat="52.0315297" lon="1.2736303">
        <ele>0</ele>
        <time>2026-06-26T08:03:10.654Z</time>
        <name>151</name>
        <extensions>
          <speed_mps>22.352</speed_mps>
          <speed_mph>50.0</speed_mph>
        </extensions>
      </trkpt>
      <trkpt lat="52.0315548" lon="1.2738052">
        <ele>0</ele>
        <time>2026-06-26T08:03:11.214Z</time>
        <name>152</name>
        <extensions>
          <speed_mps>22.352</speed_mps>
          <speed_mph>50.0</speed_mph>
        </extensions>
      </trkpt>
      <trkpt lat="52.0319299" lon="1.2745301">
        <ele>0</ele>
        <time>2026-06-26T08:03:14.192Z</time>
        <name>153</name>
        <extensions>
          <speed_mps>22.352</speed_mps>
          <speed_mph>50.0</speed_mph>
        </extensions>
      </trkpt>
      <trkpt lat="52.0321549" lon="1.2750651">
        <ele>0</ele>
        <time>2026-06-26T08:03:16.229Z</time>
        <name>154</name>
        <extensions>
          <speed_mps>22.352</speed_mps>
          <speed_mph>50.0</speed_mph>
        </extensions>
      </trkpt>
      <trkpt lat="52.0321300" lon="1.2752100">
        <ele>0</ele>
        <time>2026-06-26T08:03:16.545Z</time>
        <name>155</name>
        <extensions>
          <speed_mps>22.352</speed_mps>
          <speed_mph>50.0</speed_mph>
        </extensions>
      </trkpt>
      <trkpt lat="52.0322151" lon="1.2755249">
        <ele>0</ele>
        <time>2026-06-26T08:03:17.613Z</time>
        <name>156</name>
        <extensions>
          <speed_mps>22.352</speed_mps>
          <speed_mph>50.0</speed_mph>
        </extensions>
      </trkpt>
      <trkpt lat="52.0321701" lon="1.2756099">
        <ele>0</ele>
        <time>2026-06-26T08:03:17.730Z</time>
        <name>157</name>
        <extensions>
          <speed_mps>22.352</speed_mps>
          <speed_mph>50.0</speed_mph>
        </extensions>
      </trkpt>
      <trkpt lat="52.0322652" lon="1.2759448">
        <ele>0</ele>
        <time>2026-06-26T08:03:18.877Z</time>
        <name>158</name>
        <extensions>
          <speed_mps>22.352</speed_mps>
          <speed_mph>50.0</speed_mph>
        </extensions>
      </trkpt>
      <trkpt lat="52.0322103" lon="1.2760197">
        <ele>0</ele>
        <time>2026-06-26T08:03:18.936Z</time>
        <name>159</name>
        <extensions>
          <speed_mps>22.352</speed_mps>
          <speed_mph>50.0</speed_mph>
        </extensions>
      </trkpt>
      <trkpt lat="52.0328953" lon="1.2773347">
        <ele>0</ele>
        <time>2026-06-26T08:03:24.279Z</time>
        <name>160</name>
        <extensions>
          <speed_mps>22.352</speed_mps>
          <speed_mph>50.0</speed_mph>
        </extensions>
      </trkpt>
      <trkpt lat="52.0328604" lon="1.2774596">
        <ele>0</ele>
        <time>2026-06-26T08:03:24.516Z</time>
        <name>161</name>
        <extensions>
          <speed_mps>22.352</speed_mps>
          <speed_mph>50.0</speed_mph>
        </extensions>
      </trkpt>
      <trkpt lat="52.0328155" lon="1.2775445">
        <ele>0</ele>
        <time>2026-06-26T08:03:24.632Z</time>
        <name>162</name>
        <extensions>
          <speed_mps>22.352</speed_mps>
          <speed_mph>50.0</speed_mph>
        </extensions>
      </trkpt>
      <trkpt lat="52.0339305" lon="1.2795695">
        <ele>0</ele>
        <time>2026-06-26T08:03:33.024Z</time>
        <name>163</name>
        <extensions>
          <speed_mps>22.352</speed_mps>
          <speed_mph>50.0</speed_mph>
        </extensions>
      </trkpt>
      <trkpt lat="52.0338956" lon="1.2796744">
        <ele>0</ele>
        <time>2026-06-26T08:03:33.217Z</time>
        <name>164</name>
        <extensions>
          <speed_mps>22.352</speed_mps>
          <speed_mph>50.0</speed_mph>
        </extensions>
      </trkpt>
      <trkpt lat="52.0342706" lon="1.2804794">
        <ele>0</ele>
        <time>2026-06-26T08:03:36.367Z</time>
        <name>165</name>
        <extensions>
          <speed_mps>22.352</speed_mps>
          <speed_mph>50.0</speed_mph>
        </extensions>
      </trkpt>
      <trkpt lat="52.0342457" lon="1.2805943">
        <ele>0</ele>
        <time>2026-06-26T08:03:36.618Z</time>
        <name>166</name>
        <extensions>
          <speed_mps>22.352</speed_mps>
          <speed_mph>50.0</speed_mph>
        </extensions>
      </trkpt>
      <trkpt lat="52.0342808" lon="1.2808392">
        <ele>0</ele>
        <time>2026-06-26T08:03:37.360Z</time>
        <name>167</name>
        <extensions>
          <speed_mps>22.352</speed_mps>
          <speed_mph>50.0</speed_mph>
        </extensions>
      </trkpt>
      <trkpt lat="52.0348358" lon="1.2819242">
        <ele>0</ele>
        <time>2026-06-26T08:03:41.747Z</time>
        <name>168</name>
        <extensions>
          <speed_mps>22.352</speed_mps>
          <speed_mph>50.0</speed_mph>
        </extensions>
      </trkpt>
      <trkpt lat="52.0347709" lon="1.2819991">
        <ele>0</ele>
        <time>2026-06-26T08:03:41.778Z</time>
        <name>169</name>
        <extensions>
          <speed_mps>22.352</speed_mps>
          <speed_mph>50.0</speed_mph>
        </extensions>
      </trkpt>
      <trkpt lat="52.0357760" lon="1.2838240">
        <ele>0</ele>
        <time>2026-06-26T08:03:49.350Z</time>
        <name>170</name>
        <extensions>
          <speed_mps>22.352</speed_mps>
          <speed_mph>50.0</speed_mph>
        </extensions>
      </trkpt>
      <trkpt lat="52.0357710" lon="1.2839990">
        <ele>0</ele>
        <time>2026-06-26T08:03:49.800Z</time>
        <name>171</name>
        <extensions>
          <speed_mps>22.352</speed_mps>
          <speed_mph>50.0</speed_mph>
        </extensions>
      </trkpt>
      <trkpt lat="52.0357161" lon="1.2840639">
        <ele>0</ele>
        <time>2026-06-26T08:03:49.849Z</time>
        <name>172</name>
        <extensions>
          <speed_mps>22.352</speed_mps>
          <speed_mph>50.0</speed_mph>
        </extensions>
      </trkpt>
      <trkpt lat="52.0357012" lon="1.2842288">
        <ele>0</ele>
        <time>2026-06-26T08:03:50.244Z</time>
        <name>173</name>
        <extensions>
          <speed_mps>22.352</speed_mps>
          <speed_mph>50.0</speed_mph>
        </extensions>
      </trkpt>
      <trkpt lat="52.0357062" lon="1.2844038">
        <ele>0</ele>
        <time>2026-06-26T08:03:50.728Z</time>
        <name>174</name>
        <extensions>
          <speed_mps>22.352</speed_mps>
          <speed_mph>50.0</speed_mph>
        </extensions>
      </trkpt>
      <trkpt lat="52.0356513" lon="1.2844787">
        <ele>0</ele>
        <time>2026-06-26T08:03:50.786Z</time>
        <name>175</name>
        <extensions>
          <speed_mps>22.352</speed_mps>
          <speed_mph>50.0</speed_mph>
        </extensions>
      </trkpt>
      <trkpt lat="52.0359264" lon="1.2851136">
        <ele>0</ele>
        <time>2026-06-26T08:03:53.216Z</time>
        <name>176</name>
        <extensions>
          <speed_mps>22.352</speed_mps>
          <speed_mph>50.0</speed_mph>
        </extensions>
      </trkpt>
      <trkpt lat="52.0362814" lon="1.2858286">
        <ele>0</ele>
        <time>2026-06-26T08:03:56.100Z</time>
        <name>177</name>
        <extensions>
          <speed_mps>22.352</speed_mps>
          <speed_mph>50.0</speed_mph>
        </extensions>
      </trkpt>
      <trkpt lat="52.0362965" lon="1.2859435">
        <ele>0</ele>
        <time>2026-06-26T08:03:56.527Z</time>
        <name>178</name>
        <extensions>
          <speed_mps>22.352</speed_mps>
          <speed_mph>50.0</speed_mph>
        </extensions>
      </trkpt>
      <trkpt lat="52.0363316" lon="1.2860384">
        <ele>0</ele>
        <time>2026-06-26T08:03:57.032Z</time>
        <name>179</name>
        <extensions>
          <speed_mps>22.352</speed_mps>
          <speed_mph>50.0</speed_mph>
        </extensions>
      </trkpt>
      <trkpt lat="52.0362766" lon="1.2861034">
        <ele>0</ele>
        <time>2026-06-26T08:03:57.082Z</time>
        <name>180</name>
        <extensions>
          <speed_mps>22.352</speed_mps>
          <speed_mph>50.0</speed_mph>
        </extensions>
      </trkpt>
      <trkpt lat="52.0362117" lon="1.2861583">
        <ele>0</ele>
        <time>2026-06-26T08:03:57.113Z</time>
        <name>181</name>
        <extensions>
          <speed_mps>22.352</speed_mps>
          <speed_mph>50.0</speed_mph>
        </extensions>
      </trkpt>
      <trkpt lat="52.0361668" lon="1.2862232">
        <ele>0</ele>
        <time>2026-06-26T08:03:57.212Z</time>
        <name>182</name>
        <extensions>
          <speed_mps>22.352</speed_mps>
          <speed_mph>50.0</speed_mph>
        </extensions>
      </trkpt>
      <trkpt lat="52.0361118" lon="1.2862782">
        <ele>0</ele>
        <time>2026-06-26T08:03:57.271Z</time>
        <name>183</name>
        <extensions>
          <speed_mps>22.352</speed_mps>
          <speed_mph>50.0</speed_mph>
        </extensions>
      </trkpt>
      <trkpt lat="52.0361069" lon="1.2863431">
        <ele>0</ele>
        <time>2026-06-26T08:03:57.569Z</time>
        <name>184</name>
        <extensions>
          <speed_mps>22.352</speed_mps>
          <speed_mph>50.0</speed_mph>
        </extensions>
      </trkpt>
      <trkpt lat="52.0361019" lon="1.2864281">
        <ele>0</ele>
        <time>2026-06-26T08:03:57.874Z</time>
        <name>185</name>
        <extensions>
          <speed_mps>22.352</speed_mps>
          <speed_mph>50.0</speed_mph>
        </extensions>
      </trkpt>
      <trkpt lat="52.0360970" lon="1.2865330">
        <ele>0</ele>
        <time>2026-06-26T08:03:58.196Z</time>
        <name>186</name>
        <extensions>
          <speed_mps>22.352</speed_mps>
          <speed_mph>50.0</speed_mph>
        </extensions>
      </trkpt>
      <trkpt lat="52.0361021" lon="1.2866979">
        <ele>0</ele>
        <time>2026-06-26T08:03:58.660Z</time>
        <name>187</name>
        <extensions>
          <speed_mps>22.352</speed_mps>
          <speed_mph>50.0</speed_mph>
        </extensions>
      </trkpt>
      <trkpt lat="52.0360471" lon="1.2867929">
        <ele>0</ele>
        <time>2026-06-26T08:03:58.764Z</time>
        <name>188</name>
        <extensions>
          <speed_mps>22.352</speed_mps>
          <speed_mph>50.0</speed_mph>
        </extensions>
      </trkpt>
      <trkpt lat="52.0359922" lon="1.2868778">
        <ele>0</ele>
        <time>2026-06-26T08:03:58.843Z</time>
        <name>189</name>
        <extensions>
          <speed_mps>22.352</speed_mps>
          <speed_mph>50.0</speed_mph>
        </extensions>
      </trkpt>
      <trkpt lat="52.0359773" lon="1.2871027">
        <ele>0</ele>
        <time>2026-06-26T08:03:59.392Z</time>
        <name>190</name>
        <extensions>
          <speed_mps>22.352</speed_mps>
          <speed_mph>50.0</speed_mph>
        </extensions>
      </trkpt>
      <trkpt lat="52.0359923" lon="1.2873277">
        <ele>0</ele>
        <time>2026-06-26T08:04:00.023Z</time>
        <name>191</name>
        <extensions>
          <speed_mps>22.352</speed_mps>
          <speed_mph>50.0</speed_mph>
        </extensions>
      </trkpt>
      <trkpt lat="52.0360374" lon="1.2878126">
        <ele>0</ele>
        <time>2026-06-26T08:04:01.420Z</time>
        <name>192</name>
        <extensions>
          <speed_mps>22.352</speed_mps>
          <speed_mph>50.0</speed_mph>
        </extensions>
      </trkpt>
      <trkpt lat="52.0360025" lon="1.2879375">
        <ele>0</ele>
        <time>2026-06-26T08:04:01.656Z</time>
        <name>193</name>
        <extensions>
          <speed_mps>22.352</speed_mps>
          <speed_mph>50.0</speed_mph>
        </extensions>
      </trkpt>
      <trkpt lat="52.0359475" lon="1.2880425">
        <ele>0</ele>
        <time>2026-06-26T08:04:01.789Z</time>
        <name>194</name>
        <extensions>
          <speed_mps>22.352</speed_mps>
          <speed_mph>50.0</speed_mph>
        </extensions>
      </trkpt>
      <trkpt lat="52.0359026" lon="1.2881574">
        <ele>0</ele>
        <time>2026-06-26T08:04:01.971Z</time>
        <name>195</name>
        <extensions>
          <speed_mps>22.352</speed_mps>
          <speed_mph>50.0</speed_mph>
        </extensions>
      </trkpt>
      <trkpt lat="52.0359177" lon="1.2883323">
        <ele>0</ele>
        <time>2026-06-26T08:04:02.492Z</time>
        <name>196</name>
        <extensions>
          <speed_mps>22.352</speed_mps>
          <speed_mph>50.0</speed_mph>
        </extensions>
      </trkpt>
      <trkpt lat="52.0362627" lon="1.2888573">
        <ele>0</ele>
        <time>2026-06-26T08:04:04.970Z</time>
        <name>197</name>
        <extensions>
          <speed_mps>22.352</speed_mps>
          <speed_mph>50.0</speed_mph>
        </extensions>
      </trkpt>
      <trkpt lat="52.0365278" lon="1.2892522">
        <ele>0</ele>
        <time>2026-06-26T08:04:06.898Z</time>
        <name>198</name>
        <extensions>
          <speed_mps>22.352</speed_mps>
          <speed_mph>50.0</speed_mph>
        </extensions>
      </trkpt>
      <trkpt lat="52.0369429" lon="1.2897171">
        <ele>0</ele>
        <time>2026-06-26T08:04:09.581Z</time>
        <name>199</name>
        <extensions>
          <speed_mps>22.352</speed_mps>
          <speed_mph>50.0</speed_mph>
        </extensions>
      </trkpt>
      <trkpt lat="52.0373879" lon="1.2901221">
        <ele>0</ele>
        <time>2026-06-26T08:04:12.323Z</time>
        <name>200</name>
        <extensions>
          <speed_mps>22.352</speed_mps>
          <speed_mph>50.0</speed_mph>
        </extensions>
      </trkpt>
      <trkpt lat="52.0374330" lon="1.2902470">
        <ele>0</ele>
        <time>2026-06-26T08:04:12.900Z</time>
        <name>201</name>
        <extensions>
          <speed_mps>22.352</speed_mps>
          <speed_mph>50.0</speed_mph>
        </extensions>
      </trkpt>
      <trkpt lat="52.0374981" lon="1.2903719">
        <ele>0</ele>
        <time>2026-06-26T08:04:13.572Z</time>
        <name>202</name>
        <extensions>
          <speed_mps>22.352</speed_mps>
          <speed_mph>50.0</speed_mph>
        </extensions>
      </trkpt>
      <trkpt lat="52.0375731" lon="1.2905169">
        <ele>0</ele>
        <time>2026-06-26T08:04:14.310Z</time>
        <name>203</name>
        <extensions>
          <speed_mps>22.352</speed_mps>
          <speed_mph>50.0</speed_mph>
        </extensions>
      </trkpt>
      <trkpt lat="52.0375382" lon="1.2905918">
        <ele>0</ele>
        <time>2026-06-26T08:04:14.463Z</time>
        <name>204</name>
        <extensions>
          <speed_mps>22.352</speed_mps>
          <speed_mph>50.0</speed_mph>
        </extensions>
      </trkpt>
      <trkpt lat="52.0375032" lon="1.2906768">
        <ele>0</ele>
        <time>2026-06-26T08:04:14.624Z</time>
        <name>205</name>
        <extensions>
          <speed_mps>22.352</speed_mps>
          <speed_mph>50.0</speed_mph>
        </extensions>
      </trkpt>
      <trkpt lat="52.0377283" lon="1.2908617">
        <ele>0</ele>
        <time>2026-06-26T08:04:16.113Z</time>
        <name>206</name>
        <extensions>
          <speed_mps>22.352</speed_mps>
          <speed_mph>50.0</speed_mph>
        </extensions>
      </trkpt>
      <trkpt lat="52.0379434" lon="1.2910166">
        <ele>0</ele>
        <time>2026-06-26T08:04:17.533Z</time>
        <name>207</name>
        <extensions>
          <speed_mps>22.352</speed_mps>
          <speed_mph>50.0</speed_mph>
        </extensions>
      </trkpt>
      <trkpt lat="52.0378984" lon="1.2910916">
        <ele>0</ele>
        <time>2026-06-26T08:04:17.637Z</time>
        <name>208</name>
        <extensions>
          <speed_mps>22.352</speed_mps>
          <speed_mph>50.0</speed_mph>
        </extensions>
      </trkpt>
      <trkpt lat="52.0380035" lon="1.2912065">
        <ele>0</ele>
        <time>2026-06-26T08:04:18.496Z</time>
        <name>209</name>
        <extensions>
          <speed_mps>22.352</speed_mps>
          <speed_mph>50.0</speed_mph>
        </extensions>
      </trkpt>
      <trkpt lat="52.0379986" lon="1.2912814">
        <ele>0</ele>
        <time>2026-06-26T08:04:18.796Z</time>
        <name>210</name>
        <extensions>
          <speed_mps>22.352</speed_mps>
          <speed_mph>50.0</speed_mph>
        </extensions>
      </trkpt>
      <trkpt lat="52.0380336" lon="1.2913764">
        <ele>0</ele>
        <time>2026-06-26T08:04:19.302Z</time>
        <name>211</name>
        <extensions>
          <speed_mps>22.352</speed_mps>
          <speed_mph>50.0</speed_mph>
        </extensions>
      </trkpt>
      <trkpt lat="52.0381387" lon="1.2914713">
        <ele>0</ele>
        <time>2026-06-26T08:04:20.153Z</time>
        <name>212</name>
        <extensions>
          <speed_mps>22.352</speed_mps>
          <speed_mph>50.0</speed_mph>
        </extensions>
      </trkpt>
      <trkpt lat="52.0384038" lon="1.2915762">
        <ele>0</ele>
        <time>2026-06-26T08:04:21.799Z</time>
        <name>213</name>
        <extensions>
          <speed_mps>22.352</speed_mps>
          <speed_mph>50.0</speed_mph>
        </extensions>
      </trkpt>
      <trkpt lat="52.0386688" lon="1.2916612">
        <ele>0</ele>
        <time>2026-06-26T08:04:23.442Z</time>
        <name>214</name>
        <extensions>
          <speed_mps>22.352</speed_mps>
          <speed_mph>50.0</speed_mph>
        </extensions>
      </trkpt>
      <trkpt lat="52.0389339" lon="1.2917261">
        <ele>0</ele>
        <time>2026-06-26T08:04:25.083Z</time>
        <name>215</name>
        <extensions>
          <speed_mps>22.352</speed_mps>
          <speed_mph>50.0</speed_mph>
        </extensions>
      </trkpt>
      <trkpt lat="52.0390590" lon="1.2917710">
        <ele>0</ele>
        <time>2026-06-26T08:04:26.031Z</time>
        <name>216</name>
        <extensions>
          <speed_mps>22.352</speed_mps>
          <speed_mph>50.0</speed_mph>
        </extensions>
      </trkpt>
      <trkpt lat="52.0391940" lon="1.2918260">
        <ele>0</ele>
        <time>2026-06-26T08:04:27.026Z</time>
        <name>217</name>
        <extensions>
          <speed_mps>22.352</speed_mps>
          <speed_mph>50.0</speed_mph>
        </extensions>
      </trkpt>
      <trkpt lat="52.0412291" lon="1.2916209">
        <ele>0</ele>
        <time>2026-06-26T08:04:37.505Z</time>
        <name>218</name>
        <extensions>
          <speed_mps>22.352</speed_mps>
          <speed_mph>50.0</speed_mph>
        </extensions>
      </trkpt>
      <trkpt lat="52.0413242" lon="1.2916558">
        <ele>0</ele>
        <time>2026-06-26T08:04:38.307Z</time>
        <name>219</name>
        <extensions>
          <speed_mps>22.352</speed_mps>
          <speed_mph>50.0</speed_mph>
        </extensions>
      </trkpt>
      <trkpt lat="52.0413192" lon="1.2917208">
        <ele>0</ele>
        <time>2026-06-26T08:04:38.605Z</time>
        <name>220</name>
        <extensions>
          <speed_mps>22.352</speed_mps>
          <speed_mph>50.0</speed_mph>
        </extensions>
      </trkpt>
      <trkpt lat="52.0422843" lon="1.2916057">
        <ele>0</ele>
        <time>2026-06-26T08:04:43.759Z</time>
        <name>221</name>
        <extensions>
          <speed_mps>22.352</speed_mps>
          <speed_mph>50.0</speed_mph>
        </extensions>
      </trkpt>
      <trkpt lat="52.0423994" lon="1.2916506">
        <ele>0</ele>
        <time>2026-06-26T08:04:44.656Z</time>
        <name>222</name>
        <extensions>
          <speed_mps>22.352</speed_mps>
          <speed_mph>50.0</speed_mph>
        </extensions>
      </trkpt>
      <trkpt lat="52.0435944" lon="1.2914856">
        <ele>0</ele>
        <time>2026-06-26T08:04:50.964Z</time>
        <name>223</name>
        <extensions>
          <speed_mps>22.352</speed_mps>
          <speed_mph>50.0</speed_mph>
        </extensions>
      </trkpt>
      <trkpt lat="52.0451195" lon="1.2911805">
        <ele>0</ele>
        <time>2026-06-26T08:04:58.954Z</time>
        <name>224</name>
        <extensions>
          <speed_mps>22.352</speed_mps>
          <speed_mph>50.0</speed_mph>
        </extensions>
      </trkpt>
      <trkpt lat="52.0450645" lon="1.2912455">
        <ele>0</ele>
        <time>2026-06-26T08:04:59.004Z</time>
        <name>225</name>
        <extensions>
          <speed_mps>22.352</speed_mps>
          <speed_mph>50.0</speed_mph>
        </extensions>
      </trkpt>
      <trkpt lat="52.0450896" lon="1.2912204">
        <ele>0</ele>
        <time>2026-06-26T08:04:59.529Z</time>
        <name>226</name>
        <extensions>
          <speed_mps>22.352</speed_mps>
          <speed_mph>50.0</speed_mph>
        </extensions>
      </trkpt>
      <trkpt lat="52.0450447" lon="1.2912453">
        <ele>0</ele>
        <time>2026-06-26T08:04:59.687Z</time>
        <name>227</name>
        <extensions>
          <speed_mps>22.352</speed_mps>
          <speed_mph>50.0</speed_mph>
        </extensions>
      </trkpt>
      <trkpt lat="52.0449997" lon="1.2912803">
        <ele>0</ele>
        <time>2026-06-26T08:04:59.822Z</time>
        <name>228</name>
        <extensions>
          <speed_mps>22.352</speed_mps>
          <speed_mph>50.0</speed_mph>
        </extensions>
      </trkpt>
      <trkpt lat="52.0450548" lon="1.2911152">
        <ele>0</ele>
        <time>2026-06-26T08:05:00.745Z</time>
        <name>229</name>
        <extensions>
          <speed_mps>22.352</speed_mps>
          <speed_mph>50.0</speed_mph>
        </extensions>
      </trkpt>
      <trkpt lat="52.0450799" lon="1.2910901">
        <ele>0</ele>
        <time>2026-06-26T08:05:01.271Z</time>
        <name>230</name>
        <extensions>
          <speed_mps>22.352</speed_mps>
          <speed_mph>50.0</speed_mph>
        </extensions>
      </trkpt>
      <trkpt lat="52.0450449" lon="1.2911451">
        <ele>0</ele>
        <time>2026-06-26T08:05:01.423Z</time>
        <name>231</name>
        <extensions>
          <speed_mps>22.352</speed_mps>
          <speed_mph>50.0</speed_mph>
        </extensions>
      </trkpt>
      <trkpt lat="52.0450000" lon="1.2911900">
        <ele>0</ele>
        <time>2026-06-26T08:05:01.540Z</time>
        <name>232</name>
        <extensions>
          <speed_mps>22.352</speed_mps>
          <speed_mph>50.0</speed_mph>
        </extensions>
      </trkpt>
      <trkpt lat="52.0450300" lon="1.2911800">
        <ele>0</ele>
        <time>2026-06-26T08:05:01.692Z</time>
        <name>233</name>
        <extensions>
          <speed_mps>22.352</speed_mps>
          <speed_mph>50.0</speed_mph>
        </extensions>
      </trkpt>
      <trkpt lat="52.0451500" lon="1.2911800">
        <ele>0</ele>
        <time>2026-06-26T08:05:02.289Z</time>
        <name>234</name>
        <extensions>
          <speed_mps>22.352</speed_mps>
          <speed_mph>50.0</speed_mph>
        </extensions>
      </trkpt>
      <trkpt lat="52.0451900" lon="1.2912200">
        <ele>0</ele>
        <time>2026-06-26T08:05:02.523Z</time>
        <name>235</name>
        <extensions>
          <speed_mps>22.352</speed_mps>
          <speed_mph>50.0</speed_mph>
        </extensions>
      </trkpt>
      <trkpt lat="52.0452200" lon="1.2912400">
        <ele>0</ele>
        <time>2026-06-26T08:05:02.684Z</time>
        <name>236</name>
        <extensions>
          <speed_mps>22.352</speed_mps>
          <speed_mph>50.0</speed_mph>
        </extensions>
      </trkpt>
      <trkpt lat="52.0452800" lon="1.2913000">
        <ele>0</ele>
        <time>2026-06-26T08:05:03.034Z</time>
        <name>237</name>
        <extensions>
          <speed_mps>22.352</speed_mps>
          <speed_mph>50.0</speed_mph>
        </extensions>
      </trkpt>
      <trkpt lat="52.0453300" lon="1.2913300">
        <ele>0</ele>
        <time>2026-06-26T08:05:03.299Z</time>
        <name>238</name>
        <extensions>
          <speed_mps>22.352</speed_mps>
          <speed_mph>50.0</speed_mph>
        </extensions>
      </trkpt>
      <trkpt lat="52.0454000" lon="1.2913600">
        <ele>0</ele>
        <time>2026-06-26T08:05:03.660Z</time>
        <name>239</name>
        <extensions>
          <speed_mps>22.352</speed_mps>
          <speed_mph>50.0</speed_mph>
        </extensions>
      </trkpt>
      <trkpt lat="52.0454300" lon="1.2913800">
        <ele>0</ele>
        <time>2026-06-26T08:05:03.821Z</time>
        <name>240</name>
        <extensions>
          <speed_mps>22.352</speed_mps>
          <speed_mph>50.0</speed_mph>
        </extensions>
      </trkpt>
      <trkpt lat="52.0454700" lon="1.2913900">
        <ele>0</ele>
        <time>2026-06-26T08:05:04.022Z</time>
        <name>241</name>
        <extensions>
          <speed_mps>22.352</speed_mps>
          <speed_mph>50.0</speed_mph>
        </extensions>
      </trkpt>
      <trkpt lat="52.0454900" lon="1.2913900">
        <ele>0</ele>
        <time>2026-06-26T08:05:04.122Z</time>
        <name>242</name>
        <extensions>
          <speed_mps>22.352</speed_mps>
          <speed_mph>50.0</speed_mph>
        </extensions>
      </trkpt>
      <trkpt lat="52.0455200" lon="1.2914000">
        <ele>0</ele>
        <time>2026-06-26T08:05:04.274Z</time>
        <name>243</name>
        <extensions>
          <speed_mps>22.352</speed_mps>
          <speed_mph>50.0</speed_mph>
        </extensions>
      </trkpt>
      <trkpt lat="52.0456200" lon="1.2914000">
        <ele>0</ele>
        <time>2026-06-26T08:05:04.771Z</time>
        <name>244</name>
        <extensions>
          <speed_mps>22.352</speed_mps>
          <speed_mph>50.0</speed_mph>
        </extensions>
      </trkpt>
      <trkpt lat="52.0472300" lon="1.2908400">
        <ele>0</ele>
        <time>2026-06-26T08:05:12.962Z</time>
        <name>245</name>
        <extensions>
          <speed_mps>22.352</speed_mps>
          <speed_mph>50.0</speed_mph>
        </extensions>
      </trkpt>
      <trkpt lat="52.0473400" lon="1.2908100">
        <ele>0</ele>
        <time>2026-06-26T08:05:13.517Z</time>
        <name>246</name>
        <extensions>
          <speed_mps>22.352</speed_mps>
          <speed_mph>50.0</speed_mph>
        </extensions>
      </trkpt>
      <trkpt lat="52.0478800" lon="1.2906200">
        <ele>0</ele>
        <time>2026-06-26T08:05:16.265Z</time>
        <name>247</name>
        <extensions>
          <speed_mps>22.352</speed_mps>
          <speed_mph>50.0</speed_mph>
        </extensions>
      </trkpt>
      <trkpt lat="52.0479000" lon="1.2906200">
        <ele>0</ele>
        <time>2026-06-26T08:05:16.365Z</time>
        <name>248</name>
        <extensions>
          <speed_mps>22.352</speed_mps>
          <speed_mph>50.0</speed_mph>
        </extensions>
      </trkpt>
      <trkpt lat="52.0479400" lon="1.2906000">
        <ele>0</ele>
        <time>2026-06-26T08:05:16.573Z</time>
        <name>249</name>
        <extensions>
          <speed_mps>22.352</speed_mps>
          <speed_mph>50.0</speed_mph>
        </extensions>
      </trkpt>
      <trkpt lat="52.0494700" lon="1.2900800">
        <ele>0</ele>
        <time>2026-06-26T08:05:24.349Z</time>
        <name>250</name>
        <extensions>
          <speed_mps>22.352</speed_mps>
          <speed_mph>50.0</speed_mph>
        </extensions>
      </trkpt>
      <trkpt lat="52.0499900" lon="1.2898800">
        <ele>0</ele>
        <time>2026-06-26T08:05:27.007Z</time>
        <name>251</name>
        <extensions>
          <speed_mps>22.352</speed_mps>
          <speed_mph>50.0</speed_mph>
        </extensions>
      </trkpt>
      <trkpt lat="52.0500600" lon="1.2898400">
        <ele>0</ele>
        <time>2026-06-26T08:05:27.376Z</time>
        <name>252</name>
        <extensions>
          <speed_mps>22.352</speed_mps>
          <speed_mph>50.0</speed_mph>
        </extensions>
      </trkpt>
      <trkpt lat="52.0501100" lon="1.2898200">
        <ele>0</ele>
        <time>2026-06-26T08:05:27.632Z</time>
        <name>253</name>
        <extensions>
          <speed_mps>22.352</speed_mps>
          <speed_mph>50.0</speed_mph>
        </extensions>
      </trkpt>
      <trkpt lat="52.0501200" lon="1.2898100">
        <ele>0</ele>
        <time>2026-06-26T08:05:27.690Z</time>
        <name>254</name>
        <extensions>
          <speed_mps>22.352</speed_mps>
          <speed_mph>50.0</speed_mph>
        </extensions>
      </trkpt>
      <trkpt lat="52.0501300" lon="1.2898100">
        <ele>0</ele>
        <time>2026-06-26T08:05:27.740Z</time>
        <name>255</name>
        <extensions>
          <speed_mps>22.352</speed_mps>
          <speed_mph>50.0</speed_mph>
        </extensions>
      </trkpt>
      <trkpt lat="52.0502100" lon="1.2897500">
        <ele>0</ele>
        <time>2026-06-26T08:05:28.178Z</time>
        <name>256</name>
        <extensions>
          <speed_mps>22.352</speed_mps>
          <speed_mph>50.0</speed_mph>
        </extensions>
      </trkpt>
      <trkpt lat="52.0502600" lon="1.2897000">
        <ele>0</ele>
        <time>2026-06-26T08:05:28.470Z</time>
        <name>257</name>
        <extensions>
          <speed_mps>22.352</speed_mps>
          <speed_mph>50.0</speed_mph>
        </extensions>
      </trkpt>
      <trkpt lat="52.0503200" lon="1.2896100">
        <ele>0</ele>
        <time>2026-06-26T08:05:28.876Z</time>
        <name>258</name>
        <extensions>
          <speed_mps>22.352</speed_mps>
          <speed_mph>50.0</speed_mph>
        </extensions>
      </trkpt>
      <trkpt lat="52.0503400" lon="1.2895400">
        <ele>0</ele>
        <time>2026-06-26T08:05:29.112Z</time>
        <name>259</name>
        <extensions>
          <speed_mps>22.352</speed_mps>
          <speed_mph>50.0</speed_mph>
        </extensions>
      </trkpt>
      <trkpt lat="52.0503600" lon="1.2895000">
        <ele>0</ele>
        <time>2026-06-26T08:05:29.270Z</time>
        <name>260</name>
        <extensions>
          <speed_mps>22.352</speed_mps>
          <speed_mph>50.0</speed_mph>
        </extensions>
      </trkpt>
      <trkpt lat="52.0503700" lon="1.2894500">
        <ele>0</ele>
        <time>2026-06-26T08:05:29.431Z</time>
        <name>261</name>
        <extensions>
          <speed_mps>22.352</speed_mps>
          <speed_mph>50.0</speed_mph>
        </extensions>
      </trkpt>
      <trkpt lat="52.0504000" lon="1.2894000">
        <ele>0</ele>
        <time>2026-06-26T08:05:29.645Z</time>
        <name>262</name>
        <extensions>
          <speed_mps>22.352</speed_mps>
          <speed_mph>50.0</speed_mph>
        </extensions>
      </trkpt>
      <trkpt lat="52.0504800" lon="1.2893300">
        <ele>0</ele>
        <time>2026-06-26T08:05:30.097Z</time>
        <name>263</name>
        <extensions>
          <speed_mps>22.352</speed_mps>
          <speed_mph>50.0</speed_mph>
        </extensions>
      </trkpt>
      <trkpt lat="52.0505400" lon="1.2892900">
        <ele>0</ele>
        <time>2026-06-26T08:05:30.419Z</time>
        <name>264</name>
        <extensions>
          <speed_mps>22.352</speed_mps>
          <speed_mph>50.0</speed_mph>
        </extensions>
      </trkpt>
      <trkpt lat="52.0505800" lon="1.2892700">
        <ele>0</ele>
        <time>2026-06-26T08:05:30.627Z</time>
        <name>265</name>
        <extensions>
          <speed_mps>22.352</speed_mps>
          <speed_mph>50.0</speed_mph>
        </extensions>
      </trkpt>
      <trkpt lat="52.0506100" lon="1.2892600">
        <ele>0</ele>
        <time>2026-06-26T08:05:30.780Z</time>
        <name>266</name>
        <extensions>
          <speed_mps>22.352</speed_mps>
          <speed_mph>50.0</speed_mph>
        </extensions>
      </trkpt>
      <trkpt lat="52.0506700" lon="1.2892500">
        <ele>0</ele>
        <time>2026-06-26T08:05:31.080Z</time>
        <name>267</name>
        <extensions>
          <speed_mps>22.352</speed_mps>
          <speed_mph>50.0</speed_mph>
        </extensions>
      </trkpt>
      <trkpt lat="52.0507100" lon="1.2892600">
        <ele>0</ele>
        <time>2026-06-26T08:05:31.281Z</time>
        <name>268</name>
        <extensions>
          <speed_mps>22.352</speed_mps>
          <speed_mph>50.0</speed_mph>
        </extensions>
      </trkpt>
      <trkpt lat="52.0507300" lon="1.2892800">
        <ele>0</ele>
        <time>2026-06-26T08:05:31.398Z</time>
        <name>269</name>
        <extensions>
          <speed_mps>22.352</speed_mps>
          <speed_mph>50.0</speed_mph>
        </extensions>
      </trkpt>
      <trkpt lat="52.0507600" lon="1.2892900">
        <ele>0</ele>
        <time>2026-06-26T08:05:31.550Z</time>
        <name>270</name>
        <extensions>
          <speed_mps>22.352</speed_mps>
          <speed_mph>50.0</speed_mph>
        </extensions>
      </trkpt>
      <trkpt lat="52.0508100" lon="1.2893300">
        <ele>0</ele>
        <time>2026-06-26T08:05:31.827Z</time>
        <name>271</name>
        <extensions>
          <speed_mps>22.352</speed_mps>
          <speed_mph>50.0</speed_mph>
        </extensions>
      </trkpt>
      <trkpt lat="52.0509400" lon="1.2893400">
        <ele>0</ele>
        <time>2026-06-26T08:05:32.475Z</time>
        <name>272</name>
        <extensions>
          <speed_mps>22.352</speed_mps>
          <speed_mph>50.0</speed_mph>
        </extensions>
      </trkpt>
      <trkpt lat="52.0510100" lon="1.2893300">
        <ele>0</ele>
        <time>2026-06-26T08:05:32.824Z</time>
        <name>273</name>
        <extensions>
          <speed_mps>22.352</speed_mps>
          <speed_mph>50.0</speed_mph>
        </extensions>
      </trkpt>
      <trkpt lat="52.0510400" lon="1.2893300">
        <ele>0</ele>
        <time>2026-06-26T08:05:32.974Z</time>
        <name>274</name>
        <extensions>
          <speed_mps>22.352</speed_mps>
          <speed_mph>50.0</speed_mph>
        </extensions>
      </trkpt>
      <trkpt lat="52.0511300" lon="1.2892900">
        <ele>0</ele>
        <time>2026-06-26T08:05:33.438Z</time>
        <name>275</name>
        <extensions>
          <speed_mps>22.352</speed_mps>
          <speed_mph>50.0</speed_mph>
        </extensions>
      </trkpt>
      <trkpt lat="52.0511900" lon="1.2892500">
        <ele>0</ele>
        <time>2026-06-26T08:05:33.760Z</time>
        <name>276</name>
        <extensions>
          <speed_mps>22.352</speed_mps>
          <speed_mph>50.0</speed_mph>
        </extensions>
      </trkpt>
      <trkpt lat="52.0512300" lon="1.2892300">
        <ele>0</ele>
        <time>2026-06-26T08:05:33.968Z</time>
        <name>277</name>
        <extensions>
          <speed_mps>22.352</speed_mps>
          <speed_mph>50.0</speed_mph>
        </extensions>
      </trkpt>
      <trkpt lat="52.0515600" lon="1.2890000">
        <ele>0</ele>
        <time>2026-06-26T08:05:35.754Z</time>
        <name>278</name>
        <extensions>
          <speed_mps>22.352</speed_mps>
          <speed_mph>50.0</speed_mph>
        </extensions>
      </trkpt>
      <trkpt lat="52.0517800" lon="1.2888100">
        <ele>0</ele>
        <time>2026-06-26T08:05:36.994Z</time>
        <name>279</name>
        <extensions>
          <speed_mps>22.352</speed_mps>
          <speed_mph>50.0</speed_mph>
        </extensions>
      </trkpt>
      <trkpt lat="52.0518600" lon="1.2887500">
        <ele>0</ele>
        <time>2026-06-26T08:05:37.432Z</time>
        <name>280</name>
        <extensions>
          <speed_mps>22.352</speed_mps>
          <speed_mph>50.0</speed_mph>
        </extensions>
      </trkpt>
      <trkpt lat="52.0519800" lon="1.2886400">
        <ele>0</ele>
        <time>2026-06-26T08:05:38.117Z</time>
        <name>281</name>
        <extensions>
          <speed_mps>22.352</speed_mps>
          <speed_mph>50.0</speed_mph>
        </extensions>
      </trkpt>
      <trkpt lat="52.0520200" lon="1.2886100">
        <ele>0</ele>
        <time>2026-06-26T08:05:38.336Z</time>
        <name>282</name>
        <extensions>
          <speed_mps>22.352</speed_mps>
          <speed_mph>50.0</speed_mph>
        </extensions>
      </trkpt>
      <trkpt lat="52.0522000" lon="1.2884400">
        <ele>0</ele>
        <time>2026-06-26T08:05:39.372Z</time>
        <name>283</name>
        <extensions>
          <speed_mps>22.352</speed_mps>
          <speed_mph>50.0</speed_mph>
        </extensions>
      </trkpt>
      <trkpt lat="52.0525000" lon="1.2881200">
        <ele>0</ele>
        <time>2026-06-26T08:05:41.156Z</time>
        <name>284</name>
        <extensions>
          <speed_mps>22.352</speed_mps>
          <speed_mph>50.0</speed_mph>
        </extensions>
      </trkpt>
      <trkpt lat="52.0526700" lon="1.2879100">
        <ele>0</ele>
        <time>2026-06-26T08:05:42.218Z</time>
        <name>285</name>
        <extensions>
          <speed_mps>22.352</speed_mps>
          <speed_mph>50.0</speed_mph>
        </extensions>
      </trkpt>
      <trkpt lat="52.0529200" lon="1.2875700">
        <ele>0</ele>
        <time>2026-06-26T08:05:43.839Z</time>
        <name>286</name>
        <extensions>
          <speed_mps>22.352</speed_mps>
          <speed_mph>50.0</speed_mph>
        </extensions>
      </trkpt>
      <trkpt lat="52.0531600" lon="1.2872100">
        <ele>0</ele>
        <time>2026-06-26T08:05:45.463Z</time>
        <name>287</name>
        <extensions>
          <speed_mps>22.352</speed_mps>
          <speed_mph>50.0</speed_mph>
        </extensions>
      </trkpt>
      <trkpt lat="52.0533700" lon="1.2868600">
        <ele>0</ele>
        <time>2026-06-26T08:05:46.959Z</time>
        <name>288</name>
        <extensions>
          <speed_mps>22.352</speed_mps>
          <speed_mph>50.0</speed_mph>
        </extensions>
      </trkpt>
      <trkpt lat="52.0539500" lon="1.2858100">
        <ele>0</ele>
        <time>2026-06-26T08:05:51.276Z</time>
        <name>289</name>
        <extensions>
          <speed_mps>22.352</speed_mps>
          <speed_mph>50.0</speed_mph>
        </extensions>
      </trkpt>
      <trkpt lat="52.0541400" lon="1.2854200">
        <ele>0</ele>
        <time>2026-06-26T08:05:52.797Z</time>
        <name>290</name>
        <extensions>
          <speed_mps>22.352</speed_mps>
          <speed_mph>50.0</speed_mph>
        </extensions>
      </trkpt>
      <trkpt lat="52.0542900" lon="1.2850600">
        <ele>0</ele>
        <time>2026-06-26T08:05:54.127Z</time>
        <name>291</name>
        <extensions>
          <speed_mps>22.352</speed_mps>
          <speed_mph>50.0</speed_mph>
        </extensions>
      </trkpt>
      <trkpt lat="52.0543800" lon="1.2848100">
        <ele>0</ele>
        <time>2026-06-26T08:05:55.013Z</time>
        <name>292</name>
        <extensions>
          <speed_mps>22.352</speed_mps>
          <speed_mph>50.0</speed_mph>
        </extensions>
      </trkpt>
      <trkpt lat="52.0544300" lon="1.2845800">
        <ele>0</ele>
        <time>2026-06-26T08:05:55.759Z</time>
        <name>293</name>
        <extensions>
          <speed_mps>22.352</speed_mps>
          <speed_mph>50.0</speed_mph>
        </extensions>
      </trkpt>
      <trkpt lat="52.0544300" lon="1.2845300">
        <ele>0</ele>
        <time>2026-06-26T08:05:55.912Z</time>
        <name>294</name>
        <extensions>
          <speed_mps>22.352</speed_mps>
          <speed_mph>50.0</speed_mph>
        </extensions>
      </trkpt>
      <trkpt lat="52.0544200" lon="1.2845100">
        <ele>0</ele>
        <time>2026-06-26T08:05:55.991Z</time>
        <name>295</name>
        <extensions>
          <speed_mps>22.352</speed_mps>
          <speed_mph>50.0</speed_mph>
        </extensions>
      </trkpt>
      <trkpt lat="52.0544200" lon="1.2843500">
        <ele>0</ele>
        <time>2026-06-26T08:05:56.480Z</time>
        <name>296</name>
        <extensions>
          <speed_mps>22.352</speed_mps>
          <speed_mph>50.0</speed_mph>
        </extensions>
      </trkpt>
      <trkpt lat="52.0544300" lon="1.2842900">
        <ele>0</ele>
        <time>2026-06-26T08:05:56.671Z</time>
        <name>297</name>
        <extensions>
          <speed_mps>22.352</speed_mps>
          <speed_mph>50.0</speed_mph>
        </extensions>
      </trkpt>
      <trkpt lat="52.0544500" lon="1.2842300">
        <ele>0</ele>
        <time>2026-06-26T08:05:56.879Z</time>
        <name>298</name>
        <extensions>
          <speed_mps>22.352</speed_mps>
          <speed_mph>50.0</speed_mph>
        </extensions>
      </trkpt>
      <trkpt lat="52.0544600" lon="1.2841700">
        <ele>0</ele>
        <time>2026-06-26T08:05:57.069Z</time>
        <name>299</name>
        <extensions>
          <speed_mps>22.352</speed_mps>
          <speed_mph>50.0</speed_mph>
        </extensions>
      </trkpt>
      <trkpt lat="52.0544800" lon="1.2841300">
        <ele>0</ele>
        <time>2026-06-26T08:05:57.227Z</time>
        <name>300</name>
        <extensions>
          <speed_mps>22.352</speed_mps>
          <speed_mph>50.0</speed_mph>
        </extensions>
      </trkpt>
      <trkpt lat="52.0545500" lon="1.2840600">
        <ele>0</ele>
        <time>2026-06-26T08:05:57.636Z</time>
        <name>301</name>
        <extensions>
          <speed_mps>22.352</speed_mps>
          <speed_mph>50.0</speed_mph>
        </extensions>
      </trkpt>
      <trkpt lat="52.0546100" lon="1.2840200">
        <ele>0</ele>
        <time>2026-06-26T08:05:57.958Z</time>
        <name>302</name>
        <extensions>
          <speed_mps>22.352</speed_mps>
          <speed_mph>50.0</speed_mph>
        </extensions>
      </trkpt>
      <trkpt lat="52.0546300" lon="1.2840000">
        <ele>0</ele>
        <time>2026-06-26T08:05:58.075Z</time>
        <name>303</name>
        <extensions>
          <speed_mps>22.352</speed_mps>
          <speed_mph>50.0</speed_mph>
        </extensions>
      </trkpt>
      <trkpt lat="52.0546500" lon="1.2839900">
        <ele>0</ele>
        <time>2026-06-26T08:05:58.179Z</time>
        <name>304</name>
        <extensions>
          <speed_mps>22.352</speed_mps>
          <speed_mph>50.0</speed_mph>
        </extensions>
      </trkpt>
      <trkpt lat="52.0547600" lon="1.2839900">
        <ele>0</ele>
        <time>2026-06-26T08:05:58.726Z</time>
        <name>305</name>
        <extensions>
          <speed_mps>22.352</speed_mps>
          <speed_mph>50.0</speed_mph>
        </extensions>
      </trkpt>
      <trkpt lat="52.0552900" lon="1.2837200">
        <ele>0</ele>
        <time>2026-06-26T08:06:01.489Z</time>
        <name>306</name>
        <extensions>
          <speed_mps>22.352</speed_mps>
          <speed_mph>50.0</speed_mph>
        </extensions>
      </trkpt>
      <trkpt lat="52.0553600" lon="1.2836900">
        <ele>0</ele>
        <time>2026-06-26T08:06:01.849Z</time>
        <name>307</name>
        <extensions>
          <speed_mps>22.352</speed_mps>
          <speed_mph>50.0</speed_mph>
        </extensions>
      </trkpt>
      <trkpt lat="52.0557600" lon="1.2834700">
        <ele>0</ele>
        <time>2026-06-26T08:06:03.950Z</time>
        <name>308</name>
        <extensions>
          <speed_mps>22.352</speed_mps>
          <speed_mph>50.0</speed_mph>
        </extensions>
      </trkpt>
      <trkpt lat="52.0562300" lon="1.2832400">
        <ele>0</ele>
        <time>2026-06-26T08:06:06.392Z</time>
        <name>309</name>
        <extensions>
          <speed_mps>22.352</speed_mps>
          <speed_mph>50.0</speed_mph>
        </extensions>
      </trkpt>
      <trkpt lat="52.0566100" lon="1.2830800">
        <ele>0</ele>
        <time>2026-06-26T08:06:08.344Z</time>
        <name>310</name>
        <extensions>
          <speed_mps>22.352</speed_mps>
          <speed_mph>50.0</speed_mph>
        </extensions>
      </trkpt>
      <trkpt lat="52.0569300" lon="1.2829700">
        <ele>0</ele>
        <time>2026-06-26T08:06:09.971Z</time>
        <name>311</name>
        <extensions>
          <speed_mps>22.352</speed_mps>
          <speed_mph>50.0</speed_mph>
        </extensions>
      </trkpt>
      <trkpt lat="52.0573100" lon="1.2828600">
        <ele>0</ele>
        <time>2026-06-26T08:06:11.891Z</time>
        <name>312</name>
        <extensions>
          <speed_mps>22.352</speed_mps>
          <speed_mph>50.0</speed_mph>
        </extensions>
      </trkpt>
      <trkpt lat="52.0578800" lon="1.2827500">
        <ele>0</ele>
        <time>2026-06-26T08:06:14.747Z</time>
        <name>313</name>
        <extensions>
          <speed_mps>22.352</speed_mps>
          <speed_mph>50.0</speed_mph>
        </extensions>
      </trkpt>
      <trkpt lat="52.0581900" lon="1.2827100">
        <ele>0</ele>
        <time>2026-06-26T08:06:16.294Z</time>
        <name>314</name>
        <extensions>
          <speed_mps>22.352</speed_mps>
          <speed_mph>50.0</speed_mph>
        </extensions>
      </trkpt>
      <trkpt lat="52.0584900" lon="1.2826900">
        <ele>0</ele>
        <time>2026-06-26T08:06:17.788Z</time>
        <name>315</name>
        <extensions>
          <speed_mps>22.352</speed_mps>
          <speed_mph>50.0</speed_mph>
        </extensions>
      </trkpt>
      <trkpt lat="52.0585200" lon="1.2826800">
        <ele>0</ele>
        <time>2026-06-26T08:06:17.940Z</time>
        <name>316</name>
        <extensions>
          <speed_mps>22.352</speed_mps>
          <speed_mph>50.0</speed_mph>
        </extensions>
      </trkpt>
      <trkpt lat="52.0589000" lon="1.2826800">
        <ele>0</ele>
        <time>2026-06-26T08:06:19.830Z</time>
        <name>317</name>
        <extensions>
          <speed_mps>22.352</speed_mps>
          <speed_mph>50.0</speed_mph>
        </extensions>
      </trkpt>
      <trkpt lat="52.0593000" lon="1.2827100">
        <ele>0</ele>
        <time>2026-06-26T08:06:21.822Z</time>
        <name>318</name>
        <extensions>
          <speed_mps>22.352</speed_mps>
          <speed_mph>50.0</speed_mph>
        </extensions>
      </trkpt>
      <trkpt lat="52.0594300" lon="1.2827300">
        <ele>0</ele>
        <time>2026-06-26T08:06:22.472Z</time>
        <name>319</name>
        <extensions>
          <speed_mps>22.352</speed_mps>
          <speed_mph>50.0</speed_mph>
        </extensions>
      </trkpt>
      <trkpt lat="52.0595600" lon="1.2827400">
        <ele>0</ele>
        <time>2026-06-26T08:06:23.119Z</time>
        <name>320</name>
        <extensions>
          <speed_mps>22.352</speed_mps>
          <speed_mph>50.0</speed_mph>
        </extensions>
      </trkpt>
      <trkpt lat="52.0596000" lon="1.2827500">
        <ele>0</ele>
        <time>2026-06-26T08:06:23.321Z</time>
        <name>321</name>
        <extensions>
          <speed_mps>22.352</speed_mps>
          <speed_mph>50.0</speed_mph>
        </extensions>
      </trkpt>
      <trkpt lat="52.0596900" lon="1.2827600">
        <ele>0</ele>
        <time>2026-06-26T08:06:23.769Z</time>
        <name>322</name>
        <extensions>
          <speed_mps>22.352</speed_mps>
          <speed_mph>50.0</speed_mph>
        </extensions>
      </trkpt>
      <trkpt lat="52.0600900" lon="1.2828400">
        <ele>0</ele>
        <time>2026-06-26T08:06:25.774Z</time>
        <name>323</name>
        <extensions>
          <speed_mps>22.352</speed_mps>
          <speed_mph>50.0</speed_mph>
        </extensions>
      </trkpt>
      <trkpt lat="52.0602400" lon="1.2828800">
        <ele>0</ele>
        <time>2026-06-26T08:06:26.530Z</time>
        <name>324</name>
        <extensions>
          <speed_mps>22.352</speed_mps>
          <speed_mph>50.0</speed_mph>
        </extensions>
      </trkpt>
      <trkpt lat="52.0603200" lon="1.2829100">
        <ele>0</ele>
        <time>2026-06-26T08:06:26.939Z</time>
        <name>325</name>
        <extensions>
          <speed_mps>22.352</speed_mps>
          <speed_mph>50.0</speed_mph>
        </extensions>
      </trkpt>
      <trkpt lat="52.0604000" lon="1.2829300">
        <ele>0</ele>
        <time>2026-06-26T08:06:27.341Z</time>
        <name>326</name>
        <extensions>
          <speed_mps>22.352</speed_mps>
          <speed_mph>50.0</speed_mph>
        </extensions>
      </trkpt>
      <trkpt lat="52.0605500" lon="1.2829800">
        <ele>0</ele>
        <time>2026-06-26T08:06:28.103Z</time>
        <name>327</name>
        <extensions>
          <speed_mps>22.352</speed_mps>
          <speed_mph>50.0</speed_mph>
        </extensions>
      </trkpt>
      <trkpt lat="52.0606300" lon="1.2830000">
        <ele>0</ele>
        <time>2026-06-26T08:06:28.506Z</time>
        <name>328</name>
        <extensions>
          <speed_mps>22.352</speed_mps>
          <speed_mph>50.0</speed_mph>
        </extensions>
      </trkpt>
      <trkpt lat="52.0608100" lon="1.2830700">
        <ele>0</ele>
        <time>2026-06-26T08:06:29.427Z</time>
        <name>329</name>
        <extensions>
          <speed_mps>22.352</speed_mps>
          <speed_mph>50.0</speed_mph>
        </extensions>
      </trkpt>
      <trkpt lat="52.0608500" lon="1.2830800">
        <ele>0</ele>
        <time>2026-06-26T08:06:29.628Z</time>
        <name>330</name>
        <extensions>
          <speed_mps>22.352</speed_mps>
          <speed_mph>50.0</speed_mph>
        </extensions>
      </trkpt>
      <trkpt lat="52.0610100" lon="1.2831400">
        <ele>0</ele>
        <time>2026-06-26T08:06:30.445Z</time>
        <name>331</name>
        <extensions>
          <speed_mps>22.352</speed_mps>
          <speed_mph>50.0</speed_mph>
        </extensions>
      </trkpt>
      <trkpt lat="52.0610200" lon="1.2831500">
        <ele>0</ele>
        <time>2026-06-26T08:06:30.503Z</time>
        <name>332</name>
        <extensions>
          <speed_mps>22.352</speed_mps>
          <speed_mph>50.0</speed_mph>
        </extensions>
      </trkpt>
      <trkpt lat="52.0611000" lon="1.2831800">
        <ele>0</ele>
        <time>2026-06-26T08:06:30.911Z</time>
        <name>333</name>
        <extensions>
          <speed_mps>22.352</speed_mps>
          <speed_mph>50.0</speed_mph>
        </extensions>
      </trkpt>
      <trkpt lat="52.0614600" lon="1.2833500">
        <ele>0</ele>
        <time>2026-06-26T08:06:32.776Z</time>
        <name>334</name>
        <extensions>
          <speed_mps>22.352</speed_mps>
          <speed_mph>50.0</speed_mph>
        </extensions>
      </trkpt>
      <trkpt lat="52.0618300" lon="1.2835500">
        <ele>0</ele>
        <time>2026-06-26T08:06:34.716Z</time>
        <name>335</name>
        <extensions>
          <speed_mps>22.352</speed_mps>
          <speed_mph>50.0</speed_mph>
        </extensions>
      </trkpt>
      <trkpt lat="52.0618400" lon="1.2835600">
        <ele>0</ele>
        <time>2026-06-26T08:06:34.774Z</time>
        <name>336</name>
        <extensions>
          <speed_mps>22.352</speed_mps>
          <speed_mph>50.0</speed_mph>
        </extensions>
      </trkpt>
      <trkpt lat="52.0618800" lon="1.2835800">
        <ele>0</ele>
        <time>2026-06-26T08:06:34.982Z</time>
        <name>337</name>
        <extensions>
          <speed_mps>22.352</speed_mps>
          <speed_mph>50.0</speed_mph>
        </extensions>
      </trkpt>
      <trkpt lat="52.0622800" lon="1.2838300">
        <ele>0</ele>
        <time>2026-06-26T08:06:37.114Z</time>
        <name>338</name>
        <extensions>
          <speed_mps>22.352</speed_mps>
          <speed_mph>50.0</speed_mph>
        </extensions>
      </trkpt>
      <trkpt lat="52.0625100" lon="1.2839900">
        <ele>0</ele>
        <time>2026-06-26T08:06:38.358Z</time>
        <name>339</name>
        <extensions>
          <speed_mps>22.352</speed_mps>
          <speed_mph>50.0</speed_mph>
        </extensions>
      </trkpt>
      <trkpt lat="52.0630300" lon="1.2844000">
        <ele>0</ele>
        <time>2026-06-26T08:06:41.233Z</time>
        <name>340</name>
        <extensions>
          <speed_mps>22.352</speed_mps>
          <speed_mph>50.0</speed_mph>
        </extensions>
      </trkpt>
      <trkpt lat="52.0633000" lon="1.2846500">
        <ele>0</ele>
        <time>2026-06-26T08:06:42.778Z</time>
        <name>341</name>
        <extensions>
          <speed_mps>22.352</speed_mps>
          <speed_mph>50.0</speed_mph>
        </extensions>
      </trkpt>
      <trkpt lat="52.0633500" lon="1.2846900">
        <ele>0</ele>
        <time>2026-06-26T08:06:43.056Z</time>
        <name>342</name>
        <extensions>
          <speed_mps>22.352</speed_mps>
          <speed_mph>50.0</speed_mph>
        </extensions>
      </trkpt>
      <trkpt lat="52.0637400" lon="1.2850800">
        <ele>0</ele>
        <time>2026-06-26T08:06:45.333Z</time>
        <name>343</name>
        <extensions>
          <speed_mps>22.352</speed_mps>
          <speed_mph>50.0</speed_mph>
        </extensions>
      </trkpt>
      <trkpt lat="52.0641000" lon="1.2854800">
        <ele>0</ele>
        <time>2026-06-26T08:06:47.501Z</time>
        <name>344</name>
        <extensions>
          <speed_mps>22.352</speed_mps>
          <speed_mph>50.0</speed_mph>
        </extensions>
      </trkpt>
      <trkpt lat="52.0644700" lon="1.2859300">
        <ele>0</ele>
        <time>2026-06-26T08:06:49.799Z</time>
        <name>345</name>
        <extensions>
          <speed_mps>22.352</speed_mps>
          <speed_mph>50.0</speed_mph>
        </extensions>
      </trkpt>
      <trkpt lat="52.0647200" lon="1.2862600">
        <ele>0</ele>
        <time>2026-06-26T08:06:51.401Z</time>
        <name>346</name>
        <extensions>
          <speed_mps>22.352</speed_mps>
          <speed_mph>50.0</speed_mph>
        </extensions>
      </trkpt>
      <trkpt lat="52.0649700" lon="1.2866200">
        <ele>0</ele>
        <time>2026-06-26T08:06:53.062Z</time>
        <name>347</name>
        <extensions>
          <speed_mps>22.352</speed_mps>
          <speed_mph>50.0</speed_mph>
        </extensions>
      </trkpt>
      <trkpt lat="52.0652600" lon="1.2870800">
        <ele>0</ele>
        <time>2026-06-26T08:06:55.076Z</time>
        <name>348</name>
        <extensions>
          <speed_mps>22.352</speed_mps>
          <speed_mph>50.0</speed_mph>
        </extensions>
      </trkpt>
      <trkpt lat="52.0656500" lon="1.2877400">
        <ele>0</ele>
        <time>2026-06-26T08:06:57.876Z</time>
        <name>349</name>
        <extensions>
          <speed_mps>22.352</speed_mps>
          <speed_mph>50.0</speed_mph>
        </extensions>
      </trkpt>
      <trkpt lat="52.0661300" lon="1.2886900">
        <ele>0</ele>
        <time>2026-06-26T08:07:01.636Z</time>
        <name>350</name>
        <extensions>
          <speed_mps>22.352</speed_mps>
          <speed_mph>50.0</speed_mph>
        </extensions>
      </trkpt>
      <trkpt lat="52.0662600" lon="1.2889700">
        <ele>0</ele>
        <time>2026-06-26T08:07:02.708Z</time>
        <name>351</name>
        <extensions>
          <speed_mps>22.352</speed_mps>
          <speed_mph>50.0</speed_mph>
        </extensions>
      </trkpt>
      <trkpt lat="52.0667300" lon="1.2901900">
        <ele>0</ele>
        <time>2026-06-26T08:07:07.110Z</time>
        <name>352</name>
        <extensions>
          <speed_mps>22.352</speed_mps>
          <speed_mph>50.0</speed_mph>
        </extensions>
      </trkpt>
      <trkpt lat="52.0667400" lon="1.2902300">
        <ele>0</ele>
        <time>2026-06-26T08:07:07.242Z</time>
        <name>353</name>
        <extensions>
          <speed_mps>22.352</speed_mps>
          <speed_mph>50.0</speed_mph>
        </extensions>
      </trkpt>
      <trkpt lat="52.0668300" lon="1.2904800">
        <ele>0</ele>
        <time>2026-06-26T08:07:08.128Z</time>
        <name>354</name>
        <extensions>
          <speed_mps>22.352</speed_mps>
          <speed_mph>50.0</speed_mph>
        </extensions>
      </trkpt>
      <trkpt lat="52.0670700" lon="1.2912500">
        <ele>0</ele>
        <time>2026-06-26T08:07:10.768Z</time>
        <name>355</name>
        <extensions>
          <speed_mps>22.352</speed_mps>
          <speed_mph>50.0</speed_mph>
        </extensions>
      </trkpt>
      <trkpt lat="52.0673500" lon="1.2923400">
        <ele>0</ele>
        <time>2026-06-26T08:07:14.379Z</time>
        <name>356</name>
        <extensions>
          <speed_mps>22.352</speed_mps>
          <speed_mph>50.0</speed_mph>
        </extensions>
      </trkpt>
      <trkpt lat="52.0673500" lon="1.2923600">
        <ele>0</ele>
        <time>2026-06-26T08:07:14.440Z</time>
        <name>357</name>
        <extensions>
          <speed_mps>22.352</speed_mps>
          <speed_mph>50.0</speed_mph>
        </extensions>
      </trkpt>
      <trkpt lat="52.0686900" lon="1.2984500">
        <ele>0</ele>
        <time>2026-06-26T08:07:34.215Z</time>
        <name>358</name>
        <extensions>
          <speed_mps>22.352</speed_mps>
          <speed_mph>50.0</speed_mph>
        </extensions>
      </trkpt>
      <trkpt lat="52.0688400" lon="1.2993000">
        <ele>0</ele>
        <time>2026-06-26T08:07:36.919Z</time>
        <name>359</name>
        <extensions>
          <speed_mps>22.352</speed_mps>
          <speed_mph>50.0</speed_mph>
        </extensions>
      </trkpt>
      <trkpt lat="52.0688600" lon="1.2994800">
        <ele>0</ele>
        <time>2026-06-26T08:07:37.478Z</time>
        <name>360</name>
        <extensions>
          <speed_mps>22.352</speed_mps>
          <speed_mph>50.0</speed_mph>
        </extensions>
      </trkpt>
      <trkpt lat="52.0688800" lon="1.2995800">
        <ele>0</ele>
        <time>2026-06-26T08:07:37.800Z</time>
        <name>361</name>
        <extensions>
          <speed_mps>22.352</speed_mps>
          <speed_mph>50.0</speed_mph>
        </extensions>
      </trkpt>
      <trkpt lat="52.0690400" lon="1.3009100">
        <ele>0</ele>
        <time>2026-06-26T08:07:41.943Z</time>
        <name>362</name>
        <extensions>
          <speed_mps>22.352</speed_mps>
          <speed_mph>50.0</speed_mph>
        </extensions>
      </trkpt>
      <trkpt lat="52.0690400" lon="1.3010200">
        <ele>0</ele>
        <time>2026-06-26T08:07:42.279Z</time>
        <name>363</name>
        <extensions>
          <speed_mps>22.352</speed_mps>
          <speed_mph>50.0</speed_mph>
        </extensions>
      </trkpt>
      <trkpt lat="52.0691100" lon="1.3017500">
        <ele>0</ele>
        <time>2026-06-26T08:07:44.537Z</time>
        <name>364</name>
        <extensions>
          <speed_mps>22.352</speed_mps>
          <speed_mph>50.0</speed_mph>
        </extensions>
      </trkpt>
      <trkpt lat="52.0691800" lon="1.3022900">
        <ele>0</ele>
        <time>2026-06-26T08:07:46.224Z</time>
        <name>365</name>
        <extensions>
          <speed_mps>22.352</speed_mps>
          <speed_mph>50.0</speed_mph>
        </extensions>
      </trkpt>
      <trkpt lat="52.0692100" lon="1.3024200">
        <ele>0</ele>
        <time>2026-06-26T08:07:46.649Z</time>
        <name>366</name>
        <extensions>
          <speed_mps>22.352</speed_mps>
          <speed_mph>50.0</speed_mph>
        </extensions>
      </trkpt>
      <trkpt lat="52.0692800" lon="1.3025800">
        <ele>0</ele>
        <time>2026-06-26T08:07:47.249Z</time>
        <name>367</name>
        <extensions>
          <speed_mps>22.352</speed_mps>
          <speed_mph>50.0</speed_mph>
        </extensions>
      </trkpt>
      <trkpt lat="52.0693200" lon="1.3026300">
        <ele>0</ele>
        <time>2026-06-26T08:07:47.500Z</time>
        <name>368</name>
        <extensions>
          <speed_mps>22.352</speed_mps>
          <speed_mph>50.0</speed_mph>
        </extensions>
      </trkpt>
      <trkpt lat="52.0693400" lon="1.3026700">
        <ele>0</ele>
        <time>2026-06-26T08:07:47.658Z</time>
        <name>369</name>
        <extensions>
          <speed_mps>22.352</speed_mps>
          <speed_mph>50.0</speed_mph>
        </extensions>
      </trkpt>
      <trkpt lat="52.0693800" lon="1.3027200">
        <ele>0</ele>
        <time>2026-06-26T08:07:47.909Z</time>
        <name>370</name>
        <extensions>
          <speed_mps>22.352</speed_mps>
          <speed_mph>50.0</speed_mph>
        </extensions>
      </trkpt>
      <trkpt lat="52.0694600" lon="1.3028900">
        <ele>0</ele>
        <time>2026-06-26T08:07:48.563Z</time>
        <name>371</name>
        <extensions>
          <speed_mps>22.352</speed_mps>
          <speed_mph>50.0</speed_mph>
        </extensions>
      </trkpt>
      <trkpt lat="52.0695300" lon="1.3031600">
        <ele>0</ele>
        <time>2026-06-26T08:07:49.459Z</time>
        <name>372</name>
        <extensions>
          <speed_mps>22.352</speed_mps>
          <speed_mph>50.0</speed_mph>
        </extensions>
      </trkpt>
      <trkpt lat="52.0695500" lon="1.3032600">
        <ele>0</ele>
        <time>2026-06-26T08:07:49.781Z</time>
        <name>373</name>
        <extensions>
          <speed_mps>22.352</speed_mps>
          <speed_mph>50.0</speed_mph>
        </extensions>
      </trkpt>
      <trkpt lat="52.0695800" lon="1.3033700">
        <ele>0</ele>
        <time>2026-06-26T08:07:50.149Z</time>
        <name>374</name>
        <extensions>
          <speed_mps>22.352</speed_mps>
          <speed_mph>50.0</speed_mph>
        </extensions>
      </trkpt>
      <trkpt lat="52.0696800" lon="1.3036400">
        <ele>0</ele>
        <time>2026-06-26T08:07:51.112Z</time>
        <name>375</name>
        <extensions>
          <speed_mps>22.352</speed_mps>
          <speed_mph>50.0</speed_mph>
        </extensions>
      </trkpt>
      <trkpt lat="52.0696900" lon="1.3036500">
        <ele>0</ele>
        <time>2026-06-26T08:07:51.171Z</time>
        <name>376</name>
        <extensions>
          <speed_mps>22.352</speed_mps>
          <speed_mph>50.0</speed_mph>
        </extensions>
      </trkpt>
      <trkpt lat="52.0697400" lon="1.3037500">
        <ele>0</ele>
        <time>2026-06-26T08:07:51.565Z</time>
        <name>377</name>
        <extensions>
          <speed_mps>22.352</speed_mps>
          <speed_mph>50.0</speed_mph>
        </extensions>
      </trkpt>
      <trkpt lat="52.0698700" lon="1.3039200">
        <ele>0</ele>
        <time>2026-06-26T08:07:52.395Z</time>
        <name>378</name>
        <extensions>
          <speed_mps>22.352</speed_mps>
          <speed_mph>50.0</speed_mph>
        </extensions>
      </trkpt>
      <trkpt lat="52.0699300" lon="1.3040100">
        <ele>0</ele>
        <time>2026-06-26T08:07:52.800Z</time>
        <name>379</name>
        <extensions>
          <speed_mps>22.352</speed_mps>
          <speed_mph>50.0</speed_mph>
        </extensions>
      </trkpt>
      <trkpt lat="52.0701900" lon="1.3043200">
        <ele>0</ele>
        <time>2026-06-26T08:07:54.404Z</time>
        <name>380</name>
        <extensions>
          <speed_mps>22.352</speed_mps>
          <speed_mph>50.0</speed_mph>
        </extensions>
      </trkpt>
      <trkpt lat="52.0702400" lon="1.3043900">
        <ele>0</ele>
        <time>2026-06-26T08:07:54.732Z</time>
        <name>381</name>
        <extensions>
          <speed_mps>22.352</speed_mps>
          <speed_mph>50.0</speed_mph>
        </extensions>
      </trkpt>
      <trkpt lat="52.0707800" lon="1.3049800">
        <ele>0</ele>
        <time>2026-06-26T08:07:57.968Z</time>
        <name>382</name>
        <extensions>
          <speed_mps>22.352</speed_mps>
          <speed_mph>50.0</speed_mph>
        </extensions>
      </trkpt>
      <trkpt lat="52.0727200" lon="1.3068700">
        <ele>0</ele>
        <time>2026-06-26T08:08:09.216Z</time>
        <name>383</name>
        <extensions>
          <speed_mps>22.352</speed_mps>
          <speed_mph>50.0</speed_mph>
        </extensions>
      </trkpt>
      <trkpt lat="52.0728000" lon="1.3069600">
        <ele>0</ele>
        <time>2026-06-26T08:08:09.699Z</time>
        <name>384</name>
        <extensions>
          <speed_mps>22.352</speed_mps>
          <speed_mph>50.0</speed_mph>
        </extensions>
      </trkpt>
      <trkpt lat="52.0733900" lon="1.3075400">
        <ele>0</ele>
        <time>2026-06-26T08:08:13.128Z</time>
        <name>385</name>
        <extensions>
          <speed_mps>22.352</speed_mps>
          <speed_mph>50.0</speed_mph>
        </extensions>
      </trkpt>
      <trkpt lat="52.0743900" lon="1.3085800">
        <ele>0</ele>
        <time>2026-06-26T08:08:19.032Z</time>
        <name>386</name>
        <extensions>
          <speed_mps>22.352</speed_mps>
          <speed_mph>50.0</speed_mph>
        </extensions>
      </trkpt>
      <trkpt lat="52.0775200" lon="1.3116800">
        <ele>0</ele>
        <time>2026-06-26T08:08:37.259Z</time>
        <name>387</name>
        <extensions>
          <speed_mps>22.352</speed_mps>
          <speed_mph>50.0</speed_mph>
        </extensions>
      </trkpt>
      <trkpt lat="52.0776000" lon="1.3117700">
        <ele>0</ele>
        <time>2026-06-26T08:08:37.743Z</time>
        <name>388</name>
        <extensions>
          <speed_mps>22.352</speed_mps>
          <speed_mph>50.0</speed_mph>
        </extensions>
      </trkpt>
      <trkpt lat="52.0782300" lon="1.3123600">
        <ele>0</ele>
        <time>2026-06-26T08:08:41.359Z</time>
        <name>389</name>
        <extensions>
          <speed_mps>22.352</speed_mps>
          <speed_mph>50.0</speed_mph>
        </extensions>
      </trkpt>
      <trkpt lat="52.0784300" lon="1.3125200">
        <ele>0</ele>
        <time>2026-06-26T08:08:42.468Z</time>
        <name>390</name>
        <extensions>
          <speed_mps>22.352</speed_mps>
          <speed_mph>50.0</speed_mph>
        </extensions>
      </trkpt>
      <trkpt lat="52.0786100" lon="1.3126500">
        <ele>0</ele>
        <time>2026-06-26T08:08:43.447Z</time>
        <name>391</name>
        <extensions>
          <speed_mps>22.352</speed_mps>
          <speed_mph>50.0</speed_mph>
        </extensions>
      </trkpt>
      <trkpt lat="52.0788500" lon="1.3128000">
        <ele>0</ele>
        <time>2026-06-26T08:08:44.726Z</time>
        <name>392</name>
        <extensions>
          <speed_mps>22.352</speed_mps>
          <speed_mph>50.0</speed_mph>
        </extensions>
      </trkpt>
      <trkpt lat="52.0789500" lon="1.3128500">
        <ele>0</ele>
        <time>2026-06-26T08:08:45.247Z</time>
        <name>393</name>
        <extensions>
          <speed_mps>22.352</speed_mps>
          <speed_mph>50.0</speed_mph>
        </extensions>
      </trkpt>
      <trkpt lat="52.0790700" lon="1.3129200">
        <ele>0</ele>
        <time>2026-06-26T08:08:45.881Z</time>
        <name>394</name>
        <extensions>
          <speed_mps>22.352</speed_mps>
          <speed_mph>50.0</speed_mph>
        </extensions>
      </trkpt>
      <trkpt lat="52.0791700" lon="1.3129700">
        <ele>0</ele>
        <time>2026-06-26T08:08:46.401Z</time>
        <name>395</name>
        <extensions>
          <speed_mps>22.352</speed_mps>
          <speed_mph>50.0</speed_mph>
        </extensions>
      </trkpt>
      <trkpt lat="52.0793200" lon="1.3130300">
        <ele>0</ele>
        <time>2026-06-26T08:08:47.170Z</time>
        <name>396</name>
        <extensions>
          <speed_mps>22.352</speed_mps>
          <speed_mph>50.0</speed_mph>
        </extensions>
      </trkpt>
      <trkpt lat="52.0793500" lon="1.3130500">
        <ele>0</ele>
        <time>2026-06-26T08:08:47.331Z</time>
        <name>397</name>
        <extensions>
          <speed_mps>22.352</speed_mps>
          <speed_mph>50.0</speed_mph>
        </extensions>
      </trkpt>
      <trkpt lat="52.0796500" lon="1.3131400">
        <ele>0</ele>
        <time>2026-06-26T08:08:48.848Z</time>
        <name>398</name>
        <extensions>
          <speed_mps>22.352</speed_mps>
          <speed_mph>50.0</speed_mph>
        </extensions>
      </trkpt>
      <trkpt lat="52.0797800" lon="1.3131600">
        <ele>0</ele>
        <time>2026-06-26T08:08:49.498Z</time>
        <name>399</name>
        <extensions>
          <speed_mps>22.352</speed_mps>
          <speed_mph>50.0</speed_mph>
        </extensions>
      </trkpt>
      <trkpt lat="52.0798200" lon="1.3131800">
        <ele>0</ele>
        <time>2026-06-26T08:08:49.706Z</time>
        <name>400</name>
        <extensions>
          <speed_mps>22.352</speed_mps>
          <speed_mph>50.0</speed_mph>
        </extensions>
      </trkpt>
      <trkpt lat="52.0800100" lon="1.3132300">
        <ele>0</ele>
        <time>2026-06-26T08:08:50.664Z</time>
        <name>401</name>
        <extensions>
          <speed_mps>22.352</speed_mps>
          <speed_mph>50.0</speed_mph>
        </extensions>
      </trkpt>
      <trkpt lat="52.0801200" lon="1.3132500">
        <ele>0</ele>
        <time>2026-06-26T08:08:51.214Z</time>
        <name>402</name>
        <extensions>
          <speed_mps>22.352</speed_mps>
          <speed_mph>50.0</speed_mph>
        </extensions>
      </trkpt>
      <trkpt lat="52.0806900" lon="1.3132600">
        <ele>0</ele>
        <time>2026-06-26T08:08:54.050Z</time>
        <name>403</name>
        <extensions>
          <speed_mps>22.352</speed_mps>
          <speed_mph>50.0</speed_mph>
        </extensions>
      </trkpt>
      <trkpt lat="52.0807600" lon="1.3132300">
        <ele>0</ele>
        <time>2026-06-26T08:08:54.410Z</time>
        <name>404</name>
        <extensions>
          <speed_mps>22.352</speed_mps>
          <speed_mph>50.0</speed_mph>
        </extensions>
      </trkpt>
      <trkpt lat="52.0809000" lon="1.3131200">
        <ele>0</ele>
        <time>2026-06-26T08:08:55.183Z</time>
        <name>405</name>
        <extensions>
          <speed_mps>22.352</speed_mps>
          <speed_mph>50.0</speed_mph>
        </extensions>
      </trkpt>
      <trkpt lat="52.0809200" lon="1.3131000">
        <ele>0</ele>
        <time>2026-06-26T08:08:55.300Z</time>
        <name>406</name>
        <extensions>
          <speed_mps>22.352</speed_mps>
          <speed_mph>50.0</speed_mph>
        </extensions>
      </trkpt>
      <trkpt lat="52.0809300" lon="1.3130800">
        <ele>0</ele>
        <time>2026-06-26T08:08:55.379Z</time>
        <name>407</name>
        <extensions>
          <speed_mps>22.352</speed_mps>
          <speed_mph>50.0</speed_mph>
        </extensions>
      </trkpt>
      <trkpt lat="52.0809600" lon="1.3130500">
        <ele>0</ele>
        <time>2026-06-26T08:08:55.554Z</time>
        <name>408</name>
        <extensions>
          <speed_mps>22.352</speed_mps>
          <speed_mph>50.0</speed_mph>
        </extensions>
      </trkpt>
      <trkpt lat="52.0809800" lon="1.3130400">
        <ele>0</ele>
        <time>2026-06-26T08:08:55.658Z</time>
        <name>409</name>
        <extensions>
          <speed_mps>22.352</speed_mps>
          <speed_mph>50.0</speed_mph>
        </extensions>
      </trkpt>
      <trkpt lat="52.0809900" lon="1.3130300">
        <ele>0</ele>
        <time>2026-06-26T08:08:55.717Z</time>
        <name>410</name>
        <extensions>
          <speed_mps>22.352</speed_mps>
          <speed_mph>50.0</speed_mph>
        </extensions>
      </trkpt>
      <trkpt lat="52.0810300" lon="1.3130100">
        <ele>0</ele>
        <time>2026-06-26T08:08:55.925Z</time>
        <name>411</name>
        <extensions>
          <speed_mps>22.352</speed_mps>
          <speed_mph>50.0</speed_mph>
        </extensions>
      </trkpt>
      <trkpt lat="52.0811000" lon="1.3130100">
        <ele>0</ele>
        <time>2026-06-26T08:08:56.273Z</time>
        <name>412</name>
        <extensions>
          <speed_mps>22.352</speed_mps>
          <speed_mph>50.0</speed_mph>
        </extensions>
      </trkpt>
      <trkpt lat="52.0811600" lon="1.3130400">
        <ele>0</ele>
        <time>2026-06-26T08:08:56.585Z</time>
        <name>413</name>
        <extensions>
          <speed_mps>22.352</speed_mps>
          <speed_mph>50.0</speed_mph>
        </extensions>
      </trkpt>
      <trkpt lat="52.0811800" lon="1.3130600">
        <ele>0</ele>
        <time>2026-06-26T08:08:56.702Z</time>
        <name>414</name>
        <extensions>
          <speed_mps>22.352</speed_mps>
          <speed_mph>50.0</speed_mph>
        </extensions>
      </trkpt>
      <trkpt lat="52.0811900" lon="1.3130600">
        <ele>0</ele>
        <time>2026-06-26T08:08:56.752Z</time>
        <name>415</name>
        <extensions>
          <speed_mps>22.352</speed_mps>
          <speed_mph>50.0</speed_mph>
        </extensions>
      </trkpt>
      <trkpt lat="52.0811900" lon="1.3130700">
        <ele>0</ele>
        <time>2026-06-26T08:08:56.782Z</time>
        <name>416</name>
        <extensions>
          <speed_mps>22.352</speed_mps>
          <speed_mph>50.0</speed_mph>
        </extensions>
      </trkpt>
      <trkpt lat="52.0812100" lon="1.3130900">
        <ele>0</ele>
        <time>2026-06-26T08:08:56.899Z</time>
        <name>417</name>
        <extensions>
          <speed_mps>22.352</speed_mps>
          <speed_mph>50.0</speed_mph>
        </extensions>
      </trkpt>
      <trkpt lat="52.0812100" lon="1.3131000">
        <ele>0</ele>
        <time>2026-06-26T08:08:56.930Z</time>
        <name>418</name>
        <extensions>
          <speed_mps>22.352</speed_mps>
          <speed_mph>50.0</speed_mph>
        </extensions>
      </trkpt>
      <trkpt lat="52.0812200" lon="1.3131100">
        <ele>0</ele>
        <time>2026-06-26T08:08:56.988Z</time>
        <name>419</name>
        <extensions>
          <speed_mps>22.352</speed_mps>
          <speed_mph>50.0</speed_mph>
        </extensions>
      </trkpt>
      <trkpt lat="52.0812300" lon="1.3131100">
        <ele>0</ele>
        <time>2026-06-26T08:08:57.038Z</time>
        <name>420</name>
        <extensions>
          <speed_mps>22.352</speed_mps>
          <speed_mph>50.0</speed_mph>
        </extensions>
      </trkpt>
      <trkpt lat="52.0813600" lon="1.3132000">
        <ele>0</ele>
        <time>2026-06-26T08:08:57.741Z</time>
        <name>421</name>
        <extensions>
          <speed_mps>22.352</speed_mps>
          <speed_mph>50.0</speed_mph>
        </extensions>
      </trkpt>
      <trkpt lat="52.0814000" lon="1.3132200">
        <ele>0</ele>
        <time>2026-06-26T08:08:57.949Z</time>
        <name>422</name>
        <extensions>
          <speed_mps>22.352</speed_mps>
          <speed_mph>50.0</speed_mph>
        </extensions>
      </trkpt>
      <trkpt lat="52.0814300" lon="1.3132500">
        <ele>0</ele>
        <time>2026-06-26T08:08:58.124Z</time>
        <name>423</name>
        <extensions>
          <speed_mps>22.352</speed_mps>
          <speed_mph>50.0</speed_mph>
        </extensions>
      </trkpt>
      <trkpt lat="52.0814800" lon="1.3132600">
        <ele>0</ele>
        <time>2026-06-26T08:08:58.375Z</time>
        <name>424</name>
        <extensions>
          <speed_mps>22.352</speed_mps>
          <speed_mph>50.0</speed_mph>
        </extensions>
      </trkpt>
      <trkpt lat="52.0815100" lon="1.3132700">
        <ele>0</ele>
        <time>2026-06-26T08:08:58.527Z</time>
        <name>425</name>
        <extensions>
          <speed_mps>22.352</speed_mps>
          <speed_mph>50.0</speed_mph>
        </extensions>
      </trkpt>
      <trkpt lat="52.0821600" lon="1.3132600">
        <ele>0</ele>
        <time>2026-06-26T08:09:01.761Z</time>
        <name>426</name>
        <extensions>
          <speed_mps>22.352</speed_mps>
          <speed_mph>50.0</speed_mph>
        </extensions>
      </trkpt>
      <trkpt lat="52.0824900" lon="1.3132800">
        <ele>0</ele>
        <time>2026-06-26T08:09:03.403Z</time>
        <name>427</name>
        <extensions>
          <speed_mps>22.352</speed_mps>
          <speed_mph>50.0</speed_mph>
        </extensions>
      </trkpt>
      <trkpt lat="52.0826300" lon="1.3133100">
        <ele>0</ele>
        <time>2026-06-26T08:09:04.106Z</time>
        <name>428</name>
        <extensions>
          <speed_mps>22.352</speed_mps>
          <speed_mph>50.0</speed_mph>
        </extensions>
      </trkpt>
      <trkpt lat="52.0827200" lon="1.3133200">
        <ele>0</ele>
        <time>2026-06-26T08:09:04.555Z</time>
        <name>429</name>
        <extensions>
          <speed_mps>22.352</speed_mps>
          <speed_mph>50.0</speed_mph>
        </extensions>
      </trkpt>
      <trkpt lat="52.0827900" lon="1.3133400">
        <ele>0</ele>
        <time>2026-06-26T08:09:04.908Z</time>
        <name>430</name>
        <extensions>
          <speed_mps>22.352</speed_mps>
          <speed_mph>50.0</speed_mph>
        </extensions>
      </trkpt>
      <trkpt lat="52.0828500" lon="1.3133500">
        <ele>0</ele>
        <time>2026-06-26T08:09:05.208Z</time>
        <name>431</name>
        <extensions>
          <speed_mps>22.352</speed_mps>
          <speed_mph>50.0</speed_mph>
        </extensions>
      </trkpt>
      <trkpt lat="52.0829100" lon="1.3133800">
        <ele>0</ele>
        <time>2026-06-26T08:09:05.520Z</time>
        <name>432</name>
        <extensions>
          <speed_mps>22.352</speed_mps>
          <speed_mph>50.0</speed_mph>
        </extensions>
      </trkpt>
      <trkpt lat="52.0830100" lon="1.3134000">
        <ele>0</ele>
        <time>2026-06-26T08:09:06.022Z</time>
        <name>433</name>
        <extensions>
          <speed_mps>22.352</speed_mps>
          <speed_mph>50.0</speed_mph>
        </extensions>
      </trkpt>
      <trkpt lat="52.0832600" lon="1.3135000">
        <ele>0</ele>
        <time>2026-06-26T08:09:07.302Z</time>
        <name>434</name>
        <extensions>
          <speed_mps>22.352</speed_mps>
          <speed_mph>50.0</speed_mph>
        </extensions>
      </trkpt>
      <trkpt lat="52.0836900" lon="1.3137300">
        <ele>0</ele>
        <time>2026-06-26T08:09:09.554Z</time>
        <name>435</name>
        <extensions>
          <speed_mps>22.352</speed_mps>
          <speed_mph>50.0</speed_mph>
        </extensions>
      </trkpt>
      <trkpt lat="52.0841600" lon="1.3140500">
        <ele>0</ele>
        <time>2026-06-26T08:09:12.088Z</time>
        <name>436</name>
        <extensions>
          <speed_mps>22.352</speed_mps>
          <speed_mph>50.0</speed_mph>
        </extensions>
      </trkpt>
      <trkpt lat="52.0842100" lon="1.3140900">
        <ele>0</ele>
        <time>2026-06-26T08:09:12.366Z</time>
        <name>437</name>
        <extensions>
          <speed_mps>22.352</speed_mps>
          <speed_mph>50.0</speed_mph>
        </extensions>
      </trkpt>
      <trkpt lat="52.0847400" lon="1.3144400">
        <ele>0</ele>
        <time>2026-06-26T08:09:15.211Z</time>
        <name>438</name>
        <extensions>
          <speed_mps>22.352</speed_mps>
          <speed_mph>50.0</speed_mph>
        </extensions>
      </trkpt>
      <trkpt lat="52.0860800" lon="1.3151900">
        <ele>0</ele>
        <time>2026-06-26T08:09:22.260Z</time>
        <name>439</name>
        <extensions>
          <speed_mps>22.352</speed_mps>
          <speed_mph>50.0</speed_mph>
        </extensions>
      </trkpt>
      <trkpt lat="52.0863700" lon="1.3153800">
        <ele>0</ele>
        <time>2026-06-26T08:09:23.815Z</time>
        <name>440</name>
        <extensions>
          <speed_mps>22.352</speed_mps>
          <speed_mph>50.0</speed_mph>
        </extensions>
      </trkpt>
      <trkpt lat="52.0867600" lon="1.3157000">
        <ele>0</ele>
        <time>2026-06-26T08:09:25.988Z</time>
        <name>441</name>
        <extensions>
          <speed_mps>22.352</speed_mps>
          <speed_mph>50.0</speed_mph>
        </extensions>
      </trkpt>
      <trkpt lat="52.0869300" lon="1.3158700">
        <ele>0</ele>
        <time>2026-06-26T08:09:26.980Z</time>
        <name>442</name>
        <extensions>
          <speed_mps>22.352</speed_mps>
          <speed_mph>50.0</speed_mph>
        </extensions>
      </trkpt>
      <trkpt lat="52.0872000" lon="1.3161700">
        <ele>0</ele>
        <time>2026-06-26T08:09:28.606Z</time>
        <name>443</name>
        <extensions>
          <speed_mps>22.352</speed_mps>
          <speed_mph>50.0</speed_mph>
        </extensions>
      </trkpt>
      <trkpt lat="52.0874300" lon="1.3164800">
        <ele>0</ele>
        <time>2026-06-26T08:09:30.092Z</time>
        <name>444</name>
        <extensions>
          <speed_mps>22.352</speed_mps>
          <speed_mph>50.0</speed_mph>
        </extensions>
      </trkpt>
      <trkpt lat="52.0876600" lon="1.3168400">
        <ele>0</ele>
        <time>2026-06-26T08:09:31.679Z</time>
        <name>445</name>
        <extensions>
          <speed_mps>22.352</speed_mps>
          <speed_mph>50.0</speed_mph>
        </extensions>
      </trkpt>
      <trkpt lat="52.0879000" lon="1.3173000">
        <ele>0</ele>
        <time>2026-06-26T08:09:33.523Z</time>
        <name>446</name>
        <extensions>
          <speed_mps>22.352</speed_mps>
          <speed_mph>50.0</speed_mph>
        </extensions>
      </trkpt>
      <trkpt lat="52.0881600" lon="1.3178800">
        <ele>0</ele>
        <time>2026-06-26T08:09:35.717Z</time>
        <name>447</name>
        <extensions>
          <speed_mps>22.352</speed_mps>
          <speed_mph>50.0</speed_mph>
        </extensions>
      </trkpt>
      <trkpt lat="52.0883200" lon="1.3182800">
        <ele>0</ele>
        <time>2026-06-26T08:09:37.176Z</time>
        <name>448</name>
        <extensions>
          <speed_mps>22.352</speed_mps>
          <speed_mph>50.0</speed_mph>
        </extensions>
      </trkpt>
      <trkpt lat="52.0883400" lon="1.3183600">
        <ele>0</ele>
        <time>2026-06-26T08:09:37.440Z</time>
        <name>449</name>
        <extensions>
          <speed_mps>22.352</speed_mps>
          <speed_mph>50.0</speed_mph>
        </extensions>
      </trkpt>
      <trkpt lat="52.0883800" lon="1.3184700">
        <ele>0</ele>
        <time>2026-06-26T08:09:37.830Z</time>
        <name>450</name>
        <extensions>
          <speed_mps>22.352</speed_mps>
          <speed_mph>50.0</speed_mph>
        </extensions>
      </trkpt>
      <trkpt lat="52.0884200" lon="1.3185600">
        <ele>0</ele>
        <time>2026-06-26T08:09:38.170Z</time>
        <name>451</name>
        <extensions>
          <speed_mps>22.352</speed_mps>
          <speed_mph>50.0</speed_mph>
        </extensions>
      </trkpt>
      <trkpt lat="52.0885400" lon="1.3188900">
        <ele>0</ele>
        <time>2026-06-26T08:09:39.342Z</time>
        <name>452</name>
        <extensions>
          <speed_mps>22.352</speed_mps>
          <speed_mph>50.0</speed_mph>
        </extensions>
      </trkpt>
      <trkpt lat="52.0885500" lon="1.3189100">
        <ele>0</ele>
        <time>2026-06-26T08:09:39.421Z</time>
        <name>453</name>
        <extensions>
          <speed_mps>22.352</speed_mps>
          <speed_mph>50.0</speed_mph>
        </extensions>
      </trkpt>
      <trkpt lat="52.0885800" lon="1.3190100">
        <ele>0</ele>
        <time>2026-06-26T08:09:39.761Z</time>
        <name>454</name>
        <extensions>
          <speed_mps>22.352</speed_mps>
          <speed_mph>50.0</speed_mph>
        </extensions>
      </trkpt>
      <trkpt lat="52.0886300" lon="1.3191300">
        <ele>0</ele>
        <time>2026-06-26T08:09:40.204Z</time>
        <name>455</name>
        <extensions>
          <speed_mps>22.352</speed_mps>
          <speed_mph>50.0</speed_mph>
        </extensions>
      </trkpt>
      <trkpt lat="52.0889100" lon="1.3199200">
        <ele>0</ele>
        <time>2026-06-26T08:09:42.991Z</time>
        <name>456</name>
        <extensions>
          <speed_mps>22.352</speed_mps>
          <speed_mph>50.0</speed_mph>
        </extensions>
      </trkpt>
      <trkpt lat="52.0889700" lon="1.3200600">
        <ele>0</ele>
        <time>2026-06-26T08:09:43.512Z</time>
        <name>457</name>
        <extensions>
          <speed_mps>22.352</speed_mps>
          <speed_mph>50.0</speed_mph>
        </extensions>
      </trkpt>
      <trkpt lat="52.0890600" lon="1.3203300">
        <ele>0</ele>
        <time>2026-06-26T08:09:44.451Z</time>
        <name>458</name>
        <extensions>
          <speed_mps>22.352</speed_mps>
          <speed_mph>50.0</speed_mph>
        </extensions>
      </trkpt>
      <trkpt lat="52.0893400" lon="1.3210800">
        <ele>0</ele>
        <time>2026-06-26T08:09:47.133Z</time>
        <name>459</name>
        <extensions>
          <speed_mps>22.352</speed_mps>
          <speed_mph>50.0</speed_mph>
        </extensions>
      </trkpt>
      <trkpt lat="52.0893700" lon="1.3211800">
        <ele>0</ele>
        <time>2026-06-26T08:09:47.473Z</time>
        <name>460</name>
        <extensions>
          <speed_mps>22.352</speed_mps>
          <speed_mph>50.0</speed_mph>
        </extensions>
      </trkpt>
      <trkpt lat="52.0900800" lon="1.3230600">
        <ele>0</ele>
        <time>2026-06-26T08:09:54.216Z</time>
        <name>461</name>
        <extensions>
          <speed_mps>22.352</speed_mps>
          <speed_mph>50.0</speed_mph>
        </extensions>
      </trkpt>
      <trkpt lat="52.0903900" lon="1.3237200">
        <ele>0</ele>
        <time>2026-06-26T08:09:56.755Z</time>
        <name>462</name>
        <extensions>
          <speed_mps>22.352</speed_mps>
          <speed_mph>50.0</speed_mph>
        </extensions>
      </trkpt>
      <trkpt lat="52.0905500" lon="1.3240100">
        <ele>0</ele>
        <time>2026-06-26T08:09:57.946Z</time>
        <name>463</name>
        <extensions>
          <speed_mps>22.352</speed_mps>
          <speed_mph>50.0</speed_mph>
        </extensions>
      </trkpt>
      <trkpt lat="52.0905500" lon="1.3240200">
        <ele>0</ele>
        <time>2026-06-26T08:09:57.977Z</time>
        <name>464</name>
        <extensions>
          <speed_mps>22.352</speed_mps>
          <speed_mph>50.0</speed_mph>
        </extensions>
      </trkpt>
      <trkpt lat="52.0905800" lon="1.3240700">
        <ele>0</ele>
        <time>2026-06-26T08:09:58.190Z</time>
        <name>465</name>
        <extensions>
          <speed_mps>22.352</speed_mps>
          <speed_mph>50.0</speed_mph>
        </extensions>
      </trkpt>
      <trkpt lat="52.0906400" lon="1.3241900">
        <ele>0</ele>
        <time>2026-06-26T08:09:58.663Z</time>
        <name>466</name>
        <extensions>
          <speed_mps>22.352</speed_mps>
          <speed_mph>50.0</speed_mph>
        </extensions>
      </trkpt>
      <trkpt lat="52.0906600" lon="1.3242000">
        <ele>0</ele>
        <time>2026-06-26T08:09:58.767Z</time>
        <name>467</name>
        <extensions>
          <speed_mps>22.352</speed_mps>
          <speed_mph>50.0</speed_mph>
        </extensions>
      </trkpt>
      <trkpt lat="52.0906700" lon="1.3242200">
        <ele>0</ele>
        <time>2026-06-26T08:09:58.846Z</time>
        <name>468</name>
        <extensions>
          <speed_mps>22.352</speed_mps>
          <speed_mph>50.0</speed_mph>
        </extensions>
      </trkpt>
      <trkpt lat="52.0906900" lon="1.3242400">
        <ele>0</ele>
        <time>2026-06-26T08:09:58.963Z</time>
        <name>469</name>
        <extensions>
          <speed_mps>22.352</speed_mps>
          <speed_mph>50.0</speed_mph>
        </extensions>
      </trkpt>
      <trkpt lat="52.0907700" lon="1.3242800">
        <ele>0</ele>
        <time>2026-06-26T08:09:59.379Z</time>
        <name>470</name>
        <extensions>
          <speed_mps>22.352</speed_mps>
          <speed_mph>50.0</speed_mph>
        </extensions>
      </trkpt>
      <trkpt lat="52.0908700" lon="1.3243100">
        <ele>0</ele>
        <time>2026-06-26T08:09:59.885Z</time>
        <name>471</name>
        <extensions>
          <speed_mps>22.352</speed_mps>
          <speed_mph>50.0</speed_mph>
        </extensions>
      </trkpt>
      <trkpt lat="52.0909100" lon="1.3243000">
        <ele>0</ele>
        <time>2026-06-26T08:10:00.086Z</time>
        <name>472</name>
        <extensions>
          <speed_mps>22.352</speed_mps>
          <speed_mph>50.0</speed_mph>
        </extensions>
      </trkpt>
      <trkpt lat="52.0909400" lon="1.3243000">
        <ele>0</ele>
        <time>2026-06-26T08:10:00.235Z</time>
        <name>473</name>
        <extensions>
          <speed_mps>22.352</speed_mps>
          <speed_mph>50.0</speed_mph>
        </extensions>
      </trkpt>
      <trkpt lat="52.0910000" lon="1.3243200">
        <ele>0</ele>
        <time>2026-06-26T08:10:00.540Z</time>
        <name>474</name>
        <extensions>
          <speed_mps>22.352</speed_mps>
          <speed_mph>50.0</speed_mph>
        </extensions>
      </trkpt>
      <trkpt lat="52.0910300" lon="1.3243400">
        <ele>0</ele>
        <time>2026-06-26T08:10:00.701Z</time>
        <name>475</name>
        <extensions>
          <speed_mps>22.352</speed_mps>
          <speed_mph>50.0</speed_mph>
        </extensions>
      </trkpt>
      <trkpt lat="52.0910500" lon="1.3243700">
        <ele>0</ele>
        <time>2026-06-26T08:10:00.837Z</time>
        <name>476</name>
        <extensions>
          <speed_mps>22.352</speed_mps>
          <speed_mph>50.0</speed_mph>
        </extensions>
      </trkpt>
      <trkpt lat="52.0910800" lon="1.3244000">
        <ele>0</ele>
        <time>2026-06-26T08:10:01.012Z</time>
        <name>477</name>
        <extensions>
          <speed_mps>22.352</speed_mps>
          <speed_mph>50.0</speed_mph>
        </extensions>
      </trkpt>
      <trkpt lat="52.0911000" lon="1.3244400">
        <ele>0</ele>
        <time>2026-06-26T08:10:01.169Z</time>
        <name>478</name>
        <extensions>
          <speed_mps>22.352</speed_mps>
          <speed_mph>50.0</speed_mph>
        </extensions>
      </trkpt>
      <trkpt lat="52.0911200" lon="1.3244700">
        <ele>0</ele>
        <time>2026-06-26T08:10:01.305Z</time>
        <name>479</name>
        <extensions>
          <speed_mps>22.352</speed_mps>
          <speed_mph>50.0</speed_mph>
        </extensions>
      </trkpt>
      <trkpt lat="52.0911300" lon="1.3245200">
        <ele>0</ele>
        <time>2026-06-26T08:10:01.465Z</time>
        <name>480</name>
        <extensions>
          <speed_mps>22.352</speed_mps>
          <speed_mph>50.0</speed_mph>
        </extensions>
      </trkpt>
      <trkpt lat="52.0913000" lon="1.3248600">
        <ele>0</ele>
        <time>2026-06-26T08:10:02.805Z</time>
        <name>481</name>
        <extensions>
          <speed_mps>22.352</speed_mps>
          <speed_mph>50.0</speed_mph>
        </extensions>
      </trkpt>
      <trkpt lat="52.0914900" lon="1.3251700">
        <ele>0</ele>
        <time>2026-06-26T08:10:04.143Z</time>
        <name>482</name>
        <extensions>
          <speed_mps>22.352</speed_mps>
          <speed_mph>50.0</speed_mph>
        </extensions>
      </trkpt>
      <trkpt lat="52.0914900" lon="1.3251800">
        <ele>0</ele>
        <time>2026-06-26T08:10:04.174Z</time>
        <name>483</name>
        <extensions>
          <speed_mps>22.352</speed_mps>
          <speed_mph>50.0</speed_mph>
        </extensions>
      </trkpt>
      <trkpt lat="52.0916400" lon="1.3253600">
        <ele>0</ele>
        <time>2026-06-26T08:10:05.101Z</time>
        <name>484</name>
        <extensions>
          <speed_mps>22.352</speed_mps>
          <speed_mph>50.0</speed_mph>
        </extensions>
      </trkpt>
      <trkpt lat="52.0918000" lon="1.3254900">
        <ele>0</ele>
        <time>2026-06-26T08:10:05.990Z</time>
        <name>485</name>
        <extensions>
          <speed_mps>22.352</speed_mps>
          <speed_mph>50.0</speed_mph>
        </extensions>
      </trkpt>
      <trkpt lat="52.0918900" lon="1.3255500">
        <ele>0</ele>
        <time>2026-06-26T08:10:06.474Z</time>
        <name>486</name>
        <extensions>
          <speed_mps>22.352</speed_mps>
          <speed_mph>50.0</speed_mph>
        </extensions>
      </trkpt>
      <trkpt lat="52.0919900" lon="1.3256600">
        <ele>0</ele>
        <time>2026-06-26T08:10:07.074Z</time>
        <name>487</name>
        <extensions>
          <speed_mps>22.352</speed_mps>
          <speed_mph>50.0</speed_mph>
        </extensions>
      </trkpt>
      <trkpt lat="52.0924600" lon="1.3258900">
        <ele>0</ele>
        <time>2026-06-26T08:10:09.516Z</time>
        <name>488</name>
        <extensions>
          <speed_mps>22.352</speed_mps>
          <speed_mph>50.0</speed_mph>
        </extensions>
      </trkpt>
      <trkpt lat="52.0926600" lon="1.3259700">
        <ele>0</ele>
        <time>2026-06-26T08:10:10.540Z</time>
        <name>489</name>
        <extensions>
          <speed_mps>22.352</speed_mps>
          <speed_mph>50.0</speed_mph>
        </extensions>
      </trkpt>
      <trkpt lat="52.0928100" lon="1.3260200">
        <ele>0</ele>
        <time>2026-06-26T08:10:11.302Z</time>
        <name>490</name>
        <extensions>
          <speed_mps>22.352</speed_mps>
          <speed_mph>50.0</speed_mph>
        </extensions>
      </trkpt>
      <trkpt lat="52.0928300" lon="1.3260300">
        <ele>0</ele>
        <time>2026-06-26T08:10:11.406Z</time>
        <name>491</name>
        <extensions>
          <speed_mps>22.352</speed_mps>
          <speed_mph>50.0</speed_mph>
        </extensions>
      </trkpt>
      <trkpt lat="52.0940900" lon="1.3264200">
        <ele>0</ele>
        <time>2026-06-26T08:10:17.787Z</time>
        <name>492</name>
        <extensions>
          <speed_mps>22.352</speed_mps>
          <speed_mph>50.0</speed_mph>
        </extensions>
      </trkpt>
      <trkpt lat="52.0943700" lon="1.3264900">
        <ele>0</ele>
        <time>2026-06-26T08:10:19.196Z</time>
        <name>493</name>
        <extensions>
          <speed_mps>22.352</speed_mps>
          <speed_mph>50.0</speed_mph>
        </extensions>
      </trkpt>
      <trkpt lat="52.0976000" lon="1.3274500">
        <ele>0</ele>
        <time>2026-06-26T08:10:35.530Z</time>
        <name>494</name>
        <extensions>
          <speed_mps>22.352</speed_mps>
          <speed_mph>50.0</speed_mph>
        </extensions>
      </trkpt>
      <trkpt lat="52.0976100" lon="1.3274500">
        <ele>0</ele>
        <time>2026-06-26T08:10:35.579Z</time>
        <name>495</name>
        <extensions>
          <speed_mps>22.352</speed_mps>
          <speed_mph>50.0</speed_mph>
        </extensions>
      </trkpt>
      <trkpt lat="52.0988100" lon="1.3278000">
        <ele>0</ele>
        <time>2026-06-26T08:10:41.644Z</time>
        <name>496</name>
        <extensions>
          <speed_mps>22.352</speed_mps>
          <speed_mph>50.0</speed_mph>
        </extensions>
      </trkpt>
      <trkpt lat="52.0991400" lon="1.3279100">
        <ele>0</ele>
        <time>2026-06-26T08:10:43.320Z</time>
        <name>497</name>
        <extensions>
          <speed_mps>22.352</speed_mps>
          <speed_mph>50.0</speed_mph>
        </extensions>
      </trkpt>
      <trkpt lat="52.0993200" lon="1.3279600">
        <ele>0</ele>
        <time>2026-06-26T08:10:44.228Z</time>
        <name>498</name>
        <extensions>
          <speed_mps>22.352</speed_mps>
          <speed_mph>50.0</speed_mph>
        </extensions>
      </trkpt>
      <trkpt lat="52.0994000" lon="1.3279900">
        <ele>0</ele>
        <time>2026-06-26T08:10:44.636Z</time>
        <name>499</name>
        <extensions>
          <speed_mps>22.352</speed_mps>
          <speed_mph>50.0</speed_mph>
        </extensions>
      </trkpt>
      <trkpt lat="52.0997600" lon="1.3281600">
        <ele>0</ele>
        <time>2026-06-26T08:10:46.501Z</time>
        <name>500</name>
        <extensions>
          <speed_mps>22.352</speed_mps>
          <speed_mph>50.0</speed_mph>
        </extensions>
      </trkpt>
      <trkpt lat="52.0998600" lon="1.3282000">
        <ele>0</ele>
        <time>2026-06-26T08:10:47.013Z</time>
        <name>501</name>
        <extensions>
          <speed_mps>22.352</speed_mps>
          <speed_mph>50.0</speed_mph>
        </extensions>
      </trkpt>
      <trkpt lat="52.1005200" lon="1.3285700">
        <ele>0</ele>
        <time>2026-06-26T08:10:50.486Z</time>
        <name>502</name>
        <extensions>
          <speed_mps>22.352</speed_mps>
          <speed_mph>50.0</speed_mph>
        </extensions>
      </trkpt>
      <trkpt lat="52.1008800" lon="1.3288100">
        <ele>0</ele>
        <time>2026-06-26T08:10:52.421Z</time>
        <name>503</name>
        <extensions>
          <speed_mps>22.352</speed_mps>
          <speed_mph>50.0</speed_mph>
        </extensions>
      </trkpt>
      <trkpt lat="52.1014700" lon="1.3292600">
        <ele>0</ele>
        <time>2026-06-26T08:10:55.662Z</time>
        <name>504</name>
        <extensions>
          <speed_mps>22.352</speed_mps>
          <speed_mph>50.0</speed_mph>
        </extensions>
      </trkpt>
      <trkpt lat="52.1017700" lon="1.3295300">
        <ele>0</ele>
        <time>2026-06-26T08:10:57.367Z</time>
        <name>505</name>
        <extensions>
          <speed_mps>22.352</speed_mps>
          <speed_mph>50.0</speed_mph>
        </extensions>
      </trkpt>
      <trkpt lat="52.1019000" lon="1.3296000">
        <ele>0</ele>
        <time>2026-06-26T08:10:58.048Z</time>
        <name>506</name>
        <extensions>
          <speed_mps>22.352</speed_mps>
          <speed_mph>50.0</speed_mph>
        </extensions>
      </trkpt>
      <trkpt lat="52.1024800" lon="1.3302800">
        <ele>0</ele>
        <time>2026-06-26T08:11:01.604Z</time>
        <name>507</name>
        <extensions>
          <speed_mps>22.352</speed_mps>
          <speed_mph>50.0</speed_mph>
        </extensions>
      </trkpt>
      <trkpt lat="52.1029300" lon="1.3308900">
        <ele>0</ele>
        <time>2026-06-26T08:11:04.516Z</time>
        <name>508</name>
        <extensions>
          <speed_mps>22.352</speed_mps>
          <speed_mph>50.0</speed_mph>
        </extensions>
      </trkpt>
      <trkpt lat="52.1048900" lon="1.3338200">
        <ele>0</ele>
        <time>2026-06-26T08:11:17.752Z</time>
        <name>509</name>
        <extensions>
          <speed_mps>22.352</speed_mps>
          <speed_mph>50.0</speed_mph>
        </extensions>
      </trkpt>
      <trkpt lat="52.1049500" lon="1.3338900">
        <ele>0</ele>
        <time>2026-06-26T08:11:18.119Z</time>
        <name>510</name>
        <extensions>
          <speed_mps>22.352</speed_mps>
          <speed_mph>50.0</speed_mph>
        </extensions>
      </trkpt>
      <trkpt lat="52.1052700" lon="1.3344100">
        <ele>0</ele>
        <time>2026-06-26T08:11:20.368Z</time>
        <name>511</name>
        <extensions>
          <speed_mps>22.352</speed_mps>
          <speed_mph>50.0</speed_mph>
        </extensions>
      </trkpt>
      <trkpt lat="52.1056600" lon="1.3351100">
        <ele>0</ele>
        <time>2026-06-26T08:11:23.255Z</time>
        <name>512</name>
        <extensions>
          <speed_mps>22.352</speed_mps>
          <speed_mph>50.0</speed_mph>
        </extensions>
      </trkpt>
      <trkpt lat="52.1059800" lon="1.3357300">
        <ele>0</ele>
        <time>2026-06-26T08:11:25.729Z</time>
        <name>513</name>
        <extensions>
          <speed_mps>22.352</speed_mps>
          <speed_mph>50.0</speed_mph>
        </extensions>
      </trkpt>
      <trkpt lat="52.1062900" lon="1.3364600">
        <ele>0</ele>
        <time>2026-06-26T08:11:28.440Z</time>
        <name>514</name>
        <extensions>
          <speed_mps>22.352</speed_mps>
          <speed_mph>50.0</speed_mph>
        </extensions>
      </trkpt>
      <trkpt lat="52.1066600" lon="1.3375000">
        <ele>0</ele>
        <time>2026-06-26T08:11:32.111Z</time>
        <name>515</name>
        <extensions>
          <speed_mps>22.352</speed_mps>
          <speed_mph>50.0</speed_mph>
        </extensions>
      </trkpt>
      <trkpt lat="52.1069600" lon="1.3384900">
        <ele>0</ele>
        <time>2026-06-26T08:11:35.483Z</time>
        <name>516</name>
        <extensions>
          <speed_mps>22.352</speed_mps>
          <speed_mph>50.0</speed_mph>
        </extensions>
      </trkpt>
      <trkpt lat="52.1070300" lon="1.3387600">
        <ele>0</ele>
        <time>2026-06-26T08:11:36.378Z</time>
        <name>517</name>
        <extensions>
          <speed_mps>22.352</speed_mps>
          <speed_mph>50.0</speed_mph>
        </extensions>
      </trkpt>
      <trkpt lat="52.1072700" lon="1.3398400">
        <ele>0</ele>
        <time>2026-06-26T08:11:39.887Z</time>
        <name>518</name>
        <extensions>
          <speed_mps>22.352</speed_mps>
          <speed_mph>50.0</speed_mph>
        </extensions>
      </trkpt>
      <trkpt lat="52.1073600" lon="1.3404000">
        <ele>0</ele>
        <time>2026-06-26T08:11:41.655Z</time>
        <name>519</name>
        <extensions>
          <speed_mps>22.352</speed_mps>
          <speed_mph>50.0</speed_mph>
        </extensions>
      </trkpt>
      <trkpt lat="52.1075200" lon="1.3416600">
        <ele>0</ele>
        <time>2026-06-26T08:11:45.585Z</time>
        <name>520</name>
        <extensions>
          <speed_mps>22.352</speed_mps>
          <speed_mph>50.0</speed_mph>
        </extensions>
      </trkpt>
      <trkpt lat="52.1075500" lon="1.3422000">
        <ele>0</ele>
        <time>2026-06-26T08:11:47.241Z</time>
        <name>521</name>
        <extensions>
          <speed_mps>22.352</speed_mps>
          <speed_mph>50.0</speed_mph>
        </extensions>
      </trkpt>
      <trkpt lat="52.1075200" lon="1.3423200">
        <ele>0</ele>
        <time>2026-06-26T08:11:47.636Z</time>
        <name>522</name>
        <extensions>
          <speed_mps>22.352</speed_mps>
          <speed_mph>50.0</speed_mph>
        </extensions>
      </trkpt>
      <trkpt lat="52.1075500" lon="1.3425300">
        <ele>0</ele>
        <time>2026-06-26T08:11:48.295Z</time>
        <name>523</name>
        <extensions>
          <speed_mps>22.352</speed_mps>
          <speed_mph>50.0</speed_mph>
        </extensions>
      </trkpt>
      <trkpt lat="52.1076900" lon="1.3445200">
        <ele>0</ele>
        <time>2026-06-26T08:11:54.413Z</time>
        <name>524</name>
        <extensions>
          <speed_mps>22.352</speed_mps>
          <speed_mph>50.0</speed_mph>
        </extensions>
      </trkpt>
      <trkpt lat="52.1077500" lon="1.3447600">
        <ele>0</ele>
        <time>2026-06-26T08:11:55.204Z</time>
        <name>525</name>
        <extensions>
          <speed_mps>22.352</speed_mps>
          <speed_mph>50.0</speed_mph>
        </extensions>
      </trkpt>
      <trkpt lat="52.1079500" lon="1.3463800">
        <ele>0</ele>
        <time>2026-06-26T08:12:00.251Z</time>
        <name>526</name>
        <extensions>
          <speed_mps>22.352</speed_mps>
          <speed_mph>50.0</speed_mph>
        </extensions>
      </trkpt>
      <trkpt lat="52.1082000" lon="1.3478300">
        <ele>0</ele>
        <time>2026-06-26T08:12:04.851Z</time>
        <name>527</name>
        <extensions>
          <speed_mps>22.352</speed_mps>
          <speed_mph>50.0</speed_mph>
        </extensions>
      </trkpt>
      <trkpt lat="52.1082600" lon="1.3481200">
        <ele>0</ele>
        <time>2026-06-26T08:12:05.786Z</time>
        <name>528</name>
        <extensions>
          <speed_mps>22.352</speed_mps>
          <speed_mph>50.0</speed_mph>
        </extensions>
      </trkpt>
      <trkpt lat="52.1082600" lon="1.3481600">
        <ele>0</ele>
        <time>2026-06-26T08:12:05.908Z</time>
        <name>529</name>
        <extensions>
          <speed_mps>22.352</speed_mps>
          <speed_mph>50.0</speed_mph>
        </extensions>
      </trkpt>
      <trkpt lat="52.1084000" lon="1.3487900">
        <ele>0</ele>
        <time>2026-06-26T08:12:07.955Z</time>
        <name>530</name>
        <extensions>
          <speed_mps>22.352</speed_mps>
          <speed_mph>50.0</speed_mph>
        </extensions>
      </trkpt>
      <trkpt lat="52.1087300" lon="1.3501000">
        <ele>0</ele>
        <time>2026-06-26T08:12:12.280Z</time>
        <name>531</name>
        <extensions>
          <speed_mps>22.352</speed_mps>
          <speed_mph>50.0</speed_mph>
        </extensions>
      </trkpt>
      <trkpt lat="52.1088300" lon="1.3504100">
        <ele>0</ele>
        <time>2026-06-26T08:12:13.349Z</time>
        <name>532</name>
        <extensions>
          <speed_mps>22.352</speed_mps>
          <speed_mph>50.0</speed_mph>
        </extensions>
      </trkpt>
      <trkpt lat="52.1088800" lon="1.3506000">
        <ele>0</ele>
        <time>2026-06-26T08:12:13.980Z</time>
        <name>533</name>
        <extensions>
          <speed_mps>22.352</speed_mps>
          <speed_mph>50.0</speed_mph>
        </extensions>
      </trkpt>
      <trkpt lat="52.1090100" lon="1.3510200">
        <ele>0</ele>
        <time>2026-06-26T08:12:15.417Z</time>
        <name>534</name>
        <extensions>
          <speed_mps>22.352</speed_mps>
          <speed_mph>50.0</speed_mph>
        </extensions>
      </trkpt>
      <trkpt lat="52.1093100" lon="1.3519000">
        <ele>0</ele>
        <time>2026-06-26T08:12:18.491Z</time>
        <name>535</name>
        <extensions>
          <speed_mps>22.352</speed_mps>
          <speed_mph>50.0</speed_mph>
        </extensions>
      </trkpt>
      <trkpt lat="52.1094900" lon="1.3523800">
        <ele>0</ele>
        <time>2026-06-26T08:12:20.209Z</time>
        <name>536</name>
        <extensions>
          <speed_mps>22.352</speed_mps>
          <speed_mph>50.0</speed_mph>
        </extensions>
      </trkpt>
      <trkpt lat="52.1101400" lon="1.3539200">
        <ele>0</ele>
        <time>2026-06-26T08:12:25.917Z</time>
        <name>537</name>
        <extensions>
          <speed_mps>22.352</speed_mps>
          <speed_mph>50.0</speed_mph>
        </extensions>
      </trkpt>
      <trkpt lat="52.1104700" lon="1.3546100">
        <ele>0</ele>
        <time>2026-06-26T08:12:28.588Z</time>
        <name>538</name>
        <extensions>
          <speed_mps>22.352</speed_mps>
          <speed_mph>50.0</speed_mph>
        </extensions>
      </trkpt>
      <trkpt lat="52.1104700" lon="1.3546200">
        <ele>0</ele>
        <time>2026-06-26T08:12:28.619Z</time>
        <name>539</name>
        <extensions>
          <speed_mps>22.352</speed_mps>
          <speed_mph>50.0</speed_mph>
        </extensions>
      </trkpt>
      <trkpt lat="52.1111600" lon="1.3559600">
        <ele>0</ele>
        <time>2026-06-26T08:12:33.960Z</time>
        <name>540</name>
        <extensions>
          <speed_mps>22.352</speed_mps>
          <speed_mph>50.0</speed_mph>
        </extensions>
      </trkpt>
      <trkpt lat="52.1120400" lon="1.3574400">
        <ele>0</ele>
        <time>2026-06-26T08:12:40.253Z</time>
        <name>541</name>
        <extensions>
          <speed_mps>22.352</speed_mps>
          <speed_mph>50.0</speed_mph>
        </extensions>
      </trkpt>
      <trkpt lat="52.1124700" lon="1.3581000">
        <ele>0</ele>
        <time>2026-06-26T08:12:43.192Z</time>
        <name>542</name>
        <extensions>
          <speed_mps>22.352</speed_mps>
          <speed_mph>50.0</speed_mph>
        </extensions>
      </trkpt>
      <trkpt lat="52.1131300" lon="1.3590300">
        <ele>0</ele>
        <time>2026-06-26T08:12:47.533Z</time>
        <name>543</name>
        <extensions>
          <speed_mps>22.352</speed_mps>
          <speed_mph>50.0</speed_mph>
        </extensions>
      </trkpt>
      <trkpt lat="52.1132200" lon="1.3591400">
        <ele>0</ele>
        <time>2026-06-26T08:12:48.093Z</time>
        <name>544</name>
        <extensions>
          <speed_mps>22.352</speed_mps>
          <speed_mph>50.0</speed_mph>
        </extensions>
      </trkpt>
      <trkpt lat="52.1134100" lon="1.3594000">
        <ele>0</ele>
        <time>2026-06-26T08:12:49.327Z</time>
        <name>545</name>
        <extensions>
          <speed_mps>22.352</speed_mps>
          <speed_mph>50.0</speed_mph>
        </extensions>
      </trkpt>
      <trkpt lat="52.1134300" lon="1.3594200">
        <ele>0</ele>
        <time>2026-06-26T08:12:49.444Z</time>
        <name>546</name>
        <extensions>
          <speed_mps>22.352</speed_mps>
          <speed_mph>50.0</speed_mph>
        </extensions>
      </trkpt>
      <trkpt lat="52.1135100" lon="1.3595300">
        <ele>0</ele>
        <time>2026-06-26T08:12:49.965Z</time>
        <name>547</name>
        <extensions>
          <speed_mps>22.352</speed_mps>
          <speed_mph>50.0</speed_mph>
        </extensions>
      </trkpt>
      <trkpt lat="52.1143100" lon="1.3604900">
        <ele>0</ele>
        <time>2026-06-26T08:12:54.908Z</time>
        <name>548</name>
        <extensions>
          <speed_mps>22.352</speed_mps>
          <speed_mph>50.0</speed_mph>
        </extensions>
      </trkpt>
      <trkpt lat="52.1148500" lon="1.3610600">
        <ele>0</ele>
        <time>2026-06-26T08:12:58.109Z</time>
        <name>549</name>
        <extensions>
          <speed_mps>22.352</speed_mps>
          <speed_mph>50.0</speed_mph>
        </extensions>
      </trkpt>
      <trkpt lat="52.1148500" lon="1.3610700">
        <ele>0</ele>
        <time>2026-06-26T08:12:58.140Z</time>
        <name>550</name>
        <extensions>
          <speed_mps>22.352</speed_mps>
          <speed_mph>50.0</speed_mph>
        </extensions>
      </trkpt>
      <trkpt lat="52.1160500" lon="1.3622800">
        <ele>0</ele>
        <time>2026-06-26T08:13:05.160Z</time>
        <name>551</name>
        <extensions>
          <speed_mps>22.352</speed_mps>
          <speed_mph>50.0</speed_mph>
        </extensions>
      </trkpt>
      <trkpt lat="52.1165400" lon="1.3628200">
        <ele>0</ele>
        <time>2026-06-26T08:13:08.103Z</time>
        <name>552</name>
        <extensions>
          <speed_mps>22.352</speed_mps>
          <speed_mph>50.0</speed_mph>
        </extensions>
      </trkpt>
      <trkpt lat="52.1165800" lon="1.3628800">
        <ele>0</ele>
        <time>2026-06-26T08:13:08.374Z</time>
        <name>553</name>
        <extensions>
          <speed_mps>22.352</speed_mps>
          <speed_mph>50.0</speed_mph>
        </extensions>
      </trkpt>
      <trkpt lat="52.1167700" lon="1.3631000">
        <ele>0</ele>
        <time>2026-06-26T08:13:09.533Z</time>
        <name>554</name>
        <extensions>
          <speed_mps>22.352</speed_mps>
          <speed_mph>50.0</speed_mph>
        </extensions>
      </trkpt>
      <trkpt lat="52.1169500" lon="1.3633400">
        <ele>0</ele>
        <time>2026-06-26T08:13:10.691Z</time>
        <name>555</name>
        <extensions>
          <speed_mps>22.352</speed_mps>
          <speed_mph>50.0</speed_mph>
        </extensions>
      </trkpt>
      <trkpt lat="52.1170100" lon="1.3634100">
        <ele>0</ele>
        <time>2026-06-26T08:13:11.058Z</time>
        <name>556</name>
        <extensions>
          <speed_mps>22.352</speed_mps>
          <speed_mph>50.0</speed_mph>
        </extensions>
      </trkpt>
      <trkpt lat="52.1170100" lon="1.3634200">
        <ele>0</ele>
        <time>2026-06-26T08:13:11.088Z</time>
        <name>557</name>
        <extensions>
          <speed_mps>22.352</speed_mps>
          <speed_mph>50.0</speed_mph>
        </extensions>
      </trkpt>
      <trkpt lat="52.1172200" lon="1.3637000">
        <ele>0</ele>
        <time>2026-06-26T08:13:12.438Z</time>
        <name>558</name>
        <extensions>
          <speed_mps>22.352</speed_mps>
          <speed_mph>50.0</speed_mph>
        </extensions>
      </trkpt>
      <trkpt lat="52.1178100" lon="1.3645900">
        <ele>0</ele>
        <time>2026-06-26T08:13:16.438Z</time>
        <name>559</name>
        <extensions>
          <speed_mps>22.352</speed_mps>
          <speed_mph>50.0</speed_mph>
        </extensions>
      </trkpt>
      <trkpt lat="52.1178100" lon="1.3646000">
        <ele>0</ele>
        <time>2026-06-26T08:13:16.469Z</time>
        <name>560</name>
        <extensions>
          <speed_mps>22.352</speed_mps>
          <speed_mph>50.0</speed_mph>
        </extensions>
      </trkpt>
      <trkpt lat="52.1182900" lon="1.3654600">
        <ele>0</ele>
        <time>2026-06-26T08:13:20.018Z</time>
        <name>561</name>
        <extensions>
          <speed_mps>22.352</speed_mps>
          <speed_mph>50.0</speed_mph>
        </extensions>
      </trkpt>
      <trkpt lat="52.1183000" lon="1.3654700">
        <ele>0</ele>
        <time>2026-06-26T08:13:20.077Z</time>
        <name>562</name>
        <extensions>
          <speed_mps>22.352</speed_mps>
          <speed_mph>50.0</speed_mph>
        </extensions>
      </trkpt>
      <trkpt lat="52.1184000" lon="1.3656800">
        <ele>0</ele>
        <time>2026-06-26T08:13:20.888Z</time>
        <name>563</name>
        <extensions>
          <speed_mps>22.352</speed_mps>
          <speed_mph>50.0</speed_mph>
        </extensions>
      </trkpt>
      <trkpt lat="52.1184100" lon="1.3656900">
        <ele>0</ele>
        <time>2026-06-26T08:13:20.947Z</time>
        <name>564</name>
        <extensions>
          <speed_mps>22.352</speed_mps>
          <speed_mph>50.0</speed_mph>
        </extensions>
      </trkpt>
      <trkpt lat="52.1184900" lon="1.3658400">
        <ele>0</ele>
        <time>2026-06-26T08:13:21.553Z</time>
        <name>565</name>
        <extensions>
          <speed_mps>22.352</speed_mps>
          <speed_mph>50.0</speed_mph>
        </extensions>
      </trkpt>
      <trkpt lat="52.1188700" lon="1.3666700">
        <ele>0</ele>
        <time>2026-06-26T08:13:24.715Z</time>
        <name>566</name>
        <extensions>
          <speed_mps>22.352</speed_mps>
          <speed_mph>50.0</speed_mph>
        </extensions>
      </trkpt>
      <trkpt lat="52.1192300" lon="1.3675500">
        <ele>0</ele>
        <time>2026-06-26T08:13:27.945Z</time>
        <name>567</name>
        <extensions>
          <speed_mps>22.352</speed_mps>
          <speed_mph>50.0</speed_mph>
        </extensions>
      </trkpt>
      <trkpt lat="52.1196700" lon="1.3688300">
        <ele>0</ele>
        <time>2026-06-26T08:13:32.424Z</time>
        <name>568</name>
        <extensions>
          <speed_mps>22.352</speed_mps>
          <speed_mph>50.0</speed_mph>
        </extensions>
      </trkpt>
      <trkpt lat="52.1198900" lon="1.3695800">
        <ele>0</ele>
        <time>2026-06-26T08:13:34.962Z</time>
        <name>569</name>
        <extensions>
          <speed_mps>22.352</speed_mps>
          <speed_mph>50.0</speed_mph>
        </extensions>
      </trkpt>
      <trkpt lat="52.1201300" lon="1.3705300">
        <ele>0</ele>
        <time>2026-06-26T08:13:38.099Z</time>
        <name>570</name>
        <extensions>
          <speed_mps>22.352</speed_mps>
          <speed_mph>50.0</speed_mph>
        </extensions>
      </trkpt>
      <trkpt lat="52.1202900" lon="1.3713000">
        <ele>0</ele>
        <time>2026-06-26T08:13:40.582Z</time>
        <name>571</name>
        <extensions>
          <speed_mps>22.352</speed_mps>
          <speed_mph>50.0</speed_mph>
        </extensions>
      </trkpt>
      <trkpt lat="52.1205800" lon="1.3730800">
        <ele>0</ele>
        <time>2026-06-26T08:13:46.205Z</time>
        <name>572</name>
        <extensions>
          <speed_mps>22.352</speed_mps>
          <speed_mph>50.0</speed_mph>
        </extensions>
      </trkpt>
      <trkpt lat="52.1207600" lon="1.3744200">
        <ele>0</ele>
        <time>2026-06-26T08:13:50.393Z</time>
        <name>573</name>
        <extensions>
          <speed_mps>22.352</speed_mps>
          <speed_mph>50.0</speed_mph>
        </extensions>
      </trkpt>
      <trkpt lat="52.1209300" lon="1.3754000">
        <ele>0</ele>
        <time>2026-06-26T08:13:53.503Z</time>
        <name>574</name>
        <extensions>
          <speed_mps>22.352</speed_mps>
          <speed_mph>50.0</speed_mph>
        </extensions>
      </trkpt>
      <trkpt lat="52.1210600" lon="1.3760400">
        <ele>0</ele>
        <time>2026-06-26T08:13:55.561Z</time>
        <name>575</name>
        <extensions>
          <speed_mps>22.352</speed_mps>
          <speed_mph>50.0</speed_mph>
        </extensions>
      </trkpt>
      <trkpt lat="52.1213000" lon="1.3770400">
        <ele>0</ele>
        <time>2026-06-26T08:13:58.840Z</time>
        <name>576</name>
        <extensions>
          <speed_mps>22.352</speed_mps>
          <speed_mph>50.0</speed_mph>
        </extensions>
      </trkpt>
      <trkpt lat="52.1214200" lon="1.3774600">
        <ele>0</ele>
        <time>2026-06-26T08:14:00.255Z</time>
        <name>577</name>
        <extensions>
          <speed_mps>22.352</speed_mps>
          <speed_mph>50.0</speed_mph>
        </extensions>
      </trkpt>
      <trkpt lat="52.1216900" lon="1.3783100">
        <ele>0</ele>
        <time>2026-06-26T08:14:03.177Z</time>
        <name>578</name>
        <extensions>
          <speed_mps>22.352</speed_mps>
          <speed_mph>50.0</speed_mph>
        </extensions>
      </trkpt>
      <trkpt lat="52.1218900" lon="1.3788500">
        <ele>0</ele>
        <time>2026-06-26T08:14:05.103Z</time>
        <name>579</name>
        <extensions>
          <speed_mps>22.352</speed_mps>
          <speed_mph>50.0</speed_mph>
        </extensions>
      </trkpt>
      <trkpt lat="52.1221800" lon="1.3795600">
        <ele>0</ele>
        <time>2026-06-26T08:14:07.707Z</time>
        <name>580</name>
        <extensions>
          <speed_mps>22.352</speed_mps>
          <speed_mph>50.0</speed_mph>
        </extensions>
      </trkpt>
      <trkpt lat="52.1226200" lon="1.3805100">
        <ele>0</ele>
        <time>2026-06-26T08:14:11.341Z</time>
        <name>581</name>
        <extensions>
          <speed_mps>22.352</speed_mps>
          <speed_mph>50.0</speed_mph>
        </extensions>
      </trkpt>
      <trkpt lat="52.1230500" lon="1.3813100">
        <ele>0</ele>
        <time>2026-06-26T08:14:14.587Z</time>
        <name>582</name>
        <extensions>
          <speed_mps>22.352</speed_mps>
          <speed_mph>50.0</speed_mph>
        </extensions>
      </trkpt>
      <trkpt lat="52.1236200" lon="1.3822100">
        <ele>0</ele>
        <time>2026-06-26T08:14:18.536Z</time>
        <name>583</name>
        <extensions>
          <speed_mps>22.352</speed_mps>
          <speed_mph>50.0</speed_mph>
        </extensions>
      </trkpt>
      <trkpt lat="52.1237700" lon="1.3824100">
        <ele>0</ele>
        <time>2026-06-26T08:14:19.500Z</time>
        <name>584</name>
        <extensions>
          <speed_mps>22.352</speed_mps>
          <speed_mph>50.0</speed_mph>
        </extensions>
      </trkpt>
      <trkpt lat="52.1238500" lon="1.3825300">
        <ele>0</ele>
        <time>2026-06-26T08:14:20.041Z</time>
        <name>585</name>
        <extensions>
          <speed_mps>22.352</speed_mps>
          <speed_mph>50.0</speed_mph>
        </extensions>
      </trkpt>
      <trkpt lat="52.1242900" lon="1.3830900">
        <ele>0</ele>
        <time>2026-06-26T08:14:22.819Z</time>
        <name>586</name>
        <extensions>
          <speed_mps>22.352</speed_mps>
          <speed_mph>50.0</speed_mph>
        </extensions>
      </trkpt>
      <trkpt lat="52.1245700" lon="1.3834100">
        <ele>0</ele>
        <time>2026-06-26T08:14:24.520Z</time>
        <name>587</name>
        <extensions>
          <speed_mps>22.352</speed_mps>
          <speed_mph>50.0</speed_mph>
        </extensions>
      </trkpt>
      <trkpt lat="52.1251900" lon="1.3840400">
        <ele>0</ele>
        <time>2026-06-26T08:14:28.155Z</time>
        <name>588</name>
        <extensions>
          <speed_mps>22.352</speed_mps>
          <speed_mph>50.0</speed_mph>
        </extensions>
      </trkpt>
      <trkpt lat="52.1253500" lon="1.3841900">
        <ele>0</ele>
        <time>2026-06-26T08:14:29.073Z</time>
        <name>589</name>
        <extensions>
          <speed_mps>22.352</speed_mps>
          <speed_mph>50.0</speed_mph>
        </extensions>
      </trkpt>
      <trkpt lat="52.1258800" lon="1.3846200">
        <ele>0</ele>
        <time>2026-06-26T08:14:32.019Z</time>
        <name>590</name>
        <extensions>
          <speed_mps>22.352</speed_mps>
          <speed_mph>50.0</speed_mph>
        </extensions>
      </trkpt>
      <trkpt lat="52.1262900" lon="1.3849200">
        <ele>0</ele>
        <time>2026-06-26T08:14:34.255Z</time>
        <name>591</name>
        <extensions>
          <speed_mps>22.352</speed_mps>
          <speed_mph>50.0</speed_mph>
        </extensions>
      </trkpt>
      <trkpt lat="52.1268300" lon="1.3852500">
        <ele>0</ele>
        <time>2026-06-26T08:14:37.124Z</time>
        <name>592</name>
        <extensions>
          <speed_mps>22.352</speed_mps>
          <speed_mph>50.0</speed_mph>
        </extensions>
      </trkpt>
      <trkpt lat="52.1271100" lon="1.3854000">
        <ele>0</ele>
        <time>2026-06-26T08:14:38.590Z</time>
        <name>593</name>
        <extensions>
          <speed_mps>22.352</speed_mps>
          <speed_mph>50.0</speed_mph>
        </extensions>
      </trkpt>
      <trkpt lat="52.1277500" lon="1.3856700">
        <ele>0</ele>
        <time>2026-06-26T08:14:41.879Z</time>
        <name>594</name>
        <extensions>
          <speed_mps>22.352</speed_mps>
          <speed_mph>50.0</speed_mph>
        </extensions>
      </trkpt>
      <trkpt lat="52.1282800" lon="1.3858700">
        <ele>0</ele>
        <time>2026-06-26T08:14:44.585Z</time>
        <name>595</name>
        <extensions>
          <speed_mps>22.352</speed_mps>
          <speed_mph>50.0</speed_mph>
        </extensions>
      </trkpt>
      <trkpt lat="52.1282900" lon="1.3858700">
        <ele>0</ele>
        <time>2026-06-26T08:14:44.635Z</time>
        <name>596</name>
        <extensions>
          <speed_mps>22.352</speed_mps>
          <speed_mph>50.0</speed_mph>
        </extensions>
      </trkpt>
      <trkpt lat="52.1289600" lon="1.3861200">
        <ele>0</ele>
        <time>2026-06-26T08:14:48.054Z</time>
        <name>597</name>
        <extensions>
          <speed_mps>22.352</speed_mps>
          <speed_mph>50.0</speed_mph>
        </extensions>
      </trkpt>
      <trkpt lat="52.1289800" lon="1.3861200">
        <ele>0</ele>
        <time>2026-06-26T08:14:48.154Z</time>
        <name>598</name>
        <extensions>
          <speed_mps>22.352</speed_mps>
          <speed_mph>50.0</speed_mph>
        </extensions>
      </trkpt>
      <trkpt lat="52.1301900" lon="1.3865800">
        <ele>0</ele>
        <time>2026-06-26T08:14:54.335Z</time>
        <name>599</name>
        <extensions>
          <speed_mps>22.352</speed_mps>
          <speed_mph>50.0</speed_mph>
        </extensions>
      </trkpt>
      <trkpt lat="52.1302000" lon="1.3865900">
        <ele>0</ele>
        <time>2026-06-26T08:14:54.393Z</time>
        <name>600</name>
        <extensions>
          <speed_mps>22.352</speed_mps>
          <speed_mph>50.0</speed_mph>
        </extensions>
      </trkpt>
      <trkpt lat="52.1317800" lon="1.3872100">
        <ele>0</ele>
        <time>2026-06-26T08:15:02.478Z</time>
        <name>601</name>
        <extensions>
          <speed_mps>22.352</speed_mps>
          <speed_mph>50.0</speed_mph>
        </extensions>
      </trkpt>
      <trkpt lat="52.1334500" lon="1.3879200">
        <ele>0</ele>
        <time>2026-06-26T08:15:11.064Z</time>
        <name>602</name>
        <extensions>
          <speed_mps>22.352</speed_mps>
          <speed_mph>50.0</speed_mph>
        </extensions>
      </trkpt>
      <trkpt lat="52.1352500" lon="1.3887300">
        <ele>0</ele>
        <time>2026-06-26T08:15:20.353Z</time>
        <name>603</name>
        <extensions>
          <speed_mps>22.352</speed_mps>
          <speed_mph>50.0</speed_mph>
        </extensions>
      </trkpt>
      <trkpt lat="52.1384300" lon="1.3902900">
        <ele>0</ele>
        <time>2026-06-26T08:15:36.874Z</time>
        <name>604</name>
        <extensions>
          <speed_mps>22.352</speed_mps>
          <speed_mph>50.0</speed_mph>
        </extensions>
      </trkpt>
      <trkpt lat="52.1388100" lon="1.3905000">
        <ele>0</ele>
        <time>2026-06-26T08:15:38.870Z</time>
        <name>605</name>
        <extensions>
          <speed_mps>22.352</speed_mps>
          <speed_mph>50.0</speed_mph>
        </extensions>
      </trkpt>
      <trkpt lat="52.1388400" lon="1.3905100">
        <ele>0</ele>
        <time>2026-06-26T08:15:39.023Z</time>
        <name>606</name>
        <extensions>
          <speed_mps>22.352</speed_mps>
          <speed_mph>50.0</speed_mph>
        </extensions>
      </trkpt>
      <trkpt lat="52.1402100" lon="1.3912400">
        <ele>0</ele>
        <time>2026-06-26T08:15:46.193Z</time>
        <name>607</name>
        <extensions>
          <speed_mps>22.352</speed_mps>
          <speed_mph>50.0</speed_mph>
        </extensions>
      </trkpt>
      <trkpt lat="52.1416300" lon="1.3920400">
        <ele>0</ele>
        <time>2026-06-26T08:15:53.667Z</time>
        <name>608</name>
        <extensions>
          <speed_mps>22.352</speed_mps>
          <speed_mph>50.0</speed_mph>
        </extensions>
      </trkpt>
      <trkpt lat="52.1421400" lon="1.3923500">
        <ele>0</ele>
        <time>2026-06-26T08:15:56.375Z</time>
        <name>609</name>
        <extensions>
          <speed_mps>22.352</speed_mps>
          <speed_mph>50.0</speed_mph>
        </extensions>
      </trkpt>
      <trkpt lat="52.1426300" lon="1.3926900">
        <ele>0</ele>
        <time>2026-06-26T08:15:59.024Z</time>
        <name>610</name>
        <extensions>
          <speed_mps>22.352</speed_mps>
          <speed_mph>50.0</speed_mph>
        </extensions>
      </trkpt>
      <trkpt lat="52.1429400" lon="1.3929300">
        <ele>0</ele>
        <time>2026-06-26T08:16:00.731Z</time>
        <name>611</name>
        <extensions>
          <speed_mps>22.352</speed_mps>
          <speed_mph>50.0</speed_mph>
        </extensions>
      </trkpt>
      <trkpt lat="52.1435800" lon="1.3934600">
        <ele>0</ele>
        <time>2026-06-26T08:16:04.302Z</time>
        <name>612</name>
        <extensions>
          <speed_mps>22.352</speed_mps>
          <speed_mph>50.0</speed_mph>
        </extensions>
      </trkpt>
      <trkpt lat="52.1439700" lon="1.3938100">
        <ele>0</ele>
        <time>2026-06-26T08:16:06.517Z</time>
        <name>613</name>
        <extensions>
          <speed_mps>22.352</speed_mps>
          <speed_mph>50.0</speed_mph>
        </extensions>
      </trkpt>
      <trkpt lat="52.1444000" lon="1.3942300">
        <ele>0</ele>
        <time>2026-06-26T08:16:09.011Z</time>
        <name>614</name>
        <extensions>
          <speed_mps>22.352</speed_mps>
          <speed_mph>50.0</speed_mph>
        </extensions>
      </trkpt>
      <trkpt lat="52.1449600" lon="1.3948300">
        <ele>0</ele>
        <time>2026-06-26T08:16:12.345Z</time>
        <name>615</name>
        <extensions>
          <speed_mps>22.352</speed_mps>
          <speed_mph>50.0</speed_mph>
        </extensions>
      </trkpt>
      <trkpt lat="52.1455600" lon="1.3955300">
        <ele>0</ele>
        <time>2026-06-26T08:16:16.015Z</time>
        <name>616</name>
        <extensions>
          <speed_mps>22.352</speed_mps>
          <speed_mph>50.0</speed_mph>
        </extensions>
      </trkpt>
      <trkpt lat="52.1455700" lon="1.3955600">
        <ele>0</ele>
        <time>2026-06-26T08:16:16.119Z</time>
        <name>617</name>
        <extensions>
          <speed_mps>22.352</speed_mps>
          <speed_mph>50.0</speed_mph>
        </extensions>
      </trkpt>
      <trkpt lat="52.1458300" lon="1.3958700">
        <ele>0</ele>
        <time>2026-06-26T08:16:17.722Z</time>
        <name>618</name>
        <extensions>
          <speed_mps>22.352</speed_mps>
          <speed_mph>50.0</speed_mph>
        </extensions>
      </trkpt>
      <trkpt lat="52.1458400" lon="1.3958900">
        <ele>0</ele>
        <time>2026-06-26T08:16:17.801Z</time>
        <name>619</name>
        <extensions>
          <speed_mps>22.352</speed_mps>
          <speed_mph>50.0</speed_mph>
        </extensions>
      </trkpt>
      <trkpt lat="52.1465000" lon="1.3967900">
        <ele>0</ele>
        <time>2026-06-26T08:16:22.081Z</time>
        <name>620</name>
        <extensions>
          <speed_mps>22.352</speed_mps>
          <speed_mph>50.0</speed_mph>
        </extensions>
      </trkpt>
      <trkpt lat="52.1468500" lon="1.3973200">
        <ele>0</ele>
        <time>2026-06-26T08:16:24.458Z</time>
        <name>621</name>
        <extensions>
          <speed_mps>22.352</speed_mps>
          <speed_mph>50.0</speed_mph>
        </extensions>
      </trkpt>
      <trkpt lat="52.1469200" lon="1.3974400">
        <ele>0</ele>
        <time>2026-06-26T08:16:24.963Z</time>
        <name>622</name>
        <extensions>
          <speed_mps>22.352</speed_mps>
          <speed_mph>50.0</speed_mph>
        </extensions>
      </trkpt>
      <trkpt lat="52.1470800" lon="1.3976800">
        <ele>0</ele>
        <time>2026-06-26T08:16:26.045Z</time>
        <name>623</name>
        <extensions>
          <speed_mps>22.352</speed_mps>
          <speed_mph>50.0</speed_mph>
        </extensions>
      </trkpt>
      <trkpt lat="52.1474100" lon="1.3982400">
        <ele>0</ele>
        <time>2026-06-26T08:16:28.414Z</time>
        <name>624</name>
        <extensions>
          <speed_mps>22.352</speed_mps>
          <speed_mph>50.0</speed_mph>
        </extensions>
      </trkpt>
      <trkpt lat="52.1481200" lon="1.3995600">
        <ele>0</ele>
        <time>2026-06-26T08:16:33.772Z</time>
        <name>625</name>
        <extensions>
          <speed_mps>22.352</speed_mps>
          <speed_mph>50.0</speed_mph>
        </extensions>
      </trkpt>
      <trkpt lat="52.1486600" lon="1.4006700">
        <ele>0</ele>
        <time>2026-06-26T08:16:38.095Z</time>
        <name>626</name>
        <extensions>
          <speed_mps>22.352</speed_mps>
          <speed_mph>50.0</speed_mph>
        </extensions>
      </trkpt>
      <trkpt lat="52.1492900" lon="1.4021400">
        <ele>0</ele>
        <time>2026-06-26T08:16:43.567Z</time>
        <name>627</name>
        <extensions>
          <speed_mps>22.352</speed_mps>
          <speed_mph>50.0</speed_mph>
        </extensions>
      </trkpt>
      <trkpt lat="52.1496700" lon="1.4031500">
        <ele>0</ele>
        <time>2026-06-26T08:16:47.183Z</time>
        <name>628</name>
        <extensions>
          <speed_mps>22.352</speed_mps>
          <speed_mph>50.0</speed_mph>
        </extensions>
      </trkpt>
      <trkpt lat="52.1496900" lon="1.4031900">
        <ele>0</ele>
        <time>2026-06-26T08:16:47.340Z</time>
        <name>629</name>
        <extensions>
          <speed_mps>22.352</speed_mps>
          <speed_mph>50.0</speed_mph>
        </extensions>
      </trkpt>
      <trkpt lat="52.1499600" lon="1.4039400">
        <ele>0</ele>
        <time>2026-06-26T08:16:49.994Z</time>
        <name>630</name>
        <extensions>
          <speed_mps>22.352</speed_mps>
          <speed_mph>50.0</speed_mph>
        </extensions>
      </trkpt>
      <trkpt lat="52.1500000" lon="1.4041800">
        <ele>0</ele>
        <time>2026-06-26T08:16:50.753Z</time>
        <name>631</name>
        <extensions>
          <speed_mps>22.352</speed_mps>
          <speed_mph>50.0</speed_mph>
        </extensions>
      </trkpt>
      <trkpt lat="52.1504700" lon="1.4057000">
        <ele>0</ele>
        <time>2026-06-26T08:16:55.947Z</time>
        <name>632</name>
        <extensions>
          <speed_mps>22.352</speed_mps>
          <speed_mph>50.0</speed_mph>
        </extensions>
      </trkpt>
      <trkpt lat="52.1512300" lon="1.4085000">
        <ele>0</ele>
        <time>2026-06-26T08:17:05.290Z</time>
        <name>633</name>
        <extensions>
          <speed_mps>22.352</speed_mps>
          <speed_mph>50.0</speed_mph>
        </extensions>
      </trkpt>
      <trkpt lat="52.1514000" lon="1.4090200">
        <ele>0</ele>
        <time>2026-06-26T08:17:07.088Z</time>
        <name>634</name>
        <extensions>
          <speed_mps>22.352</speed_mps>
          <speed_mph>50.0</speed_mph>
        </extensions>
      </trkpt>
      <trkpt lat="52.1514100" lon="1.4090700">
        <ele>0</ele>
        <time>2026-06-26T08:17:07.248Z</time>
        <name>635</name>
        <extensions>
          <speed_mps>22.352</speed_mps>
          <speed_mph>50.0</speed_mph>
        </extensions>
      </trkpt>
      <trkpt lat="52.1514200" lon="1.4090900">
        <ele>0</ele>
        <time>2026-06-26T08:17:07.327Z</time>
        <name>636</name>
        <extensions>
          <speed_mps>22.352</speed_mps>
          <speed_mph>50.0</speed_mph>
        </extensions>
      </trkpt>
      <trkpt lat="52.1515800" lon="1.4095300">
        <ele>0</ele>
        <time>2026-06-26T08:17:08.888Z</time>
        <name>637</name>
        <extensions>
          <speed_mps>22.352</speed_mps>
          <speed_mph>50.0</speed_mph>
        </extensions>
      </trkpt>
      <trkpt lat="52.1515900" lon="1.4095700">
        <ele>0</ele>
        <time>2026-06-26T08:17:09.020Z</time>
        <name>638</name>
        <extensions>
          <speed_mps>22.352</speed_mps>
          <speed_mph>50.0</speed_mph>
        </extensions>
      </trkpt>
      <trkpt lat="52.1516700" lon="1.4097700">
        <ele>0</ele>
        <time>2026-06-26T08:17:09.748Z</time>
        <name>639</name>
        <extensions>
          <speed_mps>22.352</speed_mps>
          <speed_mph>50.0</speed_mph>
        </extensions>
      </trkpt>
      <trkpt lat="52.1516700" lon="1.4097800">
        <ele>0</ele>
        <time>2026-06-26T08:17:09.779Z</time>
        <name>640</name>
        <extensions>
          <speed_mps>22.352</speed_mps>
          <speed_mph>50.0</speed_mph>
        </extensions>
      </trkpt>
      <trkpt lat="52.1516900" lon="1.4098200">
        <ele>0</ele>
        <time>2026-06-26T08:17:09.936Z</time>
        <name>641</name>
        <extensions>
          <speed_mps>22.352</speed_mps>
          <speed_mph>50.0</speed_mph>
        </extensions>
      </trkpt>
      <trkpt lat="52.1518800" lon="1.4103200">
        <ele>0</ele>
        <time>2026-06-26T08:17:11.731Z</time>
        <name>642</name>
        <extensions>
          <speed_mps>22.352</speed_mps>
          <speed_mph>50.0</speed_mph>
        </extensions>
      </trkpt>
      <trkpt lat="52.1519700" lon="1.4105200">
        <ele>0</ele>
        <time>2026-06-26T08:17:12.488Z</time>
        <name>643</name>
        <extensions>
          <speed_mps>22.352</speed_mps>
          <speed_mph>50.0</speed_mph>
        </extensions>
      </trkpt>
      <trkpt lat="52.1519800" lon="1.4105600">
        <ele>0</ele>
        <time>2026-06-26T08:17:12.620Z</time>
        <name>644</name>
        <extensions>
          <speed_mps>22.352</speed_mps>
          <speed_mph>50.0</speed_mph>
        </extensions>
      </trkpt>
      <trkpt lat="52.1525700" lon="1.4119300">
        <ele>0</ele>
        <time>2026-06-26T08:17:17.727Z</time>
        <name>645</name>
        <extensions>
          <speed_mps>22.352</speed_mps>
          <speed_mph>50.0</speed_mph>
        </extensions>
      </trkpt>
      <trkpt lat="52.1528400" lon="1.4126500">
        <ele>0</ele>
        <time>2026-06-26T08:17:20.302Z</time>
        <name>646</name>
        <extensions>
          <speed_mps>22.352</speed_mps>
          <speed_mph>50.0</speed_mph>
        </extensions>
      </trkpt>
      <trkpt lat="52.1528700" lon="1.4127500">
        <ele>0</ele>
        <time>2026-06-26T08:17:20.642Z</time>
        <name>647</name>
        <extensions>
          <speed_mps>22.352</speed_mps>
          <speed_mph>50.0</speed_mph>
        </extensions>
      </trkpt>
      <trkpt lat="52.1528700" lon="1.4127600">
        <ele>0</ele>
        <time>2026-06-26T08:17:20.672Z</time>
        <name>648</name>
        <extensions>
          <speed_mps>22.352</speed_mps>
          <speed_mph>50.0</speed_mph>
        </extensions>
      </trkpt>
      <trkpt lat="52.1529600" lon="1.4130200">
        <ele>0</ele>
        <time>2026-06-26T08:17:21.583Z</time>
        <name>649</name>
        <extensions>
          <speed_mps>22.352</speed_mps>
          <speed_mph>50.0</speed_mph>
        </extensions>
      </trkpt>
      <trkpt lat="52.1531100" lon="1.4136300">
        <ele>0</ele>
        <time>2026-06-26T08:17:23.589Z</time>
        <name>650</name>
        <extensions>
          <speed_mps>22.352</speed_mps>
          <speed_mph>50.0</speed_mph>
        </extensions>
      </trkpt>
      <trkpt lat="52.1532500" lon="1.4143900">
        <ele>0</ele>
        <time>2026-06-26T08:17:26.010Z</time>
        <name>651</name>
        <extensions>
          <speed_mps>22.352</speed_mps>
          <speed_mph>50.0</speed_mph>
        </extensions>
      </trkpt>
      <trkpt lat="52.1532500" lon="1.4144100">
        <ele>0</ele>
        <time>2026-06-26T08:17:26.071Z</time>
        <name>652</name>
        <extensions>
          <speed_mps>22.352</speed_mps>
          <speed_mph>50.0</speed_mph>
        </extensions>
      </trkpt>
      <trkpt lat="52.1533000" lon="1.4146900">
        <ele>0</ele>
        <time>2026-06-26T08:17:26.961Z</time>
        <name>653</name>
        <extensions>
          <speed_mps>22.352</speed_mps>
          <speed_mph>50.0</speed_mph>
        </extensions>
      </trkpt>
      <trkpt lat="52.1533400" lon="1.4149900">
        <ele>0</ele>
        <time>2026-06-26T08:17:27.897Z</time>
        <name>654</name>
        <extensions>
          <speed_mps>22.352</speed_mps>
          <speed_mph>50.0</speed_mph>
        </extensions>
      </trkpt>
      <trkpt lat="52.1534500" lon="1.4156400">
        <ele>0</ele>
        <time>2026-06-26T08:17:29.955Z</time>
        <name>655</name>
        <extensions>
          <speed_mps>22.352</speed_mps>
          <speed_mph>50.0</speed_mph>
        </extensions>
      </trkpt>
      <trkpt lat="52.1535900" lon="1.4162400">
        <ele>0</ele>
        <time>2026-06-26T08:17:31.914Z</time>
        <name>656</name>
        <extensions>
          <speed_mps>22.352</speed_mps>
          <speed_mph>50.0</speed_mph>
        </extensions>
      </trkpt>
      <trkpt lat="52.1535900" lon="1.4162600">
        <ele>0</ele>
        <time>2026-06-26T08:17:31.975Z</time>
        <name>657</name>
        <extensions>
          <speed_mps>22.352</speed_mps>
          <speed_mph>50.0</speed_mph>
        </extensions>
      </trkpt>
      <trkpt lat="52.1538100" lon="1.4169500">
        <ele>0</ele>
        <time>2026-06-26T08:17:34.347Z</time>
        <name>658</name>
        <extensions>
          <speed_mps>22.352</speed_mps>
          <speed_mph>50.0</speed_mph>
        </extensions>
      </trkpt>
      <trkpt lat="52.1542100" lon="1.4180700">
        <ele>0</ele>
        <time>2026-06-26T08:17:38.302Z</time>
        <name>659</name>
        <extensions>
          <speed_mps>22.352</speed_mps>
          <speed_mph>50.0</speed_mph>
        </extensions>
      </trkpt>
      <trkpt lat="52.1543700" lon="1.4185900">
        <ele>0</ele>
        <time>2026-06-26T08:17:40.077Z</time>
        <name>660</name>
        <extensions>
          <speed_mps>22.352</speed_mps>
          <speed_mph>50.0</speed_mph>
        </extensions>
      </trkpt>
      <trkpt lat="52.1543900" lon="1.4186800">
        <ele>0</ele>
        <time>2026-06-26T08:17:40.369Z</time>
        <name>661</name>
        <extensions>
          <speed_mps>22.352</speed_mps>
          <speed_mph>50.0</speed_mph>
        </extensions>
      </trkpt>
      <trkpt lat="52.1544300" lon="1.4188100">
        <ele>0</ele>
        <time>2026-06-26T08:17:40.813Z</time>
        <name>662</name>
        <extensions>
          <speed_mps>22.352</speed_mps>
          <speed_mph>50.0</speed_mph>
        </extensions>
      </trkpt>
      <trkpt lat="52.1550500" lon="1.4212700">
        <ele>0</ele>
        <time>2026-06-26T08:17:48.928Z</time>
        <name>663</name>
        <extensions>
          <speed_mps>22.352</speed_mps>
          <speed_mph>50.0</speed_mph>
        </extensions>
      </trkpt>
      <trkpt lat="52.1552400" lon="1.4221700">
        <ele>0</ele>
        <time>2026-06-26T08:17:51.832Z</time>
        <name>664</name>
        <extensions>
          <speed_mps>22.352</speed_mps>
          <speed_mph>50.0</speed_mph>
        </extensions>
      </trkpt>
      <trkpt lat="52.1553000" lon="1.4226200">
        <ele>0</ele>
        <time>2026-06-26T08:17:53.237Z</time>
        <name>665</name>
        <extensions>
          <speed_mps>22.352</speed_mps>
          <speed_mph>50.0</speed_mph>
        </extensions>
      </trkpt>
      <trkpt lat="52.1553200" lon="1.4229700">
        <ele>0</ele>
        <time>2026-06-26T08:17:54.309Z</time>
        <name>666</name>
        <extensions>
          <speed_mps>22.352</speed_mps>
          <speed_mph>50.0</speed_mph>
        </extensions>
      </trkpt>
      <trkpt lat="52.1553200" lon="1.4241400">
        <ele>0</ele>
        <time>2026-06-26T08:17:57.879Z</time>
        <name>667</name>
        <extensions>
          <speed_mps>22.352</speed_mps>
          <speed_mph>50.0</speed_mph>
        </extensions>
      </trkpt>
      <trkpt lat="52.1553100" lon="1.4242900">
        <ele>0</ele>
        <time>2026-06-26T08:17:58.339Z</time>
        <name>668</name>
        <extensions>
          <speed_mps>22.352</speed_mps>
          <speed_mph>50.0</speed_mph>
        </extensions>
      </trkpt>
      <trkpt lat="52.1553100" lon="1.4247200">
        <ele>0</ele>
        <time>2026-06-26T08:17:59.651Z</time>
        <name>669</name>
        <extensions>
          <speed_mps>22.352</speed_mps>
          <speed_mph>50.0</speed_mph>
        </extensions>
      </trkpt>
      <trkpt lat="52.1553200" lon="1.4248600">
        <ele>0</ele>
        <time>2026-06-26T08:18:00.081Z</time>
        <name>670</name>
        <extensions>
          <speed_mps>22.352</speed_mps>
          <speed_mph>50.0</speed_mph>
        </extensions>
      </trkpt>
      <trkpt lat="52.1553200" lon="1.4250200">
        <ele>0</ele>
        <time>2026-06-26T08:18:00.569Z</time>
        <name>671</name>
        <extensions>
          <speed_mps>22.352</speed_mps>
          <speed_mph>50.0</speed_mph>
        </extensions>
      </trkpt>
      <trkpt lat="52.1553300" lon="1.4251200">
        <ele>0</ele>
        <time>2026-06-26T08:18:00.879Z</time>
        <name>672</name>
        <extensions>
          <speed_mps>22.352</speed_mps>
          <speed_mph>50.0</speed_mph>
        </extensions>
      </trkpt>
      <trkpt lat="52.1553400" lon="1.4254400">
        <ele>0</ele>
        <time>2026-06-26T08:18:01.856Z</time>
        <name>673</name>
        <extensions>
          <speed_mps>22.352</speed_mps>
          <speed_mph>50.0</speed_mph>
        </extensions>
      </trkpt>
      <trkpt lat="52.1553800" lon="1.4258800">
        <ele>0</ele>
        <time>2026-06-26T08:18:03.213Z</time>
        <name>674</name>
        <extensions>
          <speed_mps>22.352</speed_mps>
          <speed_mph>50.0</speed_mph>
        </extensions>
      </trkpt>
      <trkpt lat="52.1554300" lon="1.4261900">
        <ele>0</ele>
        <time>2026-06-26T08:18:04.191Z</time>
        <name>675</name>
        <extensions>
          <speed_mps>22.352</speed_mps>
          <speed_mph>50.0</speed_mph>
        </extensions>
      </trkpt>
      <trkpt lat="52.1554700" lon="1.4263700">
        <ele>0</ele>
        <time>2026-06-26T08:18:04.775Z</time>
        <name>676</name>
        <extensions>
          <speed_mps>22.352</speed_mps>
          <speed_mph>50.0</speed_mph>
        </extensions>
      </trkpt>
      <trkpt lat="52.1554800" lon="1.4264500">
        <ele>0</ele>
        <time>2026-06-26T08:18:05.025Z</time>
        <name>677</name>
        <extensions>
          <speed_mps>22.352</speed_mps>
          <speed_mph>50.0</speed_mph>
        </extensions>
      </trkpt>
      <trkpt lat="52.1555400" lon="1.4267000">
        <ele>0</ele>
        <time>2026-06-26T08:18:05.844Z</time>
        <name>678</name>
        <extensions>
          <speed_mps>22.352</speed_mps>
          <speed_mph>50.0</speed_mph>
        </extensions>
      </trkpt>
      <trkpt lat="52.1557100" lon="1.4272500">
        <ele>0</ele>
        <time>2026-06-26T08:18:07.723Z</time>
        <name>679</name>
        <extensions>
          <speed_mps>22.352</speed_mps>
          <speed_mph>50.0</speed_mph>
        </extensions>
      </trkpt>
      <trkpt lat="52.1559900" lon="1.4279900">
        <ele>0</ele>
        <time>2026-06-26T08:18:10.376Z</time>
        <name>680</name>
        <extensions>
          <speed_mps>22.352</speed_mps>
          <speed_mph>50.0</speed_mph>
        </extensions>
      </trkpt>
      <trkpt lat="52.1560100" lon="1.4280600">
        <ele>0</ele>
        <time>2026-06-26T08:18:10.611Z</time>
        <name>681</name>
        <extensions>
          <speed_mps>22.352</speed_mps>
          <speed_mph>50.0</speed_mph>
        </extensions>
      </trkpt>
      <trkpt lat="52.1563100" lon="1.4288500">
        <ele>0</ele>
        <time>2026-06-26T08:18:13.446Z</time>
        <name>682</name>
        <extensions>
          <speed_mps>22.352</speed_mps>
          <speed_mph>50.0</speed_mph>
        </extensions>
      </trkpt>
      <trkpt lat="52.1563200" lon="1.4288600">
        <ele>0</ele>
        <time>2026-06-26T08:18:13.505Z</time>
        <name>683</name>
        <extensions>
          <speed_mps>22.352</speed_mps>
          <speed_mph>50.0</speed_mph>
        </extensions>
      </trkpt>
      <trkpt lat="52.1567500" lon="1.4300200">
        <ele>0</ele>
        <time>2026-06-26T08:18:17.640Z</time>
        <name>684</name>
        <extensions>
          <speed_mps>22.352</speed_mps>
          <speed_mph>50.0</speed_mph>
        </extensions>
      </trkpt>
      <trkpt lat="52.1569100" lon="1.4305200">
        <ele>0</ele>
        <time>2026-06-26T08:18:19.361Z</time>
        <name>685</name>
        <extensions>
          <speed_mps>22.352</speed_mps>
          <speed_mph>50.0</speed_mph>
        </extensions>
      </trkpt>
      <trkpt lat="52.1569500" lon="1.4306700">
        <ele>0</ele>
        <time>2026-06-26T08:18:19.860Z</time>
        <name>686</name>
        <extensions>
          <speed_mps>22.352</speed_mps>
          <speed_mph>50.0</speed_mph>
        </extensions>
      </trkpt>
      <trkpt lat="52.1570400" lon="1.4310900">
        <ele>0</ele>
        <time>2026-06-26T08:18:21.217Z</time>
        <name>687</name>
        <extensions>
          <speed_mps>22.352</speed_mps>
          <speed_mph>50.0</speed_mph>
        </extensions>
      </trkpt>
      <trkpt lat="52.1570700" lon="1.4313400">
        <ele>0</ele>
        <time>2026-06-26T08:18:21.994Z</time>
        <name>688</name>
        <extensions>
          <speed_mps>22.352</speed_mps>
          <speed_mph>50.0</speed_mph>
        </extensions>
      </trkpt>
      <trkpt lat="52.1571000" lon="1.4315000">
        <ele>0</ele>
        <time>2026-06-26T08:18:22.505Z</time>
        <name>689</name>
        <extensions>
          <speed_mps>22.352</speed_mps>
          <speed_mph>50.0</speed_mph>
        </extensions>
      </trkpt>
      <trkpt lat="52.1572100" lon="1.4329200">
        <ele>0</ele>
        <time>2026-06-26T08:18:26.871Z</time>
        <name>690</name>
        <extensions>
          <speed_mps>22.352</speed_mps>
          <speed_mph>50.0</speed_mph>
        </extensions>
      </trkpt>
      <trkpt lat="52.1572100" lon="1.4330100">
        <ele>0</ele>
        <time>2026-06-26T08:18:27.146Z</time>
        <name>691</name>
        <extensions>
          <speed_mps>22.352</speed_mps>
          <speed_mph>50.0</speed_mph>
        </extensions>
      </trkpt>
      <trkpt lat="52.1572600" lon="1.4335100">
        <ele>0</ele>
        <time>2026-06-26T08:18:28.692Z</time>
        <name>692</name>
        <extensions>
          <speed_mps>22.352</speed_mps>
          <speed_mph>50.0</speed_mph>
        </extensions>
      </trkpt>
      <trkpt lat="52.1572600" lon="1.4335800">
        <ele>0</ele>
        <time>2026-06-26T08:18:28.905Z</time>
        <name>693</name>
        <extensions>
          <speed_mps>22.352</speed_mps>
          <speed_mph>50.0</speed_mph>
        </extensions>
      </trkpt>
      <trkpt lat="52.1572700" lon="1.4336300">
        <ele>0</ele>
        <time>2026-06-26T08:18:29.066Z</time>
        <name>694</name>
        <extensions>
          <speed_mps>22.352</speed_mps>
          <speed_mph>50.0</speed_mph>
        </extensions>
      </trkpt>
      <trkpt lat="52.1573300" lon="1.4341400">
        <ele>0</ele>
        <time>2026-06-26T08:18:30.650Z</time>
        <name>695</name>
        <extensions>
          <speed_mps>22.352</speed_mps>
          <speed_mph>50.0</speed_mph>
        </extensions>
      </trkpt>
      <trkpt lat="52.1574000" lon="1.4345000">
        <ele>0</ele>
        <time>2026-06-26T08:18:31.802Z</time>
        <name>696</name>
        <extensions>
          <speed_mps>22.352</speed_mps>
          <speed_mph>50.0</speed_mph>
        </extensions>
      </trkpt>
      <trkpt lat="52.1574900" lon="1.4348500">
        <ele>0</ele>
        <time>2026-06-26T08:18:32.960Z</time>
        <name>697</name>
        <extensions>
          <speed_mps>22.352</speed_mps>
          <speed_mph>50.0</speed_mph>
        </extensions>
      </trkpt>
      <trkpt lat="52.1575500" lon="1.4350100">
        <ele>0</ele>
        <time>2026-06-26T08:18:33.532Z</time>
        <name>698</name>
        <extensions>
          <speed_mps>22.352</speed_mps>
          <speed_mph>50.0</speed_mph>
        </extensions>
      </trkpt>
      <trkpt lat="52.1575500" lon="1.4350300">
        <ele>0</ele>
        <time>2026-06-26T08:18:33.593Z</time>
        <name>699</name>
        <extensions>
          <speed_mps>22.352</speed_mps>
          <speed_mph>50.0</speed_mph>
        </extensions>
      </trkpt>
      <trkpt lat="52.1576200" lon="1.4352100">
        <ele>0</ele>
        <time>2026-06-26T08:18:34.244Z</time>
        <name>700</name>
        <extensions>
          <speed_mps>22.352</speed_mps>
          <speed_mph>50.0</speed_mph>
        </extensions>
      </trkpt>
      <trkpt lat="52.1576300" lon="1.4352500">
        <ele>0</ele>
        <time>2026-06-26T08:18:34.375Z</time>
        <name>701</name>
        <extensions>
          <speed_mps>22.352</speed_mps>
          <speed_mph>50.0</speed_mph>
        </extensions>
      </trkpt>
      <trkpt lat="52.1578500" lon="1.4357400">
        <ele>0</ele>
        <time>2026-06-26T08:18:36.228Z</time>
        <name>702</name>
        <extensions>
          <speed_mps>22.352</speed_mps>
          <speed_mph>50.0</speed_mph>
        </extensions>
      </trkpt>
      <trkpt lat="52.1580900" lon="1.4362000">
        <ele>0</ele>
        <time>2026-06-26T08:18:38.071Z</time>
        <name>703</name>
        <extensions>
          <speed_mps>22.352</speed_mps>
          <speed_mph>50.0</speed_mph>
        </extensions>
      </trkpt>
      <trkpt lat="52.1583000" lon="1.4365500">
        <ele>0</ele>
        <time>2026-06-26T08:18:39.565Z</time>
        <name>704</name>
        <extensions>
          <speed_mps>22.352</speed_mps>
          <speed_mph>50.0</speed_mph>
        </extensions>
      </trkpt>
      <trkpt lat="52.1585500" lon="1.4369300">
        <ele>0</ele>
        <time>2026-06-26T08:18:41.265Z</time>
        <name>705</name>
        <extensions>
          <speed_mps>22.352</speed_mps>
          <speed_mph>50.0</speed_mph>
        </extensions>
      </trkpt>
      <trkpt lat="52.1585900" lon="1.4369700">
        <ele>0</ele>
        <time>2026-06-26T08:18:41.498Z</time>
        <name>706</name>
        <extensions>
          <speed_mps>22.352</speed_mps>
          <speed_mph>50.0</speed_mph>
        </extensions>
      </trkpt>
      <trkpt lat="52.1587500" lon="1.4371700">
        <ele>0</ele>
        <time>2026-06-26T08:18:42.501Z</time>
        <name>707</name>
        <extensions>
          <speed_mps>22.352</speed_mps>
          <speed_mph>50.0</speed_mph>
        </extensions>
      </trkpt>
      <trkpt lat="52.1588600" lon="1.4372800">
        <ele>0</ele>
        <time>2026-06-26T08:18:43.143Z</time>
        <name>708</name>
        <extensions>
          <speed_mps>22.352</speed_mps>
          <speed_mph>50.0</speed_mph>
        </extensions>
      </trkpt>
      <trkpt lat="52.1590300" lon="1.4374100">
        <ele>0</ele>
        <time>2026-06-26T08:18:44.077Z</time>
        <name>709</name>
        <extensions>
          <speed_mps>22.352</speed_mps>
          <speed_mph>50.0</speed_mph>
        </extensions>
      </trkpt>
      <trkpt lat="52.1590400" lon="1.4374300">
        <ele>0</ele>
        <time>2026-06-26T08:18:44.156Z</time>
        <name>710</name>
        <extensions>
          <speed_mps>22.352</speed_mps>
          <speed_mph>50.0</speed_mph>
        </extensions>
      </trkpt>
      <trkpt lat="52.1591200" lon="1.4374800">
        <ele>0</ele>
        <time>2026-06-26T08:18:44.582Z</time>
        <name>711</name>
        <extensions>
          <speed_mps>22.352</speed_mps>
          <speed_mph>50.0</speed_mph>
        </extensions>
      </trkpt>
      <trkpt lat="52.1591800" lon="1.4375300">
        <ele>0</ele>
        <time>2026-06-26T08:18:44.917Z</time>
        <name>712</name>
        <extensions>
          <speed_mps>22.352</speed_mps>
          <speed_mph>50.0</speed_mph>
        </extensions>
      </trkpt>
      <trkpt lat="52.1594200" lon="1.4376900">
        <ele>0</ele>
        <time>2026-06-26T08:18:46.207Z</time>
        <name>713</name>
        <extensions>
          <speed_mps>22.352</speed_mps>
          <speed_mph>50.0</speed_mph>
        </extensions>
      </trkpt>
      <trkpt lat="52.1597200" lon="1.4378700">
        <ele>0</ele>
        <time>2026-06-26T08:18:47.797Z</time>
        <name>714</name>
        <extensions>
          <speed_mps>22.352</speed_mps>
          <speed_mph>50.0</speed_mph>
        </extensions>
      </trkpt>
      <trkpt lat="52.1597900" lon="1.4379000">
        <ele>0</ele>
        <time>2026-06-26T08:18:48.157Z</time>
        <name>715</name>
        <extensions>
          <speed_mps>22.352</speed_mps>
          <speed_mph>50.0</speed_mph>
        </extensions>
      </trkpt>
      <trkpt lat="52.1601700" lon="1.4381200">
        <ele>0</ele>
        <time>2026-06-26T08:18:50.163Z</time>
        <name>716</name>
        <extensions>
          <speed_mps>22.352</speed_mps>
          <speed_mph>50.0</speed_mph>
        </extensions>
      </trkpt>
      <trkpt lat="52.1602700" lon="1.4381900">
        <ele>0</ele>
        <time>2026-06-26T08:18:50.705Z</time>
        <name>717</name>
        <extensions>
          <speed_mps>22.352</speed_mps>
          <speed_mph>50.0</speed_mph>
        </extensions>
      </trkpt>
      <trkpt lat="52.1605200" lon="1.4384100">
        <ele>0</ele>
        <time>2026-06-26T08:18:52.118Z</time>
        <name>718</name>
        <extensions>
          <speed_mps>22.352</speed_mps>
          <speed_mph>50.0</speed_mph>
        </extensions>
      </trkpt>
      <trkpt lat="52.1611700" lon="1.4390900">
        <ele>0</ele>
        <time>2026-06-26T08:18:55.960Z</time>
        <name>719</name>
        <extensions>
          <speed_mps>22.352</speed_mps>
          <speed_mph>50.0</speed_mph>
        </extensions>
      </trkpt>
      <trkpt lat="52.1612700" lon="1.4391800">
        <ele>0</ele>
        <time>2026-06-26T08:18:56.528Z</time>
        <name>720</name>
        <extensions>
          <speed_mps>22.352</speed_mps>
          <speed_mph>50.0</speed_mph>
        </extensions>
      </trkpt>
      <trkpt lat="52.1615000" lon="1.4393600">
        <ele>0</ele>
        <time>2026-06-26T08:18:57.797Z</time>
        <name>721</name>
        <extensions>
          <speed_mps>22.352</speed_mps>
          <speed_mph>50.0</speed_mph>
        </extensions>
      </trkpt>
      <trkpt lat="52.1617500" lon="1.4395100">
        <ele>0</ele>
        <time>2026-06-26T08:18:59.122Z</time>
        <name>722</name>
        <extensions>
          <speed_mps>22.352</speed_mps>
          <speed_mph>50.0</speed_mph>
        </extensions>
      </trkpt>
      <trkpt lat="52.1618800" lon="1.4395600">
        <ele>0</ele>
        <time>2026-06-26T08:18:59.787Z</time>
        <name>723</name>
        <extensions>
          <speed_mps>22.352</speed_mps>
          <speed_mph>50.0</speed_mph>
        </extensions>
      </trkpt>
      <trkpt lat="52.1619400" lon="1.4395700">
        <ele>0</ele>
        <time>2026-06-26T08:19:00.087Z</time>
        <name>724</name>
        <extensions>
          <speed_mps>22.352</speed_mps>
          <speed_mph>50.0</speed_mph>
        </extensions>
      </trkpt>
      <trkpt lat="52.1619700" lon="1.4395800">
        <ele>0</ele>
        <time>2026-06-26T08:19:00.239Z</time>
        <name>725</name>
        <extensions>
          <speed_mps>22.352</speed_mps>
          <speed_mph>50.0</speed_mph>
        </extensions>
      </trkpt>
      <trkpt lat="52.1619900" lon="1.4395800">
        <ele>0</ele>
        <time>2026-06-26T08:19:00.339Z</time>
        <name>726</name>
        <extensions>
          <speed_mps>22.352</speed_mps>
          <speed_mph>50.0</speed_mph>
        </extensions>
      </trkpt>
      <trkpt lat="52.1620000" lon="1.4395900">
        <ele>0</ele>
        <time>2026-06-26T08:19:00.397Z</time>
        <name>727</name>
        <extensions>
          <speed_mps>22.352</speed_mps>
          <speed_mph>50.0</speed_mph>
        </extensions>
      </trkpt>
      <trkpt lat="52.1622900" lon="1.4396200">
        <ele>0</ele>
        <time>2026-06-26T08:19:01.843Z</time>
        <name>728</name>
        <extensions>
          <speed_mps>22.352</speed_mps>
          <speed_mph>50.0</speed_mph>
        </extensions>
      </trkpt>
      <trkpt lat="52.1625400" lon="1.4396100">
        <ele>0</ele>
        <time>2026-06-26T08:19:03.087Z</time>
        <name>729</name>
        <extensions>
          <speed_mps>22.352</speed_mps>
          <speed_mph>50.0</speed_mph>
        </extensions>
      </trkpt>
      <trkpt lat="52.1639100" lon="1.4393300">
        <ele>0</ele>
        <time>2026-06-26T08:19:09.955Z</time>
        <name>730</name>
        <extensions>
          <speed_mps>22.352</speed_mps>
          <speed_mph>50.0</speed_mph>
        </extensions>
      </trkpt>
      <trkpt lat="52.1643200" lon="1.4392800">
        <ele>0</ele>
        <time>2026-06-26T08:19:12.001Z</time>
        <name>731</name>
        <extensions>
          <speed_mps>22.352</speed_mps>
          <speed_mph>50.0</speed_mph>
        </extensions>
      </trkpt>
      <trkpt lat="52.1655900" lon="1.4391800">
        <ele>0</ele>
        <time>2026-06-26T08:19:18.326Z</time>
        <name>732</name>
        <extensions>
          <speed_mps>22.352</speed_mps>
          <speed_mph>50.0</speed_mph>
        </extensions>
      </trkpt>
      <trkpt lat="52.1657000" lon="1.4391800">
        <ele>0</ele>
        <time>2026-06-26T08:19:18.873Z</time>
        <name>733</name>
        <extensions>
          <speed_mps>22.352</speed_mps>
          <speed_mph>50.0</speed_mph>
        </extensions>
      </trkpt>
      <trkpt lat="52.1657600" lon="1.4391900">
        <ele>0</ele>
        <time>2026-06-26T08:19:19.173Z</time>
        <name>734</name>
        <extensions>
          <speed_mps>22.352</speed_mps>
          <speed_mph>50.0</speed_mph>
        </extensions>
      </trkpt>
      <trkpt lat="52.1658200" lon="1.4391800">
        <ele>0</ele>
        <time>2026-06-26T08:19:19.473Z</time>
        <name>735</name>
        <extensions>
          <speed_mps>22.352</speed_mps>
          <speed_mph>50.0</speed_mph>
        </extensions>
      </trkpt>
      <trkpt lat="52.1659400" lon="1.4391900">
        <ele>0</ele>
        <time>2026-06-26T08:19:20.071Z</time>
        <name>736</name>
        <extensions>
          <speed_mps>22.352</speed_mps>
          <speed_mph>50.0</speed_mph>
        </extensions>
      </trkpt>
      <trkpt lat="52.1662900" lon="1.4393000">
        <ele>0</ele>
        <time>2026-06-26T08:19:21.844Z</time>
        <name>737</name>
        <extensions>
          <speed_mps>22.352</speed_mps>
          <speed_mph>50.0</speed_mph>
        </extensions>
      </trkpt>
      <trkpt lat="52.1669000" lon="1.4395700">
        <ele>0</ele>
        <time>2026-06-26T08:19:24.989Z</time>
        <name>738</name>
        <extensions>
          <speed_mps>22.352</speed_mps>
          <speed_mph>50.0</speed_mph>
        </extensions>
      </trkpt>
      <trkpt lat="52.1672800" lon="1.4397700">
        <ele>0</ele>
        <time>2026-06-26T08:19:26.975Z</time>
        <name>739</name>
        <extensions>
          <speed_mps>22.352</speed_mps>
          <speed_mph>50.0</speed_mph>
        </extensions>
      </trkpt>
      <trkpt lat="52.1672900" lon="1.4397800">
        <ele>0</ele>
        <time>2026-06-26T08:19:27.033Z</time>
        <name>740</name>
        <extensions>
          <speed_mps>22.352</speed_mps>
          <speed_mph>50.0</speed_mph>
        </extensions>
      </trkpt>
      <trkpt lat="52.1675500" lon="1.4399500">
        <ele>0</ele>
        <time>2026-06-26T08:19:28.427Z</time>
        <name>741</name>
        <extensions>
          <speed_mps>22.352</speed_mps>
          <speed_mph>50.0</speed_mph>
        </extensions>
      </trkpt>
      <trkpt lat="52.1676500" lon="1.4400300">
        <ele>0</ele>
        <time>2026-06-26T08:19:28.981Z</time>
        <name>742</name>
        <extensions>
          <speed_mps>22.352</speed_mps>
          <speed_mph>50.0</speed_mph>
        </extensions>
      </trkpt>
      <trkpt lat="52.1676700" lon="1.4400400">
        <ele>0</ele>
        <time>2026-06-26T08:19:29.085Z</time>
        <name>743</name>
        <extensions>
          <speed_mps>22.352</speed_mps>
          <speed_mph>50.0</speed_mph>
        </extensions>
      </trkpt>
      <trkpt lat="52.1677800" lon="1.4401500">
        <ele>0</ele>
        <time>2026-06-26T08:19:29.727Z</time>
        <name>744</name>
        <extensions>
          <speed_mps>22.352</speed_mps>
          <speed_mph>50.0</speed_mph>
        </extensions>
      </trkpt>
      <trkpt lat="52.1678500" lon="1.4402100">
        <ele>0</ele>
        <time>2026-06-26T08:19:30.120Z</time>
        <name>745</name>
        <extensions>
          <speed_mps>22.352</speed_mps>
          <speed_mph>50.0</speed_mph>
        </extensions>
      </trkpt>
      <trkpt lat="52.1680300" lon="1.4404100">
        <ele>0</ele>
        <time>2026-06-26T08:19:31.204Z</time>
        <name>746</name>
        <extensions>
          <speed_mps>22.352</speed_mps>
          <speed_mph>50.0</speed_mph>
        </extensions>
      </trkpt>
      <trkpt lat="52.1681900" lon="1.4406100">
        <ele>0</ele>
        <time>2026-06-26T08:19:32.207Z</time>
        <name>747</name>
        <extensions>
          <speed_mps>22.352</speed_mps>
          <speed_mph>50.0</speed_mph>
        </extensions>
      </trkpt>
      <trkpt lat="52.1682500" lon="1.4407000">
        <ele>0</ele>
        <time>2026-06-26T08:19:32.612Z</time>
        <name>748</name>
        <extensions>
          <speed_mps>22.352</speed_mps>
          <speed_mph>50.0</speed_mph>
        </extensions>
      </trkpt>
      <trkpt lat="52.1683200" lon="1.4407800">
        <ele>0</ele>
        <time>2026-06-26T08:19:33.037Z</time>
        <name>749</name>
        <extensions>
          <speed_mps>22.352</speed_mps>
          <speed_mph>50.0</speed_mph>
        </extensions>
      </trkpt>
      <trkpt lat="52.1684600" lon="1.4410100">
        <ele>0</ele>
        <time>2026-06-26T08:19:34.026Z</time>
        <name>750</name>
        <extensions>
          <speed_mps>22.352</speed_mps>
          <speed_mph>50.0</speed_mph>
        </extensions>
      </trkpt>
      <trkpt lat="52.1685300" lon="1.4411500">
        <ele>0</ele>
        <time>2026-06-26T08:19:34.577Z</time>
        <name>751</name>
        <extensions>
          <speed_mps>22.352</speed_mps>
          <speed_mph>50.0</speed_mph>
        </extensions>
      </trkpt>
      <trkpt lat="52.1685900" lon="1.4412500">
        <ele>0</ele>
        <time>2026-06-26T08:19:35.004Z</time>
        <name>752</name>
        <extensions>
          <speed_mps>22.352</speed_mps>
          <speed_mph>50.0</speed_mph>
        </extensions>
      </trkpt>
      <trkpt lat="52.1686500" lon="1.4413700">
        <ele>0</ele>
        <time>2026-06-26T08:19:35.476Z</time>
        <name>753</name>
        <extensions>
          <speed_mps>22.352</speed_mps>
          <speed_mph>50.0</speed_mph>
        </extensions>
      </trkpt>
      <trkpt lat="52.1689000" lon="1.4420000">
        <ele>0</ele>
        <time>2026-06-26T08:19:37.765Z</time>
        <name>754</name>
        <extensions>
          <speed_mps>22.352</speed_mps>
          <speed_mph>50.0</speed_mph>
        </extensions>
      </trkpt>
      <trkpt lat="52.1689400" lon="1.4421200">
        <ele>0</ele>
        <time>2026-06-26T08:19:38.181Z</time>
        <name>755</name>
        <extensions>
          <speed_mps>22.352</speed_mps>
          <speed_mph>50.0</speed_mph>
        </extensions>
      </trkpt>
      <trkpt lat="52.1689600" lon="1.4421500">
        <ele>0</ele>
        <time>2026-06-26T08:19:38.317Z</time>
        <name>756</name>
        <extensions>
          <speed_mps>22.352</speed_mps>
          <speed_mph>50.0</speed_mph>
        </extensions>
      </trkpt>
      <trkpt lat="52.1690000" lon="1.4422700">
        <ele>0</ele>
        <time>2026-06-26T08:19:38.733Z</time>
        <name>757</name>
        <extensions>
          <speed_mps>22.352</speed_mps>
          <speed_mph>50.0</speed_mph>
        </extensions>
      </trkpt>
      <trkpt lat="52.1691400" lon="1.4428100">
        <ele>0</ele>
        <time>2026-06-26T08:19:40.522Z</time>
        <name>758</name>
        <extensions>
          <speed_mps>22.352</speed_mps>
          <speed_mph>50.0</speed_mph>
        </extensions>
      </trkpt>
      <trkpt lat="52.1692800" lon="1.4436700">
        <ele>0</ele>
        <time>2026-06-26T08:19:43.236Z</time>
        <name>759</name>
        <extensions>
          <speed_mps>22.352</speed_mps>
          <speed_mph>50.0</speed_mph>
        </extensions>
      </trkpt>
      <trkpt lat="52.1693000" lon="1.4438500">
        <ele>0</ele>
        <time>2026-06-26T08:19:43.793Z</time>
        <name>760</name>
        <extensions>
          <speed_mps>22.352</speed_mps>
          <speed_mph>50.0</speed_mph>
        </extensions>
      </trkpt>
      <trkpt lat="52.1693000" lon="1.4438900">
        <ele>0</ele>
        <time>2026-06-26T08:19:43.915Z</time>
        <name>761</name>
        <extensions>
          <speed_mps>22.352</speed_mps>
          <speed_mph>50.0</speed_mph>
        </extensions>
      </trkpt>
      <trkpt lat="52.1694600" lon="1.4456300">
        <ele>0</ele>
        <time>2026-06-26T08:19:49.282Z</time>
        <name>762</name>
        <extensions>
          <speed_mps>22.352</speed_mps>
          <speed_mph>50.0</speed_mph>
        </extensions>
      </trkpt>
      <trkpt lat="52.1694900" lon="1.4464500">
        <ele>0</ele>
        <time>2026-06-26T08:19:51.788Z</time>
        <name>763</name>
        <extensions>
          <speed_mps>22.352</speed_mps>
          <speed_mph>50.0</speed_mph>
        </extensions>
      </trkpt>
      <trkpt lat="52.1694900" lon="1.4468100">
        <ele>0</ele>
        <time>2026-06-26T08:19:52.886Z</time>
        <name>764</name>
        <extensions>
          <speed_mps>22.352</speed_mps>
          <speed_mph>50.0</speed_mph>
        </extensions>
      </trkpt>
      <trkpt lat="52.1694800" lon="1.4469500">
        <ele>0</ele>
        <time>2026-06-26T08:19:53.316Z</time>
        <name>765</name>
        <extensions>
          <speed_mps>22.352</speed_mps>
          <speed_mph>50.0</speed_mph>
        </extensions>
      </trkpt>
      <trkpt lat="52.1694900" lon="1.4470900">
        <ele>0</ele>
        <time>2026-06-26T08:19:53.745Z</time>
        <name>766</name>
        <extensions>
          <speed_mps>22.352</speed_mps>
          <speed_mph>50.0</speed_mph>
        </extensions>
      </trkpt>
      <trkpt lat="52.1694800" lon="1.4486300">
        <ele>0</ele>
        <time>2026-06-26T08:19:58.443Z</time>
        <name>767</name>
        <extensions>
          <speed_mps>22.352</speed_mps>
          <speed_mph>50.0</speed_mph>
        </extensions>
      </trkpt>
      <trkpt lat="52.1695800" lon="1.4495100">
        <ele>0</ele>
        <time>2026-06-26T08:20:01.173Z</time>
        <name>768</name>
        <extensions>
          <speed_mps>22.352</speed_mps>
          <speed_mph>50.0</speed_mph>
        </extensions>
      </trkpt>
      <trkpt lat="52.1695900" lon="1.4495300">
        <ele>0</ele>
        <time>2026-06-26T08:20:01.251Z</time>
        <name>769</name>
        <extensions>
          <speed_mps>22.352</speed_mps>
          <speed_mph>50.0</speed_mph>
        </extensions>
      </trkpt>
      <trkpt lat="52.1703900" lon="1.4534100">
        <ele>0</ele>
        <time>2026-06-26T08:20:13.737Z</time>
        <name>770</name>
        <extensions>
          <speed_mps>22.352</speed_mps>
          <speed_mph>50.0</speed_mph>
        </extensions>
      </trkpt>
      <trkpt lat="52.1706300" lon="1.4547200">
        <ele>0</ele>
        <time>2026-06-26T08:20:17.907Z</time>
        <name>771</name>
        <extensions>
          <speed_mps>22.352</speed_mps>
          <speed_mph>50.0</speed_mph>
        </extensions>
      </trkpt>
      <trkpt lat="52.1706800" lon="1.4552900">
        <ele>0</ele>
        <time>2026-06-26T08:20:19.663Z</time>
        <name>772</name>
        <extensions>
          <speed_mps>22.352</speed_mps>
          <speed_mph>50.0</speed_mph>
        </extensions>
      </trkpt>
      <trkpt lat="52.1707200" lon="1.4559800">
        <ele>0</ele>
        <time>2026-06-26T08:20:21.777Z</time>
        <name>773</name>
        <extensions>
          <speed_mps>22.352</speed_mps>
          <speed_mph>50.0</speed_mph>
        </extensions>
      </trkpt>
      <trkpt lat="52.1707300" lon="1.4567200">
        <ele>0</ele>
        <time>2026-06-26T08:20:24.035Z</time>
        <name>774</name>
        <extensions>
          <speed_mps>22.352</speed_mps>
          <speed_mph>50.0</speed_mph>
        </extensions>
      </trkpt>
      <trkpt lat="52.1707400" lon="1.4568600">
        <ele>0</ele>
        <time>2026-06-26T08:20:24.465Z</time>
        <name>775</name>
        <extensions>
          <speed_mps>22.352</speed_mps>
          <speed_mph>50.0</speed_mph>
        </extensions>
      </trkpt>
      <trkpt lat="52.1707400" lon="1.4571400">
        <ele>0</ele>
        <time>2026-06-26T08:20:25.319Z</time>
        <name>776</name>
        <extensions>
          <speed_mps>22.352</speed_mps>
          <speed_mph>50.0</speed_mph>
        </extensions>
      </trkpt>
      <trkpt lat="52.1707800" lon="1.4576600">
        <ele>0</ele>
        <time>2026-06-26T08:20:26.917Z</time>
        <name>777</name>
        <extensions>
          <speed_mps>22.352</speed_mps>
          <speed_mph>50.0</speed_mph>
        </extensions>
      </trkpt>
      <trkpt lat="52.1708000" lon="1.4578100">
        <ele>0</ele>
        <time>2026-06-26T08:20:27.385Z</time>
        <name>778</name>
        <extensions>
          <speed_mps>22.352</speed_mps>
          <speed_mph>50.0</speed_mph>
        </extensions>
      </trkpt>
      <trkpt lat="52.1708200" lon="1.4578900">
        <ele>0</ele>
        <time>2026-06-26T08:20:27.649Z</time>
        <name>779</name>
        <extensions>
          <speed_mps>22.352</speed_mps>
          <speed_mph>50.0</speed_mph>
        </extensions>
      </trkpt>
      <trkpt lat="52.1708700" lon="1.4581600">
        <ele>0</ele>
        <time>2026-06-26T08:20:28.509Z</time>
        <name>780</name>
        <extensions>
          <speed_mps>22.352</speed_mps>
          <speed_mph>50.0</speed_mph>
        </extensions>
      </trkpt>
      <trkpt lat="52.1708700" lon="1.4581700">
        <ele>0</ele>
        <time>2026-06-26T08:20:28.539Z</time>
        <name>781</name>
        <extensions>
          <speed_mps>22.352</speed_mps>
          <speed_mph>50.0</speed_mph>
        </extensions>
      </trkpt>
      <trkpt lat="52.1708800" lon="1.4581900">
        <ele>0</ele>
        <time>2026-06-26T08:20:28.618Z</time>
        <name>782</name>
        <extensions>
          <speed_mps>22.352</speed_mps>
          <speed_mph>50.0</speed_mph>
        </extensions>
      </trkpt>
      <trkpt lat="52.1709200" lon="1.4583200">
        <ele>0</ele>
        <time>2026-06-26T08:20:29.062Z</time>
        <name>783</name>
        <extensions>
          <speed_mps>22.352</speed_mps>
          <speed_mph>50.0</speed_mph>
        </extensions>
      </trkpt>
      <trkpt lat="52.1709300" lon="1.4583700">
        <ele>0</ele>
        <time>2026-06-26T08:20:29.222Z</time>
        <name>784</name>
        <extensions>
          <speed_mps>22.352</speed_mps>
          <speed_mph>50.0</speed_mph>
        </extensions>
      </trkpt>
      <trkpt lat="52.1712400" lon="1.4594500">
        <ele>0</ele>
        <time>2026-06-26T08:20:32.859Z</time>
        <name>785</name>
        <extensions>
          <speed_mps>22.352</speed_mps>
          <speed_mph>50.0</speed_mph>
        </extensions>
      </trkpt>
      <trkpt lat="52.1712600" lon="1.4594900">
        <ele>0</ele>
        <time>2026-06-26T08:20:33.017Z</time>
        <name>786</name>
        <extensions>
          <speed_mps>22.352</speed_mps>
          <speed_mph>50.0</speed_mph>
        </extensions>
      </trkpt>
      <trkpt lat="52.1714200" lon="1.4599600">
        <ele>0</ele>
        <time>2026-06-26T08:20:34.656Z</time>
        <name>787</name>
        <extensions>
          <speed_mps>22.352</speed_mps>
          <speed_mph>50.0</speed_mph>
        </extensions>
      </trkpt>
      <trkpt lat="52.1714700" lon="1.4600700">
        <ele>0</ele>
        <time>2026-06-26T08:20:35.074Z</time>
        <name>788</name>
        <extensions>
          <speed_mps>22.352</speed_mps>
          <speed_mph>50.0</speed_mph>
        </extensions>
      </trkpt>
      <trkpt lat="52.1715300" lon="1.4602400">
        <ele>0</ele>
        <time>2026-06-26T08:20:35.672Z</time>
        <name>789</name>
        <extensions>
          <speed_mps>22.352</speed_mps>
          <speed_mph>50.0</speed_mph>
        </extensions>
      </trkpt>
      <trkpt lat="52.1715800" lon="1.4603300">
        <ele>0</ele>
        <time>2026-06-26T08:20:36.043Z</time>
        <name>790</name>
        <extensions>
          <speed_mps>22.352</speed_mps>
          <speed_mph>50.0</speed_mph>
        </extensions>
      </trkpt>
      <trkpt lat="52.1717100" lon="1.4606000">
        <ele>0</ele>
        <time>2026-06-26T08:20:37.090Z</time>
        <name>791</name>
        <extensions>
          <speed_mps>22.352</speed_mps>
          <speed_mph>50.0</speed_mph>
        </extensions>
      </trkpt>
      <trkpt lat="52.1717200" lon="1.4606100">
        <ele>0</ele>
        <time>2026-06-26T08:20:37.148Z</time>
        <name>792</name>
        <extensions>
          <speed_mps>22.352</speed_mps>
          <speed_mph>50.0</speed_mph>
        </extensions>
      </trkpt>
      <trkpt lat="52.1719600" lon="1.4610300">
        <ele>0</ele>
        <time>2026-06-26T08:20:38.899Z</time>
        <name>793</name>
        <extensions>
          <speed_mps>22.352</speed_mps>
          <speed_mph>50.0</speed_mph>
        </extensions>
      </trkpt>
      <trkpt lat="52.1720100" lon="1.4611000">
        <ele>0</ele>
        <time>2026-06-26T08:20:39.227Z</time>
        <name>794</name>
        <extensions>
          <speed_mps>22.352</speed_mps>
          <speed_mph>50.0</speed_mph>
        </extensions>
      </trkpt>
      <trkpt lat="52.1726900" lon="1.4621800">
        <ele>0</ele>
        <time>2026-06-26T08:20:43.949Z</time>
        <name>795</name>
        <extensions>
          <speed_mps>22.352</speed_mps>
          <speed_mph>50.0</speed_mph>
        </extensions>
      </trkpt>
      <trkpt lat="52.1727200" lon="1.4622400">
        <ele>0</ele>
        <time>2026-06-26T08:20:44.185Z</time>
        <name>796</name>
        <extensions>
          <speed_mps>22.352</speed_mps>
          <speed_mph>50.0</speed_mph>
        </extensions>
      </trkpt>
      <trkpt lat="52.1729900" lon="1.4626700">
        <ele>0</ele>
        <time>2026-06-26T08:20:46.062Z</time>
        <name>797</name>
        <extensions>
          <speed_mps>22.352</speed_mps>
          <speed_mph>50.0</speed_mph>
        </extensions>
      </trkpt>
      <trkpt lat="52.1732100" lon="1.4630600">
        <ele>0</ele>
        <time>2026-06-26T08:20:47.678Z</time>
        <name>798</name>
        <extensions>
          <speed_mps>22.352</speed_mps>
          <speed_mph>50.0</speed_mph>
        </extensions>
      </trkpt>
      <trkpt lat="52.1732400" lon="1.4631000">
        <ele>0</ele>
        <time>2026-06-26T08:20:47.871Z</time>
        <name>799</name>
        <extensions>
          <speed_mps>22.352</speed_mps>
          <speed_mph>50.0</speed_mph>
        </extensions>
      </trkpt>
      <trkpt lat="52.1735100" lon="1.4635900">
        <ele>0</ele>
        <time>2026-06-26T08:20:49.880Z</time>
        <name>800</name>
        <extensions>
          <speed_mps>22.352</speed_mps>
          <speed_mph>50.0</speed_mph>
        </extensions>
      </trkpt>
      <trkpt lat="52.1735300" lon="1.4636100">
        <ele>0</ele>
        <time>2026-06-26T08:20:49.997Z</time>
        <name>801</name>
        <extensions>
          <speed_mps>22.352</speed_mps>
          <speed_mph>50.0</speed_mph>
        </extensions>
      </trkpt>
      <trkpt lat="52.1736400" lon="1.4638200">
        <ele>0</ele>
        <time>2026-06-26T08:20:50.840Z</time>
        <name>802</name>
        <extensions>
          <speed_mps>22.352</speed_mps>
          <speed_mph>50.0</speed_mph>
        </extensions>
      </trkpt>
      <trkpt lat="52.1737600" lon="1.4640900">
        <ele>0</ele>
        <time>2026-06-26T08:20:51.857Z</time>
        <name>803</name>
        <extensions>
          <speed_mps>22.352</speed_mps>
          <speed_mph>50.0</speed_mph>
        </extensions>
      </trkpt>
      <trkpt lat="52.1738400" lon="1.4643600">
        <ele>0</ele>
        <time>2026-06-26T08:20:52.771Z</time>
        <name>804</name>
        <extensions>
          <speed_mps>22.352</speed_mps>
          <speed_mph>50.0</speed_mph>
        </extensions>
      </trkpt>
      <trkpt lat="52.1738700" lon="1.4645000">
        <ele>0</ele>
        <time>2026-06-26T08:20:53.224Z</time>
        <name>805</name>
        <extensions>
          <speed_mps>22.352</speed_mps>
          <speed_mph>50.0</speed_mph>
        </extensions>
      </trkpt>
      <trkpt lat="52.1739000" lon="1.4647200">
        <ele>0</ele>
        <time>2026-06-26T08:20:53.911Z</time>
        <name>806</name>
        <extensions>
          <speed_mps>22.352</speed_mps>
          <speed_mph>50.0</speed_mph>
        </extensions>
      </trkpt>
      <trkpt lat="52.1739000" lon="1.4648400">
        <ele>0</ele>
        <time>2026-06-26T08:20:54.277Z</time>
        <name>807</name>
        <extensions>
          <speed_mps>22.352</speed_mps>
          <speed_mph>50.0</speed_mph>
        </extensions>
      </trkpt>
      <trkpt lat="52.1739100" lon="1.4649600">
        <ele>0</ele>
        <time>2026-06-26T08:20:54.646Z</time>
        <name>808</name>
        <extensions>
          <speed_mps>22.352</speed_mps>
          <speed_mph>50.0</speed_mph>
        </extensions>
      </trkpt>
      <trkpt lat="52.1739100" lon="1.4651300">
        <ele>0</ele>
        <time>2026-06-26T08:20:55.165Z</time>
        <name>809</name>
        <extensions>
          <speed_mps>22.352</speed_mps>
          <speed_mph>50.0</speed_mph>
        </extensions>
      </trkpt>
      <trkpt lat="52.1739000" lon="1.4652600">
        <ele>0</ele>
        <time>2026-06-26T08:20:55.564Z</time>
        <name>810</name>
        <extensions>
          <speed_mps>22.352</speed_mps>
          <speed_mph>50.0</speed_mph>
        </extensions>
      </trkpt>
      <trkpt lat="52.1739000" lon="1.4653300">
        <ele>0</ele>
        <time>2026-06-26T08:20:55.778Z</time>
        <name>811</name>
        <extensions>
          <speed_mps>22.352</speed_mps>
          <speed_mph>50.0</speed_mph>
        </extensions>
      </trkpt>
      <trkpt lat="52.1737800" lon="1.4664400">
        <ele>0</ele>
        <time>2026-06-26T08:20:59.215Z</time>
        <name>812</name>
        <extensions>
          <speed_mps>22.352</speed_mps>
          <speed_mph>50.0</speed_mph>
        </extensions>
      </trkpt>
      <trkpt lat="52.1737700" lon="1.4664800">
        <ele>0</ele>
        <time>2026-06-26T08:20:59.347Z</time>
        <name>813</name>
        <extensions>
          <speed_mps>22.352</speed_mps>
          <speed_mph>50.0</speed_mph>
        </extensions>
      </trkpt>
      <trkpt lat="52.1737700" lon="1.4665300">
        <ele>0</ele>
        <time>2026-06-26T08:20:59.499Z</time>
        <name>814</name>
        <extensions>
          <speed_mps>22.352</speed_mps>
          <speed_mph>50.0</speed_mph>
        </extensions>
      </trkpt>
      <trkpt lat="52.1737100" lon="1.4670900">
        <ele>0</ele>
        <time>2026-06-26T08:21:01.233Z</time>
        <name>815</name>
        <extensions>
          <speed_mps>22.352</speed_mps>
          <speed_mph>50.0</speed_mph>
        </extensions>
      </trkpt>
      <trkpt lat="52.1737100" lon="1.4671500">
        <ele>0</ele>
        <time>2026-06-26T08:21:01.416Z</time>
        <name>816</name>
        <extensions>
          <speed_mps>22.352</speed_mps>
          <speed_mph>50.0</speed_mph>
        </extensions>
      </trkpt>
      <trkpt lat="52.1736900" lon="1.4673400">
        <ele>0</ele>
        <time>2026-06-26T08:21:02.004Z</time>
        <name>817</name>
        <extensions>
          <speed_mps>22.352</speed_mps>
          <speed_mph>50.0</speed_mph>
        </extensions>
      </trkpt>
      <trkpt lat="52.1736600" lon="1.4678500">
        <ele>0</ele>
        <time>2026-06-26T08:21:03.567Z</time>
        <name>818</name>
        <extensions>
          <speed_mps>22.352</speed_mps>
          <speed_mph>50.0</speed_mph>
        </extensions>
      </trkpt>
      <trkpt lat="52.1736600" lon="1.4679400">
        <ele>0</ele>
        <time>2026-06-26T08:21:03.841Z</time>
        <name>819</name>
        <extensions>
          <speed_mps>22.352</speed_mps>
          <speed_mph>50.0</speed_mph>
        </extensions>
      </trkpt>
      <trkpt lat="52.1736500" lon="1.4679700">
        <ele>0</ele>
        <time>2026-06-26T08:21:03.945Z</time>
        <name>820</name>
        <extensions>
          <speed_mps>22.352</speed_mps>
          <speed_mph>50.0</speed_mph>
        </extensions>
      </trkpt>
      <trkpt lat="52.1736000" lon="1.4689500">
        <ele>0</ele>
        <time>2026-06-26T08:21:06.945Z</time>
        <name>821</name>
        <extensions>
          <speed_mps>22.352</speed_mps>
          <speed_mph>50.0</speed_mph>
        </extensions>
      </trkpt>
      <trkpt lat="52.1735900" lon="1.4690200">
        <ele>0</ele>
        <time>2026-06-26T08:21:07.164Z</time>
        <name>822</name>
        <extensions>
          <speed_mps>22.352</speed_mps>
          <speed_mph>50.0</speed_mph>
        </extensions>
      </trkpt>
      <trkpt lat="52.1735900" lon="1.4691300">
        <ele>0</ele>
        <time>2026-06-26T08:21:07.499Z</time>
        <name>823</name>
        <extensions>
          <speed_mps>22.352</speed_mps>
          <speed_mph>50.0</speed_mph>
        </extensions>
      </trkpt>
      <trkpt lat="52.1735700" lon="1.4694600">
        <ele>0</ele>
        <time>2026-06-26T08:21:08.511Z</time>
        <name>824</name>
        <extensions>
          <speed_mps>22.352</speed_mps>
          <speed_mph>50.0</speed_mph>
        </extensions>
      </trkpt>
      <trkpt lat="52.1735700" lon="1.4697900">
        <ele>0</ele>
        <time>2026-06-26T08:21:09.517Z</time>
        <name>825</name>
        <extensions>
          <speed_mps>22.352</speed_mps>
          <speed_mph>50.0</speed_mph>
        </extensions>
      </trkpt>
      <trkpt lat="52.1735800" lon="1.4698200">
        <ele>0</ele>
        <time>2026-06-26T08:21:09.621Z</time>
        <name>826</name>
        <extensions>
          <speed_mps>22.352</speed_mps>
          <speed_mph>50.0</speed_mph>
        </extensions>
      </trkpt>
      <trkpt lat="52.1735800" lon="1.4698600">
        <ele>0</ele>
        <time>2026-06-26T08:21:09.743Z</time>
        <name>827</name>
        <extensions>
          <speed_mps>22.352</speed_mps>
          <speed_mph>50.0</speed_mph>
        </extensions>
      </trkpt>
      <trkpt lat="52.1735900" lon="1.4699000">
        <ele>0</ele>
        <time>2026-06-26T08:21:09.875Z</time>
        <name>828</name>
        <extensions>
          <speed_mps>22.352</speed_mps>
          <speed_mph>50.0</speed_mph>
        </extensions>
      </trkpt>
      <trkpt lat="52.1736000" lon="1.4699700">
        <ele>0</ele>
        <time>2026-06-26T08:21:10.094Z</time>
        <name>829</name>
        <extensions>
          <speed_mps>22.352</speed_mps>
          <speed_mph>50.0</speed_mph>
        </extensions>
      </trkpt>
      <trkpt lat="52.1736100" lon="1.4699800">
        <ele>0</ele>
        <time>2026-06-26T08:21:10.152Z</time>
        <name>830</name>
        <extensions>
          <speed_mps>22.352</speed_mps>
          <speed_mph>50.0</speed_mph>
        </extensions>
      </trkpt>
      <trkpt lat="52.1736500" lon="1.4701200">
        <ele>0</ele>
        <time>2026-06-26T08:21:10.624Z</time>
        <name>831</name>
        <extensions>
          <speed_mps>22.352</speed_mps>
          <speed_mph>50.0</speed_mph>
        </extensions>
      </trkpt>
      <trkpt lat="52.1737900" lon="1.4703500">
        <ele>0</ele>
        <time>2026-06-26T08:21:11.612Z</time>
        <name>832</name>
        <extensions>
          <speed_mps>22.352</speed_mps>
          <speed_mph>50.0</speed_mph>
        </extensions>
      </trkpt>
      <trkpt lat="52.1738800" lon="1.4704700">
        <ele>0</ele>
        <time>2026-06-26T08:21:12.190Z</time>
        <name>833</name>
        <extensions>
          <speed_mps>22.352</speed_mps>
          <speed_mph>50.0</speed_mph>
        </extensions>
      </trkpt>
      <trkpt lat="52.1741000" lon="1.4706100">
        <ele>0</ele>
        <time>2026-06-26T08:21:13.365Z</time>
        <name>834</name>
        <extensions>
          <speed_mps>22.352</speed_mps>
          <speed_mph>50.0</speed_mph>
        </extensions>
      </trkpt>
      <trkpt lat="52.1743100" lon="1.4707300">
        <ele>0</ele>
        <time>2026-06-26T08:21:14.472Z</time>
        <name>835</name>
        <extensions>
          <speed_mps>22.352</speed_mps>
          <speed_mph>50.0</speed_mph>
        </extensions>
      </trkpt>
      <trkpt lat="52.1744800" lon="1.4708400">
        <ele>0</ele>
        <time>2026-06-26T08:21:15.382Z</time>
        <name>836</name>
        <extensions>
          <speed_mps>22.352</speed_mps>
          <speed_mph>50.0</speed_mph>
        </extensions>
      </trkpt>
      <trkpt lat="52.1745500" lon="1.4709000">
        <ele>0</ele>
        <time>2026-06-26T08:21:15.775Z</time>
        <name>837</name>
        <extensions>
          <speed_mps>22.352</speed_mps>
          <speed_mph>50.0</speed_mph>
        </extensions>
      </trkpt>
      <trkpt lat="52.1745800" lon="1.4709200">
        <ele>0</ele>
        <time>2026-06-26T08:21:15.936Z</time>
        <name>838</name>
        <extensions>
          <speed_mps>22.352</speed_mps>
          <speed_mph>50.0</speed_mph>
        </extensions>
      </trkpt>
      <trkpt lat="52.1753900" lon="1.4716100">
        <ele>0</ele>
        <time>2026-06-26T08:21:20.482Z</time>
        <name>839</name>
        <extensions>
          <speed_mps>22.352</speed_mps>
          <speed_mph>50.0</speed_mph>
        </extensions>
      </trkpt>
      <trkpt lat="52.1754300" lon="1.4716500">
        <ele>0</ele>
        <time>2026-06-26T08:21:20.716Z</time>
        <name>840</name>
        <extensions>
          <speed_mps>22.352</speed_mps>
          <speed_mph>50.0</speed_mph>
        </extensions>
      </trkpt>
      <trkpt lat="52.1757600" lon="1.4719300">
        <ele>0</ele>
        <time>2026-06-26T08:21:22.566Z</time>
        <name>841</name>
        <extensions>
          <speed_mps>22.352</speed_mps>
          <speed_mph>50.0</speed_mph>
        </extensions>
      </trkpt>
      <trkpt lat="52.1758000" lon="1.4719800">
        <ele>0</ele>
        <time>2026-06-26T08:21:22.817Z</time>
        <name>842</name>
        <extensions>
          <speed_mps>22.352</speed_mps>
          <speed_mph>50.0</speed_mph>
        </extensions>
      </trkpt>
      <trkpt lat="52.1759500" lon="1.4721200">
        <ele>0</ele>
        <time>2026-06-26T08:21:23.677Z</time>
        <name>843</name>
        <extensions>
          <speed_mps>22.352</speed_mps>
          <speed_mph>50.0</speed_mph>
        </extensions>
      </trkpt>
      <trkpt lat="52.1761200" lon="1.4723200">
        <ele>0</ele>
        <time>2026-06-26T08:21:24.719Z</time>
        <name>844</name>
        <extensions>
          <speed_mps>22.352</speed_mps>
          <speed_mph>50.0</speed_mph>
        </extensions>
      </trkpt>
      <trkpt lat="52.1761200" lon="1.4723300">
        <ele>0</ele>
        <time>2026-06-26T08:21:24.750Z</time>
        <name>845</name>
        <extensions>
          <speed_mps>22.352</speed_mps>
          <speed_mph>50.0</speed_mph>
        </extensions>
      </trkpt>
      <trkpt lat="52.1762500" lon="1.4724900">
        <ele>0</ele>
        <time>2026-06-26T08:21:25.560Z</time>
        <name>846</name>
        <extensions>
          <speed_mps>22.352</speed_mps>
          <speed_mph>50.0</speed_mph>
        </extensions>
      </trkpt>
      <trkpt lat="52.1764100" lon="1.4727400">
        <ele>0</ele>
        <time>2026-06-26T08:21:26.662Z</time>
        <name>847</name>
        <extensions>
          <speed_mps>22.352</speed_mps>
          <speed_mph>50.0</speed_mph>
        </extensions>
      </trkpt>
      <trkpt lat="52.1765200" lon="1.4729400">
        <ele>0</ele>
        <time>2026-06-26T08:21:27.482Z</time>
        <name>848</name>
        <extensions>
          <speed_mps>22.352</speed_mps>
          <speed_mph>50.0</speed_mph>
        </extensions>
      </trkpt>
      <trkpt lat="52.1765200" lon="1.4729600">
        <ele>0</ele>
        <time>2026-06-26T08:21:27.543Z</time>
        <name>849</name>
        <extensions>
          <speed_mps>22.352</speed_mps>
          <speed_mph>50.0</speed_mph>
        </extensions>
      </trkpt>
      <trkpt lat="52.1765600" lon="1.4730300">
        <ele>0</ele>
        <time>2026-06-26T08:21:27.834Z</time>
        <name>850</name>
        <extensions>
          <speed_mps>22.352</speed_mps>
          <speed_mph>50.0</speed_mph>
        </extensions>
      </trkpt>
      <trkpt lat="52.1767000" lon="1.4733800">
        <ele>0</ele>
        <time>2026-06-26T08:21:29.109Z</time>
        <name>851</name>
        <extensions>
          <speed_mps>22.352</speed_mps>
          <speed_mph>50.0</speed_mph>
        </extensions>
      </trkpt>
      <trkpt lat="52.1767500" lon="1.4735400">
        <ele>0</ele>
        <time>2026-06-26T08:21:29.657Z</time>
        <name>852</name>
        <extensions>
          <speed_mps>22.352</speed_mps>
          <speed_mph>50.0</speed_mph>
        </extensions>
      </trkpt>
      <trkpt lat="52.1768200" lon="1.4738500">
        <ele>0</ele>
        <time>2026-06-26T08:21:30.664Z</time>
        <name>853</name>
        <extensions>
          <speed_mps>22.352</speed_mps>
          <speed_mph>50.0</speed_mph>
        </extensions>
      </trkpt>
      <trkpt lat="52.1768300" lon="1.4738800">
        <ele>0</ele>
        <time>2026-06-26T08:21:30.768Z</time>
        <name>854</name>
        <extensions>
          <speed_mps>22.352</speed_mps>
          <speed_mph>50.0</speed_mph>
        </extensions>
      </trkpt>
      <trkpt lat="52.1768400" lon="1.4739500">
        <ele>0</ele>
        <time>2026-06-26T08:21:30.987Z</time>
        <name>855</name>
        <extensions>
          <speed_mps>22.352</speed_mps>
          <speed_mph>50.0</speed_mph>
        </extensions>
      </trkpt>
      <trkpt lat="52.1768600" lon="1.4740200">
        <ele>0</ele>
        <time>2026-06-26T08:21:31.223Z</time>
        <name>856</name>
        <extensions>
          <speed_mps>22.352</speed_mps>
          <speed_mph>50.0</speed_mph>
        </extensions>
      </trkpt>
      <trkpt lat="52.1769000" lon="1.4742600">
        <ele>0</ele>
        <time>2026-06-26T08:21:31.981Z</time>
        <name>857</name>
        <extensions>
          <speed_mps>22.352</speed_mps>
          <speed_mph>50.0</speed_mph>
        </extensions>
      </trkpt>
      <trkpt lat="52.1769000" lon="1.4743000">
        <ele>0</ele>
        <time>2026-06-26T08:21:32.103Z</time>
        <name>858</name>
        <extensions>
          <speed_mps>22.352</speed_mps>
          <speed_mph>50.0</speed_mph>
        </extensions>
      </trkpt>
      <trkpt lat="52.1769100" lon="1.4743400">
        <ele>0</ele>
        <time>2026-06-26T08:21:32.235Z</time>
        <name>859</name>
        <extensions>
          <speed_mps>22.352</speed_mps>
          <speed_mph>50.0</speed_mph>
        </extensions>
      </trkpt>
      <trkpt lat="52.1769100" lon="1.4743900">
        <ele>0</ele>
        <time>2026-06-26T08:21:32.388Z</time>
        <name>860</name>
        <extensions>
          <speed_mps>22.352</speed_mps>
          <speed_mph>50.0</speed_mph>
        </extensions>
      </trkpt>
      <trkpt lat="52.1769200" lon="1.4744900">
        <ele>0</ele>
        <time>2026-06-26T08:21:32.697Z</time>
        <name>861</name>
        <extensions>
          <speed_mps>22.352</speed_mps>
          <speed_mph>50.0</speed_mph>
        </extensions>
      </trkpt>
      <trkpt lat="52.1769300" lon="1.4745400">
        <ele>0</ele>
        <time>2026-06-26T08:21:32.857Z</time>
        <name>862</name>
        <extensions>
          <speed_mps>22.352</speed_mps>
          <speed_mph>50.0</speed_mph>
        </extensions>
      </trkpt>
      <trkpt lat="52.1769500" lon="1.4748700">
        <ele>0</ele>
        <time>2026-06-26T08:21:33.868Z</time>
        <name>863</name>
        <extensions>
          <speed_mps>22.352</speed_mps>
          <speed_mph>50.0</speed_mph>
        </extensions>
      </trkpt>
      <trkpt lat="52.1769500" lon="1.4752500">
        <ele>0</ele>
        <time>2026-06-26T08:21:35.027Z</time>
        <name>864</name>
        <extensions>
          <speed_mps>22.352</speed_mps>
          <speed_mph>50.0</speed_mph>
        </extensions>
      </trkpt>
      <trkpt lat="52.1768900" lon="1.4765300">
        <ele>0</ele>
        <time>2026-06-26T08:21:38.942Z</time>
        <name>865</name>
        <extensions>
          <speed_mps>22.352</speed_mps>
          <speed_mph>50.0</speed_mph>
        </extensions>
      </trkpt>
      <trkpt lat="52.1768900" lon="1.4766700">
        <ele>0</ele>
        <time>2026-06-26T08:21:39.369Z</time>
        <name>866</name>
        <extensions>
          <speed_mps>22.352</speed_mps>
          <speed_mph>50.0</speed_mph>
        </extensions>
      </trkpt>
      <trkpt lat="52.1768300" lon="1.4776800">
        <ele>0</ele>
        <time>2026-06-26T08:21:42.463Z</time>
        <name>867</name>
        <extensions>
          <speed_mps>22.352</speed_mps>
          <speed_mph>50.0</speed_mph>
        </extensions>
      </trkpt>
      <trkpt lat="52.1767900" lon="1.4790400">
        <ele>0</ele>
        <time>2026-06-26T08:21:46.616Z</time>
        <name>868</name>
        <extensions>
          <speed_mps>22.352</speed_mps>
          <speed_mph>50.0</speed_mph>
        </extensions>
      </trkpt>
      <trkpt lat="52.1767800" lon="1.4791300">
        <ele>0</ele>
        <time>2026-06-26T08:21:46.895Z</time>
        <name>869</name>
        <extensions>
          <speed_mps>22.352</speed_mps>
          <speed_mph>50.0</speed_mph>
        </extensions>
      </trkpt>
      <trkpt lat="52.1767600" lon="1.4796200">
        <ele>0</ele>
        <time>2026-06-26T08:21:48.392Z</time>
        <name>870</name>
        <extensions>
          <speed_mps>22.352</speed_mps>
          <speed_mph>50.0</speed_mph>
        </extensions>
      </trkpt>
      <trkpt lat="52.1766900" lon="1.4806300">
        <ele>0</ele>
        <time>2026-06-26T08:21:51.492Z</time>
        <name>871</name>
        <extensions>
          <speed_mps>22.352</speed_mps>
          <speed_mph>50.0</speed_mph>
        </extensions>
      </trkpt>
      <trkpt lat="52.1766900" lon="1.4807800">
        <ele>0</ele>
        <time>2026-06-26T08:21:51.949Z</time>
        <name>872</name>
        <extensions>
          <speed_mps>22.352</speed_mps>
          <speed_mph>50.0</speed_mph>
        </extensions>
      </trkpt>
      <trkpt lat="52.1765600" lon="1.4816200">
        <ele>0</ele>
        <time>2026-06-26T08:21:54.591Z</time>
        <name>873</name>
        <extensions>
          <speed_mps>22.352</speed_mps>
          <speed_mph>50.0</speed_mph>
        </extensions>
      </trkpt>
      <trkpt lat="52.1764300" lon="1.4822800">
        <ele>0</ele>
        <time>2026-06-26T08:21:56.705Z</time>
        <name>874</name>
        <extensions>
          <speed_mps>22.352</speed_mps>
          <speed_mph>50.0</speed_mph>
        </extensions>
      </trkpt>
      <trkpt lat="52.1764300" lon="1.4826200">
        <ele>0</ele>
        <time>2026-06-26T08:21:57.742Z</time>
        <name>875</name>
        <extensions>
          <speed_mps>22.352</speed_mps>
          <speed_mph>50.0</speed_mph>
        </extensions>
      </trkpt>
      <trkpt lat="52.1764500" lon="1.4827500">
        <ele>0</ele>
        <time>2026-06-26T08:21:58.151Z</time>
        <name>876</name>
        <extensions>
          <speed_mps>22.352</speed_mps>
          <speed_mph>50.0</speed_mph>
        </extensions>
      </trkpt>
      <trkpt lat="52.1764900" lon="1.4828200">
        <ele>0</ele>
        <time>2026-06-26T08:21:58.443Z</time>
        <name>877</name>
        <extensions>
          <speed_mps>22.352</speed_mps>
          <speed_mph>50.0</speed_mph>
        </extensions>
      </trkpt>
      <trkpt lat="52.1765200" lon="1.4830200">
        <ele>0</ele>
        <time>2026-06-26T08:21:59.071Z</time>
        <name>878</name>
        <extensions>
          <speed_mps>22.352</speed_mps>
          <speed_mph>50.0</speed_mph>
        </extensions>
      </trkpt>
      <trkpt lat="52.1768500" lon="1.4837200">
        <ele>0</ele>
        <time>2026-06-26T08:22:01.764Z</time>
        <name>879</name>
        <extensions>
          <speed_mps>22.352</speed_mps>
          <speed_mph>50.0</speed_mph>
        </extensions>
      </trkpt>
      <trkpt lat="52.1769300" lon="1.4839300">
        <ele>0</ele>
        <time>2026-06-26T08:22:02.518Z</time>
        <name>880</name>
        <extensions>
          <speed_mps>22.352</speed_mps>
          <speed_mph>50.0</speed_mph>
        </extensions>
      </trkpt>
      <trkpt lat="52.1769800" lon="1.4841600">
        <ele>0</ele>
        <time>2026-06-26T08:22:03.262Z</time>
        <name>881</name>
        <extensions>
          <speed_mps>22.352</speed_mps>
          <speed_mph>50.0</speed_mph>
        </extensions>
      </trkpt>
      <trkpt lat="52.1772800" lon="1.4858800">
        <ele>0</ele>
        <time>2026-06-26T08:22:08.715Z</time>
        <name>882</name>
        <extensions>
          <speed_mps>22.352</speed_mps>
          <speed_mph>50.0</speed_mph>
        </extensions>
      </trkpt>
      <trkpt lat="52.1774800" lon="1.4868400">
        <ele>0</ele>
        <time>2026-06-26T08:22:11.808Z</time>
        <name>883</name>
        <extensions>
          <speed_mps>22.352</speed_mps>
          <speed_mph>50.0</speed_mph>
        </extensions>
      </trkpt>
      <trkpt lat="52.1775600" lon="1.4871700">
        <ele>0</ele>
        <time>2026-06-26T08:22:12.890Z</time>
        <name>884</name>
        <extensions>
          <speed_mps>22.352</speed_mps>
          <speed_mph>50.0</speed_mph>
        </extensions>
      </trkpt>
      <trkpt lat="52.1777100" lon="1.4876300">
        <ele>0</ele>
        <time>2026-06-26T08:22:14.479Z</time>
        <name>885</name>
        <extensions>
          <speed_mps>22.352</speed_mps>
          <speed_mph>50.0</speed_mph>
        </extensions>
      </trkpt>
      <trkpt lat="52.1778700" lon="1.4881800">
        <ele>0</ele>
        <time>2026-06-26T08:22:16.335Z</time>
        <name>886</name>
        <extensions>
          <speed_mps>22.352</speed_mps>
          <speed_mph>50.0</speed_mph>
        </extensions>
      </trkpt>
      <trkpt lat="52.1783100" lon="1.4891600">
        <ele>0</ele>
        <time>2026-06-26T08:22:20.040Z</time>
        <name>887</name>
        <extensions>
          <speed_mps>22.352</speed_mps>
          <speed_mph>50.0</speed_mph>
        </extensions>
      </trkpt>
      <trkpt lat="52.1784000" lon="1.4893400">
        <ele>0</ele>
        <time>2026-06-26T08:22:20.748Z</time>
        <name>888</name>
        <extensions>
          <speed_mps>22.352</speed_mps>
          <speed_mph>50.0</speed_mph>
        </extensions>
      </trkpt>
      <trkpt lat="52.1785300" lon="1.4895600">
        <ele>0</ele>
        <time>2026-06-26T08:22:21.680Z</time>
        <name>889</name>
        <extensions>
          <speed_mps>22.352</speed_mps>
          <speed_mph>50.0</speed_mph>
        </extensions>
      </trkpt>
      <trkpt lat="52.1787600" lon="1.4900000">
        <ele>0</ele>
        <time>2026-06-26T08:22:23.443Z</time>
        <name>890</name>
        <extensions>
          <speed_mps>22.352</speed_mps>
          <speed_mph>50.0</speed_mph>
        </extensions>
      </trkpt>
      <trkpt lat="52.1787700" lon="1.4900300">
        <ele>0</ele>
        <time>2026-06-26T08:22:23.547Z</time>
        <name>891</name>
        <extensions>
          <speed_mps>22.352</speed_mps>
          <speed_mph>50.0</speed_mph>
        </extensions>
      </trkpt>
      <trkpt lat="52.1790800" lon="1.4904900">
        <ele>0</ele>
        <time>2026-06-26T08:22:25.632Z</time>
        <name>892</name>
        <extensions>
          <speed_mps>22.352</speed_mps>
          <speed_mph>50.0</speed_mph>
        </extensions>
      </trkpt>
      <trkpt lat="52.1795500" lon="1.4910900">
        <ele>0</ele>
        <time>2026-06-26T08:22:28.601Z</time>
        <name>893</name>
        <extensions>
          <speed_mps>22.352</speed_mps>
          <speed_mph>50.0</speed_mph>
        </extensions>
      </trkpt>
      <trkpt lat="52.1808700" lon="1.4926900">
        <ele>0</ele>
        <time>2026-06-26T08:22:36.782Z</time>
        <name>894</name>
        <extensions>
          <speed_mps>22.352</speed_mps>
          <speed_mph>50.0</speed_mph>
        </extensions>
      </trkpt>
      <trkpt lat="52.1817100" lon="1.4935600">
        <ele>0</ele>
        <time>2026-06-26T08:22:41.731Z</time>
        <name>895</name>
        <extensions>
          <speed_mps>22.352</speed_mps>
          <speed_mph>50.0</speed_mph>
        </extensions>
      </trkpt>
      <trkpt lat="52.1818700" lon="1.4936900">
        <ele>0</ele>
        <time>2026-06-26T08:22:42.621Z</time>
        <name>896</name>
        <extensions>
          <speed_mps>22.352</speed_mps>
          <speed_mph>50.0</speed_mph>
        </extensions>
      </trkpt>
      <trkpt lat="52.1822500" lon="1.4939700">
        <ele>0</ele>
        <time>2026-06-26T08:22:44.695Z</time>
        <name>897</name>
        <extensions>
          <speed_mps>22.352</speed_mps>
          <speed_mph>50.0</speed_mph>
        </extensions>
      </trkpt>
      <trkpt lat="52.1827000" lon="1.4942600">
        <ele>0</ele>
        <time>2026-06-26T08:22:47.102Z</time>
        <name>898</name>
        <extensions>
          <speed_mps>22.352</speed_mps>
          <speed_mph>50.0</speed_mph>
        </extensions>
      </trkpt>
      <trkpt lat="52.1829900" lon="1.4944100">
        <ele>0</ele>
        <time>2026-06-26T08:22:48.615Z</time>
        <name>899</name>
        <extensions>
          <speed_mps>22.352</speed_mps>
          <speed_mph>50.0</speed_mph>
        </extensions>
      </trkpt>
      <trkpt lat="52.1833600" lon="1.4945600">
        <ele>0</ele>
        <time>2026-06-26T08:22:50.512Z</time>
        <name>900</name>
        <extensions>
          <speed_mps>22.352</speed_mps>
          <speed_mph>50.0</speed_mph>
        </extensions>
      </trkpt>
      <trkpt lat="52.1835100" lon="1.4946100">
        <ele>0</ele>
        <time>2026-06-26T08:22:51.273Z</time>
        <name>901</name>
        <extensions>
          <speed_mps>22.352</speed_mps>
          <speed_mph>50.0</speed_mph>
        </extensions>
      </trkpt>
      <trkpt lat="52.1838600" lon="1.4947000">
        <ele>0</ele>
        <time>2026-06-26T08:22:53.036Z</time>
        <name>902</name>
        <extensions>
          <speed_mps>22.352</speed_mps>
          <speed_mph>50.0</speed_mph>
        </extensions>
      </trkpt>
      <trkpt lat="52.1840000" lon="1.4947200">
        <ele>0</ele>
        <time>2026-06-26T08:22:53.735Z</time>
        <name>903</name>
        <extensions>
          <speed_mps>22.352</speed_mps>
          <speed_mph>50.0</speed_mph>
        </extensions>
      </trkpt>
      <trkpt lat="52.1844600" lon="1.4947600">
        <ele>0</ele>
        <time>2026-06-26T08:22:56.027Z</time>
        <name>904</name>
        <extensions>
          <speed_mps>22.352</speed_mps>
          <speed_mph>50.0</speed_mph>
        </extensions>
      </trkpt>
      <trkpt lat="52.1844800" lon="1.4947700">
        <ele>0</ele>
        <time>2026-06-26T08:22:56.131Z</time>
        <name>905</name>
        <extensions>
          <speed_mps>22.352</speed_mps>
          <speed_mph>50.0</speed_mph>
        </extensions>
      </trkpt>
      <trkpt lat="52.1850600" lon="1.4947400">
        <ele>0</ele>
        <time>2026-06-26T08:22:59.018Z</time>
        <name>906</name>
        <extensions>
          <speed_mps>22.352</speed_mps>
          <speed_mph>50.0</speed_mph>
        </extensions>
      </trkpt>
      <trkpt lat="52.1851700" lon="1.4947400">
        <ele>0</ele>
        <time>2026-06-26T08:22:59.565Z</time>
        <name>907</name>
        <extensions>
          <speed_mps>22.352</speed_mps>
          <speed_mph>50.0</speed_mph>
        </extensions>
      </trkpt>
      <trkpt lat="52.1851900" lon="1.4947600">
        <ele>0</ele>
        <time>2026-06-26T08:22:59.682Z</time>
        <name>908</name>
        <extensions>
          <speed_mps>22.352</speed_mps>
          <speed_mph>50.0</speed_mph>
        </extensions>
      </trkpt>
      <trkpt lat="52.1852000" lon="1.4947600">
        <ele>0</ele>
        <time>2026-06-26T08:22:59.731Z</time>
        <name>909</name>
        <extensions>
          <speed_mps>22.352</speed_mps>
          <speed_mph>50.0</speed_mph>
        </extensions>
      </trkpt>
      <trkpt lat="52.1852200" lon="1.4947900">
        <ele>0</ele>
        <time>2026-06-26T08:22:59.866Z</time>
        <name>910</name>
        <extensions>
          <speed_mps>22.352</speed_mps>
          <speed_mph>50.0</speed_mph>
        </extensions>
      </trkpt>
      <trkpt lat="52.1854000" lon="1.4947500">
        <ele>0</ele>
        <time>2026-06-26T08:23:00.770Z</time>
        <name>911</name>
        <extensions>
          <speed_mps>22.352</speed_mps>
          <speed_mph>50.0</speed_mph>
        </extensions>
      </trkpt>
      <trkpt lat="52.1854200" lon="1.4947400">
        <ele>0</ele>
        <time>2026-06-26T08:23:00.874Z</time>
        <name>912</name>
        <extensions>
          <speed_mps>22.352</speed_mps>
          <speed_mph>50.0</speed_mph>
        </extensions>
      </trkpt>
      <trkpt lat="52.1856000" lon="1.4947000">
        <ele>0</ele>
        <time>2026-06-26T08:23:01.778Z</time>
        <name>913</name>
        <extensions>
          <speed_mps>22.352</speed_mps>
          <speed_mph>50.0</speed_mph>
        </extensions>
      </trkpt>
      <trkpt lat="52.1861000" lon="1.4945500">
        <ele>0</ele>
        <time>2026-06-26T08:23:04.307Z</time>
        <name>914</name>
        <extensions>
          <speed_mps>22.352</speed_mps>
          <speed_mph>50.0</speed_mph>
        </extensions>
      </trkpt>
      <trkpt lat="52.1870700" lon="1.4942300">
        <ele>0</ele>
        <time>2026-06-26T08:23:09.230Z</time>
        <name>915</name>
        <extensions>
          <speed_mps>22.352</speed_mps>
          <speed_mph>50.0</speed_mph>
        </extensions>
      </trkpt>
      <trkpt lat="52.1889200" lon="1.4936800">
        <ele>0</ele>
        <time>2026-06-26T08:23:18.585Z</time>
        <name>916</name>
        <extensions>
          <speed_mps>22.352</speed_mps>
          <speed_mph>50.0</speed_mph>
        </extensions>
      </trkpt>
      <trkpt lat="52.1898400" lon="1.4934500">
        <ele>0</ele>
        <time>2026-06-26T08:23:23.215Z</time>
        <name>917</name>
        <extensions>
          <speed_mps>22.352</speed_mps>
          <speed_mph>50.0</speed_mph>
        </extensions>
      </trkpt>
      <trkpt lat="52.1914900" lon="1.4930800">
        <ele>0</ele>
        <time>2026-06-26T08:23:31.500Z</time>
        <name>918</name>
        <extensions>
          <speed_mps>22.352</speed_mps>
          <speed_mph>50.0</speed_mph>
        </extensions>
      </trkpt>
      <trkpt lat="52.1929600" lon="1.4928000">
        <ele>0</ele>
        <time>2026-06-26T08:23:38.863Z</time>
        <name>919</name>
        <extensions>
          <speed_mps>22.352</speed_mps>
          <speed_mph>50.0</speed_mph>
        </extensions>
      </trkpt>
      <trkpt lat="52.1946200" lon="1.4925200">
        <ele>0</ele>
        <time>2026-06-26T08:23:47.165Z</time>
        <name>920</name>
        <extensions>
          <speed_mps>22.352</speed_mps>
          <speed_mph>50.0</speed_mph>
        </extensions>
      </trkpt>
      <trkpt lat="52.1948000" lon="1.4925000">
        <ele>0</ele>
        <time>2026-06-26T08:23:48.063Z</time>
        <name>921</name>
        <extensions>
          <speed_mps>22.352</speed_mps>
          <speed_mph>50.0</speed_mph>
        </extensions>
      </trkpt>
      <trkpt lat="52.1953500" lon="1.4924100">
        <ele>0</ele>
        <time>2026-06-26T08:23:50.812Z</time>
        <name>922</name>
        <extensions>
          <speed_mps>22.352</speed_mps>
          <speed_mph>50.0</speed_mph>
        </extensions>
      </trkpt>
      <trkpt lat="52.1958800" lon="1.4923500">
        <ele>0</ele>
        <time>2026-06-26T08:23:53.455Z</time>
        <name>923</name>
        <extensions>
          <speed_mps>22.352</speed_mps>
          <speed_mph>50.0</speed_mph>
        </extensions>
      </trkpt>
      <trkpt lat="52.1960600" lon="1.4923200">
        <ele>0</ele>
        <time>2026-06-26T08:23:54.355Z</time>
        <name>924</name>
        <extensions>
          <speed_mps>22.352</speed_mps>
          <speed_mph>50.0</speed_mph>
        </extensions>
      </trkpt>
      <trkpt lat="52.1974300" lon="1.4921500">
        <ele>0</ele>
        <time>2026-06-26T08:24:01.190Z</time>
        <name>925</name>
        <extensions>
          <speed_mps>22.352</speed_mps>
          <speed_mph>50.0</speed_mph>
        </extensions>
      </trkpt>
      <trkpt lat="52.1974900" lon="1.4921500">
        <ele>0</ele>
        <time>2026-06-26T08:24:01.489Z</time>
        <name>926</name>
        <extensions>
          <speed_mps>22.352</speed_mps>
          <speed_mph>50.0</speed_mph>
        </extensions>
      </trkpt>
      <trkpt lat="52.1978200" lon="1.4921200">
        <ele>0</ele>
        <time>2026-06-26T08:24:03.133Z</time>
        <name>927</name>
        <extensions>
          <speed_mps>22.352</speed_mps>
          <speed_mph>50.0</speed_mph>
        </extensions>
      </trkpt>
      <trkpt lat="52.1978500" lon="1.4921100">
        <ele>0</ele>
        <time>2026-06-26T08:24:03.285Z</time>
        <name>928</name>
        <extensions>
          <speed_mps>22.352</speed_mps>
          <speed_mph>50.0</speed_mph>
        </extensions>
      </trkpt>
      <trkpt lat="52.1998400" lon="1.4919400">
        <ele>0</ele>
        <time>2026-06-26T08:24:13.199Z</time>
        <name>929</name>
        <extensions>
          <speed_mps>22.352</speed_mps>
          <speed_mph>50.0</speed_mph>
        </extensions>
      </trkpt>
      <trkpt lat="52.2005700" lon="1.4919300">
        <ele>0</ele>
        <time>2026-06-26T08:24:16.830Z</time>
        <name>930</name>
        <extensions>
          <speed_mps>22.352</speed_mps>
          <speed_mph>50.0</speed_mph>
        </extensions>
      </trkpt>
      <trkpt lat="52.2006100" lon="1.4918900">
        <ele>0</ele>
        <time>2026-06-26T08:24:17.064Z</time>
        <name>931</name>
        <extensions>
          <speed_mps>22.352</speed_mps>
          <speed_mph>50.0</speed_mph>
        </extensions>
      </trkpt>
      <trkpt lat="52.2006200" lon="1.4918900">
        <ele>0</ele>
        <time>2026-06-26T08:24:17.113Z</time>
        <name>932</name>
        <extensions>
          <speed_mps>22.352</speed_mps>
          <speed_mph>50.0</speed_mph>
        </extensions>
      </trkpt>
      <trkpt lat="52.2006400" lon="1.4918800">
        <ele>0</ele>
        <time>2026-06-26T08:24:17.218Z</time>
        <name>933</name>
        <extensions>
          <speed_mps>22.352</speed_mps>
          <speed_mph>50.0</speed_mph>
        </extensions>
      </trkpt>
      <trkpt lat="52.2011000" lon="1.4918400">
        <ele>0</ele>
        <time>2026-06-26T08:24:19.509Z</time>
        <name>934</name>
        <extensions>
          <speed_mps>22.352</speed_mps>
          <speed_mph>50.0</speed_mph>
        </extensions>
      </trkpt>
      <trkpt lat="52.2020000" lon="1.4917900">
        <ele>0</ele>
        <time>2026-06-26T08:24:23.989Z</time>
        <name>935</name>
        <extensions>
          <speed_mps>22.352</speed_mps>
          <speed_mph>50.0</speed_mph>
        </extensions>
      </trkpt>
      <trkpt lat="52.2021000" lon="1.4917900">
        <ele>0</ele>
        <time>2026-06-26T08:24:24.486Z</time>
        <name>936</name>
        <extensions>
          <speed_mps>22.352</speed_mps>
          <speed_mph>50.0</speed_mph>
        </extensions>
      </trkpt>
      <trkpt lat="52.2022500" lon="1.4917800">
        <ele>0</ele>
        <time>2026-06-26T08:24:25.233Z</time>
        <name>937</name>
        <extensions>
          <speed_mps>22.352</speed_mps>
          <speed_mph>50.0</speed_mph>
        </extensions>
      </trkpt>
      <trkpt lat="52.2027700" lon="1.4917800">
        <ele>0</ele>
        <time>2026-06-26T08:24:27.820Z</time>
        <name>938</name>
        <extensions>
          <speed_mps>22.352</speed_mps>
          <speed_mph>50.0</speed_mph>
        </extensions>
      </trkpt>
      <trkpt lat="52.2032800" lon="1.4918000">
        <ele>0</ele>
        <time>2026-06-26T08:24:30.358Z</time>
        <name>939</name>
        <extensions>
          <speed_mps>22.352</speed_mps>
          <speed_mph>50.0</speed_mph>
        </extensions>
      </trkpt>
      <trkpt lat="52.2035000" lon="1.4918200">
        <ele>0</ele>
        <time>2026-06-26T08:24:31.454Z</time>
        <name>940</name>
        <extensions>
          <speed_mps>22.352</speed_mps>
          <speed_mph>50.0</speed_mph>
        </extensions>
      </trkpt>
      <trkpt lat="52.2035900" lon="1.4918200">
        <ele>0</ele>
        <time>2026-06-26T08:24:31.902Z</time>
        <name>941</name>
        <extensions>
          <speed_mps>22.352</speed_mps>
          <speed_mph>50.0</speed_mph>
        </extensions>
      </trkpt>
      <trkpt lat="52.2036600" lon="1.4918300">
        <ele>0</ele>
        <time>2026-06-26T08:24:32.251Z</time>
        <name>942</name>
        <extensions>
          <speed_mps>22.352</speed_mps>
          <speed_mph>50.0</speed_mph>
        </extensions>
      </trkpt>
      <trkpt lat="52.2038700" lon="1.4918400">
        <ele>0</ele>
        <time>2026-06-26T08:24:33.297Z</time>
        <name>943</name>
        <extensions>
          <speed_mps>22.352</speed_mps>
          <speed_mph>50.0</speed_mph>
        </extensions>
      </trkpt>
      <trkpt lat="52.2039800" lon="1.4918600">
        <ele>0</ele>
        <time>2026-06-26T08:24:33.847Z</time>
        <name>944</name>
        <extensions>
          <speed_mps>22.352</speed_mps>
          <speed_mph>50.0</speed_mph>
        </extensions>
      </trkpt>
      <trkpt lat="52.2040800" lon="1.4918600">
        <ele>0</ele>
        <time>2026-06-26T08:24:34.345Z</time>
        <name>945</name>
        <extensions>
          <speed_mps>22.352</speed_mps>
          <speed_mph>50.0</speed_mph>
        </extensions>
      </trkpt>
      <trkpt lat="52.2046100" lon="1.4919100">
        <ele>0</ele>
        <time>2026-06-26T08:24:36.986Z</time>
        <name>946</name>
        <extensions>
          <speed_mps>22.352</speed_mps>
          <speed_mph>50.0</speed_mph>
        </extensions>
      </trkpt>
      <trkpt lat="52.2046100" lon="1.4919200">
        <ele>0</ele>
        <time>2026-06-26T08:24:37.016Z</time>
        <name>947</name>
        <extensions>
          <speed_mps>22.352</speed_mps>
          <speed_mph>50.0</speed_mph>
        </extensions>
      </trkpt>
      <trkpt lat="52.2046600" lon="1.4919500">
        <ele>0</ele>
        <time>2026-06-26T08:24:37.281Z</time>
        <name>948</name>
        <extensions>
          <speed_mps>22.352</speed_mps>
          <speed_mph>50.0</speed_mph>
        </extensions>
      </trkpt>
      <trkpt lat="52.2057400" lon="1.4920100">
        <ele>0</ele>
        <time>2026-06-26T08:24:42.657Z</time>
        <name>949</name>
        <extensions>
          <speed_mps>22.352</speed_mps>
          <speed_mph>50.0</speed_mph>
        </extensions>
      </trkpt>
      <trkpt lat="52.2064300" lon="1.4920200">
        <ele>0</ele>
        <time>2026-06-26T08:24:46.090Z</time>
        <name>950</name>
        <extensions>
          <speed_mps>22.352</speed_mps>
          <speed_mph>50.0</speed_mph>
        </extensions>
      </trkpt>
      <trkpt lat="52.2064300" lon="1.4920300">
        <ele>0</ele>
        <time>2026-06-26T08:24:46.120Z</time>
        <name>951</name>
        <extensions>
          <speed_mps>22.352</speed_mps>
          <speed_mph>50.0</speed_mph>
        </extensions>
      </trkpt>
      <trkpt lat="52.2076900" lon="1.4921500">
        <ele>0</ele>
        <time>2026-06-26T08:24:52.399Z</time>
        <name>952</name>
        <extensions>
          <speed_mps>22.352</speed_mps>
          <speed_mph>50.0</speed_mph>
        </extensions>
      </trkpt>
      <trkpt lat="52.2077400" lon="1.4921600">
        <ele>0</ele>
        <time>2026-06-26T08:24:52.649Z</time>
        <name>953</name>
        <extensions>
          <speed_mps>22.352</speed_mps>
          <speed_mph>50.0</speed_mph>
        </extensions>
      </trkpt>
      <trkpt lat="52.2077800" lon="1.4921600">
        <ele>0</ele>
        <time>2026-06-26T08:24:52.848Z</time>
        <name>954</name>
        <extensions>
          <speed_mps>22.352</speed_mps>
          <speed_mph>50.0</speed_mph>
        </extensions>
      </trkpt>
      <trkpt lat="52.2080800" lon="1.4921900">
        <ele>0</ele>
        <time>2026-06-26T08:24:54.344Z</time>
        <name>955</name>
        <extensions>
          <speed_mps>22.352</speed_mps>
          <speed_mph>50.0</speed_mph>
        </extensions>
      </trkpt>
      <trkpt lat="52.2081200" lon="1.4922000">
        <ele>0</ele>
        <time>2026-06-26T08:24:54.545Z</time>
        <name>956</name>
        <extensions>
          <speed_mps>22.352</speed_mps>
          <speed_mph>50.0</speed_mph>
        </extensions>
      </trkpt>
      <trkpt lat="52.2088100" lon="1.4922800">
        <ele>0</ele>
        <time>2026-06-26T08:24:57.986Z</time>
        <name>957</name>
        <extensions>
          <speed_mps>22.352</speed_mps>
          <speed_mph>50.0</speed_mph>
        </extensions>
      </trkpt>
      <trkpt lat="52.2097300" lon="1.4924200">
        <ele>0</ele>
        <time>2026-06-26T08:25:02.583Z</time>
        <name>958</name>
        <extensions>
          <speed_mps>22.352</speed_mps>
          <speed_mph>50.0</speed_mph>
        </extensions>
      </trkpt>
      <trkpt lat="52.2097500" lon="1.4924200">
        <ele>0</ele>
        <time>2026-06-26T08:25:02.682Z</time>
        <name>959</name>
        <extensions>
          <speed_mps>22.352</speed_mps>
          <speed_mph>50.0</speed_mph>
        </extensions>
      </trkpt>
      <trkpt lat="52.2098900" lon="1.4924400">
        <ele>0</ele>
        <time>2026-06-26T08:25:03.381Z</time>
        <name>960</name>
        <extensions>
          <speed_mps>22.352</speed_mps>
          <speed_mph>50.0</speed_mph>
        </extensions>
      </trkpt>
      <trkpt lat="52.2099300" lon="1.4924500">
        <ele>0</ele>
        <time>2026-06-26T08:25:03.583Z</time>
        <name>961</name>
        <extensions>
          <speed_mps>22.352</speed_mps>
          <speed_mph>50.0</speed_mph>
        </extensions>
      </trkpt>
      <trkpt lat="52.2108300" lon="1.4925900">
        <ele>0</ele>
        <time>2026-06-26T08:25:08.080Z</time>
        <name>962</name>
        <extensions>
          <speed_mps>22.352</speed_mps>
          <speed_mph>50.0</speed_mph>
        </extensions>
      </trkpt>
      <trkpt lat="52.2117600" lon="1.4927900">
        <ele>0</ele>
        <time>2026-06-26T08:25:12.747Z</time>
        <name>963</name>
        <extensions>
          <speed_mps>22.352</speed_mps>
          <speed_mph>50.0</speed_mph>
        </extensions>
      </trkpt>
      <trkpt lat="52.2122100" lon="1.4929100">
        <ele>0</ele>
        <time>2026-06-26T08:25:15.015Z</time>
        <name>964</name>
        <extensions>
          <speed_mps>22.352</speed_mps>
          <speed_mph>50.0</speed_mph>
        </extensions>
      </trkpt>
      <trkpt lat="52.2122300" lon="1.4929200">
        <ele>0</ele>
        <time>2026-06-26T08:25:15.119Z</time>
        <name>965</name>
        <extensions>
          <speed_mps>22.352</speed_mps>
          <speed_mph>50.0</speed_mph>
        </extensions>
      </trkpt>
      <trkpt lat="52.2122500" lon="1.4929200">
        <ele>0</ele>
        <time>2026-06-26T08:25:15.219Z</time>
        <name>966</name>
        <extensions>
          <speed_mps>22.352</speed_mps>
          <speed_mph>50.0</speed_mph>
        </extensions>
      </trkpt>
      <trkpt lat="52.2127400" lon="1.4930600">
        <ele>0</ele>
        <time>2026-06-26T08:25:17.693Z</time>
        <name>967</name>
        <extensions>
          <speed_mps>22.352</speed_mps>
          <speed_mph>50.0</speed_mph>
        </extensions>
      </trkpt>
      <trkpt lat="52.2129400" lon="1.4931300">
        <ele>0</ele>
        <time>2026-06-26T08:25:18.711Z</time>
        <name>968</name>
        <extensions>
          <speed_mps>22.352</speed_mps>
          <speed_mph>50.0</speed_mph>
        </extensions>
      </trkpt>
      <trkpt lat="52.2130600" lon="1.4931600">
        <ele>0</ele>
        <time>2026-06-26T08:25:19.315Z</time>
        <name>969</name>
        <extensions>
          <speed_mps>22.352</speed_mps>
          <speed_mph>50.0</speed_mph>
        </extensions>
      </trkpt>
      <trkpt lat="52.2133500" lon="1.4932600">
        <ele>0</ele>
        <time>2026-06-26T08:25:20.789Z</time>
        <name>970</name>
        <extensions>
          <speed_mps>22.352</speed_mps>
          <speed_mph>50.0</speed_mph>
        </extensions>
      </trkpt>
      <trkpt lat="52.2142900" lon="1.4936200">
        <ele>0</ele>
        <time>2026-06-26T08:25:25.592Z</time>
        <name>971</name>
        <extensions>
          <speed_mps>22.352</speed_mps>
          <speed_mph>50.0</speed_mph>
        </extensions>
      </trkpt>
      <trkpt lat="52.2149200" lon="1.4939000">
        <ele>0</ele>
        <time>2026-06-26T08:25:28.840Z</time>
        <name>972</name>
        <extensions>
          <speed_mps>22.352</speed_mps>
          <speed_mph>50.0</speed_mph>
        </extensions>
      </trkpt>
      <trkpt lat="52.2155800" lon="1.4942200">
        <ele>0</ele>
        <time>2026-06-26T08:25:32.265Z</time>
        <name>973</name>
        <extensions>
          <speed_mps>22.352</speed_mps>
          <speed_mph>50.0</speed_mph>
        </extensions>
      </trkpt>
      <trkpt lat="52.2157200" lon="1.4943000">
        <ele>0</ele>
        <time>2026-06-26T08:25:33.003Z</time>
        <name>974</name>
        <extensions>
          <speed_mps>22.352</speed_mps>
          <speed_mph>50.0</speed_mph>
        </extensions>
      </trkpt>
      <trkpt lat="52.2161700" lon="1.4945300">
        <ele>0</ele>
        <time>2026-06-26T08:25:35.349Z</time>
        <name>975</name>
        <extensions>
          <speed_mps>22.352</speed_mps>
          <speed_mph>50.0</speed_mph>
        </extensions>
      </trkpt>
      <trkpt lat="52.2161900" lon="1.4945500">
        <ele>0</ele>
        <time>2026-06-26T08:25:35.466Z</time>
        <name>976</name>
        <extensions>
          <speed_mps>22.352</speed_mps>
          <speed_mph>50.0</speed_mph>
        </extensions>
      </trkpt>
      <trkpt lat="52.2167100" lon="1.4948400">
        <ele>0</ele>
        <time>2026-06-26T08:25:38.199Z</time>
        <name>977</name>
        <extensions>
          <speed_mps>22.352</speed_mps>
          <speed_mph>50.0</speed_mph>
        </extensions>
      </trkpt>
      <trkpt lat="52.2173800" lon="1.4952500">
        <ele>0</ele>
        <time>2026-06-26T08:25:41.759Z</time>
        <name>978</name>
        <extensions>
          <speed_mps>22.352</speed_mps>
          <speed_mph>50.0</speed_mph>
        </extensions>
      </trkpt>
      <trkpt lat="52.2182100" lon="1.4958100">
        <ele>0</ele>
        <time>2026-06-26T08:25:46.227Z</time>
        <name>979</name>
        <extensions>
          <speed_mps>22.352</speed_mps>
          <speed_mph>50.0</speed_mph>
        </extensions>
      </trkpt>
      <trkpt lat="52.2188600" lon="1.4962900">
        <ele>0</ele>
        <time>2026-06-26T08:25:49.775Z</time>
        <name>980</name>
        <extensions>
          <speed_mps>22.352</speed_mps>
          <speed_mph>50.0</speed_mph>
        </extensions>
      </trkpt>
      <trkpt lat="52.2188600" lon="1.4963000">
        <ele>0</ele>
        <time>2026-06-26T08:25:49.806Z</time>
        <name>981</name>
        <extensions>
          <speed_mps>22.352</speed_mps>
          <speed_mph>50.0</speed_mph>
        </extensions>
      </trkpt>
      <trkpt lat="52.2191700" lon="1.4965300">
        <ele>0</ele>
        <time>2026-06-26T08:25:51.500Z</time>
        <name>982</name>
        <extensions>
          <speed_mps>22.352</speed_mps>
          <speed_mph>50.0</speed_mph>
        </extensions>
      </trkpt>
      <trkpt lat="52.2191900" lon="1.4965500">
        <ele>0</ele>
        <time>2026-06-26T08:25:51.616Z</time>
        <name>983</name>
        <extensions>
          <speed_mps>22.352</speed_mps>
          <speed_mph>50.0</speed_mph>
        </extensions>
      </trkpt>
      <trkpt lat="52.2193500" lon="1.4966700">
        <ele>0</ele>
        <time>2026-06-26T08:25:52.492Z</time>
        <name>984</name>
        <extensions>
          <speed_mps>22.352</speed_mps>
          <speed_mph>50.0</speed_mph>
        </extensions>
      </trkpt>
      <trkpt lat="52.2193700" lon="1.4966900">
        <ele>0</ele>
        <time>2026-06-26T08:25:52.609Z</time>
        <name>985</name>
        <extensions>
          <speed_mps>22.352</speed_mps>
          <speed_mph>50.0</speed_mph>
        </extensions>
      </trkpt>
      <trkpt lat="52.2198000" lon="1.4970400">
        <ele>0</ele>
        <time>2026-06-26T08:25:54.999Z</time>
        <name>986</name>
        <extensions>
          <speed_mps>22.352</speed_mps>
          <speed_mph>50.0</speed_mph>
        </extensions>
      </trkpt>
      <trkpt lat="52.2205800" lon="1.4977300">
        <ele>0</ele>
        <time>2026-06-26T08:25:59.412Z</time>
        <name>987</name>
        <extensions>
          <speed_mps>22.352</speed_mps>
          <speed_mph>50.0</speed_mph>
        </extensions>
      </trkpt>
      <trkpt lat="52.2209700" lon="1.4981100">
        <ele>0</ele>
        <time>2026-06-26T08:26:01.672Z</time>
        <name>988</name>
        <extensions>
          <speed_mps>22.352</speed_mps>
          <speed_mph>50.0</speed_mph>
        </extensions>
      </trkpt>
      <trkpt lat="52.2212800" lon="1.4984500">
        <ele>0</ele>
        <time>2026-06-26T08:26:03.529Z</time>
        <name>989</name>
        <extensions>
          <speed_mps>22.352</speed_mps>
          <speed_mph>50.0</speed_mph>
        </extensions>
      </trkpt>
      <trkpt lat="52.2215200" lon="1.4987500">
        <ele>0</ele>
        <time>2026-06-26T08:26:05.033Z</time>
        <name>990</name>
        <extensions>
          <speed_mps>22.352</speed_mps>
          <speed_mph>50.0</speed_mph>
        </extensions>
      </trkpt>
      <trkpt lat="52.2216400" lon="1.4989200">
        <ele>0</ele>
        <time>2026-06-26T08:26:05.823Z</time>
        <name>991</name>
        <extensions>
          <speed_mps>22.352</speed_mps>
          <speed_mph>50.0</speed_mph>
        </extensions>
      </trkpt>
      <trkpt lat="52.2219400" lon="1.4994000">
        <ele>0</ele>
        <time>2026-06-26T08:26:07.913Z</time>
        <name>992</name>
        <extensions>
          <speed_mps>22.352</speed_mps>
          <speed_mph>50.0</speed_mph>
        </extensions>
      </trkpt>
      <trkpt lat="52.2221600" lon="1.4998100">
        <ele>0</ele>
        <time>2026-06-26T08:26:09.573Z</time>
        <name>993</name>
        <extensions>
          <speed_mps>22.352</speed_mps>
          <speed_mph>50.0</speed_mph>
        </extensions>
      </trkpt>
      <trkpt lat="52.2231300" lon="1.5017900">
        <ele>0</ele>
        <time>2026-06-26T08:26:17.298Z</time>
        <name>994</name>
        <extensions>
          <speed_mps>22.352</speed_mps>
          <speed_mph>50.0</speed_mph>
        </extensions>
      </trkpt>
      <trkpt lat="52.2231700" lon="1.5018500">
        <ele>0</ele>
        <time>2026-06-26T08:26:17.568Z</time>
        <name>995</name>
        <extensions>
          <speed_mps>22.352</speed_mps>
          <speed_mph>50.0</speed_mph>
        </extensions>
      </trkpt>
      <trkpt lat="52.2232900" lon="1.5020700">
        <ele>0</ele>
        <time>2026-06-26T08:26:18.466Z</time>
        <name>996</name>
        <extensions>
          <speed_mps>22.352</speed_mps>
          <speed_mph>50.0</speed_mph>
        </extensions>
      </trkpt>
      <trkpt lat="52.2235500" lon="1.5024800">
        <ele>0</ele>
        <time>2026-06-26T08:26:20.264Z</time>
        <name>997</name>
        <extensions>
          <speed_mps>22.352</speed_mps>
          <speed_mph>50.0</speed_mph>
        </extensions>
      </trkpt>
      <trkpt lat="52.2237000" lon="1.5026900">
        <ele>0</ele>
        <time>2026-06-26T08:26:21.247Z</time>
        <name>998</name>
        <extensions>
          <speed_mps>22.352</speed_mps>
          <speed_mph>50.0</speed_mph>
        </extensions>
      </trkpt>
      <trkpt lat="52.2240500" lon="1.5031100">
        <ele>0</ele>
        <time>2026-06-26T08:26:23.407Z</time>
        <name>999</name>
        <extensions>
          <speed_mps>22.352</speed_mps>
          <speed_mph>50.0</speed_mph>
        </extensions>
      </trkpt>
      <trkpt lat="52.2241800" lon="1.5032400">
        <ele>0</ele>
        <time>2026-06-26T08:26:24.166Z</time>
        <name>1000</name>
        <extensions>
          <speed_mps>22.352</speed_mps>
          <speed_mph>50.0</speed_mph>
        </extensions>
      </trkpt>
      <trkpt lat="52.2245500" lon="1.5035700">
        <ele>0</ele>
        <time>2026-06-26T08:26:26.263Z</time>
        <name>1001</name>
        <extensions>
          <speed_mps>22.352</speed_mps>
          <speed_mph>50.0</speed_mph>
        </extensions>
      </trkpt>
      <trkpt lat="52.2248400" lon="1.5037800">
        <ele>0</ele>
        <time>2026-06-26T08:26:27.841Z</time>
        <name>1002</name>
        <extensions>
          <speed_mps>22.352</speed_mps>
          <speed_mph>50.0</speed_mph>
        </extensions>
      </trkpt>
      <trkpt lat="52.2252100" lon="1.5039800">
        <ele>0</ele>
        <time>2026-06-26T08:26:29.780Z</time>
        <name>1003</name>
        <extensions>
          <speed_mps>22.352</speed_mps>
          <speed_mph>50.0</speed_mph>
        </extensions>
      </trkpt>
      <trkpt lat="52.2257100" lon="1.5042100">
        <ele>0</ele>
        <time>2026-06-26T08:26:32.364Z</time>
        <name>1004</name>
        <extensions>
          <speed_mps>22.352</speed_mps>
          <speed_mph>50.0</speed_mph>
        </extensions>
      </trkpt>
      <trkpt lat="52.2262700" lon="1.5044200">
        <ele>0</ele>
        <time>2026-06-26T08:26:35.223Z</time>
        <name>1005</name>
        <extensions>
          <speed_mps>22.352</speed_mps>
          <speed_mph>50.0</speed_mph>
        </extensions>
      </trkpt>
      <trkpt lat="52.2276700" lon="1.5049000">
        <ele>0</ele>
        <time>2026-06-26T08:26:42.339Z</time>
        <name>1006</name>
        <extensions>
          <speed_mps>22.352</speed_mps>
          <speed_mph>50.0</speed_mph>
        </extensions>
      </trkpt>
      <trkpt lat="52.2276800" lon="1.5049100">
        <ele>0</ele>
        <time>2026-06-26T08:26:42.397Z</time>
        <name>1007</name>
        <extensions>
          <speed_mps>22.352</speed_mps>
          <speed_mph>50.0</speed_mph>
        </extensions>
      </trkpt>
      <trkpt lat="52.2286200" lon="1.5052400">
        <ele>0</ele>
        <time>2026-06-26T08:26:47.180Z</time>
        <name>1008</name>
        <extensions>
          <speed_mps>22.352</speed_mps>
          <speed_mph>50.0</speed_mph>
        </extensions>
      </trkpt>
      <trkpt lat="52.2290300" lon="1.5054300">
        <ele>0</ele>
        <time>2026-06-26T08:26:49.301Z</time>
        <name>1009</name>
        <extensions>
          <speed_mps>22.352</speed_mps>
          <speed_mph>50.0</speed_mph>
        </extensions>
      </trkpt>
      <trkpt lat="52.2295900" lon="1.5057300">
        <ele>0</ele>
        <time>2026-06-26T08:26:52.232Z</time>
        <name>1010</name>
        <extensions>
          <speed_mps>22.352</speed_mps>
          <speed_mph>50.0</speed_mph>
        </extensions>
      </trkpt>
      <trkpt lat="52.2296100" lon="1.5057500">
        <ele>0</ele>
        <time>2026-06-26T08:26:52.349Z</time>
        <name>1011</name>
        <extensions>
          <speed_mps>22.352</speed_mps>
          <speed_mph>50.0</speed_mph>
        </extensions>
      </trkpt>
      <trkpt lat="52.2313900" lon="1.5067600">
        <ele>0</ele>
        <time>2026-06-26T08:27:01.723Z</time>
        <name>1012</name>
        <extensions>
          <speed_mps>22.352</speed_mps>
          <speed_mph>50.0</speed_mph>
        </extensions>
      </trkpt>
      <trkpt lat="52.2315100" lon="1.5068200">
        <ele>0</ele>
        <time>2026-06-26T08:27:02.348Z</time>
        <name>1013</name>
        <extensions>
          <speed_mps>22.352</speed_mps>
          <speed_mph>50.0</speed_mph>
        </extensions>
      </trkpt>
      <trkpt lat="52.2320100" lon="1.5071000">
        <ele>0</ele>
        <time>2026-06-26T08:27:04.977Z</time>
        <name>1014</name>
        <extensions>
          <speed_mps>22.352</speed_mps>
          <speed_mph>50.0</speed_mph>
        </extensions>
      </trkpt>
      <trkpt lat="52.2321300" lon="1.5071800">
        <ele>0</ele>
        <time>2026-06-26T08:27:05.622Z</time>
        <name>1015</name>
        <extensions>
          <speed_mps>22.352</speed_mps>
          <speed_mph>50.0</speed_mph>
        </extensions>
      </trkpt>
      <trkpt lat="52.2324200" lon="1.5073500">
        <ele>0</ele>
        <time>2026-06-26T08:27:07.155Z</time>
        <name>1016</name>
        <extensions>
          <speed_mps>22.352</speed_mps>
          <speed_mph>50.0</speed_mph>
        </extensions>
      </trkpt>
      <trkpt lat="52.2329300" lon="1.5077000">
        <ele>0</ele>
        <time>2026-06-26T08:27:09.907Z</time>
        <name>1017</name>
        <extensions>
          <speed_mps>22.352</speed_mps>
          <speed_mph>50.0</speed_mph>
        </extensions>
      </trkpt>
      <trkpt lat="52.2331400" lon="1.5078800">
        <ele>0</ele>
        <time>2026-06-26T08:27:11.086Z</time>
        <name>1018</name>
        <extensions>
          <speed_mps>22.352</speed_mps>
          <speed_mph>50.0</speed_mph>
        </extensions>
      </trkpt>
      <trkpt lat="52.2332300" lon="1.5079400">
        <ele>0</ele>
        <time>2026-06-26T08:27:11.570Z</time>
        <name>1019</name>
        <extensions>
          <speed_mps>22.352</speed_mps>
          <speed_mph>50.0</speed_mph>
        </extensions>
      </trkpt>
      <trkpt lat="52.2335900" lon="1.5082300">
        <ele>0</ele>
        <time>2026-06-26T08:27:13.567Z</time>
        <name>1020</name>
        <extensions>
          <speed_mps>22.352</speed_mps>
          <speed_mph>50.0</speed_mph>
        </extensions>
      </trkpt>
      <trkpt lat="52.2337400" lon="1.5083400">
        <ele>0</ele>
        <time>2026-06-26T08:27:14.385Z</time>
        <name>1021</name>
        <extensions>
          <speed_mps>22.352</speed_mps>
          <speed_mph>50.0</speed_mph>
        </extensions>
      </trkpt>
      <trkpt lat="52.2338800" lon="1.5084700">
        <ele>0</ele>
        <time>2026-06-26T08:27:15.186Z</time>
        <name>1022</name>
        <extensions>
          <speed_mps>22.352</speed_mps>
          <speed_mph>50.0</speed_mph>
        </extensions>
      </trkpt>
      <trkpt lat="52.2347500" lon="1.5091400">
        <ele>0</ele>
        <time>2026-06-26T08:27:19.971Z</time>
        <name>1023</name>
        <extensions>
          <speed_mps>22.352</speed_mps>
          <speed_mph>50.0</speed_mph>
        </extensions>
      </trkpt>
      <trkpt lat="52.2351500" lon="1.5094300">
        <ele>0</ele>
        <time>2026-06-26T08:27:22.148Z</time>
        <name>1024</name>
        <extensions>
          <speed_mps>22.352</speed_mps>
          <speed_mph>50.0</speed_mph>
        </extensions>
      </trkpt>
      <trkpt lat="52.2354700" lon="1.5096800">
        <ele>0</ele>
        <time>2026-06-26T08:27:23.913Z</time>
        <name>1025</name>
        <extensions>
          <speed_mps>22.352</speed_mps>
          <speed_mph>50.0</speed_mph>
        </extensions>
      </trkpt>
      <trkpt lat="52.2359300" lon="1.5100100">
        <ele>0</ele>
        <time>2026-06-26T08:27:26.412Z</time>
        <name>1026</name>
        <extensions>
          <speed_mps>22.352</speed_mps>
          <speed_mph>50.0</speed_mph>
        </extensions>
      </trkpt>
      <trkpt lat="52.2364500" lon="1.5104200">
        <ele>0</ele>
        <time>2026-06-26T08:27:29.284Z</time>
        <name>1027</name>
        <extensions>
          <speed_mps>22.352</speed_mps>
          <speed_mph>50.0</speed_mph>
        </extensions>
      </trkpt>
      <trkpt lat="52.2366100" lon="1.5105600">
        <ele>0</ele>
        <time>2026-06-26T08:27:30.187Z</time>
        <name>1028</name>
        <extensions>
          <speed_mps>22.352</speed_mps>
          <speed_mph>50.0</speed_mph>
        </extensions>
      </trkpt>
      <trkpt lat="52.2366700" lon="1.5106000">
        <ele>0</ele>
        <time>2026-06-26T08:27:30.510Z</time>
        <name>1029</name>
        <extensions>
          <speed_mps>22.352</speed_mps>
          <speed_mph>50.0</speed_mph>
        </extensions>
      </trkpt>
      <trkpt lat="52.2369600" lon="1.5108600">
        <ele>0</ele>
        <time>2026-06-26T08:27:32.155Z</time>
        <name>1030</name>
        <extensions>
          <speed_mps>22.352</speed_mps>
          <speed_mph>50.0</speed_mph>
        </extensions>
      </trkpt>
      <trkpt lat="52.2370600" lon="1.5109400">
        <ele>0</ele>
        <time>2026-06-26T08:27:32.709Z</time>
        <name>1031</name>
        <extensions>
          <speed_mps>22.352</speed_mps>
          <speed_mph>50.0</speed_mph>
        </extensions>
      </trkpt>
      <trkpt lat="52.2370900" lon="1.5109700">
        <ele>0</ele>
        <time>2026-06-26T08:27:32.884Z</time>
        <name>1032</name>
        <extensions>
          <speed_mps>22.352</speed_mps>
          <speed_mph>50.0</speed_mph>
        </extensions>
      </trkpt>
      <trkpt lat="52.2371200" lon="1.5109900">
        <ele>0</ele>
        <time>2026-06-26T08:27:33.046Z</time>
        <name>1033</name>
        <extensions>
          <speed_mps>22.352</speed_mps>
          <speed_mph>50.0</speed_mph>
        </extensions>
      </trkpt>
      <trkpt lat="52.2375400" lon="1.5113900">
        <ele>0</ele>
        <time>2026-06-26T08:27:35.464Z</time>
        <name>1034</name>
        <extensions>
          <speed_mps>22.352</speed_mps>
          <speed_mph>50.0</speed_mph>
        </extensions>
      </trkpt>
      <trkpt lat="52.2378800" lon="1.5117600">
        <ele>0</ele>
        <time>2026-06-26T08:27:37.497Z</time>
        <name>1035</name>
        <extensions>
          <speed_mps>22.352</speed_mps>
          <speed_mph>50.0</speed_mph>
        </extensions>
      </trkpt>
      <trkpt lat="52.2384300" lon="1.5124500">
        <ele>0</ele>
        <time>2026-06-26T08:27:40.946Z</time>
        <name>1036</name>
        <extensions>
          <speed_mps>22.352</speed_mps>
          <speed_mph>50.0</speed_mph>
        </extensions>
      </trkpt>
      <trkpt lat="52.2384400" lon="1.5124700">
        <ele>0</ele>
        <time>2026-06-26T08:27:41.025Z</time>
        <name>1037</name>
        <extensions>
          <speed_mps>22.352</speed_mps>
          <speed_mph>50.0</speed_mph>
        </extensions>
      </trkpt>
      <trkpt lat="52.2386200" lon="1.5127100">
        <ele>0</ele>
        <time>2026-06-26T08:27:42.181Z</time>
        <name>1038</name>
        <extensions>
          <speed_mps>22.352</speed_mps>
          <speed_mph>50.0</speed_mph>
        </extensions>
      </trkpt>
      <trkpt lat="52.2387400" lon="1.5129000">
        <ele>0</ele>
        <time>2026-06-26T08:27:43.012Z</time>
        <name>1039</name>
        <extensions>
          <speed_mps>22.352</speed_mps>
          <speed_mph>50.0</speed_mph>
        </extensions>
      </trkpt>
      <trkpt lat="52.2388900" lon="1.5131800">
        <ele>0</ele>
        <time>2026-06-26T08:27:44.145Z</time>
        <name>1040</name>
        <extensions>
          <speed_mps>22.352</speed_mps>
          <speed_mph>50.0</speed_mph>
        </extensions>
      </trkpt>
      <trkpt lat="52.2390000" lon="1.5134100">
        <ele>0</ele>
        <time>2026-06-26T08:27:45.034Z</time>
        <name>1041</name>
        <extensions>
          <speed_mps>22.352</speed_mps>
          <speed_mph>50.0</speed_mph>
        </extensions>
      </trkpt>
      <trkpt lat="52.2390400" lon="1.5135200">
        <ele>0</ele>
        <time>2026-06-26T08:27:45.424Z</time>
        <name>1042</name>
        <extensions>
          <speed_mps>22.352</speed_mps>
          <speed_mph>50.0</speed_mph>
        </extensions>
      </trkpt>
      <trkpt lat="52.2392600" lon="1.5140400">
        <ele>0</ele>
        <time>2026-06-26T08:27:47.349Z</time>
        <name>1043</name>
        <extensions>
          <speed_mps>22.352</speed_mps>
          <speed_mph>50.0</speed_mph>
        </extensions>
      </trkpt>
      <trkpt lat="52.2393600" lon="1.5143200">
        <ele>0</ele>
        <time>2026-06-26T08:27:48.336Z</time>
        <name>1044</name>
        <extensions>
          <speed_mps>22.352</speed_mps>
          <speed_mph>50.0</speed_mph>
        </extensions>
      </trkpt>
      <trkpt lat="52.2395500" lon="1.5147500">
        <ele>0</ele>
        <time>2026-06-26T08:27:49.951Z</time>
        <name>1045</name>
        <extensions>
          <speed_mps>22.352</speed_mps>
          <speed_mph>50.0</speed_mph>
        </extensions>
      </trkpt>
      <trkpt lat="52.2397200" lon="1.5150700">
        <ele>0</ele>
        <time>2026-06-26T08:27:51.241Z</time>
        <name>1046</name>
        <extensions>
          <speed_mps>22.352</speed_mps>
          <speed_mph>50.0</speed_mph>
        </extensions>
      </trkpt>
      <trkpt lat="52.2397800" lon="1.5151500">
        <ele>0</ele>
        <time>2026-06-26T08:27:51.627Z</time>
        <name>1047</name>
        <extensions>
          <speed_mps>22.352</speed_mps>
          <speed_mph>50.0</speed_mph>
        </extensions>
      </trkpt>
      <trkpt lat="52.2399100" lon="1.5153500">
        <ele>0</ele>
        <time>2026-06-26T08:27:52.515Z</time>
        <name>1048</name>
        <extensions>
          <speed_mps>22.352</speed_mps>
          <speed_mph>50.0</speed_mph>
        </extensions>
      </trkpt>
      <trkpt lat="52.2400100" lon="1.5154700">
        <ele>0</ele>
        <time>2026-06-26T08:27:53.132Z</time>
        <name>1049</name>
        <extensions>
          <speed_mps>22.352</speed_mps>
          <speed_mph>50.0</speed_mph>
        </extensions>
      </trkpt>
      <trkpt lat="52.2400300" lon="1.5155000">
        <ele>0</ele>
        <time>2026-06-26T08:27:53.267Z</time>
        <name>1050</name>
        <extensions>
          <speed_mps>22.352</speed_mps>
          <speed_mph>50.0</speed_mph>
        </extensions>
      </trkpt>
      <trkpt lat="52.2409000" lon="1.5165400">
        <ele>0</ele>
        <time>2026-06-26T08:27:58.630Z</time>
        <name>1051</name>
        <extensions>
          <speed_mps>22.352</speed_mps>
          <speed_mph>50.0</speed_mph>
        </extensions>
      </trkpt>
      <trkpt lat="52.2409600" lon="1.5166200">
        <ele>0</ele>
        <time>2026-06-26T08:27:59.016Z</time>
        <name>1052</name>
        <extensions>
          <speed_mps>22.352</speed_mps>
          <speed_mph>50.0</speed_mph>
        </extensions>
      </trkpt>
      <trkpt lat="52.2409800" lon="1.5166300">
        <ele>0</ele>
        <time>2026-06-26T08:27:59.120Z</time>
        <name>1053</name>
        <extensions>
          <speed_mps>22.352</speed_mps>
          <speed_mph>50.0</speed_mph>
        </extensions>
      </trkpt>
      <trkpt lat="52.2411600" lon="1.5168600">
        <ele>0</ele>
        <time>2026-06-26T08:28:00.256Z</time>
        <name>1054</name>
        <extensions>
          <speed_mps>22.352</speed_mps>
          <speed_mph>50.0</speed_mph>
        </extensions>
      </trkpt>
      <trkpt lat="52.2411900" lon="1.5168900">
        <ele>0</ele>
        <time>2026-06-26T08:28:00.431Z</time>
        <name>1055</name>
        <extensions>
          <speed_mps>22.352</speed_mps>
          <speed_mph>50.0</speed_mph>
        </extensions>
      </trkpt>
      <trkpt lat="52.2429100" lon="1.5189500">
        <ele>0</ele>
        <time>2026-06-26T08:28:11.041Z</time>
        <name>1056</name>
        <extensions>
          <speed_mps>22.352</speed_mps>
          <speed_mph>50.0</speed_mph>
        </extensions>
      </trkpt>
      <trkpt lat="52.2429900" lon="1.5190300">
        <ele>0</ele>
        <time>2026-06-26T08:28:11.508Z</time>
        <name>1057</name>
        <extensions>
          <speed_mps>22.352</speed_mps>
          <speed_mph>50.0</speed_mph>
        </extensions>
      </trkpt>
      <trkpt lat="52.2433100" lon="1.5193900">
        <ele>0</ele>
        <time>2026-06-26T08:28:13.440Z</time>
        <name>1058</name>
        <extensions>
          <speed_mps>22.352</speed_mps>
          <speed_mph>50.0</speed_mph>
        </extensions>
      </trkpt>
      <trkpt lat="52.2439100" lon="1.5200100">
        <ele>0</ele>
        <time>2026-06-26T08:28:16.972Z</time>
        <name>1059</name>
        <extensions>
          <speed_mps>22.352</speed_mps>
          <speed_mph>50.0</speed_mph>
        </extensions>
      </trkpt>
      <trkpt lat="52.2443200" lon="1.5203500">
        <ele>0</ele>
        <time>2026-06-26T08:28:19.260Z</time>
        <name>1060</name>
        <extensions>
          <speed_mps>22.352</speed_mps>
          <speed_mph>50.0</speed_mph>
        </extensions>
      </trkpt>
      <trkpt lat="52.2444100" lon="1.5204400">
        <ele>0</ele>
        <time>2026-06-26T08:28:19.785Z</time>
        <name>1061</name>
        <extensions>
          <speed_mps>22.352</speed_mps>
          <speed_mph>50.0</speed_mph>
        </extensions>
      </trkpt>
      <trkpt lat="52.2444800" lon="1.5204900">
        <ele>0</ele>
        <time>2026-06-26T08:28:20.165Z</time>
        <name>1062</name>
        <extensions>
          <speed_mps>22.352</speed_mps>
          <speed_mph>50.0</speed_mph>
        </extensions>
      </trkpt>
      <trkpt lat="52.2445300" lon="1.5205500">
        <ele>0</ele>
        <time>2026-06-26T08:28:20.473Z</time>
        <name>1063</name>
        <extensions>
          <speed_mps>22.352</speed_mps>
          <speed_mph>50.0</speed_mph>
        </extensions>
      </trkpt>
      <trkpt lat="52.2445800" lon="1.5205900">
        <ele>0</ele>
        <time>2026-06-26T08:28:20.750Z</time>
        <name>1064</name>
        <extensions>
          <speed_mps>22.352</speed_mps>
          <speed_mph>50.0</speed_mph>
        </extensions>
      </trkpt>
      <trkpt lat="52.2446800" lon="1.5206900">
        <ele>0</ele>
        <time>2026-06-26T08:28:21.333Z</time>
        <name>1065</name>
        <extensions>
          <speed_mps>22.352</speed_mps>
          <speed_mph>50.0</speed_mph>
        </extensions>
      </trkpt>
      <trkpt lat="52.2447800" lon="1.5208100">
        <ele>0</ele>
        <time>2026-06-26T08:28:21.951Z</time>
        <name>1066</name>
        <extensions>
          <speed_mps>22.352</speed_mps>
          <speed_mph>50.0</speed_mph>
        </extensions>
      </trkpt>
      <trkpt lat="52.2448600" lon="1.5208900">
        <ele>0</ele>
        <time>2026-06-26T08:28:22.417Z</time>
        <name>1067</name>
        <extensions>
          <speed_mps>22.352</speed_mps>
          <speed_mph>50.0</speed_mph>
        </extensions>
      </trkpt>
      <trkpt lat="52.2451000" lon="1.5211700">
        <ele>0</ele>
        <time>2026-06-26T08:28:23.884Z</time>
        <name>1068</name>
        <extensions>
          <speed_mps>22.352</speed_mps>
          <speed_mph>50.0</speed_mph>
        </extensions>
      </trkpt>
      <trkpt lat="52.2452900" lon="1.5214100">
        <ele>0</ele>
        <time>2026-06-26T08:28:25.079Z</time>
        <name>1069</name>
        <extensions>
          <speed_mps>22.352</speed_mps>
          <speed_mph>50.0</speed_mph>
        </extensions>
      </trkpt>
      <trkpt lat="52.2455200" lon="1.5216600">
        <ele>0</ele>
        <time>2026-06-26T08:28:26.453Z</time>
        <name>1070</name>
        <extensions>
          <speed_mps>22.352</speed_mps>
          <speed_mph>50.0</speed_mph>
        </extensions>
      </trkpt>
      <trkpt lat="52.2455900" lon="1.5217200">
        <ele>0</ele>
        <time>2026-06-26T08:28:26.847Z</time>
        <name>1071</name>
        <extensions>
          <speed_mps>22.352</speed_mps>
          <speed_mph>50.0</speed_mph>
        </extensions>
      </trkpt>
      <trkpt lat="52.2456100" lon="1.5217300">
        <ele>0</ele>
        <time>2026-06-26T08:28:26.951Z</time>
        <name>1072</name>
        <extensions>
          <speed_mps>22.352</speed_mps>
          <speed_mph>50.0</speed_mph>
        </extensions>
      </trkpt>
      <trkpt lat="52.2456700" lon="1.5217900">
        <ele>0</ele>
        <time>2026-06-26T08:28:27.301Z</time>
        <name>1073</name>
        <extensions>
          <speed_mps>22.352</speed_mps>
          <speed_mph>50.0</speed_mph>
        </extensions>
      </trkpt>
      <trkpt lat="52.2458000" lon="1.5218800">
        <ele>0</ele>
        <time>2026-06-26T08:28:28.003Z</time>
        <name>1074</name>
        <extensions>
          <speed_mps>22.352</speed_mps>
          <speed_mph>50.0</speed_mph>
        </extensions>
      </trkpt>
      <trkpt lat="52.2458300" lon="1.5218900">
        <ele>0</ele>
        <time>2026-06-26T08:28:28.155Z</time>
        <name>1075</name>
        <extensions>
          <speed_mps>22.352</speed_mps>
          <speed_mph>50.0</speed_mph>
        </extensions>
      </trkpt>
      <trkpt lat="52.2460800" lon="1.5220200">
        <ele>0</ele>
        <time>2026-06-26T08:28:29.461Z</time>
        <name>1076</name>
        <extensions>
          <speed_mps>22.352</speed_mps>
          <speed_mph>50.0</speed_mph>
        </extensions>
      </trkpt>
      <trkpt lat="52.2461800" lon="1.5220800">
        <ele>0</ele>
        <time>2026-06-26T08:28:29.990Z</time>
        <name>1077</name>
        <extensions>
          <speed_mps>22.352</speed_mps>
          <speed_mph>50.0</speed_mph>
        </extensions>
      </trkpt>
      <trkpt lat="52.2464700" lon="1.5222300">
        <ele>0</ele>
        <time>2026-06-26T08:28:31.504Z</time>
        <name>1078</name>
        <extensions>
          <speed_mps>22.352</speed_mps>
          <speed_mph>50.0</speed_mph>
        </extensions>
      </trkpt>
      <trkpt lat="52.2466200" lon="1.5223200">
        <ele>0</ele>
        <time>2026-06-26T08:28:32.299Z</time>
        <name>1079</name>
        <extensions>
          <speed_mps>22.352</speed_mps>
          <speed_mph>50.0</speed_mph>
        </extensions>
      </trkpt>
      <trkpt lat="52.2470500" lon="1.5226200">
        <ele>0</ele>
        <time>2026-06-26T08:28:34.625Z</time>
        <name>1080</name>
        <extensions>
          <speed_mps>22.352</speed_mps>
          <speed_mph>50.0</speed_mph>
        </extensions>
      </trkpt>
      <trkpt lat="52.2475100" lon="1.5229200">
        <ele>0</ele>
        <time>2026-06-26T08:28:37.089Z</time>
        <name>1081</name>
        <extensions>
          <speed_mps>22.352</speed_mps>
          <speed_mph>50.0</speed_mph>
        </extensions>
      </trkpt>
      <trkpt lat="52.2478500" lon="1.5231800">
        <ele>0</ele>
        <time>2026-06-26T08:28:38.956Z</time>
        <name>1082</name>
        <extensions>
          <speed_mps>22.352</speed_mps>
          <speed_mph>50.0</speed_mph>
        </extensions>
      </trkpt>
      <trkpt lat="52.2479500" lon="1.5232800">
        <ele>0</ele>
        <time>2026-06-26T08:28:39.539Z</time>
        <name>1083</name>
        <extensions>
          <speed_mps>22.352</speed_mps>
          <speed_mph>50.0</speed_mph>
        </extensions>
      </trkpt>
      <trkpt lat="52.2479900" lon="1.5233300">
        <ele>0</ele>
        <time>2026-06-26T08:28:39.790Z</time>
        <name>1084</name>
        <extensions>
          <speed_mps>22.352</speed_mps>
          <speed_mph>50.0</speed_mph>
        </extensions>
      </trkpt>
      <trkpt lat="52.2480300" lon="1.5233700">
        <ele>0</ele>
        <time>2026-06-26T08:28:40.023Z</time>
        <name>1085</name>
        <extensions>
          <speed_mps>22.352</speed_mps>
          <speed_mph>50.0</speed_mph>
        </extensions>
      </trkpt>
      <trkpt lat="52.2480600" lon="1.5234200">
        <ele>0</ele>
        <time>2026-06-26T08:28:40.236Z</time>
        <name>1086</name>
        <extensions>
          <speed_mps>22.352</speed_mps>
          <speed_mph>50.0</speed_mph>
        </extensions>
      </trkpt>
      <trkpt lat="52.2481500" lon="1.5235300">
        <ele>0</ele>
        <time>2026-06-26T08:28:40.795Z</time>
        <name>1087</name>
        <extensions>
          <speed_mps>22.352</speed_mps>
          <speed_mph>50.0</speed_mph>
        </extensions>
      </trkpt>
      <trkpt lat="52.2484700" lon="1.5239900">
        <ele>0</ele>
        <time>2026-06-26T08:28:42.916Z</time>
        <name>1088</name>
        <extensions>
          <speed_mps>22.352</speed_mps>
          <speed_mph>50.0</speed_mph>
        </extensions>
      </trkpt>
      <trkpt lat="52.2488900" lon="1.5245400">
        <ele>0</ele>
        <time>2026-06-26T08:28:45.593Z</time>
        <name>1089</name>
        <extensions>
          <speed_mps>22.352</speed_mps>
          <speed_mph>50.0</speed_mph>
        </extensions>
      </trkpt>
      <trkpt lat="52.2493200" lon="1.5250500">
        <ele>0</ele>
        <time>2026-06-26T08:28:48.237Z</time>
        <name>1090</name>
        <extensions>
          <speed_mps>22.352</speed_mps>
          <speed_mph>50.0</speed_mph>
        </extensions>
      </trkpt>
      <trkpt lat="52.2494600" lon="1.5252000">
        <ele>0</ele>
        <time>2026-06-26T08:28:49.070Z</time>
        <name>1091</name>
        <extensions>
          <speed_mps>22.352</speed_mps>
          <speed_mph>50.0</speed_mph>
        </extensions>
      </trkpt>
      <trkpt lat="52.2495000" lon="1.5252500">
        <ele>0</ele>
        <time>2026-06-26T08:28:49.320Z</time>
        <name>1092</name>
        <extensions>
          <speed_mps>22.352</speed_mps>
          <speed_mph>50.0</speed_mph>
        </extensions>
      </trkpt>
      <trkpt lat="52.2495200" lon="1.5252700">
        <ele>0</ele>
        <time>2026-06-26T08:28:49.437Z</time>
        <name>1093</name>
        <extensions>
          <speed_mps>22.352</speed_mps>
          <speed_mph>50.0</speed_mph>
        </extensions>
      </trkpt>
      <trkpt lat="52.2495600" lon="1.5253300">
        <ele>0</ele>
        <time>2026-06-26T08:28:49.707Z</time>
        <name>1094</name>
        <extensions>
          <speed_mps>22.352</speed_mps>
          <speed_mph>50.0</speed_mph>
        </extensions>
      </trkpt>
      <trkpt lat="52.2495700" lon="1.5253600">
        <ele>0</ele>
        <time>2026-06-26T08:28:49.811Z</time>
        <name>1095</name>
        <extensions>
          <speed_mps>22.352</speed_mps>
          <speed_mph>50.0</speed_mph>
        </extensions>
      </trkpt>
      <trkpt lat="52.2495900" lon="1.5253900">
        <ele>0</ele>
        <time>2026-06-26T08:28:49.946Z</time>
        <name>1096</name>
        <extensions>
          <speed_mps>22.352</speed_mps>
          <speed_mph>50.0</speed_mph>
        </extensions>
      </trkpt>
      <trkpt lat="52.2496500" lon="1.5255500">
        <ele>0</ele>
        <time>2026-06-26T08:28:50.517Z</time>
        <name>1097</name>
        <extensions>
          <speed_mps>22.352</speed_mps>
          <speed_mph>50.0</speed_mph>
        </extensions>
      </trkpt>
      <trkpt lat="52.2496800" lon="1.5256800">
        <ele>0</ele>
        <time>2026-06-26T08:28:50.940Z</time>
        <name>1098</name>
        <extensions>
          <speed_mps>22.352</speed_mps>
          <speed_mph>50.0</speed_mph>
        </extensions>
      </trkpt>
      <trkpt lat="52.2497000" lon="1.5258200">
        <ele>0</ele>
        <time>2026-06-26T08:28:51.378Z</time>
        <name>1099</name>
        <extensions>
          <speed_mps>22.352</speed_mps>
          <speed_mph>50.0</speed_mph>
        </extensions>
      </trkpt>
      <trkpt lat="52.2497000" lon="1.5261800">
        <ele>0</ele>
        <time>2026-06-26T08:28:52.474Z</time>
        <name>1100</name>
        <extensions>
          <speed_mps>22.352</speed_mps>
          <speed_mph>50.0</speed_mph>
        </extensions>
      </trkpt>
      <trkpt lat="52.2496500" lon="1.5269900">
        <ele>0</ele>
        <time>2026-06-26T08:28:54.953Z</time>
        <name>1101</name>
        <extensions>
          <speed_mps>22.352</speed_mps>
          <speed_mph>50.0</speed_mph>
        </extensions>
      </trkpt>
      <trkpt lat="52.2496400" lon="1.5270300">
        <ele>0</ele>
        <time>2026-06-26T08:28:55.084Z</time>
        <name>1102</name>
        <extensions>
          <speed_mps>22.352</speed_mps>
          <speed_mph>50.0</speed_mph>
        </extensions>
      </trkpt>
      <trkpt lat="52.2496300" lon="1.5271800">
        <ele>0</ele>
        <time>2026-06-26T08:28:55.544Z</time>
        <name>1103</name>
        <extensions>
          <speed_mps>22.352</speed_mps>
          <speed_mph>50.0</speed_mph>
        </extensions>
      </trkpt>
      <trkpt lat="52.2496100" lon="1.5272600">
        <ele>0</ele>
        <time>2026-06-26T08:28:55.807Z</time>
        <name>1104</name>
        <extensions>
          <speed_mps>22.352</speed_mps>
          <speed_mph>50.0</speed_mph>
        </extensions>
      </trkpt>
      <trkpt lat="52.2495900" lon="1.5274300">
        <ele>0</ele>
        <time>2026-06-26T08:28:56.334Z</time>
        <name>1105</name>
        <extensions>
          <speed_mps>22.352</speed_mps>
          <speed_mph>50.0</speed_mph>
        </extensions>
      </trkpt>
      <trkpt lat="52.2494200" lon="1.5281300">
        <ele>0</ele>
        <time>2026-06-26T08:28:58.627Z</time>
        <name>1106</name>
        <extensions>
          <speed_mps>22.352</speed_mps>
          <speed_mph>50.0</speed_mph>
        </extensions>
      </trkpt>
      <trkpt lat="52.2494000" lon="1.5282700">
        <ele>0</ele>
        <time>2026-06-26T08:28:59.064Z</time>
        <name>1107</name>
        <extensions>
          <speed_mps>22.352</speed_mps>
          <speed_mph>50.0</speed_mph>
        </extensions>
      </trkpt>
      <trkpt lat="52.2493900" lon="1.5282800">
        <ele>0</ele>
        <time>2026-06-26T08:28:59.123Z</time>
        <name>1108</name>
        <extensions>
          <speed_mps>22.352</speed_mps>
          <speed_mph>50.0</speed_mph>
        </extensions>
      </trkpt>
      <trkpt lat="52.2493900" lon="1.5283500">
        <ele>0</ele>
        <time>2026-06-26T08:28:59.336Z</time>
        <name>1109</name>
        <extensions>
          <speed_mps>22.352</speed_mps>
          <speed_mph>50.0</speed_mph>
        </extensions>
      </trkpt>
      <trkpt lat="52.2493800" lon="1.5284100">
        <ele>0</ele>
        <time>2026-06-26T08:28:59.525Z</time>
        <name>1110</name>
        <extensions>
          <speed_mps>22.352</speed_mps>
          <speed_mph>50.0</speed_mph>
        </extensions>
      </trkpt>
      <trkpt lat="52.2493800" lon="1.5284800">
        <ele>0</ele>
        <time>2026-06-26T08:28:59.738Z</time>
        <name>1111</name>
        <extensions>
          <speed_mps>22.352</speed_mps>
          <speed_mph>50.0</speed_mph>
        </extensions>
      </trkpt>
      <trkpt lat="52.2493600" lon="1.5286400">
        <ele>0</ele>
        <time>2026-06-26T08:29:00.235Z</time>
        <name>1112</name>
        <extensions>
          <speed_mps>22.352</speed_mps>
          <speed_mph>50.0</speed_mph>
        </extensions>
      </trkpt>
      <trkpt lat="52.2493600" lon="1.5289500">
        <ele>0</ele>
        <time>2026-06-26T08:29:01.179Z</time>
        <name>1113</name>
        <extensions>
          <speed_mps>22.352</speed_mps>
          <speed_mph>50.0</speed_mph>
        </extensions>
      </trkpt>
      <trkpt lat="52.2493700" lon="1.5290900">
        <ele>0</ele>
        <time>2026-06-26T08:29:01.608Z</time>
        <name>1114</name>
        <extensions>
          <speed_mps>22.352</speed_mps>
          <speed_mph>50.0</speed_mph>
        </extensions>
      </trkpt>
      <trkpt lat="52.2493800" lon="1.5291100">
        <ele>0</ele>
        <time>2026-06-26T08:29:01.687Z</time>
        <name>1115</name>
        <extensions>
          <speed_mps>22.352</speed_mps>
          <speed_mph>50.0</speed_mph>
        </extensions>
      </trkpt>
      <trkpt lat="52.2493900" lon="1.5292300">
        <ele>0</ele>
        <time>2026-06-26T08:29:02.056Z</time>
        <name>1116</name>
        <extensions>
          <speed_mps>22.352</speed_mps>
          <speed_mph>50.0</speed_mph>
        </extensions>
      </trkpt>
      <trkpt lat="52.2494200" lon="1.5294000">
        <ele>0</ele>
        <time>2026-06-26T08:29:02.594Z</time>
        <name>1117</name>
        <extensions>
          <speed_mps>22.352</speed_mps>
          <speed_mph>50.0</speed_mph>
        </extensions>
      </trkpt>
      <trkpt lat="52.2495000" lon="1.5295100">
        <ele>0</ele>
        <time>2026-06-26T08:29:03.115Z</time>
        <name>1118</name>
        <extensions>
          <speed_mps>22.352</speed_mps>
          <speed_mph>50.0</speed_mph>
        </extensions>
      </trkpt>
      <trkpt lat="52.2495200" lon="1.5295500">
        <ele>0</ele>
        <time>2026-06-26T08:29:03.272Z</time>
        <name>1119</name>
        <extensions>
          <speed_mps>22.352</speed_mps>
          <speed_mph>50.0</speed_mph>
        </extensions>
      </trkpt>
      <trkpt lat="52.2495500" lon="1.5295800">
        <ele>0</ele>
        <time>2026-06-26T08:29:03.447Z</time>
        <name>1120</name>
        <extensions>
          <speed_mps>22.352</speed_mps>
          <speed_mph>50.0</speed_mph>
        </extensions>
      </trkpt>
      <trkpt lat="52.2495900" lon="1.5296100">
        <ele>0</ele>
        <time>2026-06-26T08:29:03.666Z</time>
        <name>1121</name>
        <extensions>
          <speed_mps>22.352</speed_mps>
          <speed_mph>50.0</speed_mph>
        </extensions>
      </trkpt>
      <trkpt lat="52.2496400" lon="1.5296600">
        <ele>0</ele>
        <time>2026-06-26T08:29:03.957Z</time>
        <name>1122</name>
        <extensions>
          <speed_mps>22.352</speed_mps>
          <speed_mph>50.0</speed_mph>
        </extensions>
      </trkpt>
      <trkpt lat="52.2496500" lon="1.5296500">
        <ele>0</ele>
        <time>2026-06-26T08:29:04.016Z</time>
        <name>1123</name>
        <extensions>
          <speed_mps>22.352</speed_mps>
          <speed_mph>50.0</speed_mph>
        </extensions>
      </trkpt>
      <trkpt lat="52.2496900" lon="1.5296400">
        <ele>0</ele>
        <time>2026-06-26T08:29:04.217Z</time>
        <name>1124</name>
        <extensions>
          <speed_mps>22.352</speed_mps>
          <speed_mph>50.0</speed_mph>
        </extensions>
      </trkpt>
      <trkpt lat="52.2497300" lon="1.5296500">
        <ele>0</ele>
        <time>2026-06-26T08:29:04.418Z</time>
        <name>1125</name>
        <extensions>
          <speed_mps>22.352</speed_mps>
          <speed_mph>50.0</speed_mph>
        </extensions>
      </trkpt>
      <trkpt lat="52.2497700" lon="1.5296700">
        <ele>0</ele>
        <time>2026-06-26T08:29:04.626Z</time>
        <name>1126</name>
        <extensions>
          <speed_mps>22.352</speed_mps>
          <speed_mph>50.0</speed_mph>
        </extensions>
      </trkpt>
      <trkpt lat="52.2498000" lon="1.5296900">
        <ele>0</ele>
        <time>2026-06-26T08:29:04.788Z</time>
        <name>1127</name>
        <extensions>
          <speed_mps>22.352</speed_mps>
          <speed_mph>50.0</speed_mph>
        </extensions>
      </trkpt>
      <trkpt lat="52.2498600" lon="1.5297700">
        <ele>0</ele>
        <time>2026-06-26T08:29:05.173Z</time>
        <name>1128</name>
        <extensions>
          <speed_mps>22.352</speed_mps>
          <speed_mph>50.0</speed_mph>
        </extensions>
      </trkpt>
      <trkpt lat="52.2499000" lon="1.5298800">
        <ele>0</ele>
        <time>2026-06-26T08:29:05.562Z</time>
        <name>1129</name>
        <extensions>
          <speed_mps>22.352</speed_mps>
          <speed_mph>50.0</speed_mph>
        </extensions>
      </trkpt>
      <trkpt lat="52.2499100" lon="1.5299400">
        <ele>0</ele>
        <time>2026-06-26T08:29:05.752Z</time>
        <name>1130</name>
        <extensions>
          <speed_mps>22.352</speed_mps>
          <speed_mph>50.0</speed_mph>
        </extensions>
      </trkpt>
      <trkpt lat="52.2499100" lon="1.5300700">
        <ele>0</ele>
        <time>2026-06-26T08:29:06.148Z</time>
        <name>1131</name>
        <extensions>
          <speed_mps>22.352</speed_mps>
          <speed_mph>50.0</speed_mph>
        </extensions>
      </trkpt>
      <trkpt lat="52.2499000" lon="1.5301300">
        <ele>0</ele>
        <time>2026-06-26T08:29:06.337Z</time>
        <name>1132</name>
        <extensions>
          <speed_mps>22.352</speed_mps>
          <speed_mph>50.0</speed_mph>
        </extensions>
      </trkpt>
      <trkpt lat="52.2498800" lon="1.5301800">
        <ele>0</ele>
        <time>2026-06-26T08:29:06.519Z</time>
        <name>1133</name>
        <extensions>
          <speed_mps>22.352</speed_mps>
          <speed_mph>50.0</speed_mph>
        </extensions>
      </trkpt>
      <trkpt lat="52.2498800" lon="1.5301900">
        <ele>0</ele>
        <time>2026-06-26T08:29:06.549Z</time>
        <name>1134</name>
        <extensions>
          <speed_mps>22.352</speed_mps>
          <speed_mph>50.0</speed_mph>
        </extensions>
      </trkpt>
      <trkpt lat="52.2498300" lon="1.5302800">
        <ele>0</ele>
        <time>2026-06-26T08:29:06.919Z</time>
        <name>1135</name>
        <extensions>
          <speed_mps>22.352</speed_mps>
          <speed_mph>50.0</speed_mph>
        </extensions>
      </trkpt>
      <trkpt lat="52.2497700" lon="1.5303400">
        <ele>0</ele>
        <time>2026-06-26T08:29:07.269Z</time>
        <name>1136</name>
        <extensions>
          <speed_mps>22.352</speed_mps>
          <speed_mph>50.0</speed_mph>
        </extensions>
      </trkpt>
      <trkpt lat="52.2497300" lon="1.5303600">
        <ele>0</ele>
        <time>2026-06-26T08:29:07.477Z</time>
        <name>1137</name>
        <extensions>
          <speed_mps>22.352</speed_mps>
          <speed_mph>50.0</speed_mph>
        </extensions>
      </trkpt>
      <trkpt lat="52.2496500" lon="1.5303600">
        <ele>0</ele>
        <time>2026-06-26T08:29:07.875Z</time>
        <name>1138</name>
        <extensions>
          <speed_mps>22.352</speed_mps>
          <speed_mph>50.0</speed_mph>
        </extensions>
      </trkpt>
      <trkpt lat="52.2496200" lon="1.5303400">
        <ele>0</ele>
        <time>2026-06-26T08:29:08.036Z</time>
        <name>1139</name>
        <extensions>
          <speed_mps>22.352</speed_mps>
          <speed_mph>50.0</speed_mph>
        </extensions>
      </trkpt>
      <trkpt lat="52.2495300" lon="1.5303600">
        <ele>0</ele>
        <time>2026-06-26T08:29:08.488Z</time>
        <name>1140</name>
        <extensions>
          <speed_mps>22.352</speed_mps>
          <speed_mph>50.0</speed_mph>
        </extensions>
      </trkpt>
      <trkpt lat="52.2494900" lon="1.5303800">
        <ele>0</ele>
        <time>2026-06-26T08:29:08.696Z</time>
        <name>1141</name>
        <extensions>
          <speed_mps>22.352</speed_mps>
          <speed_mph>50.0</speed_mph>
        </extensions>
      </trkpt>
      <trkpt lat="52.2494300" lon="1.5304000">
        <ele>0</ele>
        <time>2026-06-26T08:29:09.001Z</time>
        <name>1142</name>
        <extensions>
          <speed_mps>22.352</speed_mps>
          <speed_mph>50.0</speed_mph>
        </extensions>
      </trkpt>
      <trkpt lat="52.2493900" lon="1.5304300">
        <ele>0</ele>
        <time>2026-06-26T08:29:09.220Z</time>
        <name>1143</name>
        <extensions>
          <speed_mps>22.352</speed_mps>
          <speed_mph>50.0</speed_mph>
        </extensions>
      </trkpt>
      <trkpt lat="52.2493100" lon="1.5304600">
        <ele>0</ele>
        <time>2026-06-26T08:29:09.628Z</time>
        <name>1144</name>
        <extensions>
          <speed_mps>22.352</speed_mps>
          <speed_mph>50.0</speed_mph>
        </extensions>
      </trkpt>
      <trkpt lat="52.2491600" lon="1.5305900">
        <ele>0</ele>
        <time>2026-06-26T08:29:10.473Z</time>
        <name>1145</name>
        <extensions>
          <speed_mps>22.352</speed_mps>
          <speed_mph>50.0</speed_mph>
        </extensions>
      </trkpt>
      <trkpt lat="52.2490500" lon="1.5307000">
        <ele>0</ele>
        <time>2026-06-26T08:29:11.115Z</time>
        <name>1146</name>
        <extensions>
          <speed_mps>22.352</speed_mps>
          <speed_mph>50.0</speed_mph>
        </extensions>
      </trkpt>
      <trkpt lat="52.2488800" lon="1.5308900">
        <ele>0</ele>
        <time>2026-06-26T08:29:12.139Z</time>
        <name>1147</name>
        <extensions>
          <speed_mps>22.352</speed_mps>
          <speed_mph>50.0</speed_mph>
        </extensions>
      </trkpt>
      <trkpt lat="52.2487000" lon="1.5311100">
        <ele>0</ele>
        <time>2026-06-26T08:29:13.257Z</time>
        <name>1148</name>
        <extensions>
          <speed_mps>22.352</speed_mps>
          <speed_mph>50.0</speed_mph>
        </extensions>
      </trkpt>
      <trkpt lat="52.2486600" lon="1.5311700">
        <ele>0</ele>
        <time>2026-06-26T08:29:13.528Z</time>
        <name>1149</name>
        <extensions>
          <speed_mps>22.352</speed_mps>
          <speed_mph>50.0</speed_mph>
        </extensions>
      </trkpt>
      <trkpt lat="52.2484900" lon="1.5314800">
        <ele>0</ele>
        <time>2026-06-26T08:29:14.795Z</time>
        <name>1150</name>
        <extensions>
          <speed_mps>22.352</speed_mps>
          <speed_mph>50.0</speed_mph>
        </extensions>
      </trkpt>
      <trkpt lat="52.2484800" lon="1.5315300">
        <ele>0</ele>
        <time>2026-06-26T08:29:14.955Z</time>
        <name>1151</name>
        <extensions>
          <speed_mps>22.352</speed_mps>
          <speed_mph>50.0</speed_mph>
        </extensions>
      </trkpt>
      <trkpt lat="52.2483600" lon="1.5319300">
        <ele>0</ele>
        <time>2026-06-26T08:29:16.311Z</time>
        <name>1152</name>
        <extensions>
          <speed_mps>22.352</speed_mps>
          <speed_mph>50.0</speed_mph>
        </extensions>
      </trkpt>
      <trkpt lat="52.2483100" lon="1.5321500">
        <ele>0</ele>
        <time>2026-06-26T08:29:17.026Z</time>
        <name>1153</name>
        <extensions>
          <speed_mps>22.352</speed_mps>
          <speed_mph>50.0</speed_mph>
        </extensions>
      </trkpt>
      <trkpt lat="52.2481100" lon="1.5326300">
        <ele>0</ele>
        <time>2026-06-26T08:29:18.794Z</time>
        <name>1154</name>
        <extensions>
          <speed_mps>22.352</speed_mps>
          <speed_mph>50.0</speed_mph>
        </extensions>
      </trkpt>
      <trkpt lat="52.2481100" lon="1.5326400">
        <ele>0</ele>
        <time>2026-06-26T08:29:18.824Z</time>
        <name>1155</name>
        <extensions>
          <speed_mps>22.352</speed_mps>
          <speed_mph>50.0</speed_mph>
        </extensions>
      </trkpt>
      <trkpt lat="52.2479200" lon="1.5330300">
        <ele>0</ele>
        <time>2026-06-26T08:29:20.342Z</time>
        <name>1156</name>
        <extensions>
          <speed_mps>22.352</speed_mps>
          <speed_mph>50.0</speed_mph>
        </extensions>
      </trkpt>
      <trkpt lat="52.2478800" lon="1.5331300">
        <ele>0</ele>
        <time>2026-06-26T08:29:20.706Z</time>
        <name>1157</name>
        <extensions>
          <speed_mps>22.352</speed_mps>
          <speed_mph>50.0</speed_mph>
        </extensions>
      </trkpt>
      <trkpt lat="52.2478500" lon="1.5331900">
        <ele>0</ele>
        <time>2026-06-26T08:29:20.942Z</time>
        <name>1158</name>
        <extensions>
          <speed_mps>22.352</speed_mps>
          <speed_mph>50.0</speed_mph>
        </extensions>
      </trkpt>
      <trkpt lat="52.2478200" lon="1.5332700">
        <ele>0</ele>
        <time>2026-06-26T08:29:21.227Z</time>
        <name>1159</name>
        <extensions>
          <speed_mps>22.352</speed_mps>
          <speed_mph>50.0</speed_mph>
        </extensions>
      </trkpt>
      <trkpt lat="52.2477800" lon="1.5333500">
        <ele>0</ele>
        <time>2026-06-26T08:29:21.542Z</time>
        <name>1160</name>
        <extensions>
          <speed_mps>22.352</speed_mps>
          <speed_mph>50.0</speed_mph>
        </extensions>
      </trkpt>
      <trkpt lat="52.2477300" lon="1.5334800">
        <ele>0</ele>
        <time>2026-06-26T08:29:22.009Z</time>
        <name>1161</name>
        <extensions>
          <speed_mps>22.352</speed_mps>
          <speed_mph>50.0</speed_mph>
        </extensions>
      </trkpt>
      <trkpt lat="52.2476900" lon="1.5336400">
        <ele>0</ele>
        <time>2026-06-26T08:29:22.536Z</time>
        <name>1162</name>
        <extensions>
          <speed_mps>22.352</speed_mps>
          <speed_mph>50.0</speed_mph>
        </extensions>
      </trkpt>
      <trkpt lat="52.2476400" lon="1.5339000">
        <ele>0</ele>
        <time>2026-06-26T08:29:23.365Z</time>
        <name>1163</name>
        <extensions>
          <speed_mps>22.352</speed_mps>
          <speed_mph>50.0</speed_mph>
        </extensions>
      </trkpt>
      <trkpt lat="52.2476300" lon="1.5339100">
        <ele>0</ele>
        <time>2026-06-26T08:29:23.424Z</time>
        <name>1164</name>
        <extensions>
          <speed_mps>22.352</speed_mps>
          <speed_mph>50.0</speed_mph>
        </extensions>
      </trkpt>
      <trkpt lat="52.2476000" lon="1.5340900">
        <ele>0</ele>
        <time>2026-06-26T08:29:23.992Z</time>
        <name>1165</name>
        <extensions>
          <speed_mps>22.352</speed_mps>
          <speed_mph>50.0</speed_mph>
        </extensions>
      </trkpt>
      <trkpt lat="52.2475600" lon="1.5342600">
        <ele>0</ele>
        <time>2026-06-26T08:29:24.546Z</time>
        <name>1166</name>
        <extensions>
          <speed_mps>22.352</speed_mps>
          <speed_mph>50.0</speed_mph>
        </extensions>
      </trkpt>
      <trkpt lat="52.2474200" lon="1.5347200">
        <ele>0</ele>
        <time>2026-06-26T08:29:26.110Z</time>
        <name>1167</name>
        <extensions>
          <speed_mps>22.352</speed_mps>
          <speed_mph>50.0</speed_mph>
        </extensions>
      </trkpt>
      <trkpt lat="52.2474000" lon="1.5348100">
        <ele>0</ele>
        <time>2026-06-26T08:29:26.402Z</time>
        <name>1168</name>
        <extensions>
          <speed_mps>22.352</speed_mps>
          <speed_mph>50.0</speed_mph>
        </extensions>
      </trkpt>
      <trkpt lat="52.2472400" lon="1.5352900">
        <ele>0</ele>
        <time>2026-06-26T08:29:28.066Z</time>
        <name>1169</name>
        <extensions>
          <speed_mps>22.352</speed_mps>
          <speed_mph>50.0</speed_mph>
        </extensions>
      </trkpt>
      <trkpt lat="52.2471600" lon="1.5354900">
        <ele>0</ele>
        <time>2026-06-26T08:29:28.794Z</time>
        <name>1170</name>
        <extensions>
          <speed_mps>22.352</speed_mps>
          <speed_mph>50.0</speed_mph>
        </extensions>
      </trkpt>
      <trkpt lat="52.2469600" lon="1.5361300">
        <ele>0</ele>
        <time>2026-06-26T08:29:30.982Z</time>
        <name>1171</name>
        <extensions>
          <speed_mps>22.352</speed_mps>
          <speed_mph>50.0</speed_mph>
        </extensions>
      </trkpt>
      <trkpt lat="52.2468500" lon="1.5365400">
        <ele>0</ele>
        <time>2026-06-26T08:29:32.345Z</time>
        <name>1172</name>
        <extensions>
          <speed_mps>22.352</speed_mps>
          <speed_mph>50.0</speed_mph>
        </extensions>
      </trkpt>
      <trkpt lat="52.2468400" lon="1.5366000">
        <ele>0</ele>
        <time>2026-06-26T08:29:32.534Z</time>
        <name>1173</name>
        <extensions>
          <speed_mps>22.352</speed_mps>
          <speed_mph>50.0</speed_mph>
        </extensions>
      </trkpt>
      <trkpt lat="52.2467000" lon="1.5371500">
        <ele>0</ele>
        <time>2026-06-26T08:29:34.348Z</time>
        <name>1174</name>
        <extensions>
          <speed_mps>22.352</speed_mps>
          <speed_mph>50.0</speed_mph>
        </extensions>
      </trkpt>
      <trkpt lat="52.2465800" lon="1.5375400">
        <ele>0</ele>
        <time>2026-06-26T08:29:35.677Z</time>
        <name>1175</name>
        <extensions>
          <speed_mps>22.352</speed_mps>
          <speed_mph>50.0</speed_mph>
        </extensions>
      </trkpt>
      <trkpt lat="52.2465700" lon="1.5375900">
        <ele>0</ele>
        <time>2026-06-26T08:29:35.837Z</time>
        <name>1176</name>
        <extensions>
          <speed_mps>22.352</speed_mps>
          <speed_mph>50.0</speed_mph>
        </extensions>
      </trkpt>
      <trkpt lat="52.2465000" lon="1.5378000">
        <ele>0</ele>
        <time>2026-06-26T08:29:36.565Z</time>
        <name>1177</name>
        <extensions>
          <speed_mps>22.352</speed_mps>
          <speed_mph>50.0</speed_mph>
        </extensions>
      </trkpt>
      <trkpt lat="52.2464100" lon="1.5379800">
        <ele>0</ele>
        <time>2026-06-26T08:29:37.273Z</time>
        <name>1178</name>
        <extensions>
          <speed_mps>22.352</speed_mps>
          <speed_mph>50.0</speed_mph>
        </extensions>
      </trkpt>
      <trkpt lat="52.2457300" lon="1.5396100">
        <ele>0</ele>
        <time>2026-06-26T08:29:43.279Z</time>
        <name>1179</name>
        <extensions>
          <speed_mps>22.352</speed_mps>
          <speed_mph>50.0</speed_mph>
        </extensions>
      </trkpt>
      <trkpt lat="52.2457300" lon="1.5396200">
        <ele>0</ele>
        <time>2026-06-26T08:29:43.309Z</time>
        <name>1180</name>
        <extensions>
          <speed_mps>22.352</speed_mps>
          <speed_mph>50.0</speed_mph>
        </extensions>
      </trkpt>
      <trkpt lat="52.2455200" lon="1.5400900">
        <ele>0</ele>
        <time>2026-06-26T08:29:45.081Z</time>
        <name>1181</name>
        <extensions>
          <speed_mps>22.352</speed_mps>
          <speed_mph>50.0</speed_mph>
        </extensions>
      </trkpt>
      <trkpt lat="52.2452900" lon="1.5407200">
        <ele>0</ele>
        <time>2026-06-26T08:29:47.315Z</time>
        <name>1182</name>
        <extensions>
          <speed_mps>22.352</speed_mps>
          <speed_mph>50.0</speed_mph>
        </extensions>
      </trkpt>
      <trkpt lat="52.2452900" lon="1.5407300">
        <ele>0</ele>
        <time>2026-06-26T08:29:47.345Z</time>
        <name>1183</name>
        <extensions>
          <speed_mps>22.352</speed_mps>
          <speed_mph>50.0</speed_mph>
        </extensions>
      </trkpt>
      <trkpt lat="52.2451900" lon="1.5410400">
        <ele>0</ele>
        <time>2026-06-26T08:29:48.412Z</time>
        <name>1184</name>
        <extensions>
          <speed_mps>22.352</speed_mps>
          <speed_mph>50.0</speed_mph>
        </extensions>
      </trkpt>
      <trkpt lat="52.2446100" lon="1.5431200">
        <ele>0</ele>
        <time>2026-06-26T08:29:55.372Z</time>
        <name>1185</name>
        <extensions>
          <speed_mps>22.352</speed_mps>
          <speed_mph>50.0</speed_mph>
        </extensions>
      </trkpt>
      <trkpt lat="52.2444300" lon="1.5438300">
        <ele>0</ele>
        <time>2026-06-26T08:29:57.712Z</time>
        <name>1186</name>
        <extensions>
          <speed_mps>22.352</speed_mps>
          <speed_mph>50.0</speed_mph>
        </extensions>
      </trkpt>
      <trkpt lat="52.2443300" lon="1.5441300">
        <ele>0</ele>
        <time>2026-06-26T08:29:58.752Z</time>
        <name>1187</name>
        <extensions>
          <speed_mps>22.352</speed_mps>
          <speed_mph>50.0</speed_mph>
        </extensions>
      </trkpt>
      <trkpt lat="52.2443000" lon="1.5441800">
        <ele>0</ele>
        <time>2026-06-26T08:29:58.965Z</time>
        <name>1188</name>
        <extensions>
          <speed_mps>22.352</speed_mps>
          <speed_mph>50.0</speed_mph>
        </extensions>
      </trkpt>
      <trkpt lat="52.2442500" lon="1.5443200">
        <ele>0</ele>
        <time>2026-06-26T08:29:59.459Z</time>
        <name>1189</name>
        <extensions>
          <speed_mps>22.352</speed_mps>
          <speed_mph>50.0</speed_mph>
        </extensions>
      </trkpt>
      <trkpt lat="52.2439300" lon="1.5449500">
        <ele>0</ele>
        <time>2026-06-26T08:30:01.952Z</time>
        <name>1190</name>
        <extensions>
          <speed_mps>22.352</speed_mps>
          <speed_mph>50.0</speed_mph>
        </extensions>
      </trkpt>
      <trkpt lat="52.2436000" lon="1.5455100">
        <ele>0</ele>
        <time>2026-06-26T08:30:04.319Z</time>
        <name>1191</name>
        <extensions>
          <speed_mps>22.352</speed_mps>
          <speed_mph>50.0</speed_mph>
        </extensions>
      </trkpt>
      <trkpt lat="52.2434800" lon="1.5456900">
        <ele>0</ele>
        <time>2026-06-26T08:30:05.129Z</time>
        <name>1192</name>
        <extensions>
          <speed_mps>22.352</speed_mps>
          <speed_mph>50.0</speed_mph>
        </extensions>
      </trkpt>
      <trkpt lat="52.2432900" lon="1.5460200">
        <ele>0</ele>
        <time>2026-06-26T08:30:06.509Z</time>
        <name>1193</name>
        <extensions>
          <speed_mps>22.352</speed_mps>
          <speed_mph>50.0</speed_mph>
        </extensions>
      </trkpt>
      <trkpt lat="52.2431000" lon="1.5463900">
        <ele>0</ele>
        <time>2026-06-26T08:30:07.979Z</time>
        <name>1194</name>
        <extensions>
          <speed_mps>22.352</speed_mps>
          <speed_mph>50.0</speed_mph>
        </extensions>
      </trkpt>
      <trkpt lat="52.2428100" lon="1.5471000">
        <ele>0</ele>
        <time>2026-06-26T08:30:10.579Z</time>
        <name>1195</name>
        <extensions>
          <speed_mps>22.352</speed_mps>
          <speed_mph>50.0</speed_mph>
        </extensions>
      </trkpt>
      <trkpt lat="52.2425400" lon="1.5477000">
        <ele>0</ele>
        <time>2026-06-26T08:30:12.846Z</time>
        <name>1196</name>
        <extensions>
          <speed_mps>22.352</speed_mps>
          <speed_mph>50.0</speed_mph>
        </extensions>
      </trkpt>
      <trkpt lat="52.2423100" lon="1.5481300">
        <ele>0</ele>
        <time>2026-06-26T08:30:14.585Z</time>
        <name>1197</name>
        <extensions>
          <speed_mps>22.352</speed_mps>
          <speed_mph>50.0</speed_mph>
        </extensions>
      </trkpt>
      <trkpt lat="52.2422200" lon="1.5482800">
        <ele>0</ele>
        <time>2026-06-26T08:30:15.225Z</time>
        <name>1198</name>
        <extensions>
          <speed_mps>22.352</speed_mps>
          <speed_mph>50.0</speed_mph>
        </extensions>
      </trkpt>
      <trkpt lat="52.2421800" lon="1.5483600">
        <ele>0</ele>
        <time>2026-06-26T08:30:15.539Z</time>
        <name>1199</name>
        <extensions>
          <speed_mps>22.352</speed_mps>
          <speed_mph>50.0</speed_mph>
        </extensions>
      </trkpt>
      <trkpt lat="52.2416300" lon="1.5492100">
        <ele>0</ele>
        <time>2026-06-26T08:30:19.306Z</time>
        <name>1200</name>
        <extensions>
          <speed_mps>22.352</speed_mps>
          <speed_mph>50.0</speed_mph>
        </extensions>
      </trkpt>
      <trkpt lat="52.2413900" lon="1.5496300">
        <ele>0</ele>
        <time>2026-06-26T08:30:21.055Z</time>
        <name>1201</name>
        <extensions>
          <speed_mps>22.352</speed_mps>
          <speed_mph>50.0</speed_mph>
        </extensions>
      </trkpt>
      <trkpt lat="52.2413800" lon="1.5496600">
        <ele>0</ele>
        <time>2026-06-26T08:30:21.159Z</time>
        <name>1202</name>
        <extensions>
          <speed_mps>22.352</speed_mps>
          <speed_mph>50.0</speed_mph>
        </extensions>
      </trkpt>
      <trkpt lat="52.2412200" lon="1.5499800">
        <ele>0</ele>
        <time>2026-06-26T08:30:22.417Z</time>
        <name>1203</name>
        <extensions>
          <speed_mps>22.352</speed_mps>
          <speed_mph>50.0</speed_mph>
        </extensions>
      </trkpt>
      <trkpt lat="52.2410600" lon="1.5504400">
        <ele>0</ele>
        <time>2026-06-26T08:30:24.029Z</time>
        <name>1204</name>
        <extensions>
          <speed_mps>22.352</speed_mps>
          <speed_mph>50.0</speed_mph>
        </extensions>
      </trkpt>
      <trkpt lat="52.2409500" lon="1.5509400">
        <ele>0</ele>
        <time>2026-06-26T08:30:25.647Z</time>
        <name>1205</name>
        <extensions>
          <speed_mps>22.352</speed_mps>
          <speed_mph>50.0</speed_mph>
        </extensions>
      </trkpt>
      <trkpt lat="52.2409500" lon="1.5509500">
        <ele>0</ele>
        <time>2026-06-26T08:30:25.677Z</time>
        <name>1206</name>
        <extensions>
          <speed_mps>22.352</speed_mps>
          <speed_mph>50.0</speed_mph>
        </extensions>
      </trkpt>
      <trkpt lat="52.2408100" lon="1.5517100">
        <ele>0</ele>
        <time>2026-06-26T08:30:28.094Z</time>
        <name>1207</name>
        <extensions>
          <speed_mps>22.352</speed_mps>
          <speed_mph>50.0</speed_mph>
        </extensions>
      </trkpt>
      <trkpt lat="52.2407200" lon="1.5520500">
        <ele>0</ele>
        <time>2026-06-26T08:30:29.222Z</time>
        <name>1208</name>
        <extensions>
          <speed_mps>22.352</speed_mps>
          <speed_mph>50.0</speed_mph>
        </extensions>
      </trkpt>
      <trkpt lat="52.2407200" lon="1.5520600">
        <ele>0</ele>
        <time>2026-06-26T08:30:29.252Z</time>
        <name>1209</name>
        <extensions>
          <speed_mps>22.352</speed_mps>
          <speed_mph>50.0</speed_mph>
        </extensions>
      </trkpt>
      <trkpt lat="52.2406400" lon="1.5523400">
        <ele>0</ele>
        <time>2026-06-26T08:30:30.193Z</time>
        <name>1210</name>
        <extensions>
          <speed_mps>22.352</speed_mps>
          <speed_mph>50.0</speed_mph>
        </extensions>
      </trkpt>
      <trkpt lat="52.2406400" lon="1.5523500">
        <ele>0</ele>
        <time>2026-06-26T08:30:30.224Z</time>
        <name>1211</name>
        <extensions>
          <speed_mps>22.352</speed_mps>
          <speed_mph>50.0</speed_mph>
        </extensions>
      </trkpt>
      <trkpt lat="52.2404200" lon="1.5529900">
        <ele>0</ele>
        <time>2026-06-26T08:30:32.459Z</time>
        <name>1212</name>
        <extensions>
          <speed_mps>22.352</speed_mps>
          <speed_mph>50.0</speed_mph>
        </extensions>
      </trkpt>
      <trkpt lat="52.2404200" lon="1.5530000">
        <ele>0</ele>
        <time>2026-06-26T08:30:32.489Z</time>
        <name>1213</name>
        <extensions>
          <speed_mps>22.352</speed_mps>
          <speed_mph>50.0</speed_mph>
        </extensions>
      </trkpt>
      <trkpt lat="52.2403400" lon="1.5532100">
        <ele>0</ele>
        <time>2026-06-26T08:30:33.243Z</time>
        <name>1214</name>
        <extensions>
          <speed_mps>22.352</speed_mps>
          <speed_mph>50.0</speed_mph>
        </extensions>
      </trkpt>
      <trkpt lat="52.2402000" lon="1.5535000">
        <ele>0</ele>
        <time>2026-06-26T08:30:34.367Z</time>
        <name>1215</name>
        <extensions>
          <speed_mps>22.352</speed_mps>
          <speed_mph>50.0</speed_mph>
        </extensions>
      </trkpt>
      <trkpt lat="52.2400400" lon="1.5538000">
        <ele>0</ele>
        <time>2026-06-26T08:30:35.579Z</time>
        <name>1216</name>
        <extensions>
          <speed_mps>22.352</speed_mps>
          <speed_mph>50.0</speed_mph>
        </extensions>
      </trkpt>
      <trkpt lat="52.2398800" lon="1.5540700">
        <ele>0</ele>
        <time>2026-06-26T08:30:36.723Z</time>
        <name>1217</name>
        <extensions>
          <speed_mps>22.352</speed_mps>
          <speed_mph>50.0</speed_mph>
        </extensions>
      </trkpt>
      <trkpt lat="52.2392600" lon="1.5549600">
        <ele>0</ele>
        <time>2026-06-26T08:30:40.829Z</time>
        <name>1218</name>
        <extensions>
          <speed_mps>22.352</speed_mps>
          <speed_mph>50.0</speed_mph>
        </extensions>
      </trkpt>
      <trkpt lat="52.2391600" lon="1.5550800">
        <ele>0</ele>
        <time>2026-06-26T08:30:41.447Z</time>
        <name>1219</name>
        <extensions>
          <speed_mps>22.352</speed_mps>
          <speed_mph>50.0</speed_mph>
        </extensions>
      </trkpt>
      <trkpt lat="52.2390600" lon="1.5551700">
        <ele>0</ele>
        <time>2026-06-26T08:30:42.015Z</time>
        <name>1220</name>
        <extensions>
          <speed_mps>22.352</speed_mps>
          <speed_mph>50.0</speed_mph>
        </extensions>
      </trkpt>
      <trkpt lat="52.2389800" lon="1.5552200">
        <ele>0</ele>
        <time>2026-06-26T08:30:42.441Z</time>
        <name>1221</name>
        <extensions>
          <speed_mps>22.352</speed_mps>
          <speed_mph>50.0</speed_mph>
        </extensions>
      </trkpt>
      <trkpt lat="52.2387500" lon="1.5553000">
        <ele>0</ele>
        <time>2026-06-26T08:30:43.611Z</time>
        <name>1222</name>
        <extensions>
          <speed_mps>22.352</speed_mps>
          <speed_mph>50.0</speed_mph>
        </extensions>
      </trkpt>
      <trkpt lat="52.2386400" lon="1.5553100">
        <ele>0</ele>
        <time>2026-06-26T08:30:44.159Z</time>
        <name>1223</name>
        <extensions>
          <speed_mps>22.352</speed_mps>
          <speed_mph>50.0</speed_mph>
        </extensions>
      </trkpt>
      <trkpt lat="52.2386200" lon="1.5553200">
        <ele>0</ele>
        <time>2026-06-26T08:30:44.263Z</time>
        <name>1224</name>
        <extensions>
          <speed_mps>22.352</speed_mps>
          <speed_mph>50.0</speed_mph>
        </extensions>
      </trkpt>
      <trkpt lat="52.2383500" lon="1.5553200">
        <ele>0</ele>
        <time>2026-06-26T08:30:45.606Z</time>
        <name>1225</name>
        <extensions>
          <speed_mps>22.352</speed_mps>
          <speed_mph>50.0</speed_mph>
        </extensions>
      </trkpt>
      <trkpt lat="52.2382800" lon="1.5553100">
        <ele>0</ele>
        <time>2026-06-26T08:30:45.955Z</time>
        <name>1226</name>
        <extensions>
          <speed_mps>22.352</speed_mps>
          <speed_mph>50.0</speed_mph>
        </extensions>
      </trkpt>
      <trkpt lat="52.2382500" lon="1.5553000">
        <ele>0</ele>
        <time>2026-06-26T08:30:46.108Z</time>
        <name>1227</name>
        <extensions>
          <speed_mps>22.352</speed_mps>
          <speed_mph>50.0</speed_mph>
        </extensions>
      </trkpt>
      <trkpt lat="52.2382000" lon="1.5553000">
        <ele>0</ele>
        <time>2026-06-26T08:30:46.357Z</time>
        <name>1228</name>
        <extensions>
          <speed_mps>22.352</speed_mps>
          <speed_mph>50.0</speed_mph>
        </extensions>
      </trkpt>
      <trkpt lat="52.2381600" lon="1.5552900">
        <ele>0</ele>
        <time>2026-06-26T08:30:46.558Z</time>
        <name>1229</name>
        <extensions>
          <speed_mps>22.352</speed_mps>
          <speed_mph>50.0</speed_mph>
        </extensions>
      </trkpt>
      <trkpt lat="52.2381000" lon="1.5552900">
        <ele>0</ele>
        <time>2026-06-26T08:30:46.856Z</time>
        <name>1230</name>
        <extensions>
          <speed_mps>22.352</speed_mps>
          <speed_mph>50.0</speed_mph>
        </extensions>
      </trkpt>
      <trkpt lat="52.2379300" lon="1.5552700">
        <ele>0</ele>
        <time>2026-06-26T08:30:47.704Z</time>
        <name>1231</name>
        <extensions>
          <speed_mps>22.352</speed_mps>
          <speed_mph>50.0</speed_mph>
        </extensions>
      </trkpt>
      <trkpt lat="52.2377900" lon="1.5552400">
        <ele>0</ele>
        <time>2026-06-26T08:30:48.407Z</time>
        <name>1232</name>
        <extensions>
          <speed_mps>22.352</speed_mps>
          <speed_mph>50.0</speed_mph>
        </extensions>
      </trkpt>
      <trkpt lat="52.2373000" lon="1.5550800">
        <ele>0</ele>
        <time>2026-06-26T08:30:50.892Z</time>
        <name>1233</name>
        <extensions>
          <speed_mps>22.352</speed_mps>
          <speed_mph>50.0</speed_mph>
        </extensions>
      </trkpt>
      <trkpt lat="52.2371000" lon="1.5549800">
        <ele>0</ele>
        <time>2026-06-26T08:30:51.933Z</time>
        <name>1234</name>
        <extensions>
          <speed_mps>22.352</speed_mps>
          <speed_mph>50.0</speed_mph>
        </extensions>
      </trkpt>
      <trkpt lat="52.2369800" lon="1.5549500">
        <ele>0</ele>
        <time>2026-06-26T08:30:52.537Z</time>
        <name>1235</name>
        <extensions>
          <speed_mps>22.352</speed_mps>
          <speed_mph>50.0</speed_mph>
        </extensions>
      </trkpt>
      <trkpt lat="52.2369700" lon="1.5549400">
        <ele>0</ele>
        <time>2026-06-26T08:30:52.595Z</time>
        <name>1236</name>
        <extensions>
          <speed_mps>22.352</speed_mps>
          <speed_mph>50.0</speed_mph>
        </extensions>
      </trkpt>
      <trkpt lat="52.2368700" lon="1.5549300">
        <ele>0</ele>
        <time>2026-06-26T08:30:53.094Z</time>
        <name>1237</name>
        <extensions>
          <speed_mps>22.352</speed_mps>
          <speed_mph>50.0</speed_mph>
        </extensions>
      </trkpt>
      <trkpt lat="52.2367700" lon="1.5549400">
        <ele>0</ele>
        <time>2026-06-26T08:30:53.592Z</time>
        <name>1238</name>
        <extensions>
          <speed_mps>22.352</speed_mps>
          <speed_mph>50.0</speed_mph>
        </extensions>
      </trkpt>
      <trkpt lat="52.2367000" lon="1.5549700">
        <ele>0</ele>
        <time>2026-06-26T08:30:53.952Z</time>
        <name>1239</name>
        <extensions>
          <speed_mps>22.352</speed_mps>
          <speed_mph>50.0</speed_mph>
        </extensions>
      </trkpt>
      <trkpt lat="52.2366300" lon="1.5550200">
        <ele>0</ele>
        <time>2026-06-26T08:30:54.332Z</time>
        <name>1240</name>
        <extensions>
          <speed_mps>22.352</speed_mps>
          <speed_mph>50.0</speed_mph>
        </extensions>
      </trkpt>
      <trkpt lat="52.2365000" lon="1.5551500">
        <ele>0</ele>
        <time>2026-06-26T08:30:55.090Z</time>
        <name>1241</name>
        <extensions>
          <speed_mps>22.352</speed_mps>
          <speed_mph>50.0</speed_mph>
        </extensions>
      </trkpt>
      <trkpt lat="52.2364200" lon="1.5552700">
        <ele>0</ele>
        <time>2026-06-26T08:30:55.631Z</time>
        <name>1242</name>
        <extensions>
          <speed_mps>22.352</speed_mps>
          <speed_mph>50.0</speed_mph>
        </extensions>
      </trkpt>
      <trkpt lat="52.2363600" lon="1.5554100">
        <ele>0</ele>
        <time>2026-06-26T08:30:56.151Z</time>
        <name>1243</name>
        <extensions>
          <speed_mps>22.352</speed_mps>
          <speed_mph>50.0</speed_mph>
        </extensions>
      </trkpt>
      <trkpt lat="52.2362900" lon="1.5556400">
        <ele>0</ele>
        <time>2026-06-26T08:30:56.933Z</time>
        <name>1244</name>
        <extensions>
          <speed_mps>22.352</speed_mps>
          <speed_mph>50.0</speed_mph>
        </extensions>
      </trkpt>
      <trkpt lat="52.2362400" lon="1.5558700">
        <ele>0</ele>
        <time>2026-06-26T08:30:57.677Z</time>
        <name>1245</name>
        <extensions>
          <speed_mps>22.352</speed_mps>
          <speed_mph>50.0</speed_mph>
        </extensions>
      </trkpt>
      <trkpt lat="52.2362300" lon="1.5559000">
        <ele>0</ele>
        <time>2026-06-26T08:30:57.781Z</time>
        <name>1246</name>
        <extensions>
          <speed_mps>22.352</speed_mps>
          <speed_mph>50.0</speed_mph>
        </extensions>
      </trkpt>
      <trkpt lat="52.2358900" lon="1.5574500">
        <ele>0</ele>
        <time>2026-06-26T08:31:02.795Z</time>
        <name>1247</name>
        <extensions>
          <speed_mps>22.352</speed_mps>
          <speed_mph>50.0</speed_mph>
        </extensions>
      </trkpt>
      <trkpt lat="52.2358600" lon="1.5576300">
        <ele>0</ele>
        <time>2026-06-26T08:31:03.363Z</time>
        <name>1248</name>
        <extensions>
          <speed_mps>22.352</speed_mps>
          <speed_mph>50.0</speed_mph>
        </extensions>
      </trkpt>
      <trkpt lat="52.2357900" lon="1.5579100">
        <ele>0</ele>
        <time>2026-06-26T08:31:04.284Z</time>
        <name>1249</name>
        <extensions>
          <speed_mps>22.352</speed_mps>
          <speed_mph>50.0</speed_mph>
        </extensions>
      </trkpt>
      <trkpt lat="52.2356600" lon="1.5586600">
        <ele>0</ele>
        <time>2026-06-26T08:31:06.658Z</time>
        <name>1250</name>
        <extensions>
          <speed_mps>22.352</speed_mps>
          <speed_mph>50.0</speed_mph>
        </extensions>
      </trkpt>
      <trkpt lat="52.2356200" lon="1.5590400">
        <ele>0</ele>
        <time>2026-06-26T08:31:07.833Z</time>
        <name>1251</name>
        <extensions>
          <speed_mps>22.352</speed_mps>
          <speed_mph>50.0</speed_mph>
        </extensions>
      </trkpt>
      <trkpt lat="52.2356100" lon="1.5592800">
        <ele>0</ele>
        <time>2026-06-26T08:31:08.565Z</time>
        <name>1252</name>
        <extensions>
          <speed_mps>22.352</speed_mps>
          <speed_mph>50.0</speed_mph>
        </extensions>
      </trkpt>
      <trkpt lat="52.2356000" lon="1.5593500">
        <ele>0</ele>
        <time>2026-06-26T08:31:08.784Z</time>
        <name>1253</name>
        <extensions>
          <speed_mps>22.352</speed_mps>
          <speed_mph>50.0</speed_mph>
        </extensions>
      </trkpt>
      <trkpt lat="52.2356000" lon="1.5595400">
        <ele>0</ele>
        <time>2026-06-26T08:31:09.363Z</time>
        <name>1254</name>
        <extensions>
          <speed_mps>22.352</speed_mps>
          <speed_mph>50.0</speed_mph>
        </extensions>
      </trkpt>
      <trkpt lat="52.2355800" lon="1.5598400">
        <ele>0</ele>
        <time>2026-06-26T08:31:10.282Z</time>
        <name>1255</name>
        <extensions>
          <speed_mps>22.352</speed_mps>
          <speed_mph>50.0</speed_mph>
        </extensions>
      </trkpt>
      <trkpt lat="52.2354700" lon="1.5604400">
        <ele>0</ele>
        <time>2026-06-26T08:31:12.190Z</time>
        <name>1256</name>
        <extensions>
          <speed_mps>22.352</speed_mps>
          <speed_mph>50.0</speed_mph>
        </extensions>
      </trkpt>
      <trkpt lat="52.2354500" lon="1.5605100">
        <ele>0</ele>
        <time>2026-06-26T08:31:12.425Z</time>
        <name>1257</name>
        <extensions>
          <speed_mps>22.352</speed_mps>
          <speed_mph>50.0</speed_mph>
        </extensions>
      </trkpt>
      <trkpt lat="52.2354000" lon="1.5607900">
        <ele>0</ele>
        <time>2026-06-26T08:31:13.313Z</time>
        <name>1258</name>
        <extensions>
          <speed_mps>22.352</speed_mps>
          <speed_mph>50.0</speed_mph>
        </extensions>
      </trkpt>
      <trkpt lat="52.2353100" lon="1.5611700">
        <ele>0</ele>
        <time>2026-06-26T08:31:14.554Z</time>
        <name>1259</name>
        <extensions>
          <speed_mps>22.352</speed_mps>
          <speed_mph>50.0</speed_mph>
        </extensions>
      </trkpt>
      <trkpt lat="52.2352900" lon="1.5612300">
        <ele>0</ele>
        <time>2026-06-26T08:31:14.762Z</time>
        <name>1260</name>
        <extensions>
          <speed_mps>22.352</speed_mps>
          <speed_mph>50.0</speed_mph>
        </extensions>
      </trkpt>
      <trkpt lat="52.2352200" lon="1.5615000">
        <ele>0</ele>
        <time>2026-06-26T08:31:15.655Z</time>
        <name>1261</name>
        <extensions>
          <speed_mps>22.352</speed_mps>
          <speed_mph>50.0</speed_mph>
        </extensions>
      </trkpt>
      <trkpt lat="52.2349800" lon="1.5622900">
        <ele>0</ele>
        <time>2026-06-26T08:31:18.341Z</time>
        <name>1262</name>
        <extensions>
          <speed_mps>22.352</speed_mps>
          <speed_mph>50.0</speed_mph>
        </extensions>
      </trkpt>
      <trkpt lat="52.2349400" lon="1.5623900">
        <ele>0</ele>
        <time>2026-06-26T08:31:18.705Z</time>
        <name>1263</name>
        <extensions>
          <speed_mps>22.352</speed_mps>
          <speed_mph>50.0</speed_mph>
        </extensions>
      </trkpt>
      <trkpt lat="52.2348400" lon="1.5626900">
        <ele>0</ele>
        <time>2026-06-26T08:31:19.745Z</time>
        <name>1264</name>
        <extensions>
          <speed_mps>22.352</speed_mps>
          <speed_mph>50.0</speed_mph>
        </extensions>
      </trkpt>
      <trkpt lat="52.2347900" lon="1.5627900">
        <ele>0</ele>
        <time>2026-06-26T08:31:20.138Z</time>
        <name>1265</name>
        <extensions>
          <speed_mps>22.352</speed_mps>
          <speed_mph>50.0</speed_mph>
        </extensions>
      </trkpt>
      <trkpt lat="52.2347300" lon="1.5629400">
        <ele>0</ele>
        <time>2026-06-26T08:31:20.684Z</time>
        <name>1266</name>
        <extensions>
          <speed_mps>22.352</speed_mps>
          <speed_mph>50.0</speed_mph>
        </extensions>
      </trkpt>
      <trkpt lat="52.2344200" lon="1.5635300">
        <ele>0</ele>
        <time>2026-06-26T08:31:23.052Z</time>
        <name>1267</name>
        <extensions>
          <speed_mps>22.352</speed_mps>
          <speed_mph>50.0</speed_mph>
        </extensions>
      </trkpt>
      <trkpt lat="52.2342500" lon="1.5638100">
        <ele>0</ele>
        <time>2026-06-26T08:31:24.253Z</time>
        <name>1268</name>
        <extensions>
          <speed_mps>22.352</speed_mps>
          <speed_mph>50.0</speed_mph>
        </extensions>
      </trkpt>
      <trkpt lat="52.2337900" lon="1.5646400">
        <ele>0</ele>
        <time>2026-06-26T08:31:27.663Z</time>
        <name>1269</name>
        <extensions>
          <speed_mps>22.352</speed_mps>
          <speed_mph>50.0</speed_mph>
        </extensions>
      </trkpt>
      <trkpt lat="52.2333900" lon="1.5654700">
        <ele>0</ele>
        <time>2026-06-26T08:31:30.880Z</time>
        <name>1270</name>
        <extensions>
          <speed_mps>22.352</speed_mps>
          <speed_mph>50.0</speed_mph>
        </extensions>
      </trkpt>
      <trkpt lat="52.2332800" lon="1.5657200">
        <ele>0</ele>
        <time>2026-06-26T08:31:31.818Z</time>
        <name>1271</name>
        <extensions>
          <speed_mps>22.352</speed_mps>
          <speed_mph>50.0</speed_mph>
        </extensions>
      </trkpt>
      <trkpt lat="52.2331200" lon="1.5660400">
        <ele>0</ele>
        <time>2026-06-26T08:31:33.076Z</time>
        <name>1272</name>
        <extensions>
          <speed_mps>22.352</speed_mps>
          <speed_mph>50.0</speed_mph>
        </extensions>
      </trkpt>
      <trkpt lat="52.2329300" lon="1.5663700">
        <ele>0</ele>
        <time>2026-06-26T08:31:34.456Z</time>
        <name>1273</name>
        <extensions>
          <speed_mps>22.352</speed_mps>
          <speed_mph>50.0</speed_mph>
        </extensions>
      </trkpt>
      <trkpt lat="52.2327300" lon="1.5666500">
        <ele>0</ele>
        <time>2026-06-26T08:31:35.766Z</time>
        <name>1274</name>
        <extensions>
          <speed_mps>22.352</speed_mps>
          <speed_mph>50.0</speed_mph>
        </extensions>
      </trkpt>
      <trkpt lat="52.2325100" lon="1.5669300">
        <ele>0</ele>
        <time>2026-06-26T08:31:37.154Z</time>
        <name>1275</name>
        <extensions>
          <speed_mps>22.352</speed_mps>
          <speed_mph>50.0</speed_mph>
        </extensions>
      </trkpt>
      <trkpt lat="52.2321800" lon="1.5674100">
        <ele>0</ele>
        <time>2026-06-26T08:31:39.352Z</time>
        <name>1276</name>
        <extensions>
          <speed_mps>22.352</speed_mps>
          <speed_mph>50.0</speed_mph>
        </extensions>
      </trkpt>
      <trkpt lat="52.2321800" lon="1.5674200">
        <ele>0</ele>
        <time>2026-06-26T08:31:39.382Z</time>
        <name>1277</name>
        <extensions>
          <speed_mps>22.352</speed_mps>
          <speed_mph>50.0</speed_mph>
        </extensions>
      </trkpt>
      <trkpt lat="52.2321400" lon="1.5674600">
        <ele>0</ele>
        <time>2026-06-26T08:31:39.616Z</time>
        <name>1278</name>
        <extensions>
          <speed_mps>22.352</speed_mps>
          <speed_mph>50.0</speed_mph>
        </extensions>
      </trkpt>
      <trkpt lat="52.2316000" lon="1.5682500">
        <ele>0</ele>
        <time>2026-06-26T08:31:43.222Z</time>
        <name>1279</name>
        <extensions>
          <speed_mps>22.352</speed_mps>
          <speed_mph>50.0</speed_mph>
        </extensions>
      </trkpt>
      <trkpt lat="52.2311200" lon="1.5690000">
        <ele>0</ele>
        <time>2026-06-26T08:31:46.527Z</time>
        <name>1280</name>
        <extensions>
          <speed_mps>22.352</speed_mps>
          <speed_mph>50.0</speed_mph>
        </extensions>
      </trkpt>
      <trkpt lat="52.2310000" lon="1.5692200">
        <ele>0</ele>
        <time>2026-06-26T08:31:47.424Z</time>
        <name>1281</name>
        <extensions>
          <speed_mps>22.352</speed_mps>
          <speed_mph>50.0</speed_mph>
        </extensions>
      </trkpt>
      <trkpt lat="52.2309900" lon="1.5692300">
        <ele>0</ele>
        <time>2026-06-26T08:31:47.483Z</time>
        <name>1282</name>
        <extensions>
          <speed_mps>22.352</speed_mps>
          <speed_mph>50.0</speed_mph>
        </extensions>
      </trkpt>
      <trkpt lat="52.2308200" lon="1.5695500">
        <ele>0</ele>
        <time>2026-06-26T08:31:48.773Z</time>
        <name>1283</name>
        <extensions>
          <speed_mps>22.352</speed_mps>
          <speed_mph>50.0</speed_mph>
        </extensions>
      </trkpt>
      <trkpt lat="52.2304400" lon="1.5703700">
        <ele>0</ele>
        <time>2026-06-26T08:31:51.905Z</time>
        <name>1284</name>
        <extensions>
          <speed_mps>22.352</speed_mps>
          <speed_mph>50.0</speed_mph>
        </extensions>
      </trkpt>
      <trkpt lat="52.2304000" lon="1.5704800">
        <ele>0</ele>
        <time>2026-06-26T08:31:52.295Z</time>
        <name>1285</name>
        <extensions>
          <speed_mps>22.352</speed_mps>
          <speed_mph>50.0</speed_mph>
        </extensions>
      </trkpt>
      <trkpt lat="52.2302800" lon="1.5707500">
        <ele>0</ele>
        <time>2026-06-26T08:31:53.311Z</time>
        <name>1286</name>
        <extensions>
          <speed_mps>22.352</speed_mps>
          <speed_mph>50.0</speed_mph>
        </extensions>
      </trkpt>
      <trkpt lat="52.2302800" lon="1.5707600">
        <ele>0</ele>
        <time>2026-06-26T08:31:53.342Z</time>
        <name>1287</name>
        <extensions>
          <speed_mps>22.352</speed_mps>
          <speed_mph>50.0</speed_mph>
        </extensions>
      </trkpt>
      <trkpt lat="52.2302000" lon="1.5709700">
        <ele>0</ele>
        <time>2026-06-26T08:31:54.095Z</time>
        <name>1288</name>
        <extensions>
          <speed_mps>22.352</speed_mps>
          <speed_mph>50.0</speed_mph>
        </extensions>
      </trkpt>
      <trkpt lat="52.2301900" lon="1.5709800">
        <ele>0</ele>
        <time>2026-06-26T08:31:54.153Z</time>
        <name>1289</name>
        <extensions>
          <speed_mps>22.352</speed_mps>
          <speed_mph>50.0</speed_mph>
        </extensions>
      </trkpt>
      <trkpt lat="52.2301800" lon="1.5710000">
        <ele>0</ele>
        <time>2026-06-26T08:31:54.232Z</time>
        <name>1290</name>
        <extensions>
          <speed_mps>22.352</speed_mps>
          <speed_mph>50.0</speed_mph>
        </extensions>
      </trkpt>
      <trkpt lat="52.2298300" lon="1.5719300">
        <ele>0</ele>
        <time>2026-06-26T08:31:57.557Z</time>
        <name>1291</name>
        <extensions>
          <speed_mps>22.352</speed_mps>
          <speed_mph>50.0</speed_mph>
        </extensions>
      </trkpt>
      <trkpt lat="52.2297300" lon="1.5722300">
        <ele>0</ele>
        <time>2026-06-26T08:31:58.598Z</time>
        <name>1292</name>
        <extensions>
          <speed_mps>22.352</speed_mps>
          <speed_mph>50.0</speed_mph>
        </extensions>
      </trkpt>
      <trkpt lat="52.2297300" lon="1.5722400">
        <ele>0</ele>
        <time>2026-06-26T08:31:58.628Z</time>
        <name>1293</name>
        <extensions>
          <speed_mps>22.352</speed_mps>
          <speed_mph>50.0</speed_mph>
        </extensions>
      </trkpt>
      <trkpt lat="52.2297200" lon="1.5722600">
        <ele>0</ele>
        <time>2026-06-26T08:31:58.707Z</time>
        <name>1294</name>
        <extensions>
          <speed_mps>22.352</speed_mps>
          <speed_mph>50.0</speed_mph>
        </extensions>
      </trkpt>
      <trkpt lat="52.2295600" lon="1.5727400">
        <ele>0</ele>
        <time>2026-06-26T08:32:00.371Z</time>
        <name>1295</name>
        <extensions>
          <speed_mps>22.352</speed_mps>
          <speed_mph>50.0</speed_mph>
        </extensions>
      </trkpt>
      <trkpt lat="52.2295600" lon="1.5727600">
        <ele>0</ele>
        <time>2026-06-26T08:32:00.432Z</time>
        <name>1296</name>
        <extensions>
          <speed_mps>22.352</speed_mps>
          <speed_mph>50.0</speed_mph>
        </extensions>
      </trkpt>
      <trkpt lat="52.2295500" lon="1.5727800">
        <ele>0</ele>
        <time>2026-06-26T08:32:00.511Z</time>
        <name>1297</name>
        <extensions>
          <speed_mps>22.352</speed_mps>
          <speed_mph>50.0</speed_mph>
        </extensions>
      </trkpt>
      <trkpt lat="52.2293800" lon="1.5732500">
        <ele>0</ele>
        <time>2026-06-26T08:32:02.174Z</time>
        <name>1298</name>
        <extensions>
          <speed_mps>22.352</speed_mps>
          <speed_mph>50.0</speed_mph>
        </extensions>
      </trkpt>
      <trkpt lat="52.2293800" lon="1.5732700">
        <ele>0</ele>
        <time>2026-06-26T08:32:02.235Z</time>
        <name>1299</name>
        <extensions>
          <speed_mps>22.352</speed_mps>
          <speed_mph>50.0</speed_mph>
        </extensions>
      </trkpt>
      <trkpt lat="52.2290100" lon="1.5742500">
        <ele>0</ele>
        <time>2026-06-26T08:32:05.742Z</time>
        <name>1300</name>
        <extensions>
          <speed_mps>22.352</speed_mps>
          <speed_mph>50.0</speed_mph>
        </extensions>
      </trkpt>
      <trkpt lat="52.2290100" lon="1.5742600">
        <ele>0</ele>
        <time>2026-06-26T08:32:05.772Z</time>
        <name>1301</name>
        <extensions>
          <speed_mps>22.352</speed_mps>
          <speed_mph>50.0</speed_mph>
        </extensions>
      </trkpt>
      <trkpt lat="52.2290000" lon="1.5742700">
        <ele>0</ele>
        <time>2026-06-26T08:32:05.830Z</time>
        <name>1302</name>
        <extensions>
          <speed_mps>22.352</speed_mps>
          <speed_mph>50.0</speed_mph>
        </extensions>
      </trkpt>
      <trkpt lat="52.2290000" lon="1.5742900">
        <ele>0</ele>
        <time>2026-06-26T08:32:05.891Z</time>
        <name>1303</name>
        <extensions>
          <speed_mps>22.352</speed_mps>
          <speed_mph>50.0</speed_mph>
        </extensions>
      </trkpt>
      <trkpt lat="52.2288200" lon="1.5747800">
        <ele>0</ele>
        <time>2026-06-26T08:32:07.632Z</time>
        <name>1304</name>
        <extensions>
          <speed_mps>22.352</speed_mps>
          <speed_mph>50.0</speed_mph>
        </extensions>
      </trkpt>
      <trkpt lat="52.2285800" lon="1.5755500">
        <ele>0</ele>
        <time>2026-06-26T08:32:10.264Z</time>
        <name>1305</name>
        <extensions>
          <speed_mps>22.352</speed_mps>
          <speed_mph>50.0</speed_mph>
        </extensions>
      </trkpt>
      <trkpt lat="52.2285800" lon="1.5755600">
        <ele>0</ele>
        <time>2026-06-26T08:32:10.294Z</time>
        <name>1306</name>
        <extensions>
          <speed_mps>22.352</speed_mps>
          <speed_mph>50.0</speed_mph>
        </extensions>
      </trkpt>
      <trkpt lat="52.2285000" lon="1.5758100">
        <ele>0</ele>
        <time>2026-06-26T08:32:11.153Z</time>
        <name>1307</name>
        <extensions>
          <speed_mps>22.352</speed_mps>
          <speed_mph>50.0</speed_mph>
        </extensions>
      </trkpt>
      <trkpt lat="52.2285000" lon="1.5758200">
        <ele>0</ele>
        <time>2026-06-26T08:32:11.184Z</time>
        <name>1308</name>
        <extensions>
          <speed_mps>22.352</speed_mps>
          <speed_mph>50.0</speed_mph>
        </extensions>
      </trkpt>
      <trkpt lat="52.2281200" lon="1.5771000">
        <ele>0</ele>
        <time>2026-06-26T08:32:15.517Z</time>
        <name>1309</name>
        <extensions>
          <speed_mps>22.352</speed_mps>
          <speed_mph>50.0</speed_mph>
        </extensions>
      </trkpt>
      <trkpt lat="52.2281200" lon="1.5771100">
        <ele>0</ele>
        <time>2026-06-26T08:32:15.547Z</time>
        <name>1310</name>
        <extensions>
          <speed_mps>22.352</speed_mps>
          <speed_mph>50.0</speed_mph>
        </extensions>
      </trkpt>
      <trkpt lat="52.2280849" lon="1.5774351">
        <ele>0</ele>
        <time>2026-06-26T08:32:16.835Z</time>
        <name>1311</name>
        <extensions>
          <speed_mps>22.352</speed_mps>
          <speed_mph>50.0</speed_mph>
        </extensions>
      </trkpt>
      <trkpt lat="52.2279699" lon="1.5779801">
        <ele>0</ele>
        <time>2026-06-26T08:32:18.898Z</time>
        <name>1312</name>
        <extensions>
          <speed_mps>22.352</speed_mps>
          <speed_mph>50.0</speed_mph>
        </extensions>
      </trkpt>
      <trkpt lat="52.2280048" lon="1.5779652">
        <ele>0</ele>
        <time>2026-06-26T08:32:19.111Z</time>
        <name>1313</name>
        <extensions>
          <speed_mps>22.352</speed_mps>
          <speed_mph>50.0</speed_mph>
        </extensions>
      </trkpt>
      <trkpt lat="52.2279797" lon="1.5781503">
        <ele>0</ele>
        <time>2026-06-26T08:32:19.995Z</time>
        <name>1314</name>
        <extensions>
          <speed_mps>22.352</speed_mps>
          <speed_mph>50.0</speed_mph>
        </extensions>
      </trkpt>
      <trkpt lat="52.2279047" lon="1.5783953">
        <ele>0</ele>
        <time>2026-06-26T08:32:21.168Z</time>
        <name>1315</name>
        <extensions>
          <speed_mps>22.352</speed_mps>
          <speed_mph>50.0</speed_mph>
        </extensions>
      </trkpt>
      <trkpt lat="52.2277696" lon="1.5787004">
        <ele>0</ele>
        <time>2026-06-26T08:32:22.671Z</time>
        <name>1316</name>
        <extensions>
          <speed_mps>22.352</speed_mps>
          <speed_mph>50.0</speed_mph>
        </extensions>
      </trkpt>
      <trkpt lat="52.2275745" lon="1.5790555">
        <ele>0</ele>
        <time>2026-06-26T08:32:24.491Z</time>
        <name>1317</name>
        <extensions>
          <speed_mps>22.352</speed_mps>
          <speed_mph>50.0</speed_mph>
        </extensions>
      </trkpt>
      <trkpt lat="52.2275695" lon="1.5791205">
        <ele>0</ele>
        <time>2026-06-26T08:32:25.018Z</time>
        <name>1318</name>
        <extensions>
          <speed_mps>22.352</speed_mps>
          <speed_mph>50.0</speed_mph>
        </extensions>
      </trkpt>
      <trkpt lat="52.2273044" lon="1.5795056">
        <ele>0</ele>
        <time>2026-06-26T08:32:27.157Z</time>
        <name>1319</name>
        <extensions>
          <speed_mps>22.352</speed_mps>
          <speed_mph>50.0</speed_mph>
        </extensions>
      </trkpt>
      <trkpt lat="52.2268194" lon="1.5800606">
        <ele>0</ele>
        <time>2026-06-26T08:32:30.481Z</time>
        <name>1320</name>
        <extensions>
          <speed_mps>22.352</speed_mps>
          <speed_mph>50.0</speed_mph>
        </extensions>
      </trkpt>
      <trkpt lat="52.2262743" lon="1.5805457">
        <ele>0</ele>
        <time>2026-06-26T08:32:33.948Z</time>
        <name>1321</name>
        <extensions>
          <speed_mps>22.352</speed_mps>
          <speed_mph>50.0</speed_mph>
        </extensions>
      </trkpt>
      <trkpt lat="52.2262092" lon="1.5805708">
        <ele>0</ele>
        <time>2026-06-26T08:32:34.650Z</time>
        <name>1322</name>
        <extensions>
          <speed_mps>22.352</speed_mps>
          <speed_mph>50.0</speed_mph>
        </extensions>
      </trkpt>
      <trkpt lat="52.2262442" lon="1.5805358">
        <ele>0</ele>
        <time>2026-06-26T08:32:34.825Z</time>
        <name>1323</name>
        <extensions>
          <speed_mps>22.352</speed_mps>
          <speed_mph>50.0</speed_mph>
        </extensions>
      </trkpt>
      <trkpt lat="52.2260291" lon="1.5806309">
        <ele>0</ele>
        <time>2026-06-26T08:32:36.301Z</time>
        <name>1324</name>
        <extensions>
          <speed_mps>22.352</speed_mps>
          <speed_mph>50.0</speed_mph>
        </extensions>
      </trkpt>
      <trkpt lat="52.2258940" lon="1.5806560">
        <ele>0</ele>
        <time>2026-06-26T08:32:37.333Z</time>
        <name>1325</name>
        <extensions>
          <speed_mps>22.352</speed_mps>
          <speed_mph>50.0</speed_mph>
        </extensions>
      </trkpt>
      <trkpt lat="52.2256090" lon="1.5806910">
        <ele>0</ele>
        <time>2026-06-26T08:32:39.100Z</time>
        <name>1326</name>
        <extensions>
          <speed_mps>22.352</speed_mps>
          <speed_mph>50.0</speed_mph>
        </extensions>
      </trkpt>
      <trkpt lat="52.2249539" lon="1.5807861">
        <ele>0</ele>
        <time>2026-06-26T08:32:42.715Z</time>
        <name>1327</name>
        <extensions>
          <speed_mps>22.352</speed_mps>
          <speed_mph>50.0</speed_mph>
        </extensions>
      </trkpt>
      <trkpt lat="52.2247088" lon="1.5807712">
        <ele>0</ele>
        <time>2026-06-26T08:32:44.265Z</time>
        <name>1328</name>
        <extensions>
          <speed_mps>22.352</speed_mps>
          <speed_mph>50.0</speed_mph>
        </extensions>
      </trkpt>
      <trkpt lat="52.2247338" lon="1.5807162">
        <ele>0</ele>
        <time>2026-06-26T08:32:44.466Z</time>
        <name>1329</name>
        <extensions>
          <speed_mps>22.352</speed_mps>
          <speed_mph>50.0</speed_mph>
        </extensions>
      </trkpt>
      <trkpt lat="52.2247287" lon="1.5806613">
        <ele>0</ele>
        <time>2026-06-26T08:32:44.816Z</time>
        <name>1330</name>
        <extensions>
          <speed_mps>22.352</speed_mps>
          <speed_mph>50.0</speed_mph>
        </extensions>
      </trkpt>
      <trkpt lat="52.2247536" lon="1.5806064">
        <ele>0</ele>
        <time>2026-06-26T08:32:45.017Z</time>
        <name>1331</name>
        <extensions>
          <speed_mps>22.352</speed_mps>
          <speed_mph>50.0</speed_mph>
        </extensions>
      </trkpt>
      <trkpt lat="52.2244486" lon="1.5806014">
        <ele>0</ele>
        <time>2026-06-26T08:32:46.867Z</time>
        <name>1332</name>
        <extensions>
          <speed_mps>22.352</speed_mps>
          <speed_mph>50.0</speed_mph>
        </extensions>
      </trkpt>
      <trkpt lat="52.2244635" lon="1.5805665">
        <ele>0</ele>
        <time>2026-06-26T08:32:47.132Z</time>
        <name>1333</name>
        <extensions>
          <speed_mps>22.352</speed_mps>
          <speed_mph>50.0</speed_mph>
        </extensions>
      </trkpt>
      <trkpt lat="52.2244784" lon="1.5805216">
        <ele>0</ele>
        <time>2026-06-26T08:32:47.388Z</time>
        <name>1334</name>
        <extensions>
          <speed_mps>22.352</speed_mps>
          <speed_mph>50.0</speed_mph>
        </extensions>
      </trkpt>
      <trkpt lat="52.2244334" lon="1.5805366">
        <ele>0</ele>
        <time>2026-06-26T08:32:47.987Z</time>
        <name>1335</name>
        <extensions>
          <speed_mps>22.352</speed_mps>
          <speed_mph>50.0</speed_mph>
        </extensions>
      </trkpt>
      <trkpt lat="52.2244183" lon="1.5805617">
        <ele>0</ele>
        <time>2026-06-26T08:32:48.470Z</time>
        <name>1336</name>
        <extensions>
          <speed_mps>22.352</speed_mps>
          <speed_mph>50.0</speed_mph>
        </extensions>
      </trkpt>
      <trkpt lat="52.2242532" lon="1.5807968">
        <ele>0</ele>
        <time>2026-06-26T08:32:49.935Z</time>
        <name>1337</name>
        <extensions>
          <speed_mps>22.352</speed_mps>
          <speed_mph>50.0</speed_mph>
        </extensions>
      </trkpt>
      <trkpt lat="52.2243082" lon="1.5807418">
        <ele>0</ele>
        <time>2026-06-26T08:32:49.993Z</time>
        <name>1338</name>
        <extensions>
          <speed_mps>22.352</speed_mps>
          <speed_mph>50.0</speed_mph>
        </extensions>
      </trkpt>
      <trkpt lat="52.2241031" lon="1.5811069">
        <ele>0</ele>
        <time>2026-06-26T08:32:51.869Z</time>
        <name>1339</name>
        <extensions>
          <speed_mps>22.352</speed_mps>
          <speed_mph>50.0</speed_mph>
        </extensions>
      </trkpt>
      <trkpt lat="52.2237281" lon="1.5818519">
        <ele>0</ele>
        <time>2026-06-26T08:32:55.168Z</time>
        <name>1340</name>
        <extensions>
          <speed_mps>22.352</speed_mps>
          <speed_mph>50.0</speed_mph>
        </extensions>
      </trkpt>
      <trkpt lat="52.2236530" lon="1.5820070">
        <ele>0</ele>
        <time>2026-06-26T08:32:56.134Z</time>
        <name>1341</name>
        <extensions>
          <speed_mps>22.352</speed_mps>
          <speed_mph>50.0</speed_mph>
        </extensions>
      </trkpt>
      <trkpt lat="52.2235179" lon="1.5822121">
        <ele>0</ele>
        <time>2026-06-26T08:32:57.425Z</time>
        <name>1342</name>
        <extensions>
          <speed_mps>22.352</speed_mps>
          <speed_mph>50.0</speed_mph>
        </extensions>
      </trkpt>
      <trkpt lat="52.2232929" lon="1.5825071">
        <ele>0</ele>
        <time>2026-06-26T08:32:59.237Z</time>
        <name>1343</name>
        <extensions>
          <speed_mps>22.352</speed_mps>
          <speed_mph>50.0</speed_mph>
        </extensions>
      </trkpt>
      <trkpt lat="52.2232378" lon="1.5825722">
        <ele>0</ele>
        <time>2026-06-26T08:32:59.954Z</time>
        <name>1344</name>
        <extensions>
          <speed_mps>22.352</speed_mps>
          <speed_mph>50.0</speed_mph>
        </extensions>
      </trkpt>
      <trkpt lat="52.2232827" lon="1.5825373">
        <ele>0</ele>
        <time>2026-06-26T08:33:00.089Z</time>
        <name>1345</name>
        <extensions>
          <speed_mps>22.352</speed_mps>
          <speed_mph>50.0</speed_mph>
        </extensions>
      </trkpt>
      <trkpt lat="52.2229577" lon="1.5829423">
        <ele>0</ele>
        <time>2026-06-26T08:33:02.500Z</time>
        <name>1346</name>
        <extensions>
          <speed_mps>22.352</speed_mps>
          <speed_mph>50.0</speed_mph>
        </extensions>
      </trkpt>
      <trkpt lat="52.2224026" lon="1.5835774">
        <ele>0</ele>
        <time>2026-06-26T08:33:06.250Z</time>
        <name>1347</name>
        <extensions>
          <speed_mps>22.352</speed_mps>
          <speed_mph>50.0</speed_mph>
        </extensions>
      </trkpt>
      <trkpt lat="52.2215575" lon="1.5844125">
        <ele>0</ele>
        <time>2026-06-26T08:33:11.543Z</time>
        <name>1348</name>
        <extensions>
          <speed_mps>22.352</speed_mps>
          <speed_mph>50.0</speed_mph>
        </extensions>
      </trkpt>
      <trkpt lat="52.2212825" lon="1.5846375">
        <ele>0</ele>
        <time>2026-06-26T08:33:13.451Z</time>
        <name>1349</name>
        <extensions>
          <speed_mps>22.352</speed_mps>
          <speed_mph>50.0</speed_mph>
        </extensions>
      </trkpt>
      <trkpt lat="52.2204174" lon="1.5852226">
        <ele>0</ele>
        <time>2026-06-26T08:33:18.484Z</time>
        <name>1350</name>
        <extensions>
          <speed_mps>22.352</speed_mps>
          <speed_mph>50.0</speed_mph>
        </extensions>
      </trkpt>
      <trkpt lat="52.2201323" lon="1.5854477">
        <ele>0</ele>
        <time>2026-06-26T08:33:20.436Z</time>
        <name>1351</name>
        <extensions>
          <speed_mps>22.352</speed_mps>
          <speed_mph>50.0</speed_mph>
        </extensions>
      </trkpt>
      <trkpt lat="52.2197673" lon="1.5857827">
        <ele>0</ele>
        <time>2026-06-26T08:33:22.898Z</time>
        <name>1352</name>
        <extensions>
          <speed_mps>22.352</speed_mps>
          <speed_mph>50.0</speed_mph>
        </extensions>
      </trkpt>
      <trkpt lat="52.2193622" lon="1.5861878">
        <ele>0</ele>
        <time>2026-06-26T08:33:25.640Z</time>
        <name>1353</name>
        <extensions>
          <speed_mps>22.352</speed_mps>
          <speed_mph>50.0</speed_mph>
        </extensions>
      </trkpt>
      <trkpt lat="52.2191471" lon="1.5863529">
        <ele>0</ele>
        <time>2026-06-26T08:33:27.199Z</time>
        <name>1354</name>
        <extensions>
          <speed_mps>22.352</speed_mps>
          <speed_mph>50.0</speed_mph>
        </extensions>
      </trkpt>
      <trkpt lat="52.2190421" lon="1.5863979">
        <ele>0</ele>
        <time>2026-06-26T08:33:28.109Z</time>
        <name>1355</name>
        <extensions>
          <speed_mps>22.352</speed_mps>
          <speed_mph>50.0</speed_mph>
        </extensions>
      </trkpt>
      <trkpt lat="52.2189370" lon="1.5864130">
        <ele>0</ele>
        <time>2026-06-26T08:33:28.989Z</time>
        <name>1356</name>
        <extensions>
          <speed_mps>22.352</speed_mps>
          <speed_mph>50.0</speed_mph>
        </extensions>
      </trkpt>
      <trkpt lat="52.2189919" lon="1.5863581">
        <ele>0</ele>
        <time>2026-06-26T08:33:29.047Z</time>
        <name>1357</name>
        <extensions>
          <speed_mps>22.352</speed_mps>
          <speed_mph>50.0</speed_mph>
        </extensions>
      </trkpt>
      <trkpt lat="52.2188869" lon="1.5863631">
        <ele>0</ele>
        <time>2026-06-26T08:33:29.919Z</time>
        <name>1358</name>
        <extensions>
          <speed_mps>22.352</speed_mps>
          <speed_mph>50.0</speed_mph>
        </extensions>
      </trkpt>
      <trkpt lat="52.2187918" lon="1.5863782">
        <ele>0</ele>
        <time>2026-06-26T08:33:30.752Z</time>
        <name>1359</name>
        <extensions>
          <speed_mps>22.352</speed_mps>
          <speed_mph>50.0</speed_mph>
        </extensions>
      </trkpt>
      <trkpt lat="52.2187168" lon="1.5864132">
        <ele>0</ele>
        <time>2026-06-26T08:33:31.512Z</time>
        <name>1360</name>
        <extensions>
          <speed_mps>22.352</speed_mps>
          <speed_mph>50.0</speed_mph>
        </extensions>
      </trkpt>
      <trkpt lat="52.2186017" lon="1.5865083">
        <ele>0</ele>
        <time>2026-06-26T08:33:32.532Z</time>
        <name>1361</name>
        <extensions>
          <speed_mps>22.352</speed_mps>
          <speed_mph>50.0</speed_mph>
        </extensions>
      </trkpt>
      <trkpt lat="52.2185166" lon="1.5866134">
        <ele>0</ele>
        <time>2026-06-26T08:33:33.440Z</time>
        <name>1362</name>
        <extensions>
          <speed_mps>22.352</speed_mps>
          <speed_mph>50.0</speed_mph>
        </extensions>
      </trkpt>
      <trkpt lat="52.2185616" lon="1.5865584">
        <ele>0</ele>
        <time>2026-06-26T08:33:33.544Z</time>
        <name>1363</name>
        <extensions>
          <speed_mps>22.352</speed_mps>
          <speed_mph>50.0</speed_mph>
        </extensions>
      </trkpt>
      <trkpt lat="52.2183365" lon="1.5868735">
        <ele>0</ele>
        <time>2026-06-26T08:33:35.394Z</time>
        <name>1364</name>
        <extensions>
          <speed_mps>22.352</speed_mps>
          <speed_mph>50.0</speed_mph>
        </extensions>
      </trkpt>
      <trkpt lat="52.2181814" lon="1.5871186">
        <ele>0</ele>
        <time>2026-06-26T08:33:36.840Z</time>
        <name>1365</name>
        <extensions>
          <speed_mps>22.352</speed_mps>
          <speed_mph>50.0</speed_mph>
        </extensions>
      </trkpt>
      <trkpt lat="52.2180864" lon="1.5873036">
        <ele>0</ele>
        <time>2026-06-26T08:33:37.941Z</time>
        <name>1366</name>
        <extensions>
          <speed_mps>22.352</speed_mps>
          <speed_mph>50.0</speed_mph>
        </extensions>
      </trkpt>
      <trkpt lat="52.2181313" lon="1.5872787">
        <ele>0</ele>
        <time>2026-06-26T08:33:38.099Z</time>
        <name>1367</name>
        <extensions>
          <speed_mps>22.352</speed_mps>
          <speed_mph>50.0</speed_mph>
        </extensions>
      </trkpt>
      <trkpt lat="52.2180862" lon="1.5873738">
        <ele>0</ele>
        <time>2026-06-26T08:33:38.832Z</time>
        <name>1368</name>
        <extensions>
          <speed_mps>22.352</speed_mps>
          <speed_mph>50.0</speed_mph>
        </extensions>
      </trkpt>
      <trkpt lat="52.2178812" lon="1.5877588">
        <ele>0</ele>
        <time>2026-06-26T08:33:40.751Z</time>
        <name>1369</name>
        <extensions>
          <speed_mps>22.352</speed_mps>
          <speed_mph>50.0</speed_mph>
        </extensions>
      </trkpt>
      <trkpt lat="52.2177761" lon="1.5880139">
        <ele>0</ele>
        <time>2026-06-26T08:33:42.042Z</time>
        <name>1370</name>
        <extensions>
          <speed_mps>22.352</speed_mps>
          <speed_mph>50.0</speed_mph>
        </extensions>
      </trkpt>
      <trkpt lat="52.2174610" lon="1.5887390">
        <ele>0</ele>
        <time>2026-06-26T08:33:45.102Z</time>
        <name>1371</name>
        <extensions>
          <speed_mps>22.352</speed_mps>
          <speed_mph>50.0</speed_mph>
        </extensions>
      </trkpt>
      <trkpt lat="52.2175160" lon="1.5887040">
        <ele>0</ele>
        <time>2026-06-26T08:33:45.206Z</time>
        <name>1372</name>
        <extensions>
          <speed_mps>22.352</speed_mps>
          <speed_mph>50.0</speed_mph>
        </extensions>
      </trkpt>
      <trkpt lat="52.2172809" lon="1.5892491">
        <ele>0</ele>
        <time>2026-06-26T08:33:47.590Z</time>
        <name>1373</name>
        <extensions>
          <speed_mps>22.352</speed_mps>
          <speed_mph>50.0</speed_mph>
        </extensions>
      </trkpt>
      <trkpt lat="52.2172558" lon="1.5893342">
        <ele>0</ele>
        <time>2026-06-26T08:33:48.230Z</time>
        <name>1374</name>
        <extensions>
          <speed_mps>22.352</speed_mps>
          <speed_mph>50.0</speed_mph>
        </extensions>
      </trkpt>
      <trkpt lat="52.2172208" lon="1.5894092">
        <ele>0</ele>
        <time>2026-06-26T08:33:48.885Z</time>
        <name>1375</name>
        <extensions>
          <speed_mps>22.352</speed_mps>
          <speed_mph>50.0</speed_mph>
        </extensions>
      </trkpt>
      <trkpt lat="52.2172657" lon="1.5893843">
        <ele>0</ele>
        <time>2026-06-26T08:33:49.043Z</time>
        <name>1376</name>
        <extensions>
          <speed_mps>22.352</speed_mps>
          <speed_mph>50.0</speed_mph>
        </extensions>
      </trkpt>
      <trkpt lat="52.2167506" lon="1.5901194">
        <ele>0</ele>
        <time>2026-06-26T08:33:52.820Z</time>
        <name>1377</name>
        <extensions>
          <speed_mps>22.352</speed_mps>
          <speed_mph>50.0</speed_mph>
        </extensions>
      </trkpt>
      <trkpt lat="52.2160356" lon="1.5913244">
        <ele>0</ele>
        <time>2026-06-26T08:33:58.300Z</time>
        <name>1378</name>
        <extensions>
          <speed_mps>22.352</speed_mps>
          <speed_mph>50.0</speed_mph>
        </extensions>
      </trkpt>
      <trkpt lat="52.2158005" lon="1.5916995">
        <ele>0</ele>
        <time>2026-06-26T08:34:00.306Z</time>
        <name>1379</name>
        <extensions>
          <speed_mps>22.352</speed_mps>
          <speed_mph>50.0</speed_mph>
        </extensions>
      </trkpt>
      <trkpt lat="52.2156255" lon="1.5919245">
        <ele>0</ele>
        <time>2026-06-26T08:34:01.792Z</time>
        <name>1380</name>
        <extensions>
          <speed_mps>22.352</speed_mps>
          <speed_mph>50.0</speed_mph>
        </extensions>
      </trkpt>
      <trkpt lat="52.2152204" lon="1.5923096">
        <ele>0</ele>
        <time>2026-06-26T08:34:04.502Z</time>
        <name>1381</name>
        <extensions>
          <speed_mps>22.352</speed_mps>
          <speed_mph>50.0</speed_mph>
        </extensions>
      </trkpt>
      <trkpt lat="52.2149453" lon="1.5925247">
        <ele>0</ele>
        <time>2026-06-26T08:34:06.397Z</time>
        <name>1382</name>
        <extensions>
          <speed_mps>22.352</speed_mps>
          <speed_mph>50.0</speed_mph>
        </extensions>
      </trkpt>
      <trkpt lat="52.2145703" lon="1.5927897">
        <ele>0</ele>
        <time>2026-06-26T08:34:08.806Z</time>
        <name>1383</name>
        <extensions>
          <speed_mps>22.352</speed_mps>
          <speed_mph>50.0</speed_mph>
        </extensions>
      </trkpt>
      <trkpt lat="52.2143452" lon="1.5929748">
        <ele>0</ele>
        <time>2026-06-26T08:34:10.437Z</time>
        <name>1384</name>
        <extensions>
          <speed_mps>22.352</speed_mps>
          <speed_mph>50.0</speed_mph>
        </extensions>
      </trkpt>
      <trkpt lat="52.2142901" lon="1.5929899">
        <ele>0</ele>
        <time>2026-06-26T08:34:11.082Z</time>
        <name>1385</name>
        <extensions>
          <speed_mps>22.352</speed_mps>
          <speed_mph>50.0</speed_mph>
        </extensions>
      </trkpt>
      <trkpt lat="52.2142551" lon="1.5930049">
        <ele>0</ele>
        <time>2026-06-26T08:34:11.636Z</time>
        <name>1386</name>
        <extensions>
          <speed_mps>22.352</speed_mps>
          <speed_mph>50.0</speed_mph>
        </extensions>
      </trkpt>
      <trkpt lat="52.2142200" lon="1.5930000">
        <ele>0</ele>
        <time>2026-06-26T08:34:12.166Z</time>
        <name>1387</name>
        <extensions>
          <speed_mps>22.352</speed_mps>
          <speed_mph>50.0</speed_mph>
        </extensions>
      </trkpt>
      <trkpt lat="52.2141649" lon="1.5929951">
        <ele>0</ele>
        <time>2026-06-26T08:34:12.790Z</time>
        <name>1388</name>
        <extensions>
          <speed_mps>22.352</speed_mps>
          <speed_mph>50.0</speed_mph>
        </extensions>
      </trkpt>
      <trkpt lat="52.2140699" lon="1.5929901">
        <ele>0</ele>
        <time>2026-06-26T08:34:13.607Z</time>
        <name>1389</name>
        <extensions>
          <speed_mps>22.352</speed_mps>
          <speed_mph>50.0</speed_mph>
        </extensions>
      </trkpt>
      <trkpt lat="52.2137948" lon="1.5929852">
        <ele>0</ele>
        <time>2026-06-26T08:34:15.308Z</time>
        <name>1390</name>
        <extensions>
          <speed_mps>22.352</speed_mps>
          <speed_mph>50.0</speed_mph>
        </extensions>
      </trkpt>
      <trkpt lat="52.2136697" lon="1.5929103">
        <ele>0</ele>
        <time>2026-06-26T08:34:16.254Z</time>
        <name>1391</name>
        <extensions>
          <speed_mps>22.352</speed_mps>
          <speed_mph>50.0</speed_mph>
        </extensions>
      </trkpt>
      <trkpt lat="52.2135847" lon="1.5928253">
        <ele>0</ele>
        <time>2026-06-26T08:34:17.003Z</time>
        <name>1392</name>
        <extensions>
          <speed_mps>22.352</speed_mps>
          <speed_mph>50.0</speed_mph>
        </extensions>
      </trkpt>
      <trkpt lat="52.2135196" lon="1.5927304">
        <ele>0</ele>
        <time>2026-06-26T08:34:17.656Z</time>
        <name>1393</name>
        <extensions>
          <speed_mps>22.352</speed_mps>
          <speed_mph>50.0</speed_mph>
        </extensions>
      </trkpt>
      <trkpt lat="52.2134445" lon="1.5926155">
        <ele>0</ele>
        <time>2026-06-26T08:34:18.369Z</time>
        <name>1394</name>
        <extensions>
          <speed_mps>22.352</speed_mps>
          <speed_mph>50.0</speed_mph>
        </extensions>
      </trkpt>
      <trkpt lat="52.2131095" lon="1.5923105">
        <ele>0</ele>
        <time>2026-06-26T08:34:20.489Z</time>
        <name>1395</name>
        <extensions>
          <speed_mps>22.352</speed_mps>
          <speed_mph>50.0</speed_mph>
        </extensions>
      </trkpt>
      <trkpt lat="52.2129944" lon="1.5921256">
        <ele>0</ele>
        <time>2026-06-26T08:34:21.456Z</time>
        <name>1396</name>
        <extensions>
          <speed_mps>22.352</speed_mps>
          <speed_mph>50.0</speed_mph>
        </extensions>
      </trkpt>
      <trkpt lat="52.2128494" lon="1.5918706">
        <ele>0</ele>
        <time>2026-06-26T08:34:22.650Z</time>
        <name>1397</name>
        <extensions>
          <speed_mps>22.352</speed_mps>
          <speed_mph>50.0</speed_mph>
        </extensions>
      </trkpt>
      <trkpt lat="52.2127343" lon="1.5916257">
        <ele>0</ele>
        <time>2026-06-26T08:34:23.701Z</time>
        <name>1398</name>
        <extensions>
          <speed_mps>22.352</speed_mps>
          <speed_mph>50.0</speed_mph>
        </extensions>
      </trkpt>
      <trkpt lat="52.2112392" lon="1.5898608">
        <ele>0</ele>
        <time>2026-06-26T08:34:33.032Z</time>
        <name>1399</name>
        <extensions>
          <speed_mps>22.352</speed_mps>
          <speed_mph>50.0</speed_mph>
        </extensions>
      </trkpt>
      <trkpt lat="52.2100242" lon="1.5882858">
        <ele>0</ele>
        <time>2026-06-26T08:34:40.888Z</time>
        <name>1400</name>
        <extensions>
          <speed_mps>22.352</speed_mps>
          <speed_mph>50.0</speed_mph>
        </extensions>
      </trkpt>
      <trkpt lat="52.2096791" lon="1.5877609">
        <ele>0</ele>
        <time>2026-06-26T08:34:43.363Z</time>
        <name>1401</name>
        <extensions>
          <speed_mps>22.352</speed_mps>
          <speed_mph>50.0</speed_mph>
        </extensions>
      </trkpt>
      <trkpt lat="52.2094040" lon="1.5873460">
        <ele>0</ele>
        <time>2026-06-26T08:34:45.363Z</time>
        <name>1402</name>
        <extensions>
          <speed_mps>22.352</speed_mps>
          <speed_mph>50.0</speed_mph>
        </extensions>
      </trkpt>
      <trkpt lat="52.2092790" lon="1.5871210">
        <ele>0</ele>
        <time>2026-06-26T08:34:46.426Z</time>
        <name>1403</name>
        <extensions>
          <speed_mps>22.352</speed_mps>
          <speed_mph>50.0</speed_mph>
        </extensions>
      </trkpt>
      <trkpt lat="52.2091839" lon="1.5869461">
        <ele>0</ele>
        <time>2026-06-26T08:34:47.290Z</time>
        <name>1404</name>
        <extensions>
          <speed_mps>22.352</speed_mps>
          <speed_mph>50.0</speed_mph>
        </extensions>
      </trkpt>
      <trkpt lat="52.2090388" lon="1.5867712">
        <ele>0</ele>
        <time>2026-06-26T08:34:48.387Z</time>
        <name>1405</name>
        <extensions>
          <speed_mps>22.352</speed_mps>
          <speed_mph>50.0</speed_mph>
        </extensions>
      </trkpt>
      <trkpt lat="52.2090938" lon="1.5866962">
        <ele>0</ele>
        <time>2026-06-26T08:34:48.446Z</time>
        <name>1406</name>
        <extensions>
          <speed_mps>22.352</speed_mps>
          <speed_mph>50.0</speed_mph>
        </extensions>
      </trkpt>
      <trkpt lat="52.2088787" lon="1.5865113">
        <ele>0</ele>
        <time>2026-06-26T08:34:49.886Z</time>
        <name>1407</name>
        <extensions>
          <speed_mps>22.352</speed_mps>
          <speed_mph>50.0</speed_mph>
        </extensions>
      </trkpt>
      <trkpt lat="52.2089336" lon="1.5865164">
        <ele>0</ele>
        <time>2026-06-26T08:34:50.105Z</time>
        <name>1408</name>
        <extensions>
          <speed_mps>22.352</speed_mps>
          <speed_mph>50.0</speed_mph>
        </extensions>
      </trkpt>
      <trkpt lat="52.2089986" lon="1.5865114">
        <ele>0</ele>
        <time>2026-06-26T08:34:50.288Z</time>
        <name>1409</name>
        <extensions>
          <speed_mps>22.352</speed_mps>
          <speed_mph>50.0</speed_mph>
        </extensions>
      </trkpt>
      <trkpt lat="52.2090435" lon="1.5866065">
        <ele>0</ele>
        <time>2026-06-26T08:34:50.785Z</time>
        <name>1410</name>
        <extensions>
          <speed_mps>22.352</speed_mps>
          <speed_mph>50.0</speed_mph>
        </extensions>
      </trkpt>
      <trkpt lat="52.2090684" lon="1.5871816">
        <ele>0</ele>
        <time>2026-06-26T08:34:52.746Z</time>
        <name>1411</name>
        <extensions>
          <speed_mps>22.352</speed_mps>
          <speed_mph>50.0</speed_mph>
        </extensions>
      </trkpt>
      <trkpt lat="52.2091334" lon="1.5909466">
        <ele>0</ele>
        <time>2026-06-26T08:35:04.419Z</time>
        <name>1412</name>
        <extensions>
          <speed_mps>22.352</speed_mps>
          <speed_mph>50.0</speed_mph>
        </extensions>
      </trkpt>
      <trkpt lat="52.2093683" lon="1.5941917">
        <ele>0</ele>
        <time>2026-06-26T08:35:14.543Z</time>
        <name>1413</name>
        <extensions>
          <speed_mps>22.352</speed_mps>
          <speed_mph>50.0</speed_mph>
        </extensions>
      </trkpt>
      <trkpt lat="52.2094332" lon="1.5944768">
        <ele>0</ele>
        <time>2026-06-26T08:35:15.610Z</time>
        <name>1414</name>
        <extensions>
          <speed_mps>22.352</speed_mps>
          <speed_mph>50.0</speed_mph>
        </extensions>
      </trkpt>
      <trkpt lat="52.2094582" lon="1.5947618">
        <ele>0</ele>
        <time>2026-06-26T08:35:16.695Z</time>
        <name>1415</name>
        <extensions>
          <speed_mps>22.352</speed_mps>
          <speed_mph>50.0</speed_mph>
        </extensions>
      </trkpt>
      <trkpt lat="52.2094731" lon="1.5949769">
        <ele>0</ele>
        <time>2026-06-26T08:35:17.584Z</time>
        <name>1416</name>
        <extensions>
          <speed_mps>22.352</speed_mps>
          <speed_mph>50.0</speed_mph>
        </extensions>
      </trkpt>
      <trkpt lat="52.2095381" lon="1.5949319">
        <ele>0</ele>
        <time>2026-06-26T08:35:17.645Z</time>
        <name>1417</name>
        <extensions>
          <speed_mps>22.352</speed_mps>
          <speed_mph>50.0</speed_mph>
        </extensions>
      </trkpt>
      <trkpt lat="52.2095130" lon="1.5953270">
        <ele>0</ele>
        <time>2026-06-26T08:35:19.116Z</time>
        <name>1418</name>
        <extensions>
          <speed_mps>22.352</speed_mps>
          <speed_mph>50.0</speed_mph>
        </extensions>
      </trkpt>
      <trkpt lat="52.2095079" lon="1.5957221">
        <ele>0</ele>
        <time>2026-06-26T08:35:20.561Z</time>
        <name>1419</name>
        <extensions>
          <speed_mps>22.352</speed_mps>
          <speed_mph>50.0</speed_mph>
        </extensions>
      </trkpt>
      <trkpt lat="52.2095629" lon="1.5961471">
        <ele>0</ele>
        <time>2026-06-26T08:35:22.055Z</time>
        <name>1420</name>
        <extensions>
          <speed_mps>22.352</speed_mps>
          <speed_mph>50.0</speed_mph>
        </extensions>
      </trkpt>
      <trkpt lat="52.2096878" lon="1.5967922">
        <ele>0</ele>
        <time>2026-06-26T08:35:24.240Z</time>
        <name>1421</name>
        <extensions>
          <speed_mps>22.352</speed_mps>
          <speed_mph>50.0</speed_mph>
        </extensions>
      </trkpt>
      <trkpt lat="52.2097427" lon="1.5970473">
        <ele>0</ele>
        <time>2026-06-26T08:35:25.216Z</time>
        <name>1422</name>
        <extensions>
          <speed_mps>22.352</speed_mps>
          <speed_mph>50.0</speed_mph>
        </extensions>
      </trkpt>
      <trkpt lat="52.2097677" lon="1.5972723">
        <ele>0</ele>
        <time>2026-06-26T08:35:26.122Z</time>
        <name>1423</name>
        <extensions>
          <speed_mps>22.352</speed_mps>
          <speed_mph>50.0</speed_mph>
        </extensions>
      </trkpt>
      <trkpt lat="52.2097926" lon="1.5974074">
        <ele>0</ele>
        <time>2026-06-26T08:35:26.764Z</time>
        <name>1424</name>
        <extensions>
          <speed_mps>22.352</speed_mps>
          <speed_mph>50.0</speed_mph>
        </extensions>
      </trkpt>
      <trkpt lat="52.2097875" lon="1.5975425">
        <ele>0</ele>
        <time>2026-06-26T08:35:27.466Z</time>
        <name>1425</name>
        <extensions>
          <speed_mps>22.352</speed_mps>
          <speed_mph>50.0</speed_mph>
        </extensions>
      </trkpt>
      <trkpt lat="52.2097425" lon="1.5977075">
        <ele>0</ele>
        <time>2026-06-26T08:35:28.355Z</time>
        <name>1426</name>
        <extensions>
          <speed_mps>22.352</speed_mps>
          <speed_mph>50.0</speed_mph>
        </extensions>
      </trkpt>
      <trkpt lat="52.2096774" lon="1.5978326">
        <ele>0</ele>
        <time>2026-06-26T08:35:29.223Z</time>
        <name>1427</name>
        <extensions>
          <speed_mps>22.352</speed_mps>
          <speed_mph>50.0</speed_mph>
        </extensions>
      </trkpt>
      <trkpt lat="52.2094223" lon="1.5979877">
        <ele>0</ele>
        <time>2026-06-26T08:35:30.950Z</time>
        <name>1428</name>
        <extensions>
          <speed_mps>22.352</speed_mps>
          <speed_mph>50.0</speed_mph>
        </extensions>
      </trkpt>
      <trkpt lat="52.2094773" lon="1.5979227">
        <ele>0</ele>
        <time>2026-06-26T08:35:31.000Z</time>
        <name>1429</name>
        <extensions>
          <speed_mps>22.352</speed_mps>
          <speed_mph>50.0</speed_mph>
        </extensions>
      </trkpt>
      <trkpt lat="52.2089522" lon="1.5981278">
        <ele>0</ele>
        <time>2026-06-26T08:35:34.048Z</time>
        <name>1430</name>
        <extensions>
          <speed_mps>22.352</speed_mps>
          <speed_mph>50.0</speed_mph>
        </extensions>
      </trkpt>
      <trkpt lat="52.2087071" lon="1.5982429">
        <ele>0</ele>
        <time>2026-06-26T08:35:35.685Z</time>
        <name>1431</name>
        <extensions>
          <speed_mps>22.352</speed_mps>
          <speed_mph>50.0</speed_mph>
        </extensions>
      </trkpt>
      <trkpt lat="52.2086421" lon="1.5982779">
        <ele>0</ele>
        <time>2026-06-26T08:35:36.400Z</time>
        <name>1432</name>
        <extensions>
          <speed_mps>22.352</speed_mps>
          <speed_mph>50.0</speed_mph>
        </extensions>
      </trkpt>
      <trkpt lat="52.2085470" lon="1.5983230">
        <ele>0</ele>
        <time>2026-06-26T08:35:37.264Z</time>
        <name>1433</name>
        <extensions>
          <speed_mps>22.352</speed_mps>
          <speed_mph>50.0</speed_mph>
        </extensions>
      </trkpt>
      <trkpt lat="52.2083019" lon="1.5984981">
        <ele>0</ele>
        <time>2026-06-26T08:35:38.971Z</time>
        <name>1434</name>
        <extensions>
          <speed_mps>22.352</speed_mps>
          <speed_mph>50.0</speed_mph>
        </extensions>
      </trkpt>
      <trkpt lat="52.2083469" lon="1.5984431">
        <ele>0</ele>
        <time>2026-06-26T08:35:39.075Z</time>
        <name>1435</name>
        <extensions>
          <speed_mps>22.352</speed_mps>
          <speed_mph>50.0</speed_mph>
        </extensions>
      </trkpt>
      <trkpt lat="52.2082018" lon="1.5985582">
        <ele>0</ele>
        <time>2026-06-26T08:35:40.255Z</time>
        <name>1436</name>
        <extensions>
          <speed_mps>22.352</speed_mps>
          <speed_mph>50.0</speed_mph>
        </extensions>
      </trkpt>
      <trkpt lat="52.2080068" lon="1.5987532">
        <ele>0</ele>
        <time>2026-06-26T08:35:41.772Z</time>
        <name>1437</name>
        <extensions>
          <speed_mps>22.352</speed_mps>
          <speed_mph>50.0</speed_mph>
        </extensions>
      </trkpt>
      <trkpt lat="52.2079317" lon="1.5988583">
        <ele>0</ele>
        <time>2026-06-26T08:35:42.640Z</time>
        <name>1438</name>
        <extensions>
          <speed_mps>22.352</speed_mps>
          <speed_mph>50.0</speed_mph>
        </extensions>
      </trkpt>
      <trkpt lat="52.2077666" lon="1.5990334">
        <ele>0</ele>
        <time>2026-06-26T08:35:43.998Z</time>
        <name>1439</name>
        <extensions>
          <speed_mps>22.352</speed_mps>
          <speed_mph>50.0</speed_mph>
        </extensions>
      </trkpt>
      <trkpt lat="52.2076116" lon="1.5991484">
        <ele>0</ele>
        <time>2026-06-26T08:35:45.222Z</time>
        <name>1440</name>
        <extensions>
          <speed_mps>22.352</speed_mps>
          <speed_mph>50.0</speed_mph>
        </extensions>
      </trkpt>
      <trkpt lat="52.2070765" lon="1.5996735">
        <ele>0</ele>
        <time>2026-06-26T08:35:48.707Z</time>
        <name>1441</name>
        <extensions>
          <speed_mps>22.352</speed_mps>
          <speed_mph>50.0</speed_mph>
        </extensions>
      </trkpt>
      <trkpt lat="52.2071014" lon="1.5996386">
        <ele>0</ele>
        <time>2026-06-26T08:35:48.926Z</time>
        <name>1442</name>
        <extensions>
          <speed_mps>22.352</speed_mps>
          <speed_mph>50.0</speed_mph>
        </extensions>
      </trkpt>
      <trkpt lat="52.2070664" lon="1.5996636">
        <ele>0</ele>
        <time>2026-06-26T08:35:49.494Z</time>
        <name>1443</name>
        <extensions>
          <speed_mps>22.352</speed_mps>
          <speed_mph>50.0</speed_mph>
        </extensions>
      </trkpt>
      <trkpt lat="52.2070713" lon="1.5996287">
        <ele>0</ele>
        <time>2026-06-26T08:35:49.806Z</time>
        <name>1444</name>
        <extensions>
          <speed_mps>22.352</speed_mps>
          <speed_mph>50.0</speed_mph>
        </extensions>
      </trkpt>
      <trkpt lat="52.2069862" lon="1.5996638">
        <ele>0</ele>
        <time>2026-06-26T08:35:50.612Z</time>
        <name>1445</name>
        <extensions>
          <speed_mps>22.352</speed_mps>
          <speed_mph>50.0</speed_mph>
        </extensions>
      </trkpt>
      <trkpt lat="52.2070312" lon="1.5996088">
        <ele>0</ele>
        <time>2026-06-26T08:35:50.716Z</time>
        <name>1446</name>
        <extensions>
          <speed_mps>22.352</speed_mps>
          <speed_mph>50.0</speed_mph>
        </extensions>
      </trkpt>
      <trkpt lat="52.2069261" lon="1.5996539">
        <ele>0</ele>
        <time>2026-06-26T08:35:51.626Z</time>
        <name>1447</name>
        <extensions>
          <speed_mps>22.352</speed_mps>
          <speed_mph>50.0</speed_mph>
        </extensions>
      </trkpt>
      <trkpt lat="52.2067210" lon="1.5997090">
        <ele>0</ele>
        <time>2026-06-26T08:35:53.018Z</time>
        <name>1448</name>
        <extensions>
          <speed_mps>22.352</speed_mps>
          <speed_mph>50.0</speed_mph>
        </extensions>
      </trkpt>
      <trkpt lat="52.2062260" lon="1.5999240">
        <ele>0</ele>
        <time>2026-06-26T08:35:55.932Z</time>
        <name>1449</name>
        <extensions>
          <speed_mps>22.352</speed_mps>
          <speed_mph>50.0</speed_mph>
        </extensions>
      </trkpt>
      <trkpt lat="52.2059509" lon="1.6000091">
        <ele>0</ele>
        <time>2026-06-26T08:35:57.684Z</time>
        <name>1450</name>
        <extensions>
          <speed_mps>22.352</speed_mps>
          <speed_mph>50.0</speed_mph>
        </extensions>
      </trkpt>
      <trkpt lat="52.2044958" lon="1.6007442">
        <ele>0</ele>
        <time>2026-06-26T08:36:05.629Z</time>
        <name>1451</name>
        <extensions>
          <speed_mps>22.352</speed_mps>
          <speed_mph>50.0</speed_mph>
        </extensions>
      </trkpt>
      <trkpt lat="52.2026808" lon="1.6016092">
        <ele>0</ele>
        <time>2026-06-26T08:36:15.402Z</time>
        <name>1452</name>
        <extensions>
          <speed_mps>22.352</speed_mps>
          <speed_mph>50.0</speed_mph>
        </extensions>
      </trkpt>
      <trkpt lat="52.2027257" lon="1.6015443">
        <ele>0</ele>
        <time>2026-06-26T08:36:15.501Z</time>
        <name>1453</name>
        <extensions>
          <speed_mps>22.352</speed_mps>
          <speed_mph>50.0</speed_mph>
        </extensions>
      </trkpt>
      <trkpt lat="52.2021106" lon="1.6018294">
        <ele>0</ele>
        <time>2026-06-26T08:36:19.048Z</time>
        <name>1454</name>
        <extensions>
          <speed_mps>22.352</speed_mps>
          <speed_mph>50.0</speed_mph>
        </extensions>
      </trkpt>
      <trkpt lat="52.2017856" lon="1.6019444">
        <ele>0</ele>
        <time>2026-06-26T08:36:21.064Z</time>
        <name>1455</name>
        <extensions>
          <speed_mps>22.352</speed_mps>
          <speed_mph>50.0</speed_mph>
        </extensions>
      </trkpt>
      <trkpt lat="52.2017205" lon="1.6019295">
        <ele>0</ele>
        <time>2026-06-26T08:36:21.729Z</time>
        <name>1456</name>
        <extensions>
          <speed_mps>22.352</speed_mps>
          <speed_mph>50.0</speed_mph>
        </extensions>
      </trkpt>
      <trkpt lat="52.2014555" lon="1.6019545">
        <ele>0</ele>
        <time>2026-06-26T08:36:23.393Z</time>
        <name>1457</name>
        <extensions>
          <speed_mps>22.352</speed_mps>
          <speed_mph>50.0</speed_mph>
        </extensions>
      </trkpt>
      <trkpt lat="52.2012504" lon="1.6019796">
        <ele>0</ele>
        <time>2026-06-26T08:36:24.764Z</time>
        <name>1458</name>
        <extensions>
          <speed_mps>22.352</speed_mps>
          <speed_mph>50.0</speed_mph>
        </extensions>
      </trkpt>
      <trkpt lat="52.2011353" lon="1.6019947">
        <ele>0</ele>
        <time>2026-06-26T08:36:25.692Z</time>
        <name>1459</name>
        <extensions>
          <speed_mps>22.352</speed_mps>
          <speed_mph>50.0</speed_mph>
        </extensions>
      </trkpt>
      <trkpt lat="52.2010503" lon="1.6020097">
        <ele>0</ele>
        <time>2026-06-26T08:36:26.477Z</time>
        <name>1460</name>
        <extensions>
          <speed_mps>22.352</speed_mps>
          <speed_mph>50.0</speed_mph>
        </extensions>
      </trkpt>
      <trkpt lat="52.2009852" lon="1.6020548">
        <ele>0</ele>
        <time>2026-06-26T08:36:27.206Z</time>
        <name>1461</name>
        <extensions>
          <speed_mps>22.352</speed_mps>
          <speed_mph>50.0</speed_mph>
        </extensions>
      </trkpt>
      <trkpt lat="52.2009201" lon="1.6021399">
        <ele>0</ele>
        <time>2026-06-26T08:36:27.998Z</time>
        <name>1462</name>
        <extensions>
          <speed_mps>22.352</speed_mps>
          <speed_mph>50.0</speed_mph>
        </extensions>
      </trkpt>
      <trkpt lat="52.2008451" lon="1.6022749">
        <ele>0</ele>
        <time>2026-06-26T08:36:28.924Z</time>
        <name>1463</name>
        <extensions>
          <speed_mps>22.352</speed_mps>
          <speed_mph>50.0</speed_mph>
        </extensions>
      </trkpt>
      <trkpt lat="52.2008100" lon="1.6023900">
        <ele>0</ele>
        <time>2026-06-26T08:36:29.664Z</time>
        <name>1464</name>
        <extensions>
          <speed_mps>22.352</speed_mps>
          <speed_mph>50.0</speed_mph>
        </extensions>
      </trkpt>
      <trkpt lat="52.2007549" lon="1.6025851">
        <ele>0</ele>
        <time>2026-06-26T08:36:30.657Z</time>
        <name>1465</name>
        <extensions>
          <speed_mps>22.352</speed_mps>
          <speed_mph>50.0</speed_mph>
        </extensions>
      </trkpt>
      <trkpt lat="52.1999099" lon="1.6054201">
        <ele>0</ele>
        <time>2026-06-26T08:36:40.589Z</time>
        <name>1466</name>
        <extensions>
          <speed_mps>22.352</speed_mps>
          <speed_mph>50.0</speed_mph>
        </extensions>
      </trkpt>
      <trkpt lat="52.1998048" lon="1.6062152">
        <ele>0</ele>
        <time>2026-06-26T08:36:43.344Z</time>
        <name>1467</name>
        <extensions>
          <speed_mps>22.352</speed_mps>
          <speed_mph>50.0</speed_mph>
        </extensions>
      </trkpt>
      <trkpt lat="52.1997097" lon="1.6072203">
        <ele>0</ele>
        <time>2026-06-26T08:36:46.702Z</time>
        <name>1468</name>
        <extensions>
          <speed_mps>22.352</speed_mps>
          <speed_mph>50.0</speed_mph>
        </extensions>
      </trkpt>
      <trkpt lat="52.1997347" lon="1.6075953">
        <ele>0</ele>
        <time>2026-06-26T08:36:48.058Z</time>
        <name>1469</name>
        <extensions>
          <speed_mps>22.352</speed_mps>
          <speed_mph>50.0</speed_mph>
        </extensions>
      </trkpt>
      <trkpt lat="52.1997896" lon="1.6086204">
        <ele>0</ele>
        <time>2026-06-26T08:36:51.382Z</time>
        <name>1470</name>
        <extensions>
          <speed_mps>22.352</speed_mps>
          <speed_mph>50.0</speed_mph>
        </extensions>
      </trkpt>
      <trkpt lat="52.1998745" lon="1.6089955">
        <ele>0</ele>
        <time>2026-06-26T08:36:52.727Z</time>
        <name>1471</name>
        <extensions>
          <speed_mps>22.352</speed_mps>
          <speed_mph>50.0</speed_mph>
        </extensions>
      </trkpt>
      <trkpt lat="52.1999795" lon="1.6093005">
        <ele>0</ele>
        <time>2026-06-26T08:36:53.872Z</time>
        <name>1472</name>
        <extensions>
          <speed_mps>22.352</speed_mps>
          <speed_mph>50.0</speed_mph>
        </extensions>
      </trkpt>
      <trkpt lat="52.2006544" lon="1.6128656">
        <ele>0</ele>
        <time>2026-06-26T08:37:05.348Z</time>
        <name>1473</name>
        <extensions>
          <speed_mps>22.352</speed_mps>
          <speed_mph>50.0</speed_mph>
        </extensions>
      </trkpt>
      <trkpt lat="52.2010394" lon="1.6145006">
        <ele>0</ele>
        <time>2026-06-26T08:37:10.769Z</time>
        <name>1474</name>
        <extensions>
          <speed_mps>22.352</speed_mps>
          <speed_mph>50.0</speed_mph>
        </extensions>
      </trkpt>
      <trkpt lat="52.2011043" lon="1.6144457">
        <ele>0</ele>
        <time>2026-06-26T08:37:10.800Z</time>
        <name>1475</name>
        <extensions>
          <speed_mps>22.352</speed_mps>
          <speed_mph>50.0</speed_mph>
        </extensions>
      </trkpt>
      <trkpt lat="52.2016192" lon="1.6168308">
        <ele>0</ele>
        <time>2026-06-26T08:37:18.597Z</time>
        <name>1476</name>
        <extensions>
          <speed_mps>22.352</speed_mps>
          <speed_mph>50.0</speed_mph>
        </extensions>
      </trkpt>
      <trkpt lat="52.2016842" lon="1.6167958">
        <ele>0</ele>
        <time>2026-06-26T08:37:18.689Z</time>
        <name>1477</name>
        <extensions>
          <speed_mps>22.352</speed_mps>
          <speed_mph>50.0</speed_mph>
        </extensions>
      </trkpt>
      <trkpt lat="52.2018691" lon="1.6174309">
        <ele>0</ele>
        <time>2026-06-26T08:37:20.905Z</time>
        <name>1478</name>
        <extensions>
          <speed_mps>22.352</speed_mps>
          <speed_mph>50.0</speed_mph>
        </extensions>
      </trkpt>
      <trkpt lat="52.2020440" lon="1.6183860">
        <ele>0</ele>
        <time>2026-06-26T08:37:24.062Z</time>
        <name>1479</name>
        <extensions>
          <speed_mps>22.352</speed_mps>
          <speed_mph>50.0</speed_mph>
        </extensions>
      </trkpt>
      <trkpt lat="52.2021790" lon="1.6195410">
        <ele>0</ele>
        <time>2026-06-26T08:37:27.798Z</time>
        <name>1480</name>
        <extensions>
          <speed_mps>22.352</speed_mps>
          <speed_mph>50.0</speed_mph>
        </extensions>
      </trkpt>
      <trkpt lat="52.2022339" lon="1.6199861">
        <ele>0</ele>
        <time>2026-06-26T08:37:29.353Z</time>
        <name>1481</name>
        <extensions>
          <speed_mps>22.352</speed_mps>
          <speed_mph>50.0</speed_mph>
        </extensions>
      </trkpt>
      <trkpt lat="52.2023188" lon="1.6204012">
        <ele>0</ele>
        <time>2026-06-26T08:37:30.820Z</time>
        <name>1482</name>
        <extensions>
          <speed_mps>22.352</speed_mps>
          <speed_mph>50.0</speed_mph>
        </extensions>
      </trkpt>
      <trkpt lat="52.2025038" lon="1.6208162">
        <ele>0</ele>
        <time>2026-06-26T08:37:32.400Z</time>
        <name>1483</name>
        <extensions>
          <speed_mps>22.352</speed_mps>
          <speed_mph>50.0</speed_mph>
        </extensions>
      </trkpt>
      <trkpt lat="52.2026987" lon="1.6211513">
        <ele>0</ele>
        <time>2026-06-26T08:37:33.781Z</time>
        <name>1484</name>
        <extensions>
          <speed_mps>22.352</speed_mps>
          <speed_mph>50.0</speed_mph>
        </extensions>
      </trkpt>
      <trkpt lat="52.2029336" lon="1.6215564">
        <ele>0</ele>
        <time>2026-06-26T08:37:35.445Z</time>
        <name>1485</name>
        <extensions>
          <speed_mps>22.352</speed_mps>
          <speed_mph>50.0</speed_mph>
        </extensions>
      </trkpt>
      <trkpt lat="52.2031786" lon="1.6219014">
        <ele>0</ele>
        <time>2026-06-26T08:37:36.982Z</time>
        <name>1486</name>
        <extensions>
          <speed_mps>22.352</speed_mps>
          <speed_mph>50.0</speed_mph>
        </extensions>
      </trkpt>
      <trkpt lat="52.2034335" lon="1.6222265">
        <ele>0</ele>
        <time>2026-06-26T08:37:38.501Z</time>
        <name>1487</name>
        <extensions>
          <speed_mps>22.352</speed_mps>
          <speed_mph>50.0</speed_mph>
        </extensions>
      </trkpt>
      <trkpt lat="52.2036284" lon="1.6224616">
        <ele>0</ele>
        <time>2026-06-26T08:37:39.621Z</time>
        <name>1488</name>
        <extensions>
          <speed_mps>22.352</speed_mps>
          <speed_mph>50.0</speed_mph>
        </extensions>
      </trkpt>
      <trkpt lat="52.2038534" lon="1.6228466">
        <ele>0</ele>
        <time>2026-06-26T08:37:41.207Z</time>
        <name>1489</name>
        <extensions>
          <speed_mps>22.352</speed_mps>
          <speed_mph>50.0</speed_mph>
        </extensions>
      </trkpt>
      <trkpt lat="52.2040683" lon="1.6228117">
        <ele>0</ele>
        <time>2026-06-26T08:37:41.959Z</time>
        <name>1490</name>
        <extensions>
          <speed_mps>22.352</speed_mps>
          <speed_mph>50.0</speed_mph>
        </extensions>
      </trkpt>
      <trkpt lat="52.2041932" lon="1.6227668">
        <ele>0</ele>
        <time>2026-06-26T08:37:42.264Z</time>
        <name>1491</name>
        <extensions>
          <speed_mps>22.352</speed_mps>
          <speed_mph>50.0</speed_mph>
        </extensions>
      </trkpt>
      <trkpt lat="52.2044182" lon="1.6227318">
        <ele>0</ele>
        <time>2026-06-26T08:37:43.065Z</time>
        <name>1492</name>
        <extensions>
          <speed_mps>22.352</speed_mps>
          <speed_mph>50.0</speed_mph>
        </extensions>
      </trkpt>
      <trkpt lat="52.2046131" lon="1.6226669">
        <ele>0</ele>
        <time>2026-06-26T08:37:43.711Z</time>
        <name>1493</name>
        <extensions>
          <speed_mps>22.352</speed_mps>
          <speed_mph>50.0</speed_mph>
        </extensions>
      </trkpt>
      <trkpt lat="52.2048281" lon="1.6225719">
        <ele>0</ele>
        <time>2026-06-26T08:37:44.463Z</time>
        <name>1494</name>
        <extensions>
          <speed_mps>22.352</speed_mps>
          <speed_mph>50.0</speed_mph>
        </extensions>
      </trkpt>
      <trkpt lat="52.2049230" lon="1.6224970">
        <ele>0</ele>
        <time>2026-06-26T08:37:44.616Z</time>
        <name>1495</name>
        <extensions>
          <speed_mps>22.352</speed_mps>
          <speed_mph>50.0</speed_mph>
        </extensions>
      </trkpt>
      <trkpt lat="52.2051379" lon="1.6224021">
        <ele>0</ele>
        <time>2026-06-26T08:37:45.367Z</time>
        <name>1496</name>
        <extensions>
          <speed_mps>22.352</speed_mps>
          <speed_mph>50.0</speed_mph>
        </extensions>
      </trkpt>
      <trkpt lat="52.2053829" lon="1.6222571">
        <ele>0</ele>
        <time>2026-06-26T08:37:46.295Z</time>
        <name>1497</name>
        <extensions>
          <speed_mps>22.352</speed_mps>
          <speed_mph>50.0</speed_mph>
        </extensions>
      </trkpt>
      <trkpt lat="52.2054778" lon="1.6222022">
        <ele>0</ele>
        <time>2026-06-26T08:37:46.448Z</time>
        <name>1498</name>
        <extensions>
          <speed_mps>22.352</speed_mps>
          <speed_mph>50.0</speed_mph>
        </extensions>
      </trkpt>
      <trkpt lat="52.2058127" lon="1.6219473">
        <ele>0</ele>
        <time>2026-06-26T08:37:47.910Z</time>
        <name>1499</name>
        <extensions>
          <speed_mps>22.352</speed_mps>
          <speed_mph>50.0</speed_mph>
        </extensions>
      </trkpt>
      <trkpt lat="52.2060577" lon="1.6217323">
        <ele>0</ele>
        <time>2026-06-26T08:37:48.916Z</time>
        <name>1500</name>
        <extensions>
          <speed_mps>22.352</speed_mps>
          <speed_mph>50.0</speed_mph>
        </extensions>
      </trkpt>
      <trkpt lat="52.2063126" lon="1.6214774">
        <ele>0</ele>
        <time>2026-06-26T08:37:50.024Z</time>
        <name>1501</name>
        <extensions>
          <speed_mps>22.352</speed_mps>
          <speed_mph>50.0</speed_mph>
        </extensions>
      </trkpt>
      <trkpt lat="52.2069875" lon="1.6207425">
        <ele>0</ele>
        <time>2026-06-26T08:37:53.682Z</time>
        <name>1502</name>
        <extensions>
          <speed_mps>22.352</speed_mps>
          <speed_mph>50.0</speed_mph>
        </extensions>
      </trkpt>
      <trkpt lat="52.2074225" lon="1.6202975">
        <ele>0</ele>
        <time>2026-06-26T08:37:55.857Z</time>
        <name>1503</name>
        <extensions>
          <speed_mps>22.352</speed_mps>
          <speed_mph>50.0</speed_mph>
        </extensions>
      </trkpt>
      <trkpt lat="52.2076274" lon="1.6200726">
        <ele>0</ele>
        <time>2026-06-26T08:37:56.707Z</time>
        <name>1504</name>
        <extensions>
          <speed_mps>22.352</speed_mps>
          <speed_mph>50.0</speed_mph>
        </extensions>
      </trkpt>
      <trkpt lat="52.2077923" lon="1.6198677">
        <ele>0</ele>
        <time>2026-06-26T08:37:57.363Z</time>
        <name>1505</name>
        <extensions>
          <speed_mps>22.352</speed_mps>
          <speed_mph>50.0</speed_mph>
        </extensions>
      </trkpt>
      <trkpt lat="52.2079273" lon="1.6196527">
        <ele>0</ele>
        <time>2026-06-26T08:37:57.938Z</time>
        <name>1506</name>
        <extensions>
          <speed_mps>22.352</speed_mps>
          <speed_mph>50.0</speed_mph>
        </extensions>
      </trkpt>
      <trkpt lat="52.2080322" lon="1.6194778">
        <ele>0</ele>
        <time>2026-06-26T08:37:58.328Z</time>
        <name>1507</name>
        <extensions>
          <speed_mps>22.352</speed_mps>
          <speed_mph>50.0</speed_mph>
        </extensions>
      </trkpt>
      <trkpt lat="52.2081371" lon="1.6192729">
        <ele>0</ele>
        <time>2026-06-26T08:37:58.798Z</time>
        <name>1508</name>
        <extensions>
          <speed_mps>22.352</speed_mps>
          <speed_mph>50.0</speed_mph>
        </extensions>
      </trkpt>
      <trkpt lat="52.2083321" lon="1.6183679">
        <ele>0</ele>
        <time>2026-06-26T08:38:01.439Z</time>
        <name>1509</name>
        <extensions>
          <speed_mps>22.352</speed_mps>
          <speed_mph>50.0</speed_mph>
        </extensions>
      </trkpt>
      <trkpt lat="52.2083970" lon="1.6182730">
        <ele>0</ele>
        <time>2026-06-26T08:38:01.531Z</time>
        <name>1510</name>
        <extensions>
          <speed_mps>22.352</speed_mps>
          <speed_mph>50.0</speed_mph>
        </extensions>
      </trkpt>
      <trkpt lat="52.2085419" lon="1.6177181">
        <ele>0</ele>
        <time>2026-06-26T08:38:03.077Z</time>
        <name>1511</name>
        <extensions>
          <speed_mps>22.352</speed_mps>
          <speed_mph>50.0</speed_mph>
        </extensions>
      </trkpt>
      <trkpt lat="52.2086469" lon="1.6175331">
        <ele>0</ele>
        <time>2026-06-26T08:38:03.493Z</time>
        <name>1512</name>
        <extensions>
          <speed_mps>22.352</speed_mps>
          <speed_mph>50.0</speed_mph>
        </extensions>
      </trkpt>
      <trkpt lat="52.2088118" lon="1.6172882">
        <ele>0</ele>
        <time>2026-06-26T08:38:04.234Z</time>
        <name>1513</name>
        <extensions>
          <speed_mps>22.352</speed_mps>
          <speed_mph>50.0</speed_mph>
        </extensions>
      </trkpt>
      <trkpt lat="52.2089568" lon="1.6171532">
        <ele>0</ele>
        <time>2026-06-26T08:38:04.685Z</time>
        <name>1514</name>
        <extensions>
          <speed_mps>22.352</speed_mps>
          <speed_mph>50.0</speed_mph>
        </extensions>
      </trkpt>
      <trkpt lat="52.2090717" lon="1.6170583">
        <ele>0</ele>
        <time>2026-06-26T08:38:04.950Z</time>
        <name>1515</name>
        <extensions>
          <speed_mps>22.352</speed_mps>
          <speed_mph>50.0</speed_mph>
        </extensions>
      </trkpt>
      <trkpt lat="52.2091766" lon="1.6169934">
        <ele>0</ele>
        <time>2026-06-26T08:38:05.149Z</time>
        <name>1516</name>
        <extensions>
          <speed_mps>22.352</speed_mps>
          <speed_mph>50.0</speed_mph>
        </extensions>
      </trkpt>
      <trkpt lat="52.2092416" lon="1.6169184">
        <ele>0</ele>
        <time>2026-06-26T08:38:05.180Z</time>
        <name>1517</name>
        <extensions>
          <speed_mps>22.352</speed_mps>
          <speed_mph>50.0</speed_mph>
        </extensions>
      </trkpt>
      <trkpt lat="52.2094765" lon="1.6168535">
        <ele>0</ele>
        <time>2026-06-26T08:38:06.026Z</time>
        <name>1518</name>
        <extensions>
          <speed_mps>22.352</speed_mps>
          <speed_mph>50.0</speed_mph>
        </extensions>
      </trkpt>
      <trkpt lat="52.2104314" lon="1.6168786">
        <ele>0</ele>
        <time>2026-06-26T08:38:10.462Z</time>
        <name>1519</name>
        <extensions>
          <speed_mps>22.352</speed_mps>
          <speed_mph>50.0</speed_mph>
        </extensions>
      </trkpt>
      <trkpt lat="52.2105664" lon="1.6168136">
        <ele>0</ele>
        <time>2026-06-26T08:38:10.810Z</time>
        <name>1520</name>
        <extensions>
          <speed_mps>22.352</speed_mps>
          <speed_mph>50.0</speed_mph>
        </extensions>
      </trkpt>
      <trkpt lat="52.2107513" lon="1.6167787">
        <ele>0</ele>
        <time>2026-06-26T08:38:11.414Z</time>
        <name>1521</name>
        <extensions>
          <speed_mps>22.352</speed_mps>
          <speed_mph>50.0</speed_mph>
        </extensions>
      </trkpt>
      <trkpt lat="52.2109362" lon="1.6167338">
        <ele>0</ele>
        <time>2026-06-26T08:38:12.014Z</time>
        <name>1522</name>
        <extensions>
          <speed_mps>22.352</speed_mps>
          <speed_mph>50.0</speed_mph>
        </extensions>
      </trkpt>
      <trkpt lat="52.2112212" lon="1.6166888">
        <ele>0</ele>
        <time>2026-06-26T08:38:13.110Z</time>
        <name>1523</name>
        <extensions>
          <speed_mps>22.352</speed_mps>
          <speed_mph>50.0</speed_mph>
        </extensions>
      </trkpt>
      <trkpt lat="52.2113861" lon="1.6166239">
        <ele>0</ele>
        <time>2026-06-26T08:38:13.607Z</time>
        <name>1524</name>
        <extensions>
          <speed_mps>22.352</speed_mps>
          <speed_mph>50.0</speed_mph>
        </extensions>
      </trkpt>
      <trkpt lat="52.2115410" lon="1.6165490">
        <ele>0</ele>
        <time>2026-06-26T08:38:14.056Z</time>
        <name>1525</name>
        <extensions>
          <speed_mps>22.352</speed_mps>
          <speed_mph>50.0</speed_mph>
        </extensions>
      </trkpt>
      <trkpt lat="52.2122460" lon="1.6164840">
        <ele>0</ele>
        <time>2026-06-26T08:38:17.240Z</time>
        <name>1526</name>
        <extensions>
          <speed_mps>22.352</speed_mps>
          <speed_mph>50.0</speed_mph>
        </extensions>
      </trkpt>
      <trkpt lat="52.2124909" lon="1.6164291">
        <ele>0</ele>
        <time>2026-06-26T08:38:18.136Z</time>
        <name>1527</name>
        <extensions>
          <speed_mps>22.352</speed_mps>
          <speed_mph>50.0</speed_mph>
        </extensions>
      </trkpt>
      <trkpt lat="52.2129158" lon="1.6163642">
        <ele>0</ele>
        <time>2026-06-26T08:38:19.927Z</time>
        <name>1528</name>
        <extensions>
          <speed_mps>22.352</speed_mps>
          <speed_mph>50.0</speed_mph>
        </extensions>
      </trkpt>
      <trkpt lat="52.2135008" lon="1.6163292">
        <ele>0</ele>
        <time>2026-06-26T08:38:22.515Z</time>
        <name>1529</name>
        <extensions>
          <speed_mps>22.352</speed_mps>
          <speed_mph>50.0</speed_mph>
        </extensions>
      </trkpt>
      <trkpt lat="52.2136157" lon="1.6162743">
        <ele>0</ele>
        <time>2026-06-26T08:38:22.766Z</time>
        <name>1530</name>
        <extensions>
          <speed_mps>22.352</speed_mps>
          <speed_mph>50.0</speed_mph>
        </extensions>
      </trkpt>
      <trkpt lat="52.2153006" lon="1.6163794">
        <ele>0</ele>
        <time>2026-06-26T08:38:30.842Z</time>
        <name>1531</name>
        <extensions>
          <speed_mps>22.352</speed_mps>
          <speed_mph>50.0</speed_mph>
        </extensions>
      </trkpt>
      <trkpt lat="52.2163456" lon="1.6163744">
        <ele>0</ele>
        <time>2026-06-26T08:38:35.720Z</time>
        <name>1532</name>
        <extensions>
          <speed_mps>22.352</speed_mps>
          <speed_mph>50.0</speed_mph>
        </extensions>
      </trkpt>
      <trkpt lat="52.2169505" lon="1.6163595">
        <ele>0</ele>
        <time>2026-06-26T08:38:38.411Z</time>
        <name>1533</name>
        <extensions>
          <speed_mps>22.352</speed_mps>
          <speed_mph>50.0</speed_mph>
        </extensions>
      </trkpt>
      <trkpt lat="52.2170655" lon="1.6163045">
        <ele>0</ele>
        <time>2026-06-26T08:38:38.661Z</time>
        <name>1534</name>
        <extensions>
          <speed_mps>22.352</speed_mps>
          <speed_mph>50.0</speed_mph>
        </extensions>
      </trkpt>
      <trkpt lat="52.2171404" lon="1.6162396">
        <ele>0</ele>
        <time>2026-06-26T08:38:38.711Z</time>
        <name>1535</name>
        <extensions>
          <speed_mps>22.352</speed_mps>
          <speed_mph>50.0</speed_mph>
        </extensions>
      </trkpt>
      <trkpt lat="52.2174753" lon="1.6164347">
        <ele>0</ele>
        <time>2026-06-26T08:38:40.271Z</time>
        <name>1536</name>
        <extensions>
          <speed_mps>22.352</speed_mps>
          <speed_mph>50.0</speed_mph>
        </extensions>
      </trkpt>
      <trkpt lat="52.2175903" lon="1.6164097">
        <ele>0</ele>
        <time>2026-06-26T08:38:40.548Z</time>
        <name>1537</name>
        <extensions>
          <speed_mps>22.352</speed_mps>
          <speed_mph>50.0</speed_mph>
        </extensions>
      </trkpt>
      <trkpt lat="52.2185852" lon="1.6164648">
        <ele>0</ele>
        <time>2026-06-26T08:38:45.189Z</time>
        <name>1538</name>
        <extensions>
          <speed_mps>22.352</speed_mps>
          <speed_mph>50.0</speed_mph>
        </extensions>
      </trkpt>
      <trkpt lat="52.2186401" lon="1.6168499">
        <ele>0</ele>
        <time>2026-06-26T08:38:46.561Z</time>
        <name>1539</name>
        <extensions>
          <speed_mps>22.352</speed_mps>
          <speed_mph>50.0</speed_mph>
        </extensions>
      </trkpt>
      <trkpt lat="52.2182351" lon="1.6167649">
        <ele>0</ele>
        <time>2026-06-26T08:38:48.900Z</time>
        <name>1540</name>
        <extensions>
          <speed_mps>22.352</speed_mps>
          <speed_mph>50.0</speed_mph>
        </extensions>
      </trkpt>
      <trkpt lat="52.2182800" lon="1.6174200">
        <ele>0</ele>
        <time>2026-06-26T08:38:51.097Z</time>
        <name>1541</name>
        <extensions>
          <speed_mps>22.352</speed_mps>
          <speed_mph>50.0</speed_mph>
        </extensions>
      </trkpt>
    </trkseg>
  </trk>
</gpx>