<?xml version='1.0' encoding='utf-8'?>
<gpx xmlns="http://www.topografix.com/GPX/1/1" xmlns:xsi="http://www.w3.org/2001/XMLSchema-instance" creator="PIT Pathfinder" version="1.1" xsi:schemaLocation="http://www.topografix.com/GPX/1/1 http://www.topografix.com/GPX/1/1/gpx.xsd">
  <metadata>
    <name>Orwell Logistics Park to Sizewell C - Correct Compliance Route</name>
    <desc>OSRM generated driving route</desc>
    <time>2026-06-26T08:00:00.000Z</time>
  </metadata>
  <wpt lat="52.02628" lon="1.22374">
    <ele>0</ele>
    <name>Orwell Logistics Park, Nacton, Ipswich IP10 0DD</name>
    <cmt>Waypoint no: 1</cmt>
    <desc>This is waypoint no: 1</desc>
  </wpt>
  <wpt lat="52.21828" lon="1.61742">
    <ele>0</ele>
    <name>Sizewell C Power Station, Leiston, Suffolk</name>
    <cmt>Waypoint no: 2</cmt>
    <desc>This is waypoint no: 2</desc>
  </wpt>
  <trk>
    <name>Orwell Logistics Park to Sizewell C</name>
    <desc>This is track no: 1</desc>
    <number>1</number>
    <trkseg>
      <trkpt lat="52.02628" lon="1.22374">
        <ele>0</ele>
        <time>2026-06-26T08:00:00.000Z</time>
        <name>1</name>
        <extensions>
          <speed_mps>13.411</speed_mps>
          <speed_mph>30.0</speed_mph>
        </extensions>
      </trkpt>
      <trkpt lat="52.02616" lon="1.22424">
        <ele>0</ele>
        <time>2026-06-26T08:00:02.755Z</time>
        <name>2</name>
        <extensions>
          <speed_mps>13.411</speed_mps>
          <speed_mph>30.0</speed_mph>
        </extensions>
      </trkpt>
      <trkpt lat="52.02603" lon="1.22474">
        <ele>0</ele>
        <time>2026-06-26T08:00:05.510Z</time>
        <name>3</name>
        <extensions>
          <speed_mps>13.411</speed_mps>
          <speed_mph>30.0</speed_mph>
        </extensions>
      </trkpt>
      <trkpt lat="52.02590" lon="1.22524">
        <ele>0</ele>
        <time>2026-06-26T08:00:08.266Z</time>
        <name>4</name>
        <extensions>
          <speed_mps>13.411</speed_mps>
          <speed_mph>30.0</speed_mph>
        </extensions>
      </trkpt>
      <trkpt lat="52.02578" lon="1.22574">
        <ele>0</ele>
        <time>2026-06-26T08:00:11.021Z</time>
        <name>5</name>
        <extensions>
          <speed_mps>13.411</speed_mps>
          <speed_mph>30.0</speed_mph>
        </extensions>
      </trkpt>
      <trkpt lat="52.02578" lon="1.22628">
        <ele>0</ele>
        <time>2026-06-26T08:00:13.734Z</time>
        <name>6</name>
        <extensions>
          <speed_mps>13.411</speed_mps>
          <speed_mph>30.0</speed_mph>
        </extensions>
      </trkpt>
      <trkpt lat="52.02586" lon="1.22680">
        <ele>0</ele>
        <time>2026-06-26T08:00:16.487Z</time>
        <name>7</name>
        <extensions>
          <speed_mps>13.411</speed_mps>
          <speed_mph>30.0</speed_mph>
        </extensions>
      </trkpt>
      <trkpt lat="52.02579" lon="1.22732">
        <ele>0</ele>
        <time>2026-06-26T08:00:19.199Z</time>
        <name>8</name>
        <extensions>
          <speed_mps>13.411</speed_mps>
          <speed_mph>30.0</speed_mph>
        </extensions>
      </trkpt>
      <trkpt lat="52.02557" lon="1.22772">
        <ele>0</ele>
        <time>2026-06-26T08:00:21.936Z</time>
        <name>9</name>
        <extensions>
          <speed_mps>13.411</speed_mps>
          <speed_mph>30.0</speed_mph>
        </extensions>
      </trkpt>
      <trkpt lat="52.02534" lon="1.22800">
        <ele>0</ele>
        <time>2026-06-26T08:00:24.313Z</time>
        <name>10</name>
        <extensions>
          <speed_mps>13.411</speed_mps>
          <speed_mph>30.0</speed_mph>
        </extensions>
      </trkpt>
      <trkpt lat="52.02525" lon="1.22751">
        <ele>0</ele>
        <time>2026-06-26T08:00:26.946Z</time>
        <name>11</name>
        <extensions>
          <speed_mps>13.411</speed_mps>
          <speed_mph>30.0</speed_mph>
        </extensions>
      </trkpt>
      <trkpt lat="52.02503" lon="1.22711">
        <ele>0</ele>
        <time>2026-06-26T08:00:29.645Z</time>
        <name>12</name>
        <extensions>
          <speed_mps>13.411</speed_mps>
          <speed_mph>30.0</speed_mph>
        </extensions>
      </trkpt>
      <trkpt lat="52.02471" lon="1.22702">
        <ele>0</ele>
        <time>2026-06-26T08:00:32.284Z</time>
        <name>13</name>
        <extensions>
          <speed_mps>13.411</speed_mps>
          <speed_mph>30.0</speed_mph>
        </extensions>
      </trkpt>
      <trkpt lat="52.02450" lon="1.22739">
        <ele>0</ele>
        <time>2026-06-26T08:00:34.884Z</time>
        <name>14</name>
        <extensions>
          <speed_mps>13.411</speed_mps>
          <speed_mph>30.0</speed_mph>
        </extensions>
      </trkpt>
      <trkpt lat="52.02437" lon="1.22788">
        <ele>0</ele>
        <time>2026-06-26T08:00:37.623Z</time>
        <name>15</name>
        <extensions>
          <speed_mps>13.411</speed_mps>
          <speed_mph>30.0</speed_mph>
        </extensions>
      </trkpt>
      <trkpt lat="52.02429" lon="1.22841">
        <ele>0</ele>
        <time>2026-06-26T08:00:40.378Z</time>
        <name>16</name>
        <extensions>
          <speed_mps>13.411</speed_mps>
          <speed_mph>30.0</speed_mph>
        </extensions>
      </trkpt>
      <trkpt lat="52.02423" lon="1.22894">
        <ele>0</ele>
        <time>2026-06-26T08:00:43.134Z</time>
        <name>17</name>
        <extensions>
          <speed_mps>13.411</speed_mps>
          <speed_mph>30.0</speed_mph>
        </extensions>
      </trkpt>
      <trkpt lat="52.02419" lon="1.22948">
        <ele>0</ele>
        <time>2026-06-26T08:00:45.888Z</time>
        <name>18</name>
        <extensions>
          <speed_mps>13.411</speed_mps>
          <speed_mph>30.0</speed_mph>
        </extensions>
      </trkpt>
      <trkpt lat="52.02417" lon="1.23001">
        <ele>0</ele>
        <time>2026-06-26T08:00:48.641Z</time>
        <name>19</name>
        <extensions>
          <speed_mps>13.411</speed_mps>
          <speed_mph>30.0</speed_mph>
        </extensions>
      </trkpt>
      <trkpt lat="52.02416" lon="1.23055">
        <ele>0</ele>
        <time>2026-06-26T08:00:51.396Z</time>
        <name>20</name>
        <extensions>
          <speed_mps>13.411</speed_mps>
          <speed_mph>30.0</speed_mph>
        </extensions>
      </trkpt>
      <trkpt lat="52.02418" lon="1.23109">
        <ele>0</ele>
        <time>2026-06-26T08:00:54.147Z</time>
        <name>21</name>
        <extensions>
          <speed_mps>13.411</speed_mps>
          <speed_mph>30.0</speed_mph>
        </extensions>
      </trkpt>
      <trkpt lat="52.02422" lon="1.23163">
        <ele>0</ele>
        <time>2026-06-26T08:00:56.903Z</time>
        <name>22</name>
        <extensions>
          <speed_mps>13.411</speed_mps>
          <speed_mph>30.0</speed_mph>
        </extensions>
      </trkpt>
      <trkpt lat="52.02427" lon="1.23216">
        <ele>0</ele>
        <time>2026-06-26T08:00:59.656Z</time>
        <name>23</name>
        <extensions>
          <speed_mps>13.411</speed_mps>
          <speed_mph>30.0</speed_mph>
        </extensions>
      </trkpt>
      <trkpt lat="52.02434" lon="1.23269">
        <ele>0</ele>
        <time>2026-06-26T08:01:02.410Z</time>
        <name>24</name>
        <extensions>
          <speed_mps>13.411</speed_mps>
          <speed_mph>30.0</speed_mph>
        </extensions>
      </trkpt>
      <trkpt lat="52.02445" lon="1.23320">
        <ele>0</ele>
        <time>2026-06-26T08:01:05.165Z</time>
        <name>25</name>
        <extensions>
          <speed_mps>13.411</speed_mps>
          <speed_mph>30.0</speed_mph>
        </extensions>
      </trkpt>
      <trkpt lat="52.02456" lon="1.23371">
        <ele>0</ele>
        <time>2026-06-26T08:01:07.920Z</time>
        <name>26</name>
        <extensions>
          <speed_mps>13.411</speed_mps>
          <speed_mph>30.0</speed_mph>
        </extensions>
      </trkpt>
      <trkpt lat="52.02469" lon="1.23420">
        <ele>0</ele>
        <time>2026-06-26T08:01:10.674Z</time>
        <name>27</name>
        <extensions>
          <speed_mps>13.411</speed_mps>
          <speed_mph>30.0</speed_mph>
        </extensions>
      </trkpt>
      <trkpt lat="52.02484" lon="1.23469">
        <ele>0</ele>
        <time>2026-06-26T08:01:13.429Z</time>
        <name>28</name>
        <extensions>
          <speed_mps>13.411</speed_mps>
          <speed_mph>30.0</speed_mph>
        </extensions>
      </trkpt>
      <trkpt lat="52.02499" lon="1.23517">
        <ele>0</ele>
        <time>2026-06-26T08:01:16.184Z</time>
        <name>29</name>
        <extensions>
          <speed_mps>13.411</speed_mps>
          <speed_mph>30.0</speed_mph>
        </extensions>
      </trkpt>
      <trkpt lat="52.02515" lon="1.23564">
        <ele>0</ele>
        <time>2026-06-26T08:01:18.939Z</time>
        <name>30</name>
        <extensions>
          <speed_mps>13.411</speed_mps>
          <speed_mph>30.0</speed_mph>
        </extensions>
      </trkpt>
      <trkpt lat="52.02531" lon="1.23612">
        <ele>0</ele>
        <time>2026-06-26T08:01:21.695Z</time>
        <name>31</name>
        <extensions>
          <speed_mps>13.411</speed_mps>
          <speed_mph>30.0</speed_mph>
        </extensions>
      </trkpt>
      <trkpt lat="52.02547" lon="1.23659">
        <ele>0</ele>
        <time>2026-06-26T08:01:24.450Z</time>
        <name>32</name>
        <extensions>
          <speed_mps>13.411</speed_mps>
          <speed_mph>30.0</speed_mph>
        </extensions>
      </trkpt>
      <trkpt lat="52.02563" lon="1.23707">
        <ele>0</ele>
        <time>2026-06-26T08:01:27.206Z</time>
        <name>33</name>
        <extensions>
          <speed_mps>13.411</speed_mps>
          <speed_mph>30.0</speed_mph>
        </extensions>
      </trkpt>
      <trkpt lat="52.02580" lon="1.23753">
        <ele>0</ele>
        <time>2026-06-26T08:01:29.961Z</time>
        <name>34</name>
        <extensions>
          <speed_mps>13.411</speed_mps>
          <speed_mph>30.0</speed_mph>
        </extensions>
      </trkpt>
      <trkpt lat="52.02597" lon="1.23799">
        <ele>0</ele>
        <time>2026-06-26T08:01:32.717Z</time>
        <name>35</name>
        <extensions>
          <speed_mps>13.411</speed_mps>
          <speed_mph>30.0</speed_mph>
        </extensions>
      </trkpt>
      <trkpt lat="52.02614" lon="1.23846">
        <ele>0</ele>
        <time>2026-06-26T08:01:35.472Z</time>
        <name>36</name>
        <extensions>
          <speed_mps>13.411</speed_mps>
          <speed_mph>30.0</speed_mph>
        </extensions>
      </trkpt>
      <trkpt lat="52.02631" lon="1.23892">
        <ele>0</ele>
        <time>2026-06-26T08:01:38.228Z</time>
        <name>37</name>
        <extensions>
          <speed_mps>13.411</speed_mps>
          <speed_mph>30.0</speed_mph>
        </extensions>
      </trkpt>
      <trkpt lat="52.02648" lon="1.23938">
        <ele>0</ele>
        <time>2026-06-26T08:01:40.983Z</time>
        <name>38</name>
        <extensions>
          <speed_mps>13.411</speed_mps>
          <speed_mph>30.0</speed_mph>
        </extensions>
      </trkpt>
      <trkpt lat="52.02665" lon="1.23984">
        <ele>0</ele>
        <time>2026-06-26T08:01:43.738Z</time>
        <name>39</name>
        <extensions>
          <speed_mps>13.411</speed_mps>
          <speed_mph>30.0</speed_mph>
        </extensions>
      </trkpt>
      <trkpt lat="52.02683" lon="1.24031">
        <ele>0</ele>
        <time>2026-06-26T08:01:46.494Z</time>
        <name>40</name>
        <extensions>
          <speed_mps>13.411</speed_mps>
          <speed_mph>30.0</speed_mph>
        </extensions>
      </trkpt>
      <trkpt lat="52.02700" lon="1.24077">
        <ele>0</ele>
        <time>2026-06-26T08:01:49.249Z</time>
        <name>41</name>
        <extensions>
          <speed_mps>13.411</speed_mps>
          <speed_mph>30.0</speed_mph>
        </extensions>
      </trkpt>
      <trkpt lat="52.02717" lon="1.24123">
        <ele>0</ele>
        <time>2026-06-26T08:01:52.005Z</time>
        <name>42</name>
        <extensions>
          <speed_mps>13.411</speed_mps>
          <speed_mph>30.0</speed_mph>
        </extensions>
      </trkpt>
      <trkpt lat="52.02732" lon="1.24171">
        <ele>0</ele>
        <time>2026-06-26T08:01:54.760Z</time>
        <name>43</name>
        <extensions>
          <speed_mps>13.411</speed_mps>
          <speed_mph>30.0</speed_mph>
        </extensions>
      </trkpt>
      <trkpt lat="52.02747" lon="1.24219">
        <ele>0</ele>
        <time>2026-06-26T08:01:57.512Z</time>
        <name>44</name>
        <extensions>
          <speed_mps>13.411</speed_mps>
          <speed_mph>30.0</speed_mph>
        </extensions>
      </trkpt>
      <trkpt lat="52.02759" lon="1.24270">
        <ele>0</ele>
        <time>2026-06-26T08:02:00.268Z</time>
        <name>45</name>
        <extensions>
          <speed_mps>13.411</speed_mps>
          <speed_mph>30.0</speed_mph>
        </extensions>
      </trkpt>
      <trkpt lat="52.02771" lon="1.24320">
        <ele>0</ele>
        <time>2026-06-26T08:02:03.022Z</time>
        <name>46</name>
        <extensions>
          <speed_mps>13.411</speed_mps>
          <speed_mph>30.0</speed_mph>
        </extensions>
      </trkpt>
      <trkpt lat="52.02781" lon="1.24372">
        <ele>0</ele>
        <time>2026-06-26T08:02:05.778Z</time>
        <name>47</name>
        <extensions>
          <speed_mps>13.411</speed_mps>
          <speed_mph>30.0</speed_mph>
        </extensions>
      </trkpt>
      <trkpt lat="52.02789" lon="1.24424">
        <ele>0</ele>
        <time>2026-06-26T08:02:08.528Z</time>
        <name>48</name>
        <extensions>
          <speed_mps>13.411</speed_mps>
          <speed_mph>30.0</speed_mph>
        </extensions>
      </trkpt>
      <trkpt lat="52.02794" lon="1.24477">
        <ele>0</ele>
        <time>2026-06-26T08:02:11.283Z</time>
        <name>49</name>
        <extensions>
          <speed_mps>13.411</speed_mps>
          <speed_mph>30.0</speed_mph>
        </extensions>
      </trkpt>
      <trkpt lat="52.02799" lon="1.24531">
        <ele>0</ele>
        <time>2026-06-26T08:02:14.035Z</time>
        <name>50</name>
        <extensions>
          <speed_mps>13.411</speed_mps>
          <speed_mph>30.0</speed_mph>
        </extensions>
      </trkpt>
      <trkpt lat="52.02801" lon="1.24585">
        <ele>0</ele>
        <time>2026-06-26T08:02:16.791Z</time>
        <name>51</name>
        <extensions>
          <speed_mps>13.411</speed_mps>
          <speed_mph>30.0</speed_mph>
        </extensions>
      </trkpt>
      <trkpt lat="52.02801" lon="1.24639">
        <ele>0</ele>
        <time>2026-06-26T08:02:19.542Z</time>
        <name>52</name>
        <extensions>
          <speed_mps>13.411</speed_mps>
          <speed_mph>30.0</speed_mph>
        </extensions>
      </trkpt>
      <trkpt lat="52.02800" lon="1.24693">
        <ele>0</ele>
        <time>2026-06-26T08:02:22.298Z</time>
        <name>53</name>
        <extensions>
          <speed_mps>13.411</speed_mps>
          <speed_mph>30.0</speed_mph>
        </extensions>
      </trkpt>
      <trkpt lat="52.02797" lon="1.24746">
        <ele>0</ele>
        <time>2026-06-26T08:02:25.052Z</time>
        <name>54</name>
        <extensions>
          <speed_mps>13.411</speed_mps>
          <speed_mph>30.0</speed_mph>
        </extensions>
      </trkpt>
      <trkpt lat="52.02792" lon="1.24800">
        <ele>0</ele>
        <time>2026-06-26T08:02:27.805Z</time>
        <name>55</name>
        <extensions>
          <speed_mps>13.411</speed_mps>
          <speed_mph>30.0</speed_mph>
        </extensions>
      </trkpt>
      <trkpt lat="52.02786" lon="1.24853">
        <ele>0</ele>
        <time>2026-06-26T08:02:30.561Z</time>
        <name>56</name>
        <extensions>
          <speed_mps>13.411</speed_mps>
          <speed_mph>30.0</speed_mph>
        </extensions>
      </trkpt>
      <trkpt lat="52.02783" lon="1.24907">
        <ele>0</ele>
        <time>2026-06-26T08:02:33.309Z</time>
        <name>57</name>
        <extensions>
          <speed_mps>13.411</speed_mps>
          <speed_mph>30.0</speed_mph>
        </extensions>
      </trkpt>
      <trkpt lat="52.02777" lon="1.24959">
        <ele>0</ele>
        <time>2026-06-26T08:02:36.055Z</time>
        <name>58</name>
        <extensions>
          <speed_mps>13.411</speed_mps>
          <speed_mph>30.0</speed_mph>
        </extensions>
      </trkpt>
      <trkpt lat="52.02768" lon="1.25011">
        <ele>0</ele>
        <time>2026-06-26T08:02:38.811Z</time>
        <name>59</name>
        <extensions>
          <speed_mps>13.411</speed_mps>
          <speed_mph>30.0</speed_mph>
        </extensions>
      </trkpt>
      <trkpt lat="52.02759" lon="1.25063">
        <ele>0</ele>
        <time>2026-06-26T08:02:41.566Z</time>
        <name>60</name>
        <extensions>
          <speed_mps>13.411</speed_mps>
          <speed_mph>30.0</speed_mph>
        </extensions>
      </trkpt>
      <trkpt lat="52.02749" lon="1.25115">
        <ele>0</ele>
        <time>2026-06-26T08:02:44.322Z</time>
        <name>61</name>
        <extensions>
          <speed_mps>13.411</speed_mps>
          <speed_mph>30.0</speed_mph>
        </extensions>
      </trkpt>
      <trkpt lat="52.02739" lon="1.25166">
        <ele>0</ele>
        <time>2026-06-26T08:02:47.077Z</time>
        <name>62</name>
        <extensions>
          <speed_mps>13.411</speed_mps>
          <speed_mph>30.0</speed_mph>
        </extensions>
      </trkpt>
      <trkpt lat="52.02728" lon="1.25218">
        <ele>0</ele>
        <time>2026-06-26T08:02:49.832Z</time>
        <name>63</name>
        <extensions>
          <speed_mps>13.411</speed_mps>
          <speed_mph>30.0</speed_mph>
        </extensions>
      </trkpt>
      <trkpt lat="52.02718" lon="1.25269">
        <ele>0</ele>
        <time>2026-06-26T08:02:52.588Z</time>
        <name>64</name>
        <extensions>
          <speed_mps>13.411</speed_mps>
          <speed_mph>30.0</speed_mph>
        </extensions>
      </trkpt>
      <trkpt lat="52.02707" lon="1.25320">
        <ele>0</ele>
        <time>2026-06-26T08:02:55.343Z</time>
        <name>65</name>
        <extensions>
          <speed_mps>13.411</speed_mps>
          <speed_mph>30.0</speed_mph>
        </extensions>
      </trkpt>
      <trkpt lat="52.02696" lon="1.25371">
        <ele>0</ele>
        <time>2026-06-26T08:02:58.099Z</time>
        <name>66</name>
        <extensions>
          <speed_mps>13.411</speed_mps>
          <speed_mph>30.0</speed_mph>
        </extensions>
      </trkpt>
      <trkpt lat="52.02688" lon="1.25423">
        <ele>0</ele>
        <time>2026-06-26T08:03:00.847Z</time>
        <name>67</name>
        <extensions>
          <speed_mps>13.411</speed_mps>
          <speed_mph>30.0</speed_mph>
        </extensions>
      </trkpt>
      <trkpt lat="52.02691" lon="1.25477">
        <ele>0</ele>
        <time>2026-06-26T08:03:03.583Z</time>
        <name>68</name>
        <extensions>
          <speed_mps>13.411</speed_mps>
          <speed_mph>30.0</speed_mph>
        </extensions>
      </trkpt>
      <trkpt lat="52.02703" lon="1.25527">
        <ele>0</ele>
        <time>2026-06-26T08:03:06.327Z</time>
        <name>69</name>
        <extensions>
          <speed_mps>13.411</speed_mps>
          <speed_mph>30.0</speed_mph>
        </extensions>
      </trkpt>
      <trkpt lat="52.02724" lon="1.25567">
        <ele>0</ele>
        <time>2026-06-26T08:03:09.028Z</time>
        <name>70</name>
        <extensions>
          <speed_mps>13.411</speed_mps>
          <speed_mph>30.0</speed_mph>
        </extensions>
      </trkpt>
      <trkpt lat="52.02752" lon="1.25596">
        <ele>0</ele>
        <time>2026-06-26T08:03:11.766Z</time>
        <name>71</name>
        <extensions>
          <speed_mps>13.411</speed_mps>
          <speed_mph>30.0</speed_mph>
        </extensions>
      </trkpt>
      <trkpt lat="52.02782" lon="1.25620">
        <ele>0</ele>
        <time>2026-06-26T08:03:14.522Z</time>
        <name>72</name>
        <extensions>
          <speed_mps>13.411</speed_mps>
          <speed_mph>30.0</speed_mph>
        </extensions>
      </trkpt>
      <trkpt lat="52.02812" lon="1.25642">
        <ele>0</ele>
        <time>2026-06-26T08:03:17.277Z</time>
        <name>73</name>
        <extensions>
          <speed_mps>13.411</speed_mps>
          <speed_mph>30.0</speed_mph>
        </extensions>
      </trkpt>
      <trkpt lat="52.02843" lon="1.25663">
        <ele>0</ele>
        <time>2026-06-26T08:03:20.031Z</time>
        <name>74</name>
        <extensions>
          <speed_mps>13.411</speed_mps>
          <speed_mph>30.0</speed_mph>
        </extensions>
      </trkpt>
      <trkpt lat="52.02874" lon="1.25682">
        <ele>0</ele>
        <time>2026-06-26T08:03:22.787Z</time>
        <name>75</name>
        <extensions>
          <speed_mps>13.411</speed_mps>
          <speed_mph>30.0</speed_mph>
        </extensions>
      </trkpt>
      <trkpt lat="52.02905" lon="1.25700">
        <ele>0</ele>
        <time>2026-06-26T08:03:25.542Z</time>
        <name>76</name>
        <extensions>
          <speed_mps>13.411</speed_mps>
          <speed_mph>30.0</speed_mph>
        </extensions>
      </trkpt>
      <trkpt lat="52.02937" lon="1.25715">
        <ele>0</ele>
        <time>2026-06-26T08:03:28.297Z</time>
        <name>77</name>
        <extensions>
          <speed_mps>13.411</speed_mps>
          <speed_mph>30.0</speed_mph>
        </extensions>
      </trkpt>
      <trkpt lat="52.02969" lon="1.25729">
        <ele>0</ele>
        <time>2026-06-26T08:03:31.052Z</time>
        <name>78</name>
        <extensions>
          <speed_mps>13.411</speed_mps>
          <speed_mph>30.0</speed_mph>
        </extensions>
      </trkpt>
      <trkpt lat="52.03002" lon="1.25740">
        <ele>0</ele>
        <time>2026-06-26T08:03:33.807Z</time>
        <name>79</name>
        <extensions>
          <speed_mps>13.411</speed_mps>
          <speed_mph>30.0</speed_mph>
        </extensions>
      </trkpt>
      <trkpt lat="52.03034" lon="1.25750">
        <ele>0</ele>
        <time>2026-06-26T08:03:36.562Z</time>
        <name>80</name>
        <extensions>
          <speed_mps>13.411</speed_mps>
          <speed_mph>30.0</speed_mph>
        </extensions>
      </trkpt>
      <trkpt lat="52.03067" lon="1.25758">
        <ele>0</ele>
        <time>2026-06-26T08:03:39.317Z</time>
        <name>81</name>
        <extensions>
          <speed_mps>13.411</speed_mps>
          <speed_mph>30.0</speed_mph>
        </extensions>
      </trkpt>
      <trkpt lat="52.03100" lon="1.25764">
        <ele>0</ele>
        <time>2026-06-26T08:03:42.072Z</time>
        <name>82</name>
        <extensions>
          <speed_mps>13.411</speed_mps>
          <speed_mph>30.0</speed_mph>
        </extensions>
      </trkpt>
      <trkpt lat="52.03133" lon="1.25769">
        <ele>0</ele>
        <time>2026-06-26T08:03:44.827Z</time>
        <name>83</name>
        <extensions>
          <speed_mps>13.411</speed_mps>
          <speed_mph>30.0</speed_mph>
        </extensions>
      </trkpt>
      <trkpt lat="52.03166" lon="1.25773">
        <ele>0</ele>
        <time>2026-06-26T08:03:47.583Z</time>
        <name>84</name>
        <extensions>
          <speed_mps>13.411</speed_mps>
          <speed_mph>30.0</speed_mph>
        </extensions>
      </trkpt>
      <trkpt lat="52.03199" lon="1.25777">
        <ele>0</ele>
        <time>2026-06-26T08:03:50.338Z</time>
        <name>85</name>
        <extensions>
          <speed_mps>13.411</speed_mps>
          <speed_mph>30.0</speed_mph>
        </extensions>
      </trkpt>
      <trkpt lat="52.03233" lon="1.25781">
        <ele>0</ele>
        <time>2026-06-26T08:03:53.094Z</time>
        <name>86</name>
        <extensions>
          <speed_mps>13.411</speed_mps>
          <speed_mph>30.0</speed_mph>
        </extensions>
      </trkpt>
      <trkpt lat="52.03266" lon="1.25785">
        <ele>0</ele>
        <time>2026-06-26T08:03:55.849Z</time>
        <name>87</name>
        <extensions>
          <speed_mps>13.411</speed_mps>
          <speed_mph>30.0</speed_mph>
        </extensions>
      </trkpt>
      <trkpt lat="52.03299" lon="1.25792">
        <ele>0</ele>
        <time>2026-06-26T08:03:58.604Z</time>
        <name>88</name>
        <extensions>
          <speed_mps>13.411</speed_mps>
          <speed_mph>30.0</speed_mph>
        </extensions>
      </trkpt>
      <trkpt lat="52.03332" lon="1.25799">
        <ele>0</ele>
        <time>2026-06-26T08:04:01.359Z</time>
        <name>89</name>
        <extensions>
          <speed_mps>13.411</speed_mps>
          <speed_mph>30.0</speed_mph>
        </extensions>
      </trkpt>
      <trkpt lat="52.03364" lon="1.25809">
        <ele>0</ele>
        <time>2026-06-26T08:04:04.114Z</time>
        <name>90</name>
        <extensions>
          <speed_mps>13.411</speed_mps>
          <speed_mph>30.0</speed_mph>
        </extensions>
      </trkpt>
      <trkpt lat="52.03397" lon="1.25820">
        <ele>0</ele>
        <time>2026-06-26T08:04:06.869Z</time>
        <name>91</name>
        <extensions>
          <speed_mps>13.411</speed_mps>
          <speed_mph>30.0</speed_mph>
        </extensions>
      </trkpt>
      <trkpt lat="52.03429" lon="1.25833">
        <ele>0</ele>
        <time>2026-06-26T08:04:09.625Z</time>
        <name>92</name>
        <extensions>
          <speed_mps>13.411</speed_mps>
          <speed_mph>30.0</speed_mph>
        </extensions>
      </trkpt>
      <trkpt lat="52.03461" lon="1.25848">
        <ele>0</ele>
        <time>2026-06-26T08:04:12.379Z</time>
        <name>93</name>
        <extensions>
          <speed_mps>13.411</speed_mps>
          <speed_mph>30.0</speed_mph>
        </extensions>
      </trkpt>
      <trkpt lat="52.03492" lon="1.25865">
        <ele>0</ele>
        <time>2026-06-26T08:04:15.134Z</time>
        <name>94</name>
        <extensions>
          <speed_mps>13.411</speed_mps>
          <speed_mph>30.0</speed_mph>
        </extensions>
      </trkpt>
      <trkpt lat="52.03524" lon="1.25883">
        <ele>0</ele>
        <time>2026-06-26T08:04:17.890Z</time>
        <name>95</name>
        <extensions>
          <speed_mps>13.411</speed_mps>
          <speed_mph>30.0</speed_mph>
        </extensions>
      </trkpt>
      <trkpt lat="52.03555" lon="1.25901">
        <ele>0</ele>
        <time>2026-06-26T08:04:20.645Z</time>
        <name>96</name>
        <extensions>
          <speed_mps>13.411</speed_mps>
          <speed_mph>30.0</speed_mph>
        </extensions>
      </trkpt>
      <trkpt lat="52.03587" lon="1.25919">
        <ele>0</ele>
        <time>2026-06-26T08:04:23.400Z</time>
        <name>97</name>
        <extensions>
          <speed_mps>13.411</speed_mps>
          <speed_mph>30.0</speed_mph>
        </extensions>
      </trkpt>
      <trkpt lat="52.03618" lon="1.25938">
        <ele>0</ele>
        <time>2026-06-26T08:04:26.156Z</time>
        <name>98</name>
        <extensions>
          <speed_mps>13.411</speed_mps>
          <speed_mph>30.0</speed_mph>
        </extensions>
      </trkpt>
      <trkpt lat="52.03649" lon="1.25958">
        <ele>0</ele>
        <time>2026-06-26T08:04:28.911Z</time>
        <name>99</name>
        <extensions>
          <speed_mps>13.411</speed_mps>
          <speed_mph>30.0</speed_mph>
        </extensions>
      </trkpt>
      <trkpt lat="52.03679" lon="1.25979">
        <ele>0</ele>
        <time>2026-06-26T08:04:31.667Z</time>
        <name>100</name>
        <extensions>
          <speed_mps>13.411</speed_mps>
          <speed_mph>30.0</speed_mph>
        </extensions>
      </trkpt>
      <trkpt lat="52.03710" lon="1.26000">
        <ele>0</ele>
        <time>2026-06-26T08:04:34.422Z</time>
        <name>101</name>
        <extensions>
          <speed_mps>13.411</speed_mps>
          <speed_mph>30.0</speed_mph>
        </extensions>
      </trkpt>
      <trkpt lat="52.03740" lon="1.26021">
        <ele>0</ele>
        <time>2026-06-26T08:04:37.177Z</time>
        <name>102</name>
        <extensions>
          <speed_mps>13.411</speed_mps>
          <speed_mph>30.0</speed_mph>
        </extensions>
      </trkpt>
      <trkpt lat="52.03771" lon="1.26043">
        <ele>0</ele>
        <time>2026-06-26T08:04:39.933Z</time>
        <name>103</name>
        <extensions>
          <speed_mps>13.411</speed_mps>
          <speed_mph>30.0</speed_mph>
        </extensions>
      </trkpt>
      <trkpt lat="52.03801" lon="1.26066">
        <ele>0</ele>
        <time>2026-06-26T08:04:42.688Z</time>
        <name>104</name>
        <extensions>
          <speed_mps>13.411</speed_mps>
          <speed_mph>30.0</speed_mph>
        </extensions>
      </trkpt>
      <trkpt lat="52.03831" lon="1.26090">
        <ele>0</ele>
        <time>2026-06-26T08:04:45.444Z</time>
        <name>105</name>
        <extensions>
          <speed_mps>13.411</speed_mps>
          <speed_mph>30.0</speed_mph>
        </extensions>
      </trkpt>
      <trkpt lat="52.03860" lon="1.26114">
        <ele>0</ele>
        <time>2026-06-26T08:04:48.199Z</time>
        <name>106</name>
        <extensions>
          <speed_mps>13.411</speed_mps>
          <speed_mph>30.0</speed_mph>
        </extensions>
      </trkpt>
      <trkpt lat="52.03890" lon="1.26139">
        <ele>0</ele>
        <time>2026-06-26T08:04:50.955Z</time>
        <name>107</name>
        <extensions>
          <speed_mps>13.411</speed_mps>
          <speed_mph>30.0</speed_mph>
        </extensions>
      </trkpt>
      <trkpt lat="52.03919" lon="1.26166">
        <ele>0</ele>
        <time>2026-06-26T08:04:53.710Z</time>
        <name>108</name>
        <extensions>
          <speed_mps>13.411</speed_mps>
          <speed_mph>30.0</speed_mph>
        </extensions>
      </trkpt>
      <trkpt lat="52.03947" lon="1.26193">
        <ele>0</ele>
        <time>2026-06-26T08:04:56.465Z</time>
        <name>109</name>
        <extensions>
          <speed_mps>13.411</speed_mps>
          <speed_mph>30.0</speed_mph>
        </extensions>
      </trkpt>
      <trkpt lat="52.03976" lon="1.26220">
        <ele>0</ele>
        <time>2026-06-26T08:04:59.221Z</time>
        <name>110</name>
        <extensions>
          <speed_mps>13.411</speed_mps>
          <speed_mph>30.0</speed_mph>
        </extensions>
      </trkpt>
      <trkpt lat="52.04004" lon="1.26249">
        <ele>0</ele>
        <time>2026-06-26T08:05:01.976Z</time>
        <name>111</name>
        <extensions>
          <speed_mps>13.411</speed_mps>
          <speed_mph>30.0</speed_mph>
        </extensions>
      </trkpt>
      <trkpt lat="52.04032" lon="1.26278">
        <ele>0</ele>
        <time>2026-06-26T08:05:04.732Z</time>
        <name>112</name>
        <extensions>
          <speed_mps>13.411</speed_mps>
          <speed_mph>30.0</speed_mph>
        </extensions>
      </trkpt>
      <trkpt lat="52.04060" lon="1.26308">
        <ele>0</ele>
        <time>2026-06-26T08:05:07.487Z</time>
        <name>113</name>
        <extensions>
          <speed_mps>13.411</speed_mps>
          <speed_mph>30.0</speed_mph>
        </extensions>
      </trkpt>
      <trkpt lat="52.04087" lon="1.26338">
        <ele>0</ele>
        <time>2026-06-26T08:05:10.242Z</time>
        <name>114</name>
        <extensions>
          <speed_mps>13.411</speed_mps>
          <speed_mph>30.0</speed_mph>
        </extensions>
      </trkpt>
      <trkpt lat="52.04114" lon="1.26372">
        <ele>0</ele>
        <time>2026-06-26T08:05:12.998Z</time>
        <name>115</name>
        <extensions>
          <speed_mps>13.411</speed_mps>
          <speed_mph>30.0</speed_mph>
        </extensions>
      </trkpt>
      <trkpt lat="52.04139" lon="1.26406">
        <ele>0</ele>
        <time>2026-06-26T08:05:15.751Z</time>
        <name>116</name>
        <extensions>
          <speed_mps>13.411</speed_mps>
          <speed_mph>30.0</speed_mph>
        </extensions>
      </trkpt>
      <trkpt lat="52.04164" lon="1.26443">
        <ele>0</ele>
        <time>2026-06-26T08:05:18.507Z</time>
        <name>117</name>
        <extensions>
          <speed_mps>13.411</speed_mps>
          <speed_mph>30.0</speed_mph>
        </extensions>
      </trkpt>
      <trkpt lat="52.04188" lon="1.26480">
        <ele>0</ele>
        <time>2026-06-26T08:05:21.262Z</time>
        <name>118</name>
        <extensions>
          <speed_mps>13.411</speed_mps>
          <speed_mph>30.0</speed_mph>
        </extensions>
      </trkpt>
      <trkpt lat="52.04212" lon="1.26517">
        <ele>0</ele>
        <time>2026-06-26T08:05:24.018Z</time>
        <name>119</name>
        <extensions>
          <speed_mps>13.411</speed_mps>
          <speed_mph>30.0</speed_mph>
        </extensions>
      </trkpt>
      <trkpt lat="52.04235" lon="1.26555">
        <ele>0</ele>
        <time>2026-06-26T08:05:26.773Z</time>
        <name>120</name>
        <extensions>
          <speed_mps>13.411</speed_mps>
          <speed_mph>30.0</speed_mph>
        </extensions>
      </trkpt>
      <trkpt lat="52.04259" lon="1.26594">
        <ele>0</ele>
        <time>2026-06-26T08:05:29.529Z</time>
        <name>121</name>
        <extensions>
          <speed_mps>13.411</speed_mps>
          <speed_mph>30.0</speed_mph>
        </extensions>
      </trkpt>
      <trkpt lat="52.04282" lon="1.26633">
        <ele>0</ele>
        <time>2026-06-26T08:05:32.284Z</time>
        <name>122</name>
        <extensions>
          <speed_mps>13.411</speed_mps>
          <speed_mph>30.0</speed_mph>
        </extensions>
      </trkpt>
      <trkpt lat="52.04305" lon="1.26672">
        <ele>0</ele>
        <time>2026-06-26T08:05:35.040Z</time>
        <name>123</name>
        <extensions>
          <speed_mps>13.411</speed_mps>
          <speed_mph>30.0</speed_mph>
        </extensions>
      </trkpt>
      <trkpt lat="52.04328" lon="1.26710">
        <ele>0</ele>
        <time>2026-06-26T08:05:37.794Z</time>
        <name>124</name>
        <extensions>
          <speed_mps>13.411</speed_mps>
          <speed_mph>30.0</speed_mph>
        </extensions>
      </trkpt>
      <trkpt lat="52.04352" lon="1.26748">
        <ele>0</ele>
        <time>2026-06-26T08:05:40.550Z</time>
        <name>125</name>
        <extensions>
          <speed_mps>13.411</speed_mps>
          <speed_mph>30.0</speed_mph>
        </extensions>
      </trkpt>
      <trkpt lat="52.04375" lon="1.26787">
        <ele>0</ele>
        <time>2026-06-26T08:05:43.305Z</time>
        <name>126</name>
        <extensions>
          <speed_mps>13.411</speed_mps>
          <speed_mph>30.0</speed_mph>
        </extensions>
      </trkpt>
      <trkpt lat="52.04398" lon="1.26825">
        <ele>0</ele>
        <time>2026-06-26T08:05:46.061Z</time>
        <name>127</name>
        <extensions>
          <speed_mps>13.411</speed_mps>
          <speed_mph>30.0</speed_mph>
        </extensions>
      </trkpt>
      <trkpt lat="52.04422" lon="1.26864">
        <ele>0</ele>
        <time>2026-06-26T08:05:48.816Z</time>
        <name>128</name>
        <extensions>
          <speed_mps>13.411</speed_mps>
          <speed_mph>30.0</speed_mph>
        </extensions>
      </trkpt>
      <trkpt lat="52.04445" lon="1.26902">
        <ele>0</ele>
        <time>2026-06-26T08:05:51.572Z</time>
        <name>129</name>
        <extensions>
          <speed_mps>13.411</speed_mps>
          <speed_mph>30.0</speed_mph>
        </extensions>
      </trkpt>
      <trkpt lat="52.04468" lon="1.26941">
        <ele>0</ele>
        <time>2026-06-26T08:05:54.327Z</time>
        <name>130</name>
        <extensions>
          <speed_mps>13.411</speed_mps>
          <speed_mph>30.0</speed_mph>
        </extensions>
      </trkpt>
      <trkpt lat="52.04491" lon="1.26980">
        <ele>0</ele>
        <time>2026-06-26T08:05:57.083Z</time>
        <name>131</name>
        <extensions>
          <speed_mps>13.411</speed_mps>
          <speed_mph>30.0</speed_mph>
        </extensions>
      </trkpt>
      <trkpt lat="52.04514" lon="1.27018">
        <ele>0</ele>
        <time>2026-06-26T08:05:59.838Z</time>
        <name>132</name>
        <extensions>
          <speed_mps>13.411</speed_mps>
          <speed_mph>30.0</speed_mph>
        </extensions>
      </trkpt>
      <trkpt lat="52.04538" lon="1.27057">
        <ele>0</ele>
        <time>2026-06-26T08:06:02.594Z</time>
        <name>133</name>
        <extensions>
          <speed_mps>13.411</speed_mps>
          <speed_mph>30.0</speed_mph>
        </extensions>
      </trkpt>
      <trkpt lat="52.04561" lon="1.27096">
        <ele>0</ele>
        <time>2026-06-26T08:06:05.349Z</time>
        <name>134</name>
        <extensions>
          <speed_mps>13.411</speed_mps>
          <speed_mph>30.0</speed_mph>
        </extensions>
      </trkpt>
      <trkpt lat="52.04584" lon="1.27134">
        <ele>0</ele>
        <time>2026-06-26T08:06:08.105Z</time>
        <name>135</name>
        <extensions>
          <speed_mps>13.411</speed_mps>
          <speed_mph>30.0</speed_mph>
        </extensions>
      </trkpt>
      <trkpt lat="52.04608" lon="1.27172">
        <ele>0</ele>
        <time>2026-06-26T08:06:10.860Z</time>
        <name>136</name>
        <extensions>
          <speed_mps>13.411</speed_mps>
          <speed_mph>30.0</speed_mph>
        </extensions>
      </trkpt>
      <trkpt lat="52.04631" lon="1.27211">
        <ele>0</ele>
        <time>2026-06-26T08:06:13.616Z</time>
        <name>137</name>
        <extensions>
          <speed_mps>13.411</speed_mps>
          <speed_mph>30.0</speed_mph>
        </extensions>
      </trkpt>
      <trkpt lat="52.04655" lon="1.27249">
        <ele>0</ele>
        <time>2026-06-26T08:06:16.371Z</time>
        <name>138</name>
        <extensions>
          <speed_mps>13.411</speed_mps>
          <speed_mph>30.0</speed_mph>
        </extensions>
      </trkpt>
      <trkpt lat="52.04678" lon="1.27287">
        <ele>0</ele>
        <time>2026-06-26T08:06:19.127Z</time>
        <name>139</name>
        <extensions>
          <speed_mps>13.411</speed_mps>
          <speed_mph>30.0</speed_mph>
        </extensions>
      </trkpt>
      <trkpt lat="52.04702" lon="1.27325">
        <ele>0</ele>
        <time>2026-06-26T08:06:21.882Z</time>
        <name>140</name>
        <extensions>
          <speed_mps>13.411</speed_mps>
          <speed_mph>30.0</speed_mph>
        </extensions>
      </trkpt>
      <trkpt lat="52.04725" lon="1.27364">
        <ele>0</ele>
        <time>2026-06-26T08:06:24.637Z</time>
        <name>141</name>
        <extensions>
          <speed_mps>13.411</speed_mps>
          <speed_mph>30.0</speed_mph>
        </extensions>
      </trkpt>
      <trkpt lat="52.04749" lon="1.27402">
        <ele>0</ele>
        <time>2026-06-26T08:06:27.393Z</time>
        <name>142</name>
        <extensions>
          <speed_mps>13.411</speed_mps>
          <speed_mph>30.0</speed_mph>
        </extensions>
      </trkpt>
      <trkpt lat="52.04773" lon="1.27438">
        <ele>0</ele>
        <time>2026-06-26T08:06:30.130Z</time>
        <name>143</name>
        <extensions>
          <speed_mps>13.411</speed_mps>
          <speed_mph>30.0</speed_mph>
        </extensions>
      </trkpt>
      <trkpt lat="52.04805" lon="1.27446">
        <ele>0</ele>
        <time>2026-06-26T08:06:32.826Z</time>
        <name>144</name>
        <extensions>
          <speed_mps>13.411</speed_mps>
          <speed_mph>30.0</speed_mph>
        </extensions>
      </trkpt>
      <trkpt lat="52.04827" lon="1.27483">
        <ele>0</ele>
        <time>2026-06-26T08:06:35.453Z</time>
        <name>145</name>
        <extensions>
          <speed_mps>13.411</speed_mps>
          <speed_mph>30.0</speed_mph>
        </extensions>
      </trkpt>
      <trkpt lat="52.04843" lon="1.27530">
        <ele>0</ele>
        <time>2026-06-26T08:06:38.208Z</time>
        <name>146</name>
        <extensions>
          <speed_mps>13.411</speed_mps>
          <speed_mph>30.0</speed_mph>
        </extensions>
      </trkpt>
      <trkpt lat="52.04865" lon="1.27571">
        <ele>0</ele>
        <time>2026-06-26T08:06:40.933Z</time>
        <name>147</name>
        <extensions>
          <speed_mps>13.411</speed_mps>
          <speed_mph>30.0</speed_mph>
        </extensions>
      </trkpt>
      <trkpt lat="52.04891" lon="1.27602">
        <ele>0</ele>
        <time>2026-06-26T08:06:43.685Z</time>
        <name>148</name>
        <extensions>
          <speed_mps>13.411</speed_mps>
          <speed_mph>30.0</speed_mph>
        </extensions>
      </trkpt>
      <trkpt lat="52.04920" lon="1.27631">
        <ele>0</ele>
        <time>2026-06-26T08:06:46.439Z</time>
        <name>149</name>
        <extensions>
          <speed_mps>13.411</speed_mps>
          <speed_mph>30.0</speed_mph>
        </extensions>
      </trkpt>
      <trkpt lat="52.04949" lon="1.27657">
        <ele>0</ele>
        <time>2026-06-26T08:06:49.194Z</time>
        <name>150</name>
        <extensions>
          <speed_mps>13.411</speed_mps>
          <speed_mph>30.0</speed_mph>
        </extensions>
      </trkpt>
      <trkpt lat="52.04978" lon="1.27682">
        <ele>0</ele>
        <time>2026-06-26T08:06:51.948Z</time>
        <name>151</name>
        <extensions>
          <speed_mps>13.411</speed_mps>
          <speed_mph>30.0</speed_mph>
        </extensions>
      </trkpt>
      <trkpt lat="52.05008" lon="1.27704">
        <ele>0</ele>
        <time>2026-06-26T08:06:54.703Z</time>
        <name>152</name>
        <extensions>
          <speed_mps>13.411</speed_mps>
          <speed_mph>30.0</speed_mph>
        </extensions>
      </trkpt>
      <trkpt lat="52.05040" lon="1.27722">
        <ele>0</ele>
        <time>2026-06-26T08:06:57.458Z</time>
        <name>153</name>
        <extensions>
          <speed_mps>13.411</speed_mps>
          <speed_mph>30.0</speed_mph>
        </extensions>
      </trkpt>
      <trkpt lat="52.05072" lon="1.27738">
        <ele>0</ele>
        <time>2026-06-26T08:07:00.213Z</time>
        <name>154</name>
        <extensions>
          <speed_mps>13.411</speed_mps>
          <speed_mph>30.0</speed_mph>
        </extensions>
      </trkpt>
      <trkpt lat="52.05104" lon="1.27752">
        <ele>0</ele>
        <time>2026-06-26T08:07:02.969Z</time>
        <name>155</name>
        <extensions>
          <speed_mps>13.411</speed_mps>
          <speed_mph>30.0</speed_mph>
        </extensions>
      </trkpt>
      <trkpt lat="52.05136" lon="1.27763">
        <ele>0</ele>
        <time>2026-06-26T08:07:05.724Z</time>
        <name>156</name>
        <extensions>
          <speed_mps>13.411</speed_mps>
          <speed_mph>30.0</speed_mph>
        </extensions>
      </trkpt>
      <trkpt lat="52.05169" lon="1.27771">
        <ele>0</ele>
        <time>2026-06-26T08:07:08.478Z</time>
        <name>157</name>
        <extensions>
          <speed_mps>13.411</speed_mps>
          <speed_mph>30.0</speed_mph>
        </extensions>
      </trkpt>
      <trkpt lat="52.05202" lon="1.27777">
        <ele>0</ele>
        <time>2026-06-26T08:07:11.233Z</time>
        <name>158</name>
        <extensions>
          <speed_mps>13.411</speed_mps>
          <speed_mph>30.0</speed_mph>
        </extensions>
      </trkpt>
      <trkpt lat="52.05235" lon="1.27779">
        <ele>0</ele>
        <time>2026-06-26T08:07:13.987Z</time>
        <name>159</name>
        <extensions>
          <speed_mps>13.411</speed_mps>
          <speed_mph>30.0</speed_mph>
        </extensions>
      </trkpt>
      <trkpt lat="52.05268" lon="1.27780">
        <ele>0</ele>
        <time>2026-06-26T08:07:16.742Z</time>
        <name>160</name>
        <extensions>
          <speed_mps>13.411</speed_mps>
          <speed_mph>30.0</speed_mph>
        </extensions>
      </trkpt>
      <trkpt lat="52.05302" lon="1.27778">
        <ele>0</ele>
        <time>2026-06-26T08:07:19.497Z</time>
        <name>161</name>
        <extensions>
          <speed_mps>13.411</speed_mps>
          <speed_mph>30.0</speed_mph>
        </extensions>
      </trkpt>
      <trkpt lat="52.05335" lon="1.27775">
        <ele>0</ele>
        <time>2026-06-26T08:07:22.252Z</time>
        <name>162</name>
        <extensions>
          <speed_mps>13.411</speed_mps>
          <speed_mph>30.0</speed_mph>
        </extensions>
      </trkpt>
      <trkpt lat="52.05368" lon="1.27771">
        <ele>0</ele>
        <time>2026-06-26T08:07:25.008Z</time>
        <name>163</name>
        <extensions>
          <speed_mps>13.411</speed_mps>
          <speed_mph>30.0</speed_mph>
        </extensions>
      </trkpt>
      <trkpt lat="52.05401" lon="1.27767">
        <ele>0</ele>
        <time>2026-06-26T08:07:27.763Z</time>
        <name>164</name>
        <extensions>
          <speed_mps>13.411</speed_mps>
          <speed_mph>30.0</speed_mph>
        </extensions>
      </trkpt>
      <trkpt lat="52.05434" lon="1.27763">
        <ele>0</ele>
        <time>2026-06-26T08:07:30.519Z</time>
        <name>165</name>
        <extensions>
          <speed_mps>13.411</speed_mps>
          <speed_mph>30.0</speed_mph>
        </extensions>
      </trkpt>
      <trkpt lat="52.05467" lon="1.27759">
        <ele>0</ele>
        <time>2026-06-26T08:07:33.274Z</time>
        <name>166</name>
        <extensions>
          <speed_mps>13.411</speed_mps>
          <speed_mph>30.0</speed_mph>
        </extensions>
      </trkpt>
      <trkpt lat="52.05501" lon="1.27755">
        <ele>0</ele>
        <time>2026-06-26T08:07:36.030Z</time>
        <name>167</name>
        <extensions>
          <speed_mps>13.411</speed_mps>
          <speed_mph>30.0</speed_mph>
        </extensions>
      </trkpt>
      <trkpt lat="52.05534" lon="1.27751">
        <ele>0</ele>
        <time>2026-06-26T08:07:38.785Z</time>
        <name>168</name>
        <extensions>
          <speed_mps>13.411</speed_mps>
          <speed_mph>30.0</speed_mph>
        </extensions>
      </trkpt>
      <trkpt lat="52.05567" lon="1.27746">
        <ele>0</ele>
        <time>2026-06-26T08:07:41.541Z</time>
        <name>169</name>
        <extensions>
          <speed_mps>13.411</speed_mps>
          <speed_mph>30.0</speed_mph>
        </extensions>
      </trkpt>
      <trkpt lat="52.05600" lon="1.27741">
        <ele>0</ele>
        <time>2026-06-26T08:07:44.296Z</time>
        <name>170</name>
        <extensions>
          <speed_mps>13.411</speed_mps>
          <speed_mph>30.0</speed_mph>
        </extensions>
      </trkpt>
      <trkpt lat="52.05633" lon="1.27736">
        <ele>0</ele>
        <time>2026-06-26T08:07:47.052Z</time>
        <name>171</name>
        <extensions>
          <speed_mps>13.411</speed_mps>
          <speed_mph>30.0</speed_mph>
        </extensions>
      </trkpt>
      <trkpt lat="52.05666" lon="1.27730">
        <ele>0</ele>
        <time>2026-06-26T08:07:49.807Z</time>
        <name>172</name>
        <extensions>
          <speed_mps>13.411</speed_mps>
          <speed_mph>30.0</speed_mph>
        </extensions>
      </trkpt>
      <trkpt lat="52.05699" lon="1.27725">
        <ele>0</ele>
        <time>2026-06-26T08:07:52.563Z</time>
        <name>173</name>
        <extensions>
          <speed_mps>13.411</speed_mps>
          <speed_mph>30.0</speed_mph>
        </extensions>
      </trkpt>
      <trkpt lat="52.05732" lon="1.27719">
        <ele>0</ele>
        <time>2026-06-26T08:07:55.318Z</time>
        <name>174</name>
        <extensions>
          <speed_mps>13.411</speed_mps>
          <speed_mph>30.0</speed_mph>
        </extensions>
      </trkpt>
      <trkpt lat="52.05765" lon="1.27712">
        <ele>0</ele>
        <time>2026-06-26T08:07:58.074Z</time>
        <name>175</name>
        <extensions>
          <speed_mps>13.411</speed_mps>
          <speed_mph>30.0</speed_mph>
        </extensions>
      </trkpt>
      <trkpt lat="52.05798" lon="1.27706">
        <ele>0</ele>
        <time>2026-06-26T08:08:00.829Z</time>
        <name>176</name>
        <extensions>
          <speed_mps>13.411</speed_mps>
          <speed_mph>30.0</speed_mph>
        </extensions>
      </trkpt>
      <trkpt lat="52.05831" lon="1.27699">
        <ele>0</ele>
        <time>2026-06-26T08:08:03.585Z</time>
        <name>177</name>
        <extensions>
          <speed_mps>13.411</speed_mps>
          <speed_mph>30.0</speed_mph>
        </extensions>
      </trkpt>
      <trkpt lat="52.05864" lon="1.27692">
        <ele>0</ele>
        <time>2026-06-26T08:08:06.340Z</time>
        <name>178</name>
        <extensions>
          <speed_mps>13.411</speed_mps>
          <speed_mph>30.0</speed_mph>
        </extensions>
      </trkpt>
      <trkpt lat="52.05897" lon="1.27684">
        <ele>0</ele>
        <time>2026-06-26T08:08:09.096Z</time>
        <name>179</name>
        <extensions>
          <speed_mps>13.411</speed_mps>
          <speed_mph>30.0</speed_mph>
        </extensions>
      </trkpt>
      <trkpt lat="52.05930" lon="1.27676">
        <ele>0</ele>
        <time>2026-06-26T08:08:11.851Z</time>
        <name>180</name>
        <extensions>
          <speed_mps>13.411</speed_mps>
          <speed_mph>30.0</speed_mph>
        </extensions>
      </trkpt>
      <trkpt lat="52.05962" lon="1.27666">
        <ele>0</ele>
        <time>2026-06-26T08:08:14.601Z</time>
        <name>181</name>
        <extensions>
          <speed_mps>13.411</speed_mps>
          <speed_mph>30.0</speed_mph>
        </extensions>
      </trkpt>
      <trkpt lat="52.05986" lon="1.27630">
        <ele>0</ele>
        <time>2026-06-26T08:08:17.321Z</time>
        <name>182</name>
        <extensions>
          <speed_mps>13.411</speed_mps>
          <speed_mph>30.0</speed_mph>
        </extensions>
      </trkpt>
      <trkpt lat="52.06017" lon="1.27620">
        <ele>0</ele>
        <time>2026-06-26T08:08:19.931Z</time>
        <name>183</name>
        <extensions>
          <speed_mps>13.411</speed_mps>
          <speed_mph>30.0</speed_mph>
        </extensions>
      </trkpt>
      <trkpt lat="52.06048" lon="1.27640">
        <ele>0</ele>
        <time>2026-06-26T08:08:22.645Z</time>
        <name>184</name>
        <extensions>
          <speed_mps>13.411</speed_mps>
          <speed_mph>30.0</speed_mph>
        </extensions>
      </trkpt>
      <trkpt lat="52.06080" lon="1.27633">
        <ele>0</ele>
        <time>2026-06-26T08:08:25.384Z</time>
        <name>185</name>
        <extensions>
          <speed_mps>13.411</speed_mps>
          <speed_mph>30.0</speed_mph>
        </extensions>
      </trkpt>
      <trkpt lat="52.06113" lon="1.27621">
        <ele>0</ele>
        <time>2026-06-26T08:08:28.139Z</time>
        <name>186</name>
        <extensions>
          <speed_mps>13.411</speed_mps>
          <speed_mph>30.0</speed_mph>
        </extensions>
      </trkpt>
      <trkpt lat="52.06145" lon="1.27610">
        <ele>0</ele>
        <time>2026-06-26T08:08:30.894Z</time>
        <name>187</name>
        <extensions>
          <speed_mps>13.411</speed_mps>
          <speed_mph>30.0</speed_mph>
        </extensions>
      </trkpt>
      <trkpt lat="52.06178" lon="1.27599">
        <ele>0</ele>
        <time>2026-06-26T08:08:33.650Z</time>
        <name>188</name>
        <extensions>
          <speed_mps>13.411</speed_mps>
          <speed_mph>30.0</speed_mph>
        </extensions>
      </trkpt>
      <trkpt lat="52.06211" lon="1.27588">
        <ele>0</ele>
        <time>2026-06-26T08:08:36.405Z</time>
        <name>189</name>
        <extensions>
          <speed_mps>13.411</speed_mps>
          <speed_mph>30.0</speed_mph>
        </extensions>
      </trkpt>
      <trkpt lat="52.06243" lon="1.27577">
        <ele>0</ele>
        <time>2026-06-26T08:08:39.161Z</time>
        <name>190</name>
        <extensions>
          <speed_mps>13.411</speed_mps>
          <speed_mph>30.0</speed_mph>
        </extensions>
      </trkpt>
      <trkpt lat="52.06276" lon="1.27565">
        <ele>0</ele>
        <time>2026-06-26T08:08:41.916Z</time>
        <name>191</name>
        <extensions>
          <speed_mps>13.411</speed_mps>
          <speed_mph>30.0</speed_mph>
        </extensions>
      </trkpt>
      <trkpt lat="52.06308" lon="1.27554">
        <ele>0</ele>
        <time>2026-06-26T08:08:44.672Z</time>
        <name>192</name>
        <extensions>
          <speed_mps>13.411</speed_mps>
          <speed_mph>30.0</speed_mph>
        </extensions>
      </trkpt>
      <trkpt lat="52.06341" lon="1.27543">
        <ele>0</ele>
        <time>2026-06-26T08:08:47.427Z</time>
        <name>193</name>
        <extensions>
          <speed_mps>13.411</speed_mps>
          <speed_mph>30.0</speed_mph>
        </extensions>
      </trkpt>
      <trkpt lat="52.06373" lon="1.27532">
        <ele>0</ele>
        <time>2026-06-26T08:08:50.183Z</time>
        <name>194</name>
        <extensions>
          <speed_mps>13.411</speed_mps>
          <speed_mph>30.0</speed_mph>
        </extensions>
      </trkpt>
      <trkpt lat="52.06406" lon="1.27521">
        <ele>0</ele>
        <time>2026-06-26T08:08:52.938Z</time>
        <name>195</name>
        <extensions>
          <speed_mps>13.411</speed_mps>
          <speed_mph>30.0</speed_mph>
        </extensions>
      </trkpt>
      <trkpt lat="52.06438" lon="1.27510">
        <ele>0</ele>
        <time>2026-06-26T08:08:55.694Z</time>
        <name>196</name>
        <extensions>
          <speed_mps>13.411</speed_mps>
          <speed_mph>30.0</speed_mph>
        </extensions>
      </trkpt>
      <trkpt lat="52.06471" lon="1.27498">
        <ele>0</ele>
        <time>2026-06-26T08:08:58.449Z</time>
        <name>197</name>
        <extensions>
          <speed_mps>13.411</speed_mps>
          <speed_mph>30.0</speed_mph>
        </extensions>
      </trkpt>
      <trkpt lat="52.06503" lon="1.27486">
        <ele>0</ele>
        <time>2026-06-26T08:09:01.204Z</time>
        <name>198</name>
        <extensions>
          <speed_mps>13.411</speed_mps>
          <speed_mph>30.0</speed_mph>
        </extensions>
      </trkpt>
      <trkpt lat="52.06531" lon="1.27458">
        <ele>0</ele>
        <time>2026-06-26T08:09:03.882Z</time>
        <name>199</name>
        <extensions>
          <speed_mps>13.411</speed_mps>
          <speed_mph>30.0</speed_mph>
        </extensions>
      </trkpt>
      <trkpt lat="52.06554" lon="1.27424">
        <ele>0</ele>
        <time>2026-06-26T08:09:06.501Z</time>
        <name>200</name>
        <extensions>
          <speed_mps>13.411</speed_mps>
          <speed_mph>30.0</speed_mph>
        </extensions>
      </trkpt>
      <trkpt lat="52.06586" lon="1.27433">
        <ele>0</ele>
        <time>2026-06-26T08:09:09.200Z</time>
        <name>201</name>
        <extensions>
          <speed_mps>13.411</speed_mps>
          <speed_mph>30.0</speed_mph>
        </extensions>
      </trkpt>
      <trkpt lat="52.06618" lon="1.27425">
        <ele>0</ele>
        <time>2026-06-26T08:09:11.909Z</time>
        <name>202</name>
        <extensions>
          <speed_mps>13.411</speed_mps>
          <speed_mph>30.0</speed_mph>
        </extensions>
      </trkpt>
      <trkpt lat="52.06648" lon="1.27403">
        <ele>0</ele>
        <time>2026-06-26T08:09:14.664Z</time>
        <name>203</name>
        <extensions>
          <speed_mps>13.411</speed_mps>
          <speed_mph>30.0</speed_mph>
        </extensions>
      </trkpt>
      <trkpt lat="52.06679" lon="1.27380">
        <ele>0</ele>
        <time>2026-06-26T08:09:17.419Z</time>
        <name>204</name>
        <extensions>
          <speed_mps>13.411</speed_mps>
          <speed_mph>30.0</speed_mph>
        </extensions>
      </trkpt>
      <trkpt lat="52.06708" lon="1.27354">
        <ele>0</ele>
        <time>2026-06-26T08:09:20.173Z</time>
        <name>205</name>
        <extensions>
          <speed_mps>13.411</speed_mps>
          <speed_mph>30.0</speed_mph>
        </extensions>
      </trkpt>
      <trkpt lat="52.06736" lon="1.27326">
        <ele>0</ele>
        <time>2026-06-26T08:09:22.926Z</time>
        <name>206</name>
        <extensions>
          <speed_mps>13.411</speed_mps>
          <speed_mph>30.0</speed_mph>
        </extensions>
      </trkpt>
      <trkpt lat="52.06763" lon="1.27295">
        <ele>0</ele>
        <time>2026-06-26T08:09:25.681Z</time>
        <name>207</name>
        <extensions>
          <speed_mps>13.411</speed_mps>
          <speed_mph>30.0</speed_mph>
        </extensions>
      </trkpt>
      <trkpt lat="52.06789" lon="1.27261">
        <ele>0</ele>
        <time>2026-06-26T08:09:28.436Z</time>
        <name>208</name>
        <extensions>
          <speed_mps>13.411</speed_mps>
          <speed_mph>30.0</speed_mph>
        </extensions>
      </trkpt>
      <trkpt lat="52.06813" lon="1.27224">
        <ele>0</ele>
        <time>2026-06-26T08:09:31.190Z</time>
        <name>209</name>
        <extensions>
          <speed_mps>13.411</speed_mps>
          <speed_mph>30.0</speed_mph>
        </extensions>
      </trkpt>
      <trkpt lat="52.06836" lon="1.27185">
        <ele>0</ele>
        <time>2026-06-26T08:09:33.945Z</time>
        <name>210</name>
        <extensions>
          <speed_mps>13.411</speed_mps>
          <speed_mph>30.0</speed_mph>
        </extensions>
      </trkpt>
      <trkpt lat="52.06858" lon="1.27145">
        <ele>0</ele>
        <time>2026-06-26T08:09:36.700Z</time>
        <name>211</name>
        <extensions>
          <speed_mps>13.411</speed_mps>
          <speed_mph>30.0</speed_mph>
        </extensions>
      </trkpt>
      <trkpt lat="52.06880" lon="1.27104">
        <ele>0</ele>
        <time>2026-06-26T08:09:39.455Z</time>
        <name>212</name>
        <extensions>
          <speed_mps>13.411</speed_mps>
          <speed_mph>30.0</speed_mph>
        </extensions>
      </trkpt>
      <trkpt lat="52.06902" lon="1.27063">
        <ele>0</ele>
        <time>2026-06-26T08:09:42.211Z</time>
        <name>213</name>
        <extensions>
          <speed_mps>13.411</speed_mps>
          <speed_mph>30.0</speed_mph>
        </extensions>
      </trkpt>
      <trkpt lat="52.06923" lon="1.27021">
        <ele>0</ele>
        <time>2026-06-26T08:09:44.966Z</time>
        <name>214</name>
        <extensions>
          <speed_mps>13.411</speed_mps>
          <speed_mph>30.0</speed_mph>
        </extensions>
      </trkpt>
      <trkpt lat="52.06939" lon="1.26974">
        <ele>0</ele>
        <time>2026-06-26T08:09:47.712Z</time>
        <name>215</name>
        <extensions>
          <speed_mps>13.411</speed_mps>
          <speed_mph>30.0</speed_mph>
        </extensions>
      </trkpt>
      <trkpt lat="52.06945" lon="1.26922">
        <ele>0</ele>
        <time>2026-06-26T08:09:50.403Z</time>
        <name>216</name>
        <extensions>
          <speed_mps>13.411</speed_mps>
          <speed_mph>30.0</speed_mph>
        </extensions>
      </trkpt>
      <trkpt lat="52.06973" lon="1.26898">
        <ele>0</ele>
        <time>2026-06-26T08:09:52.996Z</time>
        <name>217</name>
        <extensions>
          <speed_mps>13.411</speed_mps>
          <speed_mph>30.0</speed_mph>
        </extensions>
      </trkpt>
      <trkpt lat="52.07004" lon="1.26886">
        <ele>0</ele>
        <time>2026-06-26T08:09:55.693Z</time>
        <name>218</name>
        <extensions>
          <speed_mps>13.411</speed_mps>
          <speed_mph>30.0</speed_mph>
        </extensions>
      </trkpt>
      <trkpt lat="52.07036" lon="1.26870">
        <ele>0</ele>
        <time>2026-06-26T08:09:58.446Z</time>
        <name>219</name>
        <extensions>
          <speed_mps>13.411</speed_mps>
          <speed_mph>30.0</speed_mph>
        </extensions>
      </trkpt>
      <trkpt lat="52.07068" lon="1.26854">
        <ele>0</ele>
        <time>2026-06-26T08:10:01.201Z</time>
        <name>220</name>
        <extensions>
          <speed_mps>13.411</speed_mps>
          <speed_mph>30.0</speed_mph>
        </extensions>
      </trkpt>
      <trkpt lat="52.07100" lon="1.26839">
        <ele>0</ele>
        <time>2026-06-26T08:10:03.957Z</time>
        <name>221</name>
        <extensions>
          <speed_mps>13.411</speed_mps>
          <speed_mph>30.0</speed_mph>
        </extensions>
      </trkpt>
      <trkpt lat="52.07132" lon="1.26824">
        <ele>0</ele>
        <time>2026-06-26T08:10:06.712Z</time>
        <name>222</name>
        <extensions>
          <speed_mps>13.411</speed_mps>
          <speed_mph>30.0</speed_mph>
        </extensions>
      </trkpt>
      <trkpt lat="52.07164" lon="1.26810">
        <ele>0</ele>
        <time>2026-06-26T08:10:09.467Z</time>
        <name>223</name>
        <extensions>
          <speed_mps>13.411</speed_mps>
          <speed_mph>30.0</speed_mph>
        </extensions>
      </trkpt>
      <trkpt lat="52.07196" lon="1.26799">
        <ele>0</ele>
        <time>2026-06-26T08:10:12.222Z</time>
        <name>224</name>
        <extensions>
          <speed_mps>13.411</speed_mps>
          <speed_mph>30.0</speed_mph>
        </extensions>
      </trkpt>
      <trkpt lat="52.07229" lon="1.26790">
        <ele>0</ele>
        <time>2026-06-26T08:10:14.976Z</time>
        <name>225</name>
        <extensions>
          <speed_mps>13.411</speed_mps>
          <speed_mph>30.0</speed_mph>
        </extensions>
      </trkpt>
      <trkpt lat="52.07262" lon="1.26783">
        <ele>0</ele>
        <time>2026-06-26T08:10:17.732Z</time>
        <name>226</name>
        <extensions>
          <speed_mps>13.411</speed_mps>
          <speed_mph>30.0</speed_mph>
        </extensions>
      </trkpt>
      <trkpt lat="52.07295" lon="1.26777">
        <ele>0</ele>
        <time>2026-06-26T08:10:20.487Z</time>
        <name>227</name>
        <extensions>
          <speed_mps>13.411</speed_mps>
          <speed_mph>30.0</speed_mph>
        </extensions>
      </trkpt>
      <trkpt lat="52.07328" lon="1.26773">
        <ele>0</ele>
        <time>2026-06-26T08:10:23.242Z</time>
        <name>228</name>
        <extensions>
          <speed_mps>13.411</speed_mps>
          <speed_mph>30.0</speed_mph>
        </extensions>
      </trkpt>
      <trkpt lat="52.07361" lon="1.26771">
        <ele>0</ele>
        <time>2026-06-26T08:10:25.997Z</time>
        <name>229</name>
        <extensions>
          <speed_mps>13.411</speed_mps>
          <speed_mph>30.0</speed_mph>
        </extensions>
      </trkpt>
      <trkpt lat="52.07395" lon="1.26772">
        <ele>0</ele>
        <time>2026-06-26T08:10:28.752Z</time>
        <name>230</name>
        <extensions>
          <speed_mps>13.411</speed_mps>
          <speed_mph>30.0</speed_mph>
        </extensions>
      </trkpt>
      <trkpt lat="52.07428" lon="1.26774">
        <ele>0</ele>
        <time>2026-06-26T08:10:31.507Z</time>
        <name>231</name>
        <extensions>
          <speed_mps>13.411</speed_mps>
          <speed_mph>30.0</speed_mph>
        </extensions>
      </trkpt>
      <trkpt lat="52.07461" lon="1.26778">
        <ele>0</ele>
        <time>2026-06-26T08:10:34.262Z</time>
        <name>232</name>
        <extensions>
          <speed_mps>13.411</speed_mps>
          <speed_mph>30.0</speed_mph>
        </extensions>
      </trkpt>
      <trkpt lat="52.07494" lon="1.26785">
        <ele>0</ele>
        <time>2026-06-26T08:10:37.017Z</time>
        <name>233</name>
        <extensions>
          <speed_mps>13.411</speed_mps>
          <speed_mph>30.0</speed_mph>
        </extensions>
      </trkpt>
      <trkpt lat="52.07527" lon="1.26793">
        <ele>0</ele>
        <time>2026-06-26T08:10:39.773Z</time>
        <name>234</name>
        <extensions>
          <speed_mps>13.411</speed_mps>
          <speed_mph>30.0</speed_mph>
        </extensions>
      </trkpt>
      <trkpt lat="52.07560" lon="1.26801">
        <ele>0</ele>
        <time>2026-06-26T08:10:42.528Z</time>
        <name>235</name>
        <extensions>
          <speed_mps>13.411</speed_mps>
          <speed_mph>30.0</speed_mph>
        </extensions>
      </trkpt>
      <trkpt lat="52.07592" lon="1.26812">
        <ele>0</ele>
        <time>2026-06-26T08:10:45.283Z</time>
        <name>236</name>
        <extensions>
          <speed_mps>13.411</speed_mps>
          <speed_mph>30.0</speed_mph>
        </extensions>
      </trkpt>
      <trkpt lat="52.07624" lon="1.26827">
        <ele>0</ele>
        <time>2026-06-26T08:10:48.038Z</time>
        <name>237</name>
        <extensions>
          <speed_mps>13.411</speed_mps>
          <speed_mph>30.0</speed_mph>
        </extensions>
      </trkpt>
      <trkpt lat="52.07656" lon="1.26842">
        <ele>0</ele>
        <time>2026-06-26T08:10:50.793Z</time>
        <name>238</name>
        <extensions>
          <speed_mps>13.411</speed_mps>
          <speed_mph>30.0</speed_mph>
        </extensions>
      </trkpt>
      <trkpt lat="52.07687" lon="1.26860">
        <ele>0</ele>
        <time>2026-06-26T08:10:53.548Z</time>
        <name>239</name>
        <extensions>
          <speed_mps>13.411</speed_mps>
          <speed_mph>30.0</speed_mph>
        </extensions>
      </trkpt>
      <trkpt lat="52.07718" lon="1.26879">
        <ele>0</ele>
        <time>2026-06-26T08:10:56.303Z</time>
        <name>240</name>
        <extensions>
          <speed_mps>13.411</speed_mps>
          <speed_mph>30.0</speed_mph>
        </extensions>
      </trkpt>
      <trkpt lat="52.07749" lon="1.26902">
        <ele>0</ele>
        <time>2026-06-26T08:10:59.056Z</time>
        <name>241</name>
        <extensions>
          <speed_mps>13.411</speed_mps>
          <speed_mph>30.0</speed_mph>
        </extensions>
      </trkpt>
      <trkpt lat="52.07779" lon="1.26925">
        <ele>0</ele>
        <time>2026-06-26T08:11:01.812Z</time>
        <name>242</name>
        <extensions>
          <speed_mps>13.411</speed_mps>
          <speed_mph>30.0</speed_mph>
        </extensions>
      </trkpt>
      <trkpt lat="52.07808" lon="1.26950">
        <ele>0</ele>
        <time>2026-06-26T08:11:04.567Z</time>
        <name>243</name>
        <extensions>
          <speed_mps>13.411</speed_mps>
          <speed_mph>30.0</speed_mph>
        </extensions>
      </trkpt>
      <trkpt lat="52.07837" lon="1.26975">
        <ele>0</ele>
        <time>2026-06-26T08:11:07.322Z</time>
        <name>244</name>
        <extensions>
          <speed_mps>13.411</speed_mps>
          <speed_mph>30.0</speed_mph>
        </extensions>
      </trkpt>
      <trkpt lat="52.07866" lon="1.27002">
        <ele>0</ele>
        <time>2026-06-26T08:11:10.073Z</time>
        <name>245</name>
        <extensions>
          <speed_mps>13.411</speed_mps>
          <speed_mph>30.0</speed_mph>
        </extensions>
      </trkpt>
      <trkpt lat="52.07893" lon="1.27034">
        <ele>0</ele>
        <time>2026-06-26T08:11:12.829Z</time>
        <name>246</name>
        <extensions>
          <speed_mps>13.411</speed_mps>
          <speed_mph>30.0</speed_mph>
        </extensions>
      </trkpt>
      <trkpt lat="52.07920" lon="1.27066">
        <ele>0</ele>
        <time>2026-06-26T08:11:15.584Z</time>
        <name>247</name>
        <extensions>
          <speed_mps>13.411</speed_mps>
          <speed_mph>30.0</speed_mph>
        </extensions>
      </trkpt>
      <trkpt lat="52.07947" lon="1.27098">
        <ele>0</ele>
        <time>2026-06-26T08:11:18.340Z</time>
        <name>248</name>
        <extensions>
          <speed_mps>13.411</speed_mps>
          <speed_mph>30.0</speed_mph>
        </extensions>
      </trkpt>
      <trkpt lat="52.07974" lon="1.27129">
        <ele>0</ele>
        <time>2026-06-26T08:11:21.095Z</time>
        <name>249</name>
        <extensions>
          <speed_mps>13.411</speed_mps>
          <speed_mph>30.0</speed_mph>
        </extensions>
      </trkpt>
      <trkpt lat="52.08000" lon="1.27163">
        <ele>0</ele>
        <time>2026-06-26T08:11:23.844Z</time>
        <name>250</name>
        <extensions>
          <speed_mps>13.411</speed_mps>
          <speed_mph>30.0</speed_mph>
        </extensions>
      </trkpt>
      <trkpt lat="52.08023" lon="1.27201">
        <ele>0</ele>
        <time>2026-06-26T08:11:26.599Z</time>
        <name>251</name>
        <extensions>
          <speed_mps>13.411</speed_mps>
          <speed_mph>30.0</speed_mph>
        </extensions>
      </trkpt>
      <trkpt lat="52.08046" lon="1.27240">
        <ele>0</ele>
        <time>2026-06-26T08:11:29.355Z</time>
        <name>252</name>
        <extensions>
          <speed_mps>13.411</speed_mps>
          <speed_mph>30.0</speed_mph>
        </extensions>
      </trkpt>
      <trkpt lat="52.08069" lon="1.27279">
        <ele>0</ele>
        <time>2026-06-26T08:11:32.110Z</time>
        <name>253</name>
        <extensions>
          <speed_mps>13.411</speed_mps>
          <speed_mph>30.0</speed_mph>
        </extensions>
      </trkpt>
      <trkpt lat="52.08091" lon="1.27320">
        <ele>0</ele>
        <time>2026-06-26T08:11:34.860Z</time>
        <name>254</name>
        <extensions>
          <speed_mps>13.411</speed_mps>
          <speed_mph>30.0</speed_mph>
        </extensions>
      </trkpt>
      <trkpt lat="52.08111" lon="1.27363">
        <ele>0</ele>
        <time>2026-06-26T08:11:37.616Z</time>
        <name>255</name>
        <extensions>
          <speed_mps>13.411</speed_mps>
          <speed_mph>30.0</speed_mph>
        </extensions>
      </trkpt>
      <trkpt lat="52.08130" lon="1.27407">
        <ele>0</ele>
        <time>2026-06-26T08:11:40.371Z</time>
        <name>256</name>
        <extensions>
          <speed_mps>13.411</speed_mps>
          <speed_mph>30.0</speed_mph>
        </extensions>
      </trkpt>
      <trkpt lat="52.08148" lon="1.27452">
        <ele>0</ele>
        <time>2026-06-26T08:11:43.126Z</time>
        <name>257</name>
        <extensions>
          <speed_mps>13.411</speed_mps>
          <speed_mph>30.0</speed_mph>
        </extensions>
      </trkpt>
      <trkpt lat="52.08166" lon="1.27498">
        <ele>0</ele>
        <time>2026-06-26T08:11:45.881Z</time>
        <name>258</name>
        <extensions>
          <speed_mps>13.411</speed_mps>
          <speed_mph>30.0</speed_mph>
        </extensions>
      </trkpt>
      <trkpt lat="52.08183" lon="1.27545">
        <ele>0</ele>
        <time>2026-06-26T08:11:48.633Z</time>
        <name>259</name>
        <extensions>
          <speed_mps>13.411</speed_mps>
          <speed_mph>30.0</speed_mph>
        </extensions>
      </trkpt>
      <trkpt lat="52.08197" lon="1.27593">
        <ele>0</ele>
        <time>2026-06-26T08:11:51.388Z</time>
        <name>260</name>
        <extensions>
          <speed_mps>13.411</speed_mps>
          <speed_mph>30.0</speed_mph>
        </extensions>
      </trkpt>
      <trkpt lat="52.08212" lon="1.27642">
        <ele>0</ele>
        <time>2026-06-26T08:11:54.144Z</time>
        <name>261</name>
        <extensions>
          <speed_mps>13.411</speed_mps>
          <speed_mph>30.0</speed_mph>
        </extensions>
      </trkpt>
      <trkpt lat="52.08227" lon="1.27690">
        <ele>0</ele>
        <time>2026-06-26T08:11:56.899Z</time>
        <name>262</name>
        <extensions>
          <speed_mps>13.411</speed_mps>
          <speed_mph>30.0</speed_mph>
        </extensions>
      </trkpt>
      <trkpt lat="52.08239" lon="1.27741">
        <ele>0</ele>
        <time>2026-06-26T08:11:59.655Z</time>
        <name>263</name>
        <extensions>
          <speed_mps>13.411</speed_mps>
          <speed_mph>30.0</speed_mph>
        </extensions>
      </trkpt>
      <trkpt lat="52.08250" lon="1.27791">
        <ele>0</ele>
        <time>2026-06-26T08:12:02.410Z</time>
        <name>264</name>
        <extensions>
          <speed_mps>13.411</speed_mps>
          <speed_mph>30.0</speed_mph>
        </extensions>
      </trkpt>
      <trkpt lat="52.08262" lon="1.27842">
        <ele>0</ele>
        <time>2026-06-26T08:12:05.165Z</time>
        <name>265</name>
        <extensions>
          <speed_mps>13.411</speed_mps>
          <speed_mph>30.0</speed_mph>
        </extensions>
      </trkpt>
      <trkpt lat="52.08274" lon="1.27893">
        <ele>0</ele>
        <time>2026-06-26T08:12:07.921Z</time>
        <name>266</name>
        <extensions>
          <speed_mps>13.411</speed_mps>
          <speed_mph>30.0</speed_mph>
        </extensions>
      </trkpt>
      <trkpt lat="52.08285" lon="1.27944">
        <ele>0</ele>
        <time>2026-06-26T08:12:10.676Z</time>
        <name>267</name>
        <extensions>
          <speed_mps>13.411</speed_mps>
          <speed_mph>30.0</speed_mph>
        </extensions>
      </trkpt>
      <trkpt lat="52.08296" lon="1.27995">
        <ele>0</ele>
        <time>2026-06-26T08:12:13.432Z</time>
        <name>268</name>
        <extensions>
          <speed_mps>13.411</speed_mps>
          <speed_mph>30.0</speed_mph>
        </extensions>
      </trkpt>
      <trkpt lat="52.08308" lon="1.28045">
        <ele>0</ele>
        <time>2026-06-26T08:12:16.187Z</time>
        <name>269</name>
        <extensions>
          <speed_mps>13.411</speed_mps>
          <speed_mph>30.0</speed_mph>
        </extensions>
      </trkpt>
      <trkpt lat="52.08320" lon="1.28095">
        <ele>0</ele>
        <time>2026-06-26T08:12:18.942Z</time>
        <name>270</name>
        <extensions>
          <speed_mps>13.411</speed_mps>
          <speed_mph>30.0</speed_mph>
        </extensions>
      </trkpt>
      <trkpt lat="52.08331" lon="1.28146">
        <ele>0</ele>
        <time>2026-06-26T08:12:21.698Z</time>
        <name>271</name>
        <extensions>
          <speed_mps>13.411</speed_mps>
          <speed_mph>30.0</speed_mph>
        </extensions>
      </trkpt>
      <trkpt lat="52.08342" lon="1.28197">
        <ele>0</ele>
        <time>2026-06-26T08:12:24.453Z</time>
        <name>272</name>
        <extensions>
          <speed_mps>13.411</speed_mps>
          <speed_mph>30.0</speed_mph>
        </extensions>
      </trkpt>
      <trkpt lat="52.08353" lon="1.28248">
        <ele>0</ele>
        <time>2026-06-26T08:12:27.209Z</time>
        <name>273</name>
        <extensions>
          <speed_mps>13.411</speed_mps>
          <speed_mph>30.0</speed_mph>
        </extensions>
      </trkpt>
      <trkpt lat="52.08364" lon="1.28299">
        <ele>0</ele>
        <time>2026-06-26T08:12:29.964Z</time>
        <name>274</name>
        <extensions>
          <speed_mps>13.411</speed_mps>
          <speed_mph>30.0</speed_mph>
        </extensions>
      </trkpt>
      <trkpt lat="52.08372" lon="1.28352">
        <ele>0</ele>
        <time>2026-06-26T08:12:32.720Z</time>
        <name>275</name>
        <extensions>
          <speed_mps>13.411</speed_mps>
          <speed_mph>30.0</speed_mph>
        </extensions>
      </trkpt>
      <trkpt lat="52.08380" lon="1.28404">
        <ele>0</ele>
        <time>2026-06-26T08:12:35.475Z</time>
        <name>276</name>
        <extensions>
          <speed_mps>13.411</speed_mps>
          <speed_mph>30.0</speed_mph>
        </extensions>
      </trkpt>
      <trkpt lat="52.08388" lon="1.28457">
        <ele>0</ele>
        <time>2026-06-26T08:12:38.231Z</time>
        <name>277</name>
        <extensions>
          <speed_mps>13.411</speed_mps>
          <speed_mph>30.0</speed_mph>
        </extensions>
      </trkpt>
      <trkpt lat="52.08395" lon="1.28510">
        <ele>0</ele>
        <time>2026-06-26T08:12:40.985Z</time>
        <name>278</name>
        <extensions>
          <speed_mps>13.411</speed_mps>
          <speed_mph>30.0</speed_mph>
        </extensions>
      </trkpt>
      <trkpt lat="52.08401" lon="1.28563">
        <ele>0</ele>
        <time>2026-06-26T08:12:43.741Z</time>
        <name>279</name>
        <extensions>
          <speed_mps>13.411</speed_mps>
          <speed_mph>30.0</speed_mph>
        </extensions>
      </trkpt>
      <trkpt lat="52.08407" lon="1.28616">
        <ele>0</ele>
        <time>2026-06-26T08:12:46.496Z</time>
        <name>280</name>
        <extensions>
          <speed_mps>13.411</speed_mps>
          <speed_mph>30.0</speed_mph>
        </extensions>
      </trkpt>
      <trkpt lat="52.08413" lon="1.28670">
        <ele>0</ele>
        <time>2026-06-26T08:12:49.252Z</time>
        <name>281</name>
        <extensions>
          <speed_mps>13.411</speed_mps>
          <speed_mph>30.0</speed_mph>
        </extensions>
      </trkpt>
      <trkpt lat="52.08418" lon="1.28723">
        <ele>0</ele>
        <time>2026-06-26T08:12:52.007Z</time>
        <name>282</name>
        <extensions>
          <speed_mps>13.411</speed_mps>
          <speed_mph>30.0</speed_mph>
        </extensions>
      </trkpt>
      <trkpt lat="52.08434" lon="1.28767">
        <ele>0</ele>
        <time>2026-06-26T08:12:54.608Z</time>
        <name>283</name>
        <extensions>
          <speed_mps>13.411</speed_mps>
          <speed_mph>30.0</speed_mph>
        </extensions>
      </trkpt>
      <trkpt lat="52.08451" lon="1.28811">
        <ele>0</ele>
        <time>2026-06-26T08:12:57.264Z</time>
        <name>284</name>
        <extensions>
          <speed_mps>13.411</speed_mps>
          <speed_mph>30.0</speed_mph>
        </extensions>
      </trkpt>
      <trkpt lat="52.08467" lon="1.28858">
        <ele>0</ele>
        <time>2026-06-26T08:13:00.005Z</time>
        <name>285</name>
        <extensions>
          <speed_mps>13.411</speed_mps>
          <speed_mph>30.0</speed_mph>
        </extensions>
      </trkpt>
      <trkpt lat="52.08491" lon="1.28896">
        <ele>0</ele>
        <time>2026-06-26T08:13:02.751Z</time>
        <name>286</name>
        <extensions>
          <speed_mps>13.411</speed_mps>
          <speed_mph>30.0</speed_mph>
        </extensions>
      </trkpt>
      <trkpt lat="52.08517" lon="1.28929">
        <ele>0</ele>
        <time>2026-06-26T08:13:05.505Z</time>
        <name>287</name>
        <extensions>
          <speed_mps>13.411</speed_mps>
          <speed_mph>30.0</speed_mph>
        </extensions>
      </trkpt>
      <trkpt lat="52.08544" lon="1.28961">
        <ele>0</ele>
        <time>2026-06-26T08:13:08.261Z</time>
        <name>288</name>
        <extensions>
          <speed_mps>13.411</speed_mps>
          <speed_mph>30.0</speed_mph>
        </extensions>
      </trkpt>
      <trkpt lat="52.08572" lon="1.28990">
        <ele>0</ele>
        <time>2026-06-26T08:13:11.016Z</time>
        <name>289</name>
        <extensions>
          <speed_mps>13.411</speed_mps>
          <speed_mph>30.0</speed_mph>
        </extensions>
      </trkpt>
      <trkpt lat="52.08600" lon="1.29020">
        <ele>0</ele>
        <time>2026-06-26T08:13:13.772Z</time>
        <name>290</name>
        <extensions>
          <speed_mps>13.411</speed_mps>
          <speed_mph>30.0</speed_mph>
        </extensions>
      </trkpt>
      <trkpt lat="52.08628" lon="1.29047">
        <ele>0</ele>
        <time>2026-06-26T08:13:16.527Z</time>
        <name>291</name>
        <extensions>
          <speed_mps>13.411</speed_mps>
          <speed_mph>30.0</speed_mph>
        </extensions>
      </trkpt>
      <trkpt lat="52.08657" lon="1.29075">
        <ele>0</ele>
        <time>2026-06-26T08:13:19.283Z</time>
        <name>292</name>
        <extensions>
          <speed_mps>13.411</speed_mps>
          <speed_mph>30.0</speed_mph>
        </extensions>
      </trkpt>
      <trkpt lat="52.08685" lon="1.29103">
        <ele>0</ele>
        <time>2026-06-26T08:13:22.038Z</time>
        <name>293</name>
        <extensions>
          <speed_mps>13.411</speed_mps>
          <speed_mph>30.0</speed_mph>
        </extensions>
      </trkpt>
      <trkpt lat="52.08714" lon="1.29130">
        <ele>0</ele>
        <time>2026-06-26T08:13:24.794Z</time>
        <name>294</name>
        <extensions>
          <speed_mps>13.411</speed_mps>
          <speed_mph>30.0</speed_mph>
        </extensions>
      </trkpt>
      <trkpt lat="52.08742" lon="1.29159">
        <ele>0</ele>
        <time>2026-06-26T08:13:27.549Z</time>
        <name>295</name>
        <extensions>
          <speed_mps>13.411</speed_mps>
          <speed_mph>30.0</speed_mph>
        </extensions>
      </trkpt>
      <trkpt lat="52.08770" lon="1.29188">
        <ele>0</ele>
        <time>2026-06-26T08:13:30.304Z</time>
        <name>296</name>
        <extensions>
          <speed_mps>13.411</speed_mps>
          <speed_mph>30.0</speed_mph>
        </extensions>
      </trkpt>
      <trkpt lat="52.08798" lon="1.29216">
        <ele>0</ele>
        <time>2026-06-26T08:13:33.060Z</time>
        <name>297</name>
        <extensions>
          <speed_mps>13.411</speed_mps>
          <speed_mph>30.0</speed_mph>
        </extensions>
      </trkpt>
      <trkpt lat="52.08827" lon="1.29245">
        <ele>0</ele>
        <time>2026-06-26T08:13:35.815Z</time>
        <name>298</name>
        <extensions>
          <speed_mps>13.411</speed_mps>
          <speed_mph>30.0</speed_mph>
        </extensions>
      </trkpt>
      <trkpt lat="52.08852" lon="1.29279">
        <ele>0</ele>
        <time>2026-06-26T08:13:38.544Z</time>
        <name>299</name>
        <extensions>
          <speed_mps>13.411</speed_mps>
          <speed_mph>30.0</speed_mph>
        </extensions>
      </trkpt>
      <trkpt lat="52.08881" lon="1.29307">
        <ele>0</ele>
        <time>2026-06-26T08:13:41.299Z</time>
        <name>300</name>
        <extensions>
          <speed_mps>13.411</speed_mps>
          <speed_mph>30.0</speed_mph>
        </extensions>
      </trkpt>
      <trkpt lat="52.08909" lon="1.29336">
        <ele>0</ele>
        <time>2026-06-26T08:13:44.054Z</time>
        <name>301</name>
        <extensions>
          <speed_mps>13.411</speed_mps>
          <speed_mph>30.0</speed_mph>
        </extensions>
      </trkpt>
      <trkpt lat="52.08937" lon="1.29364">
        <ele>0</ele>
        <time>2026-06-26T08:13:46.810Z</time>
        <name>302</name>
        <extensions>
          <speed_mps>13.411</speed_mps>
          <speed_mph>30.0</speed_mph>
        </extensions>
      </trkpt>
      <trkpt lat="52.08965" lon="1.29392">
        <ele>0</ele>
        <time>2026-06-26T08:13:49.565Z</time>
        <name>303</name>
        <extensions>
          <speed_mps>13.411</speed_mps>
          <speed_mph>30.0</speed_mph>
        </extensions>
      </trkpt>
      <trkpt lat="52.08994" lon="1.29421">
        <ele>0</ele>
        <time>2026-06-26T08:13:52.321Z</time>
        <name>304</name>
        <extensions>
          <speed_mps>13.411</speed_mps>
          <speed_mph>30.0</speed_mph>
        </extensions>
      </trkpt>
      <trkpt lat="52.09022" lon="1.29449">
        <ele>0</ele>
        <time>2026-06-26T08:13:55.076Z</time>
        <name>305</name>
        <extensions>
          <speed_mps>13.411</speed_mps>
          <speed_mph>30.0</speed_mph>
        </extensions>
      </trkpt>
      <trkpt lat="52.09050" lon="1.29477">
        <ele>0</ele>
        <time>2026-06-26T08:13:57.832Z</time>
        <name>306</name>
        <extensions>
          <speed_mps>13.411</speed_mps>
          <speed_mph>30.0</speed_mph>
        </extensions>
      </trkpt>
      <trkpt lat="52.09079" lon="1.29505">
        <ele>0</ele>
        <time>2026-06-26T08:14:00.587Z</time>
        <name>307</name>
        <extensions>
          <speed_mps>13.411</speed_mps>
          <speed_mph>30.0</speed_mph>
        </extensions>
      </trkpt>
      <trkpt lat="52.09107" lon="1.29534">
        <ele>0</ele>
        <time>2026-06-26T08:14:03.343Z</time>
        <name>308</name>
        <extensions>
          <speed_mps>13.411</speed_mps>
          <speed_mph>30.0</speed_mph>
        </extensions>
      </trkpt>
      <trkpt lat="52.09135" lon="1.29562">
        <ele>0</ele>
        <time>2026-06-26T08:14:06.098Z</time>
        <name>309</name>
        <extensions>
          <speed_mps>13.411</speed_mps>
          <speed_mph>30.0</speed_mph>
        </extensions>
      </trkpt>
      <trkpt lat="52.09164" lon="1.29590">
        <ele>0</ele>
        <time>2026-06-26T08:14:08.854Z</time>
        <name>310</name>
        <extensions>
          <speed_mps>13.411</speed_mps>
          <speed_mph>30.0</speed_mph>
        </extensions>
      </trkpt>
      <trkpt lat="52.09192" lon="1.29618">
        <ele>0</ele>
        <time>2026-06-26T08:14:11.609Z</time>
        <name>311</name>
        <extensions>
          <speed_mps>13.411</speed_mps>
          <speed_mph>30.0</speed_mph>
        </extensions>
      </trkpt>
      <trkpt lat="52.09221" lon="1.29646">
        <ele>0</ele>
        <time>2026-06-26T08:14:14.365Z</time>
        <name>312</name>
        <extensions>
          <speed_mps>13.411</speed_mps>
          <speed_mph>30.0</speed_mph>
        </extensions>
      </trkpt>
      <trkpt lat="52.09249" lon="1.29673">
        <ele>0</ele>
        <time>2026-06-26T08:14:17.120Z</time>
        <name>313</name>
        <extensions>
          <speed_mps>13.411</speed_mps>
          <speed_mph>30.0</speed_mph>
        </extensions>
      </trkpt>
      <trkpt lat="52.09278" lon="1.29701">
        <ele>0</ele>
        <time>2026-06-26T08:14:19.876Z</time>
        <name>314</name>
        <extensions>
          <speed_mps>13.411</speed_mps>
          <speed_mph>30.0</speed_mph>
        </extensions>
      </trkpt>
      <trkpt lat="52.09306" lon="1.29729">
        <ele>0</ele>
        <time>2026-06-26T08:14:22.631Z</time>
        <name>315</name>
        <extensions>
          <speed_mps>13.411</speed_mps>
          <speed_mph>30.0</speed_mph>
        </extensions>
      </trkpt>
      <trkpt lat="52.09336" lon="1.29755">
        <ele>0</ele>
        <time>2026-06-26T08:14:25.385Z</time>
        <name>316</name>
        <extensions>
          <speed_mps>13.411</speed_mps>
          <speed_mph>30.0</speed_mph>
        </extensions>
      </trkpt>
      <trkpt lat="52.09366" lon="1.29777">
        <ele>0</ele>
        <time>2026-06-26T08:14:28.140Z</time>
        <name>317</name>
        <extensions>
          <speed_mps>13.411</speed_mps>
          <speed_mph>30.0</speed_mph>
        </extensions>
      </trkpt>
      <trkpt lat="52.09397" lon="1.29797">
        <ele>0</ele>
        <time>2026-06-26T08:14:30.892Z</time>
        <name>318</name>
        <extensions>
          <speed_mps>13.411</speed_mps>
          <speed_mph>30.0</speed_mph>
        </extensions>
      </trkpt>
      <trkpt lat="52.09428" lon="1.29813">
        <ele>0</ele>
        <time>2026-06-26T08:14:33.646Z</time>
        <name>319</name>
        <extensions>
          <speed_mps>13.411</speed_mps>
          <speed_mph>30.0</speed_mph>
        </extensions>
      </trkpt>
      <trkpt lat="52.09461" lon="1.29820">
        <ele>0</ele>
        <time>2026-06-26T08:14:36.368Z</time>
        <name>320</name>
        <extensions>
          <speed_mps>13.411</speed_mps>
          <speed_mph>30.0</speed_mph>
        </extensions>
      </trkpt>
      <trkpt lat="52.09494" lon="1.29823">
        <ele>0</ele>
        <time>2026-06-26T08:14:39.111Z</time>
        <name>321</name>
        <extensions>
          <speed_mps>13.411</speed_mps>
          <speed_mph>30.0</speed_mph>
        </extensions>
      </trkpt>
      <trkpt lat="52.09527" lon="1.29826">
        <ele>0</ele>
        <time>2026-06-26T08:14:41.866Z</time>
        <name>322</name>
        <extensions>
          <speed_mps>13.411</speed_mps>
          <speed_mph>30.0</speed_mph>
        </extensions>
      </trkpt>
      <trkpt lat="52.09560" lon="1.29826">
        <ele>0</ele>
        <time>2026-06-26T08:14:44.620Z</time>
        <name>323</name>
        <extensions>
          <speed_mps>13.411</speed_mps>
          <speed_mph>30.0</speed_mph>
        </extensions>
      </trkpt>
      <trkpt lat="52.09592" lon="1.29813">
        <ele>0</ele>
        <time>2026-06-26T08:14:47.340Z</time>
        <name>324</name>
        <extensions>
          <speed_mps>13.411</speed_mps>
          <speed_mph>30.0</speed_mph>
        </extensions>
      </trkpt>
      <trkpt lat="52.09622" lon="1.29814">
        <ele>0</ele>
        <time>2026-06-26T08:14:49.843Z</time>
        <name>325</name>
        <extensions>
          <speed_mps>13.411</speed_mps>
          <speed_mph>30.0</speed_mph>
        </extensions>
      </trkpt>
      <trkpt lat="52.09624" lon="1.29863">
        <ele>0</ele>
        <time>2026-06-26T08:14:52.349Z</time>
        <name>326</name>
        <extensions>
          <speed_mps>13.411</speed_mps>
          <speed_mph>30.0</speed_mph>
        </extensions>
      </trkpt>
      <trkpt lat="52.09610" lon="1.29907">
        <ele>0</ele>
        <time>2026-06-26T08:14:54.912Z</time>
        <name>327</name>
        <extensions>
          <speed_mps>13.411</speed_mps>
          <speed_mph>30.0</speed_mph>
        </extensions>
      </trkpt>
      <trkpt lat="52.09618" lon="1.29960">
        <ele>0</ele>
        <time>2026-06-26T08:14:57.667Z</time>
        <name>328</name>
        <extensions>
          <speed_mps>13.411</speed_mps>
          <speed_mph>30.0</speed_mph>
        </extensions>
      </trkpt>
      <trkpt lat="52.09625" lon="1.30013">
        <ele>0</ele>
        <time>2026-06-26T08:15:00.423Z</time>
        <name>329</name>
        <extensions>
          <speed_mps>13.411</speed_mps>
          <speed_mph>30.0</speed_mph>
        </extensions>
      </trkpt>
      <trkpt lat="52.09632" lon="1.30066">
        <ele>0</ele>
        <time>2026-06-26T08:15:03.178Z</time>
        <name>330</name>
        <extensions>
          <speed_mps>13.411</speed_mps>
          <speed_mph>30.0</speed_mph>
        </extensions>
      </trkpt>
      <trkpt lat="52.09639" lon="1.30119">
        <ele>0</ele>
        <time>2026-06-26T08:15:05.934Z</time>
        <name>331</name>
        <extensions>
          <speed_mps>13.411</speed_mps>
          <speed_mph>30.0</speed_mph>
        </extensions>
      </trkpt>
      <trkpt lat="52.09645" lon="1.30172">
        <ele>0</ele>
        <time>2026-06-26T08:15:08.687Z</time>
        <name>332</name>
        <extensions>
          <speed_mps>13.411</speed_mps>
          <speed_mph>30.0</speed_mph>
        </extensions>
      </trkpt>
      <trkpt lat="52.09648" lon="1.30225">
        <ele>0</ele>
        <time>2026-06-26T08:15:11.438Z</time>
        <name>333</name>
        <extensions>
          <speed_mps>13.411</speed_mps>
          <speed_mph>30.0</speed_mph>
        </extensions>
      </trkpt>
      <trkpt lat="52.09647" lon="1.30280">
        <ele>0</ele>
        <time>2026-06-26T08:15:14.194Z</time>
        <name>334</name>
        <extensions>
          <speed_mps>13.411</speed_mps>
          <speed_mph>30.0</speed_mph>
        </extensions>
      </trkpt>
      <trkpt lat="52.09646" lon="1.30334">
        <ele>0</ele>
        <time>2026-06-26T08:15:16.949Z</time>
        <name>335</name>
        <extensions>
          <speed_mps>13.411</speed_mps>
          <speed_mph>30.0</speed_mph>
        </extensions>
      </trkpt>
      <trkpt lat="52.09646" lon="1.30388">
        <ele>0</ele>
        <time>2026-06-26T08:15:19.699Z</time>
        <name>336</name>
        <extensions>
          <speed_mps>13.411</speed_mps>
          <speed_mph>30.0</speed_mph>
        </extensions>
      </trkpt>
      <trkpt lat="52.09641" lon="1.30434">
        <ele>0</ele>
        <time>2026-06-26T08:15:22.085Z</time>
        <name>337</name>
        <extensions>
          <speed_mps>13.411</speed_mps>
          <speed_mph>30.0</speed_mph>
        </extensions>
      </trkpt>
      <trkpt lat="52.09622" lon="1.30478">
        <ele>0</ele>
        <time>2026-06-26T08:15:24.840Z</time>
        <name>338</name>
        <extensions>
          <speed_mps>13.411</speed_mps>
          <speed_mph>30.0</speed_mph>
        </extensions>
      </trkpt>
      <trkpt lat="52.09604" lon="1.30524">
        <ele>0</ele>
        <time>2026-06-26T08:15:27.595Z</time>
        <name>339</name>
        <extensions>
          <speed_mps>13.411</speed_mps>
          <speed_mph>30.0</speed_mph>
        </extensions>
      </trkpt>
      <trkpt lat="52.09588" lon="1.30571">
        <ele>0</ele>
        <time>2026-06-26T08:15:30.350Z</time>
        <name>340</name>
        <extensions>
          <speed_mps>13.411</speed_mps>
          <speed_mph>30.0</speed_mph>
        </extensions>
      </trkpt>
      <trkpt lat="52.09571" lon="1.30618">
        <ele>0</ele>
        <time>2026-06-26T08:15:33.105Z</time>
        <name>341</name>
        <extensions>
          <speed_mps>13.411</speed_mps>
          <speed_mph>30.0</speed_mph>
        </extensions>
      </trkpt>
      <trkpt lat="52.09555" lon="1.30665">
        <ele>0</ele>
        <time>2026-06-26T08:15:35.861Z</time>
        <name>342</name>
        <extensions>
          <speed_mps>13.411</speed_mps>
          <speed_mph>30.0</speed_mph>
        </extensions>
      </trkpt>
      <trkpt lat="52.09539" lon="1.30713">
        <ele>0</ele>
        <time>2026-06-26T08:15:38.616Z</time>
        <name>343</name>
        <extensions>
          <speed_mps>13.411</speed_mps>
          <speed_mph>30.0</speed_mph>
        </extensions>
      </trkpt>
      <trkpt lat="52.09525" lon="1.30762">
        <ele>0</ele>
        <time>2026-06-26T08:15:41.372Z</time>
        <name>344</name>
        <extensions>
          <speed_mps>13.411</speed_mps>
          <speed_mph>30.0</speed_mph>
        </extensions>
      </trkpt>
      <trkpt lat="52.09512" lon="1.30811">
        <ele>0</ele>
        <time>2026-06-26T08:15:44.127Z</time>
        <name>345</name>
        <extensions>
          <speed_mps>13.411</speed_mps>
          <speed_mph>30.0</speed_mph>
        </extensions>
      </trkpt>
      <trkpt lat="52.09502" lon="1.30863">
        <ele>0</ele>
        <time>2026-06-26T08:15:46.882Z</time>
        <name>346</name>
        <extensions>
          <speed_mps>13.411</speed_mps>
          <speed_mph>30.0</speed_mph>
        </extensions>
      </trkpt>
      <trkpt lat="52.09493" lon="1.30915">
        <ele>0</ele>
        <time>2026-06-26T08:15:49.637Z</time>
        <name>347</name>
        <extensions>
          <speed_mps>13.411</speed_mps>
          <speed_mph>30.0</speed_mph>
        </extensions>
      </trkpt>
      <trkpt lat="52.09486" lon="1.30968">
        <ele>0</ele>
        <time>2026-06-26T08:15:52.392Z</time>
        <name>348</name>
        <extensions>
          <speed_mps>13.411</speed_mps>
          <speed_mph>30.0</speed_mph>
        </extensions>
      </trkpt>
      <trkpt lat="52.09480" lon="1.31021">
        <ele>0</ele>
        <time>2026-06-26T08:15:55.147Z</time>
        <name>349</name>
        <extensions>
          <speed_mps>13.411</speed_mps>
          <speed_mph>30.0</speed_mph>
        </extensions>
      </trkpt>
      <trkpt lat="52.09474" lon="1.31074">
        <ele>0</ele>
        <time>2026-06-26T08:15:57.903Z</time>
        <name>350</name>
        <extensions>
          <speed_mps>13.411</speed_mps>
          <speed_mph>30.0</speed_mph>
        </extensions>
      </trkpt>
      <trkpt lat="52.09467" lon="1.31127">
        <ele>0</ele>
        <time>2026-06-26T08:16:00.655Z</time>
        <name>351</name>
        <extensions>
          <speed_mps>13.411</speed_mps>
          <speed_mph>30.0</speed_mph>
        </extensions>
      </trkpt>
      <trkpt lat="52.09458" lon="1.31179">
        <ele>0</ele>
        <time>2026-06-26T08:16:03.411Z</time>
        <name>352</name>
        <extensions>
          <speed_mps>13.411</speed_mps>
          <speed_mph>30.0</speed_mph>
        </extensions>
      </trkpt>
      <trkpt lat="52.09447" lon="1.31230">
        <ele>0</ele>
        <time>2026-06-26T08:16:06.165Z</time>
        <name>353</name>
        <extensions>
          <speed_mps>13.411</speed_mps>
          <speed_mph>30.0</speed_mph>
        </extensions>
      </trkpt>
      <trkpt lat="52.09436" lon="1.31281">
        <ele>0</ele>
        <time>2026-06-26T08:16:08.920Z</time>
        <name>354</name>
        <extensions>
          <speed_mps>13.411</speed_mps>
          <speed_mph>30.0</speed_mph>
        </extensions>
      </trkpt>
      <trkpt lat="52.09424" lon="1.31332">
        <ele>0</ele>
        <time>2026-06-26T08:16:11.674Z</time>
        <name>355</name>
        <extensions>
          <speed_mps>13.411</speed_mps>
          <speed_mph>30.0</speed_mph>
        </extensions>
      </trkpt>
      <trkpt lat="52.09411" lon="1.31381">
        <ele>0</ele>
        <time>2026-06-26T08:16:14.430Z</time>
        <name>356</name>
        <extensions>
          <speed_mps>13.411</speed_mps>
          <speed_mph>30.0</speed_mph>
        </extensions>
      </trkpt>
      <trkpt lat="52.09395" lon="1.31428">
        <ele>0</ele>
        <time>2026-06-26T08:16:17.112Z</time>
        <name>357</name>
        <extensions>
          <speed_mps>13.411</speed_mps>
          <speed_mph>30.0</speed_mph>
        </extensions>
      </trkpt>
      <trkpt lat="52.09401" lon="1.31480">
        <ele>0</ele>
        <time>2026-06-26T08:16:19.823Z</time>
        <name>358</name>
        <extensions>
          <speed_mps>13.411</speed_mps>
          <speed_mph>30.0</speed_mph>
        </extensions>
      </trkpt>
      <trkpt lat="52.09406" lon="1.31534">
        <ele>0</ele>
        <time>2026-06-26T08:16:22.577Z</time>
        <name>359</name>
        <extensions>
          <speed_mps>13.411</speed_mps>
          <speed_mph>30.0</speed_mph>
        </extensions>
      </trkpt>
      <trkpt lat="52.09411" lon="1.31587">
        <ele>0</ele>
        <time>2026-06-26T08:16:25.333Z</time>
        <name>360</name>
        <extensions>
          <speed_mps>13.411</speed_mps>
          <speed_mph>30.0</speed_mph>
        </extensions>
      </trkpt>
      <trkpt lat="52.09416" lon="1.31640">
        <ele>0</ele>
        <time>2026-06-26T08:16:28.088Z</time>
        <name>361</name>
        <extensions>
          <speed_mps>13.411</speed_mps>
          <speed_mph>30.0</speed_mph>
        </extensions>
      </trkpt>
      <trkpt lat="52.09426" lon="1.31692">
        <ele>0</ele>
        <time>2026-06-26T08:16:30.836Z</time>
        <name>362</name>
        <extensions>
          <speed_mps>13.411</speed_mps>
          <speed_mph>30.0</speed_mph>
        </extensions>
      </trkpt>
      <trkpt lat="52.09431" lon="1.31745">
        <ele>0</ele>
        <time>2026-06-26T08:16:33.582Z</time>
        <name>363</name>
        <extensions>
          <speed_mps>13.411</speed_mps>
          <speed_mph>30.0</speed_mph>
        </extensions>
      </trkpt>
      <trkpt lat="52.09422" lon="1.31796">
        <ele>0</ele>
        <time>2026-06-26T08:16:36.293Z</time>
        <name>364</name>
        <extensions>
          <speed_mps>13.411</speed_mps>
          <speed_mph>30.0</speed_mph>
        </extensions>
      </trkpt>
      <trkpt lat="52.09422" lon="1.31841">
        <ele>0</ele>
        <time>2026-06-26T08:16:38.573Z</time>
        <name>365</name>
        <extensions>
          <speed_mps>13.411</speed_mps>
          <speed_mph>30.0</speed_mph>
        </extensions>
      </trkpt>
      <trkpt lat="52.09438" lon="1.31888">
        <ele>0</ele>
        <time>2026-06-26T08:16:41.328Z</time>
        <name>366</name>
        <extensions>
          <speed_mps>13.411</speed_mps>
          <speed_mph>30.0</speed_mph>
        </extensions>
      </trkpt>
      <trkpt lat="52.09454" lon="1.31935">
        <ele>0</ele>
        <time>2026-06-26T08:16:44.084Z</time>
        <name>367</name>
        <extensions>
          <speed_mps>13.411</speed_mps>
          <speed_mph>30.0</speed_mph>
        </extensions>
      </trkpt>
      <trkpt lat="52.09469" lon="1.31984">
        <ele>0</ele>
        <time>2026-06-26T08:16:46.839Z</time>
        <name>368</name>
        <extensions>
          <speed_mps>13.411</speed_mps>
          <speed_mph>30.0</speed_mph>
        </extensions>
      </trkpt>
      <trkpt lat="52.09485" lon="1.32031">
        <ele>0</ele>
        <time>2026-06-26T08:16:49.594Z</time>
        <name>369</name>
        <extensions>
          <speed_mps>13.411</speed_mps>
          <speed_mph>30.0</speed_mph>
        </extensions>
      </trkpt>
      <trkpt lat="52.09473" lon="1.32078">
        <ele>0</ele>
        <time>2026-06-26T08:16:52.134Z</time>
        <name>370</name>
        <extensions>
          <speed_mps>13.411</speed_mps>
          <speed_mph>30.0</speed_mph>
        </extensions>
      </trkpt>
      <trkpt lat="52.09464" lon="1.32124">
        <ele>0</ele>
        <time>2026-06-26T08:16:54.599Z</time>
        <name>371</name>
        <extensions>
          <speed_mps>13.411</speed_mps>
          <speed_mph>30.0</speed_mph>
        </extensions>
      </trkpt>
      <trkpt lat="52.09495" lon="1.32139">
        <ele>0</ele>
        <time>2026-06-26T08:16:57.249Z</time>
        <name>372</name>
        <extensions>
          <speed_mps>13.411</speed_mps>
          <speed_mph>30.0</speed_mph>
        </extensions>
      </trkpt>
      <trkpt lat="52.09526" lon="1.32155">
        <ele>0</ele>
        <time>2026-06-26T08:17:00.000Z</time>
        <name>373</name>
        <extensions>
          <speed_mps>13.411</speed_mps>
          <speed_mph>30.0</speed_mph>
        </extensions>
      </trkpt>
      <trkpt lat="52.09558" lon="1.32173">
        <ele>0</ele>
        <time>2026-06-26T08:17:02.755Z</time>
        <name>374</name>
        <extensions>
          <speed_mps>13.411</speed_mps>
          <speed_mph>30.0</speed_mph>
        </extensions>
      </trkpt>
      <trkpt lat="52.09589" lon="1.32190">
        <ele>0</ele>
        <time>2026-06-26T08:17:05.510Z</time>
        <name>375</name>
        <extensions>
          <speed_mps>13.411</speed_mps>
          <speed_mph>30.0</speed_mph>
        </extensions>
      </trkpt>
      <trkpt lat="52.09620" lon="1.32210">
        <ele>0</ele>
        <time>2026-06-26T08:17:08.265Z</time>
        <name>376</name>
        <extensions>
          <speed_mps>13.411</speed_mps>
          <speed_mph>30.0</speed_mph>
        </extensions>
      </trkpt>
      <trkpt lat="52.09650" lon="1.32233">
        <ele>0</ele>
        <time>2026-06-26T08:17:11.017Z</time>
        <name>377</name>
        <extensions>
          <speed_mps>13.411</speed_mps>
          <speed_mph>30.0</speed_mph>
        </extensions>
      </trkpt>
      <trkpt lat="52.09678" lon="1.32262">
        <ele>0</ele>
        <time>2026-06-26T08:17:13.771Z</time>
        <name>378</name>
        <extensions>
          <speed_mps>13.411</speed_mps>
          <speed_mph>30.0</speed_mph>
        </extensions>
      </trkpt>
      <trkpt lat="52.09706" lon="1.32292">
        <ele>0</ele>
        <time>2026-06-26T08:17:16.527Z</time>
        <name>379</name>
        <extensions>
          <speed_mps>13.411</speed_mps>
          <speed_mph>30.0</speed_mph>
        </extensions>
      </trkpt>
      <trkpt lat="52.09735" lon="1.32317">
        <ele>0</ele>
        <time>2026-06-26T08:17:19.279Z</time>
        <name>380</name>
        <extensions>
          <speed_mps>13.411</speed_mps>
          <speed_mph>30.0</speed_mph>
        </extensions>
      </trkpt>
      <trkpt lat="52.09765" lon="1.32342">
        <ele>0</ele>
        <time>2026-06-26T08:17:22.034Z</time>
        <name>381</name>
        <extensions>
          <speed_mps>13.411</speed_mps>
          <speed_mph>30.0</speed_mph>
        </extensions>
      </trkpt>
      <trkpt lat="52.09783" lon="1.32374">
        <ele>0</ele>
        <time>2026-06-26T08:17:24.288Z</time>
        <name>382</name>
        <extensions>
          <speed_mps>13.411</speed_mps>
          <speed_mph>30.0</speed_mph>
        </extensions>
      </trkpt>
      <trkpt lat="52.09775" lon="1.32427">
        <ele>0</ele>
        <time>2026-06-26T08:17:27.037Z</time>
        <name>383</name>
        <extensions>
          <speed_mps>13.411</speed_mps>
          <speed_mph>30.0</speed_mph>
        </extensions>
      </trkpt>
      <trkpt lat="52.09769" lon="1.32478">
        <ele>0</ele>
        <time>2026-06-26T08:17:29.713Z</time>
        <name>384</name>
        <extensions>
          <speed_mps>13.411</speed_mps>
          <speed_mph>30.0</speed_mph>
        </extensions>
      </trkpt>
      <trkpt lat="52.09779" lon="1.32529">
        <ele>0</ele>
        <time>2026-06-26T08:17:32.437Z</time>
        <name>385</name>
        <extensions>
          <speed_mps>13.411</speed_mps>
          <speed_mph>30.0</speed_mph>
        </extensions>
      </trkpt>
      <trkpt lat="52.09799" lon="1.32573">
        <ele>0</ele>
        <time>2026-06-26T08:17:35.193Z</time>
        <name>386</name>
        <extensions>
          <speed_mps>13.411</speed_mps>
          <speed_mph>30.0</speed_mph>
        </extensions>
      </trkpt>
      <trkpt lat="52.09813" lon="1.32622">
        <ele>0</ele>
        <time>2026-06-26T08:17:37.927Z</time>
        <name>387</name>
        <extensions>
          <speed_mps>13.411</speed_mps>
          <speed_mph>30.0</speed_mph>
        </extensions>
      </trkpt>
      <trkpt lat="52.09822" lon="1.32674">
        <ele>0</ele>
        <time>2026-06-26T08:17:40.682Z</time>
        <name>388</name>
        <extensions>
          <speed_mps>13.411</speed_mps>
          <speed_mph>30.0</speed_mph>
        </extensions>
      </trkpt>
      <trkpt lat="52.09830" lon="1.32726">
        <ele>0</ele>
        <time>2026-06-26T08:17:43.437Z</time>
        <name>389</name>
        <extensions>
          <speed_mps>13.411</speed_mps>
          <speed_mph>30.0</speed_mph>
        </extensions>
      </trkpt>
      <trkpt lat="52.09836" lon="1.32779">
        <ele>0</ele>
        <time>2026-06-26T08:17:46.192Z</time>
        <name>390</name>
        <extensions>
          <speed_mps>13.411</speed_mps>
          <speed_mph>30.0</speed_mph>
        </extensions>
      </trkpt>
      <trkpt lat="52.09830" lon="1.32829">
        <ele>0</ele>
        <time>2026-06-26T08:17:48.773Z</time>
        <name>391</name>
        <extensions>
          <speed_mps>13.411</speed_mps>
          <speed_mph>30.0</speed_mph>
        </extensions>
      </trkpt>
      <trkpt lat="52.09808" lon="1.32865">
        <ele>0</ele>
        <time>2026-06-26T08:17:51.341Z</time>
        <name>392</name>
        <extensions>
          <speed_mps>13.411</speed_mps>
          <speed_mph>30.0</speed_mph>
        </extensions>
      </trkpt>
      <trkpt lat="52.09829" lon="1.32830">
        <ele>0</ele>
        <time>2026-06-26T08:17:53.827Z</time>
        <name>393</name>
        <extensions>
          <speed_mps>13.411</speed_mps>
          <speed_mph>30.0</speed_mph>
        </extensions>
      </trkpt>
      <trkpt lat="52.09837" lon="1.32781">
        <ele>0</ele>
        <time>2026-06-26T08:17:56.410Z</time>
        <name>394</name>
        <extensions>
          <speed_mps>13.411</speed_mps>
          <speed_mph>30.0</speed_mph>
        </extensions>
      </trkpt>
      <trkpt lat="52.09830" lon="1.32728">
        <ele>0</ele>
        <time>2026-06-26T08:17:59.165Z</time>
        <name>395</name>
        <extensions>
          <speed_mps>13.411</speed_mps>
          <speed_mph>30.0</speed_mph>
        </extensions>
      </trkpt>
      <trkpt lat="52.09822" lon="1.32675">
        <ele>0</ele>
        <time>2026-06-26T08:18:01.920Z</time>
        <name>396</name>
        <extensions>
          <speed_mps>13.411</speed_mps>
          <speed_mph>30.0</speed_mph>
        </extensions>
      </trkpt>
      <trkpt lat="52.09813" lon="1.32623">
        <ele>0</ele>
        <time>2026-06-26T08:18:04.676Z</time>
        <name>397</name>
        <extensions>
          <speed_mps>13.411</speed_mps>
          <speed_mph>30.0</speed_mph>
        </extensions>
      </trkpt>
      <trkpt lat="52.09799" lon="1.32575">
        <ele>0</ele>
        <time>2026-06-26T08:18:07.410Z</time>
        <name>398</name>
        <extensions>
          <speed_mps>13.411</speed_mps>
          <speed_mph>30.0</speed_mph>
        </extensions>
      </trkpt>
      <trkpt lat="52.09780" lon="1.32531">
        <ele>0</ele>
        <time>2026-06-26T08:18:10.166Z</time>
        <name>399</name>
        <extensions>
          <speed_mps>13.411</speed_mps>
          <speed_mph>30.0</speed_mph>
        </extensions>
      </trkpt>
      <trkpt lat="52.09769" lon="1.32480">
        <ele>0</ele>
        <time>2026-06-26T08:18:12.887Z</time>
        <name>400</name>
        <extensions>
          <speed_mps>13.411</speed_mps>
          <speed_mph>30.0</speed_mph>
        </extensions>
      </trkpt>
      <trkpt lat="52.09775" lon="1.32429">
        <ele>0</ele>
        <time>2026-06-26T08:18:15.556Z</time>
        <name>401</name>
        <extensions>
          <speed_mps>13.411</speed_mps>
          <speed_mph>30.0</speed_mph>
        </extensions>
      </trkpt>
      <trkpt lat="52.09783" lon="1.32376">
        <ele>0</ele>
        <time>2026-06-26T08:18:18.305Z</time>
        <name>402</name>
        <extensions>
          <speed_mps>13.411</speed_mps>
          <speed_mph>30.0</speed_mph>
        </extensions>
      </trkpt>
      <trkpt lat="52.09766" lon="1.32342">
        <ele>0</ele>
        <time>2026-06-26T08:18:20.527Z</time>
        <name>403</name>
        <extensions>
          <speed_mps>13.411</speed_mps>
          <speed_mph>30.0</speed_mph>
        </extensions>
      </trkpt>
      <trkpt lat="52.09736" lon="1.32318">
        <ele>0</ele>
        <time>2026-06-26T08:18:23.282Z</time>
        <name>404</name>
        <extensions>
          <speed_mps>13.411</speed_mps>
          <speed_mph>30.0</speed_mph>
        </extensions>
      </trkpt>
      <trkpt lat="52.09706" lon="1.32293">
        <ele>0</ele>
        <time>2026-06-26T08:18:26.035Z</time>
        <name>405</name>
        <extensions>
          <speed_mps>13.411</speed_mps>
          <speed_mph>30.0</speed_mph>
        </extensions>
      </trkpt>
      <trkpt lat="52.09679" lon="1.32263">
        <ele>0</ele>
        <time>2026-06-26T08:18:28.790Z</time>
        <name>406</name>
        <extensions>
          <speed_mps>13.411</speed_mps>
          <speed_mph>30.0</speed_mph>
        </extensions>
      </trkpt>
      <trkpt lat="52.09651" lon="1.32234">
        <ele>0</ele>
        <time>2026-06-26T08:18:31.544Z</time>
        <name>407</name>
        <extensions>
          <speed_mps>13.411</speed_mps>
          <speed_mph>30.0</speed_mph>
        </extensions>
      </trkpt>
      <trkpt lat="52.09641" lon="1.32192">
        <ele>0</ele>
        <time>2026-06-26T08:18:33.863Z</time>
        <name>408</name>
        <extensions>
          <speed_mps>13.411</speed_mps>
          <speed_mph>30.0</speed_mph>
        </extensions>
      </trkpt>
      <trkpt lat="52.09645" lon="1.32138">
        <ele>0</ele>
        <time>2026-06-26T08:18:36.617Z</time>
        <name>409</name>
        <extensions>
          <speed_mps>13.411</speed_mps>
          <speed_mph>30.0</speed_mph>
        </extensions>
      </trkpt>
      <trkpt lat="52.09654" lon="1.32086">
        <ele>0</ele>
        <time>2026-06-26T08:18:39.371Z</time>
        <name>410</name>
        <extensions>
          <speed_mps>13.411</speed_mps>
          <speed_mph>30.0</speed_mph>
        </extensions>
      </trkpt>
      <trkpt lat="52.09670" lon="1.32039">
        <ele>0</ele>
        <time>2026-06-26T08:18:42.119Z</time>
        <name>411</name>
        <extensions>
          <speed_mps>13.411</speed_mps>
          <speed_mph>30.0</speed_mph>
        </extensions>
      </trkpt>
      <trkpt lat="52.09686" lon="1.31992">
        <ele>0</ele>
        <time>2026-06-26T08:18:44.872Z</time>
        <name>412</name>
        <extensions>
          <speed_mps>13.411</speed_mps>
          <speed_mph>30.0</speed_mph>
        </extensions>
      </trkpt>
      <trkpt lat="52.09696" lon="1.31940">
        <ele>0</ele>
        <time>2026-06-26T08:18:47.624Z</time>
        <name>413</name>
        <extensions>
          <speed_mps>13.411</speed_mps>
          <speed_mph>30.0</speed_mph>
        </extensions>
      </trkpt>
      <trkpt lat="52.09705" lon="1.31888">
        <ele>0</ele>
        <time>2026-06-26T08:18:50.380Z</time>
        <name>414</name>
        <extensions>
          <speed_mps>13.411</speed_mps>
          <speed_mph>30.0</speed_mph>
        </extensions>
      </trkpt>
      <trkpt lat="52.09715" lon="1.31836">
        <ele>0</ele>
        <time>2026-06-26T08:18:53.132Z</time>
        <name>415</name>
        <extensions>
          <speed_mps>13.411</speed_mps>
          <speed_mph>30.0</speed_mph>
        </extensions>
      </trkpt>
      <trkpt lat="52.09730" lon="1.31788">
        <ele>0</ele>
        <time>2026-06-26T08:18:55.883Z</time>
        <name>416</name>
        <extensions>
          <speed_mps>13.411</speed_mps>
          <speed_mph>30.0</speed_mph>
        </extensions>
      </trkpt>
      <trkpt lat="52.09747" lon="1.31741">
        <ele>0</ele>
        <time>2026-06-26T08:18:58.639Z</time>
        <name>417</name>
        <extensions>
          <speed_mps>13.411</speed_mps>
          <speed_mph>30.0</speed_mph>
        </extensions>
      </trkpt>
      <trkpt lat="52.09763" lon="1.31694">
        <ele>0</ele>
        <time>2026-06-26T08:19:01.394Z</time>
        <name>418</name>
        <extensions>
          <speed_mps>13.411</speed_mps>
          <speed_mph>30.0</speed_mph>
        </extensions>
      </trkpt>
      <trkpt lat="52.09780" lon="1.31647">
        <ele>0</ele>
        <time>2026-06-26T08:19:04.150Z</time>
        <name>419</name>
        <extensions>
          <speed_mps>13.411</speed_mps>
          <speed_mph>30.0</speed_mph>
        </extensions>
      </trkpt>
      <trkpt lat="52.09796" lon="1.31600">
        <ele>0</ele>
        <time>2026-06-26T08:19:06.905Z</time>
        <name>420</name>
        <extensions>
          <speed_mps>13.411</speed_mps>
          <speed_mph>30.0</speed_mph>
        </extensions>
      </trkpt>
      <trkpt lat="52.09813" lon="1.31553">
        <ele>0</ele>
        <time>2026-06-26T08:19:09.660Z</time>
        <name>421</name>
        <extensions>
          <speed_mps>13.411</speed_mps>
          <speed_mph>30.0</speed_mph>
        </extensions>
      </trkpt>
      <trkpt lat="52.09831" lon="1.31508">
        <ele>0</ele>
        <time>2026-06-26T08:19:12.416Z</time>
        <name>422</name>
        <extensions>
          <speed_mps>13.411</speed_mps>
          <speed_mph>30.0</speed_mph>
        </extensions>
      </trkpt>
      <trkpt lat="52.09849" lon="1.31462">
        <ele>0</ele>
        <time>2026-06-26T08:19:15.171Z</time>
        <name>423</name>
        <extensions>
          <speed_mps>13.411</speed_mps>
          <speed_mph>30.0</speed_mph>
        </extensions>
      </trkpt>
      <trkpt lat="52.09870" lon="1.31420">
        <ele>0</ele>
        <time>2026-06-26T08:19:17.926Z</time>
        <name>424</name>
        <extensions>
          <speed_mps>13.411</speed_mps>
          <speed_mph>30.0</speed_mph>
        </extensions>
      </trkpt>
      <trkpt lat="52.09893" lon="1.31382">
        <ele>0</ele>
        <time>2026-06-26T08:19:20.681Z</time>
        <name>425</name>
        <extensions>
          <speed_mps>13.411</speed_mps>
          <speed_mph>30.0</speed_mph>
        </extensions>
      </trkpt>
      <trkpt lat="52.09917" lon="1.31344">
        <ele>0</ele>
        <time>2026-06-26T08:19:23.436Z</time>
        <name>426</name>
        <extensions>
          <speed_mps>13.411</speed_mps>
          <speed_mph>30.0</speed_mph>
        </extensions>
      </trkpt>
      <trkpt lat="52.09942" lon="1.31308">
        <ele>0</ele>
        <time>2026-06-26T08:19:26.188Z</time>
        <name>427</name>
        <extensions>
          <speed_mps>13.411</speed_mps>
          <speed_mph>30.0</speed_mph>
        </extensions>
      </trkpt>
      <trkpt lat="52.09972" lon="1.31297">
        <ele>0</ele>
        <time>2026-06-26T08:19:28.786Z</time>
        <name>428</name>
        <extensions>
          <speed_mps>13.411</speed_mps>
          <speed_mph>30.0</speed_mph>
        </extensions>
      </trkpt>
      <trkpt lat="52.10005" lon="1.31307">
        <ele>0</ele>
        <time>2026-06-26T08:19:31.542Z</time>
        <name>429</name>
        <extensions>
          <speed_mps>13.411</speed_mps>
          <speed_mph>30.0</speed_mph>
        </extensions>
      </trkpt>
      <trkpt lat="52.10034" lon="1.31332">
        <ele>0</ele>
        <time>2026-06-26T08:19:34.255Z</time>
        <name>430</name>
        <extensions>
          <speed_mps>13.411</speed_mps>
          <speed_mph>30.0</speed_mph>
        </extensions>
      </trkpt>
      <trkpt lat="52.10057" lon="1.31371">
        <ele>0</ele>
        <time>2026-06-26T08:19:37.011Z</time>
        <name>431</name>
        <extensions>
          <speed_mps>13.411</speed_mps>
          <speed_mph>30.0</speed_mph>
        </extensions>
      </trkpt>
      <trkpt lat="52.10082" lon="1.31407">
        <ele>0</ele>
        <time>2026-06-26T08:19:39.756Z</time>
        <name>432</name>
        <extensions>
          <speed_mps>13.411</speed_mps>
          <speed_mph>30.0</speed_mph>
        </extensions>
      </trkpt>
      <trkpt lat="52.10111" lon="1.31431">
        <ele>0</ele>
        <time>2026-06-26T08:19:42.504Z</time>
        <name>433</name>
        <extensions>
          <speed_mps>13.411</speed_mps>
          <speed_mph>30.0</speed_mph>
        </extensions>
      </trkpt>
      <trkpt lat="52.10144" lon="1.31442">
        <ele>0</ele>
        <time>2026-06-26T08:19:45.256Z</time>
        <name>434</name>
        <extensions>
          <speed_mps>13.411</speed_mps>
          <speed_mph>30.0</speed_mph>
        </extensions>
      </trkpt>
      <trkpt lat="52.10177" lon="1.31448">
        <ele>0</ele>
        <time>2026-06-26T08:19:48.007Z</time>
        <name>435</name>
        <extensions>
          <speed_mps>13.411</speed_mps>
          <speed_mph>30.0</speed_mph>
        </extensions>
      </trkpt>
      <trkpt lat="52.10210" lon="1.31447">
        <ele>0</ele>
        <time>2026-06-26T08:19:50.763Z</time>
        <name>436</name>
        <extensions>
          <speed_mps>13.411</speed_mps>
          <speed_mph>30.0</speed_mph>
        </extensions>
      </trkpt>
      <trkpt lat="52.10243" lon="1.31441">
        <ele>0</ele>
        <time>2026-06-26T08:19:53.518Z</time>
        <name>437</name>
        <extensions>
          <speed_mps>13.411</speed_mps>
          <speed_mph>30.0</speed_mph>
        </extensions>
      </trkpt>
      <trkpt lat="52.10276" lon="1.31435">
        <ele>0</ele>
        <time>2026-06-26T08:19:56.273Z</time>
        <name>438</name>
        <extensions>
          <speed_mps>13.411</speed_mps>
          <speed_mph>30.0</speed_mph>
        </extensions>
      </trkpt>
      <trkpt lat="52.10309" lon="1.31432">
        <ele>0</ele>
        <time>2026-06-26T08:19:59.027Z</time>
        <name>439</name>
        <extensions>
          <speed_mps>13.411</speed_mps>
          <speed_mph>30.0</speed_mph>
        </extensions>
      </trkpt>
      <trkpt lat="52.10342" lon="1.31423">
        <ele>0</ele>
        <time>2026-06-26T08:20:01.756Z</time>
        <name>440</name>
        <extensions>
          <speed_mps>13.411</speed_mps>
          <speed_mph>30.0</speed_mph>
        </extensions>
      </trkpt>
      <trkpt lat="52.10373" lon="1.31404">
        <ele>0</ele>
        <time>2026-06-26T08:20:04.511Z</time>
        <name>441</name>
        <extensions>
          <speed_mps>13.411</speed_mps>
          <speed_mph>30.0</speed_mph>
        </extensions>
      </trkpt>
      <trkpt lat="52.10403" lon="1.31380">
        <ele>0</ele>
        <time>2026-06-26T08:20:07.266Z</time>
        <name>442</name>
        <extensions>
          <speed_mps>13.411</speed_mps>
          <speed_mph>30.0</speed_mph>
        </extensions>
      </trkpt>
      <trkpt lat="52.10433" lon="1.31358">
        <ele>0</ele>
        <time>2026-06-26T08:20:10.021Z</time>
        <name>443</name>
        <extensions>
          <speed_mps>13.411</speed_mps>
          <speed_mph>30.0</speed_mph>
        </extensions>
      </trkpt>
      <trkpt lat="52.10463" lon="1.31337">
        <ele>0</ele>
        <time>2026-06-26T08:20:12.776Z</time>
        <name>444</name>
        <extensions>
          <speed_mps>13.411</speed_mps>
          <speed_mph>30.0</speed_mph>
        </extensions>
      </trkpt>
      <trkpt lat="52.10495" lon="1.31322">
        <ele>0</ele>
        <time>2026-06-26T08:20:15.529Z</time>
        <name>445</name>
        <extensions>
          <speed_mps>13.411</speed_mps>
          <speed_mph>30.0</speed_mph>
        </extensions>
      </trkpt>
      <trkpt lat="52.10528" lon="1.31311">
        <ele>0</ele>
        <time>2026-06-26T08:20:18.284Z</time>
        <name>446</name>
        <extensions>
          <speed_mps>13.411</speed_mps>
          <speed_mph>30.0</speed_mph>
        </extensions>
      </trkpt>
      <trkpt lat="52.10560" lon="1.31300">
        <ele>0</ele>
        <time>2026-06-26T08:20:21.039Z</time>
        <name>447</name>
        <extensions>
          <speed_mps>13.411</speed_mps>
          <speed_mph>30.0</speed_mph>
        </extensions>
      </trkpt>
      <trkpt lat="52.10593" lon="1.31289">
        <ele>0</ele>
        <time>2026-06-26T08:20:23.795Z</time>
        <name>448</name>
        <extensions>
          <speed_mps>13.411</speed_mps>
          <speed_mph>30.0</speed_mph>
        </extensions>
      </trkpt>
      <trkpt lat="52.10587" lon="1.31237">
        <ele>0</ele>
        <time>2026-06-26T08:20:26.484Z</time>
        <name>449</name>
        <extensions>
          <speed_mps>13.411</speed_mps>
          <speed_mph>30.0</speed_mph>
        </extensions>
      </trkpt>
      <trkpt lat="52.10580" lon="1.31184">
        <ele>0</ele>
        <time>2026-06-26T08:20:29.239Z</time>
        <name>450</name>
        <extensions>
          <speed_mps>13.411</speed_mps>
          <speed_mph>30.0</speed_mph>
        </extensions>
      </trkpt>
      <trkpt lat="52.10573" lon="1.31131">
        <ele>0</ele>
        <time>2026-06-26T08:20:31.995Z</time>
        <name>451</name>
        <extensions>
          <speed_mps>13.411</speed_mps>
          <speed_mph>30.0</speed_mph>
        </extensions>
      </trkpt>
      <trkpt lat="52.10570" lon="1.31077">
        <ele>0</ele>
        <time>2026-06-26T08:20:34.740Z</time>
        <name>452</name>
        <extensions>
          <speed_mps>13.411</speed_mps>
          <speed_mph>30.0</speed_mph>
        </extensions>
      </trkpt>
      <trkpt lat="52.10572" lon="1.31023">
        <ele>0</ele>
        <time>2026-06-26T08:20:37.480Z</time>
        <name>453</name>
        <extensions>
          <speed_mps>13.411</speed_mps>
          <speed_mph>30.0</speed_mph>
        </extensions>
      </trkpt>
      <trkpt lat="52.10563" lon="1.30972">
        <ele>0</ele>
        <time>2026-06-26T08:20:40.198Z</time>
        <name>454</name>
        <extensions>
          <speed_mps>13.411</speed_mps>
          <speed_mph>30.0</speed_mph>
        </extensions>
      </trkpt>
      <trkpt lat="52.10583" lon="1.30934">
        <ele>0</ele>
        <time>2026-06-26T08:20:42.770Z</time>
        <name>455</name>
        <extensions>
          <speed_mps>13.411</speed_mps>
          <speed_mph>30.0</speed_mph>
        </extensions>
      </trkpt>
      <trkpt lat="52.10612" lon="1.30954">
        <ele>0</ele>
        <time>2026-06-26T08:20:45.340Z</time>
        <name>456</name>
        <extensions>
          <speed_mps>13.411</speed_mps>
          <speed_mph>30.0</speed_mph>
        </extensions>
      </trkpt>
      <trkpt lat="52.10634" lon="1.30995">
        <ele>0</ele>
        <time>2026-06-26T08:20:48.095Z</time>
        <name>457</name>
        <extensions>
          <speed_mps>13.411</speed_mps>
          <speed_mph>30.0</speed_mph>
        </extensions>
      </trkpt>
      <trkpt lat="52.10659" lon="1.31030">
        <ele>0</ele>
        <time>2026-06-26T08:20:50.833Z</time>
        <name>458</name>
        <extensions>
          <speed_mps>13.411</speed_mps>
          <speed_mph>30.0</speed_mph>
        </extensions>
      </trkpt>
      <trkpt lat="52.10688" lon="1.31055">
        <ele>0</ele>
        <time>2026-06-26T08:20:53.582Z</time>
        <name>459</name>
        <extensions>
          <speed_mps>13.411</speed_mps>
          <speed_mph>30.0</speed_mph>
        </extensions>
      </trkpt>
      <trkpt lat="52.10717" lon="1.31078">
        <ele>0</ele>
        <time>2026-06-26T08:20:56.288Z</time>
        <name>460</name>
        <extensions>
          <speed_mps>13.411</speed_mps>
          <speed_mph>30.0</speed_mph>
        </extensions>
      </trkpt>
      <trkpt lat="52.10749" lon="1.31094">
        <ele>0</ele>
        <time>2026-06-26T08:20:59.043Z</time>
        <name>461</name>
        <extensions>
          <speed_mps>13.411</speed_mps>
          <speed_mph>30.0</speed_mph>
        </extensions>
      </trkpt>
      <trkpt lat="52.10782" lon="1.31106">
        <ele>0</ele>
        <time>2026-06-26T08:21:01.798Z</time>
        <name>462</name>
        <extensions>
          <speed_mps>13.411</speed_mps>
          <speed_mph>30.0</speed_mph>
        </extensions>
      </trkpt>
      <trkpt lat="52.10814" lon="1.31117">
        <ele>0</ele>
        <time>2026-06-26T08:21:04.553Z</time>
        <name>463</name>
        <extensions>
          <speed_mps>13.411</speed_mps>
          <speed_mph>30.0</speed_mph>
        </extensions>
      </trkpt>
      <trkpt lat="52.10847" lon="1.31127">
        <ele>0</ele>
        <time>2026-06-26T08:21:07.309Z</time>
        <name>464</name>
        <extensions>
          <speed_mps>13.411</speed_mps>
          <speed_mph>30.0</speed_mph>
        </extensions>
      </trkpt>
      <trkpt lat="52.10879" lon="1.31137">
        <ele>0</ele>
        <time>2026-06-26T08:21:10.064Z</time>
        <name>465</name>
        <extensions>
          <speed_mps>13.411</speed_mps>
          <speed_mph>30.0</speed_mph>
        </extensions>
      </trkpt>
      <trkpt lat="52.10912" lon="1.31147">
        <ele>0</ele>
        <time>2026-06-26T08:21:12.820Z</time>
        <name>466</name>
        <extensions>
          <speed_mps>13.411</speed_mps>
          <speed_mph>30.0</speed_mph>
        </extensions>
      </trkpt>
      <trkpt lat="52.10945" lon="1.31157">
        <ele>0</ele>
        <time>2026-06-26T08:21:15.575Z</time>
        <name>467</name>
        <extensions>
          <speed_mps>13.411</speed_mps>
          <speed_mph>30.0</speed_mph>
        </extensions>
      </trkpt>
      <trkpt lat="52.10977" lon="1.31166">
        <ele>0</ele>
        <time>2026-06-26T08:21:18.331Z</time>
        <name>468</name>
        <extensions>
          <speed_mps>13.411</speed_mps>
          <speed_mph>30.0</speed_mph>
        </extensions>
      </trkpt>
      <trkpt lat="52.11010" lon="1.31176">
        <ele>0</ele>
        <time>2026-06-26T08:21:21.086Z</time>
        <name>469</name>
        <extensions>
          <speed_mps>13.411</speed_mps>
          <speed_mph>30.0</speed_mph>
        </extensions>
      </trkpt>
      <trkpt lat="52.11043" lon="1.31185">
        <ele>0</ele>
        <time>2026-06-26T08:21:23.842Z</time>
        <name>470</name>
        <extensions>
          <speed_mps>13.411</speed_mps>
          <speed_mph>30.0</speed_mph>
        </extensions>
      </trkpt>
      <trkpt lat="52.11076" lon="1.31195">
        <ele>0</ele>
        <time>2026-06-26T08:21:26.597Z</time>
        <name>471</name>
        <extensions>
          <speed_mps>13.411</speed_mps>
          <speed_mph>30.0</speed_mph>
        </extensions>
      </trkpt>
      <trkpt lat="52.11108" lon="1.31204">
        <ele>0</ele>
        <time>2026-06-26T08:21:29.353Z</time>
        <name>472</name>
        <extensions>
          <speed_mps>13.411</speed_mps>
          <speed_mph>30.0</speed_mph>
        </extensions>
      </trkpt>
      <trkpt lat="52.11141" lon="1.31214">
        <ele>0</ele>
        <time>2026-06-26T08:21:32.108Z</time>
        <name>473</name>
        <extensions>
          <speed_mps>13.411</speed_mps>
          <speed_mph>30.0</speed_mph>
        </extensions>
      </trkpt>
      <trkpt lat="52.11174" lon="1.31223">
        <ele>0</ele>
        <time>2026-06-26T08:21:34.864Z</time>
        <name>474</name>
        <extensions>
          <speed_mps>13.411</speed_mps>
          <speed_mph>30.0</speed_mph>
        </extensions>
      </trkpt>
      <trkpt lat="52.11207" lon="1.31233">
        <ele>0</ele>
        <time>2026-06-26T08:21:37.619Z</time>
        <name>475</name>
        <extensions>
          <speed_mps>13.411</speed_mps>
          <speed_mph>30.0</speed_mph>
        </extensions>
      </trkpt>
      <trkpt lat="52.11239" lon="1.31242">
        <ele>0</ele>
        <time>2026-06-26T08:21:40.375Z</time>
        <name>476</name>
        <extensions>
          <speed_mps>13.411</speed_mps>
          <speed_mph>30.0</speed_mph>
        </extensions>
      </trkpt>
      <trkpt lat="52.11272" lon="1.31252">
        <ele>0</ele>
        <time>2026-06-26T08:21:43.130Z</time>
        <name>477</name>
        <extensions>
          <speed_mps>13.411</speed_mps>
          <speed_mph>30.0</speed_mph>
        </extensions>
      </trkpt>
      <trkpt lat="52.11305" lon="1.31262">
        <ele>0</ele>
        <time>2026-06-26T08:21:45.885Z</time>
        <name>478</name>
        <extensions>
          <speed_mps>13.411</speed_mps>
          <speed_mph>30.0</speed_mph>
        </extensions>
      </trkpt>
      <trkpt lat="52.11337" lon="1.31272">
        <ele>0</ele>
        <time>2026-06-26T08:21:48.641Z</time>
        <name>479</name>
        <extensions>
          <speed_mps>13.411</speed_mps>
          <speed_mph>30.0</speed_mph>
        </extensions>
      </trkpt>
      <trkpt lat="52.11370" lon="1.31282">
        <ele>0</ele>
        <time>2026-06-26T08:21:51.396Z</time>
        <name>480</name>
        <extensions>
          <speed_mps>13.411</speed_mps>
          <speed_mph>30.0</speed_mph>
        </extensions>
      </trkpt>
      <trkpt lat="52.11403" lon="1.31292">
        <ele>0</ele>
        <time>2026-06-26T08:21:54.152Z</time>
        <name>481</name>
        <extensions>
          <speed_mps>13.411</speed_mps>
          <speed_mph>30.0</speed_mph>
        </extensions>
      </trkpt>
      <trkpt lat="52.11435" lon="1.31302">
        <ele>0</ele>
        <time>2026-06-26T08:21:56.907Z</time>
        <name>482</name>
        <extensions>
          <speed_mps>13.411</speed_mps>
          <speed_mph>30.0</speed_mph>
        </extensions>
      </trkpt>
      <trkpt lat="52.11468" lon="1.31314">
        <ele>0</ele>
        <time>2026-06-26T08:21:59.663Z</time>
        <name>483</name>
        <extensions>
          <speed_mps>13.411</speed_mps>
          <speed_mph>30.0</speed_mph>
        </extensions>
      </trkpt>
      <trkpt lat="52.11500" lon="1.31328">
        <ele>0</ele>
        <time>2026-06-26T08:22:02.417Z</time>
        <name>484</name>
        <extensions>
          <speed_mps>13.411</speed_mps>
          <speed_mph>30.0</speed_mph>
        </extensions>
      </trkpt>
      <trkpt lat="52.11532" lon="1.31344">
        <ele>0</ele>
        <time>2026-06-26T08:22:05.172Z</time>
        <name>485</name>
        <extensions>
          <speed_mps>13.411</speed_mps>
          <speed_mph>30.0</speed_mph>
        </extensions>
      </trkpt>
      <trkpt lat="52.11563" lon="1.31359">
        <ele>0</ele>
        <time>2026-06-26T08:22:07.928Z</time>
        <name>486</name>
        <extensions>
          <speed_mps>13.411</speed_mps>
          <speed_mph>30.0</speed_mph>
        </extensions>
      </trkpt>
      <trkpt lat="52.11593" lon="1.31382">
        <ele>0</ele>
        <time>2026-06-26T08:22:10.678Z</time>
        <name>487</name>
        <extensions>
          <speed_mps>13.411</speed_mps>
          <speed_mph>30.0</speed_mph>
        </extensions>
      </trkpt>
      <trkpt lat="52.11623" lon="1.31406">
        <ele>0</ele>
        <time>2026-06-26T08:22:13.433Z</time>
        <name>488</name>
        <extensions>
          <speed_mps>13.411</speed_mps>
          <speed_mph>30.0</speed_mph>
        </extensions>
      </trkpt>
      <trkpt lat="52.11653" lon="1.31430">
        <ele>0</ele>
        <time>2026-06-26T08:22:16.189Z</time>
        <name>489</name>
        <extensions>
          <speed_mps>13.411</speed_mps>
          <speed_mph>30.0</speed_mph>
        </extensions>
      </trkpt>
      <trkpt lat="52.11681" lon="1.31458">
        <ele>0</ele>
        <time>2026-06-26T08:22:18.944Z</time>
        <name>490</name>
        <extensions>
          <speed_mps>13.411</speed_mps>
          <speed_mph>30.0</speed_mph>
        </extensions>
      </trkpt>
      <trkpt lat="52.11709" lon="1.31488">
        <ele>0</ele>
        <time>2026-06-26T08:22:21.699Z</time>
        <name>491</name>
        <extensions>
          <speed_mps>13.411</speed_mps>
          <speed_mph>30.0</speed_mph>
        </extensions>
      </trkpt>
      <trkpt lat="52.11737" lon="1.31519">
        <ele>0</ele>
        <time>2026-06-26T08:22:24.454Z</time>
        <name>492</name>
        <extensions>
          <speed_mps>13.411</speed_mps>
          <speed_mph>30.0</speed_mph>
        </extensions>
      </trkpt>
      <trkpt lat="52.11762" lon="1.31553">
        <ele>0</ele>
        <time>2026-06-26T08:22:27.206Z</time>
        <name>493</name>
        <extensions>
          <speed_mps>13.411</speed_mps>
          <speed_mph>30.0</speed_mph>
        </extensions>
      </trkpt>
      <trkpt lat="52.11787" lon="1.31588">
        <ele>0</ele>
        <time>2026-06-26T08:22:29.962Z</time>
        <name>494</name>
        <extensions>
          <speed_mps>13.411</speed_mps>
          <speed_mph>30.0</speed_mph>
        </extensions>
      </trkpt>
      <trkpt lat="52.11812" lon="1.31624">
        <ele>0</ele>
        <time>2026-06-26T08:22:32.717Z</time>
        <name>495</name>
        <extensions>
          <speed_mps>13.411</speed_mps>
          <speed_mph>30.0</speed_mph>
        </extensions>
      </trkpt>
      <trkpt lat="52.11837" lon="1.31660">
        <ele>0</ele>
        <time>2026-06-26T08:22:35.473Z</time>
        <name>496</name>
        <extensions>
          <speed_mps>13.411</speed_mps>
          <speed_mph>30.0</speed_mph>
        </extensions>
      </trkpt>
      <trkpt lat="52.11862" lon="1.31695">
        <ele>0</ele>
        <time>2026-06-26T08:22:38.228Z</time>
        <name>497</name>
        <extensions>
          <speed_mps>13.411</speed_mps>
          <speed_mph>30.0</speed_mph>
        </extensions>
      </trkpt>
      <trkpt lat="52.11887" lon="1.31731">
        <ele>0</ele>
        <time>2026-06-26T08:22:40.983Z</time>
        <name>498</name>
        <extensions>
          <speed_mps>13.411</speed_mps>
          <speed_mph>30.0</speed_mph>
        </extensions>
      </trkpt>
      <trkpt lat="52.11911" lon="1.31769">
        <ele>0</ele>
        <time>2026-06-26T08:22:43.738Z</time>
        <name>499</name>
        <extensions>
          <speed_mps>13.411</speed_mps>
          <speed_mph>30.0</speed_mph>
        </extensions>
      </trkpt>
      <trkpt lat="52.11935" lon="1.31807">
        <ele>0</ele>
        <time>2026-06-26T08:22:46.494Z</time>
        <name>500</name>
        <extensions>
          <speed_mps>13.411</speed_mps>
          <speed_mph>30.0</speed_mph>
        </extensions>
      </trkpt>
      <trkpt lat="52.11959" lon="1.31844">
        <ele>0</ele>
        <time>2026-06-26T08:22:49.249Z</time>
        <name>501</name>
        <extensions>
          <speed_mps>13.411</speed_mps>
          <speed_mph>30.0</speed_mph>
        </extensions>
      </trkpt>
      <trkpt lat="52.11982" lon="1.31882">
        <ele>0</ele>
        <time>2026-06-26T08:22:52.005Z</time>
        <name>502</name>
        <extensions>
          <speed_mps>13.411</speed_mps>
          <speed_mph>30.0</speed_mph>
        </extensions>
      </trkpt>
      <trkpt lat="52.12006" lon="1.31920">
        <ele>0</ele>
        <time>2026-06-26T08:22:54.760Z</time>
        <name>503</name>
        <extensions>
          <speed_mps>13.411</speed_mps>
          <speed_mph>30.0</speed_mph>
        </extensions>
      </trkpt>
      <trkpt lat="52.12030" lon="1.31958">
        <ele>0</ele>
        <time>2026-06-26T08:22:57.516Z</time>
        <name>504</name>
        <extensions>
          <speed_mps>13.411</speed_mps>
          <speed_mph>30.0</speed_mph>
        </extensions>
      </trkpt>
      <trkpt lat="52.12054" lon="1.31995">
        <ele>0</ele>
        <time>2026-06-26T08:23:00.271Z</time>
        <name>505</name>
        <extensions>
          <speed_mps>13.411</speed_mps>
          <speed_mph>30.0</speed_mph>
        </extensions>
      </trkpt>
      <trkpt lat="52.12077" lon="1.32034">
        <ele>0</ele>
        <time>2026-06-26T08:23:03.021Z</time>
        <name>506</name>
        <extensions>
          <speed_mps>13.411</speed_mps>
          <speed_mph>30.0</speed_mph>
        </extensions>
      </trkpt>
      <trkpt lat="52.12097" lon="1.32078">
        <ele>0</ele>
        <time>2026-06-26T08:23:05.777Z</time>
        <name>507</name>
        <extensions>
          <speed_mps>13.411</speed_mps>
          <speed_mph>30.0</speed_mph>
        </extensions>
      </trkpt>
      <trkpt lat="52.12117" lon="1.32121">
        <ele>0</ele>
        <time>2026-06-26T08:23:08.532Z</time>
        <name>508</name>
        <extensions>
          <speed_mps>13.411</speed_mps>
          <speed_mph>30.0</speed_mph>
        </extensions>
      </trkpt>
      <trkpt lat="52.12136" lon="1.32165">
        <ele>0</ele>
        <time>2026-06-26T08:23:11.288Z</time>
        <name>509</name>
        <extensions>
          <speed_mps>13.411</speed_mps>
          <speed_mph>30.0</speed_mph>
        </extensions>
      </trkpt>
      <trkpt lat="52.12152" lon="1.32212">
        <ele>0</ele>
        <time>2026-06-26T08:23:14.042Z</time>
        <name>510</name>
        <extensions>
          <speed_mps>13.411</speed_mps>
          <speed_mph>30.0</speed_mph>
        </extensions>
      </trkpt>
      <trkpt lat="52.12168" lon="1.32260">
        <ele>0</ele>
        <time>2026-06-26T08:23:16.797Z</time>
        <name>511</name>
        <extensions>
          <speed_mps>13.411</speed_mps>
          <speed_mph>30.0</speed_mph>
        </extensions>
      </trkpt>
      <trkpt lat="52.12184" lon="1.32307">
        <ele>0</ele>
        <time>2026-06-26T08:23:19.553Z</time>
        <name>512</name>
        <extensions>
          <speed_mps>13.411</speed_mps>
          <speed_mph>30.0</speed_mph>
        </extensions>
      </trkpt>
      <trkpt lat="52.12196" lon="1.32358">
        <ele>0</ele>
        <time>2026-06-26T08:23:22.306Z</time>
        <name>513</name>
        <extensions>
          <speed_mps>13.411</speed_mps>
          <speed_mph>30.0</speed_mph>
        </extensions>
      </trkpt>
      <trkpt lat="52.12207" lon="1.32409">
        <ele>0</ele>
        <time>2026-06-26T08:23:25.062Z</time>
        <name>514</name>
        <extensions>
          <speed_mps>13.411</speed_mps>
          <speed_mph>30.0</speed_mph>
        </extensions>
      </trkpt>
      <trkpt lat="52.12219" lon="1.32460">
        <ele>0</ele>
        <time>2026-06-26T08:23:27.817Z</time>
        <name>515</name>
        <extensions>
          <speed_mps>13.411</speed_mps>
          <speed_mph>30.0</speed_mph>
        </extensions>
      </trkpt>
      <trkpt lat="52.12228" lon="1.32512">
        <ele>0</ele>
        <time>2026-06-26T08:23:30.572Z</time>
        <name>516</name>
        <extensions>
          <speed_mps>13.411</speed_mps>
          <speed_mph>30.0</speed_mph>
        </extensions>
      </trkpt>
      <trkpt lat="52.12236" lon="1.32564">
        <ele>0</ele>
        <time>2026-06-26T08:23:33.326Z</time>
        <name>517</name>
        <extensions>
          <speed_mps>13.411</speed_mps>
          <speed_mph>30.0</speed_mph>
        </extensions>
      </trkpt>
      <trkpt lat="52.12242" lon="1.32617">
        <ele>0</ele>
        <time>2026-06-26T08:23:36.081Z</time>
        <name>518</name>
        <extensions>
          <speed_mps>13.411</speed_mps>
          <speed_mph>30.0</speed_mph>
        </extensions>
      </trkpt>
      <trkpt lat="52.12248" lon="1.32670">
        <ele>0</ele>
        <time>2026-06-26T08:23:38.836Z</time>
        <name>519</name>
        <extensions>
          <speed_mps>13.411</speed_mps>
          <speed_mph>30.0</speed_mph>
        </extensions>
      </trkpt>
      <trkpt lat="52.12252" lon="1.32724">
        <ele>0</ele>
        <time>2026-06-26T08:23:41.591Z</time>
        <name>520</name>
        <extensions>
          <speed_mps>13.411</speed_mps>
          <speed_mph>30.0</speed_mph>
        </extensions>
      </trkpt>
      <trkpt lat="52.12256" lon="1.32778">
        <ele>0</ele>
        <time>2026-06-26T08:23:44.347Z</time>
        <name>521</name>
        <extensions>
          <speed_mps>13.411</speed_mps>
          <speed_mph>30.0</speed_mph>
        </extensions>
      </trkpt>
      <trkpt lat="52.12261" lon="1.32832">
        <ele>0</ele>
        <time>2026-06-26T08:23:47.102Z</time>
        <name>522</name>
        <extensions>
          <speed_mps>13.411</speed_mps>
          <speed_mph>30.0</speed_mph>
        </extensions>
      </trkpt>
      <trkpt lat="52.12264" lon="1.32885">
        <ele>0</ele>
        <time>2026-06-26T08:23:49.858Z</time>
        <name>523</name>
        <extensions>
          <speed_mps>13.411</speed_mps>
          <speed_mph>30.0</speed_mph>
        </extensions>
      </trkpt>
      <trkpt lat="52.12267" lon="1.32939">
        <ele>0</ele>
        <time>2026-06-26T08:23:52.613Z</time>
        <name>524</name>
        <extensions>
          <speed_mps>13.411</speed_mps>
          <speed_mph>30.0</speed_mph>
        </extensions>
      </trkpt>
      <trkpt lat="52.12277" lon="1.32990">
        <ele>0</ele>
        <time>2026-06-26T08:23:55.340Z</time>
        <name>525</name>
        <extensions>
          <speed_mps>13.411</speed_mps>
          <speed_mph>30.0</speed_mph>
        </extensions>
      </trkpt>
      <trkpt lat="52.12283" lon="1.33044">
        <ele>0</ele>
        <time>2026-06-26T08:23:58.095Z</time>
        <name>526</name>
        <extensions>
          <speed_mps>13.411</speed_mps>
          <speed_mph>30.0</speed_mph>
        </extensions>
      </trkpt>
      <trkpt lat="52.12290" lon="1.33097">
        <ele>0</ele>
        <time>2026-06-26T08:24:00.851Z</time>
        <name>527</name>
        <extensions>
          <speed_mps>13.411</speed_mps>
          <speed_mph>30.0</speed_mph>
        </extensions>
      </trkpt>
      <trkpt lat="52.12297" lon="1.33149">
        <ele>0</ele>
        <time>2026-06-26T08:24:03.606Z</time>
        <name>528</name>
        <extensions>
          <speed_mps>13.411</speed_mps>
          <speed_mph>30.0</speed_mph>
        </extensions>
      </trkpt>
      <trkpt lat="52.12306" lon="1.33202">
        <ele>0</ele>
        <time>2026-06-26T08:24:06.361Z</time>
        <name>529</name>
        <extensions>
          <speed_mps>13.411</speed_mps>
          <speed_mph>30.0</speed_mph>
        </extensions>
      </trkpt>
      <trkpt lat="52.12315" lon="1.33254">
        <ele>0</ele>
        <time>2026-06-26T08:24:09.117Z</time>
        <name>530</name>
        <extensions>
          <speed_mps>13.411</speed_mps>
          <speed_mph>30.0</speed_mph>
        </extensions>
      </trkpt>
      <trkpt lat="52.12325" lon="1.33305">
        <ele>0</ele>
        <time>2026-06-26T08:24:11.872Z</time>
        <name>531</name>
        <extensions>
          <speed_mps>13.411</speed_mps>
          <speed_mph>30.0</speed_mph>
        </extensions>
      </trkpt>
      <trkpt lat="52.12336" lon="1.33356">
        <ele>0</ele>
        <time>2026-06-26T08:24:14.627Z</time>
        <name>532</name>
        <extensions>
          <speed_mps>13.411</speed_mps>
          <speed_mph>30.0</speed_mph>
        </extensions>
      </trkpt>
      <trkpt lat="52.12347" lon="1.33407">
        <ele>0</ele>
        <time>2026-06-26T08:24:17.383Z</time>
        <name>533</name>
        <extensions>
          <speed_mps>13.411</speed_mps>
          <speed_mph>30.0</speed_mph>
        </extensions>
      </trkpt>
      <trkpt lat="52.12360" lon="1.33457">
        <ele>0</ele>
        <time>2026-06-26T08:24:20.138Z</time>
        <name>534</name>
        <extensions>
          <speed_mps>13.411</speed_mps>
          <speed_mph>30.0</speed_mph>
        </extensions>
      </trkpt>
      <trkpt lat="52.12373" lon="1.33507">
        <ele>0</ele>
        <time>2026-06-26T08:24:22.893Z</time>
        <name>535</name>
        <extensions>
          <speed_mps>13.411</speed_mps>
          <speed_mph>30.0</speed_mph>
        </extensions>
      </trkpt>
      <trkpt lat="52.12387" lon="1.33556">
        <ele>0</ele>
        <time>2026-06-26T08:24:25.648Z</time>
        <name>536</name>
        <extensions>
          <speed_mps>13.411</speed_mps>
          <speed_mph>30.0</speed_mph>
        </extensions>
      </trkpt>
      <trkpt lat="52.12403" lon="1.33604">
        <ele>0</ele>
        <time>2026-06-26T08:24:28.403Z</time>
        <name>537</name>
        <extensions>
          <speed_mps>13.411</speed_mps>
          <speed_mph>30.0</speed_mph>
        </extensions>
      </trkpt>
      <trkpt lat="52.12419" lon="1.33651">
        <ele>0</ele>
        <time>2026-06-26T08:24:31.159Z</time>
        <name>538</name>
        <extensions>
          <speed_mps>13.411</speed_mps>
          <speed_mph>30.0</speed_mph>
        </extensions>
      </trkpt>
      <trkpt lat="52.12435" lon="1.33698">
        <ele>0</ele>
        <time>2026-06-26T08:24:33.914Z</time>
        <name>539</name>
        <extensions>
          <speed_mps>13.411</speed_mps>
          <speed_mph>30.0</speed_mph>
        </extensions>
      </trkpt>
      <trkpt lat="52.12452" lon="1.33745">
        <ele>0</ele>
        <time>2026-06-26T08:24:36.669Z</time>
        <name>540</name>
        <extensions>
          <speed_mps>13.411</speed_mps>
          <speed_mph>30.0</speed_mph>
        </extensions>
      </trkpt>
      <trkpt lat="52.12470" lon="1.33790">
        <ele>0</ele>
        <time>2026-06-26T08:24:39.424Z</time>
        <name>541</name>
        <extensions>
          <speed_mps>13.411</speed_mps>
          <speed_mph>30.0</speed_mph>
        </extensions>
      </trkpt>
      <trkpt lat="52.12489" lon="1.33835">
        <ele>0</ele>
        <time>2026-06-26T08:24:42.180Z</time>
        <name>542</name>
        <extensions>
          <speed_mps>13.411</speed_mps>
          <speed_mph>30.0</speed_mph>
        </extensions>
      </trkpt>
      <trkpt lat="52.12509" lon="1.33879">
        <ele>0</ele>
        <time>2026-06-26T08:24:44.935Z</time>
        <name>543</name>
        <extensions>
          <speed_mps>13.411</speed_mps>
          <speed_mph>30.0</speed_mph>
        </extensions>
      </trkpt>
      <trkpt lat="52.12529" lon="1.33922">
        <ele>0</ele>
        <time>2026-06-26T08:24:47.690Z</time>
        <name>544</name>
        <extensions>
          <speed_mps>13.411</speed_mps>
          <speed_mph>30.0</speed_mph>
        </extensions>
      </trkpt>
      <trkpt lat="52.12549" lon="1.33964">
        <ele>0</ele>
        <time>2026-06-26T08:24:50.445Z</time>
        <name>545</name>
        <extensions>
          <speed_mps>13.411</speed_mps>
          <speed_mph>30.0</speed_mph>
        </extensions>
      </trkpt>
      <trkpt lat="52.12571" lon="1.34005">
        <ele>0</ele>
        <time>2026-06-26T08:24:53.200Z</time>
        <name>546</name>
        <extensions>
          <speed_mps>13.411</speed_mps>
          <speed_mph>30.0</speed_mph>
        </extensions>
      </trkpt>
      <trkpt lat="52.12593" lon="1.34046">
        <ele>0</ele>
        <time>2026-06-26T08:24:55.956Z</time>
        <name>547</name>
        <extensions>
          <speed_mps>13.411</speed_mps>
          <speed_mph>30.0</speed_mph>
        </extensions>
      </trkpt>
      <trkpt lat="52.12615" lon="1.34086">
        <ele>0</ele>
        <time>2026-06-26T08:24:58.711Z</time>
        <name>548</name>
        <extensions>
          <speed_mps>13.411</speed_mps>
          <speed_mph>30.0</speed_mph>
        </extensions>
      </trkpt>
      <trkpt lat="52.12637" lon="1.34127">
        <ele>0</ele>
        <time>2026-06-26T08:25:01.467Z</time>
        <name>549</name>
        <extensions>
          <speed_mps>13.411</speed_mps>
          <speed_mph>30.0</speed_mph>
        </extensions>
      </trkpt>
      <trkpt lat="52.12659" lon="1.34167">
        <ele>0</ele>
        <time>2026-06-26T08:25:04.221Z</time>
        <name>550</name>
        <extensions>
          <speed_mps>13.411</speed_mps>
          <speed_mph>30.0</speed_mph>
        </extensions>
      </trkpt>
      <trkpt lat="52.12683" lon="1.34205">
        <ele>0</ele>
        <time>2026-06-26T08:25:06.976Z</time>
        <name>551</name>
        <extensions>
          <speed_mps>13.411</speed_mps>
          <speed_mph>30.0</speed_mph>
        </extensions>
      </trkpt>
      <trkpt lat="52.12707" lon="1.34242">
        <ele>0</ele>
        <time>2026-06-26T08:25:09.732Z</time>
        <name>552</name>
        <extensions>
          <speed_mps>13.411</speed_mps>
          <speed_mph>30.0</speed_mph>
        </extensions>
      </trkpt>
      <trkpt lat="52.12731" lon="1.34279">
        <ele>0</ele>
        <time>2026-06-26T08:25:12.487Z</time>
        <name>553</name>
        <extensions>
          <speed_mps>13.411</speed_mps>
          <speed_mph>30.0</speed_mph>
        </extensions>
      </trkpt>
      <trkpt lat="52.12755" lon="1.34317">
        <ele>0</ele>
        <time>2026-06-26T08:25:15.243Z</time>
        <name>554</name>
        <extensions>
          <speed_mps>13.411</speed_mps>
          <speed_mph>30.0</speed_mph>
        </extensions>
      </trkpt>
      <trkpt lat="52.12780" lon="1.34352">
        <ele>0</ele>
        <time>2026-06-26T08:25:17.996Z</time>
        <name>555</name>
        <extensions>
          <speed_mps>13.411</speed_mps>
          <speed_mph>30.0</speed_mph>
        </extensions>
      </trkpt>
      <trkpt lat="52.12806" lon="1.34386">
        <ele>0</ele>
        <time>2026-06-26T08:25:20.751Z</time>
        <name>556</name>
        <extensions>
          <speed_mps>13.411</speed_mps>
          <speed_mph>30.0</speed_mph>
        </extensions>
      </trkpt>
      <trkpt lat="52.12832" lon="1.34420">
        <ele>0</ele>
        <time>2026-06-26T08:25:23.507Z</time>
        <name>557</name>
        <extensions>
          <speed_mps>13.411</speed_mps>
          <speed_mph>30.0</speed_mph>
        </extensions>
      </trkpt>
      <trkpt lat="52.12858" lon="1.34454">
        <ele>0</ele>
        <time>2026-06-26T08:25:26.262Z</time>
        <name>558</name>
        <extensions>
          <speed_mps>13.411</speed_mps>
          <speed_mph>30.0</speed_mph>
        </extensions>
      </trkpt>
      <trkpt lat="52.12884" lon="1.34488">
        <ele>0</ele>
        <time>2026-06-26T08:25:29.017Z</time>
        <name>559</name>
        <extensions>
          <speed_mps>13.411</speed_mps>
          <speed_mph>30.0</speed_mph>
        </extensions>
      </trkpt>
      <trkpt lat="52.12911" lon="1.34519">
        <ele>0</ele>
        <time>2026-06-26T08:25:31.773Z</time>
        <name>560</name>
        <extensions>
          <speed_mps>13.411</speed_mps>
          <speed_mph>30.0</speed_mph>
        </extensions>
      </trkpt>
      <trkpt lat="52.12939" lon="1.34550">
        <ele>0</ele>
        <time>2026-06-26T08:25:34.528Z</time>
        <name>561</name>
        <extensions>
          <speed_mps>13.411</speed_mps>
          <speed_mph>30.0</speed_mph>
        </extensions>
      </trkpt>
      <trkpt lat="52.12966" lon="1.34581">
        <ele>0</ele>
        <time>2026-06-26T08:25:37.284Z</time>
        <name>562</name>
        <extensions>
          <speed_mps>13.411</speed_mps>
          <speed_mph>30.0</speed_mph>
        </extensions>
      </trkpt>
      <trkpt lat="52.12994" lon="1.34610">
        <ele>0</ele>
        <time>2026-06-26T08:25:40.038Z</time>
        <name>563</name>
        <extensions>
          <speed_mps>13.411</speed_mps>
          <speed_mph>30.0</speed_mph>
        </extensions>
      </trkpt>
      <trkpt lat="52.13022" lon="1.34639">
        <ele>0</ele>
        <time>2026-06-26T08:25:42.794Z</time>
        <name>564</name>
        <extensions>
          <speed_mps>13.411</speed_mps>
          <speed_mph>30.0</speed_mph>
        </extensions>
      </trkpt>
      <trkpt lat="52.13050" lon="1.34667">
        <ele>0</ele>
        <time>2026-06-26T08:25:45.549Z</time>
        <name>565</name>
        <extensions>
          <speed_mps>13.411</speed_mps>
          <speed_mph>30.0</speed_mph>
        </extensions>
      </trkpt>
      <trkpt lat="52.13078" lon="1.34696">
        <ele>0</ele>
        <time>2026-06-26T08:25:48.305Z</time>
        <name>566</name>
        <extensions>
          <speed_mps>13.411</speed_mps>
          <speed_mph>30.0</speed_mph>
        </extensions>
      </trkpt>
      <trkpt lat="52.13106" lon="1.34726">
        <ele>0</ele>
        <time>2026-06-26T08:25:51.060Z</time>
        <name>567</name>
        <extensions>
          <speed_mps>13.411</speed_mps>
          <speed_mph>30.0</speed_mph>
        </extensions>
      </trkpt>
      <trkpt lat="52.13133" lon="1.34758">
        <ele>0</ele>
        <time>2026-06-26T08:25:53.816Z</time>
        <name>568</name>
        <extensions>
          <speed_mps>13.411</speed_mps>
          <speed_mph>30.0</speed_mph>
        </extensions>
      </trkpt>
      <trkpt lat="52.13160" lon="1.34790">
        <ele>0</ele>
        <time>2026-06-26T08:25:56.571Z</time>
        <name>569</name>
        <extensions>
          <speed_mps>13.411</speed_mps>
          <speed_mph>30.0</speed_mph>
        </extensions>
      </trkpt>
      <trkpt lat="52.13186" lon="1.34823">
        <ele>0</ele>
        <time>2026-06-26T08:25:59.326Z</time>
        <name>570</name>
        <extensions>
          <speed_mps>13.411</speed_mps>
          <speed_mph>30.0</speed_mph>
        </extensions>
      </trkpt>
      <trkpt lat="52.13212" lon="1.34856">
        <ele>0</ele>
        <time>2026-06-26T08:26:02.082Z</time>
        <name>571</name>
        <extensions>
          <speed_mps>13.411</speed_mps>
          <speed_mph>30.0</speed_mph>
        </extensions>
      </trkpt>
      <trkpt lat="52.13238" lon="1.34891">
        <ele>0</ele>
        <time>2026-06-26T08:26:04.835Z</time>
        <name>572</name>
        <extensions>
          <speed_mps>13.411</speed_mps>
          <speed_mph>30.0</speed_mph>
        </extensions>
      </trkpt>
      <trkpt lat="52.13262" lon="1.34928">
        <ele>0</ele>
        <time>2026-06-26T08:26:07.590Z</time>
        <name>573</name>
        <extensions>
          <speed_mps>13.411</speed_mps>
          <speed_mph>30.0</speed_mph>
        </extensions>
      </trkpt>
      <trkpt lat="52.13286" lon="1.34965">
        <ele>0</ele>
        <time>2026-06-26T08:26:10.346Z</time>
        <name>574</name>
        <extensions>
          <speed_mps>13.411</speed_mps>
          <speed_mph>30.0</speed_mph>
        </extensions>
      </trkpt>
      <trkpt lat="52.13309" lon="1.35005">
        <ele>0</ele>
        <time>2026-06-26T08:26:13.096Z</time>
        <name>575</name>
        <extensions>
          <speed_mps>13.411</speed_mps>
          <speed_mph>30.0</speed_mph>
        </extensions>
      </trkpt>
      <trkpt lat="52.13330" lon="1.35047">
        <ele>0</ele>
        <time>2026-06-26T08:26:15.852Z</time>
        <name>576</name>
        <extensions>
          <speed_mps>13.411</speed_mps>
          <speed_mph>30.0</speed_mph>
        </extensions>
      </trkpt>
      <trkpt lat="52.13351" lon="1.35088">
        <ele>0</ele>
        <time>2026-06-26T08:26:18.607Z</time>
        <name>577</name>
        <extensions>
          <speed_mps>13.411</speed_mps>
          <speed_mph>30.0</speed_mph>
        </extensions>
      </trkpt>
      <trkpt lat="52.13372" lon="1.35130">
        <ele>0</ele>
        <time>2026-06-26T08:26:21.363Z</time>
        <name>578</name>
        <extensions>
          <speed_mps>13.411</speed_mps>
          <speed_mph>30.0</speed_mph>
        </extensions>
      </trkpt>
      <trkpt lat="52.13391" lon="1.35174">
        <ele>0</ele>
        <time>2026-06-26T08:26:24.118Z</time>
        <name>579</name>
        <extensions>
          <speed_mps>13.411</speed_mps>
          <speed_mph>30.0</speed_mph>
        </extensions>
      </trkpt>
      <trkpt lat="52.13411" lon="1.35217">
        <ele>0</ele>
        <time>2026-06-26T08:26:26.859Z</time>
        <name>580</name>
        <extensions>
          <speed_mps>13.411</speed_mps>
          <speed_mph>30.0</speed_mph>
        </extensions>
      </trkpt>
      <trkpt lat="52.13432" lon="1.35258">
        <ele>0</ele>
        <time>2026-06-26T08:26:29.597Z</time>
        <name>581</name>
        <extensions>
          <speed_mps>13.411</speed_mps>
          <speed_mph>30.0</speed_mph>
        </extensions>
      </trkpt>
      <trkpt lat="52.13452" lon="1.35302">
        <ele>0</ele>
        <time>2026-06-26T08:26:32.353Z</time>
        <name>582</name>
        <extensions>
          <speed_mps>13.411</speed_mps>
          <speed_mph>30.0</speed_mph>
        </extensions>
      </trkpt>
      <trkpt lat="52.13471" lon="1.35346">
        <ele>0</ele>
        <time>2026-06-26T08:26:35.108Z</time>
        <name>583</name>
        <extensions>
          <speed_mps>13.411</speed_mps>
          <speed_mph>30.0</speed_mph>
        </extensions>
      </trkpt>
      <trkpt lat="52.13491" lon="1.35390">
        <ele>0</ele>
        <time>2026-06-26T08:26:37.864Z</time>
        <name>584</name>
        <extensions>
          <speed_mps>13.411</speed_mps>
          <speed_mph>30.0</speed_mph>
        </extensions>
      </trkpt>
      <trkpt lat="52.13508" lon="1.35437">
        <ele>0</ele>
        <time>2026-06-26T08:26:40.617Z</time>
        <name>585</name>
        <extensions>
          <speed_mps>13.411</speed_mps>
          <speed_mph>30.0</speed_mph>
        </extensions>
      </trkpt>
      <trkpt lat="52.13524" lon="1.35484">
        <ele>0</ele>
        <time>2026-06-26T08:26:43.372Z</time>
        <name>586</name>
        <extensions>
          <speed_mps>13.411</speed_mps>
          <speed_mph>30.0</speed_mph>
        </extensions>
      </trkpt>
      <trkpt lat="52.13538" lon="1.35533">
        <ele>0</ele>
        <time>2026-06-26T08:26:46.126Z</time>
        <name>587</name>
        <extensions>
          <speed_mps>13.411</speed_mps>
          <speed_mph>30.0</speed_mph>
        </extensions>
      </trkpt>
      <trkpt lat="52.13552" lon="1.35582">
        <ele>0</ele>
        <time>2026-06-26T08:26:48.881Z</time>
        <name>588</name>
        <extensions>
          <speed_mps>13.411</speed_mps>
          <speed_mph>30.0</speed_mph>
        </extensions>
      </trkpt>
      <trkpt lat="52.13562" lon="1.35634">
        <ele>0</ele>
        <time>2026-06-26T08:26:51.633Z</time>
        <name>589</name>
        <extensions>
          <speed_mps>13.411</speed_mps>
          <speed_mph>30.0</speed_mph>
        </extensions>
      </trkpt>
      <trkpt lat="52.13571" lon="1.35685">
        <ele>0</ele>
        <time>2026-06-26T08:26:54.389Z</time>
        <name>590</name>
        <extensions>
          <speed_mps>13.411</speed_mps>
          <speed_mph>30.0</speed_mph>
        </extensions>
      </trkpt>
      <trkpt lat="52.13581" lon="1.35737">
        <ele>0</ele>
        <time>2026-06-26T08:26:57.144Z</time>
        <name>591</name>
        <extensions>
          <speed_mps>13.411</speed_mps>
          <speed_mph>30.0</speed_mph>
        </extensions>
      </trkpt>
      <trkpt lat="52.13588" lon="1.35789">
        <ele>0</ele>
        <time>2026-06-26T08:26:59.818Z</time>
        <name>592</name>
        <extensions>
          <speed_mps>13.411</speed_mps>
          <speed_mph>30.0</speed_mph>
        </extensions>
      </trkpt>
      <trkpt lat="52.13619" lon="1.35809">
        <ele>0</ele>
        <time>2026-06-26T08:27:02.573Z</time>
        <name>593</name>
        <extensions>
          <speed_mps>13.411</speed_mps>
          <speed_mph>30.0</speed_mph>
        </extensions>
      </trkpt>
      <trkpt lat="52.13647" lon="1.35837">
        <ele>0</ele>
        <time>2026-06-26T08:27:05.326Z</time>
        <name>594</name>
        <extensions>
          <speed_mps>13.411</speed_mps>
          <speed_mph>30.0</speed_mph>
        </extensions>
      </trkpt>
      <trkpt lat="52.13675" lon="1.35866">
        <ele>0</ele>
        <time>2026-06-26T08:27:08.081Z</time>
        <name>595</name>
        <extensions>
          <speed_mps>13.411</speed_mps>
          <speed_mph>30.0</speed_mph>
        </extensions>
      </trkpt>
      <trkpt lat="52.13703" lon="1.35896">
        <ele>0</ele>
        <time>2026-06-26T08:27:10.837Z</time>
        <name>596</name>
        <extensions>
          <speed_mps>13.411</speed_mps>
          <speed_mph>30.0</speed_mph>
        </extensions>
      </trkpt>
      <trkpt lat="52.13732" lon="1.35922">
        <ele>0</ele>
        <time>2026-06-26T08:27:13.579Z</time>
        <name>597</name>
        <extensions>
          <speed_mps>13.411</speed_mps>
          <speed_mph>30.0</speed_mph>
        </extensions>
      </trkpt>
      <trkpt lat="52.13763" lon="1.35942">
        <ele>0</ele>
        <time>2026-06-26T08:27:16.335Z</time>
        <name>598</name>
        <extensions>
          <speed_mps>13.411</speed_mps>
          <speed_mph>30.0</speed_mph>
        </extensions>
      </trkpt>
      <trkpt lat="52.13794" lon="1.35961">
        <ele>0</ele>
        <time>2026-06-26T08:27:19.090Z</time>
        <name>599</name>
        <extensions>
          <speed_mps>13.411</speed_mps>
          <speed_mph>30.0</speed_mph>
        </extensions>
      </trkpt>
      <trkpt lat="52.13825" lon="1.35978">
        <ele>0</ele>
        <time>2026-06-26T08:27:21.844Z</time>
        <name>600</name>
        <extensions>
          <speed_mps>13.411</speed_mps>
          <speed_mph>30.0</speed_mph>
        </extensions>
      </trkpt>
      <trkpt lat="52.13858" lon="1.35988">
        <ele>0</ele>
        <time>2026-06-26T08:27:24.600Z</time>
        <name>601</name>
        <extensions>
          <speed_mps>13.411</speed_mps>
          <speed_mph>30.0</speed_mph>
        </extensions>
      </trkpt>
      <trkpt lat="52.13891" lon="1.35996">
        <ele>0</ele>
        <time>2026-06-26T08:27:27.354Z</time>
        <name>602</name>
        <extensions>
          <speed_mps>13.411</speed_mps>
          <speed_mph>30.0</speed_mph>
        </extensions>
      </trkpt>
      <trkpt lat="52.13924" lon="1.36003">
        <ele>0</ele>
        <time>2026-06-26T08:27:30.110Z</time>
        <name>603</name>
        <extensions>
          <speed_mps>13.411</speed_mps>
          <speed_mph>30.0</speed_mph>
        </extensions>
      </trkpt>
      <trkpt lat="52.13957" lon="1.36011">
        <ele>0</ele>
        <time>2026-06-26T08:27:32.865Z</time>
        <name>604</name>
        <extensions>
          <speed_mps>13.411</speed_mps>
          <speed_mph>30.0</speed_mph>
        </extensions>
      </trkpt>
      <trkpt lat="52.13989" lon="1.36020">
        <ele>0</ele>
        <time>2026-06-26T08:27:35.619Z</time>
        <name>605</name>
        <extensions>
          <speed_mps>13.411</speed_mps>
          <speed_mph>30.0</speed_mph>
        </extensions>
      </trkpt>
      <trkpt lat="52.14022" lon="1.36031">
        <ele>0</ele>
        <time>2026-06-26T08:27:38.375Z</time>
        <name>606</name>
        <extensions>
          <speed_mps>13.411</speed_mps>
          <speed_mph>30.0</speed_mph>
        </extensions>
      </trkpt>
      <trkpt lat="52.14055" lon="1.36042">
        <ele>0</ele>
        <time>2026-06-26T08:27:41.130Z</time>
        <name>607</name>
        <extensions>
          <speed_mps>13.411</speed_mps>
          <speed_mph>30.0</speed_mph>
        </extensions>
      </trkpt>
      <trkpt lat="52.14086" lon="1.36060">
        <ele>0</ele>
        <time>2026-06-26T08:27:43.883Z</time>
        <name>608</name>
        <extensions>
          <speed_mps>13.411</speed_mps>
          <speed_mph>30.0</speed_mph>
        </extensions>
      </trkpt>
      <trkpt lat="52.14117" lon="1.36079">
        <ele>0</ele>
        <time>2026-06-26T08:27:46.638Z</time>
        <name>609</name>
        <extensions>
          <speed_mps>13.411</speed_mps>
          <speed_mph>30.0</speed_mph>
        </extensions>
      </trkpt>
      <trkpt lat="52.14148" lon="1.36100">
        <ele>0</ele>
        <time>2026-06-26T08:27:49.392Z</time>
        <name>610</name>
        <extensions>
          <speed_mps>13.411</speed_mps>
          <speed_mph>30.0</speed_mph>
        </extensions>
      </trkpt>
      <trkpt lat="52.14178" lon="1.36122">
        <ele>0</ele>
        <time>2026-06-26T08:27:52.148Z</time>
        <name>611</name>
        <extensions>
          <speed_mps>13.411</speed_mps>
          <speed_mph>30.0</speed_mph>
        </extensions>
      </trkpt>
      <trkpt lat="52.14208" lon="1.36144">
        <ele>0</ele>
        <time>2026-06-26T08:27:54.903Z</time>
        <name>612</name>
        <extensions>
          <speed_mps>13.411</speed_mps>
          <speed_mph>30.0</speed_mph>
        </extensions>
      </trkpt>
      <trkpt lat="52.14239" lon="1.36166">
        <ele>0</ele>
        <time>2026-06-26T08:27:57.657Z</time>
        <name>613</name>
        <extensions>
          <speed_mps>13.411</speed_mps>
          <speed_mph>30.0</speed_mph>
        </extensions>
      </trkpt>
      <trkpt lat="52.14269" lon="1.36188">
        <ele>0</ele>
        <time>2026-06-26T08:28:00.412Z</time>
        <name>614</name>
        <extensions>
          <speed_mps>13.411</speed_mps>
          <speed_mph>30.0</speed_mph>
        </extensions>
      </trkpt>
      <trkpt lat="52.14300" lon="1.36209">
        <ele>0</ele>
        <time>2026-06-26T08:28:03.167Z</time>
        <name>615</name>
        <extensions>
          <speed_mps>13.411</speed_mps>
          <speed_mph>30.0</speed_mph>
        </extensions>
      </trkpt>
      <trkpt lat="52.14331" lon="1.36229">
        <ele>0</ele>
        <time>2026-06-26T08:28:05.923Z</time>
        <name>616</name>
        <extensions>
          <speed_mps>13.411</speed_mps>
          <speed_mph>30.0</speed_mph>
        </extensions>
      </trkpt>
      <trkpt lat="52.14361" lon="1.36251">
        <ele>0</ele>
        <time>2026-06-26T08:28:08.678Z</time>
        <name>617</name>
        <extensions>
          <speed_mps>13.411</speed_mps>
          <speed_mph>30.0</speed_mph>
        </extensions>
      </trkpt>
      <trkpt lat="52.14393" lon="1.36268">
        <ele>0</ele>
        <time>2026-06-26T08:28:11.432Z</time>
        <name>618</name>
        <extensions>
          <speed_mps>13.411</speed_mps>
          <speed_mph>30.0</speed_mph>
        </extensions>
      </trkpt>
      <trkpt lat="52.14424" lon="1.36283">
        <ele>0</ele>
        <time>2026-06-26T08:28:14.186Z</time>
        <name>619</name>
        <extensions>
          <speed_mps>13.411</speed_mps>
          <speed_mph>30.0</speed_mph>
        </extensions>
      </trkpt>
      <trkpt lat="52.14457" lon="1.36295">
        <ele>0</ele>
        <time>2026-06-26T08:28:16.939Z</time>
        <name>620</name>
        <extensions>
          <speed_mps>13.411</speed_mps>
          <speed_mph>30.0</speed_mph>
        </extensions>
      </trkpt>
      <trkpt lat="52.14490" lon="1.36300">
        <ele>0</ele>
        <time>2026-06-26T08:28:19.694Z</time>
        <name>621</name>
        <extensions>
          <speed_mps>13.411</speed_mps>
          <speed_mph>30.0</speed_mph>
        </extensions>
      </trkpt>
      <trkpt lat="52.14523" lon="1.36303">
        <ele>0</ele>
        <time>2026-06-26T08:28:22.445Z</time>
        <name>622</name>
        <extensions>
          <speed_mps>13.411</speed_mps>
          <speed_mph>30.0</speed_mph>
        </extensions>
      </trkpt>
      <trkpt lat="52.14556" lon="1.36302">
        <ele>0</ele>
        <time>2026-06-26T08:28:25.201Z</time>
        <name>623</name>
        <extensions>
          <speed_mps>13.411</speed_mps>
          <speed_mph>30.0</speed_mph>
        </extensions>
      </trkpt>
      <trkpt lat="52.14589" lon="1.36296">
        <ele>0</ele>
        <time>2026-06-26T08:28:27.952Z</time>
        <name>624</name>
        <extensions>
          <speed_mps>13.411</speed_mps>
          <speed_mph>30.0</speed_mph>
        </extensions>
      </trkpt>
      <trkpt lat="52.14622" lon="1.36289">
        <ele>0</ele>
        <time>2026-06-26T08:28:30.707Z</time>
        <name>625</name>
        <extensions>
          <speed_mps>13.411</speed_mps>
          <speed_mph>30.0</speed_mph>
        </extensions>
      </trkpt>
      <trkpt lat="52.14655" lon="1.36281">
        <ele>0</ele>
        <time>2026-06-26T08:28:33.463Z</time>
        <name>626</name>
        <extensions>
          <speed_mps>13.411</speed_mps>
          <speed_mph>30.0</speed_mph>
        </extensions>
      </trkpt>
      <trkpt lat="52.14688" lon="1.36273">
        <ele>0</ele>
        <time>2026-06-26T08:28:36.218Z</time>
        <name>627</name>
        <extensions>
          <speed_mps>13.411</speed_mps>
          <speed_mph>30.0</speed_mph>
        </extensions>
      </trkpt>
      <trkpt lat="52.14721" lon="1.36267">
        <ele>0</ele>
        <time>2026-06-26T08:28:38.974Z</time>
        <name>628</name>
        <extensions>
          <speed_mps>13.411</speed_mps>
          <speed_mph>30.0</speed_mph>
        </extensions>
      </trkpt>
      <trkpt lat="52.14754" lon="1.36264">
        <ele>0</ele>
        <time>2026-06-26T08:28:41.729Z</time>
        <name>629</name>
        <extensions>
          <speed_mps>13.411</speed_mps>
          <speed_mph>30.0</speed_mph>
        </extensions>
      </trkpt>
      <trkpt lat="52.14787" lon="1.36270">
        <ele>0</ele>
        <time>2026-06-26T08:28:44.483Z</time>
        <name>630</name>
        <extensions>
          <speed_mps>13.411</speed_mps>
          <speed_mph>30.0</speed_mph>
        </extensions>
      </trkpt>
      <trkpt lat="52.14820" lon="1.36278">
        <ele>0</ele>
        <time>2026-06-26T08:28:47.238Z</time>
        <name>631</name>
        <extensions>
          <speed_mps>13.411</speed_mps>
          <speed_mph>30.0</speed_mph>
        </extensions>
      </trkpt>
      <trkpt lat="52.14853" lon="1.36287">
        <ele>0</ele>
        <time>2026-06-26T08:28:49.993Z</time>
        <name>632</name>
        <extensions>
          <speed_mps>13.411</speed_mps>
          <speed_mph>30.0</speed_mph>
        </extensions>
      </trkpt>
      <trkpt lat="52.14886" lon="1.36297">
        <ele>0</ele>
        <time>2026-06-26T08:28:52.749Z</time>
        <name>633</name>
        <extensions>
          <speed_mps>13.411</speed_mps>
          <speed_mph>30.0</speed_mph>
        </extensions>
      </trkpt>
      <trkpt lat="52.14918" lon="1.36306">
        <ele>0</ele>
        <time>2026-06-26T08:28:55.504Z</time>
        <name>634</name>
        <extensions>
          <speed_mps>13.411</speed_mps>
          <speed_mph>30.0</speed_mph>
        </extensions>
      </trkpt>
      <trkpt lat="52.14951" lon="1.36316">
        <ele>0</ele>
        <time>2026-06-26T08:28:58.260Z</time>
        <name>635</name>
        <extensions>
          <speed_mps>13.411</speed_mps>
          <speed_mph>30.0</speed_mph>
        </extensions>
      </trkpt>
      <trkpt lat="52.14984" lon="1.36324">
        <ele>0</ele>
        <time>2026-06-26T08:29:01.015Z</time>
        <name>636</name>
        <extensions>
          <speed_mps>13.411</speed_mps>
          <speed_mph>30.0</speed_mph>
        </extensions>
      </trkpt>
      <trkpt lat="52.15017" lon="1.36332">
        <ele>0</ele>
        <time>2026-06-26T08:29:03.770Z</time>
        <name>637</name>
        <extensions>
          <speed_mps>13.411</speed_mps>
          <speed_mph>30.0</speed_mph>
        </extensions>
      </trkpt>
      <trkpt lat="52.15050" lon="1.36338">
        <ele>0</ele>
        <time>2026-06-26T08:29:06.525Z</time>
        <name>638</name>
        <extensions>
          <speed_mps>13.411</speed_mps>
          <speed_mph>30.0</speed_mph>
        </extensions>
      </trkpt>
      <trkpt lat="52.15083" lon="1.36337">
        <ele>0</ele>
        <time>2026-06-26T08:29:09.278Z</time>
        <name>639</name>
        <extensions>
          <speed_mps>13.411</speed_mps>
          <speed_mph>30.0</speed_mph>
        </extensions>
      </trkpt>
      <trkpt lat="52.15116" lon="1.36335">
        <ele>0</ele>
        <time>2026-06-26T08:29:12.034Z</time>
        <name>640</name>
        <extensions>
          <speed_mps>13.411</speed_mps>
          <speed_mph>30.0</speed_mph>
        </extensions>
      </trkpt>
      <trkpt lat="52.15149" lon="1.36333">
        <ele>0</ele>
        <time>2026-06-26T08:29:14.789Z</time>
        <name>641</name>
        <extensions>
          <speed_mps>13.411</speed_mps>
          <speed_mph>30.0</speed_mph>
        </extensions>
      </trkpt>
      <trkpt lat="52.15183" lon="1.36331">
        <ele>0</ele>
        <time>2026-06-26T08:29:17.544Z</time>
        <name>642</name>
        <extensions>
          <speed_mps>13.411</speed_mps>
          <speed_mph>30.0</speed_mph>
        </extensions>
      </trkpt>
      <trkpt lat="52.15215" lon="1.36323">
        <ele>0</ele>
        <time>2026-06-26T08:29:20.289Z</time>
        <name>643</name>
        <extensions>
          <speed_mps>13.411</speed_mps>
          <speed_mph>30.0</speed_mph>
        </extensions>
      </trkpt>
      <trkpt lat="52.15248" lon="1.36311">
        <ele>0</ele>
        <time>2026-06-26T08:29:23.043Z</time>
        <name>644</name>
        <extensions>
          <speed_mps>13.411</speed_mps>
          <speed_mph>30.0</speed_mph>
        </extensions>
      </trkpt>
      <trkpt lat="52.15281" lon="1.36306">
        <ele>0</ele>
        <time>2026-06-26T08:29:25.798Z</time>
        <name>645</name>
        <extensions>
          <speed_mps>13.411</speed_mps>
          <speed_mph>30.0</speed_mph>
        </extensions>
      </trkpt>
      <trkpt lat="52.15314" lon="1.36308">
        <ele>0</ele>
        <time>2026-06-26T08:29:28.545Z</time>
        <name>646</name>
        <extensions>
          <speed_mps>13.411</speed_mps>
          <speed_mph>30.0</speed_mph>
        </extensions>
      </trkpt>
      <trkpt lat="52.15346" lon="1.36321">
        <ele>0</ele>
        <time>2026-06-26T08:29:31.292Z</time>
        <name>647</name>
        <extensions>
          <speed_mps>13.411</speed_mps>
          <speed_mph>30.0</speed_mph>
        </extensions>
      </trkpt>
      <trkpt lat="52.15378" lon="1.36333">
        <ele>0</ele>
        <time>2026-06-26T08:29:34.048Z</time>
        <name>648</name>
        <extensions>
          <speed_mps>13.411</speed_mps>
          <speed_mph>30.0</speed_mph>
        </extensions>
      </trkpt>
      <trkpt lat="52.15411" lon="1.36345">
        <ele>0</ele>
        <time>2026-06-26T08:29:36.803Z</time>
        <name>649</name>
        <extensions>
          <speed_mps>13.411</speed_mps>
          <speed_mph>30.0</speed_mph>
        </extensions>
      </trkpt>
      <trkpt lat="52.15443" lon="1.36360">
        <ele>0</ele>
        <time>2026-06-26T08:29:39.556Z</time>
        <name>650</name>
        <extensions>
          <speed_mps>13.411</speed_mps>
          <speed_mph>30.0</speed_mph>
        </extensions>
      </trkpt>
      <trkpt lat="52.15474" lon="1.36378">
        <ele>0</ele>
        <time>2026-06-26T08:29:42.312Z</time>
        <name>651</name>
        <extensions>
          <speed_mps>13.411</speed_mps>
          <speed_mph>30.0</speed_mph>
        </extensions>
      </trkpt>
      <trkpt lat="52.15494" lon="1.36406">
        <ele>0</ele>
        <time>2026-06-26T08:29:44.472Z</time>
        <name>652</name>
        <extensions>
          <speed_mps>13.411</speed_mps>
          <speed_mph>30.0</speed_mph>
        </extensions>
      </trkpt>
      <trkpt lat="52.15495" lon="1.36459">
        <ele>0</ele>
        <time>2026-06-26T08:29:47.145Z</time>
        <name>653</name>
        <extensions>
          <speed_mps>13.411</speed_mps>
          <speed_mph>30.0</speed_mph>
        </extensions>
      </trkpt>
      <trkpt lat="52.15475" lon="1.36496">
        <ele>0</ele>
        <time>2026-06-26T08:29:49.664Z</time>
        <name>654</name>
        <extensions>
          <speed_mps>13.411</speed_mps>
          <speed_mph>30.0</speed_mph>
        </extensions>
      </trkpt>
      <trkpt lat="52.15442" lon="1.36507">
        <ele>0</ele>
        <time>2026-06-26T08:29:52.409Z</time>
        <name>655</name>
        <extensions>
          <speed_mps>13.411</speed_mps>
          <speed_mph>30.0</speed_mph>
        </extensions>
      </trkpt>
      <trkpt lat="52.15450" lon="1.36505">
        <ele>0</ele>
        <time>2026-06-26T08:29:53.007Z</time>
        <name>656</name>
        <extensions>
          <speed_mps>13.411</speed_mps>
          <speed_mph>30.0</speed_mph>
        </extensions>
      </trkpt>
      <trkpt lat="52.15482" lon="1.36492">
        <ele>0</ele>
        <time>2026-06-26T08:29:55.752Z</time>
        <name>657</name>
        <extensions>
          <speed_mps>13.411</speed_mps>
          <speed_mph>30.0</speed_mph>
        </extensions>
      </trkpt>
      <trkpt lat="52.15495" lon="1.36447">
        <ele>0</ele>
        <time>2026-06-26T08:29:58.281Z</time>
        <name>658</name>
        <extensions>
          <speed_mps>13.411</speed_mps>
          <speed_mph>30.0</speed_mph>
        </extensions>
      </trkpt>
      <trkpt lat="52.15495" lon="1.36395">
        <ele>0</ele>
        <time>2026-06-26T08:30:00.941Z</time>
        <name>659</name>
        <extensions>
          <speed_mps>13.411</speed_mps>
          <speed_mph>30.0</speed_mph>
        </extensions>
      </trkpt>
      <trkpt lat="52.15525" lon="1.36405">
        <ele>0</ele>
        <time>2026-06-26T08:30:03.439Z</time>
        <name>660</name>
        <extensions>
          <speed_mps>13.411</speed_mps>
          <speed_mph>30.0</speed_mph>
        </extensions>
      </trkpt>
      <trkpt lat="52.15556" lon="1.36422">
        <ele>0</ele>
        <time>2026-06-26T08:30:06.193Z</time>
        <name>661</name>
        <extensions>
          <speed_mps>13.411</speed_mps>
          <speed_mph>30.0</speed_mph>
        </extensions>
      </trkpt>
      <trkpt lat="52.15587" lon="1.36443">
        <ele>0</ele>
        <time>2026-06-26T08:30:08.942Z</time>
        <name>662</name>
        <extensions>
          <speed_mps>13.411</speed_mps>
          <speed_mph>30.0</speed_mph>
        </extensions>
      </trkpt>
      <trkpt lat="52.15616" lon="1.36469">
        <ele>0</ele>
        <time>2026-06-26T08:30:11.697Z</time>
        <name>663</name>
        <extensions>
          <speed_mps>13.411</speed_mps>
          <speed_mph>30.0</speed_mph>
        </extensions>
      </trkpt>
      <trkpt lat="52.15644" lon="1.36499">
        <ele>0</ele>
        <time>2026-06-26T08:30:14.452Z</time>
        <name>664</name>
        <extensions>
          <speed_mps>13.411</speed_mps>
          <speed_mph>30.0</speed_mph>
        </extensions>
      </trkpt>
      <trkpt lat="52.15671" lon="1.36530">
        <ele>0</ele>
        <time>2026-06-26T08:30:17.207Z</time>
        <name>665</name>
        <extensions>
          <speed_mps>13.411</speed_mps>
          <speed_mph>30.0</speed_mph>
        </extensions>
      </trkpt>
      <trkpt lat="52.15696" lon="1.36565">
        <ele>0</ele>
        <time>2026-06-26T08:30:19.958Z</time>
        <name>666</name>
        <extensions>
          <speed_mps>13.411</speed_mps>
          <speed_mph>30.0</speed_mph>
        </extensions>
      </trkpt>
      <trkpt lat="52.15713" lon="1.36610">
        <ele>0</ele>
        <time>2026-06-26T08:30:22.653Z</time>
        <name>667</name>
        <extensions>
          <speed_mps>13.411</speed_mps>
          <speed_mph>30.0</speed_mph>
        </extensions>
      </trkpt>
      <trkpt lat="52.15721" lon="1.36663">
        <ele>0</ele>
        <time>2026-06-26T08:30:25.407Z</time>
        <name>668</name>
        <extensions>
          <speed_mps>13.411</speed_mps>
          <speed_mph>30.0</speed_mph>
        </extensions>
      </trkpt>
      <trkpt lat="52.15735" lon="1.36712">
        <ele>0</ele>
        <time>2026-06-26T08:30:28.159Z</time>
        <name>669</name>
        <extensions>
          <speed_mps>13.411</speed_mps>
          <speed_mph>30.0</speed_mph>
        </extensions>
      </trkpt>
      <trkpt lat="52.15751" lon="1.36760">
        <ele>0</ele>
        <time>2026-06-26T08:30:30.915Z</time>
        <name>670</name>
        <extensions>
          <speed_mps>13.411</speed_mps>
          <speed_mph>30.0</speed_mph>
        </extensions>
      </trkpt>
      <trkpt lat="52.15766" lon="1.36807">
        <ele>0</ele>
        <time>2026-06-26T08:30:33.670Z</time>
        <name>671</name>
        <extensions>
          <speed_mps>13.411</speed_mps>
          <speed_mph>30.0</speed_mph>
        </extensions>
      </trkpt>
      <trkpt lat="52.15781" lon="1.36856">
        <ele>0</ele>
        <time>2026-06-26T08:30:36.426Z</time>
        <name>672</name>
        <extensions>
          <speed_mps>13.411</speed_mps>
          <speed_mph>30.0</speed_mph>
        </extensions>
      </trkpt>
      <trkpt lat="52.15800" lon="1.36901">
        <ele>0</ele>
        <time>2026-06-26T08:30:39.181Z</time>
        <name>673</name>
        <extensions>
          <speed_mps>13.411</speed_mps>
          <speed_mph>30.0</speed_mph>
        </extensions>
      </trkpt>
      <trkpt lat="52.15819" lon="1.36946">
        <ele>0</ele>
        <time>2026-06-26T08:30:41.936Z</time>
        <name>674</name>
        <extensions>
          <speed_mps>13.411</speed_mps>
          <speed_mph>30.0</speed_mph>
        </extensions>
      </trkpt>
      <trkpt lat="52.15837" lon="1.36990">
        <ele>0</ele>
        <time>2026-06-26T08:30:44.692Z</time>
        <name>675</name>
        <extensions>
          <speed_mps>13.411</speed_mps>
          <speed_mph>30.0</speed_mph>
        </extensions>
      </trkpt>
      <trkpt lat="52.15856" lon="1.37036">
        <ele>0</ele>
        <time>2026-06-26T08:30:47.446Z</time>
        <name>676</name>
        <extensions>
          <speed_mps>13.411</speed_mps>
          <speed_mph>30.0</speed_mph>
        </extensions>
      </trkpt>
      <trkpt lat="52.15868" lon="1.37086">
        <ele>0</ele>
        <time>2026-06-26T08:30:50.190Z</time>
        <name>677</name>
        <extensions>
          <speed_mps>13.411</speed_mps>
          <speed_mph>30.0</speed_mph>
        </extensions>
      </trkpt>
      <trkpt lat="52.15877" lon="1.37138">
        <ele>0</ele>
        <time>2026-06-26T08:30:52.940Z</time>
        <name>678</name>
        <extensions>
          <speed_mps>13.411</speed_mps>
          <speed_mph>30.0</speed_mph>
        </extensions>
      </trkpt>
      <trkpt lat="52.15889" lon="1.37188">
        <ele>0</ele>
        <time>2026-06-26T08:30:55.696Z</time>
        <name>679</name>
        <extensions>
          <speed_mps>13.411</speed_mps>
          <speed_mph>30.0</speed_mph>
        </extensions>
      </trkpt>
      <trkpt lat="52.15903" lon="1.37237">
        <ele>0</ele>
        <time>2026-06-26T08:30:58.451Z</time>
        <name>680</name>
        <extensions>
          <speed_mps>13.411</speed_mps>
          <speed_mph>30.0</speed_mph>
        </extensions>
      </trkpt>
      <trkpt lat="52.15917" lon="1.37287">
        <ele>0</ele>
        <time>2026-06-26T08:31:01.207Z</time>
        <name>681</name>
        <extensions>
          <speed_mps>13.411</speed_mps>
          <speed_mph>30.0</speed_mph>
        </extensions>
      </trkpt>
      <trkpt lat="52.15930" lon="1.37336">
        <ele>0</ele>
        <time>2026-06-26T08:31:03.961Z</time>
        <name>682</name>
        <extensions>
          <speed_mps>13.411</speed_mps>
          <speed_mph>30.0</speed_mph>
        </extensions>
      </trkpt>
      <trkpt lat="52.15942" lon="1.37387">
        <ele>0</ele>
        <time>2026-06-26T08:31:06.717Z</time>
        <name>683</name>
        <extensions>
          <speed_mps>13.411</speed_mps>
          <speed_mph>30.0</speed_mph>
        </extensions>
      </trkpt>
      <trkpt lat="52.15954" lon="1.37437">
        <ele>0</ele>
        <time>2026-06-26T08:31:09.472Z</time>
        <name>684</name>
        <extensions>
          <speed_mps>13.411</speed_mps>
          <speed_mph>30.0</speed_mph>
        </extensions>
      </trkpt>
      <trkpt lat="52.15967" lon="1.37487">
        <ele>0</ele>
        <time>2026-06-26T08:31:12.228Z</time>
        <name>685</name>
        <extensions>
          <speed_mps>13.411</speed_mps>
          <speed_mph>30.0</speed_mph>
        </extensions>
      </trkpt>
      <trkpt lat="52.15979" lon="1.37537">
        <ele>0</ele>
        <time>2026-06-26T08:31:14.983Z</time>
        <name>686</name>
        <extensions>
          <speed_mps>13.411</speed_mps>
          <speed_mph>30.0</speed_mph>
        </extensions>
      </trkpt>
      <trkpt lat="52.15993" lon="1.37587">
        <ele>0</ele>
        <time>2026-06-26T08:31:17.738Z</time>
        <name>687</name>
        <extensions>
          <speed_mps>13.411</speed_mps>
          <speed_mph>30.0</speed_mph>
        </extensions>
      </trkpt>
      <trkpt lat="52.16010" lon="1.37634">
        <ele>0</ele>
        <time>2026-06-26T08:31:20.494Z</time>
        <name>688</name>
        <extensions>
          <speed_mps>13.411</speed_mps>
          <speed_mph>30.0</speed_mph>
        </extensions>
      </trkpt>
      <trkpt lat="52.16028" lon="1.37679">
        <ele>0</ele>
        <time>2026-06-26T08:31:23.249Z</time>
        <name>689</name>
        <extensions>
          <speed_mps>13.411</speed_mps>
          <speed_mph>30.0</speed_mph>
        </extensions>
      </trkpt>
      <trkpt lat="52.16048" lon="1.37722">
        <ele>0</ele>
        <time>2026-06-26T08:31:26.000Z</time>
        <name>690</name>
        <extensions>
          <speed_mps>13.411</speed_mps>
          <speed_mph>30.0</speed_mph>
        </extensions>
      </trkpt>
      <trkpt lat="52.16069" lon="1.37764">
        <ele>0</ele>
        <time>2026-06-26T08:31:28.755Z</time>
        <name>691</name>
        <extensions>
          <speed_mps>13.411</speed_mps>
          <speed_mph>30.0</speed_mph>
        </extensions>
      </trkpt>
      <trkpt lat="52.16090" lon="1.37805">
        <ele>0</ele>
        <time>2026-06-26T08:31:31.511Z</time>
        <name>692</name>
        <extensions>
          <speed_mps>13.411</speed_mps>
          <speed_mph>30.0</speed_mph>
        </extensions>
      </trkpt>
      <trkpt lat="52.16111" lon="1.37848">
        <ele>0</ele>
        <time>2026-06-26T08:31:34.266Z</time>
        <name>693</name>
        <extensions>
          <speed_mps>13.411</speed_mps>
          <speed_mph>30.0</speed_mph>
        </extensions>
      </trkpt>
      <trkpt lat="52.16136" lon="1.37883">
        <ele>0</ele>
        <time>2026-06-26T08:31:36.991Z</time>
        <name>694</name>
        <extensions>
          <speed_mps>13.411</speed_mps>
          <speed_mph>30.0</speed_mph>
        </extensions>
      </trkpt>
      <trkpt lat="52.16161" lon="1.37914">
        <ele>0</ele>
        <time>2026-06-26T08:31:39.613Z</time>
        <name>695</name>
        <extensions>
          <speed_mps>13.411</speed_mps>
          <speed_mph>30.0</speed_mph>
        </extensions>
      </trkpt>
      <trkpt lat="52.16168" lon="1.37964">
        <ele>0</ele>
        <time>2026-06-26T08:31:42.256Z</time>
        <name>696</name>
        <extensions>
          <speed_mps>13.411</speed_mps>
          <speed_mph>30.0</speed_mph>
        </extensions>
      </trkpt>
      <trkpt lat="52.16188" lon="1.38008">
        <ele>0</ele>
        <time>2026-06-26T08:31:45.010Z</time>
        <name>697</name>
        <extensions>
          <speed_mps>13.411</speed_mps>
          <speed_mph>30.0</speed_mph>
        </extensions>
      </trkpt>
      <trkpt lat="52.16207" lon="1.38052">
        <ele>0</ele>
        <time>2026-06-26T08:31:47.765Z</time>
        <name>698</name>
        <extensions>
          <speed_mps>13.411</speed_mps>
          <speed_mph>30.0</speed_mph>
        </extensions>
      </trkpt>
      <trkpt lat="52.16227" lon="1.38096">
        <ele>0</ele>
        <time>2026-06-26T08:31:50.520Z</time>
        <name>699</name>
        <extensions>
          <speed_mps>13.411</speed_mps>
          <speed_mph>30.0</speed_mph>
        </extensions>
      </trkpt>
      <trkpt lat="52.16246" lon="1.38141">
        <ele>0</ele>
        <time>2026-06-26T08:31:53.275Z</time>
        <name>700</name>
        <extensions>
          <speed_mps>13.411</speed_mps>
          <speed_mph>30.0</speed_mph>
        </extensions>
      </trkpt>
      <trkpt lat="52.16262" lon="1.38188">
        <ele>0</ele>
        <time>2026-06-26T08:31:56.029Z</time>
        <name>701</name>
        <extensions>
          <speed_mps>13.411</speed_mps>
          <speed_mph>30.0</speed_mph>
        </extensions>
      </trkpt>
      <trkpt lat="52.16277" lon="1.38236">
        <ele>0</ele>
        <time>2026-06-26T08:31:58.784Z</time>
        <name>702</name>
        <extensions>
          <speed_mps>13.411</speed_mps>
          <speed_mph>30.0</speed_mph>
        </extensions>
      </trkpt>
      <trkpt lat="52.16289" lon="1.38286">
        <ele>0</ele>
        <time>2026-06-26T08:32:01.539Z</time>
        <name>703</name>
        <extensions>
          <speed_mps>13.411</speed_mps>
          <speed_mph>30.0</speed_mph>
        </extensions>
      </trkpt>
      <trkpt lat="52.16302" lon="1.38337">
        <ele>0</ele>
        <time>2026-06-26T08:32:04.294Z</time>
        <name>704</name>
        <extensions>
          <speed_mps>13.411</speed_mps>
          <speed_mph>30.0</speed_mph>
        </extensions>
      </trkpt>
      <trkpt lat="52.16314" lon="1.38387">
        <ele>0</ele>
        <time>2026-06-26T08:32:07.050Z</time>
        <name>705</name>
        <extensions>
          <speed_mps>13.411</speed_mps>
          <speed_mph>30.0</speed_mph>
        </extensions>
      </trkpt>
      <trkpt lat="52.16328" lon="1.38436">
        <ele>0</ele>
        <time>2026-06-26T08:32:09.804Z</time>
        <name>706</name>
        <extensions>
          <speed_mps>13.411</speed_mps>
          <speed_mph>30.0</speed_mph>
        </extensions>
      </trkpt>
      <trkpt lat="52.16343" lon="1.38485">
        <ele>0</ele>
        <time>2026-06-26T08:32:12.558Z</time>
        <name>707</name>
        <extensions>
          <speed_mps>13.411</speed_mps>
          <speed_mph>30.0</speed_mph>
        </extensions>
      </trkpt>
      <trkpt lat="52.16359" lon="1.38531">
        <ele>0</ele>
        <time>2026-06-26T08:32:15.313Z</time>
        <name>708</name>
        <extensions>
          <speed_mps>13.411</speed_mps>
          <speed_mph>30.0</speed_mph>
        </extensions>
      </trkpt>
      <trkpt lat="52.16378" lon="1.38576">
        <ele>0</ele>
        <time>2026-06-26T08:32:18.068Z</time>
        <name>709</name>
        <extensions>
          <speed_mps>13.411</speed_mps>
          <speed_mph>30.0</speed_mph>
        </extensions>
      </trkpt>
      <trkpt lat="52.16397" lon="1.38620">
        <ele>0</ele>
        <time>2026-06-26T08:32:20.823Z</time>
        <name>710</name>
        <extensions>
          <speed_mps>13.411</speed_mps>
          <speed_mph>30.0</speed_mph>
        </extensions>
      </trkpt>
      <trkpt lat="52.16414" lon="1.38667">
        <ele>0</ele>
        <time>2026-06-26T08:32:23.579Z</time>
        <name>711</name>
        <extensions>
          <speed_mps>13.411</speed_mps>
          <speed_mph>30.0</speed_mph>
        </extensions>
      </trkpt>
      <trkpt lat="52.16432" lon="1.38713">
        <ele>0</ele>
        <time>2026-06-26T08:32:26.334Z</time>
        <name>712</name>
        <extensions>
          <speed_mps>13.411</speed_mps>
          <speed_mph>30.0</speed_mph>
        </extensions>
      </trkpt>
      <trkpt lat="52.16449" lon="1.38760">
        <ele>0</ele>
        <time>2026-06-26T08:32:29.090Z</time>
        <name>713</name>
        <extensions>
          <speed_mps>13.411</speed_mps>
          <speed_mph>30.0</speed_mph>
        </extensions>
      </trkpt>
      <trkpt lat="52.16466" lon="1.38806">
        <ele>0</ele>
        <time>2026-06-26T08:32:31.845Z</time>
        <name>714</name>
        <extensions>
          <speed_mps>13.411</speed_mps>
          <speed_mph>30.0</speed_mph>
        </extensions>
      </trkpt>
      <trkpt lat="52.16482" lon="1.38853">
        <ele>0</ele>
        <time>2026-06-26T08:32:34.600Z</time>
        <name>715</name>
        <extensions>
          <speed_mps>13.411</speed_mps>
          <speed_mph>30.0</speed_mph>
        </extensions>
      </trkpt>
      <trkpt lat="52.16499" lon="1.38900">
        <ele>0</ele>
        <time>2026-06-26T08:32:37.355Z</time>
        <name>716</name>
        <extensions>
          <speed_mps>13.411</speed_mps>
          <speed_mph>30.0</speed_mph>
        </extensions>
      </trkpt>
      <trkpt lat="52.16511" lon="1.38951">
        <ele>0</ele>
        <time>2026-06-26T08:32:40.094Z</time>
        <name>717</name>
        <extensions>
          <speed_mps>13.411</speed_mps>
          <speed_mph>30.0</speed_mph>
        </extensions>
      </trkpt>
      <trkpt lat="52.16526" lon="1.38999">
        <ele>0</ele>
        <time>2026-06-26T08:32:42.850Z</time>
        <name>718</name>
        <extensions>
          <speed_mps>13.411</speed_mps>
          <speed_mph>30.0</speed_mph>
        </extensions>
      </trkpt>
      <trkpt lat="52.16541" lon="1.39047">
        <ele>0</ele>
        <time>2026-06-26T08:32:45.605Z</time>
        <name>719</name>
        <extensions>
          <speed_mps>13.411</speed_mps>
          <speed_mph>30.0</speed_mph>
        </extensions>
      </trkpt>
      <trkpt lat="52.16555" lon="1.39096">
        <ele>0</ele>
        <time>2026-06-26T08:32:48.360Z</time>
        <name>720</name>
        <extensions>
          <speed_mps>13.411</speed_mps>
          <speed_mph>30.0</speed_mph>
        </extensions>
      </trkpt>
      <trkpt lat="52.16569" lon="1.39145">
        <ele>0</ele>
        <time>2026-06-26T08:32:51.116Z</time>
        <name>721</name>
        <extensions>
          <speed_mps>13.411</speed_mps>
          <speed_mph>30.0</speed_mph>
        </extensions>
      </trkpt>
      <trkpt lat="52.16583" lon="1.39195">
        <ele>0</ele>
        <time>2026-06-26T08:32:53.871Z</time>
        <name>722</name>
        <extensions>
          <speed_mps>13.411</speed_mps>
          <speed_mph>30.0</speed_mph>
        </extensions>
      </trkpt>
      <trkpt lat="52.16596" lon="1.39244">
        <ele>0</ele>
        <time>2026-06-26T08:32:56.627Z</time>
        <name>723</name>
        <extensions>
          <speed_mps>13.411</speed_mps>
          <speed_mph>30.0</speed_mph>
        </extensions>
      </trkpt>
      <trkpt lat="52.16610" lon="1.39294">
        <ele>0</ele>
        <time>2026-06-26T08:32:59.382Z</time>
        <name>724</name>
        <extensions>
          <speed_mps>13.411</speed_mps>
          <speed_mph>30.0</speed_mph>
        </extensions>
      </trkpt>
      <trkpt lat="52.16623" lon="1.39343">
        <ele>0</ele>
        <time>2026-06-26T08:33:02.137Z</time>
        <name>725</name>
        <extensions>
          <speed_mps>13.411</speed_mps>
          <speed_mph>30.0</speed_mph>
        </extensions>
      </trkpt>
      <trkpt lat="52.16637" lon="1.39392">
        <ele>0</ele>
        <time>2026-06-26T08:33:04.892Z</time>
        <name>726</name>
        <extensions>
          <speed_mps>13.411</speed_mps>
          <speed_mph>30.0</speed_mph>
        </extensions>
      </trkpt>
      <trkpt lat="52.16653" lon="1.39440">
        <ele>0</ele>
        <time>2026-06-26T08:33:07.647Z</time>
        <name>727</name>
        <extensions>
          <speed_mps>13.411</speed_mps>
          <speed_mph>30.0</speed_mph>
        </extensions>
      </trkpt>
      <trkpt lat="52.16668" lon="1.39488">
        <ele>0</ele>
        <time>2026-06-26T08:33:10.403Z</time>
        <name>728</name>
        <extensions>
          <speed_mps>13.411</speed_mps>
          <speed_mph>30.0</speed_mph>
        </extensions>
      </trkpt>
      <trkpt lat="52.16688" lon="1.39532">
        <ele>0</ele>
        <time>2026-06-26T08:33:13.158Z</time>
        <name>729</name>
        <extensions>
          <speed_mps>13.411</speed_mps>
          <speed_mph>30.0</speed_mph>
        </extensions>
      </trkpt>
      <trkpt lat="52.16707" lon="1.39577">
        <ele>0</ele>
        <time>2026-06-26T08:33:15.914Z</time>
        <name>730</name>
        <extensions>
          <speed_mps>13.411</speed_mps>
          <speed_mph>30.0</speed_mph>
        </extensions>
      </trkpt>
      <trkpt lat="52.16726" lon="1.39621">
        <ele>0</ele>
        <time>2026-06-26T08:33:18.669Z</time>
        <name>731</name>
        <extensions>
          <speed_mps>13.411</speed_mps>
          <speed_mph>30.0</speed_mph>
        </extensions>
      </trkpt>
      <trkpt lat="52.16745" lon="1.39665">
        <ele>0</ele>
        <time>2026-06-26T08:33:21.425Z</time>
        <name>732</name>
        <extensions>
          <speed_mps>13.411</speed_mps>
          <speed_mph>30.0</speed_mph>
        </extensions>
      </trkpt>
      <trkpt lat="52.16764" lon="1.39710">
        <ele>0</ele>
        <time>2026-06-26T08:33:24.180Z</time>
        <name>733</name>
        <extensions>
          <speed_mps>13.411</speed_mps>
          <speed_mph>30.0</speed_mph>
        </extensions>
      </trkpt>
      <trkpt lat="52.16781" lon="1.39756">
        <ele>0</ele>
        <time>2026-06-26T08:33:26.934Z</time>
        <name>734</name>
        <extensions>
          <speed_mps>13.411</speed_mps>
          <speed_mph>30.0</speed_mph>
        </extensions>
      </trkpt>
      <trkpt lat="52.16797" lon="1.39804">
        <ele>0</ele>
        <time>2026-06-26T08:33:29.685Z</time>
        <name>735</name>
        <extensions>
          <speed_mps>13.411</speed_mps>
          <speed_mph>30.0</speed_mph>
        </extensions>
      </trkpt>
      <trkpt lat="52.16810" lon="1.39854">
        <ele>0</ele>
        <time>2026-06-26T08:33:32.440Z</time>
        <name>736</name>
        <extensions>
          <speed_mps>13.411</speed_mps>
          <speed_mph>30.0</speed_mph>
        </extensions>
      </trkpt>
      <trkpt lat="52.16821" lon="1.39905">
        <ele>0</ele>
        <time>2026-06-26T08:33:35.192Z</time>
        <name>737</name>
        <extensions>
          <speed_mps>13.411</speed_mps>
          <speed_mph>30.0</speed_mph>
        </extensions>
      </trkpt>
      <trkpt lat="52.16829" lon="1.39957">
        <ele>0</ele>
        <time>2026-06-26T08:33:37.948Z</time>
        <name>738</name>
        <extensions>
          <speed_mps>13.411</speed_mps>
          <speed_mph>30.0</speed_mph>
        </extensions>
      </trkpt>
      <trkpt lat="52.16837" lon="1.40010">
        <ele>0</ele>
        <time>2026-06-26T08:33:40.703Z</time>
        <name>739</name>
        <extensions>
          <speed_mps>13.411</speed_mps>
          <speed_mph>30.0</speed_mph>
        </extensions>
      </trkpt>
      <trkpt lat="52.16846" lon="1.40062">
        <ele>0</ele>
        <time>2026-06-26T08:33:43.458Z</time>
        <name>740</name>
        <extensions>
          <speed_mps>13.411</speed_mps>
          <speed_mph>30.0</speed_mph>
        </extensions>
      </trkpt>
      <trkpt lat="52.16856" lon="1.40113">
        <ele>0</ele>
        <time>2026-06-26T08:33:46.212Z</time>
        <name>741</name>
        <extensions>
          <speed_mps>13.411</speed_mps>
          <speed_mph>30.0</speed_mph>
        </extensions>
      </trkpt>
      <trkpt lat="52.16870" lon="1.40162">
        <ele>0</ele>
        <time>2026-06-26T08:33:48.966Z</time>
        <name>742</name>
        <extensions>
          <speed_mps>13.411</speed_mps>
          <speed_mph>30.0</speed_mph>
        </extensions>
      </trkpt>
      <trkpt lat="52.16887" lon="1.40209">
        <ele>0</ele>
        <time>2026-06-26T08:33:51.722Z</time>
        <name>743</name>
        <extensions>
          <speed_mps>13.411</speed_mps>
          <speed_mph>30.0</speed_mph>
        </extensions>
      </trkpt>
      <trkpt lat="52.16904" lon="1.40256">
        <ele>0</ele>
        <time>2026-06-26T08:33:54.477Z</time>
        <name>744</name>
        <extensions>
          <speed_mps>13.411</speed_mps>
          <speed_mph>30.0</speed_mph>
        </extensions>
      </trkpt>
      <trkpt lat="52.16920" lon="1.40303">
        <ele>0</ele>
        <time>2026-06-26T08:33:57.232Z</time>
        <name>745</name>
        <extensions>
          <speed_mps>13.411</speed_mps>
          <speed_mph>30.0</speed_mph>
        </extensions>
      </trkpt>
      <trkpt lat="52.16935" lon="1.40351">
        <ele>0</ele>
        <time>2026-06-26T08:33:59.985Z</time>
        <name>746</name>
        <extensions>
          <speed_mps>13.411</speed_mps>
          <speed_mph>30.0</speed_mph>
        </extensions>
      </trkpt>
      <trkpt lat="52.16948" lon="1.40402">
        <ele>0</ele>
        <time>2026-06-26T08:34:02.741Z</time>
        <name>747</name>
        <extensions>
          <speed_mps>13.411</speed_mps>
          <speed_mph>30.0</speed_mph>
        </extensions>
      </trkpt>
      <trkpt lat="52.16961" lon="1.40452">
        <ele>0</ele>
        <time>2026-06-26T08:34:05.496Z</time>
        <name>748</name>
        <extensions>
          <speed_mps>13.411</speed_mps>
          <speed_mph>30.0</speed_mph>
        </extensions>
      </trkpt>
      <trkpt lat="52.16973" lon="1.40502">
        <ele>0</ele>
        <time>2026-06-26T08:34:08.252Z</time>
        <name>749</name>
        <extensions>
          <speed_mps>13.411</speed_mps>
          <speed_mph>30.0</speed_mph>
        </extensions>
      </trkpt>
      <trkpt lat="52.16986" lon="1.40552">
        <ele>0</ele>
        <time>2026-06-26T08:34:11.007Z</time>
        <name>750</name>
        <extensions>
          <speed_mps>13.411</speed_mps>
          <speed_mph>30.0</speed_mph>
        </extensions>
      </trkpt>
      <trkpt lat="52.16998" lon="1.40602">
        <ele>0</ele>
        <time>2026-06-26T08:34:13.763Z</time>
        <name>751</name>
        <extensions>
          <speed_mps>13.411</speed_mps>
          <speed_mph>30.0</speed_mph>
        </extensions>
      </trkpt>
      <trkpt lat="52.17010" lon="1.40653">
        <ele>0</ele>
        <time>2026-06-26T08:34:16.518Z</time>
        <name>752</name>
        <extensions>
          <speed_mps>13.411</speed_mps>
          <speed_mph>30.0</speed_mph>
        </extensions>
      </trkpt>
      <trkpt lat="52.17023" lon="1.40703">
        <ele>0</ele>
        <time>2026-06-26T08:34:19.274Z</time>
        <name>753</name>
        <extensions>
          <speed_mps>13.411</speed_mps>
          <speed_mph>30.0</speed_mph>
        </extensions>
      </trkpt>
      <trkpt lat="52.17032" lon="1.40755">
        <ele>0</ele>
        <time>2026-06-26T08:34:22.019Z</time>
        <name>754</name>
        <extensions>
          <speed_mps>13.411</speed_mps>
          <speed_mph>30.0</speed_mph>
        </extensions>
      </trkpt>
      <trkpt lat="52.17035" lon="1.40809">
        <ele>0</ele>
        <time>2026-06-26T08:34:24.769Z</time>
        <name>755</name>
        <extensions>
          <speed_mps>13.411</speed_mps>
          <speed_mph>30.0</speed_mph>
        </extensions>
      </trkpt>
      <trkpt lat="52.17035" lon="1.40863">
        <ele>0</ele>
        <time>2026-06-26T08:34:27.522Z</time>
        <name>756</name>
        <extensions>
          <speed_mps>13.411</speed_mps>
          <speed_mph>30.0</speed_mph>
        </extensions>
      </trkpt>
      <trkpt lat="52.17034" lon="1.40917">
        <ele>0</ele>
        <time>2026-06-26T08:34:30.277Z</time>
        <name>757</name>
        <extensions>
          <speed_mps>13.411</speed_mps>
          <speed_mph>30.0</speed_mph>
        </extensions>
      </trkpt>
      <trkpt lat="52.17033" lon="1.40971">
        <ele>0</ele>
        <time>2026-06-26T08:34:33.033Z</time>
        <name>758</name>
        <extensions>
          <speed_mps>13.411</speed_mps>
          <speed_mph>30.0</speed_mph>
        </extensions>
      </trkpt>
      <trkpt lat="52.17035" lon="1.41025">
        <ele>0</ele>
        <time>2026-06-26T08:34:35.785Z</time>
        <name>759</name>
        <extensions>
          <speed_mps>13.411</speed_mps>
          <speed_mph>30.0</speed_mph>
        </extensions>
      </trkpt>
      <trkpt lat="52.17038" lon="1.41079">
        <ele>0</ele>
        <time>2026-06-26T08:34:38.539Z</time>
        <name>760</name>
        <extensions>
          <speed_mps>13.411</speed_mps>
          <speed_mph>30.0</speed_mph>
        </extensions>
      </trkpt>
      <trkpt lat="52.17047" lon="1.41131">
        <ele>0</ele>
        <time>2026-06-26T08:34:41.283Z</time>
        <name>761</name>
        <extensions>
          <speed_mps>13.411</speed_mps>
          <speed_mph>30.0</speed_mph>
        </extensions>
      </trkpt>
      <trkpt lat="52.17060" lon="1.41181">
        <ele>0</ele>
        <time>2026-06-26T08:34:44.036Z</time>
        <name>762</name>
        <extensions>
          <speed_mps>13.411</speed_mps>
          <speed_mph>30.0</speed_mph>
        </extensions>
      </trkpt>
      <trkpt lat="52.17074" lon="1.41230">
        <ele>0</ele>
        <time>2026-06-26T08:34:46.792Z</time>
        <name>763</name>
        <extensions>
          <speed_mps>13.411</speed_mps>
          <speed_mph>30.0</speed_mph>
        </extensions>
      </trkpt>
      <trkpt lat="52.17091" lon="1.41277">
        <ele>0</ele>
        <time>2026-06-26T08:34:49.547Z</time>
        <name>764</name>
        <extensions>
          <speed_mps>13.411</speed_mps>
          <speed_mph>30.0</speed_mph>
        </extensions>
      </trkpt>
      <trkpt lat="52.17107" lon="1.41324">
        <ele>0</ele>
        <time>2026-06-26T08:34:52.303Z</time>
        <name>765</name>
        <extensions>
          <speed_mps>13.411</speed_mps>
          <speed_mph>30.0</speed_mph>
        </extensions>
      </trkpt>
      <trkpt lat="52.17125" lon="1.41370">
        <ele>0</ele>
        <time>2026-06-26T08:34:55.058Z</time>
        <name>766</name>
        <extensions>
          <speed_mps>13.411</speed_mps>
          <speed_mph>30.0</speed_mph>
        </extensions>
      </trkpt>
      <trkpt lat="52.17142" lon="1.41416">
        <ele>0</ele>
        <time>2026-06-26T08:34:57.813Z</time>
        <name>767</name>
        <extensions>
          <speed_mps>13.411</speed_mps>
          <speed_mph>30.0</speed_mph>
        </extensions>
      </trkpt>
      <trkpt lat="52.17160" lon="1.41462">
        <ele>0</ele>
        <time>2026-06-26T08:35:00.569Z</time>
        <name>768</name>
        <extensions>
          <speed_mps>13.411</speed_mps>
          <speed_mph>30.0</speed_mph>
        </extensions>
      </trkpt>
      <trkpt lat="52.17176" lon="1.41509">
        <ele>0</ele>
        <time>2026-06-26T08:35:03.324Z</time>
        <name>769</name>
        <extensions>
          <speed_mps>13.411</speed_mps>
          <speed_mph>30.0</speed_mph>
        </extensions>
      </trkpt>
      <trkpt lat="52.17191" lon="1.41557">
        <ele>0</ele>
        <time>2026-06-26T08:35:06.079Z</time>
        <name>770</name>
        <extensions>
          <speed_mps>13.411</speed_mps>
          <speed_mph>30.0</speed_mph>
        </extensions>
      </trkpt>
      <trkpt lat="52.17204" lon="1.41608">
        <ele>0</ele>
        <time>2026-06-26T08:35:08.831Z</time>
        <name>771</name>
        <extensions>
          <speed_mps>13.411</speed_mps>
          <speed_mph>30.0</speed_mph>
        </extensions>
      </trkpt>
      <trkpt lat="52.17213" lon="1.41659">
        <ele>0</ele>
        <time>2026-06-26T08:35:11.586Z</time>
        <name>772</name>
        <extensions>
          <speed_mps>13.411</speed_mps>
          <speed_mph>30.0</speed_mph>
        </extensions>
      </trkpt>
      <trkpt lat="52.17218" lon="1.41713">
        <ele>0</ele>
        <time>2026-06-26T08:35:14.341Z</time>
        <name>773</name>
        <extensions>
          <speed_mps>13.411</speed_mps>
          <speed_mph>30.0</speed_mph>
        </extensions>
      </trkpt>
      <trkpt lat="52.17222" lon="1.41767">
        <ele>0</ele>
        <time>2026-06-26T08:35:17.097Z</time>
        <name>774</name>
        <extensions>
          <speed_mps>13.411</speed_mps>
          <speed_mph>30.0</speed_mph>
        </extensions>
      </trkpt>
      <trkpt lat="52.17226" lon="1.41821">
        <ele>0</ele>
        <time>2026-06-26T08:35:19.852Z</time>
        <name>775</name>
        <extensions>
          <speed_mps>13.411</speed_mps>
          <speed_mph>30.0</speed_mph>
        </extensions>
      </trkpt>
      <trkpt lat="52.17230" lon="1.41874">
        <ele>0</ele>
        <time>2026-06-26T08:35:22.608Z</time>
        <name>776</name>
        <extensions>
          <speed_mps>13.411</speed_mps>
          <speed_mph>30.0</speed_mph>
        </extensions>
      </trkpt>
      <trkpt lat="52.17238" lon="1.41927">
        <ele>0</ele>
        <time>2026-06-26T08:35:25.358Z</time>
        <name>777</name>
        <extensions>
          <speed_mps>13.411</speed_mps>
          <speed_mph>30.0</speed_mph>
        </extensions>
      </trkpt>
      <trkpt lat="52.17249" lon="1.41978">
        <ele>0</ele>
        <time>2026-06-26T08:35:28.104Z</time>
        <name>778</name>
        <extensions>
          <speed_mps>13.411</speed_mps>
          <speed_mph>30.0</speed_mph>
        </extensions>
      </trkpt>
      <trkpt lat="52.17265" lon="1.42026">
        <ele>0</ele>
        <time>2026-06-26T08:35:30.854Z</time>
        <name>779</name>
        <extensions>
          <speed_mps>13.411</speed_mps>
          <speed_mph>30.0</speed_mph>
        </extensions>
      </trkpt>
      <trkpt lat="52.17283" lon="1.42070">
        <ele>0</ele>
        <time>2026-06-26T08:35:33.609Z</time>
        <name>780</name>
        <extensions>
          <speed_mps>13.411</speed_mps>
          <speed_mph>30.0</speed_mph>
        </extensions>
      </trkpt>
      <trkpt lat="52.17304" lon="1.42112">
        <ele>0</ele>
        <time>2026-06-26T08:35:36.363Z</time>
        <name>781</name>
        <extensions>
          <speed_mps>13.411</speed_mps>
          <speed_mph>30.0</speed_mph>
        </extensions>
      </trkpt>
      <trkpt lat="52.17327" lon="1.42152">
        <ele>0</ele>
        <time>2026-06-26T08:35:39.117Z</time>
        <name>782</name>
        <extensions>
          <speed_mps>13.411</speed_mps>
          <speed_mph>30.0</speed_mph>
        </extensions>
      </trkpt>
      <trkpt lat="52.17351" lon="1.42189">
        <ele>0</ele>
        <time>2026-06-26T08:35:41.870Z</time>
        <name>783</name>
        <extensions>
          <speed_mps>13.411</speed_mps>
          <speed_mph>30.0</speed_mph>
        </extensions>
      </trkpt>
      <trkpt lat="52.17378" lon="1.42221">
        <ele>0</ele>
        <time>2026-06-26T08:35:44.616Z</time>
        <name>784</name>
        <extensions>
          <speed_mps>13.411</speed_mps>
          <speed_mph>30.0</speed_mph>
        </extensions>
      </trkpt>
      <trkpt lat="52.17407" lon="1.42246">
        <ele>0</ele>
        <time>2026-06-26T08:35:47.367Z</time>
        <name>785</name>
        <extensions>
          <speed_mps>13.411</speed_mps>
          <speed_mph>30.0</speed_mph>
        </extensions>
      </trkpt>
      <trkpt lat="52.17437" lon="1.42269">
        <ele>0</ele>
        <time>2026-06-26T08:35:50.123Z</time>
        <name>786</name>
        <extensions>
          <speed_mps>13.411</speed_mps>
          <speed_mph>30.0</speed_mph>
        </extensions>
      </trkpt>
      <trkpt lat="52.17469" lon="1.42287">
        <ele>0</ele>
        <time>2026-06-26T08:35:52.873Z</time>
        <name>787</name>
        <extensions>
          <speed_mps>13.411</speed_mps>
          <speed_mph>30.0</speed_mph>
        </extensions>
      </trkpt>
      <trkpt lat="52.17500" lon="1.42304">
        <ele>0</ele>
        <time>2026-06-26T08:35:55.628Z</time>
        <name>788</name>
        <extensions>
          <speed_mps>13.411</speed_mps>
          <speed_mph>30.0</speed_mph>
        </extensions>
      </trkpt>
      <trkpt lat="52.17531" lon="1.42325">
        <ele>0</ele>
        <time>2026-06-26T08:35:58.380Z</time>
        <name>789</name>
        <extensions>
          <speed_mps>13.411</speed_mps>
          <speed_mph>30.0</speed_mph>
        </extensions>
      </trkpt>
      <trkpt lat="52.17560" lon="1.42352">
        <ele>0</ele>
        <time>2026-06-26T08:36:01.134Z</time>
        <name>790</name>
        <extensions>
          <speed_mps>13.411</speed_mps>
          <speed_mph>30.0</speed_mph>
        </extensions>
      </trkpt>
      <trkpt lat="52.17588" lon="1.42381">
        <ele>0</ele>
        <time>2026-06-26T08:36:03.890Z</time>
        <name>791</name>
        <extensions>
          <speed_mps>13.411</speed_mps>
          <speed_mph>30.0</speed_mph>
        </extensions>
      </trkpt>
      <trkpt lat="52.17617" lon="1.42407">
        <ele>0</ele>
        <time>2026-06-26T08:36:06.644Z</time>
        <name>792</name>
        <extensions>
          <speed_mps>13.411</speed_mps>
          <speed_mph>30.0</speed_mph>
        </extensions>
      </trkpt>
      <trkpt lat="52.17646" lon="1.42433">
        <ele>0</ele>
        <time>2026-06-26T08:36:09.399Z</time>
        <name>793</name>
        <extensions>
          <speed_mps>13.411</speed_mps>
          <speed_mph>30.0</speed_mph>
        </extensions>
      </trkpt>
      <trkpt lat="52.17677" lon="1.42450">
        <ele>0</ele>
        <time>2026-06-26T08:36:12.144Z</time>
        <name>794</name>
        <extensions>
          <speed_mps>13.411</speed_mps>
          <speed_mph>30.0</speed_mph>
        </extensions>
      </trkpt>
      <trkpt lat="52.17710" lon="1.42459">
        <ele>0</ele>
        <time>2026-06-26T08:36:14.884Z</time>
        <name>795</name>
        <extensions>
          <speed_mps>13.411</speed_mps>
          <speed_mph>30.0</speed_mph>
        </extensions>
      </trkpt>
      <trkpt lat="52.17743" lon="1.42459">
        <ele>0</ele>
        <time>2026-06-26T08:36:17.629Z</time>
        <name>796</name>
        <extensions>
          <speed_mps>13.411</speed_mps>
          <speed_mph>30.0</speed_mph>
        </extensions>
      </trkpt>
      <trkpt lat="52.17776" lon="1.42453">
        <ele>0</ele>
        <time>2026-06-26T08:36:20.384Z</time>
        <name>797</name>
        <extensions>
          <speed_mps>13.411</speed_mps>
          <speed_mph>30.0</speed_mph>
        </extensions>
      </trkpt>
      <trkpt lat="52.17809" lon="1.42446">
        <ele>0</ele>
        <time>2026-06-26T08:36:23.138Z</time>
        <name>798</name>
        <extensions>
          <speed_mps>13.411</speed_mps>
          <speed_mph>30.0</speed_mph>
        </extensions>
      </trkpt>
      <trkpt lat="52.17842" lon="1.42439">
        <ele>0</ele>
        <time>2026-06-26T08:36:25.893Z</time>
        <name>799</name>
        <extensions>
          <speed_mps>13.411</speed_mps>
          <speed_mph>30.0</speed_mph>
        </extensions>
      </trkpt>
      <trkpt lat="52.17875" lon="1.42432">
        <ele>0</ele>
        <time>2026-06-26T08:36:28.649Z</time>
        <name>800</name>
        <extensions>
          <speed_mps>13.411</speed_mps>
          <speed_mph>30.0</speed_mph>
        </extensions>
      </trkpt>
      <trkpt lat="52.17908" lon="1.42426">
        <ele>0</ele>
        <time>2026-06-26T08:36:31.404Z</time>
        <name>801</name>
        <extensions>
          <speed_mps>13.411</speed_mps>
          <speed_mph>30.0</speed_mph>
        </extensions>
      </trkpt>
      <trkpt lat="52.17941" lon="1.42423">
        <ele>0</ele>
        <time>2026-06-26T08:36:34.154Z</time>
        <name>802</name>
        <extensions>
          <speed_mps>13.411</speed_mps>
          <speed_mph>30.0</speed_mph>
        </extensions>
      </trkpt>
      <trkpt lat="52.17974" lon="1.42420">
        <ele>0</ele>
        <time>2026-06-26T08:36:36.910Z</time>
        <name>803</name>
        <extensions>
          <speed_mps>13.411</speed_mps>
          <speed_mph>30.0</speed_mph>
        </extensions>
      </trkpt>
      <trkpt lat="52.18008" lon="1.42418">
        <ele>0</ele>
        <time>2026-06-26T08:36:39.665Z</time>
        <name>804</name>
        <extensions>
          <speed_mps>13.411</speed_mps>
          <speed_mph>30.0</speed_mph>
        </extensions>
      </trkpt>
      <trkpt lat="52.18041" lon="1.42416">
        <ele>0</ele>
        <time>2026-06-26T08:36:42.421Z</time>
        <name>805</name>
        <extensions>
          <speed_mps>13.411</speed_mps>
          <speed_mph>30.0</speed_mph>
        </extensions>
      </trkpt>
      <trkpt lat="52.18074" lon="1.42414">
        <ele>0</ele>
        <time>2026-06-26T08:36:45.176Z</time>
        <name>806</name>
        <extensions>
          <speed_mps>13.411</speed_mps>
          <speed_mph>30.0</speed_mph>
        </extensions>
      </trkpt>
      <trkpt lat="52.18107" lon="1.42419">
        <ele>0</ele>
        <time>2026-06-26T08:36:47.916Z</time>
        <name>807</name>
        <extensions>
          <speed_mps>13.411</speed_mps>
          <speed_mph>30.0</speed_mph>
        </extensions>
      </trkpt>
      <trkpt lat="52.18139" lon="1.42430">
        <ele>0</ele>
        <time>2026-06-26T08:36:50.669Z</time>
        <name>808</name>
        <extensions>
          <speed_mps>13.411</speed_mps>
          <speed_mph>30.0</speed_mph>
        </extensions>
      </trkpt>
      <trkpt lat="52.18171" lon="1.42445">
        <ele>0</ele>
        <time>2026-06-26T08:36:53.425Z</time>
        <name>809</name>
        <extensions>
          <speed_mps>13.411</speed_mps>
          <speed_mph>30.0</speed_mph>
        </extensions>
      </trkpt>
      <trkpt lat="52.18203" lon="1.42462">
        <ele>0</ele>
        <time>2026-06-26T08:36:56.180Z</time>
        <name>810</name>
        <extensions>
          <speed_mps>13.411</speed_mps>
          <speed_mph>30.0</speed_mph>
        </extensions>
      </trkpt>
      <trkpt lat="52.18234" lon="1.42480">
        <ele>0</ele>
        <time>2026-06-26T08:36:58.936Z</time>
        <name>811</name>
        <extensions>
          <speed_mps>13.411</speed_mps>
          <speed_mph>30.0</speed_mph>
        </extensions>
      </trkpt>
      <trkpt lat="52.18264" lon="1.42502">
        <ele>0</ele>
        <time>2026-06-26T08:37:01.680Z</time>
        <name>812</name>
        <extensions>
          <speed_mps>13.411</speed_mps>
          <speed_mph>30.0</speed_mph>
        </extensions>
      </trkpt>
      <trkpt lat="52.18293" lon="1.42528">
        <ele>0</ele>
        <time>2026-06-26T08:37:04.435Z</time>
        <name>813</name>
        <extensions>
          <speed_mps>13.411</speed_mps>
          <speed_mph>30.0</speed_mph>
        </extensions>
      </trkpt>
      <trkpt lat="52.18319" lon="1.42562">
        <ele>0</ele>
        <time>2026-06-26T08:37:07.190Z</time>
        <name>814</name>
        <extensions>
          <speed_mps>13.411</speed_mps>
          <speed_mph>30.0</speed_mph>
        </extensions>
      </trkpt>
      <trkpt lat="52.18344" lon="1.42599">
        <ele>0</ele>
        <time>2026-06-26T08:37:09.941Z</time>
        <name>815</name>
        <extensions>
          <speed_mps>13.411</speed_mps>
          <speed_mph>30.0</speed_mph>
        </extensions>
      </trkpt>
      <trkpt lat="52.18365" lon="1.42640">
        <ele>0</ele>
        <time>2026-06-26T08:37:12.683Z</time>
        <name>816</name>
        <extensions>
          <speed_mps>13.411</speed_mps>
          <speed_mph>30.0</speed_mph>
        </extensions>
      </trkpt>
      <trkpt lat="52.18382" lon="1.42686">
        <ele>0</ele>
        <time>2026-06-26T08:37:15.438Z</time>
        <name>817</name>
        <extensions>
          <speed_mps>13.411</speed_mps>
          <speed_mph>30.0</speed_mph>
        </extensions>
      </trkpt>
      <trkpt lat="52.18398" lon="1.42734">
        <ele>0</ele>
        <time>2026-06-26T08:37:18.193Z</time>
        <name>818</name>
        <extensions>
          <speed_mps>13.411</speed_mps>
          <speed_mph>30.0</speed_mph>
        </extensions>
      </trkpt>
      <trkpt lat="52.18410" lon="1.42785">
        <ele>0</ele>
        <time>2026-06-26T08:37:20.948Z</time>
        <name>819</name>
        <extensions>
          <speed_mps>13.411</speed_mps>
          <speed_mph>30.0</speed_mph>
        </extensions>
      </trkpt>
      <trkpt lat="52.18419" lon="1.42837">
        <ele>0</ele>
        <time>2026-06-26T08:37:23.698Z</time>
        <name>820</name>
        <extensions>
          <speed_mps>13.411</speed_mps>
          <speed_mph>30.0</speed_mph>
        </extensions>
      </trkpt>
      <trkpt lat="52.18426" lon="1.42890">
        <ele>0</ele>
        <time>2026-06-26T08:37:26.453Z</time>
        <name>821</name>
        <extensions>
          <speed_mps>13.411</speed_mps>
          <speed_mph>30.0</speed_mph>
        </extensions>
      </trkpt>
      <trkpt lat="52.18432" lon="1.42943">
        <ele>0</ele>
        <time>2026-06-26T08:37:29.208Z</time>
        <name>822</name>
        <extensions>
          <speed_mps>13.411</speed_mps>
          <speed_mph>30.0</speed_mph>
        </extensions>
      </trkpt>
      <trkpt lat="52.18437" lon="1.42997">
        <ele>0</ele>
        <time>2026-06-26T08:37:31.963Z</time>
        <name>823</name>
        <extensions>
          <speed_mps>13.411</speed_mps>
          <speed_mph>30.0</speed_mph>
        </extensions>
      </trkpt>
      <trkpt lat="52.18441" lon="1.43050">
        <ele>0</ele>
        <time>2026-06-26T08:37:34.716Z</time>
        <name>824</name>
        <extensions>
          <speed_mps>13.411</speed_mps>
          <speed_mph>30.0</speed_mph>
        </extensions>
      </trkpt>
      <trkpt lat="52.18442" lon="1.43105">
        <ele>0</ele>
        <time>2026-06-26T08:37:37.471Z</time>
        <name>825</name>
        <extensions>
          <speed_mps>13.411</speed_mps>
          <speed_mph>30.0</speed_mph>
        </extensions>
      </trkpt>
      <trkpt lat="52.18444" lon="1.43159">
        <ele>0</ele>
        <time>2026-06-26T08:37:40.227Z</time>
        <name>826</name>
        <extensions>
          <speed_mps>13.411</speed_mps>
          <speed_mph>30.0</speed_mph>
        </extensions>
      </trkpt>
      <trkpt lat="52.18445" lon="1.43213">
        <ele>0</ele>
        <time>2026-06-26T08:37:42.982Z</time>
        <name>827</name>
        <extensions>
          <speed_mps>13.411</speed_mps>
          <speed_mph>30.0</speed_mph>
        </extensions>
      </trkpt>
      <trkpt lat="52.18446" lon="1.43267">
        <ele>0</ele>
        <time>2026-06-26T08:37:45.737Z</time>
        <name>828</name>
        <extensions>
          <speed_mps>13.411</speed_mps>
          <speed_mph>30.0</speed_mph>
        </extensions>
      </trkpt>
      <trkpt lat="52.18447" lon="1.43321">
        <ele>0</ele>
        <time>2026-06-26T08:37:48.493Z</time>
        <name>829</name>
        <extensions>
          <speed_mps>13.411</speed_mps>
          <speed_mph>30.0</speed_mph>
        </extensions>
      </trkpt>
      <trkpt lat="52.18447" lon="1.43375">
        <ele>0</ele>
        <time>2026-06-26T08:37:51.248Z</time>
        <name>830</name>
        <extensions>
          <speed_mps>13.411</speed_mps>
          <speed_mph>30.0</speed_mph>
        </extensions>
      </trkpt>
      <trkpt lat="52.18453" lon="1.43429">
        <ele>0</ele>
        <time>2026-06-26T08:37:54.003Z</time>
        <name>831</name>
        <extensions>
          <speed_mps>13.411</speed_mps>
          <speed_mph>30.0</speed_mph>
        </extensions>
      </trkpt>
      <trkpt lat="52.18462" lon="1.43481">
        <ele>0</ele>
        <time>2026-06-26T08:37:56.750Z</time>
        <name>832</name>
        <extensions>
          <speed_mps>13.411</speed_mps>
          <speed_mph>30.0</speed_mph>
        </extensions>
      </trkpt>
      <trkpt lat="52.18473" lon="1.43532">
        <ele>0</ele>
        <time>2026-06-26T08:37:59.506Z</time>
        <name>833</name>
        <extensions>
          <speed_mps>13.411</speed_mps>
          <speed_mph>30.0</speed_mph>
        </extensions>
      </trkpt>
      <trkpt lat="52.18484" lon="1.43583">
        <ele>0</ele>
        <time>2026-06-26T08:38:02.261Z</time>
        <name>834</name>
        <extensions>
          <speed_mps>13.411</speed_mps>
          <speed_mph>30.0</speed_mph>
        </extensions>
      </trkpt>
      <trkpt lat="52.18494" lon="1.43635">
        <ele>0</ele>
        <time>2026-06-26T08:38:05.017Z</time>
        <name>835</name>
        <extensions>
          <speed_mps>13.411</speed_mps>
          <speed_mph>30.0</speed_mph>
        </extensions>
      </trkpt>
      <trkpt lat="52.18505" lon="1.43686">
        <ele>0</ele>
        <time>2026-06-26T08:38:07.772Z</time>
        <name>836</name>
        <extensions>
          <speed_mps>13.411</speed_mps>
          <speed_mph>30.0</speed_mph>
        </extensions>
      </trkpt>
      <trkpt lat="52.18516" lon="1.43737">
        <ele>0</ele>
        <time>2026-06-26T08:38:10.528Z</time>
        <name>837</name>
        <extensions>
          <speed_mps>13.411</speed_mps>
          <speed_mph>30.0</speed_mph>
        </extensions>
      </trkpt>
      <trkpt lat="52.18526" lon="1.43789">
        <ele>0</ele>
        <time>2026-06-26T08:38:13.283Z</time>
        <name>838</name>
        <extensions>
          <speed_mps>13.411</speed_mps>
          <speed_mph>30.0</speed_mph>
        </extensions>
      </trkpt>
      <trkpt lat="52.18537" lon="1.43840">
        <ele>0</ele>
        <time>2026-06-26T08:38:16.039Z</time>
        <name>839</name>
        <extensions>
          <speed_mps>13.411</speed_mps>
          <speed_mph>30.0</speed_mph>
        </extensions>
      </trkpt>
      <trkpt lat="52.18547" lon="1.43892">
        <ele>0</ele>
        <time>2026-06-26T08:38:18.793Z</time>
        <name>840</name>
        <extensions>
          <speed_mps>13.411</speed_mps>
          <speed_mph>30.0</speed_mph>
        </extensions>
      </trkpt>
      <trkpt lat="52.18556" lon="1.43944">
        <ele>0</ele>
        <time>2026-06-26T08:38:21.548Z</time>
        <name>841</name>
        <extensions>
          <speed_mps>13.411</speed_mps>
          <speed_mph>30.0</speed_mph>
        </extensions>
      </trkpt>
      <trkpt lat="52.18564" lon="1.43996">
        <ele>0</ele>
        <time>2026-06-26T08:38:24.300Z</time>
        <name>842</name>
        <extensions>
          <speed_mps>13.411</speed_mps>
          <speed_mph>30.0</speed_mph>
        </extensions>
      </trkpt>
      <trkpt lat="52.18567" lon="1.44050">
        <ele>0</ele>
        <time>2026-06-26T08:38:27.056Z</time>
        <name>843</name>
        <extensions>
          <speed_mps>13.411</speed_mps>
          <speed_mph>30.0</speed_mph>
        </extensions>
      </trkpt>
      <trkpt lat="52.18570" lon="1.44104">
        <ele>0</ele>
        <time>2026-06-26T08:38:29.811Z</time>
        <name>844</name>
        <extensions>
          <speed_mps>13.411</speed_mps>
          <speed_mph>30.0</speed_mph>
        </extensions>
      </trkpt>
      <trkpt lat="52.18573" lon="1.44158">
        <ele>0</ele>
        <time>2026-06-26T08:38:32.566Z</time>
        <name>845</name>
        <extensions>
          <speed_mps>13.411</speed_mps>
          <speed_mph>30.0</speed_mph>
        </extensions>
      </trkpt>
      <trkpt lat="52.18575" lon="1.44212">
        <ele>0</ele>
        <time>2026-06-26T08:38:35.321Z</time>
        <name>846</name>
        <extensions>
          <speed_mps>13.411</speed_mps>
          <speed_mph>30.0</speed_mph>
        </extensions>
      </trkpt>
      <trkpt lat="52.18580" lon="1.44266">
        <ele>0</ele>
        <time>2026-06-26T08:38:38.075Z</time>
        <name>847</name>
        <extensions>
          <speed_mps>13.411</speed_mps>
          <speed_mph>30.0</speed_mph>
        </extensions>
      </trkpt>
      <trkpt lat="52.18589" lon="1.44318">
        <ele>0</ele>
        <time>2026-06-26T08:38:40.828Z</time>
        <name>848</name>
        <extensions>
          <speed_mps>13.411</speed_mps>
          <speed_mph>30.0</speed_mph>
        </extensions>
      </trkpt>
      <trkpt lat="52.18603" lon="1.44367">
        <ele>0</ele>
        <time>2026-06-26T08:38:43.583Z</time>
        <name>849</name>
        <extensions>
          <speed_mps>13.411</speed_mps>
          <speed_mph>30.0</speed_mph>
        </extensions>
      </trkpt>
      <trkpt lat="52.18617" lon="1.44416">
        <ele>0</ele>
        <time>2026-06-26T08:38:46.339Z</time>
        <name>850</name>
        <extensions>
          <speed_mps>13.411</speed_mps>
          <speed_mph>30.0</speed_mph>
        </extensions>
      </trkpt>
      <trkpt lat="52.18633" lon="1.44464">
        <ele>0</ele>
        <time>2026-06-26T08:38:49.094Z</time>
        <name>851</name>
        <extensions>
          <speed_mps>13.411</speed_mps>
          <speed_mph>30.0</speed_mph>
        </extensions>
      </trkpt>
      <trkpt lat="52.18649" lon="1.44511">
        <ele>0</ele>
        <time>2026-06-26T08:38:51.849Z</time>
        <name>852</name>
        <extensions>
          <speed_mps>13.411</speed_mps>
          <speed_mph>30.0</speed_mph>
        </extensions>
      </trkpt>
      <trkpt lat="52.18669" lon="1.44554">
        <ele>0</ele>
        <time>2026-06-26T08:38:54.601Z</time>
        <name>853</name>
        <extensions>
          <speed_mps>13.411</speed_mps>
          <speed_mph>30.0</speed_mph>
        </extensions>
      </trkpt>
      <trkpt lat="52.18691" lon="1.44595">
        <ele>0</ele>
        <time>2026-06-26T08:38:57.355Z</time>
        <name>854</name>
        <extensions>
          <speed_mps>13.411</speed_mps>
          <speed_mph>30.0</speed_mph>
        </extensions>
      </trkpt>
      <trkpt lat="52.18715" lon="1.44633">
        <ele>0</ele>
        <time>2026-06-26T08:39:00.110Z</time>
        <name>855</name>
        <extensions>
          <speed_mps>13.411</speed_mps>
          <speed_mph>30.0</speed_mph>
        </extensions>
      </trkpt>
      <trkpt lat="52.18739" lon="1.44671">
        <ele>0</ele>
        <time>2026-06-26T08:39:02.866Z</time>
        <name>856</name>
        <extensions>
          <speed_mps>13.411</speed_mps>
          <speed_mph>30.0</speed_mph>
        </extensions>
      </trkpt>
      <trkpt lat="52.18763" lon="1.44709">
        <ele>0</ele>
        <time>2026-06-26T08:39:05.621Z</time>
        <name>857</name>
        <extensions>
          <speed_mps>13.411</speed_mps>
          <speed_mph>30.0</speed_mph>
        </extensions>
      </trkpt>
      <trkpt lat="52.18786" lon="1.44747">
        <ele>0</ele>
        <time>2026-06-26T08:39:08.376Z</time>
        <name>858</name>
        <extensions>
          <speed_mps>13.411</speed_mps>
          <speed_mph>30.0</speed_mph>
        </extensions>
      </trkpt>
      <trkpt lat="52.18810" lon="1.44785">
        <ele>0</ele>
        <time>2026-06-26T08:39:11.131Z</time>
        <name>859</name>
        <extensions>
          <speed_mps>13.411</speed_mps>
          <speed_mph>30.0</speed_mph>
        </extensions>
      </trkpt>
      <trkpt lat="52.18832" lon="1.44825">
        <ele>0</ele>
        <time>2026-06-26T08:39:13.887Z</time>
        <name>860</name>
        <extensions>
          <speed_mps>13.411</speed_mps>
          <speed_mph>30.0</speed_mph>
        </extensions>
      </trkpt>
      <trkpt lat="52.18855" lon="1.44865">
        <ele>0</ele>
        <time>2026-06-26T08:39:16.642Z</time>
        <name>861</name>
        <extensions>
          <speed_mps>13.411</speed_mps>
          <speed_mph>30.0</speed_mph>
        </extensions>
      </trkpt>
      <trkpt lat="52.18876" lon="1.44907">
        <ele>0</ele>
        <time>2026-06-26T08:39:19.394Z</time>
        <name>862</name>
        <extensions>
          <speed_mps>13.411</speed_mps>
          <speed_mph>30.0</speed_mph>
        </extensions>
      </trkpt>
      <trkpt lat="52.18890" lon="1.44956">
        <ele>0</ele>
        <time>2026-06-26T08:39:22.140Z</time>
        <name>863</name>
        <extensions>
          <speed_mps>13.411</speed_mps>
          <speed_mph>30.0</speed_mph>
        </extensions>
      </trkpt>
      <trkpt lat="52.18893" lon="1.45009">
        <ele>0</ele>
        <time>2026-06-26T08:39:24.885Z</time>
        <name>864</name>
        <extensions>
          <speed_mps>13.411</speed_mps>
          <speed_mph>30.0</speed_mph>
        </extensions>
      </trkpt>
      <trkpt lat="52.18889" lon="1.45063">
        <ele>0</ele>
        <time>2026-06-26T08:39:27.638Z</time>
        <name>865</name>
        <extensions>
          <speed_mps>13.411</speed_mps>
          <speed_mph>30.0</speed_mph>
        </extensions>
      </trkpt>
      <trkpt lat="52.18884" lon="1.45117">
        <ele>0</ele>
        <time>2026-06-26T08:39:30.394Z</time>
        <name>866</name>
        <extensions>
          <speed_mps>13.411</speed_mps>
          <speed_mph>30.0</speed_mph>
        </extensions>
      </trkpt>
      <trkpt lat="52.18878" lon="1.45170">
        <ele>0</ele>
        <time>2026-06-26T08:39:33.149Z</time>
        <name>867</name>
        <extensions>
          <speed_mps>13.411</speed_mps>
          <speed_mph>30.0</speed_mph>
        </extensions>
      </trkpt>
      <trkpt lat="52.18872" lon="1.45223">
        <ele>0</ele>
        <time>2026-06-26T08:39:35.905Z</time>
        <name>868</name>
        <extensions>
          <speed_mps>13.411</speed_mps>
          <speed_mph>30.0</speed_mph>
        </extensions>
      </trkpt>
      <trkpt lat="52.18869" lon="1.45277">
        <ele>0</ele>
        <time>2026-06-26T08:39:38.659Z</time>
        <name>869</name>
        <extensions>
          <speed_mps>13.411</speed_mps>
          <speed_mph>30.0</speed_mph>
        </extensions>
      </trkpt>
      <trkpt lat="52.18866" lon="1.45331">
        <ele>0</ele>
        <time>2026-06-26T08:39:41.415Z</time>
        <name>870</name>
        <extensions>
          <speed_mps>13.411</speed_mps>
          <speed_mph>30.0</speed_mph>
        </extensions>
      </trkpt>
      <trkpt lat="52.18862" lon="1.45385">
        <ele>0</ele>
        <time>2026-06-26T08:39:44.170Z</time>
        <name>871</name>
        <extensions>
          <speed_mps>13.411</speed_mps>
          <speed_mph>30.0</speed_mph>
        </extensions>
      </trkpt>
      <trkpt lat="52.18860" lon="1.45439">
        <ele>0</ele>
        <time>2026-06-26T08:39:46.926Z</time>
        <name>872</name>
        <extensions>
          <speed_mps>13.411</speed_mps>
          <speed_mph>30.0</speed_mph>
        </extensions>
      </trkpt>
      <trkpt lat="52.18861" lon="1.45493">
        <ele>0</ele>
        <time>2026-06-26T08:39:49.666Z</time>
        <name>873</name>
        <extensions>
          <speed_mps>13.411</speed_mps>
          <speed_mph>30.0</speed_mph>
        </extensions>
      </trkpt>
      <trkpt lat="52.18880" lon="1.45537">
        <ele>0</ele>
        <time>2026-06-26T08:39:52.373Z</time>
        <name>874</name>
        <extensions>
          <speed_mps>13.411</speed_mps>
          <speed_mph>30.0</speed_mph>
        </extensions>
      </trkpt>
      <trkpt lat="52.18909" lon="1.45562">
        <ele>0</ele>
        <time>2026-06-26T08:39:55.103Z</time>
        <name>875</name>
        <extensions>
          <speed_mps>13.411</speed_mps>
          <speed_mph>30.0</speed_mph>
        </extensions>
      </trkpt>
      <trkpt lat="52.18940" lon="1.45581">
        <ele>0</ele>
        <time>2026-06-26T08:39:57.859Z</time>
        <name>876</name>
        <extensions>
          <speed_mps>13.411</speed_mps>
          <speed_mph>30.0</speed_mph>
        </extensions>
      </trkpt>
      <trkpt lat="52.18970" lon="1.45605">
        <ele>0</ele>
        <time>2026-06-26T08:40:00.612Z</time>
        <name>877</name>
        <extensions>
          <speed_mps>13.411</speed_mps>
          <speed_mph>30.0</speed_mph>
        </extensions>
      </trkpt>
      <trkpt lat="52.18999" lon="1.45629">
        <ele>0</ele>
        <time>2026-06-26T08:40:03.367Z</time>
        <name>878</name>
        <extensions>
          <speed_mps>13.411</speed_mps>
          <speed_mph>30.0</speed_mph>
        </extensions>
      </trkpt>
      <trkpt lat="52.19029" lon="1.45654">
        <ele>0</ele>
        <time>2026-06-26T08:40:06.123Z</time>
        <name>879</name>
        <extensions>
          <speed_mps>13.411</speed_mps>
          <speed_mph>30.0</speed_mph>
        </extensions>
      </trkpt>
      <trkpt lat="52.19058" lon="1.45680">
        <ele>0</ele>
        <time>2026-06-26T08:40:08.878Z</time>
        <name>880</name>
        <extensions>
          <speed_mps>13.411</speed_mps>
          <speed_mph>30.0</speed_mph>
        </extensions>
      </trkpt>
      <trkpt lat="52.19087" lon="1.45706">
        <ele>0</ele>
        <time>2026-06-26T08:40:11.633Z</time>
        <name>881</name>
        <extensions>
          <speed_mps>13.411</speed_mps>
          <speed_mph>30.0</speed_mph>
        </extensions>
      </trkpt>
      <trkpt lat="52.19114" lon="1.45737">
        <ele>0</ele>
        <time>2026-06-26T08:40:14.386Z</time>
        <name>882</name>
        <extensions>
          <speed_mps>13.411</speed_mps>
          <speed_mph>30.0</speed_mph>
        </extensions>
      </trkpt>
      <trkpt lat="52.19140" lon="1.45771">
        <ele>0</ele>
        <time>2026-06-26T08:40:17.137Z</time>
        <name>883</name>
        <extensions>
          <speed_mps>13.411</speed_mps>
          <speed_mph>30.0</speed_mph>
        </extensions>
      </trkpt>
      <trkpt lat="52.19161" lon="1.45813">
        <ele>0</ele>
        <time>2026-06-26T08:40:19.888Z</time>
        <name>884</name>
        <extensions>
          <speed_mps>13.411</speed_mps>
          <speed_mph>30.0</speed_mph>
        </extensions>
      </trkpt>
      <trkpt lat="52.19178" lon="1.45860">
        <ele>0</ele>
        <time>2026-06-26T08:40:22.641Z</time>
        <name>885</name>
        <extensions>
          <speed_mps>13.411</speed_mps>
          <speed_mph>30.0</speed_mph>
        </extensions>
      </trkpt>
      <trkpt lat="52.19189" lon="1.45911">
        <ele>0</ele>
        <time>2026-06-26T08:40:25.395Z</time>
        <name>886</name>
        <extensions>
          <speed_mps>13.411</speed_mps>
          <speed_mph>30.0</speed_mph>
        </extensions>
      </trkpt>
      <trkpt lat="52.19196" lon="1.45964">
        <ele>0</ele>
        <time>2026-06-26T08:40:28.143Z</time>
        <name>887</name>
        <extensions>
          <speed_mps>13.411</speed_mps>
          <speed_mph>30.0</speed_mph>
        </extensions>
      </trkpt>
      <trkpt lat="52.19198" lon="1.46018">
        <ele>0</ele>
        <time>2026-06-26T08:40:30.893Z</time>
        <name>888</name>
        <extensions>
          <speed_mps>13.411</speed_mps>
          <speed_mph>30.0</speed_mph>
        </extensions>
      </trkpt>
      <trkpt lat="52.19196" lon="1.46072">
        <ele>0</ele>
        <time>2026-06-26T08:40:33.647Z</time>
        <name>889</name>
        <extensions>
          <speed_mps>13.411</speed_mps>
          <speed_mph>30.0</speed_mph>
        </extensions>
      </trkpt>
      <trkpt lat="52.19194" lon="1.46126">
        <ele>0</ele>
        <time>2026-06-26T08:40:36.403Z</time>
        <name>890</name>
        <extensions>
          <speed_mps>13.411</speed_mps>
          <speed_mph>30.0</speed_mph>
        </extensions>
      </trkpt>
      <trkpt lat="52.19191" lon="1.46180">
        <ele>0</ele>
        <time>2026-06-26T08:40:39.158Z</time>
        <name>891</name>
        <extensions>
          <speed_mps>13.411</speed_mps>
          <speed_mph>30.0</speed_mph>
        </extensions>
      </trkpt>
      <trkpt lat="52.19188" lon="1.46234">
        <ele>0</ele>
        <time>2026-06-26T08:40:41.914Z</time>
        <name>892</name>
        <extensions>
          <speed_mps>13.411</speed_mps>
          <speed_mph>30.0</speed_mph>
        </extensions>
      </trkpt>
      <trkpt lat="52.19185" lon="1.46288">
        <ele>0</ele>
        <time>2026-06-26T08:40:44.669Z</time>
        <name>893</name>
        <extensions>
          <speed_mps>13.411</speed_mps>
          <speed_mph>30.0</speed_mph>
        </extensions>
      </trkpt>
      <trkpt lat="52.19182" lon="1.46342">
        <ele>0</ele>
        <time>2026-06-26T08:40:47.425Z</time>
        <name>894</name>
        <extensions>
          <speed_mps>13.411</speed_mps>
          <speed_mph>30.0</speed_mph>
        </extensions>
      </trkpt>
      <trkpt lat="52.19180" lon="1.46396">
        <ele>0</ele>
        <time>2026-06-26T08:40:50.180Z</time>
        <name>895</name>
        <extensions>
          <speed_mps>13.411</speed_mps>
          <speed_mph>30.0</speed_mph>
        </extensions>
      </trkpt>
      <trkpt lat="52.19177" lon="1.46450">
        <ele>0</ele>
        <time>2026-06-26T08:40:52.936Z</time>
        <name>896</name>
        <extensions>
          <speed_mps>13.411</speed_mps>
          <speed_mph>30.0</speed_mph>
        </extensions>
      </trkpt>
      <trkpt lat="52.19173" lon="1.46504">
        <ele>0</ele>
        <time>2026-06-26T08:40:55.682Z</time>
        <name>897</name>
        <extensions>
          <speed_mps>13.411</speed_mps>
          <speed_mph>30.0</speed_mph>
        </extensions>
      </trkpt>
      <trkpt lat="52.19166" lon="1.46557">
        <ele>0</ele>
        <time>2026-06-26T08:40:58.438Z</time>
        <name>898</name>
        <extensions>
          <speed_mps>13.411</speed_mps>
          <speed_mph>30.0</speed_mph>
        </extensions>
      </trkpt>
      <trkpt lat="52.19158" lon="1.46610">
        <ele>0</ele>
        <time>2026-06-26T08:41:01.193Z</time>
        <name>899</name>
        <extensions>
          <speed_mps>13.411</speed_mps>
          <speed_mph>30.0</speed_mph>
        </extensions>
      </trkpt>
      <trkpt lat="52.19150" lon="1.46663">
        <ele>0</ele>
        <time>2026-06-26T08:41:03.948Z</time>
        <name>900</name>
        <extensions>
          <speed_mps>13.411</speed_mps>
          <speed_mph>30.0</speed_mph>
        </extensions>
      </trkpt>
      <trkpt lat="52.19144" lon="1.46716">
        <ele>0</ele>
        <time>2026-06-26T08:41:06.704Z</time>
        <name>901</name>
        <extensions>
          <speed_mps>13.411</speed_mps>
          <speed_mph>30.0</speed_mph>
        </extensions>
      </trkpt>
      <trkpt lat="52.19141" lon="1.46766">
        <ele>0</ele>
        <time>2026-06-26T08:41:09.288Z</time>
        <name>902</name>
        <extensions>
          <speed_mps>13.411</speed_mps>
          <speed_mph>30.0</speed_mph>
        </extensions>
      </trkpt>
      <trkpt lat="52.19158" lon="1.46808">
        <ele>0</ele>
        <time>2026-06-26T08:41:11.836Z</time>
        <name>903</name>
        <extensions>
          <speed_mps>13.411</speed_mps>
          <speed_mph>30.0</speed_mph>
        </extensions>
      </trkpt>
      <trkpt lat="52.19179" lon="1.46851">
        <ele>0</ele>
        <time>2026-06-26T08:41:14.590Z</time>
        <name>904</name>
        <extensions>
          <speed_mps>13.411</speed_mps>
          <speed_mph>30.0</speed_mph>
        </extensions>
      </trkpt>
      <trkpt lat="52.19195" lon="1.46898">
        <ele>0</ele>
        <time>2026-06-26T08:41:17.328Z</time>
        <name>905</name>
        <extensions>
          <speed_mps>13.411</speed_mps>
          <speed_mph>30.0</speed_mph>
        </extensions>
      </trkpt>
      <trkpt lat="52.19206" lon="1.46949">
        <ele>0</ele>
        <time>2026-06-26T08:41:20.080Z</time>
        <name>906</name>
        <extensions>
          <speed_mps>13.411</speed_mps>
          <speed_mph>30.0</speed_mph>
        </extensions>
      </trkpt>
      <trkpt lat="52.19216" lon="1.47001">
        <ele>0</ele>
        <time>2026-06-26T08:41:22.836Z</time>
        <name>907</name>
        <extensions>
          <speed_mps>13.411</speed_mps>
          <speed_mph>30.0</speed_mph>
        </extensions>
      </trkpt>
      <trkpt lat="52.19226" lon="1.47052">
        <ele>0</ele>
        <time>2026-06-26T08:41:25.591Z</time>
        <name>908</name>
        <extensions>
          <speed_mps>13.411</speed_mps>
          <speed_mph>30.0</speed_mph>
        </extensions>
      </trkpt>
      <trkpt lat="52.19235" lon="1.47104">
        <ele>0</ele>
        <time>2026-06-26T08:41:28.347Z</time>
        <name>909</name>
        <extensions>
          <speed_mps>13.411</speed_mps>
          <speed_mph>30.0</speed_mph>
        </extensions>
      </trkpt>
      <trkpt lat="52.19245" lon="1.47156">
        <ele>0</ele>
        <time>2026-06-26T08:41:31.100Z</time>
        <name>910</name>
        <extensions>
          <speed_mps>13.411</speed_mps>
          <speed_mph>30.0</speed_mph>
        </extensions>
      </trkpt>
      <trkpt lat="52.19257" lon="1.47207">
        <ele>0</ele>
        <time>2026-06-26T08:41:33.855Z</time>
        <name>911</name>
        <extensions>
          <speed_mps>13.411</speed_mps>
          <speed_mph>30.0</speed_mph>
        </extensions>
      </trkpt>
      <trkpt lat="52.19271" lon="1.47256">
        <ele>0</ele>
        <time>2026-06-26T08:41:36.611Z</time>
        <name>912</name>
        <extensions>
          <speed_mps>13.411</speed_mps>
          <speed_mph>30.0</speed_mph>
        </extensions>
      </trkpt>
      <trkpt lat="52.19286" lon="1.47304">
        <ele>0</ele>
        <time>2026-06-26T08:41:39.365Z</time>
        <name>913</name>
        <extensions>
          <speed_mps>13.411</speed_mps>
          <speed_mph>30.0</speed_mph>
        </extensions>
      </trkpt>
      <trkpt lat="52.19303" lon="1.47351">
        <ele>0</ele>
        <time>2026-06-26T08:41:42.120Z</time>
        <name>914</name>
        <extensions>
          <speed_mps>13.411</speed_mps>
          <speed_mph>30.0</speed_mph>
        </extensions>
      </trkpt>
      <trkpt lat="52.19322" lon="1.47395">
        <ele>0</ele>
        <time>2026-06-26T08:41:44.875Z</time>
        <name>915</name>
        <extensions>
          <speed_mps>13.411</speed_mps>
          <speed_mph>30.0</speed_mph>
        </extensions>
      </trkpt>
      <trkpt lat="52.19343" lon="1.47438">
        <ele>0</ele>
        <time>2026-06-26T08:41:47.627Z</time>
        <name>916</name>
        <extensions>
          <speed_mps>13.411</speed_mps>
          <speed_mph>30.0</speed_mph>
        </extensions>
      </trkpt>
      <trkpt lat="52.19365" lon="1.47478">
        <ele>0</ele>
        <time>2026-06-26T08:41:50.382Z</time>
        <name>917</name>
        <extensions>
          <speed_mps>13.411</speed_mps>
          <speed_mph>30.0</speed_mph>
        </extensions>
      </trkpt>
      <trkpt lat="52.19388" lon="1.47517">
        <ele>0</ele>
        <time>2026-06-26T08:41:53.136Z</time>
        <name>918</name>
        <extensions>
          <speed_mps>13.411</speed_mps>
          <speed_mph>30.0</speed_mph>
        </extensions>
      </trkpt>
      <trkpt lat="52.19414" lon="1.47551">
        <ele>0</ele>
        <time>2026-06-26T08:41:55.890Z</time>
        <name>919</name>
        <extensions>
          <speed_mps>13.411</speed_mps>
          <speed_mph>30.0</speed_mph>
        </extensions>
      </trkpt>
      <trkpt lat="52.19440" lon="1.47585">
        <ele>0</ele>
        <time>2026-06-26T08:41:58.645Z</time>
        <name>920</name>
        <extensions>
          <speed_mps>13.411</speed_mps>
          <speed_mph>30.0</speed_mph>
        </extensions>
      </trkpt>
      <trkpt lat="52.19466" lon="1.47618">
        <ele>0</ele>
        <time>2026-06-26T08:42:01.401Z</time>
        <name>921</name>
        <extensions>
          <speed_mps>13.411</speed_mps>
          <speed_mph>30.0</speed_mph>
        </extensions>
      </trkpt>
      <trkpt lat="52.19493" lon="1.47650">
        <ele>0</ele>
        <time>2026-06-26T08:42:04.156Z</time>
        <name>922</name>
        <extensions>
          <speed_mps>13.411</speed_mps>
          <speed_mph>30.0</speed_mph>
        </extensions>
      </trkpt>
      <trkpt lat="52.19520" lon="1.47682">
        <ele>0</ele>
        <time>2026-06-26T08:42:06.912Z</time>
        <name>923</name>
        <extensions>
          <speed_mps>13.411</speed_mps>
          <speed_mph>30.0</speed_mph>
        </extensions>
      </trkpt>
      <trkpt lat="52.19546" lon="1.47715">
        <ele>0</ele>
        <time>2026-06-26T08:42:09.667Z</time>
        <name>924</name>
        <extensions>
          <speed_mps>13.411</speed_mps>
          <speed_mph>30.0</speed_mph>
        </extensions>
      </trkpt>
      <trkpt lat="52.19573" lon="1.47747">
        <ele>0</ele>
        <time>2026-06-26T08:42:12.423Z</time>
        <name>925</name>
        <extensions>
          <speed_mps>13.411</speed_mps>
          <speed_mph>30.0</speed_mph>
        </extensions>
      </trkpt>
      <trkpt lat="52.19600" lon="1.47779">
        <ele>0</ele>
        <time>2026-06-26T08:42:15.178Z</time>
        <name>926</name>
        <extensions>
          <speed_mps>13.411</speed_mps>
          <speed_mph>30.0</speed_mph>
        </extensions>
      </trkpt>
      <trkpt lat="52.19627" lon="1.47811">
        <ele>0</ele>
        <time>2026-06-26T08:42:17.933Z</time>
        <name>927</name>
        <extensions>
          <speed_mps>13.411</speed_mps>
          <speed_mph>30.0</speed_mph>
        </extensions>
      </trkpt>
      <trkpt lat="52.19655" lon="1.47839">
        <ele>0</ele>
        <time>2026-06-26T08:42:20.688Z</time>
        <name>928</name>
        <extensions>
          <speed_mps>13.411</speed_mps>
          <speed_mph>30.0</speed_mph>
        </extensions>
      </trkpt>
      <trkpt lat="52.19684" lon="1.47867">
        <ele>0</ele>
        <time>2026-06-26T08:42:23.443Z</time>
        <name>929</name>
        <extensions>
          <speed_mps>13.411</speed_mps>
          <speed_mph>30.0</speed_mph>
        </extensions>
      </trkpt>
      <trkpt lat="52.19713" lon="1.47892">
        <ele>0</ele>
        <time>2026-06-26T08:42:26.199Z</time>
        <name>930</name>
        <extensions>
          <speed_mps>13.411</speed_mps>
          <speed_mph>30.0</speed_mph>
        </extensions>
      </trkpt>
      <trkpt lat="52.19744" lon="1.47913">
        <ele>0</ele>
        <time>2026-06-26T08:42:28.953Z</time>
        <name>931</name>
        <extensions>
          <speed_mps>13.411</speed_mps>
          <speed_mph>30.0</speed_mph>
        </extensions>
      </trkpt>
      <trkpt lat="52.19775" lon="1.47931">
        <ele>0</ele>
        <time>2026-06-26T08:42:31.708Z</time>
        <name>932</name>
        <extensions>
          <speed_mps>13.411</speed_mps>
          <speed_mph>30.0</speed_mph>
        </extensions>
      </trkpt>
      <trkpt lat="52.19807" lon="1.47947">
        <ele>0</ele>
        <time>2026-06-26T08:42:34.463Z</time>
        <name>933</name>
        <extensions>
          <speed_mps>13.411</speed_mps>
          <speed_mph>30.0</speed_mph>
        </extensions>
      </trkpt>
      <trkpt lat="52.19839" lon="1.47960">
        <ele>0</ele>
        <time>2026-06-26T08:42:37.218Z</time>
        <name>934</name>
        <extensions>
          <speed_mps>13.411</speed_mps>
          <speed_mph>30.0</speed_mph>
        </extensions>
      </trkpt>
      <trkpt lat="52.19872" lon="1.47970">
        <ele>0</ele>
        <time>2026-06-26T08:42:39.973Z</time>
        <name>935</name>
        <extensions>
          <speed_mps>13.411</speed_mps>
          <speed_mph>30.0</speed_mph>
        </extensions>
      </trkpt>
      <trkpt lat="52.19905" lon="1.47977">
        <ele>0</ele>
        <time>2026-06-26T08:42:42.727Z</time>
        <name>936</name>
        <extensions>
          <speed_mps>13.411</speed_mps>
          <speed_mph>30.0</speed_mph>
        </extensions>
      </trkpt>
      <trkpt lat="52.19938" lon="1.47981">
        <ele>0</ele>
        <time>2026-06-26T08:42:45.482Z</time>
        <name>937</name>
        <extensions>
          <speed_mps>13.411</speed_mps>
          <speed_mph>30.0</speed_mph>
        </extensions>
      </trkpt>
      <trkpt lat="52.19971" lon="1.47981">
        <ele>0</ele>
        <time>2026-06-26T08:42:48.238Z</time>
        <name>938</name>
        <extensions>
          <speed_mps>13.411</speed_mps>
          <speed_mph>30.0</speed_mph>
        </extensions>
      </trkpt>
      <trkpt lat="52.20004" lon="1.47979">
        <ele>0</ele>
        <time>2026-06-26T08:42:50.993Z</time>
        <name>939</name>
        <extensions>
          <speed_mps>13.411</speed_mps>
          <speed_mph>30.0</speed_mph>
        </extensions>
      </trkpt>
      <trkpt lat="52.20037" lon="1.47981">
        <ele>0</ele>
        <time>2026-06-26T08:42:53.727Z</time>
        <name>940</name>
        <extensions>
          <speed_mps>13.411</speed_mps>
          <speed_mph>30.0</speed_mph>
        </extensions>
      </trkpt>
      <trkpt lat="52.20070" lon="1.47973">
        <ele>0</ele>
        <time>2026-06-26T08:42:56.483Z</time>
        <name>941</name>
        <extensions>
          <speed_mps>13.411</speed_mps>
          <speed_mph>30.0</speed_mph>
        </extensions>
      </trkpt>
      <trkpt lat="52.20103" lon="1.47963">
        <ele>0</ele>
        <time>2026-06-26T08:42:59.237Z</time>
        <name>942</name>
        <extensions>
          <speed_mps>13.411</speed_mps>
          <speed_mph>30.0</speed_mph>
        </extensions>
      </trkpt>
      <trkpt lat="52.20135" lon="1.47952">
        <ele>0</ele>
        <time>2026-06-26T08:43:01.993Z</time>
        <name>943</name>
        <extensions>
          <speed_mps>13.411</speed_mps>
          <speed_mph>30.0</speed_mph>
        </extensions>
      </trkpt>
      <trkpt lat="52.20168" lon="1.47942">
        <ele>0</ele>
        <time>2026-06-26T08:43:04.748Z</time>
        <name>944</name>
        <extensions>
          <speed_mps>13.411</speed_mps>
          <speed_mph>30.0</speed_mph>
        </extensions>
      </trkpt>
      <trkpt lat="52.20200" lon="1.47931">
        <ele>0</ele>
        <time>2026-06-26T08:43:07.504Z</time>
        <name>945</name>
        <extensions>
          <speed_mps>13.411</speed_mps>
          <speed_mph>30.0</speed_mph>
        </extensions>
      </trkpt>
      <trkpt lat="52.20233" lon="1.47920">
        <ele>0</ele>
        <time>2026-06-26T08:43:10.259Z</time>
        <name>946</name>
        <extensions>
          <speed_mps>13.411</speed_mps>
          <speed_mph>30.0</speed_mph>
        </extensions>
      </trkpt>
      <trkpt lat="52.20266" lon="1.47910">
        <ele>0</ele>
        <time>2026-06-26T08:43:13.015Z</time>
        <name>947</name>
        <extensions>
          <speed_mps>13.411</speed_mps>
          <speed_mph>30.0</speed_mph>
        </extensions>
      </trkpt>
      <trkpt lat="52.20298" lon="1.47899">
        <ele>0</ele>
        <time>2026-06-26T08:43:15.770Z</time>
        <name>948</name>
        <extensions>
          <speed_mps>13.411</speed_mps>
          <speed_mph>30.0</speed_mph>
        </extensions>
      </trkpt>
      <trkpt lat="52.20331" lon="1.47890">
        <ele>0</ele>
        <time>2026-06-26T08:43:18.525Z</time>
        <name>949</name>
        <extensions>
          <speed_mps>13.411</speed_mps>
          <speed_mph>30.0</speed_mph>
        </extensions>
      </trkpt>
      <trkpt lat="52.20364" lon="1.47881">
        <ele>0</ele>
        <time>2026-06-26T08:43:21.281Z</time>
        <name>950</name>
        <extensions>
          <speed_mps>13.411</speed_mps>
          <speed_mph>30.0</speed_mph>
        </extensions>
      </trkpt>
      <trkpt lat="52.20396" lon="1.47872">
        <ele>0</ele>
        <time>2026-06-26T08:43:24.036Z</time>
        <name>951</name>
        <extensions>
          <speed_mps>13.411</speed_mps>
          <speed_mph>30.0</speed_mph>
        </extensions>
      </trkpt>
      <trkpt lat="52.20429" lon="1.47863">
        <ele>0</ele>
        <time>2026-06-26T08:43:26.792Z</time>
        <name>952</name>
        <extensions>
          <speed_mps>13.411</speed_mps>
          <speed_mph>30.0</speed_mph>
        </extensions>
      </trkpt>
      <trkpt lat="52.20462" lon="1.47855">
        <ele>0</ele>
        <time>2026-06-26T08:43:29.547Z</time>
        <name>953</name>
        <extensions>
          <speed_mps>13.411</speed_mps>
          <speed_mph>30.0</speed_mph>
        </extensions>
      </trkpt>
      <trkpt lat="52.20495" lon="1.47847">
        <ele>0</ele>
        <time>2026-06-26T08:43:32.303Z</time>
        <name>954</name>
        <extensions>
          <speed_mps>13.411</speed_mps>
          <speed_mph>30.0</speed_mph>
        </extensions>
      </trkpt>
      <trkpt lat="52.20528" lon="1.47839">
        <ele>0</ele>
        <time>2026-06-26T08:43:35.058Z</time>
        <name>955</name>
        <extensions>
          <speed_mps>13.411</speed_mps>
          <speed_mph>30.0</speed_mph>
        </extensions>
      </trkpt>
      <trkpt lat="52.20561" lon="1.47831">
        <ele>0</ele>
        <time>2026-06-26T08:43:37.814Z</time>
        <name>956</name>
        <extensions>
          <speed_mps>13.411</speed_mps>
          <speed_mph>30.0</speed_mph>
        </extensions>
      </trkpt>
      <trkpt lat="52.20594" lon="1.47823">
        <ele>0</ele>
        <time>2026-06-26T08:43:40.569Z</time>
        <name>957</name>
        <extensions>
          <speed_mps>13.411</speed_mps>
          <speed_mph>30.0</speed_mph>
        </extensions>
      </trkpt>
      <trkpt lat="52.20626" lon="1.47815">
        <ele>0</ele>
        <time>2026-06-26T08:43:43.325Z</time>
        <name>958</name>
        <extensions>
          <speed_mps>13.411</speed_mps>
          <speed_mph>30.0</speed_mph>
        </extensions>
      </trkpt>
      <trkpt lat="52.20659" lon="1.47807">
        <ele>0</ele>
        <time>2026-06-26T08:43:46.080Z</time>
        <name>959</name>
        <extensions>
          <speed_mps>13.411</speed_mps>
          <speed_mph>30.0</speed_mph>
        </extensions>
      </trkpt>
      <trkpt lat="52.20692" lon="1.47800">
        <ele>0</ele>
        <time>2026-06-26T08:43:48.836Z</time>
        <name>960</name>
        <extensions>
          <speed_mps>13.411</speed_mps>
          <speed_mph>30.0</speed_mph>
        </extensions>
      </trkpt>
      <trkpt lat="52.20725" lon="1.47794">
        <ele>0</ele>
        <time>2026-06-26T08:43:51.591Z</time>
        <name>961</name>
        <extensions>
          <speed_mps>13.411</speed_mps>
          <speed_mph>30.0</speed_mph>
        </extensions>
      </trkpt>
      <trkpt lat="52.20758" lon="1.47787">
        <ele>0</ele>
        <time>2026-06-26T08:43:54.347Z</time>
        <name>962</name>
        <extensions>
          <speed_mps>13.411</speed_mps>
          <speed_mph>30.0</speed_mph>
        </extensions>
      </trkpt>
      <trkpt lat="52.20791" lon="1.47781">
        <ele>0</ele>
        <time>2026-06-26T08:43:57.102Z</time>
        <name>963</name>
        <extensions>
          <speed_mps>13.411</speed_mps>
          <speed_mph>30.0</speed_mph>
        </extensions>
      </trkpt>
      <trkpt lat="52.20824" lon="1.47774">
        <ele>0</ele>
        <time>2026-06-26T08:43:59.858Z</time>
        <name>964</name>
        <extensions>
          <speed_mps>13.411</speed_mps>
          <speed_mph>30.0</speed_mph>
        </extensions>
      </trkpt>
      <trkpt lat="52.20857" lon="1.47768">
        <ele>0</ele>
        <time>2026-06-26T08:44:02.613Z</time>
        <name>965</name>
        <extensions>
          <speed_mps>13.411</speed_mps>
          <speed_mph>30.0</speed_mph>
        </extensions>
      </trkpt>
      <trkpt lat="52.20890" lon="1.47761">
        <ele>0</ele>
        <time>2026-06-26T08:44:05.369Z</time>
        <name>966</name>
        <extensions>
          <speed_mps>13.411</speed_mps>
          <speed_mph>30.0</speed_mph>
        </extensions>
      </trkpt>
      <trkpt lat="52.20923" lon="1.47756">
        <ele>0</ele>
        <time>2026-06-26T08:44:08.124Z</time>
        <name>967</name>
        <extensions>
          <speed_mps>13.411</speed_mps>
          <speed_mph>30.0</speed_mph>
        </extensions>
      </trkpt>
      <trkpt lat="52.20956" lon="1.47750">
        <ele>0</ele>
        <time>2026-06-26T08:44:10.880Z</time>
        <name>968</name>
        <extensions>
          <speed_mps>13.411</speed_mps>
          <speed_mph>30.0</speed_mph>
        </extensions>
      </trkpt>
      <trkpt lat="52.20990" lon="1.47746">
        <ele>0</ele>
        <time>2026-06-26T08:44:13.635Z</time>
        <name>969</name>
        <extensions>
          <speed_mps>13.411</speed_mps>
          <speed_mph>30.0</speed_mph>
        </extensions>
      </trkpt>
      <trkpt lat="52.21023" lon="1.47741">
        <ele>0</ele>
        <time>2026-06-26T08:44:16.390Z</time>
        <name>970</name>
        <extensions>
          <speed_mps>13.411</speed_mps>
          <speed_mph>30.0</speed_mph>
        </extensions>
      </trkpt>
      <trkpt lat="52.21056" lon="1.47737">
        <ele>0</ele>
        <time>2026-06-26T08:44:19.146Z</time>
        <name>971</name>
        <extensions>
          <speed_mps>13.411</speed_mps>
          <speed_mph>30.0</speed_mph>
        </extensions>
      </trkpt>
      <trkpt lat="52.21089" lon="1.47733">
        <ele>0</ele>
        <time>2026-06-26T08:44:21.901Z</time>
        <name>972</name>
        <extensions>
          <speed_mps>13.411</speed_mps>
          <speed_mph>30.0</speed_mph>
        </extensions>
      </trkpt>
      <trkpt lat="52.21122" lon="1.47728">
        <ele>0</ele>
        <time>2026-06-26T08:44:24.657Z</time>
        <name>973</name>
        <extensions>
          <speed_mps>13.411</speed_mps>
          <speed_mph>30.0</speed_mph>
        </extensions>
      </trkpt>
      <trkpt lat="52.21155" lon="1.47724">
        <ele>0</ele>
        <time>2026-06-26T08:44:27.412Z</time>
        <name>974</name>
        <extensions>
          <speed_mps>13.411</speed_mps>
          <speed_mph>30.0</speed_mph>
        </extensions>
      </trkpt>
      <trkpt lat="52.21188" lon="1.47719">
        <ele>0</ele>
        <time>2026-06-26T08:44:30.168Z</time>
        <name>975</name>
        <extensions>
          <speed_mps>13.411</speed_mps>
          <speed_mph>30.0</speed_mph>
        </extensions>
      </trkpt>
      <trkpt lat="52.21221" lon="1.47716">
        <ele>0</ele>
        <time>2026-06-26T08:44:32.923Z</time>
        <name>976</name>
        <extensions>
          <speed_mps>13.411</speed_mps>
          <speed_mph>30.0</speed_mph>
        </extensions>
      </trkpt>
      <trkpt lat="52.21255" lon="1.47713">
        <ele>0</ele>
        <time>2026-06-26T08:44:35.679Z</time>
        <name>977</name>
        <extensions>
          <speed_mps>13.411</speed_mps>
          <speed_mph>30.0</speed_mph>
        </extensions>
      </trkpt>
      <trkpt lat="52.21288" lon="1.47710">
        <ele>0</ele>
        <time>2026-06-26T08:44:38.434Z</time>
        <name>978</name>
        <extensions>
          <speed_mps>13.411</speed_mps>
          <speed_mph>30.0</speed_mph>
        </extensions>
      </trkpt>
      <trkpt lat="52.21321" lon="1.47706">
        <ele>0</ele>
        <time>2026-06-26T08:44:41.190Z</time>
        <name>979</name>
        <extensions>
          <speed_mps>13.411</speed_mps>
          <speed_mph>30.0</speed_mph>
        </extensions>
      </trkpt>
      <trkpt lat="52.21354" lon="1.47702">
        <ele>0</ele>
        <time>2026-06-26T08:44:43.945Z</time>
        <name>980</name>
        <extensions>
          <speed_mps>13.411</speed_mps>
          <speed_mph>30.0</speed_mph>
        </extensions>
      </trkpt>
      <trkpt lat="52.21387" lon="1.47700">
        <ele>0</ele>
        <time>2026-06-26T08:44:46.700Z</time>
        <name>981</name>
        <extensions>
          <speed_mps>13.411</speed_mps>
          <speed_mph>30.0</speed_mph>
        </extensions>
      </trkpt>
      <trkpt lat="52.21421" lon="1.47698">
        <ele>0</ele>
        <time>2026-06-26T08:44:49.456Z</time>
        <name>982</name>
        <extensions>
          <speed_mps>13.411</speed_mps>
          <speed_mph>30.0</speed_mph>
        </extensions>
      </trkpt>
      <trkpt lat="52.21454" lon="1.47696">
        <ele>0</ele>
        <time>2026-06-26T08:44:52.211Z</time>
        <name>983</name>
        <extensions>
          <speed_mps>13.411</speed_mps>
          <speed_mph>30.0</speed_mph>
        </extensions>
      </trkpt>
      <trkpt lat="52.21487" lon="1.47694">
        <ele>0</ele>
        <time>2026-06-26T08:44:54.967Z</time>
        <name>984</name>
        <extensions>
          <speed_mps>13.411</speed_mps>
          <speed_mph>30.0</speed_mph>
        </extensions>
      </trkpt>
      <trkpt lat="52.21520" lon="1.47692">
        <ele>0</ele>
        <time>2026-06-26T08:44:57.722Z</time>
        <name>985</name>
        <extensions>
          <speed_mps>13.411</speed_mps>
          <speed_mph>30.0</speed_mph>
        </extensions>
      </trkpt>
      <trkpt lat="52.21553" lon="1.47691">
        <ele>0</ele>
        <time>2026-06-26T08:45:00.478Z</time>
        <name>986</name>
        <extensions>
          <speed_mps>13.411</speed_mps>
          <speed_mph>30.0</speed_mph>
        </extensions>
      </trkpt>
      <trkpt lat="52.21587" lon="1.47690">
        <ele>0</ele>
        <time>2026-06-26T08:45:03.233Z</time>
        <name>987</name>
        <extensions>
          <speed_mps>13.411</speed_mps>
          <speed_mph>30.0</speed_mph>
        </extensions>
      </trkpt>
      <trkpt lat="52.21619" lon="1.47683">
        <ele>0</ele>
        <time>2026-06-26T08:45:05.959Z</time>
        <name>988</name>
        <extensions>
          <speed_mps>13.411</speed_mps>
          <speed_mph>30.0</speed_mph>
        </extensions>
      </trkpt>
      <trkpt lat="52.21652" lon="1.47681">
        <ele>0</ele>
        <time>2026-06-26T08:45:08.714Z</time>
        <name>989</name>
        <extensions>
          <speed_mps>13.411</speed_mps>
          <speed_mph>30.0</speed_mph>
        </extensions>
      </trkpt>
      <trkpt lat="52.21686" lon="1.47680">
        <ele>0</ele>
        <time>2026-06-26T08:45:11.469Z</time>
        <name>990</name>
        <extensions>
          <speed_mps>13.411</speed_mps>
          <speed_mph>30.0</speed_mph>
        </extensions>
      </trkpt>
      <trkpt lat="52.21719" lon="1.47679">
        <ele>0</ele>
        <time>2026-06-26T08:45:14.225Z</time>
        <name>991</name>
        <extensions>
          <speed_mps>13.411</speed_mps>
          <speed_mph>30.0</speed_mph>
        </extensions>
      </trkpt>
      <trkpt lat="52.21752" lon="1.47678">
        <ele>0</ele>
        <time>2026-06-26T08:45:16.980Z</time>
        <name>992</name>
        <extensions>
          <speed_mps>13.411</speed_mps>
          <speed_mph>30.0</speed_mph>
        </extensions>
      </trkpt>
      <trkpt lat="52.21785" lon="1.47677">
        <ele>0</ele>
        <time>2026-06-26T08:45:19.735Z</time>
        <name>993</name>
        <extensions>
          <speed_mps>13.411</speed_mps>
          <speed_mph>30.0</speed_mph>
        </extensions>
      </trkpt>
      <trkpt lat="52.21819" lon="1.47678">
        <ele>0</ele>
        <time>2026-06-26T08:45:22.491Z</time>
        <name>994</name>
        <extensions>
          <speed_mps>13.411</speed_mps>
          <speed_mph>30.0</speed_mph>
        </extensions>
      </trkpt>
      <trkpt lat="52.21852" lon="1.47681">
        <ele>0</ele>
        <time>2026-06-26T08:45:25.246Z</time>
        <name>995</name>
        <extensions>
          <speed_mps>13.411</speed_mps>
          <speed_mph>30.0</speed_mph>
        </extensions>
      </trkpt>
      <trkpt lat="52.21885" lon="1.47684">
        <ele>0</ele>
        <time>2026-06-26T08:45:28.002Z</time>
        <name>996</name>
        <extensions>
          <speed_mps>13.411</speed_mps>
          <speed_mph>30.0</speed_mph>
        </extensions>
      </trkpt>
      <trkpt lat="52.21918" lon="1.47690">
        <ele>0</ele>
        <time>2026-06-26T08:45:30.745Z</time>
        <name>997</name>
        <extensions>
          <speed_mps>13.411</speed_mps>
          <speed_mph>30.0</speed_mph>
        </extensions>
      </trkpt>
      <trkpt lat="52.21951" lon="1.47693">
        <ele>0</ele>
        <time>2026-06-26T08:45:33.492Z</time>
        <name>998</name>
        <extensions>
          <speed_mps>13.411</speed_mps>
          <speed_mph>30.0</speed_mph>
        </extensions>
      </trkpt>
      <trkpt lat="52.21984" lon="1.47695">
        <ele>0</ele>
        <time>2026-06-26T08:45:36.247Z</time>
        <name>999</name>
        <extensions>
          <speed_mps>13.411</speed_mps>
          <speed_mph>30.0</speed_mph>
        </extensions>
      </trkpt>
      <trkpt lat="52.22017" lon="1.47697">
        <ele>0</ele>
        <time>2026-06-26T08:45:39.003Z</time>
        <name>1000</name>
        <extensions>
          <speed_mps>13.411</speed_mps>
          <speed_mph>30.0</speed_mph>
        </extensions>
      </trkpt>
      <trkpt lat="52.22051" lon="1.47699">
        <ele>0</ele>
        <time>2026-06-26T08:45:41.758Z</time>
        <name>1001</name>
        <extensions>
          <speed_mps>13.411</speed_mps>
          <speed_mph>30.0</speed_mph>
        </extensions>
      </trkpt>
      <trkpt lat="52.22084" lon="1.47702">
        <ele>0</ele>
        <time>2026-06-26T08:45:44.514Z</time>
        <name>1002</name>
        <extensions>
          <speed_mps>13.411</speed_mps>
          <speed_mph>30.0</speed_mph>
        </extensions>
      </trkpt>
      <trkpt lat="52.22117" lon="1.47704">
        <ele>0</ele>
        <time>2026-06-26T08:45:47.269Z</time>
        <name>1003</name>
        <extensions>
          <speed_mps>13.411</speed_mps>
          <speed_mph>30.0</speed_mph>
        </extensions>
      </trkpt>
      <trkpt lat="52.22150" lon="1.47706">
        <ele>0</ele>
        <time>2026-06-26T08:45:50.025Z</time>
        <name>1004</name>
        <extensions>
          <speed_mps>13.411</speed_mps>
          <speed_mph>30.0</speed_mph>
        </extensions>
      </trkpt>
      <trkpt lat="52.22183" lon="1.47709">
        <ele>0</ele>
        <time>2026-06-26T08:45:52.780Z</time>
        <name>1005</name>
        <extensions>
          <speed_mps>13.411</speed_mps>
          <speed_mph>30.0</speed_mph>
        </extensions>
      </trkpt>
      <trkpt lat="52.22216" lon="1.47713">
        <ele>0</ele>
        <time>2026-06-26T08:45:55.536Z</time>
        <name>1006</name>
        <extensions>
          <speed_mps>13.411</speed_mps>
          <speed_mph>30.0</speed_mph>
        </extensions>
      </trkpt>
      <trkpt lat="52.22250" lon="1.47717">
        <ele>0</ele>
        <time>2026-06-26T08:45:58.291Z</time>
        <name>1007</name>
        <extensions>
          <speed_mps>13.411</speed_mps>
          <speed_mph>30.0</speed_mph>
        </extensions>
      </trkpt>
      <trkpt lat="52.22283" lon="1.47721">
        <ele>0</ele>
        <time>2026-06-26T08:46:01.047Z</time>
        <name>1008</name>
        <extensions>
          <speed_mps>13.411</speed_mps>
          <speed_mph>30.0</speed_mph>
        </extensions>
      </trkpt>
      <trkpt lat="52.22316" lon="1.47725">
        <ele>0</ele>
        <time>2026-06-26T08:46:03.802Z</time>
        <name>1009</name>
        <extensions>
          <speed_mps>13.411</speed_mps>
          <speed_mph>30.0</speed_mph>
        </extensions>
      </trkpt>
      <trkpt lat="52.22349" lon="1.47729">
        <ele>0</ele>
        <time>2026-06-26T08:46:06.557Z</time>
        <name>1010</name>
        <extensions>
          <speed_mps>13.411</speed_mps>
          <speed_mph>30.0</speed_mph>
        </extensions>
      </trkpt>
      <trkpt lat="52.22382" lon="1.47733">
        <ele>0</ele>
        <time>2026-06-26T08:46:09.313Z</time>
        <name>1011</name>
        <extensions>
          <speed_mps>13.411</speed_mps>
          <speed_mph>30.0</speed_mph>
        </extensions>
      </trkpt>
      <trkpt lat="52.22415" lon="1.47737">
        <ele>0</ele>
        <time>2026-06-26T08:46:12.068Z</time>
        <name>1012</name>
        <extensions>
          <speed_mps>13.411</speed_mps>
          <speed_mph>30.0</speed_mph>
        </extensions>
      </trkpt>
      <trkpt lat="52.22448" lon="1.47742">
        <ele>0</ele>
        <time>2026-06-26T08:46:14.824Z</time>
        <name>1013</name>
        <extensions>
          <speed_mps>13.411</speed_mps>
          <speed_mph>30.0</speed_mph>
        </extensions>
      </trkpt>
      <trkpt lat="52.22482" lon="1.47745">
        <ele>0</ele>
        <time>2026-06-26T08:46:17.579Z</time>
        <name>1014</name>
        <extensions>
          <speed_mps>13.411</speed_mps>
          <speed_mph>30.0</speed_mph>
        </extensions>
      </trkpt>
      <trkpt lat="52.22515" lon="1.47751">
        <ele>0</ele>
        <time>2026-06-26T08:46:20.334Z</time>
        <name>1015</name>
        <extensions>
          <speed_mps>13.411</speed_mps>
          <speed_mph>30.0</speed_mph>
        </extensions>
      </trkpt>
      <trkpt lat="52.22548" lon="1.47757">
        <ele>0</ele>
        <time>2026-06-26T08:46:23.090Z</time>
        <name>1016</name>
        <extensions>
          <speed_mps>13.411</speed_mps>
          <speed_mph>30.0</speed_mph>
        </extensions>
      </trkpt>
      <trkpt lat="52.22581" lon="1.47764">
        <ele>0</ele>
        <time>2026-06-26T08:46:25.845Z</time>
        <name>1017</name>
        <extensions>
          <speed_mps>13.411</speed_mps>
          <speed_mph>30.0</speed_mph>
        </extensions>
      </trkpt>
      <trkpt lat="52.22614" lon="1.47770">
        <ele>0</ele>
        <time>2026-06-26T08:46:28.601Z</time>
        <name>1018</name>
        <extensions>
          <speed_mps>13.411</speed_mps>
          <speed_mph>30.0</speed_mph>
        </extensions>
      </trkpt>
      <trkpt lat="52.22647" lon="1.47776">
        <ele>0</ele>
        <time>2026-06-26T08:46:31.356Z</time>
        <name>1019</name>
        <extensions>
          <speed_mps>13.411</speed_mps>
          <speed_mph>30.0</speed_mph>
        </extensions>
      </trkpt>
      <trkpt lat="52.22680" lon="1.47783">
        <ele>0</ele>
        <time>2026-06-26T08:46:34.112Z</time>
        <name>1020</name>
        <extensions>
          <speed_mps>13.411</speed_mps>
          <speed_mph>30.0</speed_mph>
        </extensions>
      </trkpt>
      <trkpt lat="52.22712" lon="1.47791">
        <ele>0</ele>
        <time>2026-06-26T08:46:36.865Z</time>
        <name>1021</name>
        <extensions>
          <speed_mps>13.411</speed_mps>
          <speed_mph>30.0</speed_mph>
        </extensions>
      </trkpt>
      <trkpt lat="52.22745" lon="1.47799">
        <ele>0</ele>
        <time>2026-06-26T08:46:39.621Z</time>
        <name>1022</name>
        <extensions>
          <speed_mps>13.411</speed_mps>
          <speed_mph>30.0</speed_mph>
        </extensions>
      </trkpt>
      <trkpt lat="52.22778" lon="1.47810">
        <ele>0</ele>
        <time>2026-06-26T08:46:42.375Z</time>
        <name>1023</name>
        <extensions>
          <speed_mps>13.411</speed_mps>
          <speed_mph>30.0</speed_mph>
        </extensions>
      </trkpt>
      <trkpt lat="52.22810" lon="1.47821">
        <ele>0</ele>
        <time>2026-06-26T08:46:45.131Z</time>
        <name>1024</name>
        <extensions>
          <speed_mps>13.411</speed_mps>
          <speed_mph>30.0</speed_mph>
        </extensions>
      </trkpt>
      <trkpt lat="52.22843" lon="1.47833">
        <ele>0</ele>
        <time>2026-06-26T08:46:47.886Z</time>
        <name>1025</name>
        <extensions>
          <speed_mps>13.411</speed_mps>
          <speed_mph>30.0</speed_mph>
        </extensions>
      </trkpt>
      <trkpt lat="52.22875" lon="1.47845">
        <ele>0</ele>
        <time>2026-06-26T08:46:50.642Z</time>
        <name>1026</name>
        <extensions>
          <speed_mps>13.411</speed_mps>
          <speed_mph>30.0</speed_mph>
        </extensions>
      </trkpt>
      <trkpt lat="52.22908" lon="1.47856">
        <ele>0</ele>
        <time>2026-06-26T08:46:53.397Z</time>
        <name>1027</name>
        <extensions>
          <speed_mps>13.411</speed_mps>
          <speed_mph>30.0</speed_mph>
        </extensions>
      </trkpt>
      <trkpt lat="52.22940" lon="1.47870">
        <ele>0</ele>
        <time>2026-06-26T08:46:56.152Z</time>
        <name>1028</name>
        <extensions>
          <speed_mps>13.411</speed_mps>
          <speed_mph>30.0</speed_mph>
        </extensions>
      </trkpt>
      <trkpt lat="52.22972" lon="1.47884">
        <ele>0</ele>
        <time>2026-06-26T08:46:58.908Z</time>
        <name>1029</name>
        <extensions>
          <speed_mps>13.411</speed_mps>
          <speed_mph>30.0</speed_mph>
        </extensions>
      </trkpt>
      <trkpt lat="52.23004" lon="1.47898">
        <ele>0</ele>
        <time>2026-06-26T08:47:01.663Z</time>
        <name>1030</name>
        <extensions>
          <speed_mps>13.411</speed_mps>
          <speed_mph>30.0</speed_mph>
        </extensions>
      </trkpt>
      <trkpt lat="52.23036" lon="1.47914">
        <ele>0</ele>
        <time>2026-06-26T08:47:04.419Z</time>
        <name>1031</name>
        <extensions>
          <speed_mps>13.411</speed_mps>
          <speed_mph>30.0</speed_mph>
        </extensions>
      </trkpt>
      <trkpt lat="52.23068" lon="1.47929">
        <ele>0</ele>
        <time>2026-06-26T08:47:07.174Z</time>
        <name>1032</name>
        <extensions>
          <speed_mps>13.411</speed_mps>
          <speed_mph>30.0</speed_mph>
        </extensions>
      </trkpt>
      <trkpt lat="52.23100" lon="1.47945">
        <ele>0</ele>
        <time>2026-06-26T08:47:09.929Z</time>
        <name>1033</name>
        <extensions>
          <speed_mps>13.411</speed_mps>
          <speed_mph>30.0</speed_mph>
        </extensions>
      </trkpt>
      <trkpt lat="52.23131" lon="1.47963">
        <ele>0</ele>
        <time>2026-06-26T08:47:12.684Z</time>
        <name>1034</name>
        <extensions>
          <speed_mps>13.411</speed_mps>
          <speed_mph>30.0</speed_mph>
        </extensions>
      </trkpt>
      <trkpt lat="52.23162" lon="1.47981">
        <ele>0</ele>
        <time>2026-06-26T08:47:15.440Z</time>
        <name>1035</name>
        <extensions>
          <speed_mps>13.411</speed_mps>
          <speed_mph>30.0</speed_mph>
        </extensions>
      </trkpt>
      <trkpt lat="52.23194" lon="1.48000">
        <ele>0</ele>
        <time>2026-06-26T08:47:18.195Z</time>
        <name>1036</name>
        <extensions>
          <speed_mps>13.411</speed_mps>
          <speed_mph>30.0</speed_mph>
        </extensions>
      </trkpt>
      <trkpt lat="52.23225" lon="1.48018">
        <ele>0</ele>
        <time>2026-06-26T08:47:20.951Z</time>
        <name>1037</name>
        <extensions>
          <speed_mps>13.411</speed_mps>
          <speed_mph>30.0</speed_mph>
        </extensions>
      </trkpt>
      <trkpt lat="52.23256" lon="1.48038">
        <ele>0</ele>
        <time>2026-06-26T08:47:23.705Z</time>
        <name>1038</name>
        <extensions>
          <speed_mps>13.411</speed_mps>
          <speed_mph>30.0</speed_mph>
        </extensions>
      </trkpt>
      <trkpt lat="52.23286" lon="1.48060">
        <ele>0</ele>
        <time>2026-06-26T08:47:26.461Z</time>
        <name>1039</name>
        <extensions>
          <speed_mps>13.411</speed_mps>
          <speed_mph>30.0</speed_mph>
        </extensions>
      </trkpt>
      <trkpt lat="52.23317" lon="1.48081">
        <ele>0</ele>
        <time>2026-06-26T08:47:29.216Z</time>
        <name>1040</name>
        <extensions>
          <speed_mps>13.411</speed_mps>
          <speed_mph>30.0</speed_mph>
        </extensions>
      </trkpt>
      <trkpt lat="52.23347" lon="1.48102">
        <ele>0</ele>
        <time>2026-06-26T08:47:31.972Z</time>
        <name>1041</name>
        <extensions>
          <speed_mps>13.411</speed_mps>
          <speed_mph>30.0</speed_mph>
        </extensions>
      </trkpt>
      <trkpt lat="52.23378" lon="1.48124">
        <ele>0</ele>
        <time>2026-06-26T08:47:34.727Z</time>
        <name>1042</name>
        <extensions>
          <speed_mps>13.411</speed_mps>
          <speed_mph>30.0</speed_mph>
        </extensions>
      </trkpt>
      <trkpt lat="52.23408" lon="1.48146">
        <ele>0</ele>
        <time>2026-06-26T08:47:37.483Z</time>
        <name>1043</name>
        <extensions>
          <speed_mps>13.411</speed_mps>
          <speed_mph>30.0</speed_mph>
        </extensions>
      </trkpt>
      <trkpt lat="52.23438" lon="1.48168">
        <ele>0</ele>
        <time>2026-06-26T08:47:40.238Z</time>
        <name>1044</name>
        <extensions>
          <speed_mps>13.411</speed_mps>
          <speed_mph>30.0</speed_mph>
        </extensions>
      </trkpt>
      <trkpt lat="52.23468" lon="1.48193">
        <ele>0</ele>
        <time>2026-06-26T08:47:42.993Z</time>
        <name>1045</name>
        <extensions>
          <speed_mps>13.411</speed_mps>
          <speed_mph>30.0</speed_mph>
        </extensions>
      </trkpt>
      <trkpt lat="52.23498" lon="1.48218">
        <ele>0</ele>
        <time>2026-06-26T08:47:45.749Z</time>
        <name>1046</name>
        <extensions>
          <speed_mps>13.411</speed_mps>
          <speed_mph>30.0</speed_mph>
        </extensions>
      </trkpt>
      <trkpt lat="52.23527" lon="1.48243">
        <ele>0</ele>
        <time>2026-06-26T08:47:48.504Z</time>
        <name>1047</name>
        <extensions>
          <speed_mps>13.411</speed_mps>
          <speed_mph>30.0</speed_mph>
        </extensions>
      </trkpt>
      <trkpt lat="52.23556" lon="1.48269">
        <ele>0</ele>
        <time>2026-06-26T08:47:51.260Z</time>
        <name>1048</name>
        <extensions>
          <speed_mps>13.411</speed_mps>
          <speed_mph>30.0</speed_mph>
        </extensions>
      </trkpt>
      <trkpt lat="52.23585" lon="1.48296">
        <ele>0</ele>
        <time>2026-06-26T08:47:54.015Z</time>
        <name>1049</name>
        <extensions>
          <speed_mps>13.411</speed_mps>
          <speed_mph>30.0</speed_mph>
        </extensions>
      </trkpt>
      <trkpt lat="52.23613" lon="1.48325">
        <ele>0</ele>
        <time>2026-06-26T08:47:56.770Z</time>
        <name>1050</name>
        <extensions>
          <speed_mps>13.411</speed_mps>
          <speed_mph>30.0</speed_mph>
        </extensions>
      </trkpt>
      <trkpt lat="52.23640" lon="1.48357">
        <ele>0</ele>
        <time>2026-06-26T08:47:59.524Z</time>
        <name>1051</name>
        <extensions>
          <speed_mps>13.411</speed_mps>
          <speed_mph>30.0</speed_mph>
        </extensions>
      </trkpt>
      <trkpt lat="52.23665" lon="1.48392">
        <ele>0</ele>
        <time>2026-06-26T08:48:02.278Z</time>
        <name>1052</name>
        <extensions>
          <speed_mps>13.411</speed_mps>
          <speed_mph>30.0</speed_mph>
        </extensions>
      </trkpt>
      <trkpt lat="52.23689" lon="1.48430">
        <ele>0</ele>
        <time>2026-06-26T08:48:05.032Z</time>
        <name>1053</name>
        <extensions>
          <speed_mps>13.411</speed_mps>
          <speed_mph>30.0</speed_mph>
        </extensions>
      </trkpt>
      <trkpt lat="52.23711" lon="1.48470">
        <ele>0</ele>
        <time>2026-06-26T08:48:07.786Z</time>
        <name>1054</name>
        <extensions>
          <speed_mps>13.411</speed_mps>
          <speed_mph>30.0</speed_mph>
        </extensions>
      </trkpt>
      <trkpt lat="52.23733" lon="1.48512">
        <ele>0</ele>
        <time>2026-06-26T08:48:10.541Z</time>
        <name>1055</name>
        <extensions>
          <speed_mps>13.411</speed_mps>
          <speed_mph>30.0</speed_mph>
        </extensions>
      </trkpt>
      <trkpt lat="52.23753" lon="1.48554">
        <ele>0</ele>
        <time>2026-06-26T08:48:13.296Z</time>
        <name>1056</name>
        <extensions>
          <speed_mps>13.411</speed_mps>
          <speed_mph>30.0</speed_mph>
        </extensions>
      </trkpt>
      <trkpt lat="52.23774" lon="1.48596">
        <ele>0</ele>
        <time>2026-06-26T08:48:16.052Z</time>
        <name>1057</name>
        <extensions>
          <speed_mps>13.411</speed_mps>
          <speed_mph>30.0</speed_mph>
        </extensions>
      </trkpt>
      <trkpt lat="52.23795" lon="1.48638">
        <ele>0</ele>
        <time>2026-06-26T08:48:18.807Z</time>
        <name>1058</name>
        <extensions>
          <speed_mps>13.411</speed_mps>
          <speed_mph>30.0</speed_mph>
        </extensions>
      </trkpt>
      <trkpt lat="52.23817" lon="1.48680">
        <ele>0</ele>
        <time>2026-06-26T08:48:21.563Z</time>
        <name>1059</name>
        <extensions>
          <speed_mps>13.411</speed_mps>
          <speed_mph>30.0</speed_mph>
        </extensions>
      </trkpt>
      <trkpt lat="52.23839" lon="1.48719">
        <ele>0</ele>
        <time>2026-06-26T08:48:24.316Z</time>
        <name>1060</name>
        <extensions>
          <speed_mps>13.411</speed_mps>
          <speed_mph>30.0</speed_mph>
        </extensions>
      </trkpt>
      <trkpt lat="52.23863" lon="1.48758">
        <ele>0</ele>
        <time>2026-06-26T08:48:27.070Z</time>
        <name>1061</name>
        <extensions>
          <speed_mps>13.411</speed_mps>
          <speed_mph>30.0</speed_mph>
        </extensions>
      </trkpt>
      <trkpt lat="52.23889" lon="1.48792">
        <ele>0</ele>
        <time>2026-06-26T08:48:29.825Z</time>
        <name>1062</name>
        <extensions>
          <speed_mps>13.411</speed_mps>
          <speed_mph>30.0</speed_mph>
        </extensions>
      </trkpt>
      <trkpt lat="52.23917" lon="1.48821">
        <ele>0</ele>
        <time>2026-06-26T08:48:32.580Z</time>
        <name>1063</name>
        <extensions>
          <speed_mps>13.411</speed_mps>
          <speed_mph>30.0</speed_mph>
        </extensions>
      </trkpt>
      <trkpt lat="52.23946" lon="1.48848">
        <ele>0</ele>
        <time>2026-06-26T08:48:35.335Z</time>
        <name>1064</name>
        <extensions>
          <speed_mps>13.411</speed_mps>
          <speed_mph>30.0</speed_mph>
        </extensions>
      </trkpt>
      <trkpt lat="52.23976" lon="1.48870">
        <ele>0</ele>
        <time>2026-06-26T08:48:38.090Z</time>
        <name>1065</name>
        <extensions>
          <speed_mps>13.411</speed_mps>
          <speed_mph>30.0</speed_mph>
        </extensions>
      </trkpt>
      <trkpt lat="52.24007" lon="1.48889">
        <ele>0</ele>
        <time>2026-06-26T08:48:40.845Z</time>
        <name>1066</name>
        <extensions>
          <speed_mps>13.411</speed_mps>
          <speed_mph>30.0</speed_mph>
        </extensions>
      </trkpt>
      <trkpt lat="52.24039" lon="1.48905">
        <ele>0</ele>
        <time>2026-06-26T08:48:43.601Z</time>
        <name>1067</name>
        <extensions>
          <speed_mps>13.411</speed_mps>
          <speed_mph>30.0</speed_mph>
        </extensions>
      </trkpt>
      <trkpt lat="52.24071" lon="1.48919">
        <ele>0</ele>
        <time>2026-06-26T08:48:46.356Z</time>
        <name>1068</name>
        <extensions>
          <speed_mps>13.411</speed_mps>
          <speed_mph>30.0</speed_mph>
        </extensions>
      </trkpt>
      <trkpt lat="52.24103" lon="1.48931">
        <ele>0</ele>
        <time>2026-06-26T08:48:49.111Z</time>
        <name>1069</name>
        <extensions>
          <speed_mps>13.411</speed_mps>
          <speed_mph>30.0</speed_mph>
        </extensions>
      </trkpt>
      <trkpt lat="52.24136" lon="1.48943">
        <ele>0</ele>
        <time>2026-06-26T08:48:51.867Z</time>
        <name>1070</name>
        <extensions>
          <speed_mps>13.411</speed_mps>
          <speed_mph>30.0</speed_mph>
        </extensions>
      </trkpt>
      <trkpt lat="52.24168" lon="1.48955">
        <ele>0</ele>
        <time>2026-06-26T08:48:54.622Z</time>
        <name>1071</name>
        <extensions>
          <speed_mps>13.411</speed_mps>
          <speed_mph>30.0</speed_mph>
        </extensions>
      </trkpt>
      <trkpt lat="52.24201" lon="1.48966">
        <ele>0</ele>
        <time>2026-06-26T08:48:57.377Z</time>
        <name>1072</name>
        <extensions>
          <speed_mps>13.411</speed_mps>
          <speed_mph>30.0</speed_mph>
        </extensions>
      </trkpt>
      <trkpt lat="52.24233" lon="1.48977">
        <ele>0</ele>
        <time>2026-06-26T08:49:00.133Z</time>
        <name>1073</name>
        <extensions>
          <speed_mps>13.411</speed_mps>
          <speed_mph>30.0</speed_mph>
        </extensions>
      </trkpt>
      <trkpt lat="52.24266" lon="1.48988">
        <ele>0</ele>
        <time>2026-06-26T08:49:02.888Z</time>
        <name>1074</name>
        <extensions>
          <speed_mps>13.411</speed_mps>
          <speed_mph>30.0</speed_mph>
        </extensions>
      </trkpt>
      <trkpt lat="52.24298" lon="1.49000">
        <ele>0</ele>
        <time>2026-06-26T08:49:05.644Z</time>
        <name>1075</name>
        <extensions>
          <speed_mps>13.411</speed_mps>
          <speed_mph>30.0</speed_mph>
        </extensions>
      </trkpt>
      <trkpt lat="52.24331" lon="1.49011">
        <ele>0</ele>
        <time>2026-06-26T08:49:08.399Z</time>
        <name>1076</name>
        <extensions>
          <speed_mps>13.411</speed_mps>
          <speed_mph>30.0</speed_mph>
        </extensions>
      </trkpt>
      <trkpt lat="52.24363" lon="1.49023">
        <ele>0</ele>
        <time>2026-06-26T08:49:11.155Z</time>
        <name>1077</name>
        <extensions>
          <speed_mps>13.411</speed_mps>
          <speed_mph>30.0</speed_mph>
        </extensions>
      </trkpt>
      <trkpt lat="52.24395" lon="1.49038">
        <ele>0</ele>
        <time>2026-06-26T08:49:13.910Z</time>
        <name>1078</name>
        <extensions>
          <speed_mps>13.411</speed_mps>
          <speed_mph>30.0</speed_mph>
        </extensions>
      </trkpt>
      <trkpt lat="52.24427" lon="1.49054">
        <ele>0</ele>
        <time>2026-06-26T08:49:16.665Z</time>
        <name>1079</name>
        <extensions>
          <speed_mps>13.411</speed_mps>
          <speed_mph>30.0</speed_mph>
        </extensions>
      </trkpt>
      <trkpt lat="52.24458" lon="1.49071">
        <ele>0</ele>
        <time>2026-06-26T08:49:19.420Z</time>
        <name>1080</name>
        <extensions>
          <speed_mps>13.411</speed_mps>
          <speed_mph>30.0</speed_mph>
        </extensions>
      </trkpt>
      <trkpt lat="52.24490" lon="1.49089">
        <ele>0</ele>
        <time>2026-06-26T08:49:22.176Z</time>
        <name>1081</name>
        <extensions>
          <speed_mps>13.411</speed_mps>
          <speed_mph>30.0</speed_mph>
        </extensions>
      </trkpt>
      <trkpt lat="52.24521" lon="1.49108">
        <ele>0</ele>
        <time>2026-06-26T08:49:24.931Z</time>
        <name>1082</name>
        <extensions>
          <speed_mps>13.411</speed_mps>
          <speed_mph>30.0</speed_mph>
        </extensions>
      </trkpt>
      <trkpt lat="52.24552" lon="1.49128">
        <ele>0</ele>
        <time>2026-06-26T08:49:27.687Z</time>
        <name>1083</name>
        <extensions>
          <speed_mps>13.411</speed_mps>
          <speed_mph>30.0</speed_mph>
        </extensions>
      </trkpt>
      <trkpt lat="52.24583" lon="1.49147">
        <ele>0</ele>
        <time>2026-06-26T08:49:30.442Z</time>
        <name>1084</name>
        <extensions>
          <speed_mps>13.411</speed_mps>
          <speed_mph>30.0</speed_mph>
        </extensions>
      </trkpt>
      <trkpt lat="52.24614" lon="1.49166">
        <ele>0</ele>
        <time>2026-06-26T08:49:33.198Z</time>
        <name>1085</name>
        <extensions>
          <speed_mps>13.411</speed_mps>
          <speed_mph>30.0</speed_mph>
        </extensions>
      </trkpt>
      <trkpt lat="52.24645" lon="1.49185">
        <ele>0</ele>
        <time>2026-06-26T08:49:35.953Z</time>
        <name>1086</name>
        <extensions>
          <speed_mps>13.411</speed_mps>
          <speed_mph>30.0</speed_mph>
        </extensions>
      </trkpt>
      <trkpt lat="52.24676" lon="1.49204">
        <ele>0</ele>
        <time>2026-06-26T08:49:38.709Z</time>
        <name>1087</name>
        <extensions>
          <speed_mps>13.411</speed_mps>
          <speed_mph>30.0</speed_mph>
        </extensions>
      </trkpt>
      <trkpt lat="52.24708" lon="1.49223">
        <ele>0</ele>
        <time>2026-06-26T08:49:41.464Z</time>
        <name>1088</name>
        <extensions>
          <speed_mps>13.411</speed_mps>
          <speed_mph>30.0</speed_mph>
        </extensions>
      </trkpt>
      <trkpt lat="52.24739" lon="1.49243">
        <ele>0</ele>
        <time>2026-06-26T08:49:44.219Z</time>
        <name>1089</name>
        <extensions>
          <speed_mps>13.411</speed_mps>
          <speed_mph>30.0</speed_mph>
        </extensions>
      </trkpt>
      <trkpt lat="52.24769" lon="1.49264">
        <ele>0</ele>
        <time>2026-06-26T08:49:46.975Z</time>
        <name>1090</name>
        <extensions>
          <speed_mps>13.411</speed_mps>
          <speed_mph>30.0</speed_mph>
        </extensions>
      </trkpt>
      <trkpt lat="52.24800" lon="1.49284">
        <ele>0</ele>
        <time>2026-06-26T08:49:49.730Z</time>
        <name>1091</name>
        <extensions>
          <speed_mps>13.411</speed_mps>
          <speed_mph>30.0</speed_mph>
        </extensions>
      </trkpt>
      <trkpt lat="52.24831" lon="1.49305">
        <ele>0</ele>
        <time>2026-06-26T08:49:52.486Z</time>
        <name>1092</name>
        <extensions>
          <speed_mps>13.411</speed_mps>
          <speed_mph>30.0</speed_mph>
        </extensions>
      </trkpt>
      <trkpt lat="52.24861" lon="1.49326">
        <ele>0</ele>
        <time>2026-06-26T08:49:55.241Z</time>
        <name>1093</name>
        <extensions>
          <speed_mps>13.411</speed_mps>
          <speed_mph>30.0</speed_mph>
        </extensions>
      </trkpt>
      <trkpt lat="52.24892" lon="1.49349">
        <ele>0</ele>
        <time>2026-06-26T08:49:57.995Z</time>
        <name>1094</name>
        <extensions>
          <speed_mps>13.411</speed_mps>
          <speed_mph>30.0</speed_mph>
        </extensions>
      </trkpt>
      <trkpt lat="52.24922" lon="1.49371">
        <ele>0</ele>
        <time>2026-06-26T08:50:00.751Z</time>
        <name>1095</name>
        <extensions>
          <speed_mps>13.411</speed_mps>
          <speed_mph>30.0</speed_mph>
        </extensions>
      </trkpt>
      <trkpt lat="52.24952" lon="1.49394">
        <ele>0</ele>
        <time>2026-06-26T08:50:03.506Z</time>
        <name>1096</name>
        <extensions>
          <speed_mps>13.411</speed_mps>
          <speed_mph>30.0</speed_mph>
        </extensions>
      </trkpt>
      <trkpt lat="52.24982" lon="1.49417">
        <ele>0</ele>
        <time>2026-06-26T08:50:06.262Z</time>
        <name>1097</name>
        <extensions>
          <speed_mps>13.411</speed_mps>
          <speed_mph>30.0</speed_mph>
        </extensions>
      </trkpt>
      <trkpt lat="52.25012" lon="1.49441">
        <ele>0</ele>
        <time>2026-06-26T08:50:09.017Z</time>
        <name>1098</name>
        <extensions>
          <speed_mps>13.411</speed_mps>
          <speed_mph>30.0</speed_mph>
        </extensions>
      </trkpt>
      <trkpt lat="52.25042" lon="1.49464">
        <ele>0</ele>
        <time>2026-06-26T08:50:11.772Z</time>
        <name>1099</name>
        <extensions>
          <speed_mps>13.411</speed_mps>
          <speed_mph>30.0</speed_mph>
        </extensions>
      </trkpt>
      <trkpt lat="52.25072" lon="1.49486">
        <ele>0</ele>
        <time>2026-06-26T08:50:14.528Z</time>
        <name>1100</name>
        <extensions>
          <speed_mps>13.411</speed_mps>
          <speed_mph>30.0</speed_mph>
        </extensions>
      </trkpt>
      <trkpt lat="52.25103" lon="1.49508">
        <ele>0</ele>
        <time>2026-06-26T08:50:17.283Z</time>
        <name>1101</name>
        <extensions>
          <speed_mps>13.411</speed_mps>
          <speed_mph>30.0</speed_mph>
        </extensions>
      </trkpt>
      <trkpt lat="52.25133" lon="1.49531">
        <ele>0</ele>
        <time>2026-06-26T08:50:20.037Z</time>
        <name>1102</name>
        <extensions>
          <speed_mps>13.411</speed_mps>
          <speed_mph>30.0</speed_mph>
        </extensions>
      </trkpt>
      <trkpt lat="52.25162" lon="1.49556">
        <ele>0</ele>
        <time>2026-06-26T08:50:22.793Z</time>
        <name>1103</name>
        <extensions>
          <speed_mps>13.411</speed_mps>
          <speed_mph>30.0</speed_mph>
        </extensions>
      </trkpt>
      <trkpt lat="52.25192" lon="1.49580">
        <ele>0</ele>
        <time>2026-06-26T08:50:25.548Z</time>
        <name>1104</name>
        <extensions>
          <speed_mps>13.411</speed_mps>
          <speed_mph>30.0</speed_mph>
        </extensions>
      </trkpt>
      <trkpt lat="52.25221" lon="1.49605">
        <ele>0</ele>
        <time>2026-06-26T08:50:28.304Z</time>
        <name>1105</name>
        <extensions>
          <speed_mps>13.411</speed_mps>
          <speed_mph>30.0</speed_mph>
        </extensions>
      </trkpt>
      <trkpt lat="52.25250" lon="1.49634">
        <ele>0</ele>
        <time>2026-06-26T08:50:31.058Z</time>
        <name>1106</name>
        <extensions>
          <speed_mps>13.411</speed_mps>
          <speed_mph>30.0</speed_mph>
        </extensions>
      </trkpt>
      <trkpt lat="52.25278" lon="1.49663">
        <ele>0</ele>
        <time>2026-06-26T08:50:33.813Z</time>
        <name>1107</name>
        <extensions>
          <speed_mps>13.411</speed_mps>
          <speed_mph>30.0</speed_mph>
        </extensions>
      </trkpt>
      <trkpt lat="52.25306" lon="1.49693">
        <ele>0</ele>
        <time>2026-06-26T08:50:36.569Z</time>
        <name>1108</name>
        <extensions>
          <speed_mps>13.411</speed_mps>
          <speed_mph>30.0</speed_mph>
        </extensions>
      </trkpt>
      <trkpt lat="52.25332" lon="1.49726">
        <ele>0</ele>
        <time>2026-06-26T08:50:39.319Z</time>
        <name>1109</name>
        <extensions>
          <speed_mps>13.411</speed_mps>
          <speed_mph>30.0</speed_mph>
        </extensions>
      </trkpt>
      <trkpt lat="52.25357" lon="1.49761">
        <ele>0</ele>
        <time>2026-06-26T08:50:42.074Z</time>
        <name>1110</name>
        <extensions>
          <speed_mps>13.411</speed_mps>
          <speed_mph>30.0</speed_mph>
        </extensions>
      </trkpt>
      <trkpt lat="52.25381" lon="1.49799">
        <ele>0</ele>
        <time>2026-06-26T08:50:44.810Z</time>
        <name>1111</name>
        <extensions>
          <speed_mps>13.411</speed_mps>
          <speed_mph>30.0</speed_mph>
        </extensions>
      </trkpt>
      <trkpt lat="52.25400" lon="1.49844">
        <ele>0</ele>
        <time>2026-06-26T08:50:47.565Z</time>
        <name>1112</name>
        <extensions>
          <speed_mps>13.411</speed_mps>
          <speed_mph>30.0</speed_mph>
        </extensions>
      </trkpt>
      <trkpt lat="52.25419" lon="1.49888">
        <ele>0</ele>
        <time>2026-06-26T08:50:50.321Z</time>
        <name>1113</name>
        <extensions>
          <speed_mps>13.411</speed_mps>
          <speed_mph>30.0</speed_mph>
        </extensions>
      </trkpt>
      <trkpt lat="52.25438" lon="1.49933">
        <ele>0</ele>
        <time>2026-06-26T08:50:53.076Z</time>
        <name>1114</name>
        <extensions>
          <speed_mps>13.411</speed_mps>
          <speed_mph>30.0</speed_mph>
        </extensions>
      </trkpt>
      <trkpt lat="52.25457" lon="1.49977">
        <ele>0</ele>
        <time>2026-06-26T08:50:55.830Z</time>
        <name>1115</name>
        <extensions>
          <speed_mps>13.411</speed_mps>
          <speed_mph>30.0</speed_mph>
        </extensions>
      </trkpt>
      <trkpt lat="52.25480" lon="1.50015">
        <ele>0</ele>
        <time>2026-06-26T08:50:58.586Z</time>
        <name>1116</name>
        <extensions>
          <speed_mps>13.411</speed_mps>
          <speed_mph>30.0</speed_mph>
        </extensions>
      </trkpt>
      <trkpt lat="52.25504" lon="1.50053">
        <ele>0</ele>
        <time>2026-06-26T08:51:01.341Z</time>
        <name>1117</name>
        <extensions>
          <speed_mps>13.411</speed_mps>
          <speed_mph>30.0</speed_mph>
        </extensions>
      </trkpt>
      <trkpt lat="52.25531" lon="1.50086">
        <ele>0</ele>
        <time>2026-06-26T08:51:04.093Z</time>
        <name>1118</name>
        <extensions>
          <speed_mps>13.411</speed_mps>
          <speed_mph>30.0</speed_mph>
        </extensions>
      </trkpt>
      <trkpt lat="52.25557" lon="1.50118">
        <ele>0</ele>
        <time>2026-06-26T08:51:06.849Z</time>
        <name>1119</name>
        <extensions>
          <speed_mps>13.411</speed_mps>
          <speed_mph>30.0</speed_mph>
        </extensions>
      </trkpt>
      <trkpt lat="52.25571" lon="1.50153">
        <ele>0</ele>
        <time>2026-06-26T08:51:08.960Z</time>
        <name>1120</name>
        <extensions>
          <speed_mps>13.411</speed_mps>
          <speed_mph>30.0</speed_mph>
        </extensions>
      </trkpt>
      <trkpt lat="52.25550" lon="1.50195">
        <ele>0</ele>
        <time>2026-06-26T08:51:11.715Z</time>
        <name>1121</name>
        <extensions>
          <speed_mps>13.411</speed_mps>
          <speed_mph>30.0</speed_mph>
        </extensions>
      </trkpt>
      <trkpt lat="52.25530" lon="1.50238">
        <ele>0</ele>
        <time>2026-06-26T08:51:14.465Z</time>
        <name>1122</name>
        <extensions>
          <speed_mps>13.411</speed_mps>
          <speed_mph>30.0</speed_mph>
        </extensions>
      </trkpt>
      <trkpt lat="52.25513" lon="1.50285">
        <ele>0</ele>
        <time>2026-06-26T08:51:17.221Z</time>
        <name>1123</name>
        <extensions>
          <speed_mps>13.411</speed_mps>
          <speed_mph>30.0</speed_mph>
        </extensions>
      </trkpt>
      <trkpt lat="52.25493" lon="1.50328">
        <ele>0</ele>
        <time>2026-06-26T08:51:19.976Z</time>
        <name>1124</name>
        <extensions>
          <speed_mps>13.411</speed_mps>
          <speed_mph>30.0</speed_mph>
        </extensions>
      </trkpt>
      <trkpt lat="52.25475" lon="1.50374">
        <ele>0</ele>
        <time>2026-06-26T08:51:22.724Z</time>
        <name>1125</name>
        <extensions>
          <speed_mps>13.411</speed_mps>
          <speed_mph>30.0</speed_mph>
        </extensions>
      </trkpt>
      <trkpt lat="52.25471" lon="1.50389">
        <ele>0</ele>
        <time>2026-06-26T08:51:23.558Z</time>
        <name>1126</name>
        <extensions>
          <speed_mps>13.411</speed_mps>
          <speed_mph>30.0</speed_mph>
        </extensions>
      </trkpt>
      <trkpt lat="52.25487" lon="1.50342">
        <ele>0</ele>
        <time>2026-06-26T08:51:26.307Z</time>
        <name>1127</name>
        <extensions>
          <speed_mps>13.411</speed_mps>
          <speed_mph>30.0</speed_mph>
        </extensions>
      </trkpt>
      <trkpt lat="52.25507" lon="1.50298">
        <ele>0</ele>
        <time>2026-06-26T08:51:29.062Z</time>
        <name>1128</name>
        <extensions>
          <speed_mps>13.411</speed_mps>
          <speed_mph>30.0</speed_mph>
        </extensions>
      </trkpt>
      <trkpt lat="52.25525" lon="1.50252">
        <ele>0</ele>
        <time>2026-06-26T08:51:31.816Z</time>
        <name>1129</name>
        <extensions>
          <speed_mps>13.411</speed_mps>
          <speed_mph>30.0</speed_mph>
        </extensions>
      </trkpt>
      <trkpt lat="52.25544" lon="1.50208">
        <ele>0</ele>
        <time>2026-06-26T08:51:34.565Z</time>
        <name>1130</name>
        <extensions>
          <speed_mps>13.411</speed_mps>
          <speed_mph>30.0</speed_mph>
        </extensions>
      </trkpt>
      <trkpt lat="52.25565" lon="1.50166">
        <ele>0</ele>
        <time>2026-06-26T08:51:37.320Z</time>
        <name>1131</name>
        <extensions>
          <speed_mps>13.411</speed_mps>
          <speed_mph>30.0</speed_mph>
        </extensions>
      </trkpt>
      <trkpt lat="52.25588" lon="1.50154">
        <ele>0</ele>
        <time>2026-06-26T08:51:39.318Z</time>
        <name>1132</name>
        <extensions>
          <speed_mps>13.411</speed_mps>
          <speed_mph>30.0</speed_mph>
        </extensions>
      </trkpt>
      <trkpt lat="52.25615" lon="1.50186">
        <ele>0</ele>
        <time>2026-06-26T08:51:42.073Z</time>
        <name>1133</name>
        <extensions>
          <speed_mps>13.411</speed_mps>
          <speed_mph>30.0</speed_mph>
        </extensions>
      </trkpt>
      <trkpt lat="52.25642" lon="1.50218">
        <ele>0</ele>
        <time>2026-06-26T08:51:44.829Z</time>
        <name>1134</name>
        <extensions>
          <speed_mps>13.411</speed_mps>
          <speed_mph>30.0</speed_mph>
        </extensions>
      </trkpt>
      <trkpt lat="52.25668" lon="1.50250">
        <ele>0</ele>
        <time>2026-06-26T08:51:47.584Z</time>
        <name>1135</name>
        <extensions>
          <speed_mps>13.411</speed_mps>
          <speed_mph>30.0</speed_mph>
        </extensions>
      </trkpt>
      <trkpt lat="52.25695" lon="1.50282">
        <ele>0</ele>
        <time>2026-06-26T08:51:50.340Z</time>
        <name>1136</name>
        <extensions>
          <speed_mps>13.411</speed_mps>
          <speed_mph>30.0</speed_mph>
        </extensions>
      </trkpt>
      <trkpt lat="52.25722" lon="1.50315">
        <ele>0</ele>
        <time>2026-06-26T08:51:53.095Z</time>
        <name>1137</name>
        <extensions>
          <speed_mps>13.411</speed_mps>
          <speed_mph>30.0</speed_mph>
        </extensions>
      </trkpt>
      <trkpt lat="52.25749" lon="1.50347">
        <ele>0</ele>
        <time>2026-06-26T08:51:55.850Z</time>
        <name>1138</name>
        <extensions>
          <speed_mps>13.411</speed_mps>
          <speed_mph>30.0</speed_mph>
        </extensions>
      </trkpt>
      <trkpt lat="52.25776" lon="1.50379">
        <ele>0</ele>
        <time>2026-06-26T08:51:58.606Z</time>
        <name>1139</name>
        <extensions>
          <speed_mps>13.411</speed_mps>
          <speed_mph>30.0</speed_mph>
        </extensions>
      </trkpt>
      <trkpt lat="52.25804" lon="1.50408">
        <ele>0</ele>
        <time>2026-06-26T08:52:01.361Z</time>
        <name>1140</name>
        <extensions>
          <speed_mps>13.411</speed_mps>
          <speed_mph>30.0</speed_mph>
        </extensions>
      </trkpt>
      <trkpt lat="52.25831" lon="1.50438">
        <ele>0</ele>
        <time>2026-06-26T08:52:04.117Z</time>
        <name>1141</name>
        <extensions>
          <speed_mps>13.411</speed_mps>
          <speed_mph>30.0</speed_mph>
        </extensions>
      </trkpt>
      <trkpt lat="52.25859" lon="1.50467">
        <ele>0</ele>
        <time>2026-06-26T08:52:06.872Z</time>
        <name>1142</name>
        <extensions>
          <speed_mps>13.411</speed_mps>
          <speed_mph>30.0</speed_mph>
        </extensions>
      </trkpt>
      <trkpt lat="52.25887" lon="1.50497">
        <ele>0</ele>
        <time>2026-06-26T08:52:09.628Z</time>
        <name>1143</name>
        <extensions>
          <speed_mps>13.411</speed_mps>
          <speed_mph>30.0</speed_mph>
        </extensions>
      </trkpt>
      <trkpt lat="52.25915" lon="1.50527">
        <ele>0</ele>
        <time>2026-06-26T08:52:12.383Z</time>
        <name>1144</name>
        <extensions>
          <speed_mps>13.411</speed_mps>
          <speed_mph>30.0</speed_mph>
        </extensions>
      </trkpt>
      <trkpt lat="52.25943" lon="1.50556">
        <ele>0</ele>
        <time>2026-06-26T08:52:15.139Z</time>
        <name>1145</name>
        <extensions>
          <speed_mps>13.411</speed_mps>
          <speed_mph>30.0</speed_mph>
        </extensions>
      </trkpt>
      <trkpt lat="52.25971" lon="1.50586">
        <ele>0</ele>
        <time>2026-06-26T08:52:17.894Z</time>
        <name>1146</name>
        <extensions>
          <speed_mps>13.411</speed_mps>
          <speed_mph>30.0</speed_mph>
        </extensions>
      </trkpt>
      <trkpt lat="52.25999" lon="1.50616">
        <ele>0</ele>
        <time>2026-06-26T08:52:20.650Z</time>
        <name>1147</name>
        <extensions>
          <speed_mps>13.411</speed_mps>
          <speed_mph>30.0</speed_mph>
        </extensions>
      </trkpt>
      <trkpt lat="52.26027" lon="1.50644">
        <ele>0</ele>
        <time>2026-06-26T08:52:23.403Z</time>
        <name>1148</name>
        <extensions>
          <speed_mps>13.411</speed_mps>
          <speed_mph>30.0</speed_mph>
        </extensions>
      </trkpt>
      <trkpt lat="52.26056" lon="1.50669">
        <ele>0</ele>
        <time>2026-06-26T08:52:26.158Z</time>
        <name>1149</name>
        <extensions>
          <speed_mps>13.411</speed_mps>
          <speed_mph>30.0</speed_mph>
        </extensions>
      </trkpt>
      <trkpt lat="52.26086" lon="1.50692">
        <ele>0</ele>
        <time>2026-06-26T08:52:28.906Z</time>
        <name>1150</name>
        <extensions>
          <speed_mps>13.411</speed_mps>
          <speed_mph>30.0</speed_mph>
        </extensions>
      </trkpt>
      <trkpt lat="52.26118" lon="1.50707">
        <ele>0</ele>
        <time>2026-06-26T08:52:31.662Z</time>
        <name>1151</name>
        <extensions>
          <speed_mps>13.411</speed_mps>
          <speed_mph>30.0</speed_mph>
        </extensions>
      </trkpt>
      <trkpt lat="52.26150" lon="1.50725">
        <ele>0</ele>
        <time>2026-06-26T08:52:34.415Z</time>
        <name>1152</name>
        <extensions>
          <speed_mps>13.411</speed_mps>
          <speed_mph>30.0</speed_mph>
        </extensions>
      </trkpt>
      <trkpt lat="52.26181" lon="1.50744">
        <ele>0</ele>
        <time>2026-06-26T08:52:37.171Z</time>
        <name>1153</name>
        <extensions>
          <speed_mps>13.411</speed_mps>
          <speed_mph>30.0</speed_mph>
        </extensions>
      </trkpt>
      <trkpt lat="52.26212" lon="1.50764">
        <ele>0</ele>
        <time>2026-06-26T08:52:39.926Z</time>
        <name>1154</name>
        <extensions>
          <speed_mps>13.411</speed_mps>
          <speed_mph>30.0</speed_mph>
        </extensions>
      </trkpt>
      <trkpt lat="52.26242" lon="1.50784">
        <ele>0</ele>
        <time>2026-06-26T08:52:42.682Z</time>
        <name>1155</name>
        <extensions>
          <speed_mps>13.411</speed_mps>
          <speed_mph>30.0</speed_mph>
        </extensions>
      </trkpt>
      <trkpt lat="52.26273" lon="1.50807">
        <ele>0</ele>
        <time>2026-06-26T08:52:45.436Z</time>
        <name>1156</name>
        <extensions>
          <speed_mps>13.411</speed_mps>
          <speed_mph>30.0</speed_mph>
        </extensions>
      </trkpt>
      <trkpt lat="52.26301" lon="1.50834">
        <ele>0</ele>
        <time>2026-06-26T08:52:48.184Z</time>
        <name>1157</name>
        <extensions>
          <speed_mps>13.411</speed_mps>
          <speed_mph>30.0</speed_mph>
        </extensions>
      </trkpt>
      <trkpt lat="52.26326" lon="1.50869">
        <ele>0</ele>
        <time>2026-06-26T08:52:50.926Z</time>
        <name>1158</name>
        <extensions>
          <speed_mps>13.411</speed_mps>
          <speed_mph>30.0</speed_mph>
        </extensions>
      </trkpt>
      <trkpt lat="52.26352" lon="1.50905">
        <ele>0</ele>
        <time>2026-06-26T08:52:53.680Z</time>
        <name>1159</name>
        <extensions>
          <speed_mps>13.411</speed_mps>
          <speed_mph>30.0</speed_mph>
        </extensions>
      </trkpt>
      <trkpt lat="52.26377" lon="1.50940">
        <ele>0</ele>
        <time>2026-06-26T08:52:56.435Z</time>
        <name>1160</name>
        <extensions>
          <speed_mps>13.411</speed_mps>
          <speed_mph>30.0</speed_mph>
        </extensions>
      </trkpt>
      <trkpt lat="52.26404" lon="1.50972">
        <ele>0</ele>
        <time>2026-06-26T08:52:59.191Z</time>
        <name>1161</name>
        <extensions>
          <speed_mps>13.411</speed_mps>
          <speed_mph>30.0</speed_mph>
        </extensions>
      </trkpt>
      <trkpt lat="52.26431" lon="1.51004">
        <ele>0</ele>
        <time>2026-06-26T08:53:01.944Z</time>
        <name>1162</name>
        <extensions>
          <speed_mps>13.411</speed_mps>
          <speed_mph>30.0</speed_mph>
        </extensions>
      </trkpt>
      <trkpt lat="52.26457" lon="1.51036">
        <ele>0</ele>
        <time>2026-06-26T08:53:04.696Z</time>
        <name>1163</name>
        <extensions>
          <speed_mps>13.411</speed_mps>
          <speed_mph>30.0</speed_mph>
        </extensions>
      </trkpt>
      <trkpt lat="52.26472" lon="1.51083">
        <ele>0</ele>
        <time>2026-06-26T08:53:07.399Z</time>
        <name>1164</name>
        <extensions>
          <speed_mps>13.411</speed_mps>
          <speed_mph>30.0</speed_mph>
        </extensions>
      </trkpt>
      <trkpt lat="52.26472" lon="1.51137">
        <ele>0</ele>
        <time>2026-06-26T08:53:10.145Z</time>
        <name>1165</name>
        <extensions>
          <speed_mps>13.411</speed_mps>
          <speed_mph>30.0</speed_mph>
        </extensions>
      </trkpt>
      <trkpt lat="52.26469" lon="1.51191">
        <ele>0</ele>
        <time>2026-06-26T08:53:12.898Z</time>
        <name>1166</name>
        <extensions>
          <speed_mps>13.411</speed_mps>
          <speed_mph>30.0</speed_mph>
        </extensions>
      </trkpt>
      <trkpt lat="52.26462" lon="1.51244">
        <ele>0</ele>
        <time>2026-06-26T08:53:15.653Z</time>
        <name>1167</name>
        <extensions>
          <speed_mps>13.411</speed_mps>
          <speed_mph>30.0</speed_mph>
        </extensions>
      </trkpt>
      <trkpt lat="52.26450" lon="1.51295">
        <ele>0</ele>
        <time>2026-06-26T08:53:18.408Z</time>
        <name>1168</name>
        <extensions>
          <speed_mps>13.411</speed_mps>
          <speed_mph>30.0</speed_mph>
        </extensions>
      </trkpt>
      <trkpt lat="52.26441" lon="1.51347">
        <ele>0</ele>
        <time>2026-06-26T08:53:21.158Z</time>
        <name>1169</name>
        <extensions>
          <speed_mps>13.411</speed_mps>
          <speed_mph>30.0</speed_mph>
        </extensions>
      </trkpt>
      <trkpt lat="52.26430" lon="1.51387">
        <ele>0</ele>
        <time>2026-06-26T08:53:23.371Z</time>
        <name>1170</name>
        <extensions>
          <speed_mps>13.411</speed_mps>
          <speed_mph>30.0</speed_mph>
        </extensions>
      </trkpt>
      <trkpt lat="52.26408" lon="1.51425">
        <ele>0</ele>
        <time>2026-06-26T08:53:26.005Z</time>
        <name>1171</name>
        <extensions>
          <speed_mps>13.411</speed_mps>
          <speed_mph>30.0</speed_mph>
        </extensions>
      </trkpt>
      <trkpt lat="52.26395" lon="1.51475">
        <ele>0</ele>
        <time>2026-06-26T08:53:28.761Z</time>
        <name>1172</name>
        <extensions>
          <speed_mps>13.411</speed_mps>
          <speed_mph>30.0</speed_mph>
        </extensions>
      </trkpt>
      <trkpt lat="52.26383" lon="1.51525">
        <ele>0</ele>
        <time>2026-06-26T08:53:31.516Z</time>
        <name>1173</name>
        <extensions>
          <speed_mps>13.411</speed_mps>
          <speed_mph>30.0</speed_mph>
        </extensions>
      </trkpt>
      <trkpt lat="52.26370" lon="1.51575">
        <ele>0</ele>
        <time>2026-06-26T08:53:34.271Z</time>
        <name>1174</name>
        <extensions>
          <speed_mps>13.411</speed_mps>
          <speed_mph>30.0</speed_mph>
        </extensions>
      </trkpt>
      <trkpt lat="52.26356" lon="1.51625">
        <ele>0</ele>
        <time>2026-06-26T08:53:37.027Z</time>
        <name>1175</name>
        <extensions>
          <speed_mps>13.411</speed_mps>
          <speed_mph>30.0</speed_mph>
        </extensions>
      </trkpt>
      <trkpt lat="52.26343" lon="1.51674">
        <ele>0</ele>
        <time>2026-06-26T08:53:39.782Z</time>
        <name>1176</name>
        <extensions>
          <speed_mps>13.411</speed_mps>
          <speed_mph>30.0</speed_mph>
        </extensions>
      </trkpt>
      <trkpt lat="52.26328" lon="1.51723">
        <ele>0</ele>
        <time>2026-06-26T08:53:42.536Z</time>
        <name>1177</name>
        <extensions>
          <speed_mps>13.411</speed_mps>
          <speed_mph>30.0</speed_mph>
        </extensions>
      </trkpt>
      <trkpt lat="52.26309" lon="1.51768">
        <ele>0</ele>
        <time>2026-06-26T08:53:45.287Z</time>
        <name>1178</name>
        <extensions>
          <speed_mps>13.411</speed_mps>
          <speed_mph>30.0</speed_mph>
        </extensions>
      </trkpt>
      <trkpt lat="52.26290" lon="1.51811">
        <ele>0</ele>
        <time>2026-06-26T08:53:48.043Z</time>
        <name>1179</name>
        <extensions>
          <speed_mps>13.411</speed_mps>
          <speed_mph>30.0</speed_mph>
        </extensions>
      </trkpt>
      <trkpt lat="52.26272" lon="1.51857">
        <ele>0</ele>
        <time>2026-06-26T08:53:50.785Z</time>
        <name>1180</name>
        <extensions>
          <speed_mps>13.411</speed_mps>
          <speed_mph>30.0</speed_mph>
        </extensions>
      </trkpt>
      <trkpt lat="52.26260" lon="1.51907">
        <ele>0</ele>
        <time>2026-06-26T08:53:53.536Z</time>
        <name>1181</name>
        <extensions>
          <speed_mps>13.411</speed_mps>
          <speed_mph>30.0</speed_mph>
        </extensions>
      </trkpt>
      <trkpt lat="52.26248" lon="1.51958">
        <ele>0</ele>
        <time>2026-06-26T08:53:56.291Z</time>
        <name>1182</name>
        <extensions>
          <speed_mps>13.411</speed_mps>
          <speed_mph>30.0</speed_mph>
        </extensions>
      </trkpt>
      <trkpt lat="52.26235" lon="1.52008">
        <ele>0</ele>
        <time>2026-06-26T08:53:59.045Z</time>
        <name>1183</name>
        <extensions>
          <speed_mps>13.411</speed_mps>
          <speed_mph>30.0</speed_mph>
        </extensions>
      </trkpt>
      <trkpt lat="52.26219" lon="1.52055">
        <ele>0</ele>
        <time>2026-06-26T08:54:01.799Z</time>
        <name>1184</name>
        <extensions>
          <speed_mps>13.411</speed_mps>
          <speed_mph>30.0</speed_mph>
        </extensions>
      </trkpt>
      <trkpt lat="52.26203" lon="1.52103">
        <ele>0</ele>
        <time>2026-06-26T08:54:04.553Z</time>
        <name>1185</name>
        <extensions>
          <speed_mps>13.411</speed_mps>
          <speed_mph>30.0</speed_mph>
        </extensions>
      </trkpt>
      <trkpt lat="52.26189" lon="1.52152">
        <ele>0</ele>
        <time>2026-06-26T08:54:07.309Z</time>
        <name>1186</name>
        <extensions>
          <speed_mps>13.411</speed_mps>
          <speed_mph>30.0</speed_mph>
        </extensions>
      </trkpt>
      <trkpt lat="52.26175" lon="1.52202">
        <ele>0</ele>
        <time>2026-06-26T08:54:10.064Z</time>
        <name>1187</name>
        <extensions>
          <speed_mps>13.411</speed_mps>
          <speed_mph>30.0</speed_mph>
        </extensions>
      </trkpt>
      <trkpt lat="52.26161" lon="1.52251">
        <ele>0</ele>
        <time>2026-06-26T08:54:12.820Z</time>
        <name>1188</name>
        <extensions>
          <speed_mps>13.411</speed_mps>
          <speed_mph>30.0</speed_mph>
        </extensions>
      </trkpt>
      <trkpt lat="52.26143" lon="1.52296">
        <ele>0</ele>
        <time>2026-06-26T08:54:15.561Z</time>
        <name>1189</name>
        <extensions>
          <speed_mps>13.411</speed_mps>
          <speed_mph>30.0</speed_mph>
        </extensions>
      </trkpt>
      <trkpt lat="52.26123" lon="1.52340">
        <ele>0</ele>
        <time>2026-06-26T08:54:18.317Z</time>
        <name>1190</name>
        <extensions>
          <speed_mps>13.411</speed_mps>
          <speed_mph>30.0</speed_mph>
        </extensions>
      </trkpt>
      <trkpt lat="52.26104" lon="1.52385">
        <ele>0</ele>
        <time>2026-06-26T08:54:21.071Z</time>
        <name>1191</name>
        <extensions>
          <speed_mps>13.411</speed_mps>
          <speed_mph>30.0</speed_mph>
        </extensions>
      </trkpt>
      <trkpt lat="52.26086" lon="1.52430">
        <ele>0</ele>
        <time>2026-06-26T08:54:23.827Z</time>
        <name>1192</name>
        <extensions>
          <speed_mps>13.411</speed_mps>
          <speed_mph>30.0</speed_mph>
        </extensions>
      </trkpt>
      <trkpt lat="52.26068" lon="1.52475">
        <ele>0</ele>
        <time>2026-06-26T08:54:26.582Z</time>
        <name>1193</name>
        <extensions>
          <speed_mps>13.411</speed_mps>
          <speed_mph>30.0</speed_mph>
        </extensions>
      </trkpt>
      <trkpt lat="52.26049" lon="1.52520">
        <ele>0</ele>
        <time>2026-06-26T08:54:29.337Z</time>
        <name>1194</name>
        <extensions>
          <speed_mps>13.411</speed_mps>
          <speed_mph>30.0</speed_mph>
        </extensions>
      </trkpt>
      <trkpt lat="52.26033" lon="1.52567">
        <ele>0</ele>
        <time>2026-06-26T08:54:32.086Z</time>
        <name>1195</name>
        <extensions>
          <speed_mps>13.411</speed_mps>
          <speed_mph>30.0</speed_mph>
        </extensions>
      </trkpt>
      <trkpt lat="52.26019" lon="1.52617">
        <ele>0</ele>
        <time>2026-06-26T08:54:34.841Z</time>
        <name>1196</name>
        <extensions>
          <speed_mps>13.411</speed_mps>
          <speed_mph>30.0</speed_mph>
        </extensions>
      </trkpt>
      <trkpt lat="52.26005" lon="1.52666">
        <ele>0</ele>
        <time>2026-06-26T08:54:37.597Z</time>
        <name>1197</name>
        <extensions>
          <speed_mps>13.411</speed_mps>
          <speed_mph>30.0</speed_mph>
        </extensions>
      </trkpt>
      <trkpt lat="52.25991" lon="1.52715">
        <ele>0</ele>
        <time>2026-06-26T08:54:40.352Z</time>
        <name>1198</name>
        <extensions>
          <speed_mps>13.411</speed_mps>
          <speed_mph>30.0</speed_mph>
        </extensions>
      </trkpt>
      <trkpt lat="52.25977" lon="1.52765">
        <ele>0</ele>
        <time>2026-06-26T08:54:43.108Z</time>
        <name>1199</name>
        <extensions>
          <speed_mps>13.411</speed_mps>
          <speed_mph>30.0</speed_mph>
        </extensions>
      </trkpt>
      <trkpt lat="52.25964" lon="1.52815">
        <ele>0</ele>
        <time>2026-06-26T08:54:45.863Z</time>
        <name>1200</name>
        <extensions>
          <speed_mps>13.411</speed_mps>
          <speed_mph>30.0</speed_mph>
        </extensions>
      </trkpt>
      <trkpt lat="52.25951" lon="1.52864">
        <ele>0</ele>
        <time>2026-06-26T08:54:48.619Z</time>
        <name>1201</name>
        <extensions>
          <speed_mps>13.411</speed_mps>
          <speed_mph>30.0</speed_mph>
        </extensions>
      </trkpt>
      <trkpt lat="52.25936" lon="1.52913">
        <ele>0</ele>
        <time>2026-06-26T08:54:51.370Z</time>
        <name>1202</name>
        <extensions>
          <speed_mps>13.411</speed_mps>
          <speed_mph>30.0</speed_mph>
        </extensions>
      </trkpt>
      <trkpt lat="52.25917" lon="1.52957">
        <ele>0</ele>
        <time>2026-06-26T08:54:54.121Z</time>
        <name>1203</name>
        <extensions>
          <speed_mps>13.411</speed_mps>
          <speed_mph>30.0</speed_mph>
        </extensions>
      </trkpt>
      <trkpt lat="52.25895" lon="1.52999">
        <ele>0</ele>
        <time>2026-06-26T08:54:56.876Z</time>
        <name>1204</name>
        <extensions>
          <speed_mps>13.411</speed_mps>
          <speed_mph>30.0</speed_mph>
        </extensions>
      </trkpt>
      <trkpt lat="52.25873" lon="1.53038">
        <ele>0</ele>
        <time>2026-06-26T08:54:59.631Z</time>
        <name>1205</name>
        <extensions>
          <speed_mps>13.411</speed_mps>
          <speed_mph>30.0</speed_mph>
        </extensions>
      </trkpt>
      <trkpt lat="52.25849" lon="1.53076">
        <ele>0</ele>
        <time>2026-06-26T08:55:02.387Z</time>
        <name>1206</name>
        <extensions>
          <speed_mps>13.411</speed_mps>
          <speed_mph>30.0</speed_mph>
        </extensions>
      </trkpt>
      <trkpt lat="52.25826" lon="1.53116">
        <ele>0</ele>
        <time>2026-06-26T08:55:05.141Z</time>
        <name>1207</name>
        <extensions>
          <speed_mps>13.411</speed_mps>
          <speed_mph>30.0</speed_mph>
        </extensions>
      </trkpt>
      <trkpt lat="52.25806" lon="1.53159">
        <ele>0</ele>
        <time>2026-06-26T08:55:07.890Z</time>
        <name>1208</name>
        <extensions>
          <speed_mps>13.411</speed_mps>
          <speed_mph>30.0</speed_mph>
        </extensions>
      </trkpt>
      <trkpt lat="52.25787" lon="1.53204">
        <ele>0</ele>
        <time>2026-06-26T08:55:10.646Z</time>
        <name>1209</name>
        <extensions>
          <speed_mps>13.411</speed_mps>
          <speed_mph>30.0</speed_mph>
        </extensions>
      </trkpt>
      <trkpt lat="52.25768" lon="1.53248">
        <ele>0</ele>
        <time>2026-06-26T08:55:13.401Z</time>
        <name>1210</name>
        <extensions>
          <speed_mps>13.411</speed_mps>
          <speed_mph>30.0</speed_mph>
        </extensions>
      </trkpt>
      <trkpt lat="52.25747" lon="1.53290">
        <ele>0</ele>
        <time>2026-06-26T08:55:16.155Z</time>
        <name>1211</name>
        <extensions>
          <speed_mps>13.411</speed_mps>
          <speed_mph>30.0</speed_mph>
        </extensions>
      </trkpt>
      <trkpt lat="52.25725" lon="1.53330">
        <ele>0</ele>
        <time>2026-06-26T08:55:18.909Z</time>
        <name>1212</name>
        <extensions>
          <speed_mps>13.411</speed_mps>
          <speed_mph>30.0</speed_mph>
        </extensions>
      </trkpt>
      <trkpt lat="52.25702" lon="1.53369">
        <ele>0</ele>
        <time>2026-06-26T08:55:21.665Z</time>
        <name>1213</name>
        <extensions>
          <speed_mps>13.411</speed_mps>
          <speed_mph>30.0</speed_mph>
        </extensions>
      </trkpt>
      <trkpt lat="52.25678" lon="1.53407">
        <ele>0</ele>
        <time>2026-06-26T08:55:24.420Z</time>
        <name>1214</name>
        <extensions>
          <speed_mps>13.411</speed_mps>
          <speed_mph>30.0</speed_mph>
        </extensions>
      </trkpt>
      <trkpt lat="52.25654" lon="1.53445">
        <ele>0</ele>
        <time>2026-06-26T08:55:27.175Z</time>
        <name>1215</name>
        <extensions>
          <speed_mps>13.411</speed_mps>
          <speed_mph>30.0</speed_mph>
        </extensions>
      </trkpt>
      <trkpt lat="52.25632" lon="1.53486">
        <ele>0</ele>
        <time>2026-06-26T08:55:29.929Z</time>
        <name>1216</name>
        <extensions>
          <speed_mps>13.411</speed_mps>
          <speed_mph>30.0</speed_mph>
        </extensions>
      </trkpt>
      <trkpt lat="52.25614" lon="1.53531">
        <ele>0</ele>
        <time>2026-06-26T08:55:32.682Z</time>
        <name>1217</name>
        <extensions>
          <speed_mps>13.411</speed_mps>
          <speed_mph>30.0</speed_mph>
        </extensions>
      </trkpt>
      <trkpt lat="52.25601" lon="1.53581">
        <ele>0</ele>
        <time>2026-06-26T08:55:35.433Z</time>
        <name>1218</name>
        <extensions>
          <speed_mps>13.411</speed_mps>
          <speed_mph>30.0</speed_mph>
        </extensions>
      </trkpt>
      <trkpt lat="52.25591" lon="1.53633">
        <ele>0</ele>
        <time>2026-06-26T08:55:38.188Z</time>
        <name>1219</name>
        <extensions>
          <speed_mps>13.411</speed_mps>
          <speed_mph>30.0</speed_mph>
        </extensions>
      </trkpt>
      <trkpt lat="52.25581" lon="1.53684">
        <ele>0</ele>
        <time>2026-06-26T08:55:40.942Z</time>
        <name>1220</name>
        <extensions>
          <speed_mps>13.411</speed_mps>
          <speed_mph>30.0</speed_mph>
        </extensions>
      </trkpt>
      <trkpt lat="52.25567" lon="1.53734">
        <ele>0</ele>
        <time>2026-06-26T08:55:43.697Z</time>
        <name>1221</name>
        <extensions>
          <speed_mps>13.411</speed_mps>
          <speed_mph>30.0</speed_mph>
        </extensions>
      </trkpt>
      <trkpt lat="52.25552" lon="1.53782">
        <ele>0</ele>
        <time>2026-06-26T08:55:46.451Z</time>
        <name>1222</name>
        <extensions>
          <speed_mps>13.411</speed_mps>
          <speed_mph>30.0</speed_mph>
        </extensions>
      </trkpt>
      <trkpt lat="52.25534" lon="1.53828">
        <ele>0</ele>
        <time>2026-06-26T08:55:49.205Z</time>
        <name>1223</name>
        <extensions>
          <speed_mps>13.411</speed_mps>
          <speed_mph>30.0</speed_mph>
        </extensions>
      </trkpt>
      <trkpt lat="52.25514" lon="1.53871">
        <ele>0</ele>
        <time>2026-06-26T08:55:51.959Z</time>
        <name>1224</name>
        <extensions>
          <speed_mps>13.411</speed_mps>
          <speed_mph>30.0</speed_mph>
        </extensions>
      </trkpt>
      <trkpt lat="52.25491" lon="1.53910">
        <ele>0</ele>
        <time>2026-06-26T08:55:54.711Z</time>
        <name>1225</name>
        <extensions>
          <speed_mps>13.411</speed_mps>
          <speed_mph>30.0</speed_mph>
        </extensions>
      </trkpt>
      <trkpt lat="52.25466" lon="1.53946">
        <ele>0</ele>
        <time>2026-06-26T08:55:57.466Z</time>
        <name>1226</name>
        <extensions>
          <speed_mps>13.411</speed_mps>
          <speed_mph>30.0</speed_mph>
        </extensions>
      </trkpt>
      <trkpt lat="52.25441" lon="1.53982">
        <ele>0</ele>
        <time>2026-06-26T08:56:00.222Z</time>
        <name>1227</name>
        <extensions>
          <speed_mps>13.411</speed_mps>
          <speed_mph>30.0</speed_mph>
        </extensions>
      </trkpt>
      <trkpt lat="52.25415" lon="1.54014">
        <ele>0</ele>
        <time>2026-06-26T08:56:02.968Z</time>
        <name>1228</name>
        <extensions>
          <speed_mps>13.411</speed_mps>
          <speed_mph>30.0</speed_mph>
        </extensions>
      </trkpt>
      <trkpt lat="52.25384" lon="1.54033">
        <ele>0</ele>
        <time>2026-06-26T08:56:05.711Z</time>
        <name>1229</name>
        <extensions>
          <speed_mps>13.411</speed_mps>
          <speed_mph>30.0</speed_mph>
        </extensions>
      </trkpt>
      <trkpt lat="52.25350" lon="1.54036">
        <ele>0</ele>
        <time>2026-06-26T08:56:08.460Z</time>
        <name>1230</name>
        <extensions>
          <speed_mps>13.411</speed_mps>
          <speed_mph>30.0</speed_mph>
        </extensions>
      </trkpt>
      <trkpt lat="52.25317" lon="1.54033">
        <ele>0</ele>
        <time>2026-06-26T08:56:11.214Z</time>
        <name>1231</name>
        <extensions>
          <speed_mps>13.411</speed_mps>
          <speed_mph>30.0</speed_mph>
        </extensions>
      </trkpt>
      <trkpt lat="52.25284" lon="1.54029">
        <ele>0</ele>
        <time>2026-06-26T08:56:13.970Z</time>
        <name>1232</name>
        <extensions>
          <speed_mps>13.411</speed_mps>
          <speed_mph>30.0</speed_mph>
        </extensions>
      </trkpt>
      <trkpt lat="52.25252" lon="1.54018">
        <ele>0</ele>
        <time>2026-06-26T08:56:16.723Z</time>
        <name>1233</name>
        <extensions>
          <speed_mps>13.411</speed_mps>
          <speed_mph>30.0</speed_mph>
        </extensions>
      </trkpt>
      <trkpt lat="52.25219" lon="1.54005">
        <ele>0</ele>
        <time>2026-06-26T08:56:19.478Z</time>
        <name>1234</name>
        <extensions>
          <speed_mps>13.411</speed_mps>
          <speed_mph>30.0</speed_mph>
        </extensions>
      </trkpt>
      <trkpt lat="52.25187" lon="1.53998">
        <ele>0</ele>
        <time>2026-06-26T08:56:22.220Z</time>
        <name>1235</name>
        <extensions>
          <speed_mps>13.411</speed_mps>
          <speed_mph>30.0</speed_mph>
        </extensions>
      </trkpt>
      <trkpt lat="52.25155" lon="1.54016">
        <ele>0</ele>
        <time>2026-06-26T08:56:24.948Z</time>
        <name>1236</name>
        <extensions>
          <speed_mps>13.411</speed_mps>
          <speed_mph>30.0</speed_mph>
        </extensions>
      </trkpt>
      <trkpt lat="52.25135" lon="1.54057">
        <ele>0</ele>
        <time>2026-06-26T08:56:27.659Z</time>
        <name>1237</name>
        <extensions>
          <speed_mps>13.411</speed_mps>
          <speed_mph>30.0</speed_mph>
        </extensions>
      </trkpt>
      <trkpt lat="52.25122" lon="1.54107">
        <ele>0</ele>
        <time>2026-06-26T08:56:30.411Z</time>
        <name>1238</name>
        <extensions>
          <speed_mps>13.411</speed_mps>
          <speed_mph>30.0</speed_mph>
        </extensions>
      </trkpt>
      <trkpt lat="52.25111" lon="1.54158">
        <ele>0</ele>
        <time>2026-06-26T08:56:33.167Z</time>
        <name>1239</name>
        <extensions>
          <speed_mps>13.411</speed_mps>
          <speed_mph>30.0</speed_mph>
        </extensions>
      </trkpt>
      <trkpt lat="52.25100" lon="1.54209">
        <ele>0</ele>
        <time>2026-06-26T08:56:35.922Z</time>
        <name>1240</name>
        <extensions>
          <speed_mps>13.411</speed_mps>
          <speed_mph>30.0</speed_mph>
        </extensions>
      </trkpt>
      <trkpt lat="52.25088" lon="1.54261">
        <ele>0</ele>
        <time>2026-06-26T08:56:38.676Z</time>
        <name>1241</name>
        <extensions>
          <speed_mps>13.411</speed_mps>
          <speed_mph>30.0</speed_mph>
        </extensions>
      </trkpt>
      <trkpt lat="52.25079" lon="1.54312">
        <ele>0</ele>
        <time>2026-06-26T08:56:41.432Z</time>
        <name>1242</name>
        <extensions>
          <speed_mps>13.411</speed_mps>
          <speed_mph>30.0</speed_mph>
        </extensions>
      </trkpt>
      <trkpt lat="52.25070" lon="1.54365">
        <ele>0</ele>
        <time>2026-06-26T08:56:44.184Z</time>
        <name>1243</name>
        <extensions>
          <speed_mps>13.411</speed_mps>
          <speed_mph>30.0</speed_mph>
        </extensions>
      </trkpt>
      <trkpt lat="52.25066" lon="1.54419">
        <ele>0</ele>
        <time>2026-06-26T08:56:46.939Z</time>
        <name>1244</name>
        <extensions>
          <speed_mps>13.411</speed_mps>
          <speed_mph>30.0</speed_mph>
        </extensions>
      </trkpt>
      <trkpt lat="52.25061" lon="1.54472">
        <ele>0</ele>
        <time>2026-06-26T08:56:49.693Z</time>
        <name>1245</name>
        <extensions>
          <speed_mps>13.411</speed_mps>
          <speed_mph>30.0</speed_mph>
        </extensions>
      </trkpt>
      <trkpt lat="52.25054" lon="1.54525">
        <ele>0</ele>
        <time>2026-06-26T08:56:52.435Z</time>
        <name>1246</name>
        <extensions>
          <speed_mps>13.411</speed_mps>
          <speed_mph>30.0</speed_mph>
        </extensions>
      </trkpt>
      <trkpt lat="52.25041" lon="1.54575">
        <ele>0</ele>
        <time>2026-06-26T08:56:55.190Z</time>
        <name>1247</name>
        <extensions>
          <speed_mps>13.411</speed_mps>
          <speed_mph>30.0</speed_mph>
        </extensions>
      </trkpt>
      <trkpt lat="52.25029" lon="1.54626">
        <ele>0</ele>
        <time>2026-06-26T08:56:57.946Z</time>
        <name>1248</name>
        <extensions>
          <speed_mps>13.411</speed_mps>
          <speed_mph>30.0</speed_mph>
        </extensions>
      </trkpt>
      <trkpt lat="52.25016" lon="1.54675">
        <ele>0</ele>
        <time>2026-06-26T08:57:00.700Z</time>
        <name>1249</name>
        <extensions>
          <speed_mps>13.411</speed_mps>
          <speed_mph>30.0</speed_mph>
        </extensions>
      </trkpt>
      <trkpt lat="52.25001" lon="1.54725">
        <ele>0</ele>
        <time>2026-06-26T08:57:03.455Z</time>
        <name>1250</name>
        <extensions>
          <speed_mps>13.411</speed_mps>
          <speed_mph>30.0</speed_mph>
        </extensions>
      </trkpt>
      <trkpt lat="52.24983" lon="1.54770">
        <ele>0</ele>
        <time>2026-06-26T08:57:06.207Z</time>
        <name>1251</name>
        <extensions>
          <speed_mps>13.411</speed_mps>
          <speed_mph>30.0</speed_mph>
        </extensions>
      </trkpt>
      <trkpt lat="52.24963" lon="1.54813">
        <ele>0</ele>
        <time>2026-06-26T08:57:08.958Z</time>
        <name>1252</name>
        <extensions>
          <speed_mps>13.411</speed_mps>
          <speed_mph>30.0</speed_mph>
        </extensions>
      </trkpt>
      <trkpt lat="52.24941" lon="1.54853">
        <ele>0</ele>
        <time>2026-06-26T08:57:11.713Z</time>
        <name>1253</name>
        <extensions>
          <speed_mps>13.411</speed_mps>
          <speed_mph>30.0</speed_mph>
        </extensions>
      </trkpt>
      <trkpt lat="52.24919" lon="1.54894">
        <ele>0</ele>
        <time>2026-06-26T08:57:14.469Z</time>
        <name>1254</name>
        <extensions>
          <speed_mps>13.411</speed_mps>
          <speed_mph>30.0</speed_mph>
        </extensions>
      </trkpt>
      <trkpt lat="52.24896" lon="1.54934">
        <ele>0</ele>
        <time>2026-06-26T08:57:17.224Z</time>
        <name>1255</name>
        <extensions>
          <speed_mps>13.411</speed_mps>
          <speed_mph>30.0</speed_mph>
        </extensions>
      </trkpt>
      <trkpt lat="52.24875" lon="1.54975">
        <ele>0</ele>
        <time>2026-06-26T08:57:19.980Z</time>
        <name>1256</name>
        <extensions>
          <speed_mps>13.411</speed_mps>
          <speed_mph>30.0</speed_mph>
        </extensions>
      </trkpt>
      <trkpt lat="52.24853" lon="1.55017">
        <ele>0</ele>
        <time>2026-06-26T08:57:22.735Z</time>
        <name>1257</name>
        <extensions>
          <speed_mps>13.411</speed_mps>
          <speed_mph>30.0</speed_mph>
        </extensions>
      </trkpt>
      <trkpt lat="52.24834" lon="1.55061">
        <ele>0</ele>
        <time>2026-06-26T08:57:25.489Z</time>
        <name>1258</name>
        <extensions>
          <speed_mps>13.411</speed_mps>
          <speed_mph>30.0</speed_mph>
        </extensions>
      </trkpt>
      <trkpt lat="52.24813" lon="1.55103">
        <ele>0</ele>
        <time>2026-06-26T08:57:28.244Z</time>
        <name>1259</name>
        <extensions>
          <speed_mps>13.411</speed_mps>
          <speed_mph>30.0</speed_mph>
        </extensions>
      </trkpt>
      <trkpt lat="52.24790" lon="1.55142">
        <ele>0</ele>
        <time>2026-06-26T08:57:30.997Z</time>
        <name>1260</name>
        <extensions>
          <speed_mps>13.411</speed_mps>
          <speed_mph>30.0</speed_mph>
        </extensions>
      </trkpt>
      <trkpt lat="52.24765" lon="1.55178">
        <ele>0</ele>
        <time>2026-06-26T08:57:33.751Z</time>
        <name>1261</name>
        <extensions>
          <speed_mps>13.411</speed_mps>
          <speed_mph>30.0</speed_mph>
        </extensions>
      </trkpt>
      <trkpt lat="52.24740" lon="1.55213">
        <ele>0</ele>
        <time>2026-06-26T08:57:36.503Z</time>
        <name>1262</name>
        <extensions>
          <speed_mps>13.411</speed_mps>
          <speed_mph>30.0</speed_mph>
        </extensions>
      </trkpt>
      <trkpt lat="52.24716" lon="1.55251">
        <ele>0</ele>
        <time>2026-06-26T08:57:39.259Z</time>
        <name>1263</name>
        <extensions>
          <speed_mps>13.411</speed_mps>
          <speed_mph>30.0</speed_mph>
        </extensions>
      </trkpt>
      <trkpt lat="52.24691" lon="1.55287">
        <ele>0</ele>
        <time>2026-06-26T08:57:42.014Z</time>
        <name>1264</name>
        <extensions>
          <speed_mps>13.411</speed_mps>
          <speed_mph>30.0</speed_mph>
        </extensions>
      </trkpt>
      <trkpt lat="52.24667" lon="1.55323">
        <ele>0</ele>
        <time>2026-06-26T08:57:44.770Z</time>
        <name>1265</name>
        <extensions>
          <speed_mps>13.411</speed_mps>
          <speed_mph>30.0</speed_mph>
        </extensions>
      </trkpt>
      <trkpt lat="52.24642" lon="1.55360">
        <ele>0</ele>
        <time>2026-06-26T08:57:47.525Z</time>
        <name>1266</name>
        <extensions>
          <speed_mps>13.411</speed_mps>
          <speed_mph>30.0</speed_mph>
        </extensions>
      </trkpt>
      <trkpt lat="52.24618" lon="1.55398">
        <ele>0</ele>
        <time>2026-06-26T08:57:50.280Z</time>
        <name>1267</name>
        <extensions>
          <speed_mps>13.411</speed_mps>
          <speed_mph>30.0</speed_mph>
        </extensions>
      </trkpt>
      <trkpt lat="52.24596" lon="1.55438">
        <ele>0</ele>
        <time>2026-06-26T08:57:53.034Z</time>
        <name>1268</name>
        <extensions>
          <speed_mps>13.411</speed_mps>
          <speed_mph>30.0</speed_mph>
        </extensions>
      </trkpt>
      <trkpt lat="52.24576" lon="1.55481">
        <ele>0</ele>
        <time>2026-06-26T08:57:55.790Z</time>
        <name>1269</name>
        <extensions>
          <speed_mps>13.411</speed_mps>
          <speed_mph>30.0</speed_mph>
        </extensions>
      </trkpt>
      <trkpt lat="52.24555" lon="1.55523">
        <ele>0</ele>
        <time>2026-06-26T08:57:58.545Z</time>
        <name>1270</name>
        <extensions>
          <speed_mps>13.411</speed_mps>
          <speed_mph>30.0</speed_mph>
        </extensions>
      </trkpt>
      <trkpt lat="52.24536" lon="1.55568">
        <ele>0</ele>
        <time>2026-06-26T08:58:01.300Z</time>
        <name>1271</name>
        <extensions>
          <speed_mps>13.411</speed_mps>
          <speed_mph>30.0</speed_mph>
        </extensions>
      </trkpt>
      <trkpt lat="52.24518" lon="1.55614">
        <ele>0</ele>
        <time>2026-06-26T08:58:04.055Z</time>
        <name>1272</name>
        <extensions>
          <speed_mps>13.411</speed_mps>
          <speed_mph>30.0</speed_mph>
        </extensions>
      </trkpt>
      <trkpt lat="52.24501" lon="1.55660">
        <ele>0</ele>
        <time>2026-06-26T08:58:06.811Z</time>
        <name>1273</name>
        <extensions>
          <speed_mps>13.411</speed_mps>
          <speed_mph>30.0</speed_mph>
        </extensions>
      </trkpt>
      <trkpt lat="52.24484" lon="1.55706">
        <ele>0</ele>
        <time>2026-06-26T08:58:09.566Z</time>
        <name>1274</name>
        <extensions>
          <speed_mps>13.411</speed_mps>
          <speed_mph>30.0</speed_mph>
        </extensions>
      </trkpt>
      <trkpt lat="52.24468" lon="1.55754">
        <ele>0</ele>
        <time>2026-06-26T08:58:12.321Z</time>
        <name>1275</name>
        <extensions>
          <speed_mps>13.411</speed_mps>
          <speed_mph>30.0</speed_mph>
        </extensions>
      </trkpt>
      <trkpt lat="52.24452" lon="1.55802">
        <ele>0</ele>
        <time>2026-06-26T08:58:15.076Z</time>
        <name>1276</name>
        <extensions>
          <speed_mps>13.411</speed_mps>
          <speed_mph>30.0</speed_mph>
        </extensions>
      </trkpt>
      <trkpt lat="52.24435" lon="1.55848">
        <ele>0</ele>
        <time>2026-06-26T08:58:17.832Z</time>
        <name>1277</name>
        <extensions>
          <speed_mps>13.411</speed_mps>
          <speed_mph>30.0</speed_mph>
        </extensions>
      </trkpt>
      <trkpt lat="52.24417" lon="1.55894">
        <ele>0</ele>
        <time>2026-06-26T08:58:20.587Z</time>
        <name>1278</name>
        <extensions>
          <speed_mps>13.411</speed_mps>
          <speed_mph>30.0</speed_mph>
        </extensions>
      </trkpt>
      <trkpt lat="52.24398" lon="1.55938">
        <ele>0</ele>
        <time>2026-06-26T08:58:23.339Z</time>
        <name>1279</name>
        <extensions>
          <speed_mps>13.411</speed_mps>
          <speed_mph>30.0</speed_mph>
        </extensions>
      </trkpt>
      <trkpt lat="52.24382" lon="1.55986">
        <ele>0</ele>
        <time>2026-06-26T08:58:26.088Z</time>
        <name>1280</name>
        <extensions>
          <speed_mps>13.411</speed_mps>
          <speed_mph>30.0</speed_mph>
        </extensions>
      </trkpt>
      <trkpt lat="52.24367" lon="1.56035">
        <ele>0</ele>
        <time>2026-06-26T08:58:28.843Z</time>
        <name>1281</name>
        <extensions>
          <speed_mps>13.411</speed_mps>
          <speed_mph>30.0</speed_mph>
        </extensions>
      </trkpt>
      <trkpt lat="52.24353" lon="1.56084">
        <ele>0</ele>
        <time>2026-06-26T08:58:31.598Z</time>
        <name>1282</name>
        <extensions>
          <speed_mps>13.411</speed_mps>
          <speed_mph>30.0</speed_mph>
        </extensions>
      </trkpt>
      <trkpt lat="52.24339" lon="1.56132">
        <ele>0</ele>
        <time>2026-06-26T08:58:34.354Z</time>
        <name>1283</name>
        <extensions>
          <speed_mps>13.411</speed_mps>
          <speed_mph>30.0</speed_mph>
        </extensions>
      </trkpt>
      <trkpt lat="52.24324" lon="1.56182">
        <ele>0</ele>
        <time>2026-06-26T08:58:37.109Z</time>
        <name>1284</name>
        <extensions>
          <speed_mps>13.411</speed_mps>
          <speed_mph>30.0</speed_mph>
        </extensions>
      </trkpt>
      <trkpt lat="52.24318" lon="1.56227">
        <ele>0</ele>
        <time>2026-06-26T08:58:39.493Z</time>
        <name>1285</name>
        <extensions>
          <speed_mps>13.411</speed_mps>
          <speed_mph>30.0</speed_mph>
        </extensions>
      </trkpt>
      <trkpt lat="52.24342" lon="1.56262">
        <ele>0</ele>
        <time>2026-06-26T08:58:42.188Z</time>
        <name>1286</name>
        <extensions>
          <speed_mps>13.411</speed_mps>
          <speed_mph>30.0</speed_mph>
        </extensions>
      </trkpt>
      <trkpt lat="52.24369" lon="1.56294">
        <ele>0</ele>
        <time>2026-06-26T08:58:44.933Z</time>
        <name>1287</name>
        <extensions>
          <speed_mps>13.411</speed_mps>
          <speed_mph>30.0</speed_mph>
        </extensions>
      </trkpt>
      <trkpt lat="52.24396" lon="1.56325">
        <ele>0</ele>
        <time>2026-06-26T08:58:47.673Z</time>
        <name>1288</name>
        <extensions>
          <speed_mps>13.411</speed_mps>
          <speed_mph>30.0</speed_mph>
        </extensions>
      </trkpt>
      <trkpt lat="52.24420" lon="1.56363">
        <ele>0</ele>
        <time>2026-06-26T08:58:50.427Z</time>
        <name>1289</name>
        <extensions>
          <speed_mps>13.411</speed_mps>
          <speed_mph>30.0</speed_mph>
        </extensions>
      </trkpt>
      <trkpt lat="52.24443" lon="1.56402">
        <ele>0</ele>
        <time>2026-06-26T08:58:53.183Z</time>
        <name>1290</name>
        <extensions>
          <speed_mps>13.411</speed_mps>
          <speed_mph>30.0</speed_mph>
        </extensions>
      </trkpt>
      <trkpt lat="52.24466" lon="1.56442">
        <ele>0</ele>
        <time>2026-06-26T08:58:55.938Z</time>
        <name>1291</name>
        <extensions>
          <speed_mps>13.411</speed_mps>
          <speed_mph>30.0</speed_mph>
        </extensions>
      </trkpt>
      <trkpt lat="52.24489" lon="1.56481">
        <ele>0</ele>
        <time>2026-06-26T08:58:58.694Z</time>
        <name>1292</name>
        <extensions>
          <speed_mps>13.411</speed_mps>
          <speed_mph>30.0</speed_mph>
        </extensions>
      </trkpt>
      <trkpt lat="52.24511" lon="1.56521">
        <ele>0</ele>
        <time>2026-06-26T08:59:01.449Z</time>
        <name>1293</name>
        <extensions>
          <speed_mps>13.411</speed_mps>
          <speed_mph>30.0</speed_mph>
        </extensions>
      </trkpt>
      <trkpt lat="52.24531" lon="1.56565">
        <ele>0</ele>
        <time>2026-06-26T08:59:04.198Z</time>
        <name>1294</name>
        <extensions>
          <speed_mps>13.411</speed_mps>
          <speed_mph>30.0</speed_mph>
        </extensions>
      </trkpt>
      <trkpt lat="52.24549" lon="1.56610">
        <ele>0</ele>
        <time>2026-06-26T08:59:06.954Z</time>
        <name>1295</name>
        <extensions>
          <speed_mps>13.411</speed_mps>
          <speed_mph>30.0</speed_mph>
        </extensions>
      </trkpt>
      <trkpt lat="52.24568" lon="1.56655">
        <ele>0</ele>
        <time>2026-06-26T08:59:09.709Z</time>
        <name>1296</name>
        <extensions>
          <speed_mps>13.411</speed_mps>
          <speed_mph>30.0</speed_mph>
        </extensions>
      </trkpt>
      <trkpt lat="52.24573" lon="1.56695">
        <ele>0</ele>
        <time>2026-06-26T08:59:11.807Z</time>
        <name>1297</name>
        <extensions>
          <speed_mps>13.411</speed_mps>
          <speed_mph>30.0</speed_mph>
        </extensions>
      </trkpt>
      <trkpt lat="52.24543" lon="1.56718">
        <ele>0</ele>
        <time>2026-06-26T08:59:14.563Z</time>
        <name>1298</name>
        <extensions>
          <speed_mps>13.411</speed_mps>
          <speed_mph>30.0</speed_mph>
        </extensions>
      </trkpt>
      <trkpt lat="52.24513" lon="1.56741">
        <ele>0</ele>
        <time>2026-06-26T08:59:17.318Z</time>
        <name>1299</name>
        <extensions>
          <speed_mps>13.411</speed_mps>
          <speed_mph>30.0</speed_mph>
        </extensions>
      </trkpt>
      <trkpt lat="52.24483" lon="1.56764">
        <ele>0</ele>
        <time>2026-06-26T08:59:20.074Z</time>
        <name>1300</name>
        <extensions>
          <speed_mps>13.411</speed_mps>
          <speed_mph>30.0</speed_mph>
        </extensions>
      </trkpt>
      <trkpt lat="52.24453" lon="1.56787">
        <ele>0</ele>
        <time>2026-06-26T08:59:22.829Z</time>
        <name>1301</name>
        <extensions>
          <speed_mps>13.411</speed_mps>
          <speed_mph>30.0</speed_mph>
        </extensions>
      </trkpt>
      <trkpt lat="52.24422" lon="1.56809">
        <ele>0</ele>
        <time>2026-06-26T08:59:25.583Z</time>
        <name>1302</name>
        <extensions>
          <speed_mps>13.411</speed_mps>
          <speed_mph>30.0</speed_mph>
        </extensions>
      </trkpt>
      <trkpt lat="52.24392" lon="1.56832">
        <ele>0</ele>
        <time>2026-06-26T08:59:28.338Z</time>
        <name>1303</name>
        <extensions>
          <speed_mps>13.411</speed_mps>
          <speed_mph>30.0</speed_mph>
        </extensions>
      </trkpt>
      <trkpt lat="52.24362" lon="1.56855">
        <ele>0</ele>
        <time>2026-06-26T08:59:31.094Z</time>
        <name>1304</name>
        <extensions>
          <speed_mps>13.411</speed_mps>
          <speed_mph>30.0</speed_mph>
        </extensions>
      </trkpt>
      <trkpt lat="52.24332" lon="1.56878">
        <ele>0</ele>
        <time>2026-06-26T08:59:33.848Z</time>
        <name>1305</name>
        <extensions>
          <speed_mps>13.411</speed_mps>
          <speed_mph>30.0</speed_mph>
        </extensions>
      </trkpt>
      <trkpt lat="52.24300" lon="1.56893">
        <ele>0</ele>
        <time>2026-06-26T08:59:36.595Z</time>
        <name>1306</name>
        <extensions>
          <speed_mps>13.411</speed_mps>
          <speed_mph>30.0</speed_mph>
        </extensions>
      </trkpt>
      <trkpt lat="52.24267" lon="1.56902">
        <ele>0</ele>
        <time>2026-06-26T08:59:39.350Z</time>
        <name>1307</name>
        <extensions>
          <speed_mps>13.411</speed_mps>
          <speed_mph>30.0</speed_mph>
        </extensions>
      </trkpt>
      <trkpt lat="52.24235" lon="1.56910">
        <ele>0</ele>
        <time>2026-06-26T08:59:42.106Z</time>
        <name>1308</name>
        <extensions>
          <speed_mps>13.411</speed_mps>
          <speed_mph>30.0</speed_mph>
        </extensions>
      </trkpt>
      <trkpt lat="52.24209" lon="1.56897">
        <ele>0</ele>
        <time>2026-06-26T08:59:44.320Z</time>
        <name>1309</name>
        <extensions>
          <speed_mps>13.411</speed_mps>
          <speed_mph>30.0</speed_mph>
        </extensions>
      </trkpt>
      <trkpt lat="52.24197" lon="1.56846">
        <ele>0</ele>
        <time>2026-06-26T08:59:47.076Z</time>
        <name>1310</name>
        <extensions>
          <speed_mps>13.411</speed_mps>
          <speed_mph>30.0</speed_mph>
        </extensions>
      </trkpt>
      <trkpt lat="52.24185" lon="1.56796">
        <ele>0</ele>
        <time>2026-06-26T08:59:49.831Z</time>
        <name>1311</name>
        <extensions>
          <speed_mps>13.411</speed_mps>
          <speed_mph>30.0</speed_mph>
        </extensions>
      </trkpt>
      <trkpt lat="52.24173" lon="1.56745">
        <ele>0</ele>
        <time>2026-06-26T08:59:52.587Z</time>
        <name>1312</name>
        <extensions>
          <speed_mps>13.411</speed_mps>
          <speed_mph>30.0</speed_mph>
        </extensions>
      </trkpt>
      <trkpt lat="52.24161" lon="1.56695">
        <ele>0</ele>
        <time>2026-06-26T08:59:55.342Z</time>
        <name>1313</name>
        <extensions>
          <speed_mps>13.411</speed_mps>
          <speed_mph>30.0</speed_mph>
        </extensions>
      </trkpt>
      <trkpt lat="52.24149" lon="1.56644">
        <ele>0</ele>
        <time>2026-06-26T08:59:58.098Z</time>
        <name>1314</name>
        <extensions>
          <speed_mps>13.411</speed_mps>
          <speed_mph>30.0</speed_mph>
        </extensions>
      </trkpt>
      <trkpt lat="52.24137" lon="1.56593">
        <ele>0</ele>
        <time>2026-06-26T09:00:00.853Z</time>
        <name>1315</name>
        <extensions>
          <speed_mps>13.411</speed_mps>
          <speed_mph>30.0</speed_mph>
        </extensions>
      </trkpt>
      <trkpt lat="52.24119" lon="1.56570">
        <ele>0</ele>
        <time>2026-06-26T09:00:02.742Z</time>
        <name>1316</name>
        <extensions>
          <speed_mps>13.411</speed_mps>
          <speed_mph>30.0</speed_mph>
        </extensions>
      </trkpt>
      <trkpt lat="52.24091" lon="1.56598">
        <ele>0</ele>
        <time>2026-06-26T09:00:05.498Z</time>
        <name>1317</name>
        <extensions>
          <speed_mps>13.411</speed_mps>
          <speed_mph>30.0</speed_mph>
        </extensions>
      </trkpt>
      <trkpt lat="52.24061" lon="1.56622">
        <ele>0</ele>
        <time>2026-06-26T09:00:08.251Z</time>
        <name>1318</name>
        <extensions>
          <speed_mps>13.411</speed_mps>
          <speed_mph>30.0</speed_mph>
        </extensions>
      </trkpt>
      <trkpt lat="52.24031" lon="1.56646">
        <ele>0</ele>
        <time>2026-06-26T09:00:11.003Z</time>
        <name>1319</name>
        <extensions>
          <speed_mps>13.411</speed_mps>
          <speed_mph>30.0</speed_mph>
        </extensions>
      </trkpt>
      <trkpt lat="52.24000" lon="1.56662">
        <ele>0</ele>
        <time>2026-06-26T09:00:13.756Z</time>
        <name>1320</name>
        <extensions>
          <speed_mps>13.411</speed_mps>
          <speed_mph>30.0</speed_mph>
        </extensions>
      </trkpt>
      <trkpt lat="52.23967" lon="1.56672">
        <ele>0</ele>
        <time>2026-06-26T09:00:16.509Z</time>
        <name>1321</name>
        <extensions>
          <speed_mps>13.411</speed_mps>
          <speed_mph>30.0</speed_mph>
        </extensions>
      </trkpt>
      <trkpt lat="52.23934" lon="1.56679">
        <ele>0</ele>
        <time>2026-06-26T09:00:19.264Z</time>
        <name>1322</name>
        <extensions>
          <speed_mps>13.411</speed_mps>
          <speed_mph>30.0</speed_mph>
        </extensions>
      </trkpt>
      <trkpt lat="52.23901" lon="1.56685">
        <ele>0</ele>
        <time>2026-06-26T09:00:22.020Z</time>
        <name>1323</name>
        <extensions>
          <speed_mps>13.411</speed_mps>
          <speed_mph>30.0</speed_mph>
        </extensions>
      </trkpt>
      <trkpt lat="52.23868" lon="1.56690">
        <ele>0</ele>
        <time>2026-06-26T09:00:24.775Z</time>
        <name>1324</name>
        <extensions>
          <speed_mps>13.411</speed_mps>
          <speed_mph>30.0</speed_mph>
        </extensions>
      </trkpt>
      <trkpt lat="52.23835" lon="1.56696">
        <ele>0</ele>
        <time>2026-06-26T09:00:27.529Z</time>
        <name>1325</name>
        <extensions>
          <speed_mps>13.411</speed_mps>
          <speed_mph>30.0</speed_mph>
        </extensions>
      </trkpt>
      <trkpt lat="52.23802" lon="1.56704">
        <ele>0</ele>
        <time>2026-06-26T09:00:30.283Z</time>
        <name>1326</name>
        <extensions>
          <speed_mps>13.411</speed_mps>
          <speed_mph>30.0</speed_mph>
        </extensions>
      </trkpt>
      <trkpt lat="52.23772" lon="1.56726">
        <ele>0</ele>
        <time>2026-06-26T09:00:33.012Z</time>
        <name>1327</name>
        <extensions>
          <speed_mps>13.411</speed_mps>
          <speed_mph>30.0</speed_mph>
        </extensions>
      </trkpt>
      <trkpt lat="52.23746" lon="1.56759">
        <ele>0</ele>
        <time>2026-06-26T09:00:35.765Z</time>
        <name>1328</name>
        <extensions>
          <speed_mps>13.411</speed_mps>
          <speed_mph>30.0</speed_mph>
        </extensions>
      </trkpt>
      <trkpt lat="52.23722" lon="1.56797">
        <ele>0</ele>
        <time>2026-06-26T09:00:38.519Z</time>
        <name>1329</name>
        <extensions>
          <speed_mps>13.411</speed_mps>
          <speed_mph>30.0</speed_mph>
        </extensions>
      </trkpt>
      <trkpt lat="52.23700" lon="1.56838">
        <ele>0</ele>
        <time>2026-06-26T09:00:41.274Z</time>
        <name>1330</name>
        <extensions>
          <speed_mps>13.411</speed_mps>
          <speed_mph>30.0</speed_mph>
        </extensions>
      </trkpt>
      <trkpt lat="52.23678" lon="1.56878">
        <ele>0</ele>
        <time>2026-06-26T09:00:44.029Z</time>
        <name>1331</name>
        <extensions>
          <speed_mps>13.411</speed_mps>
          <speed_mph>30.0</speed_mph>
        </extensions>
      </trkpt>
      <trkpt lat="52.23654" lon="1.56915">
        <ele>0</ele>
        <time>2026-06-26T09:00:46.784Z</time>
        <name>1332</name>
        <extensions>
          <speed_mps>13.411</speed_mps>
          <speed_mph>30.0</speed_mph>
        </extensions>
      </trkpt>
      <trkpt lat="52.23628" lon="1.56950">
        <ele>0</ele>
        <time>2026-06-26T09:00:49.536Z</time>
        <name>1333</name>
        <extensions>
          <speed_mps>13.411</speed_mps>
          <speed_mph>30.0</speed_mph>
        </extensions>
      </trkpt>
      <trkpt lat="52.23601" lon="1.56982">
        <ele>0</ele>
        <time>2026-06-26T09:00:52.291Z</time>
        <name>1334</name>
        <extensions>
          <speed_mps>13.411</speed_mps>
          <speed_mph>30.0</speed_mph>
        </extensions>
      </trkpt>
      <trkpt lat="52.23574" lon="1.57013">
        <ele>0</ele>
        <time>2026-06-26T09:00:55.046Z</time>
        <name>1335</name>
        <extensions>
          <speed_mps>13.411</speed_mps>
          <speed_mph>30.0</speed_mph>
        </extensions>
      </trkpt>
      <trkpt lat="52.23547" lon="1.57045">
        <ele>0</ele>
        <time>2026-06-26T09:00:57.800Z</time>
        <name>1336</name>
        <extensions>
          <speed_mps>13.411</speed_mps>
          <speed_mph>30.0</speed_mph>
        </extensions>
      </trkpt>
      <trkpt lat="52.23520" lon="1.57076">
        <ele>0</ele>
        <time>2026-06-26T09:01:00.556Z</time>
        <name>1337</name>
        <extensions>
          <speed_mps>13.411</speed_mps>
          <speed_mph>30.0</speed_mph>
        </extensions>
      </trkpt>
      <trkpt lat="52.23492" lon="1.57106">
        <ele>0</ele>
        <time>2026-06-26T09:01:03.311Z</time>
        <name>1338</name>
        <extensions>
          <speed_mps>13.411</speed_mps>
          <speed_mph>30.0</speed_mph>
        </extensions>
      </trkpt>
      <trkpt lat="52.23464" lon="1.57135">
        <ele>0</ele>
        <time>2026-06-26T09:01:06.067Z</time>
        <name>1339</name>
        <extensions>
          <speed_mps>13.411</speed_mps>
          <speed_mph>30.0</speed_mph>
        </extensions>
      </trkpt>
      <trkpt lat="52.23435" lon="1.57162">
        <ele>0</ele>
        <time>2026-06-26T09:01:08.822Z</time>
        <name>1340</name>
        <extensions>
          <speed_mps>13.411</speed_mps>
          <speed_mph>30.0</speed_mph>
        </extensions>
      </trkpt>
      <trkpt lat="52.23406" lon="1.57189">
        <ele>0</ele>
        <time>2026-06-26T09:01:11.577Z</time>
        <name>1341</name>
        <extensions>
          <speed_mps>13.411</speed_mps>
          <speed_mph>30.0</speed_mph>
        </extensions>
      </trkpt>
      <trkpt lat="52.23377" lon="1.57214">
        <ele>0</ele>
        <time>2026-06-26T09:01:14.331Z</time>
        <name>1342</name>
        <extensions>
          <speed_mps>13.411</speed_mps>
          <speed_mph>30.0</speed_mph>
        </extensions>
      </trkpt>
      <trkpt lat="52.23347" lon="1.57236">
        <ele>0</ele>
        <time>2026-06-26T09:01:17.087Z</time>
        <name>1343</name>
        <extensions>
          <speed_mps>13.411</speed_mps>
          <speed_mph>30.0</speed_mph>
        </extensions>
      </trkpt>
      <trkpt lat="52.23316" lon="1.57259">
        <ele>0</ele>
        <time>2026-06-26T09:01:19.842Z</time>
        <name>1344</name>
        <extensions>
          <speed_mps>13.411</speed_mps>
          <speed_mph>30.0</speed_mph>
        </extensions>
      </trkpt>
      <trkpt lat="52.23286" lon="1.57281">
        <ele>0</ele>
        <time>2026-06-26T09:01:22.598Z</time>
        <name>1345</name>
        <extensions>
          <speed_mps>13.411</speed_mps>
          <speed_mph>30.0</speed_mph>
        </extensions>
      </trkpt>
      <trkpt lat="52.23256" lon="1.57304">
        <ele>0</ele>
        <time>2026-06-26T09:01:25.353Z</time>
        <name>1346</name>
        <extensions>
          <speed_mps>13.411</speed_mps>
          <speed_mph>30.0</speed_mph>
        </extensions>
      </trkpt>
      <trkpt lat="52.23227" lon="1.57329">
        <ele>0</ele>
        <time>2026-06-26T09:01:28.108Z</time>
        <name>1347</name>
        <extensions>
          <speed_mps>13.411</speed_mps>
          <speed_mph>30.0</speed_mph>
        </extensions>
      </trkpt>
      <trkpt lat="52.23198" lon="1.57356">
        <ele>0</ele>
        <time>2026-06-26T09:01:30.862Z</time>
        <name>1348</name>
        <extensions>
          <speed_mps>13.411</speed_mps>
          <speed_mph>30.0</speed_mph>
        </extensions>
      </trkpt>
      <trkpt lat="52.23170" lon="1.57386">
        <ele>0</ele>
        <time>2026-06-26T09:01:33.617Z</time>
        <name>1349</name>
        <extensions>
          <speed_mps>13.411</speed_mps>
          <speed_mph>30.0</speed_mph>
        </extensions>
      </trkpt>
      <trkpt lat="52.23141" lon="1.57412">
        <ele>0</ele>
        <time>2026-06-26T09:01:36.370Z</time>
        <name>1350</name>
        <extensions>
          <speed_mps>13.411</speed_mps>
          <speed_mph>30.0</speed_mph>
        </extensions>
      </trkpt>
      <trkpt lat="52.23110" lon="1.57433">
        <ele>0</ele>
        <time>2026-06-26T09:01:39.107Z</time>
        <name>1351</name>
        <extensions>
          <speed_mps>13.411</speed_mps>
          <speed_mph>30.0</speed_mph>
        </extensions>
      </trkpt>
      <trkpt lat="52.23079" lon="1.57447">
        <ele>0</ele>
        <time>2026-06-26T09:01:41.857Z</time>
        <name>1352</name>
        <extensions>
          <speed_mps>13.411</speed_mps>
          <speed_mph>30.0</speed_mph>
        </extensions>
      </trkpt>
      <trkpt lat="52.23048" lon="1.57467">
        <ele>0</ele>
        <time>2026-06-26T09:01:44.612Z</time>
        <name>1353</name>
        <extensions>
          <speed_mps>13.411</speed_mps>
          <speed_mph>30.0</speed_mph>
        </extensions>
      </trkpt>
      <trkpt lat="52.23019" lon="1.57494">
        <ele>0</ele>
        <time>2026-06-26T09:01:47.367Z</time>
        <name>1354</name>
        <extensions>
          <speed_mps>13.411</speed_mps>
          <speed_mph>30.0</speed_mph>
        </extensions>
      </trkpt>
      <trkpt lat="52.22992" lon="1.57527">
        <ele>0</ele>
        <time>2026-06-26T09:01:50.122Z</time>
        <name>1355</name>
        <extensions>
          <speed_mps>13.411</speed_mps>
          <speed_mph>30.0</speed_mph>
        </extensions>
      </trkpt>
      <trkpt lat="52.22967" lon="1.57563">
        <ele>0</ele>
        <time>2026-06-26T09:01:52.875Z</time>
        <name>1356</name>
        <extensions>
          <speed_mps>13.411</speed_mps>
          <speed_mph>30.0</speed_mph>
        </extensions>
      </trkpt>
      <trkpt lat="52.22943" lon="1.57599">
        <ele>0</ele>
        <time>2026-06-26T09:01:55.631Z</time>
        <name>1357</name>
        <extensions>
          <speed_mps>13.411</speed_mps>
          <speed_mph>30.0</speed_mph>
        </extensions>
      </trkpt>
      <trkpt lat="52.22920" lon="1.57639">
        <ele>0</ele>
        <time>2026-06-26T09:01:58.385Z</time>
        <name>1358</name>
        <extensions>
          <speed_mps>13.411</speed_mps>
          <speed_mph>30.0</speed_mph>
        </extensions>
      </trkpt>
      <trkpt lat="52.22898" lon="1.57679">
        <ele>0</ele>
        <time>2026-06-26T09:02:01.140Z</time>
        <name>1359</name>
        <extensions>
          <speed_mps>13.411</speed_mps>
          <speed_mph>30.0</speed_mph>
        </extensions>
      </trkpt>
      <trkpt lat="52.22877" lon="1.57722">
        <ele>0</ele>
        <time>2026-06-26T09:02:03.895Z</time>
        <name>1360</name>
        <extensions>
          <speed_mps>13.411</speed_mps>
          <speed_mph>30.0</speed_mph>
        </extensions>
      </trkpt>
      <trkpt lat="52.22857" lon="1.57765">
        <ele>0</ele>
        <time>2026-06-26T09:02:06.651Z</time>
        <name>1361</name>
        <extensions>
          <speed_mps>13.411</speed_mps>
          <speed_mph>30.0</speed_mph>
        </extensions>
      </trkpt>
      <trkpt lat="52.22836" lon="1.57808">
        <ele>0</ele>
        <time>2026-06-26T09:02:09.406Z</time>
        <name>1362</name>
        <extensions>
          <speed_mps>13.411</speed_mps>
          <speed_mph>30.0</speed_mph>
        </extensions>
      </trkpt>
      <trkpt lat="52.22815" lon="1.57848">
        <ele>0</ele>
        <time>2026-06-26T09:02:12.159Z</time>
        <name>1363</name>
        <extensions>
          <speed_mps>13.411</speed_mps>
          <speed_mph>30.0</speed_mph>
        </extensions>
      </trkpt>
      <trkpt lat="52.22790" lon="1.57885">
        <ele>0</ele>
        <time>2026-06-26T09:02:14.913Z</time>
        <name>1364</name>
        <extensions>
          <speed_mps>13.411</speed_mps>
          <speed_mph>30.0</speed_mph>
        </extensions>
      </trkpt>
      <trkpt lat="52.22765" lon="1.57921">
        <ele>0</ele>
        <time>2026-06-26T09:02:17.668Z</time>
        <name>1365</name>
        <extensions>
          <speed_mps>13.411</speed_mps>
          <speed_mph>30.0</speed_mph>
        </extensions>
      </trkpt>
      <trkpt lat="52.22740" lon="1.57957">
        <ele>0</ele>
        <time>2026-06-26T09:02:20.424Z</time>
        <name>1366</name>
        <extensions>
          <speed_mps>13.411</speed_mps>
          <speed_mph>30.0</speed_mph>
        </extensions>
      </trkpt>
      <trkpt lat="52.22716" lon="1.57994">
        <ele>0</ele>
        <time>2026-06-26T09:02:23.178Z</time>
        <name>1367</name>
        <extensions>
          <speed_mps>13.411</speed_mps>
          <speed_mph>30.0</speed_mph>
        </extensions>
      </trkpt>
      <trkpt lat="52.22692" lon="1.58031">
        <ele>0</ele>
        <time>2026-06-26T09:02:25.934Z</time>
        <name>1368</name>
        <extensions>
          <speed_mps>13.411</speed_mps>
          <speed_mph>30.0</speed_mph>
        </extensions>
      </trkpt>
      <trkpt lat="52.22668" lon="1.58069">
        <ele>0</ele>
        <time>2026-06-26T09:02:28.689Z</time>
        <name>1369</name>
        <extensions>
          <speed_mps>13.411</speed_mps>
          <speed_mph>30.0</speed_mph>
        </extensions>
      </trkpt>
      <trkpt lat="52.22643" lon="1.58105">
        <ele>0</ele>
        <time>2026-06-26T09:02:31.442Z</time>
        <name>1370</name>
        <extensions>
          <speed_mps>13.411</speed_mps>
          <speed_mph>30.0</speed_mph>
        </extensions>
      </trkpt>
      <trkpt lat="52.22617" lon="1.58138">
        <ele>0</ele>
        <time>2026-06-26T09:02:34.194Z</time>
        <name>1371</name>
        <extensions>
          <speed_mps>13.411</speed_mps>
          <speed_mph>30.0</speed_mph>
        </extensions>
      </trkpt>
      <trkpt lat="52.22589" lon="1.58168">
        <ele>0</ele>
        <time>2026-06-26T09:02:36.950Z</time>
        <name>1372</name>
        <extensions>
          <speed_mps>13.411</speed_mps>
          <speed_mph>30.0</speed_mph>
        </extensions>
      </trkpt>
      <trkpt lat="52.22561" lon="1.58196">
        <ele>0</ele>
        <time>2026-06-26T09:02:39.702Z</time>
        <name>1373</name>
        <extensions>
          <speed_mps>13.411</speed_mps>
          <speed_mph>30.0</speed_mph>
        </extensions>
      </trkpt>
      <trkpt lat="52.22531" lon="1.58220">
        <ele>0</ele>
        <time>2026-06-26T09:02:42.458Z</time>
        <name>1374</name>
        <extensions>
          <speed_mps>13.411</speed_mps>
          <speed_mph>30.0</speed_mph>
        </extensions>
      </trkpt>
      <trkpt lat="52.22501" lon="1.58243">
        <ele>0</ele>
        <time>2026-06-26T09:02:45.213Z</time>
        <name>1375</name>
        <extensions>
          <speed_mps>13.411</speed_mps>
          <speed_mph>30.0</speed_mph>
        </extensions>
      </trkpt>
      <trkpt lat="52.22471" lon="1.58267">
        <ele>0</ele>
        <time>2026-06-26T09:02:47.968Z</time>
        <name>1376</name>
        <extensions>
          <speed_mps>13.411</speed_mps>
          <speed_mph>30.0</speed_mph>
        </extensions>
      </trkpt>
      <trkpt lat="52.22441" lon="1.58290">
        <ele>0</ele>
        <time>2026-06-26T09:02:50.724Z</time>
        <name>1377</name>
        <extensions>
          <speed_mps>13.411</speed_mps>
          <speed_mph>30.0</speed_mph>
        </extensions>
      </trkpt>
      <trkpt lat="52.22410" lon="1.58309">
        <ele>0</ele>
        <time>2026-06-26T09:02:53.477Z</time>
        <name>1378</name>
        <extensions>
          <speed_mps>13.411</speed_mps>
          <speed_mph>30.0</speed_mph>
        </extensions>
      </trkpt>
      <trkpt lat="52.22377" lon="1.58319">
        <ele>0</ele>
        <time>2026-06-26T09:02:56.225Z</time>
        <name>1379</name>
        <extensions>
          <speed_mps>13.411</speed_mps>
          <speed_mph>30.0</speed_mph>
        </extensions>
      </trkpt>
      <trkpt lat="52.22344" lon="1.58323">
        <ele>0</ele>
        <time>2026-06-26T09:02:58.976Z</time>
        <name>1380</name>
        <extensions>
          <speed_mps>13.411</speed_mps>
          <speed_mph>30.0</speed_mph>
        </extensions>
      </trkpt>
      <trkpt lat="52.22311" lon="1.58318">
        <ele>0</ele>
        <time>2026-06-26T09:03:01.726Z</time>
        <name>1381</name>
        <extensions>
          <speed_mps>13.411</speed_mps>
          <speed_mph>30.0</speed_mph>
        </extensions>
      </trkpt>
      <trkpt lat="52.22279" lon="1.58303">
        <ele>0</ele>
        <time>2026-06-26T09:03:04.476Z</time>
        <name>1382</name>
        <extensions>
          <speed_mps>13.411</speed_mps>
          <speed_mph>30.0</speed_mph>
        </extensions>
      </trkpt>
      <trkpt lat="52.22249" lon="1.58282">
        <ele>0</ele>
        <time>2026-06-26T09:03:07.228Z</time>
        <name>1383</name>
        <extensions>
          <speed_mps>13.411</speed_mps>
          <speed_mph>30.0</speed_mph>
        </extensions>
      </trkpt>
      <trkpt lat="52.22219" lon="1.58258">
        <ele>0</ele>
        <time>2026-06-26T09:03:09.981Z</time>
        <name>1384</name>
        <extensions>
          <speed_mps>13.411</speed_mps>
          <speed_mph>30.0</speed_mph>
        </extensions>
      </trkpt>
      <trkpt lat="52.22191" lon="1.58229">
        <ele>0</ele>
        <time>2026-06-26T09:03:12.736Z</time>
        <name>1385</name>
        <extensions>
          <speed_mps>13.411</speed_mps>
          <speed_mph>30.0</speed_mph>
        </extensions>
      </trkpt>
      <trkpt lat="52.22163" lon="1.58199">
        <ele>0</ele>
        <time>2026-06-26T09:03:15.492Z</time>
        <name>1386</name>
        <extensions>
          <speed_mps>13.411</speed_mps>
          <speed_mph>30.0</speed_mph>
        </extensions>
      </trkpt>
      <trkpt lat="52.22136" lon="1.58169">
        <ele>0</ele>
        <time>2026-06-26T09:03:18.246Z</time>
        <name>1387</name>
        <extensions>
          <speed_mps>13.411</speed_mps>
          <speed_mph>30.0</speed_mph>
        </extensions>
      </trkpt>
      <trkpt lat="52.22109" lon="1.58137">
        <ele>0</ele>
        <time>2026-06-26T09:03:21.001Z</time>
        <name>1388</name>
        <extensions>
          <speed_mps>13.411</speed_mps>
          <speed_mph>30.0</speed_mph>
        </extensions>
      </trkpt>
      <trkpt lat="52.22081" lon="1.58107">
        <ele>0</ele>
        <time>2026-06-26T09:03:23.757Z</time>
        <name>1389</name>
        <extensions>
          <speed_mps>13.411</speed_mps>
          <speed_mph>30.0</speed_mph>
        </extensions>
      </trkpt>
      <trkpt lat="52.22054" lon="1.58076">
        <ele>0</ele>
        <time>2026-06-26T09:03:26.512Z</time>
        <name>1390</name>
        <extensions>
          <speed_mps>13.411</speed_mps>
          <speed_mph>30.0</speed_mph>
        </extensions>
      </trkpt>
      <trkpt lat="52.22027" lon="1.58044">
        <ele>0</ele>
        <time>2026-06-26T09:03:29.268Z</time>
        <name>1391</name>
        <extensions>
          <speed_mps>13.411</speed_mps>
          <speed_mph>30.0</speed_mph>
        </extensions>
      </trkpt>
      <trkpt lat="52.22000" lon="1.58012">
        <ele>0</ele>
        <time>2026-06-26T09:03:32.023Z</time>
        <name>1392</name>
        <extensions>
          <speed_mps>13.411</speed_mps>
          <speed_mph>30.0</speed_mph>
        </extensions>
      </trkpt>
      <trkpt lat="52.21973" lon="1.57980">
        <ele>0</ele>
        <time>2026-06-26T09:03:34.779Z</time>
        <name>1393</name>
        <extensions>
          <speed_mps>13.411</speed_mps>
          <speed_mph>30.0</speed_mph>
        </extensions>
      </trkpt>
      <trkpt lat="52.21946" lon="1.57948">
        <ele>0</ele>
        <time>2026-06-26T09:03:37.534Z</time>
        <name>1394</name>
        <extensions>
          <speed_mps>13.411</speed_mps>
          <speed_mph>30.0</speed_mph>
        </extensions>
      </trkpt>
      <trkpt lat="52.21919" lon="1.57916">
        <ele>0</ele>
        <time>2026-06-26T09:03:40.290Z</time>
        <name>1395</name>
        <extensions>
          <speed_mps>13.411</speed_mps>
          <speed_mph>30.0</speed_mph>
        </extensions>
      </trkpt>
      <trkpt lat="52.21892" lon="1.57885">
        <ele>0</ele>
        <time>2026-06-26T09:03:43.044Z</time>
        <name>1396</name>
        <extensions>
          <speed_mps>13.411</speed_mps>
          <speed_mph>30.0</speed_mph>
        </extensions>
      </trkpt>
      <trkpt lat="52.21864" lon="1.57856">
        <ele>0</ele>
        <time>2026-06-26T09:03:45.799Z</time>
        <name>1397</name>
        <extensions>
          <speed_mps>13.411</speed_mps>
          <speed_mph>30.0</speed_mph>
        </extensions>
      </trkpt>
      <trkpt lat="52.21837" lon="1.57839">
        <ele>0</ele>
        <time>2026-06-26T09:03:48.215Z</time>
        <name>1398</name>
        <extensions>
          <speed_mps>13.411</speed_mps>
          <speed_mph>30.0</speed_mph>
        </extensions>
      </trkpt>
      <trkpt lat="52.21818" lon="1.57883">
        <ele>0</ele>
        <time>2026-06-26T09:03:50.971Z</time>
        <name>1399</name>
        <extensions>
          <speed_mps>13.411</speed_mps>
          <speed_mph>30.0</speed_mph>
        </extensions>
      </trkpt>
      <trkpt lat="52.21798" lon="1.57927">
        <ele>0</ele>
        <time>2026-06-26T09:03:53.726Z</time>
        <name>1400</name>
        <extensions>
          <speed_mps>13.411</speed_mps>
          <speed_mph>30.0</speed_mph>
        </extensions>
      </trkpt>
      <trkpt lat="52.21779" lon="1.57972">
        <ele>0</ele>
        <time>2026-06-26T09:03:56.481Z</time>
        <name>1401</name>
        <extensions>
          <speed_mps>13.411</speed_mps>
          <speed_mph>30.0</speed_mph>
        </extensions>
      </trkpt>
      <trkpt lat="52.21761" lon="1.58017">
        <ele>0</ele>
        <time>2026-06-26T09:03:59.236Z</time>
        <name>1402</name>
        <extensions>
          <speed_mps>13.411</speed_mps>
          <speed_mph>30.0</speed_mph>
        </extensions>
      </trkpt>
      <trkpt lat="52.21750" lon="1.58068">
        <ele>0</ele>
        <time>2026-06-26T09:04:01.987Z</time>
        <name>1403</name>
        <extensions>
          <speed_mps>13.411</speed_mps>
          <speed_mph>30.0</speed_mph>
        </extensions>
      </trkpt>
      <trkpt lat="52.21747" lon="1.58122">
        <ele>0</ele>
        <time>2026-06-26T09:04:04.735Z</time>
        <name>1404</name>
        <extensions>
          <speed_mps>13.411</speed_mps>
          <speed_mph>30.0</speed_mph>
        </extensions>
      </trkpt>
      <trkpt lat="52.21747" lon="1.58176">
        <ele>0</ele>
        <time>2026-06-26T09:04:07.490Z</time>
        <name>1405</name>
        <extensions>
          <speed_mps>13.411</speed_mps>
          <speed_mph>30.0</speed_mph>
        </extensions>
      </trkpt>
      <trkpt lat="52.21748" lon="1.58231">
        <ele>0</ele>
        <time>2026-06-26T09:04:10.246Z</time>
        <name>1406</name>
        <extensions>
          <speed_mps>13.411</speed_mps>
          <speed_mph>30.0</speed_mph>
        </extensions>
      </trkpt>
      <trkpt lat="52.21749" lon="1.58285">
        <ele>0</ele>
        <time>2026-06-26T09:04:13.001Z</time>
        <name>1407</name>
        <extensions>
          <speed_mps>13.411</speed_mps>
          <speed_mph>30.0</speed_mph>
        </extensions>
      </trkpt>
      <trkpt lat="52.21751" lon="1.58339">
        <ele>0</ele>
        <time>2026-06-26T09:04:15.756Z</time>
        <name>1408</name>
        <extensions>
          <speed_mps>13.411</speed_mps>
          <speed_mph>30.0</speed_mph>
        </extensions>
      </trkpt>
      <trkpt lat="52.21754" lon="1.58393">
        <ele>0</ele>
        <time>2026-06-26T09:04:18.511Z</time>
        <name>1409</name>
        <extensions>
          <speed_mps>13.411</speed_mps>
          <speed_mph>30.0</speed_mph>
        </extensions>
      </trkpt>
      <trkpt lat="52.21758" lon="1.58447">
        <ele>0</ele>
        <time>2026-06-26T09:04:21.267Z</time>
        <name>1410</name>
        <extensions>
          <speed_mps>13.411</speed_mps>
          <speed_mph>30.0</speed_mph>
        </extensions>
      </trkpt>
      <trkpt lat="52.21761" lon="1.58501">
        <ele>0</ele>
        <time>2026-06-26T09:04:24.022Z</time>
        <name>1411</name>
        <extensions>
          <speed_mps>13.411</speed_mps>
          <speed_mph>30.0</speed_mph>
        </extensions>
      </trkpt>
      <trkpt lat="52.21765" lon="1.58555">
        <ele>0</ele>
        <time>2026-06-26T09:04:26.778Z</time>
        <name>1412</name>
        <extensions>
          <speed_mps>13.411</speed_mps>
          <speed_mph>30.0</speed_mph>
        </extensions>
      </trkpt>
      <trkpt lat="52.21767" lon="1.58609">
        <ele>0</ele>
        <time>2026-06-26T09:04:29.532Z</time>
        <name>1413</name>
        <extensions>
          <speed_mps>13.411</speed_mps>
          <speed_mph>30.0</speed_mph>
        </extensions>
      </trkpt>
      <trkpt lat="52.21763" lon="1.58662">
        <ele>0</ele>
        <time>2026-06-26T09:04:32.277Z</time>
        <name>1414</name>
        <extensions>
          <speed_mps>13.411</speed_mps>
          <speed_mph>30.0</speed_mph>
        </extensions>
      </trkpt>
      <trkpt lat="52.21754" lon="1.58714">
        <ele>0</ele>
        <time>2026-06-26T09:04:35.024Z</time>
        <name>1415</name>
        <extensions>
          <speed_mps>13.411</speed_mps>
          <speed_mph>30.0</speed_mph>
        </extensions>
      </trkpt>
      <trkpt lat="52.21744" lon="1.58766">
        <ele>0</ele>
        <time>2026-06-26T09:04:37.774Z</time>
        <name>1416</name>
        <extensions>
          <speed_mps>13.411</speed_mps>
          <speed_mph>30.0</speed_mph>
        </extensions>
      </trkpt>
      <trkpt lat="52.21741" lon="1.58820">
        <ele>0</ele>
        <time>2026-06-26T09:04:40.522Z</time>
        <name>1417</name>
        <extensions>
          <speed_mps>13.411</speed_mps>
          <speed_mph>30.0</speed_mph>
        </extensions>
      </trkpt>
      <trkpt lat="52.21744" lon="1.58874">
        <ele>0</ele>
        <time>2026-06-26T09:04:43.276Z</time>
        <name>1418</name>
        <extensions>
          <speed_mps>13.411</speed_mps>
          <speed_mph>30.0</speed_mph>
        </extensions>
      </trkpt>
      <trkpt lat="52.21745" lon="1.58928">
        <ele>0</ele>
        <time>2026-06-26T09:04:46.020Z</time>
        <name>1419</name>
        <extensions>
          <speed_mps>13.411</speed_mps>
          <speed_mph>30.0</speed_mph>
        </extensions>
      </trkpt>
      <trkpt lat="52.21734" lon="1.58978">
        <ele>0</ele>
        <time>2026-06-26T09:04:48.729Z</time>
        <name>1420</name>
        <extensions>
          <speed_mps>13.411</speed_mps>
          <speed_mph>30.0</speed_mph>
        </extensions>
      </trkpt>
      <trkpt lat="52.21715" lon="1.59022">
        <ele>0</ele>
        <time>2026-06-26T09:04:51.458Z</time>
        <name>1421</name>
        <extensions>
          <speed_mps>13.411</speed_mps>
          <speed_mph>30.0</speed_mph>
        </extensions>
      </trkpt>
      <trkpt lat="52.21689" lon="1.59055">
        <ele>0</ele>
        <time>2026-06-26T09:04:54.194Z</time>
        <name>1422</name>
        <extensions>
          <speed_mps>13.411</speed_mps>
          <speed_mph>30.0</speed_mph>
        </extensions>
      </trkpt>
      <trkpt lat="52.21658" lon="1.59073">
        <ele>0</ele>
        <time>2026-06-26T09:04:56.943Z</time>
        <name>1423</name>
        <extensions>
          <speed_mps>13.411</speed_mps>
          <speed_mph>30.0</speed_mph>
        </extensions>
      </trkpt>
      <trkpt lat="52.21626" lon="1.59087">
        <ele>0</ele>
        <time>2026-06-26T09:04:59.697Z</time>
        <name>1424</name>
        <extensions>
          <speed_mps>13.411</speed_mps>
          <speed_mph>30.0</speed_mph>
        </extensions>
      </trkpt>
      <trkpt lat="52.21594" lon="1.59105">
        <ele>0</ele>
        <time>2026-06-26T09:05:02.452Z</time>
        <name>1425</name>
        <extensions>
          <speed_mps>13.411</speed_mps>
          <speed_mph>30.0</speed_mph>
        </extensions>
      </trkpt>
      <trkpt lat="52.21564" lon="1.59127">
        <ele>0</ele>
        <time>2026-06-26T09:05:05.206Z</time>
        <name>1426</name>
        <extensions>
          <speed_mps>13.411</speed_mps>
          <speed_mph>30.0</speed_mph>
        </extensions>
      </trkpt>
      <trkpt lat="52.21534" lon="1.59149">
        <ele>0</ele>
        <time>2026-06-26T09:05:07.962Z</time>
        <name>1427</name>
        <extensions>
          <speed_mps>13.411</speed_mps>
          <speed_mph>30.0</speed_mph>
        </extensions>
      </trkpt>
      <trkpt lat="52.21504" lon="1.59172">
        <ele>0</ele>
        <time>2026-06-26T09:05:10.717Z</time>
        <name>1428</name>
        <extensions>
          <speed_mps>13.411</speed_mps>
          <speed_mph>30.0</speed_mph>
        </extensions>
      </trkpt>
      <trkpt lat="52.21475" lon="1.59199">
        <ele>0</ele>
        <time>2026-06-26T09:05:13.471Z</time>
        <name>1429</name>
        <extensions>
          <speed_mps>13.411</speed_mps>
          <speed_mph>30.0</speed_mph>
        </extensions>
      </trkpt>
      <trkpt lat="52.21447" lon="1.59229">
        <ele>0</ele>
        <time>2026-06-26T09:05:16.223Z</time>
        <name>1430</name>
        <extensions>
          <speed_mps>13.411</speed_mps>
          <speed_mph>30.0</speed_mph>
        </extensions>
      </trkpt>
      <trkpt lat="52.21419" lon="1.59257">
        <ele>0</ele>
        <time>2026-06-26T09:05:18.971Z</time>
        <name>1431</name>
        <extensions>
          <speed_mps>13.411</speed_mps>
          <speed_mph>30.0</speed_mph>
        </extensions>
      </trkpt>
      <trkpt lat="52.21390" lon="1.59283">
        <ele>0</ele>
        <time>2026-06-26T09:05:21.725Z</time>
        <name>1432</name>
        <extensions>
          <speed_mps>13.411</speed_mps>
          <speed_mph>30.0</speed_mph>
        </extensions>
      </trkpt>
      <trkpt lat="52.21361" lon="1.59310">
        <ele>0</ele>
        <time>2026-06-26T09:05:24.480Z</time>
        <name>1433</name>
        <extensions>
          <speed_mps>13.411</speed_mps>
          <speed_mph>30.0</speed_mph>
        </extensions>
      </trkpt>
      <trkpt lat="52.21331" lon="1.59334">
        <ele>0</ele>
        <time>2026-06-26T09:05:27.232Z</time>
        <name>1434</name>
        <extensions>
          <speed_mps>13.411</speed_mps>
          <speed_mph>30.0</speed_mph>
        </extensions>
      </trkpt>
      <trkpt lat="52.21300" lon="1.59354">
        <ele>0</ele>
        <time>2026-06-26T09:05:29.985Z</time>
        <name>1435</name>
        <extensions>
          <speed_mps>13.411</speed_mps>
          <speed_mph>30.0</speed_mph>
        </extensions>
      </trkpt>
      <trkpt lat="52.21268" lon="1.59369">
        <ele>0</ele>
        <time>2026-06-26T09:05:32.741Z</time>
        <name>1436</name>
        <extensions>
          <speed_mps>13.411</speed_mps>
          <speed_mph>30.0</speed_mph>
        </extensions>
      </trkpt>
      <trkpt lat="52.21237" lon="1.59385">
        <ele>0</ele>
        <time>2026-06-26T09:05:35.496Z</time>
        <name>1437</name>
        <extensions>
          <speed_mps>13.411</speed_mps>
          <speed_mph>30.0</speed_mph>
        </extensions>
      </trkpt>
      <trkpt lat="52.21205" lon="1.59400">
        <ele>0</ele>
        <time>2026-06-26T09:05:38.252Z</time>
        <name>1438</name>
        <extensions>
          <speed_mps>13.411</speed_mps>
          <speed_mph>30.0</speed_mph>
        </extensions>
      </trkpt>
      <trkpt lat="52.21173" lon="1.59416">
        <ele>0</ele>
        <time>2026-06-26T09:05:41.007Z</time>
        <name>1439</name>
        <extensions>
          <speed_mps>13.411</speed_mps>
          <speed_mph>30.0</speed_mph>
        </extensions>
      </trkpt>
      <trkpt lat="52.21141" lon="1.59433">
        <ele>0</ele>
        <time>2026-06-26T09:05:43.763Z</time>
        <name>1440</name>
        <extensions>
          <speed_mps>13.411</speed_mps>
          <speed_mph>30.0</speed_mph>
        </extensions>
      </trkpt>
      <trkpt lat="52.21110" lon="1.59449">
        <ele>0</ele>
        <time>2026-06-26T09:05:46.518Z</time>
        <name>1441</name>
        <extensions>
          <speed_mps>13.411</speed_mps>
          <speed_mph>30.0</speed_mph>
        </extensions>
      </trkpt>
      <trkpt lat="52.21078" lon="1.59465">
        <ele>0</ele>
        <time>2026-06-26T09:05:49.274Z</time>
        <name>1442</name>
        <extensions>
          <speed_mps>13.411</speed_mps>
          <speed_mph>30.0</speed_mph>
        </extensions>
      </trkpt>
      <trkpt lat="52.21046" lon="1.59481">
        <ele>0</ele>
        <time>2026-06-26T09:05:52.029Z</time>
        <name>1443</name>
        <extensions>
          <speed_mps>13.411</speed_mps>
          <speed_mph>30.0</speed_mph>
        </extensions>
      </trkpt>
      <trkpt lat="52.21014" lon="1.59496">
        <ele>0</ele>
        <time>2026-06-26T09:05:54.784Z</time>
        <name>1444</name>
        <extensions>
          <speed_mps>13.411</speed_mps>
          <speed_mph>30.0</speed_mph>
        </extensions>
      </trkpt>
      <trkpt lat="52.20982" lon="1.59512">
        <ele>0</ele>
        <time>2026-06-26T09:05:57.540Z</time>
        <name>1445</name>
        <extensions>
          <speed_mps>13.411</speed_mps>
          <speed_mph>30.0</speed_mph>
        </extensions>
      </trkpt>
      <trkpt lat="52.20951" lon="1.59528">
        <ele>0</ele>
        <time>2026-06-26T09:06:00.295Z</time>
        <name>1446</name>
        <extensions>
          <speed_mps>13.411</speed_mps>
          <speed_mph>30.0</speed_mph>
        </extensions>
      </trkpt>
      <trkpt lat="52.20919" lon="1.59543">
        <ele>0</ele>
        <time>2026-06-26T09:06:03.051Z</time>
        <name>1447</name>
        <extensions>
          <speed_mps>13.411</speed_mps>
          <speed_mph>30.0</speed_mph>
        </extensions>
      </trkpt>
      <trkpt lat="52.20887" lon="1.59559">
        <ele>0</ele>
        <time>2026-06-26T09:06:05.806Z</time>
        <name>1448</name>
        <extensions>
          <speed_mps>13.411</speed_mps>
          <speed_mph>30.0</speed_mph>
        </extensions>
      </trkpt>
      <trkpt lat="52.20855" lon="1.59574">
        <ele>0</ele>
        <time>2026-06-26T09:06:08.562Z</time>
        <name>1449</name>
        <extensions>
          <speed_mps>13.411</speed_mps>
          <speed_mph>30.0</speed_mph>
        </extensions>
      </trkpt>
      <trkpt lat="52.20823" lon="1.59590">
        <ele>0</ele>
        <time>2026-06-26T09:06:11.317Z</time>
        <name>1450</name>
        <extensions>
          <speed_mps>13.411</speed_mps>
          <speed_mph>30.0</speed_mph>
        </extensions>
      </trkpt>
      <trkpt lat="52.20791" lon="1.59606">
        <ele>0</ele>
        <time>2026-06-26T09:06:14.073Z</time>
        <name>1451</name>
        <extensions>
          <speed_mps>13.411</speed_mps>
          <speed_mph>30.0</speed_mph>
        </extensions>
      </trkpt>
      <trkpt lat="52.20760" lon="1.59621">
        <ele>0</ele>
        <time>2026-06-26T09:06:16.828Z</time>
        <name>1452</name>
        <extensions>
          <speed_mps>13.411</speed_mps>
          <speed_mph>30.0</speed_mph>
        </extensions>
      </trkpt>
      <trkpt lat="52.20728" lon="1.59635">
        <ele>0</ele>
        <time>2026-06-26T09:06:19.583Z</time>
        <name>1453</name>
        <extensions>
          <speed_mps>13.411</speed_mps>
          <speed_mph>30.0</speed_mph>
        </extensions>
      </trkpt>
      <trkpt lat="52.20695" lon="1.59646">
        <ele>0</ele>
        <time>2026-06-26T09:06:22.338Z</time>
        <name>1454</name>
        <extensions>
          <speed_mps>13.411</speed_mps>
          <speed_mph>30.0</speed_mph>
        </extensions>
      </trkpt>
      <trkpt lat="52.20662" lon="1.59657">
        <ele>0</ele>
        <time>2026-06-26T09:06:25.094Z</time>
        <name>1455</name>
        <extensions>
          <speed_mps>13.411</speed_mps>
          <speed_mph>30.0</speed_mph>
        </extensions>
      </trkpt>
      <trkpt lat="52.20630" lon="1.59668">
        <ele>0</ele>
        <time>2026-06-26T09:06:27.840Z</time>
        <name>1456</name>
        <extensions>
          <speed_mps>13.411</speed_mps>
          <speed_mph>30.0</speed_mph>
        </extensions>
      </trkpt>
      <trkpt lat="52.20601" lon="1.59696">
        <ele>0</ele>
        <time>2026-06-26T09:06:30.589Z</time>
        <name>1457</name>
        <extensions>
          <speed_mps>13.411</speed_mps>
          <speed_mph>30.0</speed_mph>
        </extensions>
      </trkpt>
      <trkpt lat="52.20579" lon="1.59736">
        <ele>0</ele>
        <time>2026-06-26T09:06:33.344Z</time>
        <name>1458</name>
        <extensions>
          <speed_mps>13.411</speed_mps>
          <speed_mph>30.0</speed_mph>
        </extensions>
      </trkpt>
      <trkpt lat="52.20561" lon="1.59782">
        <ele>0</ele>
        <time>2026-06-26T09:06:36.099Z</time>
        <name>1459</name>
        <extensions>
          <speed_mps>13.411</speed_mps>
          <speed_mph>30.0</speed_mph>
        </extensions>
      </trkpt>
      <trkpt lat="52.20546" lon="1.59830">
        <ele>0</ele>
        <time>2026-06-26T09:06:38.853Z</time>
        <name>1460</name>
        <extensions>
          <speed_mps>13.411</speed_mps>
          <speed_mph>30.0</speed_mph>
        </extensions>
      </trkpt>
      <trkpt lat="52.20532" lon="1.59879">
        <ele>0</ele>
        <time>2026-06-26T09:06:41.608Z</time>
        <name>1461</name>
        <extensions>
          <speed_mps>13.411</speed_mps>
          <speed_mph>30.0</speed_mph>
        </extensions>
      </trkpt>
      <trkpt lat="52.20517" lon="1.59927">
        <ele>0</ele>
        <time>2026-06-26T09:06:44.364Z</time>
        <name>1462</name>
        <extensions>
          <speed_mps>13.411</speed_mps>
          <speed_mph>30.0</speed_mph>
        </extensions>
      </trkpt>
      <trkpt lat="52.20502" lon="1.59976">
        <ele>0</ele>
        <time>2026-06-26T09:06:47.119Z</time>
        <name>1463</name>
        <extensions>
          <speed_mps>13.411</speed_mps>
          <speed_mph>30.0</speed_mph>
        </extensions>
      </trkpt>
      <trkpt lat="52.20488" lon="1.60025">
        <ele>0</ele>
        <time>2026-06-26T09:06:49.875Z</time>
        <name>1464</name>
        <extensions>
          <speed_mps>13.411</speed_mps>
          <speed_mph>30.0</speed_mph>
        </extensions>
      </trkpt>
      <trkpt lat="52.20474" lon="1.60074">
        <ele>0</ele>
        <time>2026-06-26T09:06:52.626Z</time>
        <name>1465</name>
        <extensions>
          <speed_mps>13.411</speed_mps>
          <speed_mph>30.0</speed_mph>
        </extensions>
      </trkpt>
      <trkpt lat="52.20464" lon="1.60126">
        <ele>0</ele>
        <time>2026-06-26T09:06:55.380Z</time>
        <name>1466</name>
        <extensions>
          <speed_mps>13.411</speed_mps>
          <speed_mph>30.0</speed_mph>
        </extensions>
      </trkpt>
      <trkpt lat="52.20455" lon="1.60178">
        <ele>0</ele>
        <time>2026-06-26T09:06:58.135Z</time>
        <name>1467</name>
        <extensions>
          <speed_mps>13.411</speed_mps>
          <speed_mph>30.0</speed_mph>
        </extensions>
      </trkpt>
      <trkpt lat="52.20447" lon="1.60230">
        <ele>0</ele>
        <time>2026-06-26T09:07:00.889Z</time>
        <name>1468</name>
        <extensions>
          <speed_mps>13.411</speed_mps>
          <speed_mph>30.0</speed_mph>
        </extensions>
      </trkpt>
      <trkpt lat="52.20442" lon="1.60284">
        <ele>0</ele>
        <time>2026-06-26T09:07:03.641Z</time>
        <name>1469</name>
        <extensions>
          <speed_mps>13.411</speed_mps>
          <speed_mph>30.0</speed_mph>
        </extensions>
      </trkpt>
      <trkpt lat="52.20441" lon="1.60338">
        <ele>0</ele>
        <time>2026-06-26T09:07:06.395Z</time>
        <name>1470</name>
        <extensions>
          <speed_mps>13.411</speed_mps>
          <speed_mph>30.0</speed_mph>
        </extensions>
      </trkpt>
      <trkpt lat="52.20442" lon="1.60392">
        <ele>0</ele>
        <time>2026-06-26T09:07:09.150Z</time>
        <name>1471</name>
        <extensions>
          <speed_mps>13.411</speed_mps>
          <speed_mph>30.0</speed_mph>
        </extensions>
      </trkpt>
      <trkpt lat="52.20445" lon="1.60446">
        <ele>0</ele>
        <time>2026-06-26T09:07:11.903Z</time>
        <name>1472</name>
        <extensions>
          <speed_mps>13.411</speed_mps>
          <speed_mph>30.0</speed_mph>
        </extensions>
      </trkpt>
      <trkpt lat="52.20450" lon="1.60500">
        <ele>0</ele>
        <time>2026-06-26T09:07:14.658Z</time>
        <name>1473</name>
        <extensions>
          <speed_mps>13.411</speed_mps>
          <speed_mph>30.0</speed_mph>
        </extensions>
      </trkpt>
      <trkpt lat="52.20458" lon="1.60552">
        <ele>0</ele>
        <time>2026-06-26T09:07:17.411Z</time>
        <name>1474</name>
        <extensions>
          <speed_mps>13.411</speed_mps>
          <speed_mph>30.0</speed_mph>
        </extensions>
      </trkpt>
      <trkpt lat="52.20467" lon="1.60604">
        <ele>0</ele>
        <time>2026-06-26T09:07:20.167Z</time>
        <name>1475</name>
        <extensions>
          <speed_mps>13.411</speed_mps>
          <speed_mph>30.0</speed_mph>
        </extensions>
      </trkpt>
      <trkpt lat="52.20477" lon="1.60657">
        <ele>0</ele>
        <time>2026-06-26T09:07:22.922Z</time>
        <name>1476</name>
        <extensions>
          <speed_mps>13.411</speed_mps>
          <speed_mph>30.0</speed_mph>
        </extensions>
      </trkpt>
      <trkpt lat="52.20485" lon="1.60709">
        <ele>0</ele>
        <time>2026-06-26T09:07:25.678Z</time>
        <name>1477</name>
        <extensions>
          <speed_mps>13.411</speed_mps>
          <speed_mph>30.0</speed_mph>
        </extensions>
      </trkpt>
      <trkpt lat="52.20494" lon="1.60761">
        <ele>0</ele>
        <time>2026-06-26T09:07:28.433Z</time>
        <name>1478</name>
        <extensions>
          <speed_mps>13.411</speed_mps>
          <speed_mph>30.0</speed_mph>
        </extensions>
      </trkpt>
      <trkpt lat="52.20503" lon="1.60813">
        <ele>0</ele>
        <time>2026-06-26T09:07:31.189Z</time>
        <name>1479</name>
        <extensions>
          <speed_mps>13.411</speed_mps>
          <speed_mph>30.0</speed_mph>
        </extensions>
      </trkpt>
      <trkpt lat="52.20512" lon="1.60866">
        <ele>0</ele>
        <time>2026-06-26T09:07:33.944Z</time>
        <name>1480</name>
        <extensions>
          <speed_mps>13.411</speed_mps>
          <speed_mph>30.0</speed_mph>
        </extensions>
      </trkpt>
      <trkpt lat="52.20521" lon="1.60918">
        <ele>0</ele>
        <time>2026-06-26T09:07:36.700Z</time>
        <name>1481</name>
        <extensions>
          <speed_mps>13.411</speed_mps>
          <speed_mph>30.0</speed_mph>
        </extensions>
      </trkpt>
      <trkpt lat="52.20531" lon="1.60970">
        <ele>0</ele>
        <time>2026-06-26T09:07:39.455Z</time>
        <name>1482</name>
        <extensions>
          <speed_mps>13.411</speed_mps>
          <speed_mph>30.0</speed_mph>
        </extensions>
      </trkpt>
      <trkpt lat="52.20541" lon="1.61022">
        <ele>0</ele>
        <time>2026-06-26T09:07:42.211Z</time>
        <name>1483</name>
        <extensions>
          <speed_mps>13.411</speed_mps>
          <speed_mph>30.0</speed_mph>
        </extensions>
      </trkpt>
      <trkpt lat="52.20550" lon="1.61074">
        <ele>0</ele>
        <time>2026-06-26T09:07:44.966Z</time>
        <name>1484</name>
        <extensions>
          <speed_mps>13.411</speed_mps>
          <speed_mph>30.0</speed_mph>
        </extensions>
      </trkpt>
      <trkpt lat="52.20559" lon="1.61126">
        <ele>0</ele>
        <time>2026-06-26T09:07:47.722Z</time>
        <name>1485</name>
        <extensions>
          <speed_mps>13.411</speed_mps>
          <speed_mph>30.0</speed_mph>
        </extensions>
      </trkpt>
      <trkpt lat="52.20568" lon="1.61178">
        <ele>0</ele>
        <time>2026-06-26T09:07:50.477Z</time>
        <name>1486</name>
        <extensions>
          <speed_mps>13.411</speed_mps>
          <speed_mph>30.0</speed_mph>
        </extensions>
      </trkpt>
      <trkpt lat="52.20577" lon="1.61230">
        <ele>0</ele>
        <time>2026-06-26T09:07:53.233Z</time>
        <name>1487</name>
        <extensions>
          <speed_mps>13.411</speed_mps>
          <speed_mph>30.0</speed_mph>
        </extensions>
      </trkpt>
      <trkpt lat="52.20586" lon="1.61282">
        <ele>0</ele>
        <time>2026-06-26T09:07:55.988Z</time>
        <name>1488</name>
        <extensions>
          <speed_mps>13.411</speed_mps>
          <speed_mph>30.0</speed_mph>
        </extensions>
      </trkpt>
      <trkpt lat="52.20595" lon="1.61335">
        <ele>0</ele>
        <time>2026-06-26T09:07:58.743Z</time>
        <name>1489</name>
        <extensions>
          <speed_mps>13.411</speed_mps>
          <speed_mph>30.0</speed_mph>
        </extensions>
      </trkpt>
      <trkpt lat="52.20601" lon="1.61388">
        <ele>0</ele>
        <time>2026-06-26T09:08:01.499Z</time>
        <name>1490</name>
        <extensions>
          <speed_mps>13.411</speed_mps>
          <speed_mph>30.0</speed_mph>
        </extensions>
      </trkpt>
      <trkpt lat="52.20606" lon="1.61441">
        <ele>0</ele>
        <time>2026-06-26T09:08:04.253Z</time>
        <name>1491</name>
        <extensions>
          <speed_mps>13.411</speed_mps>
          <speed_mph>30.0</speed_mph>
        </extensions>
      </trkpt>
      <trkpt lat="52.20610" lon="1.61495">
        <ele>0</ele>
        <time>2026-06-26T09:08:07.008Z</time>
        <name>1492</name>
        <extensions>
          <speed_mps>13.411</speed_mps>
          <speed_mph>30.0</speed_mph>
        </extensions>
      </trkpt>
      <trkpt lat="52.20612" lon="1.61549">
        <ele>0</ele>
        <time>2026-06-26T09:08:09.763Z</time>
        <name>1493</name>
        <extensions>
          <speed_mps>13.411</speed_mps>
          <speed_mph>30.0</speed_mph>
        </extensions>
      </trkpt>
      <trkpt lat="52.20612" lon="1.61604">
        <ele>0</ele>
        <time>2026-06-26T09:08:12.518Z</time>
        <name>1494</name>
        <extensions>
          <speed_mps>13.411</speed_mps>
          <speed_mph>30.0</speed_mph>
        </extensions>
      </trkpt>
      <trkpt lat="52.20615" lon="1.61657">
        <ele>0</ele>
        <time>2026-06-26T09:08:15.265Z</time>
        <name>1495</name>
        <extensions>
          <speed_mps>13.411</speed_mps>
          <speed_mph>30.0</speed_mph>
        </extensions>
      </trkpt>
      <trkpt lat="52.20627" lon="1.61708">
        <ele>0</ele>
        <time>2026-06-26T09:08:18.017Z</time>
        <name>1496</name>
        <extensions>
          <speed_mps>13.411</speed_mps>
          <speed_mph>30.0</speed_mph>
        </extensions>
      </trkpt>
      <trkpt lat="52.20642" lon="1.61756">
        <ele>0</ele>
        <time>2026-06-26T09:08:20.772Z</time>
        <name>1497</name>
        <extensions>
          <speed_mps>13.411</speed_mps>
          <speed_mph>30.0</speed_mph>
        </extensions>
      </trkpt>
      <trkpt lat="52.20659" lon="1.61803">
        <ele>0</ele>
        <time>2026-06-26T09:08:23.527Z</time>
        <name>1498</name>
        <extensions>
          <speed_mps>13.411</speed_mps>
          <speed_mph>30.0</speed_mph>
        </extensions>
      </trkpt>
      <trkpt lat="52.20678" lon="1.61847">
        <ele>0</ele>
        <time>2026-06-26T09:08:26.283Z</time>
        <name>1499</name>
        <extensions>
          <speed_mps>13.411</speed_mps>
          <speed_mph>30.0</speed_mph>
        </extensions>
      </trkpt>
      <trkpt lat="52.20698" lon="1.61891">
        <ele>0</ele>
        <time>2026-06-26T09:08:29.038Z</time>
        <name>1500</name>
        <extensions>
          <speed_mps>13.411</speed_mps>
          <speed_mph>30.0</speed_mph>
        </extensions>
      </trkpt>
      <trkpt lat="52.20715" lon="1.61938">
        <ele>0</ele>
        <time>2026-06-26T09:08:31.786Z</time>
        <name>1501</name>
        <extensions>
          <speed_mps>13.411</speed_mps>
          <speed_mph>30.0</speed_mph>
        </extensions>
      </trkpt>
      <trkpt lat="52.20741" lon="1.61953">
        <ele>0</ele>
        <time>2026-06-26T09:08:34.116Z</time>
        <name>1502</name>
        <extensions>
          <speed_mps>13.411</speed_mps>
          <speed_mph>30.0</speed_mph>
        </extensions>
      </trkpt>
      <trkpt lat="52.20774" lon="1.61957">
        <ele>0</ele>
        <time>2026-06-26T09:08:36.859Z</time>
        <name>1503</name>
        <extensions>
          <speed_mps>13.411</speed_mps>
          <speed_mph>30.0</speed_mph>
        </extensions>
      </trkpt>
      <trkpt lat="52.20807" lon="1.61949">
        <ele>0</ele>
        <time>2026-06-26T09:08:39.607Z</time>
        <name>1504</name>
        <extensions>
          <speed_mps>13.411</speed_mps>
          <speed_mph>30.0</speed_mph>
        </extensions>
      </trkpt>
      <trkpt lat="52.20839" lon="1.61933">
        <ele>0</ele>
        <time>2026-06-26T09:08:42.362Z</time>
        <name>1505</name>
        <extensions>
          <speed_mps>13.411</speed_mps>
          <speed_mph>30.0</speed_mph>
        </extensions>
      </trkpt>
      <trkpt lat="52.20868" lon="1.61908">
        <ele>0</ele>
        <time>2026-06-26T09:08:45.109Z</time>
        <name>1506</name>
        <extensions>
          <speed_mps>13.411</speed_mps>
          <speed_mph>30.0</speed_mph>
        </extensions>
      </trkpt>
      <trkpt lat="52.20896" lon="1.61880">
        <ele>0</ele>
        <time>2026-06-26T09:08:47.863Z</time>
        <name>1507</name>
        <extensions>
          <speed_mps>13.411</speed_mps>
          <speed_mph>30.0</speed_mph>
        </extensions>
      </trkpt>
      <trkpt lat="52.20924" lon="1.61850">
        <ele>0</ele>
        <time>2026-06-26T09:08:50.618Z</time>
        <name>1508</name>
        <extensions>
          <speed_mps>13.411</speed_mps>
          <speed_mph>30.0</speed_mph>
        </extensions>
      </trkpt>
      <trkpt lat="52.20952" lon="1.61820">
        <ele>0</ele>
        <time>2026-06-26T09:08:53.373Z</time>
        <name>1509</name>
        <extensions>
          <speed_mps>13.411</speed_mps>
          <speed_mph>30.0</speed_mph>
        </extensions>
      </trkpt>
      <trkpt lat="52.20980" lon="1.61790">
        <ele>0</ele>
        <time>2026-06-26T09:08:56.129Z</time>
        <name>1510</name>
        <extensions>
          <speed_mps>13.411</speed_mps>
          <speed_mph>30.0</speed_mph>
        </extensions>
      </trkpt>
      <trkpt lat="52.21007" lon="1.61759">
        <ele>0</ele>
        <time>2026-06-26T09:08:58.881Z</time>
        <name>1511</name>
        <extensions>
          <speed_mps>13.411</speed_mps>
          <speed_mph>30.0</speed_mph>
        </extensions>
      </trkpt>
      <trkpt lat="52.21026" lon="1.61716">
        <ele>0</ele>
        <time>2026-06-26T09:09:01.610Z</time>
        <name>1512</name>
        <extensions>
          <speed_mps>13.411</speed_mps>
          <speed_mph>30.0</speed_mph>
        </extensions>
      </trkpt>
      <trkpt lat="52.21036" lon="1.61664">
        <ele>0</ele>
        <time>2026-06-26T09:09:04.354Z</time>
        <name>1513</name>
        <extensions>
          <speed_mps>13.411</speed_mps>
          <speed_mph>30.0</speed_mph>
        </extensions>
      </trkpt>
      <trkpt lat="52.21044" lon="1.61612">
        <ele>0</ele>
        <time>2026-06-26T09:09:07.110Z</time>
        <name>1514</name>
        <extensions>
          <speed_mps>13.411</speed_mps>
          <speed_mph>30.0</speed_mph>
        </extensions>
      </trkpt>
      <trkpt lat="52.21056" lon="1.61561">
        <ele>0</ele>
        <time>2026-06-26T09:09:09.829Z</time>
        <name>1515</name>
        <extensions>
          <speed_mps>13.411</speed_mps>
          <speed_mph>30.0</speed_mph>
        </extensions>
      </trkpt>
      <trkpt lat="52.21085" lon="1.61541">
        <ele>0</ele>
        <time>2026-06-26T09:09:12.529Z</time>
        <name>1516</name>
        <extensions>
          <speed_mps>13.411</speed_mps>
          <speed_mph>30.0</speed_mph>
        </extensions>
      </trkpt>
      <trkpt lat="52.21119" lon="1.61541">
        <ele>0</ele>
        <time>2026-06-26T09:09:15.280Z</time>
        <name>1517</name>
        <extensions>
          <speed_mps>13.411</speed_mps>
          <speed_mph>30.0</speed_mph>
        </extensions>
      </trkpt>
      <trkpt lat="52.21152" lon="1.61544">
        <ele>0</ele>
        <time>2026-06-26T09:09:18.036Z</time>
        <name>1518</name>
        <extensions>
          <speed_mps>13.411</speed_mps>
          <speed_mph>30.0</speed_mph>
        </extensions>
      </trkpt>
      <trkpt lat="52.21185" lon="1.61547">
        <ele>0</ele>
        <time>2026-06-26T09:09:20.791Z</time>
        <name>1519</name>
        <extensions>
          <speed_mps>13.411</speed_mps>
          <speed_mph>30.0</speed_mph>
        </extensions>
      </trkpt>
      <trkpt lat="52.21218" lon="1.61550">
        <ele>0</ele>
        <time>2026-06-26T09:09:23.547Z</time>
        <name>1520</name>
        <extensions>
          <speed_mps>13.411</speed_mps>
          <speed_mph>30.0</speed_mph>
        </extensions>
      </trkpt>
      <trkpt lat="52.21251" lon="1.61551">
        <ele>0</ele>
        <time>2026-06-26T09:09:26.299Z</time>
        <name>1521</name>
        <extensions>
          <speed_mps>13.411</speed_mps>
          <speed_mph>30.0</speed_mph>
        </extensions>
      </trkpt>
      <trkpt lat="52.21285" lon="1.61549">
        <ele>0</ele>
        <time>2026-06-26T09:09:29.055Z</time>
        <name>1522</name>
        <extensions>
          <speed_mps>13.411</speed_mps>
          <speed_mph>30.0</speed_mph>
        </extensions>
      </trkpt>
      <trkpt lat="52.21318" lon="1.61548">
        <ele>0</ele>
        <time>2026-06-26T09:09:31.810Z</time>
        <name>1523</name>
        <extensions>
          <speed_mps>13.411</speed_mps>
          <speed_mph>30.0</speed_mph>
        </extensions>
      </trkpt>
      <trkpt lat="52.21351" lon="1.61550">
        <ele>0</ele>
        <time>2026-06-26T09:09:34.565Z</time>
        <name>1524</name>
        <extensions>
          <speed_mps>13.411</speed_mps>
          <speed_mph>30.0</speed_mph>
        </extensions>
      </trkpt>
      <trkpt lat="52.21384" lon="1.61553">
        <ele>0</ele>
        <time>2026-06-26T09:09:37.320Z</time>
        <name>1525</name>
        <extensions>
          <speed_mps>13.411</speed_mps>
          <speed_mph>30.0</speed_mph>
        </extensions>
      </trkpt>
      <trkpt lat="52.21417" lon="1.61557">
        <ele>0</ele>
        <time>2026-06-26T09:09:40.075Z</time>
        <name>1526</name>
        <extensions>
          <speed_mps>13.411</speed_mps>
          <speed_mph>30.0</speed_mph>
        </extensions>
      </trkpt>
      <trkpt lat="52.21450" lon="1.61563">
        <ele>0</ele>
        <time>2026-06-26T09:09:42.831Z</time>
        <name>1527</name>
        <extensions>
          <speed_mps>13.411</speed_mps>
          <speed_mph>30.0</speed_mph>
        </extensions>
      </trkpt>
      <trkpt lat="52.21483" lon="1.61568">
        <ele>0</ele>
        <time>2026-06-26T09:09:45.586Z</time>
        <name>1528</name>
        <extensions>
          <speed_mps>13.411</speed_mps>
          <speed_mph>30.0</speed_mph>
        </extensions>
      </trkpt>
      <trkpt lat="52.21517" lon="1.61570">
        <ele>0</ele>
        <time>2026-06-26T09:09:48.341Z</time>
        <name>1529</name>
        <extensions>
          <speed_mps>13.411</speed_mps>
          <speed_mph>30.0</speed_mph>
        </extensions>
      </trkpt>
      <trkpt lat="52.21550" lon="1.61573">
        <ele>0</ele>
        <time>2026-06-26T09:09:51.097Z</time>
        <name>1530</name>
        <extensions>
          <speed_mps>13.411</speed_mps>
          <speed_mph>30.0</speed_mph>
        </extensions>
      </trkpt>
      <trkpt lat="52.21583" lon="1.61575">
        <ele>0</ele>
        <time>2026-06-26T09:09:53.852Z</time>
        <name>1531</name>
        <extensions>
          <speed_mps>13.411</speed_mps>
          <speed_mph>30.0</speed_mph>
        </extensions>
      </trkpt>
      <trkpt lat="52.21614" lon="1.61561">
        <ele>0</ele>
        <time>2026-06-26T09:09:56.481Z</time>
        <name>1532</name>
        <extensions>
          <speed_mps>13.411</speed_mps>
          <speed_mph>30.0</speed_mph>
        </extensions>
      </trkpt>
      <trkpt lat="52.21647" lon="1.61564">
        <ele>0</ele>
        <time>2026-06-26T09:09:59.234Z</time>
        <name>1533</name>
        <extensions>
          <speed_mps>13.411</speed_mps>
          <speed_mph>30.0</speed_mph>
        </extensions>
      </trkpt>
      <trkpt lat="52.21680" lon="1.61568">
        <ele>0</ele>
        <time>2026-06-26T09:10:01.990Z</time>
        <name>1534</name>
        <extensions>
          <speed_mps>13.411</speed_mps>
          <speed_mph>30.0</speed_mph>
        </extensions>
      </trkpt>
      <trkpt lat="52.21713" lon="1.61571">
        <ele>0</ele>
        <time>2026-06-26T09:10:04.745Z</time>
        <name>1535</name>
        <extensions>
          <speed_mps>13.411</speed_mps>
          <speed_mph>30.0</speed_mph>
        </extensions>
      </trkpt>
      <trkpt lat="52.21746" lon="1.61575">
        <ele>0</ele>
        <time>2026-06-26T09:10:07.501Z</time>
        <name>1536</name>
        <extensions>
          <speed_mps>13.411</speed_mps>
          <speed_mph>30.0</speed_mph>
        </extensions>
      </trkpt>
      <trkpt lat="52.21775" lon="1.61552">
        <ele>0</ele>
        <time>2026-06-26T09:10:10.134Z</time>
        <name>1537</name>
        <extensions>
          <speed_mps>13.411</speed_mps>
          <speed_mph>30.0</speed_mph>
        </extensions>
      </trkpt>
      <trkpt lat="52.21801" lon="1.61558">
        <ele>0</ele>
        <time>2026-06-26T09:10:12.299Z</time>
        <name>1538</name>
        <extensions>
          <speed_mps>13.411</speed_mps>
          <speed_mph>30.0</speed_mph>
        </extensions>
      </trkpt>
      <trkpt lat="52.21799" lon="1.61613">
        <ele>0</ele>
        <time>2026-06-26T09:10:15.054Z</time>
        <name>1539</name>
        <extensions>
          <speed_mps>13.411</speed_mps>
          <speed_mph>30.0</speed_mph>
        </extensions>
      </trkpt>
      <trkpt lat="52.21798" lon="1.61665">
        <ele>0</ele>
        <time>2026-06-26T09:10:17.708Z</time>
        <name>1540</name>
        <extensions>
          <speed_mps>13.411</speed_mps>
          <speed_mph>30.0</speed_mph>
        </extensions>
      </trkpt>
      <trkpt lat="52.21831" lon="1.61669">
        <ele>0</ele>
        <time>2026-06-26T09:10:20.463Z</time>
        <name>1541</name>
        <extensions>
          <speed_mps>13.411</speed_mps>
          <speed_mph>30.0</speed_mph>
        </extensions>
      </trkpt>
    </trkseg>
  </trk>
</gpx>
