<?xml version='1.0' encoding='utf-8'?>
<gpx xmlns="http://www.topografix.com/GPX/1/1" xmlns:xsi="http://www.w3.org/2001/XMLSchema-instance" creator="PIT Pathfinder - timestamped from supplied GPX geometry for Fulcrum testing" version="1.1" xsi:schemaLocation="http://www.topografix.com/GPX/1/1 http://www.topografix.com/GPX/1/1/gpx.xsd">
  <metadata>
    <name>Orwell Logistics Park to Sizewell C - Fulcrum test - 40 mph</name>
    <desc>Converted from a KML file KML2GPX.COM</desc>
    <time>2026-06-26T08:00:00Z</time>
  </metadata>
  <wpt lat="52.0262848" lon="1.2237418">
    <ele>0</ele>
    <name>Orwell Logistics Park, Nacton, Ipswich IP10 0DD</name>
    <cmt>Waypoint no: 1</cmt>
    <desc>This is waypoint no: 1</desc>
  </wpt>
  <wpt lat="52.2182834" lon="1.617418">
    <ele>0</ele>
    <name>Sizewell C Power Station, Leiston, Suffolk, 48-50 High St, Leiston IP16 4EW</name>
    <cmt>Waypoint no: 2</cmt>
    <desc>This is waypoint no: 2</desc>
  </wpt>
  <trk>
    <name>Orwell Logistics Park to Sizewell C - 40 mph</name>
    <desc>This is track no: 1</desc>
    <number>1</number>
    <trkseg>
      <trkpt lat="52.0262800" lon="1.2237400">
        <ele>0</ele>
        <time>2026-06-26T08:00:00.000Z</time>
        <name>1</name>
        <extensions>
          <speed_mps>17.882</speed_mps>
          <speed_mph>40.0</speed_mph>
        </extensions>
      </trkpt>
      <trkpt lat="52.0258982" lon="1.2256234">
        <ele>0</ele>
        <time>2026-06-26T08:00:08.130Z</time>
        <name>2</name>
        <extensions>
          <speed_mps>17.882</speed_mps>
          <speed_mph>40.0</speed_mph>
        </extensions>
      </trkpt>
      <trkpt lat="52.0259865" lon="1.2257168">
        <ele>0</ele>
        <time>2026-06-26T08:00:08.830Z</time>
        <name>3</name>
        <extensions>
          <speed_mps>17.882</speed_mps>
          <speed_mph>40.0</speed_mph>
        </extensions>
      </trkpt>
      <trkpt lat="52.0260847" lon="1.2256803">
        <ele>0</ele>
        <time>2026-06-26T08:00:09.031Z</time>
        <name>4</name>
        <extensions>
          <speed_mps>17.882</speed_mps>
          <speed_mph>40.0</speed_mph>
        </extensions>
      </trkpt>
      <trkpt lat="52.0261929" lon="1.2257737">
        <ele>0</ele>
        <time>2026-06-26T08:00:09.719Z</time>
        <name>5</name>
        <extensions>
          <speed_mps>17.882</speed_mps>
          <speed_mph>40.0</speed_mph>
        </extensions>
      </trkpt>
      <trkpt lat="52.0263311" lon="1.2259371">
        <ele>0</ele>
        <time>2026-06-26T08:00:10.694Z</time>
        <name>6</name>
        <extensions>
          <speed_mps>17.882</speed_mps>
          <speed_mph>40.0</speed_mph>
        </extensions>
      </trkpt>
      <trkpt lat="52.0264394" lon="1.2258905">
        <ele>0</ele>
        <time>2026-06-26T08:00:10.847Z</time>
        <name>7</name>
        <extensions>
          <speed_mps>17.882</speed_mps>
          <speed_mph>40.0</speed_mph>
        </extensions>
      </trkpt>
      <trkpt lat="52.0265976" lon="1.2260539">
        <ele>0</ele>
        <time>2026-06-26T08:00:11.853Z</time>
        <name>8</name>
        <extensions>
          <speed_mps>17.882</speed_mps>
          <speed_mph>40.0</speed_mph>
        </extensions>
      </trkpt>
      <trkpt lat="52.0267158" lon="1.2262674">
        <ele>0</ele>
        <time>2026-06-26T08:00:13.002Z</time>
        <name>9</name>
        <extensions>
          <speed_mps>17.882</speed_mps>
          <speed_mph>40.0</speed_mph>
        </extensions>
      </trkpt>
      <trkpt lat="52.0268140" lon="1.2263308">
        <ele>0</ele>
        <time>2026-06-26T08:00:13.580Z</time>
        <name>10</name>
        <extensions>
          <speed_mps>17.882</speed_mps>
          <speed_mph>40.0</speed_mph>
        </extensions>
      </trkpt>
      <trkpt lat="52.0268523" lon="1.2265242">
        <ele>0</ele>
        <time>2026-06-26T08:00:14.736Z</time>
        <name>11</name>
        <extensions>
          <speed_mps>17.882</speed_mps>
          <speed_mph>40.0</speed_mph>
        </extensions>
      </trkpt>
      <trkpt lat="52.0269005" lon="1.2265376">
        <ele>0</ele>
        <time>2026-06-26T08:00:15.271Z</time>
        <name>12</name>
        <extensions>
          <speed_mps>17.882</speed_mps>
          <speed_mph>40.0</speed_mph>
        </extensions>
      </trkpt>
      <trkpt lat="52.0268787" lon="1.2266210">
        <ele>0</ele>
        <time>2026-06-26T08:00:16.308Z</time>
        <name>13</name>
        <extensions>
          <speed_mps>17.882</speed_mps>
          <speed_mph>40.0</speed_mph>
        </extensions>
      </trkpt>
      <trkpt lat="52.0269369" lon="1.2265645">
        <ele>0</ele>
        <time>2026-06-26T08:00:16.640Z</time>
        <name>14</name>
        <extensions>
          <speed_mps>17.882</speed_mps>
          <speed_mph>40.0</speed_mph>
        </extensions>
      </trkpt>
      <trkpt lat="52.0270452" lon="1.2264979">
        <ele>0</ele>
        <time>2026-06-26T08:00:16.716Z</time>
        <name>15</name>
        <extensions>
          <speed_mps>17.882</speed_mps>
          <speed_mph>40.0</speed_mph>
        </extensions>
      </trkpt>
      <trkpt lat="52.0271634" lon="1.2264213">
        <ele>0</ele>
        <time>2026-06-26T08:00:16.789Z</time>
        <name>16</name>
        <extensions>
          <speed_mps>17.882</speed_mps>
          <speed_mph>40.0</speed_mph>
        </extensions>
      </trkpt>
      <trkpt lat="52.0272716" lon="1.2263547">
        <ele>0</ele>
        <time>2026-06-26T08:00:16.866Z</time>
        <name>17</name>
        <extensions>
          <speed_mps>17.882</speed_mps>
          <speed_mph>40.0</speed_mph>
        </extensions>
      </trkpt>
      <trkpt lat="52.0273898" lon="1.2262781">
        <ele>0</ele>
        <time>2026-06-26T08:00:16.939Z</time>
        <name>18</name>
        <extensions>
          <speed_mps>17.882</speed_mps>
          <speed_mph>40.0</speed_mph>
        </extensions>
      </trkpt>
      <trkpt lat="52.0274981" lon="1.2263216">
        <ele>0</ele>
        <time>2026-06-26T08:00:17.436Z</time>
        <name>19</name>
        <extensions>
          <speed_mps>17.882</speed_mps>
          <speed_mph>40.0</speed_mph>
        </extensions>
      </trkpt>
      <trkpt lat="52.0275963" lon="1.2262350">
        <ele>0</ele>
        <time>2026-06-26T08:00:17.498Z</time>
        <name>20</name>
        <extensions>
          <speed_mps>17.882</speed_mps>
          <speed_mph>40.0</speed_mph>
        </extensions>
      </trkpt>
      <trkpt lat="52.0277045" lon="1.2261784">
        <ele>0</ele>
        <time>2026-06-26T08:00:17.613Z</time>
        <name>21</name>
        <extensions>
          <speed_mps>17.882</speed_mps>
          <speed_mph>40.0</speed_mph>
        </extensions>
      </trkpt>
      <trkpt lat="52.0278027" lon="1.2261018">
        <ele>0</ele>
        <time>2026-06-26T08:00:17.686Z</time>
        <name>22</name>
        <extensions>
          <speed_mps>17.882</speed_mps>
          <speed_mph>40.0</speed_mph>
        </extensions>
      </trkpt>
      <trkpt lat="52.0279110" lon="1.2260252">
        <ele>0</ele>
        <time>2026-06-26T08:00:17.724Z</time>
        <name>23</name>
        <extensions>
          <speed_mps>17.882</speed_mps>
          <speed_mph>40.0</speed_mph>
        </extensions>
      </trkpt>
      <trkpt lat="52.0280092" lon="1.2259487">
        <ele>0</ele>
        <time>2026-06-26T08:00:17.797Z</time>
        <name>24</name>
        <extensions>
          <speed_mps>17.882</speed_mps>
          <speed_mph>40.0</speed_mph>
        </extensions>
      </trkpt>
      <trkpt lat="52.0281174" lon="1.2258721">
        <ele>0</ele>
        <time>2026-06-26T08:00:17.836Z</time>
        <name>25</name>
        <extensions>
          <speed_mps>17.882</speed_mps>
          <speed_mph>40.0</speed_mph>
        </extensions>
      </trkpt>
      <trkpt lat="52.0282156" lon="1.2257955">
        <ele>0</ele>
        <time>2026-06-26T08:00:17.909Z</time>
        <name>26</name>
        <extensions>
          <speed_mps>17.882</speed_mps>
          <speed_mph>40.0</speed_mph>
        </extensions>
      </trkpt>
      <trkpt lat="52.0283239" lon="1.2257189">
        <ele>0</ele>
        <time>2026-06-26T08:00:17.947Z</time>
        <name>27</name>
        <extensions>
          <speed_mps>17.882</speed_mps>
          <speed_mph>40.0</speed_mph>
        </extensions>
      </trkpt>
      <trkpt lat="52.0284221" lon="1.2256323">
        <ele>0</ele>
        <time>2026-06-26T08:00:18.009Z</time>
        <name>28</name>
        <extensions>
          <speed_mps>17.882</speed_mps>
          <speed_mph>40.0</speed_mph>
        </extensions>
      </trkpt>
      <trkpt lat="52.0285303" lon="1.2255558">
        <ele>0</ele>
        <time>2026-06-26T08:00:18.047Z</time>
        <name>29</name>
        <extensions>
          <speed_mps>17.882</speed_mps>
          <speed_mph>40.0</speed_mph>
        </extensions>
      </trkpt>
      <trkpt lat="52.0286285" lon="1.2254792">
        <ele>0</ele>
        <time>2026-06-26T08:00:18.120Z</time>
        <name>30</name>
        <extensions>
          <speed_mps>17.882</speed_mps>
          <speed_mph>40.0</speed_mph>
        </extensions>
      </trkpt>
      <trkpt lat="52.0287268" lon="1.2253926">
        <ele>0</ele>
        <time>2026-06-26T08:00:18.182Z</time>
        <name>31</name>
        <extensions>
          <speed_mps>17.882</speed_mps>
          <speed_mph>40.0</speed_mph>
        </extensions>
      </trkpt>
      <trkpt lat="52.0288250" lon="1.2253160">
        <ele>0</ele>
        <time>2026-06-26T08:00:18.255Z</time>
        <name>32</name>
        <extensions>
          <speed_mps>17.882</speed_mps>
          <speed_mph>40.0</speed_mph>
        </extensions>
      </trkpt>
      <trkpt lat="52.0289232" lon="1.2252294">
        <ele>0</ele>
        <time>2026-06-26T08:00:18.318Z</time>
        <name>33</name>
        <extensions>
          <speed_mps>17.882</speed_mps>
          <speed_mph>40.0</speed_mph>
        </extensions>
      </trkpt>
      <trkpt lat="52.0290214" lon="1.2251529">
        <ele>0</ele>
        <time>2026-06-26T08:00:18.391Z</time>
        <name>34</name>
        <extensions>
          <speed_mps>17.882</speed_mps>
          <speed_mph>40.0</speed_mph>
        </extensions>
      </trkpt>
      <trkpt lat="52.0290897" lon="1.2250663">
        <ele>0</ele>
        <time>2026-06-26T08:00:18.639Z</time>
        <name>35</name>
        <extensions>
          <speed_mps>17.882</speed_mps>
          <speed_mph>40.0</speed_mph>
        </extensions>
      </trkpt>
      <trkpt lat="52.0291879" lon="1.2249697">
        <ele>0</ele>
        <time>2026-06-26T08:00:18.712Z</time>
        <name>36</name>
        <extensions>
          <speed_mps>17.882</speed_mps>
          <speed_mph>40.0</speed_mph>
        </extensions>
      </trkpt>
      <trkpt lat="52.0292861" lon="1.2248831">
        <ele>0</ele>
        <time>2026-06-26T08:00:18.775Z</time>
        <name>37</name>
        <extensions>
          <speed_mps>17.882</speed_mps>
          <speed_mph>40.0</speed_mph>
        </extensions>
      </trkpt>
      <trkpt lat="52.0293543" lon="1.2247565">
        <ele>0</ele>
        <time>2026-06-26T08:00:19.067Z</time>
        <name>38</name>
        <extensions>
          <speed_mps>17.882</speed_mps>
          <speed_mph>40.0</speed_mph>
        </extensions>
      </trkpt>
      <trkpt lat="52.0294626" lon="1.2246600">
        <ele>0</ele>
        <time>2026-06-26T08:00:19.105Z</time>
        <name>39</name>
        <extensions>
          <speed_mps>17.882</speed_mps>
          <speed_mph>40.0</speed_mph>
        </extensions>
      </trkpt>
      <trkpt lat="52.0295508" lon="1.2245534">
        <ele>0</ele>
        <time>2026-06-26T08:00:19.251Z</time>
        <name>40</name>
        <extensions>
          <speed_mps>17.882</speed_mps>
          <speed_mph>40.0</speed_mph>
        </extensions>
      </trkpt>
      <trkpt lat="52.0296590" lon="1.2244468">
        <ele>0</ele>
        <time>2026-06-26T08:00:19.327Z</time>
        <name>41</name>
        <extensions>
          <speed_mps>17.882</speed_mps>
          <speed_mph>40.0</speed_mph>
        </extensions>
      </trkpt>
      <trkpt lat="52.0297572" lon="1.2243502">
        <ele>0</ele>
        <time>2026-06-26T08:00:19.401Z</time>
        <name>42</name>
        <extensions>
          <speed_mps>17.882</speed_mps>
          <speed_mph>40.0</speed_mph>
        </extensions>
      </trkpt>
      <trkpt lat="52.0298655" lon="1.2242336">
        <ele>0</ele>
        <time>2026-06-26T08:00:19.515Z</time>
        <name>43</name>
        <extensions>
          <speed_mps>17.882</speed_mps>
          <speed_mph>40.0</speed_mph>
        </extensions>
      </trkpt>
      <trkpt lat="52.0299637" lon="1.2241371">
        <ele>0</ele>
        <time>2026-06-26T08:00:19.588Z</time>
        <name>44</name>
        <extensions>
          <speed_mps>17.882</speed_mps>
          <speed_mph>40.0</speed_mph>
        </extensions>
      </trkpt>
      <trkpt lat="52.0300719" lon="1.2239605">
        <ele>0</ele>
        <time>2026-06-26T08:00:19.933Z</time>
        <name>45</name>
        <extensions>
          <speed_mps>17.882</speed_mps>
          <speed_mph>40.0</speed_mph>
        </extensions>
      </trkpt>
      <trkpt lat="52.0301901" lon="1.2238639">
        <ele>0</ele>
        <time>2026-06-26T08:00:20.006Z</time>
        <name>46</name>
        <extensions>
          <speed_mps>17.882</speed_mps>
          <speed_mph>40.0</speed_mph>
        </extensions>
      </trkpt>
      <trkpt lat="52.0302984" lon="1.2237473">
        <ele>0</ele>
        <time>2026-06-26T08:00:20.120Z</time>
        <name>47</name>
        <extensions>
          <speed_mps>17.882</speed_mps>
          <speed_mph>40.0</speed_mph>
        </extensions>
      </trkpt>
      <trkpt lat="52.0304166" lon="1.2236507">
        <ele>0</ele>
        <time>2026-06-26T08:00:20.193Z</time>
        <name>48</name>
        <extensions>
          <speed_mps>17.882</speed_mps>
          <speed_mph>40.0</speed_mph>
        </extensions>
      </trkpt>
      <trkpt lat="52.0305248" lon="1.2235442">
        <ele>0</ele>
        <time>2026-06-26T08:00:20.270Z</time>
        <name>49</name>
        <extensions>
          <speed_mps>17.882</speed_mps>
          <speed_mph>40.0</speed_mph>
        </extensions>
      </trkpt>
      <trkpt lat="52.0306430" lon="1.2234476">
        <ele>0</ele>
        <time>2026-06-26T08:00:20.343Z</time>
        <name>50</name>
        <extensions>
          <speed_mps>17.882</speed_mps>
          <speed_mph>40.0</speed_mph>
        </extensions>
      </trkpt>
      <trkpt lat="52.0305713" lon="1.2230010">
        <ele>0</ele>
        <time>2026-06-26T08:00:22.118Z</time>
        <name>51</name>
        <extensions>
          <speed_mps>17.882</speed_mps>
          <speed_mph>40.0</speed_mph>
        </extensions>
      </trkpt>
      <trkpt lat="52.0306495" lon="1.2228644">
        <ele>0</ele>
        <time>2026-06-26T08:00:22.385Z</time>
        <name>52</name>
        <extensions>
          <speed_mps>17.882</speed_mps>
          <speed_mph>40.0</speed_mph>
        </extensions>
      </trkpt>
      <trkpt lat="52.0306277" lon="1.2224978">
        <ele>0</ele>
        <time>2026-06-26T08:00:23.727Z</time>
        <name>53</name>
        <extensions>
          <speed_mps>17.882</speed_mps>
          <speed_mph>40.0</speed_mph>
        </extensions>
      </trkpt>
      <trkpt lat="52.0306859" lon="1.2224013">
        <ele>0</ele>
        <time>2026-06-26T08:00:24.041Z</time>
        <name>54</name>
        <extensions>
          <speed_mps>17.882</speed_mps>
          <speed_mph>40.0</speed_mph>
        </extensions>
      </trkpt>
      <trkpt lat="52.0306642" lon="1.2222447">
        <ele>0</ele>
        <time>2026-06-26T08:00:24.892Z</time>
        <name>55</name>
        <extensions>
          <speed_mps>17.882</speed_mps>
          <speed_mph>40.0</speed_mph>
        </extensions>
      </trkpt>
      <trkpt lat="52.0306724" lon="1.2221781">
        <ele>0</ele>
        <time>2026-06-26T08:00:25.519Z</time>
        <name>56</name>
        <extensions>
          <speed_mps>17.882</speed_mps>
          <speed_mph>40.0</speed_mph>
        </extensions>
      </trkpt>
      <trkpt lat="52.0307306" lon="1.2221215">
        <ele>0</ele>
        <time>2026-06-26T08:00:25.850Z</time>
        <name>57</name>
        <extensions>
          <speed_mps>17.882</speed_mps>
          <speed_mph>40.0</speed_mph>
        </extensions>
      </trkpt>
      <trkpt lat="52.0307888" lon="1.2220749">
        <ele>0</ele>
        <time>2026-06-26T08:00:26.197Z</time>
        <name>58</name>
        <extensions>
          <speed_mps>17.882</speed_mps>
          <speed_mph>40.0</speed_mph>
        </extensions>
      </trkpt>
      <trkpt lat="52.0308271" lon="1.2220784">
        <ele>0</ele>
        <time>2026-06-26T08:00:26.752Z</time>
        <name>59</name>
        <extensions>
          <speed_mps>17.882</speed_mps>
          <speed_mph>40.0</speed_mph>
        </extensions>
      </trkpt>
      <trkpt lat="52.0308253" lon="1.2221618">
        <ele>0</ele>
        <time>2026-06-26T08:00:27.696Z</time>
        <name>60</name>
        <extensions>
          <speed_mps>17.882</speed_mps>
          <speed_mph>40.0</speed_mph>
        </extensions>
      </trkpt>
      <trkpt lat="52.0308035" lon="1.2228152">
        <ele>0</ele>
        <time>2026-06-26T08:00:30.640Z</time>
        <name>61</name>
        <extensions>
          <speed_mps>17.882</speed_mps>
          <speed_mph>40.0</speed_mph>
        </extensions>
      </trkpt>
      <trkpt lat="52.0308217" lon="1.2234986">
        <ele>0</ele>
        <time>2026-06-26T08:00:33.639Z</time>
        <name>62</name>
        <extensions>
          <speed_mps>17.882</speed_mps>
          <speed_mph>40.0</speed_mph>
        </extensions>
      </trkpt>
      <trkpt lat="52.0308600" lon="1.2243720">
        <ele>0</ele>
        <time>2026-06-26T08:00:37.338Z</time>
        <name>63</name>
        <extensions>
          <speed_mps>17.882</speed_mps>
          <speed_mph>40.0</speed_mph>
        </extensions>
      </trkpt>
      <trkpt lat="52.0309582" lon="1.2250955">
        <ele>0</ele>
        <time>2026-06-26T08:00:40.438Z</time>
        <name>64</name>
        <extensions>
          <speed_mps>17.882</speed_mps>
          <speed_mph>40.0</speed_mph>
        </extensions>
      </trkpt>
      <trkpt lat="52.0310964" lon="1.2257189">
        <ele>0</ele>
        <time>2026-06-26T08:00:43.161Z</time>
        <name>65</name>
        <extensions>
          <speed_mps>17.882</speed_mps>
          <speed_mph>40.0</speed_mph>
        </extensions>
      </trkpt>
      <trkpt lat="52.0312546" lon="1.2262623">
        <ele>0</ele>
        <time>2026-06-26T08:00:45.592Z</time>
        <name>66</name>
        <extensions>
          <speed_mps>17.882</speed_mps>
          <speed_mph>40.0</speed_mph>
        </extensions>
      </trkpt>
      <trkpt lat="52.0315129" lon="1.2272257">
        <ele>0</ele>
        <time>2026-06-26T08:00:49.716Z</time>
        <name>67</name>
        <extensions>
          <speed_mps>17.882</speed_mps>
          <speed_mph>40.0</speed_mph>
        </extensions>
      </trkpt>
      <trkpt lat="52.0316711" lon="1.2273991">
        <ele>0</ele>
        <time>2026-06-26T08:00:50.759Z</time>
        <name>68</name>
        <extensions>
          <speed_mps>17.882</speed_mps>
          <speed_mph>40.0</speed_mph>
        </extensions>
      </trkpt>
      <trkpt lat="52.0319693" lon="1.2281426">
        <ele>0</ele>
        <time>2026-06-26T08:00:54.147Z</time>
        <name>69</name>
        <extensions>
          <speed_mps>17.882</speed_mps>
          <speed_mph>40.0</speed_mph>
        </extensions>
      </trkpt>
      <trkpt lat="52.0321275" lon="1.2282160">
        <ele>0</ele>
        <time>2026-06-26T08:00:54.834Z</time>
        <name>70</name>
        <extensions>
          <speed_mps>17.882</speed_mps>
          <speed_mph>40.0</speed_mph>
        </extensions>
      </trkpt>
      <trkpt lat="52.0322858" lon="1.2283294">
        <ele>0</ele>
        <time>2026-06-26T08:00:55.660Z</time>
        <name>71</name>
        <extensions>
          <speed_mps>17.882</speed_mps>
          <speed_mph>40.0</speed_mph>
        </extensions>
      </trkpt>
      <trkpt lat="52.0326440" lon="1.2290128">
        <ele>0</ele>
        <time>2026-06-26T08:00:58.991Z</time>
        <name>72</name>
        <extensions>
          <speed_mps>17.882</speed_mps>
          <speed_mph>40.0</speed_mph>
        </extensions>
      </trkpt>
      <trkpt lat="52.0327522" lon="1.2289362">
        <ele>0</ele>
        <time>2026-06-26T08:00:59.029Z</time>
        <name>73</name>
        <extensions>
          <speed_mps>17.882</speed_mps>
          <speed_mph>40.0</speed_mph>
        </extensions>
      </trkpt>
      <trkpt lat="52.0332204" lon="1.2298597">
        <ele>0</ele>
        <time>2026-06-26T08:01:03.495Z</time>
        <name>74</name>
        <extensions>
          <speed_mps>17.882</speed_mps>
          <speed_mph>40.0</speed_mph>
        </extensions>
      </trkpt>
      <trkpt lat="52.0333487" lon="1.2298431">
        <ele>0</ele>
        <time>2026-06-26T08:01:03.791Z</time>
        <name>75</name>
        <extensions>
          <speed_mps>17.882</speed_mps>
          <speed_mph>40.0</speed_mph>
        </extensions>
      </trkpt>
      <trkpt lat="52.0350269" lon="1.2340565">
        <ele>0</ele>
        <time>2026-06-26T08:01:22.922Z</time>
        <name>76</name>
        <extensions>
          <speed_mps>17.882</speed_mps>
          <speed_mph>40.0</speed_mph>
        </extensions>
      </trkpt>
      <trkpt lat="52.0355551" lon="1.2351999">
        <ele>0</ele>
        <time>2026-06-26T08:01:28.304Z</time>
        <name>77</name>
        <extensions>
          <speed_mps>17.882</speed_mps>
          <speed_mph>40.0</speed_mph>
        </extensions>
      </trkpt>
      <trkpt lat="52.0359233" lon="1.2360333">
        <ele>0</ele>
        <time>2026-06-26T08:01:32.178Z</time>
        <name>78</name>
        <extensions>
          <speed_mps>17.882</speed_mps>
          <speed_mph>40.0</speed_mph>
        </extensions>
      </trkpt>
      <trkpt lat="52.0360416" lon="1.2360068">
        <ele>0</ele>
        <time>2026-06-26T08:01:32.416Z</time>
        <name>79</name>
        <extensions>
          <speed_mps>17.882</speed_mps>
          <speed_mph>40.0</speed_mph>
        </extensions>
      </trkpt>
      <trkpt lat="52.0362298" lon="1.2362502">
        <ele>0</ele>
        <time>2026-06-26T08:01:33.773Z</time>
        <name>80</name>
        <extensions>
          <speed_mps>17.882</speed_mps>
          <speed_mph>40.0</speed_mph>
        </extensions>
      </trkpt>
      <trkpt lat="52.0363980" lon="1.2364636">
        <ele>0</ele>
        <time>2026-06-26T08:01:34.980Z</time>
        <name>81</name>
        <extensions>
          <speed_mps>17.882</speed_mps>
          <speed_mph>40.0</speed_mph>
        </extensions>
      </trkpt>
      <trkpt lat="52.0366262" lon="1.2371270">
        <ele>0</ele>
        <time>2026-06-26T08:01:37.945Z</time>
        <name>82</name>
        <extensions>
          <speed_mps>17.882</speed_mps>
          <speed_mph>40.0</speed_mph>
        </extensions>
      </trkpt>
      <trkpt lat="52.0368645" lon="1.2382704">
        <ele>0</ele>
        <time>2026-06-26T08:01:42.720Z</time>
        <name>83</name>
        <extensions>
          <speed_mps>17.882</speed_mps>
          <speed_mph>40.0</speed_mph>
        </extensions>
      </trkpt>
      <trkpt lat="52.0369927" lon="1.2392339">
        <ele>0</ele>
        <time>2026-06-26T08:01:46.739Z</time>
        <name>84</name>
        <extensions>
          <speed_mps>17.882</speed_mps>
          <speed_mph>40.0</speed_mph>
        </extensions>
      </trkpt>
      <trkpt lat="52.0370509" lon="1.2402573">
        <ele>0</ele>
        <time>2026-06-26T08:01:50.997Z</time>
        <name>85</name>
        <extensions>
          <speed_mps>17.882</speed_mps>
          <speed_mph>40.0</speed_mph>
        </extensions>
      </trkpt>
      <trkpt lat="52.0370891" lon="1.2409707">
        <ele>0</ele>
        <time>2026-06-26T08:01:54.089Z</time>
        <name>86</name>
        <extensions>
          <speed_mps>17.882</speed_mps>
          <speed_mph>40.0</speed_mph>
        </extensions>
      </trkpt>
      <trkpt lat="52.0371174" lon="1.2415341">
        <ele>0</ele>
        <time>2026-06-26T08:01:56.625Z</time>
        <name>87</name>
        <extensions>
          <speed_mps>17.882</speed_mps>
          <speed_mph>40.0</speed_mph>
        </extensions>
      </trkpt>
      <trkpt lat="52.0372356" lon="1.2418075">
        <ele>0</ele>
        <time>2026-06-26T08:01:58.004Z</time>
        <name>88</name>
        <extensions>
          <speed_mps>17.882</speed_mps>
          <speed_mph>40.0</speed_mph>
        </extensions>
      </trkpt>
      <trkpt lat="52.0371438" lon="1.2429110">
        <ele>0</ele>
        <time>2026-06-26T08:02:02.724Z</time>
        <name>89</name>
        <extensions>
          <speed_mps>17.882</speed_mps>
          <speed_mph>40.0</speed_mph>
        </extensions>
      </trkpt>
      <trkpt lat="52.0372220" lon="1.2429644">
        <ele>0</ele>
        <time>2026-06-26T08:02:03.291Z</time>
        <name>90</name>
        <extensions>
          <speed_mps>17.882</speed_mps>
          <speed_mph>40.0</speed_mph>
        </extensions>
      </trkpt>
      <trkpt lat="52.0373303" lon="1.2428878">
        <ele>0</ele>
        <time>2026-06-26T08:02:03.329Z</time>
        <name>91</name>
        <extensions>
          <speed_mps>17.882</speed_mps>
          <speed_mph>40.0</speed_mph>
        </extensions>
      </trkpt>
      <trkpt lat="52.0373285" lon="1.2433412">
        <ele>0</ele>
        <time>2026-06-26T08:02:05.505Z</time>
        <name>92</name>
        <extensions>
          <speed_mps>17.882</speed_mps>
          <speed_mph>40.0</speed_mph>
        </extensions>
      </trkpt>
      <trkpt lat="52.0374367" lon="1.2432646">
        <ele>0</ele>
        <time>2026-06-26T08:02:05.544Z</time>
        <name>93</name>
        <extensions>
          <speed_mps>17.882</speed_mps>
          <speed_mph>40.0</speed_mph>
        </extensions>
      </trkpt>
      <trkpt lat="52.0371849" lon="1.2449581">
        <ele>0</ele>
        <time>2026-06-26T08:02:12.713Z</time>
        <name>94</name>
        <extensions>
          <speed_mps>17.882</speed_mps>
          <speed_mph>40.0</speed_mph>
        </extensions>
      </trkpt>
      <trkpt lat="52.0372932" lon="1.2449015">
        <ele>0</ele>
        <time>2026-06-26T08:02:12.827Z</time>
        <name>95</name>
        <extensions>
          <speed_mps>17.882</speed_mps>
          <speed_mph>40.0</speed_mph>
        </extensions>
      </trkpt>
      <trkpt lat="52.0372714" lon="1.2453449">
        <ele>0</ele>
        <time>2026-06-26T08:02:15.010Z</time>
        <name>96</name>
        <extensions>
          <speed_mps>17.882</speed_mps>
          <speed_mph>40.0</speed_mph>
        </extensions>
      </trkpt>
      <trkpt lat="52.0371896" lon="1.2461483">
        <ele>0</ele>
        <time>2026-06-26T08:02:18.615Z</time>
        <name>97</name>
        <extensions>
          <speed_mps>17.882</speed_mps>
          <speed_mph>40.0</speed_mph>
        </extensions>
      </trkpt>
      <trkpt lat="52.0372978" lon="1.2461117">
        <ele>0</ele>
        <time>2026-06-26T08:02:18.806Z</time>
        <name>98</name>
        <extensions>
          <speed_mps>17.882</speed_mps>
          <speed_mph>40.0</speed_mph>
        </extensions>
      </trkpt>
      <trkpt lat="52.0374161" lon="1.2460652">
        <ele>0</ele>
        <time>2026-06-26T08:02:18.971Z</time>
        <name>99</name>
        <extensions>
          <speed_mps>17.882</speed_mps>
          <speed_mph>40.0</speed_mph>
        </extensions>
      </trkpt>
      <trkpt lat="52.0375243" lon="1.2460286">
        <ele>0</ele>
        <time>2026-06-26T08:02:19.163Z</time>
        <name>100</name>
        <extensions>
          <speed_mps>17.882</speed_mps>
          <speed_mph>40.0</speed_mph>
        </extensions>
      </trkpt>
      <trkpt lat="52.0376725" lon="1.2460420">
        <ele>0</ele>
        <time>2026-06-26T08:02:19.619Z</time>
        <name>101</name>
        <extensions>
          <speed_mps>17.882</speed_mps>
          <speed_mph>40.0</speed_mph>
        </extensions>
      </trkpt>
      <trkpt lat="52.0378107" lon="1.2460554">
        <ele>0</ele>
        <time>2026-06-26T08:02:20.045Z</time>
        <name>102</name>
        <extensions>
          <speed_mps>17.882</speed_mps>
          <speed_mph>40.0</speed_mph>
        </extensions>
      </trkpt>
      <trkpt lat="52.0379590" lon="1.2462088">
        <ele>0</ele>
        <time>2026-06-26T08:02:20.996Z</time>
        <name>103</name>
        <extensions>
          <speed_mps>17.882</speed_mps>
          <speed_mph>40.0</speed_mph>
        </extensions>
      </trkpt>
      <trkpt lat="52.0380872" lon="1.2462023">
        <ele>0</ele>
        <time>2026-06-26T08:02:21.326Z</time>
        <name>104</name>
        <extensions>
          <speed_mps>17.882</speed_mps>
          <speed_mph>40.0</speed_mph>
        </extensions>
      </trkpt>
      <trkpt lat="52.0382754" lon="1.2463357">
        <ele>0</ele>
        <time>2026-06-26T08:02:22.304Z</time>
        <name>105</name>
        <extensions>
          <speed_mps>17.882</speed_mps>
          <speed_mph>40.0</speed_mph>
        </extensions>
      </trkpt>
      <trkpt lat="52.0383836" lon="1.2462591">
        <ele>0</ele>
        <time>2026-06-26T08:02:22.342Z</time>
        <name>106</name>
        <extensions>
          <speed_mps>17.882</speed_mps>
          <speed_mph>40.0</speed_mph>
        </extensions>
      </trkpt>
      <trkpt lat="52.0385419" lon="1.2462625">
        <ele>0</ele>
        <time>2026-06-26T08:02:22.806Z</time>
        <name>107</name>
        <extensions>
          <speed_mps>17.882</speed_mps>
          <speed_mph>40.0</speed_mph>
        </extensions>
      </trkpt>
      <trkpt lat="52.0386801" lon="1.2462459">
        <ele>0</ele>
        <time>2026-06-26T08:02:23.133Z</time>
        <name>108</name>
        <extensions>
          <speed_mps>17.882</speed_mps>
          <speed_mph>40.0</speed_mph>
        </extensions>
      </trkpt>
      <trkpt lat="52.0388383" lon="1.2462394">
        <ele>0</ele>
        <time>2026-06-26T08:02:23.569Z</time>
        <name>109</name>
        <extensions>
          <speed_mps>17.882</speed_mps>
          <speed_mph>40.0</speed_mph>
        </extensions>
      </trkpt>
      <trkpt lat="52.0390565" lon="1.2463028">
        <ele>0</ele>
        <time>2026-06-26T08:02:24.462Z</time>
        <name>110</name>
        <extensions>
          <speed_mps>17.882</speed_mps>
          <speed_mph>40.0</speed_mph>
        </extensions>
      </trkpt>
      <trkpt lat="52.0392248" lon="1.2462762">
        <ele>0</ele>
        <time>2026-06-26T08:02:24.900Z</time>
        <name>111</name>
        <extensions>
          <speed_mps>17.882</speed_mps>
          <speed_mph>40.0</speed_mph>
        </extensions>
      </trkpt>
      <trkpt lat="52.0393330" lon="1.2461996">
        <ele>0</ele>
        <time>2026-06-26T08:02:24.938Z</time>
        <name>112</name>
        <extensions>
          <speed_mps>17.882</speed_mps>
          <speed_mph>40.0</speed_mph>
        </extensions>
      </trkpt>
      <trkpt lat="52.0397112" lon="1.2463030">
        <ele>0</ele>
        <time>2026-06-26T08:02:26.768Z</time>
        <name>113</name>
        <extensions>
          <speed_mps>17.882</speed_mps>
          <speed_mph>40.0</speed_mph>
        </extensions>
      </trkpt>
      <trkpt lat="52.0398594" lon="1.2462565">
        <ele>0</ele>
        <time>2026-06-26T08:02:27.060Z</time>
        <name>114</name>
        <extensions>
          <speed_mps>17.882</speed_mps>
          <speed_mph>40.0</speed_mph>
        </extensions>
      </trkpt>
      <trkpt lat="52.0405277" lon="1.2465899">
        <ele>0</ele>
        <time>2026-06-26T08:02:30.895Z</time>
        <name>115</name>
        <extensions>
          <speed_mps>17.882</speed_mps>
          <speed_mph>40.0</speed_mph>
        </extensions>
      </trkpt>
      <trkpt lat="52.0410459" lon="1.2467733">
        <ele>0</ele>
        <time>2026-06-26T08:02:33.646Z</time>
        <name>116</name>
        <extensions>
          <speed_mps>17.882</speed_mps>
          <speed_mph>40.0</speed_mph>
        </extensions>
      </trkpt>
      <trkpt lat="52.0413441" lon="1.2467867">
        <ele>0</ele>
        <time>2026-06-26T08:02:34.888Z</time>
        <name>117</name>
        <extensions>
          <speed_mps>17.882</speed_mps>
          <speed_mph>40.0</speed_mph>
        </extensions>
      </trkpt>
      <trkpt lat="52.0416323" lon="1.2468101">
        <ele>0</ele>
        <time>2026-06-26T08:02:36.084Z</time>
        <name>118</name>
        <extensions>
          <speed_mps>17.882</speed_mps>
          <speed_mph>40.0</speed_mph>
        </extensions>
      </trkpt>
      <trkpt lat="52.0424506" lon="1.2470535">
        <ele>0</ele>
        <time>2026-06-26T08:02:40.676Z</time>
        <name>119</name>
        <extensions>
          <speed_mps>17.882</speed_mps>
          <speed_mph>40.0</speed_mph>
        </extensions>
      </trkpt>
      <trkpt lat="52.0429388" lon="1.2470970">
        <ele>0</ele>
        <time>2026-06-26T08:02:43.090Z</time>
        <name>120</name>
        <extensions>
          <speed_mps>17.882</speed_mps>
          <speed_mph>40.0</speed_mph>
        </extensions>
      </trkpt>
      <trkpt lat="52.0436470" lon="1.2471704">
        <ele>0</ele>
        <time>2026-06-26T08:02:46.871Z</time>
        <name>121</name>
        <extensions>
          <speed_mps>17.882</speed_mps>
          <speed_mph>40.0</speed_mph>
        </extensions>
      </trkpt>
      <trkpt lat="52.0444252" lon="1.2471938">
        <ele>0</ele>
        <time>2026-06-26T08:02:51.059Z</time>
        <name>122</name>
        <extensions>
          <speed_mps>17.882</speed_mps>
          <speed_mph>40.0</speed_mph>
        </extensions>
      </trkpt>
      <trkpt lat="52.0455035" lon="1.2472172">
        <ele>0</ele>
        <time>2026-06-26T08:02:57.105Z</time>
        <name>123</name>
        <extensions>
          <speed_mps>17.882</speed_mps>
          <speed_mph>40.0</speed_mph>
        </extensions>
      </trkpt>
      <trkpt lat="52.0463517" lon="1.2472506">
        <ele>0</ele>
        <time>2026-06-26T08:03:01.730Z</time>
        <name>124</name>
        <extensions>
          <speed_mps>17.882</speed_mps>
          <speed_mph>40.0</speed_mph>
        </extensions>
      </trkpt>
      <trkpt lat="52.0467699" lon="1.2472441">
        <ele>0</ele>
        <time>2026-06-26T08:03:03.682Z</time>
        <name>125</name>
        <extensions>
          <speed_mps>17.882</speed_mps>
          <speed_mph>40.0</speed_mph>
        </extensions>
      </trkpt>
      <trkpt lat="52.0471081" lon="1.2472275">
        <ele>0</ele>
        <time>2026-06-26T08:03:05.137Z</time>
        <name>126</name>
        <extensions>
          <speed_mps>17.882</speed_mps>
          <speed_mph>40.0</speed_mph>
        </extensions>
      </trkpt>
      <trkpt lat="52.0478464" lon="1.2473709">
        <ele>0</ele>
        <time>2026-06-26T08:03:09.152Z</time>
        <name>127</name>
        <extensions>
          <speed_mps>17.882</speed_mps>
          <speed_mph>40.0</speed_mph>
        </extensions>
      </trkpt>
      <trkpt lat="52.0485746" lon="1.2475743">
        <ele>0</ele>
        <time>2026-06-26T08:03:13.164Z</time>
        <name>128</name>
        <extensions>
          <speed_mps>17.882</speed_mps>
          <speed_mph>40.0</speed_mph>
        </extensions>
      </trkpt>
      <trkpt lat="52.0497428" lon="1.2480977">
        <ele>0</ele>
        <time>2026-06-26T08:03:20.156Z</time>
        <name>129</name>
        <extensions>
          <speed_mps>17.882</speed_mps>
          <speed_mph>40.0</speed_mph>
        </extensions>
      </trkpt>
      <trkpt lat="52.0498610" lon="1.2480212">
        <ele>0</ele>
        <time>2026-06-26T08:03:20.229Z</time>
        <name>130</name>
        <extensions>
          <speed_mps>17.882</speed_mps>
          <speed_mph>40.0</speed_mph>
        </extensions>
      </trkpt>
      <trkpt lat="52.0501193" lon="1.2480346">
        <ele>0</ele>
        <time>2026-06-26T08:03:21.237Z</time>
        <name>131</name>
        <extensions>
          <speed_mps>17.882</speed_mps>
          <speed_mph>40.0</speed_mph>
        </extensions>
      </trkpt>
      <trkpt lat="52.0503675" lon="1.2480280">
        <ele>0</ele>
        <time>2026-06-26T08:03:22.160Z</time>
        <name>132</name>
        <extensions>
          <speed_mps>17.882</speed_mps>
          <speed_mph>40.0</speed_mph>
        </extensions>
      </trkpt>
      <trkpt lat="52.0510757" lon="1.2483314">
        <ele>0</ele>
        <time>2026-06-26T08:03:26.178Z</time>
        <name>133</name>
        <extensions>
          <speed_mps>17.882</speed_mps>
          <speed_mph>40.0</speed_mph>
        </extensions>
      </trkpt>
      <trkpt lat="52.0518539" lon="1.2487148">
        <ele>0</ele>
        <time>2026-06-26T08:03:30.716Z</time>
        <name>134</name>
        <extensions>
          <speed_mps>17.882</speed_mps>
          <speed_mph>40.0</speed_mph>
        </extensions>
      </trkpt>
      <trkpt lat="52.0523722" lon="1.2489383">
        <ele>0</ele>
        <time>2026-06-26T08:03:33.528Z</time>
        <name>135</name>
        <extensions>
          <speed_mps>17.882</speed_mps>
          <speed_mph>40.0</speed_mph>
        </extensions>
      </trkpt>
      <trkpt lat="52.0525004" lon="1.2488717">
        <ele>0</ele>
        <time>2026-06-26T08:03:33.674Z</time>
        <name>136</name>
        <extensions>
          <speed_mps>17.882</speed_mps>
          <speed_mph>40.0</speed_mph>
        </extensions>
      </trkpt>
      <trkpt lat="52.0528086" lon="1.2489351">
        <ele>0</ele>
        <time>2026-06-26T08:03:35.044Z</time>
        <name>137</name>
        <extensions>
          <speed_mps>17.882</speed_mps>
          <speed_mph>40.0</speed_mph>
        </extensions>
      </trkpt>
      <trkpt lat="52.0534368" lon="1.2492685">
        <ele>0</ele>
        <time>2026-06-26T08:03:38.654Z</time>
        <name>138</name>
        <extensions>
          <speed_mps>17.882</speed_mps>
          <speed_mph>40.0</speed_mph>
        </extensions>
      </trkpt>
      <trkpt lat="52.0536651" lon="1.2492919">
        <ele>0</ele>
        <time>2026-06-26T08:03:39.511Z</time>
        <name>139</name>
        <extensions>
          <speed_mps>17.882</speed_mps>
          <speed_mph>40.0</speed_mph>
        </extensions>
      </trkpt>
      <trkpt lat="52.0538633" lon="1.2492754">
        <ele>0</ele>
        <time>2026-06-26T08:03:40.131Z</time>
        <name>140</name>
        <extensions>
          <speed_mps>17.882</speed_mps>
          <speed_mph>40.0</speed_mph>
        </extensions>
      </trkpt>
      <trkpt lat="52.0539915" lon="1.2491988">
        <ele>0</ele>
        <time>2026-06-26T08:03:40.261Z</time>
        <name>141</name>
        <extensions>
          <speed_mps>17.882</speed_mps>
          <speed_mph>40.0</speed_mph>
        </extensions>
      </trkpt>
      <trkpt lat="52.0548497" lon="1.2498222">
        <ele>0</ele>
        <time>2026-06-26T08:03:45.658Z</time>
        <name>142</name>
        <extensions>
          <speed_mps>17.882</speed_mps>
          <speed_mph>40.0</speed_mph>
        </extensions>
      </trkpt>
      <trkpt lat="52.0550780" lon="1.2498656">
        <ele>0</ele>
        <time>2026-06-26T08:03:46.555Z</time>
        <name>143</name>
        <extensions>
          <speed_mps>17.882</speed_mps>
          <speed_mph>40.0</speed_mph>
        </extensions>
      </trkpt>
      <trkpt lat="52.0552462" lon="1.2498290">
        <ele>0</ele>
        <time>2026-06-26T08:03:46.974Z</time>
        <name>144</name>
        <extensions>
          <speed_mps>17.882</speed_mps>
          <speed_mph>40.0</speed_mph>
        </extensions>
      </trkpt>
      <trkpt lat="52.0554044" lon="1.2498025">
        <ele>0</ele>
        <time>2026-06-26T08:03:47.361Z</time>
        <name>145</name>
        <extensions>
          <speed_mps>17.882</speed_mps>
          <speed_mph>40.0</speed_mph>
        </extensions>
      </trkpt>
      <trkpt lat="52.0555526" lon="1.2497459">
        <ele>0</ele>
        <time>2026-06-26T08:03:47.635Z</time>
        <name>146</name>
        <extensions>
          <speed_mps>17.882</speed_mps>
          <speed_mph>40.0</speed_mph>
        </extensions>
      </trkpt>
      <trkpt lat="52.0557209" lon="1.2497293">
        <ele>0</ele>
        <time>2026-06-26T08:03:48.094Z</time>
        <name>147</name>
        <extensions>
          <speed_mps>17.882</speed_mps>
          <speed_mph>40.0</speed_mph>
        </extensions>
      </trkpt>
      <trkpt lat="52.0560391" lon="1.2498527">
        <ele>0</ele>
        <time>2026-06-26T08:03:49.627Z</time>
        <name>148</name>
        <extensions>
          <speed_mps>17.882</speed_mps>
          <speed_mph>40.0</speed_mph>
        </extensions>
      </trkpt>
      <trkpt lat="52.0568373" lon="1.2505061">
        <ele>0</ele>
        <time>2026-06-26T08:03:54.767Z</time>
        <name>149</name>
        <extensions>
          <speed_mps>17.882</speed_mps>
          <speed_mph>40.0</speed_mph>
        </extensions>
      </trkpt>
      <trkpt lat="52.0571455" lon="1.2506496">
        <ele>0</ele>
        <time>2026-06-26T08:03:56.291Z</time>
        <name>150</name>
        <extensions>
          <speed_mps>17.882</speed_mps>
          <speed_mph>40.0</speed_mph>
        </extensions>
      </trkpt>
      <trkpt lat="52.0575038" lon="1.2509030">
        <ele>0</ele>
        <time>2026-06-26T08:03:58.318Z</time>
        <name>151</name>
        <extensions>
          <speed_mps>17.882</speed_mps>
          <speed_mph>40.0</speed_mph>
        </extensions>
      </trkpt>
      <trkpt lat="52.0577020" lon="1.2509264">
        <ele>0</ele>
        <time>2026-06-26T08:03:59.018Z</time>
        <name>152</name>
        <extensions>
          <speed_mps>17.882</speed_mps>
          <speed_mph>40.0</speed_mph>
        </extensions>
      </trkpt>
      <trkpt lat="52.0582502" lon="1.2514998">
        <ele>0</ele>
        <time>2026-06-26T08:04:02.740Z</time>
        <name>153</name>
        <extensions>
          <speed_mps>17.882</speed_mps>
          <speed_mph>40.0</speed_mph>
        </extensions>
      </trkpt>
      <trkpt lat="52.0586484" lon="1.2518832">
        <ele>0</ele>
        <time>2026-06-26T08:04:05.287Z</time>
        <name>154</name>
        <extensions>
          <speed_mps>17.882</speed_mps>
          <speed_mph>40.0</speed_mph>
        </extensions>
      </trkpt>
      <trkpt lat="52.0587967" lon="1.2518767">
        <ele>0</ele>
        <time>2026-06-26T08:04:05.681Z</time>
        <name>155</name>
        <extensions>
          <speed_mps>17.882</speed_mps>
          <speed_mph>40.0</speed_mph>
        </extensions>
      </trkpt>
      <trkpt lat="52.0590549" lon="1.2520401">
        <ele>0</ele>
        <time>2026-06-26T08:04:07.017Z</time>
        <name>156</name>
        <extensions>
          <speed_mps>17.882</speed_mps>
          <speed_mph>40.0</speed_mph>
        </extensions>
      </trkpt>
      <trkpt lat="52.0591831" lon="1.2519735">
        <ele>0</ele>
        <time>2026-06-26T08:04:07.163Z</time>
        <name>157</name>
        <extensions>
          <speed_mps>17.882</speed_mps>
          <speed_mph>40.0</speed_mph>
        </extensions>
      </trkpt>
      <trkpt lat="52.0594513" lon="1.2521569">
        <ele>0</ele>
        <time>2026-06-26T08:04:08.597Z</time>
        <name>158</name>
        <extensions>
          <speed_mps>17.882</speed_mps>
          <speed_mph>40.0</speed_mph>
        </extensions>
      </trkpt>
      <trkpt lat="52.0595696" lon="1.2520803">
        <ele>0</ele>
        <time>2026-06-26T08:04:08.670Z</time>
        <name>159</name>
        <extensions>
          <speed_mps>17.882</speed_mps>
          <speed_mph>40.0</speed_mph>
        </extensions>
      </trkpt>
      <trkpt lat="52.0604278" lon="1.2532438">
        <ele>0</ele>
        <time>2026-06-26T08:04:15.349Z</time>
        <name>160</name>
        <extensions>
          <speed_mps>17.882</speed_mps>
          <speed_mph>40.0</speed_mph>
        </extensions>
      </trkpt>
      <trkpt lat="52.0605660" lon="1.2532172">
        <ele>0</ele>
        <time>2026-06-26T08:04:15.645Z</time>
        <name>161</name>
        <extensions>
          <speed_mps>17.882</speed_mps>
          <speed_mph>40.0</speed_mph>
        </extensions>
      </trkpt>
      <trkpt lat="52.0606942" lon="1.2531506">
        <ele>0</ele>
        <time>2026-06-26T08:04:15.791Z</time>
        <name>162</name>
        <extensions>
          <speed_mps>17.882</speed_mps>
          <speed_mph>40.0</speed_mph>
        </extensions>
      </trkpt>
      <trkpt lat="52.0619825" lon="1.2550240">
        <ele>0</ele>
        <time>2026-06-26T08:04:26.280Z</time>
        <name>163</name>
        <extensions>
          <speed_mps>17.882</speed_mps>
          <speed_mph>40.0</speed_mph>
        </extensions>
      </trkpt>
      <trkpt lat="52.0621207" lon="1.2549774">
        <ele>0</ele>
        <time>2026-06-26T08:04:26.522Z</time>
        <name>164</name>
        <extensions>
          <speed_mps>17.882</speed_mps>
          <speed_mph>40.0</speed_mph>
        </extensions>
      </trkpt>
      <trkpt lat="52.0626689" lon="1.2556309">
        <ele>0</ele>
        <time>2026-06-26T08:04:30.458Z</time>
        <name>165</name>
        <extensions>
          <speed_mps>17.882</speed_mps>
          <speed_mph>40.0</speed_mph>
        </extensions>
      </trkpt>
      <trkpt lat="52.0628171" lon="1.2555943">
        <ele>0</ele>
        <time>2026-06-26T08:04:30.772Z</time>
        <name>166</name>
        <extensions>
          <speed_mps>17.882</speed_mps>
          <speed_mph>40.0</speed_mph>
        </extensions>
      </trkpt>
      <trkpt lat="52.0630254" lon="1.2556877">
        <ele>0</ele>
        <time>2026-06-26T08:04:31.700Z</time>
        <name>167</name>
        <extensions>
          <speed_mps>17.882</speed_mps>
          <speed_mph>40.0</speed_mph>
        </extensions>
      </trkpt>
      <trkpt lat="52.0637536" lon="1.2566211">
        <ele>0</ele>
        <time>2026-06-26T08:04:37.184Z</time>
        <name>168</name>
        <extensions>
          <speed_mps>17.882</speed_mps>
          <speed_mph>40.0</speed_mph>
        </extensions>
      </trkpt>
      <trkpt lat="52.0638618" lon="1.2565445">
        <ele>0</ele>
        <time>2026-06-26T08:04:37.223Z</time>
        <name>169</name>
        <extensions>
          <speed_mps>17.882</speed_mps>
          <speed_mph>40.0</speed_mph>
        </extensions>
      </trkpt>
      <trkpt lat="52.0650400" lon="1.2582180">
        <ele>0</ele>
        <time>2026-06-26T08:04:46.687Z</time>
        <name>170</name>
        <extensions>
          <speed_mps>17.882</speed_mps>
          <speed_mph>40.0</speed_mph>
        </extensions>
      </trkpt>
      <trkpt lat="52.0652083" lon="1.2582414">
        <ele>0</ele>
        <time>2026-06-26T08:04:47.250Z</time>
        <name>171</name>
        <extensions>
          <speed_mps>17.882</speed_mps>
          <speed_mph>40.0</speed_mph>
        </extensions>
      </trkpt>
      <trkpt lat="52.0653265" lon="1.2581548">
        <ele>0</ele>
        <time>2026-06-26T08:04:47.312Z</time>
        <name>172</name>
        <extensions>
          <speed_mps>17.882</speed_mps>
          <speed_mph>40.0</speed_mph>
        </extensions>
      </trkpt>
      <trkpt lat="52.0654847" lon="1.2581682">
        <ele>0</ele>
        <time>2026-06-26T08:04:47.805Z</time>
        <name>173</name>
        <extensions>
          <speed_mps>17.882</speed_mps>
          <speed_mph>40.0</speed_mph>
        </extensions>
      </trkpt>
      <trkpt lat="52.0656629" lon="1.2581916">
        <ele>0</ele>
        <time>2026-06-26T08:04:48.410Z</time>
        <name>174</name>
        <extensions>
          <speed_mps>17.882</speed_mps>
          <speed_mph>40.0</speed_mph>
        </extensions>
      </trkpt>
      <trkpt lat="52.0657812" lon="1.2581151">
        <ele>0</ele>
        <time>2026-06-26T08:04:48.483Z</time>
        <name>175</name>
        <extensions>
          <speed_mps>17.882</speed_mps>
          <speed_mph>40.0</speed_mph>
        </extensions>
      </trkpt>
      <trkpt lat="52.0662294" lon="1.2585985">
        <ele>0</ele>
        <time>2026-06-26T08:04:51.520Z</time>
        <name>176</name>
        <extensions>
          <speed_mps>17.882</speed_mps>
          <speed_mph>40.0</speed_mph>
        </extensions>
      </trkpt>
      <trkpt lat="52.0667576" lon="1.2591619">
        <ele>0</ele>
        <time>2026-06-26T08:04:55.125Z</time>
        <name>177</name>
        <extensions>
          <speed_mps>17.882</speed_mps>
          <speed_mph>40.0</speed_mph>
        </extensions>
      </trkpt>
      <trkpt lat="52.0669458" lon="1.2591253">
        <ele>0</ele>
        <time>2026-06-26T08:04:55.658Z</time>
        <name>178</name>
        <extensions>
          <speed_mps>17.882</speed_mps>
          <speed_mph>40.0</speed_mph>
        </extensions>
      </trkpt>
      <trkpt lat="52.0671541" lon="1.2590687">
        <ele>0</ele>
        <time>2026-06-26T08:04:56.291Z</time>
        <name>179</name>
        <extensions>
          <speed_mps>17.882</speed_mps>
          <speed_mph>40.0</speed_mph>
        </extensions>
      </trkpt>
      <trkpt lat="52.0672723" lon="1.2589822">
        <ele>0</ele>
        <time>2026-06-26T08:04:56.353Z</time>
        <name>180</name>
        <extensions>
          <speed_mps>17.882</speed_mps>
          <speed_mph>40.0</speed_mph>
        </extensions>
      </trkpt>
      <trkpt lat="52.0673805" lon="1.2588856">
        <ele>0</ele>
        <time>2026-06-26T08:04:56.391Z</time>
        <name>181</name>
        <extensions>
          <speed_mps>17.882</speed_mps>
          <speed_mph>40.0</speed_mph>
        </extensions>
      </trkpt>
      <trkpt lat="52.0675087" lon="1.2587990">
        <ele>0</ele>
        <time>2026-06-26T08:04:56.516Z</time>
        <name>182</name>
        <extensions>
          <speed_mps>17.882</speed_mps>
          <speed_mph>40.0</speed_mph>
        </extensions>
      </trkpt>
      <trkpt lat="52.0676270" lon="1.2587024">
        <ele>0</ele>
        <time>2026-06-26T08:04:56.589Z</time>
        <name>183</name>
        <extensions>
          <speed_mps>17.882</speed_mps>
          <speed_mph>40.0</speed_mph>
        </extensions>
      </trkpt>
      <trkpt lat="52.0677952" lon="1.2586158">
        <ele>0</ele>
        <time>2026-06-26T08:04:56.962Z</time>
        <name>184</name>
        <extensions>
          <speed_mps>17.882</speed_mps>
          <speed_mph>40.0</speed_mph>
        </extensions>
      </trkpt>
      <trkpt lat="52.0679634" lon="1.2585493">
        <ele>0</ele>
        <time>2026-06-26T08:04:57.342Z</time>
        <name>185</name>
        <extensions>
          <speed_mps>17.882</speed_mps>
          <speed_mph>40.0</speed_mph>
        </extensions>
      </trkpt>
      <trkpt lat="52.0681316" lon="1.2585027">
        <ele>0</ele>
        <time>2026-06-26T08:04:57.746Z</time>
        <name>186</name>
        <extensions>
          <speed_mps>17.882</speed_mps>
          <speed_mph>40.0</speed_mph>
        </extensions>
      </trkpt>
      <trkpt lat="52.0683099" lon="1.2585161">
        <ele>0</ele>
        <time>2026-06-26T08:04:58.325Z</time>
        <name>187</name>
        <extensions>
          <speed_mps>17.882</speed_mps>
          <speed_mph>40.0</speed_mph>
        </extensions>
      </trkpt>
      <trkpt lat="52.0684281" lon="1.2584595">
        <ele>0</ele>
        <time>2026-06-26T08:04:58.456Z</time>
        <name>188</name>
        <extensions>
          <speed_mps>17.882</speed_mps>
          <speed_mph>40.0</speed_mph>
        </extensions>
      </trkpt>
      <trkpt lat="52.0685463" lon="1.2583929">
        <ele>0</ele>
        <time>2026-06-26T08:04:58.554Z</time>
        <name>189</name>
        <extensions>
          <speed_mps>17.882</speed_mps>
          <speed_mph>40.0</speed_mph>
        </extensions>
      </trkpt>
      <trkpt lat="52.0687045" lon="1.2584664">
        <ele>0</ele>
        <time>2026-06-26T08:04:59.241Z</time>
        <name>190</name>
        <extensions>
          <speed_mps>17.882</speed_mps>
          <speed_mph>40.0</speed_mph>
        </extensions>
      </trkpt>
      <trkpt lat="52.0688928" lon="1.2585398">
        <ele>0</ele>
        <time>2026-06-26T08:05:00.029Z</time>
        <name>191</name>
        <extensions>
          <speed_mps>17.882</speed_mps>
          <speed_mph>40.0</speed_mph>
        </extensions>
      </trkpt>
      <trkpt lat="52.0691110" lon="1.2588732">
        <ele>0</ele>
        <time>2026-06-26T08:05:01.775Z</time>
        <name>192</name>
        <extensions>
          <speed_mps>17.882</speed_mps>
          <speed_mph>40.0</speed_mph>
        </extensions>
      </trkpt>
      <trkpt lat="52.0692492" lon="1.2588466">
        <ele>0</ele>
        <time>2026-06-26T08:05:02.071Z</time>
        <name>193</name>
        <extensions>
          <speed_mps>17.882</speed_mps>
          <speed_mph>40.0</speed_mph>
        </extensions>
      </trkpt>
      <trkpt lat="52.0693674" lon="1.2588000">
        <ele>0</ele>
        <time>2026-06-26T08:05:02.236Z</time>
        <name>194</name>
        <extensions>
          <speed_mps>17.882</speed_mps>
          <speed_mph>40.0</speed_mph>
        </extensions>
      </trkpt>
      <trkpt lat="52.0694957" lon="1.2587635">
        <ele>0</ele>
        <time>2026-06-26T08:05:02.464Z</time>
        <name>195</name>
        <extensions>
          <speed_mps>17.882</speed_mps>
          <speed_mph>40.0</speed_mph>
        </extensions>
      </trkpt>
      <trkpt lat="52.0696839" lon="1.2587869">
        <ele>0</ele>
        <time>2026-06-26T08:05:03.115Z</time>
        <name>196</name>
        <extensions>
          <speed_mps>17.882</speed_mps>
          <speed_mph>40.0</speed_mph>
        </extensions>
      </trkpt>
      <trkpt lat="52.0702021" lon="1.2591603">
        <ele>0</ele>
        <time>2026-06-26T08:05:06.213Z</time>
        <name>197</name>
        <extensions>
          <speed_mps>17.882</speed_mps>
          <speed_mph>40.0</speed_mph>
        </extensions>
      </trkpt>
      <trkpt lat="52.0706403" lon="1.2594037">
        <ele>0</ele>
        <time>2026-06-26T08:05:08.622Z</time>
        <name>198</name>
        <extensions>
          <speed_mps>17.882</speed_mps>
          <speed_mph>40.0</speed_mph>
        </extensions>
      </trkpt>
      <trkpt lat="52.0712286" lon="1.2597171">
        <ele>0</ele>
        <time>2026-06-26T08:05:11.976Z</time>
        <name>199</name>
        <extensions>
          <speed_mps>17.882</speed_mps>
          <speed_mph>40.0</speed_mph>
        </extensions>
      </trkpt>
      <trkpt lat="52.0718468" lon="1.2599706">
        <ele>0</ele>
        <time>2026-06-26T08:05:15.404Z</time>
        <name>200</name>
        <extensions>
          <speed_mps>17.882</speed_mps>
          <speed_mph>40.0</speed_mph>
        </extensions>
      </trkpt>
      <trkpt lat="52.0720650" lon="1.2599440">
        <ele>0</ele>
        <time>2026-06-26T08:05:16.125Z</time>
        <name>201</name>
        <extensions>
          <speed_mps>17.882</speed_mps>
          <speed_mph>40.0</speed_mph>
        </extensions>
      </trkpt>
      <trkpt lat="52.0723032" lon="1.2599174">
        <ele>0</ele>
        <time>2026-06-26T08:05:16.965Z</time>
        <name>202</name>
        <extensions>
          <speed_mps>17.882</speed_mps>
          <speed_mph>40.0</speed_mph>
        </extensions>
      </trkpt>
      <trkpt lat="52.0725515" lon="1.2599108">
        <ele>0</ele>
        <time>2026-06-26T08:05:17.888Z</time>
        <name>203</name>
        <extensions>
          <speed_mps>17.882</speed_mps>
          <speed_mph>40.0</speed_mph>
        </extensions>
      </trkpt>
      <trkpt lat="52.0726897" lon="1.2598342">
        <ele>0</ele>
        <time>2026-06-26T08:05:18.079Z</time>
        <name>204</name>
        <extensions>
          <speed_mps>17.882</speed_mps>
          <speed_mph>40.0</speed_mph>
        </extensions>
      </trkpt>
      <trkpt lat="52.0728279" lon="1.2597677">
        <ele>0</ele>
        <time>2026-06-26T08:05:18.280Z</time>
        <name>205</name>
        <extensions>
          <speed_mps>17.882</speed_mps>
          <speed_mph>40.0</speed_mph>
        </extensions>
      </trkpt>
      <trkpt lat="52.0732261" lon="1.2598011">
        <ele>0</ele>
        <time>2026-06-26T08:05:20.141Z</time>
        <name>206</name>
        <extensions>
          <speed_mps>17.882</speed_mps>
          <speed_mph>40.0</speed_mph>
        </extensions>
      </trkpt>
      <trkpt lat="52.0736144" lon="1.2598045">
        <ele>0</ele>
        <time>2026-06-26T08:05:21.916Z</time>
        <name>207</name>
        <extensions>
          <speed_mps>17.882</speed_mps>
          <speed_mph>40.0</speed_mph>
        </extensions>
      </trkpt>
      <trkpt lat="52.0737426" lon="1.2597279">
        <ele>0</ele>
        <time>2026-06-26T08:05:22.046Z</time>
        <name>208</name>
        <extensions>
          <speed_mps>17.882</speed_mps>
          <speed_mph>40.0</speed_mph>
        </extensions>
      </trkpt>
      <trkpt lat="52.0740208" lon="1.2596913">
        <ele>0</ele>
        <time>2026-06-26T08:05:23.120Z</time>
        <name>209</name>
        <extensions>
          <speed_mps>17.882</speed_mps>
          <speed_mph>40.0</speed_mph>
        </extensions>
      </trkpt>
      <trkpt lat="52.0741890" lon="1.2596148">
        <ele>0</ele>
        <time>2026-06-26T08:05:23.495Z</time>
        <name>210</name>
        <extensions>
          <speed_mps>17.882</speed_mps>
          <speed_mph>40.0</speed_mph>
        </extensions>
      </trkpt>
      <trkpt lat="52.0743973" lon="1.2595582">
        <ele>0</ele>
        <time>2026-06-26T08:05:24.128Z</time>
        <name>211</name>
        <extensions>
          <speed_mps>17.882</speed_mps>
          <speed_mph>40.0</speed_mph>
        </extensions>
      </trkpt>
      <trkpt lat="52.0746755" lon="1.2595016">
        <ele>0</ele>
        <time>2026-06-26T08:05:25.191Z</time>
        <name>212</name>
        <extensions>
          <speed_mps>17.882</speed_mps>
          <speed_mph>40.0</speed_mph>
        </extensions>
      </trkpt>
      <trkpt lat="52.0751137" lon="1.2594550">
        <ele>0</ele>
        <time>2026-06-26T08:05:27.249Z</time>
        <name>213</name>
        <extensions>
          <speed_mps>17.882</speed_mps>
          <speed_mph>40.0</speed_mph>
        </extensions>
      </trkpt>
      <trkpt lat="52.0755519" lon="1.2593884">
        <ele>0</ele>
        <time>2026-06-26T08:05:29.302Z</time>
        <name>214</name>
        <extensions>
          <speed_mps>17.882</speed_mps>
          <speed_mph>40.0</speed_mph>
        </extensions>
      </trkpt>
      <trkpt lat="52.0759902" lon="1.2593019">
        <ele>0</ele>
        <time>2026-06-26T08:05:31.354Z</time>
        <name>215</name>
        <extensions>
          <speed_mps>17.882</speed_mps>
          <speed_mph>40.0</speed_mph>
        </extensions>
      </trkpt>
      <trkpt lat="52.0762884" lon="1.2591953">
        <ele>0</ele>
        <time>2026-06-26T08:05:32.538Z</time>
        <name>216</name>
        <extensions>
          <speed_mps>17.882</speed_mps>
          <speed_mph>40.0</speed_mph>
        </extensions>
      </trkpt>
      <trkpt lat="52.0765966" lon="1.2590987">
        <ele>0</ele>
        <time>2026-06-26T08:05:33.783Z</time>
        <name>217</name>
        <extensions>
          <speed_mps>17.882</speed_mps>
          <speed_mph>40.0</speed_mph>
        </extensions>
      </trkpt>
      <trkpt lat="52.0788048" lon="1.2587421">
        <ele>0</ele>
        <time>2026-06-26T08:05:46.882Z</time>
        <name>218</name>
        <extensions>
          <speed_mps>17.882</speed_mps>
          <speed_mph>40.0</speed_mph>
        </extensions>
      </trkpt>
      <trkpt lat="52.0790731" lon="1.2586255">
        <ele>0</ele>
        <time>2026-06-26T08:05:47.883Z</time>
        <name>219</name>
        <extensions>
          <speed_mps>17.882</speed_mps>
          <speed_mph>40.0</speed_mph>
        </extensions>
      </trkpt>
      <trkpt lat="52.0792413" lon="1.2585390">
        <ele>0</ele>
        <time>2026-06-26T08:05:48.257Z</time>
        <name>220</name>
        <extensions>
          <speed_mps>17.882</speed_mps>
          <speed_mph>40.0</speed_mph>
        </extensions>
      </trkpt>
      <trkpt lat="52.0803795" lon="1.2582724">
        <ele>0</ele>
        <time>2026-06-26T08:05:54.698Z</time>
        <name>221</name>
        <extensions>
          <speed_mps>17.882</speed_mps>
          <speed_mph>40.0</speed_mph>
        </extensions>
      </trkpt>
      <trkpt lat="52.0806677" lon="1.2581658">
        <ele>0</ele>
        <time>2026-06-26T08:05:55.820Z</time>
        <name>222</name>
        <extensions>
          <speed_mps>17.882</speed_mps>
          <speed_mph>40.0</speed_mph>
        </extensions>
      </trkpt>
      <trkpt lat="52.0820360" lon="1.2578492">
        <ele>0</ele>
        <time>2026-06-26T08:06:03.705Z</time>
        <name>223</name>
        <extensions>
          <speed_mps>17.882</speed_mps>
          <speed_mph>40.0</speed_mph>
        </extensions>
      </trkpt>
      <trkpt lat="52.0837342" lon="1.2573926">
        <ele>0</ele>
        <time>2026-06-26T08:06:13.693Z</time>
        <name>224</name>
        <extensions>
          <speed_mps>17.882</speed_mps>
          <speed_mph>40.0</speed_mph>
        </extensions>
      </trkpt>
      <trkpt lat="52.0838524" lon="1.2573061">
        <ele>0</ele>
        <time>2026-06-26T08:06:13.755Z</time>
        <name>225</name>
        <extensions>
          <speed_mps>17.882</speed_mps>
          <speed_mph>40.0</speed_mph>
        </extensions>
      </trkpt>
      <trkpt lat="52.0840506" lon="1.2571295">
        <ele>0</ele>
        <time>2026-06-26T08:06:14.412Z</time>
        <name>226</name>
        <extensions>
          <speed_mps>17.882</speed_mps>
          <speed_mph>40.0</speed_mph>
        </extensions>
      </trkpt>
      <trkpt lat="52.0841789" lon="1.2570029">
        <ele>0</ele>
        <time>2026-06-26T08:06:14.609Z</time>
        <name>227</name>
        <extensions>
          <speed_mps>17.882</speed_mps>
          <speed_mph>40.0</speed_mph>
        </extensions>
      </trkpt>
      <trkpt lat="52.0843071" lon="1.2568863">
        <ele>0</ele>
        <time>2026-06-26T08:06:14.778Z</time>
        <name>228</name>
        <extensions>
          <speed_mps>17.882</speed_mps>
          <speed_mph>40.0</speed_mph>
        </extensions>
      </trkpt>
      <trkpt lat="52.0845353" lon="1.2565697">
        <ele>0</ele>
        <time>2026-06-26T08:06:15.931Z</time>
        <name>229</name>
        <extensions>
          <speed_mps>17.882</speed_mps>
          <speed_mph>40.0</speed_mph>
        </extensions>
      </trkpt>
      <trkpt lat="52.0847335" lon="1.2563932">
        <ele>0</ele>
        <time>2026-06-26T08:06:16.588Z</time>
        <name>230</name>
        <extensions>
          <speed_mps>17.882</speed_mps>
          <speed_mph>40.0</speed_mph>
        </extensions>
      </trkpt>
      <trkpt lat="52.0848718" lon="1.2562966">
        <ele>0</ele>
        <time>2026-06-26T08:06:16.779Z</time>
        <name>231</name>
        <extensions>
          <speed_mps>17.882</speed_mps>
          <speed_mph>40.0</speed_mph>
        </extensions>
      </trkpt>
      <trkpt lat="52.0850000" lon="1.2561900">
        <ele>0</ele>
        <time>2026-06-26T08:06:16.925Z</time>
        <name>232</name>
        <extensions>
          <speed_mps>17.882</speed_mps>
          <speed_mph>40.0</speed_mph>
        </extensions>
      </trkpt>
      <trkpt lat="52.0850300" lon="1.2561800">
        <ele>0</ele>
        <time>2026-06-26T08:06:17.115Z</time>
        <name>233</name>
        <extensions>
          <speed_mps>17.882</speed_mps>
          <speed_mph>40.0</speed_mph>
        </extensions>
      </trkpt>
      <trkpt lat="52.0851500" lon="1.2561800">
        <ele>0</ele>
        <time>2026-06-26T08:06:17.861Z</time>
        <name>234</name>
        <extensions>
          <speed_mps>17.882</speed_mps>
          <speed_mph>40.0</speed_mph>
        </extensions>
      </trkpt>
      <trkpt lat="52.0851900" lon="1.2562200">
        <ele>0</ele>
        <time>2026-06-26T08:06:18.153Z</time>
        <name>235</name>
        <extensions>
          <speed_mps>17.882</speed_mps>
          <speed_mph>40.0</speed_mph>
        </extensions>
      </trkpt>
      <trkpt lat="52.0852200" lon="1.2562400">
        <ele>0</ele>
        <time>2026-06-26T08:06:18.355Z</time>
        <name>236</name>
        <extensions>
          <speed_mps>17.882</speed_mps>
          <speed_mph>40.0</speed_mph>
        </extensions>
      </trkpt>
      <trkpt lat="52.0852800" lon="1.2563000">
        <ele>0</ele>
        <time>2026-06-26T08:06:18.793Z</time>
        <name>237</name>
        <extensions>
          <speed_mps>17.882</speed_mps>
          <speed_mph>40.0</speed_mph>
        </extensions>
      </trkpt>
      <trkpt lat="52.0853300" lon="1.2563300">
        <ele>0</ele>
        <time>2026-06-26T08:06:19.124Z</time>
        <name>238</name>
        <extensions>
          <speed_mps>17.882</speed_mps>
          <speed_mph>40.0</speed_mph>
        </extensions>
      </trkpt>
      <trkpt lat="52.0854000" lon="1.2563600">
        <ele>0</ele>
        <time>2026-06-26T08:06:19.575Z</time>
        <name>239</name>
        <extensions>
          <speed_mps>17.882</speed_mps>
          <speed_mph>40.0</speed_mph>
        </extensions>
      </trkpt>
      <trkpt lat="52.0854300" lon="1.2563800">
        <ele>0</ele>
        <time>2026-06-26T08:06:19.776Z</time>
        <name>240</name>
        <extensions>
          <speed_mps>17.882</speed_mps>
          <speed_mph>40.0</speed_mph>
        </extensions>
      </trkpt>
      <trkpt lat="52.0854700" lon="1.2563900">
        <ele>0</ele>
        <time>2026-06-26T08:06:20.028Z</time>
        <name>241</name>
        <extensions>
          <speed_mps>17.882</speed_mps>
          <speed_mph>40.0</speed_mph>
        </extensions>
      </trkpt>
      <trkpt lat="52.0854900" lon="1.2563900">
        <ele>0</ele>
        <time>2026-06-26T08:06:20.152Z</time>
        <name>242</name>
        <extensions>
          <speed_mps>17.882</speed_mps>
          <speed_mph>40.0</speed_mph>
        </extensions>
      </trkpt>
      <trkpt lat="52.0855200" lon="1.2564000">
        <ele>0</ele>
        <time>2026-06-26T08:06:20.343Z</time>
        <name>243</name>
        <extensions>
          <speed_mps>17.882</speed_mps>
          <speed_mph>40.0</speed_mph>
        </extensions>
      </trkpt>
      <trkpt lat="52.0856200" lon="1.2564000">
        <ele>0</ele>
        <time>2026-06-26T08:06:20.964Z</time>
        <name>244</name>
        <extensions>
          <speed_mps>17.882</speed_mps>
          <speed_mph>40.0</speed_mph>
        </extensions>
      </trkpt>
      <trkpt lat="52.0872300" lon="1.2558400">
        <ele>0</ele>
        <time>2026-06-26T08:06:31.202Z</time>
        <name>245</name>
        <extensions>
          <speed_mps>17.882</speed_mps>
          <speed_mph>40.0</speed_mph>
        </extensions>
      </trkpt>
      <trkpt lat="52.0873400" lon="1.2558100">
        <ele>0</ele>
        <time>2026-06-26T08:06:31.896Z</time>
        <name>246</name>
        <extensions>
          <speed_mps>17.882</speed_mps>
          <speed_mph>40.0</speed_mph>
        </extensions>
      </trkpt>
      <trkpt lat="52.0878800" lon="1.2556200">
        <ele>0</ele>
        <time>2026-06-26T08:06:35.332Z</time>
        <name>247</name>
        <extensions>
          <speed_mps>17.882</speed_mps>
          <speed_mph>40.0</speed_mph>
        </extensions>
      </trkpt>
      <trkpt lat="52.0879000" lon="1.2556200">
        <ele>0</ele>
        <time>2026-06-26T08:06:35.456Z</time>
        <name>248</name>
        <extensions>
          <speed_mps>17.882</speed_mps>
          <speed_mph>40.0</speed_mph>
        </extensions>
      </trkpt>
      <trkpt lat="52.0879400" lon="1.2556000">
        <ele>0</ele>
        <time>2026-06-26T08:06:35.716Z</time>
        <name>249</name>
        <extensions>
          <speed_mps>17.882</speed_mps>
          <speed_mph>40.0</speed_mph>
        </extensions>
      </trkpt>
      <trkpt lat="52.0894700" lon="1.2550800">
        <ele>0</ele>
        <time>2026-06-26T08:06:45.436Z</time>
        <name>250</name>
        <extensions>
          <speed_mps>17.882</speed_mps>
          <speed_mph>40.0</speed_mph>
        </extensions>
      </trkpt>
      <trkpt lat="52.0899900" lon="1.2548800">
        <ele>0</ele>
        <time>2026-06-26T08:06:48.759Z</time>
        <name>251</name>
        <extensions>
          <speed_mps>17.882</speed_mps>
          <speed_mph>40.0</speed_mph>
        </extensions>
      </trkpt>
      <trkpt lat="52.0900600" lon="1.2548400">
        <ele>0</ele>
        <time>2026-06-26T08:06:49.220Z</time>
        <name>252</name>
        <extensions>
          <speed_mps>17.882</speed_mps>
          <speed_mph>40.0</speed_mph>
        </extensions>
      </trkpt>
      <trkpt lat="52.0901100" lon="1.2548200">
        <ele>0</ele>
        <time>2026-06-26T08:06:49.540Z</time>
        <name>253</name>
        <extensions>
          <speed_mps>17.882</speed_mps>
          <speed_mph>40.0</speed_mph>
        </extensions>
      </trkpt>
      <trkpt lat="52.0901200" lon="1.2548100">
        <ele>0</ele>
        <time>2026-06-26T08:06:49.613Z</time>
        <name>254</name>
        <extensions>
          <speed_mps>17.882</speed_mps>
          <speed_mph>40.0</speed_mph>
        </extensions>
      </trkpt>
      <trkpt lat="52.0901300" lon="1.2548100">
        <ele>0</ele>
        <time>2026-06-26T08:06:49.675Z</time>
        <name>255</name>
        <extensions>
          <speed_mps>17.882</speed_mps>
          <speed_mph>40.0</speed_mph>
        </extensions>
      </trkpt>
      <trkpt lat="52.0902100" lon="1.2547500">
        <ele>0</ele>
        <time>2026-06-26T08:06:50.223Z</time>
        <name>256</name>
        <extensions>
          <speed_mps>17.882</speed_mps>
          <speed_mph>40.0</speed_mph>
        </extensions>
      </trkpt>
      <trkpt lat="52.0902600" lon="1.2547000">
        <ele>0</ele>
        <time>2026-06-26T08:06:50.588Z</time>
        <name>257</name>
        <extensions>
          <speed_mps>17.882</speed_mps>
          <speed_mph>40.0</speed_mph>
        </extensions>
      </trkpt>
      <trkpt lat="52.0903200" lon="1.2546100">
        <ele>0</ele>
        <time>2026-06-26T08:06:51.096Z</time>
        <name>258</name>
        <extensions>
          <speed_mps>17.882</speed_mps>
          <speed_mph>40.0</speed_mph>
        </extensions>
      </trkpt>
      <trkpt lat="52.0903400" lon="1.2545400">
        <ele>0</ele>
        <time>2026-06-26T08:06:51.391Z</time>
        <name>259</name>
        <extensions>
          <speed_mps>17.882</speed_mps>
          <speed_mph>40.0</speed_mph>
        </extensions>
      </trkpt>
      <trkpt lat="52.0903600" lon="1.2545000">
        <ele>0</ele>
        <time>2026-06-26T08:06:51.588Z</time>
        <name>260</name>
        <extensions>
          <speed_mps>17.882</speed_mps>
          <speed_mph>40.0</speed_mph>
        </extensions>
      </trkpt>
      <trkpt lat="52.0903700" lon="1.2544500">
        <ele>0</ele>
        <time>2026-06-26T08:06:51.789Z</time>
        <name>261</name>
        <extensions>
          <speed_mps>17.882</speed_mps>
          <speed_mph>40.0</speed_mph>
        </extensions>
      </trkpt>
      <trkpt lat="52.0904000" lon="1.2544000">
        <ele>0</ele>
        <time>2026-06-26T08:06:52.056Z</time>
        <name>262</name>
        <extensions>
          <speed_mps>17.882</speed_mps>
          <speed_mph>40.0</speed_mph>
        </extensions>
      </trkpt>
      <trkpt lat="52.0904800" lon="1.2543300">
        <ele>0</ele>
        <time>2026-06-26T08:06:52.621Z</time>
        <name>263</name>
        <extensions>
          <speed_mps>17.882</speed_mps>
          <speed_mph>40.0</speed_mph>
        </extensions>
      </trkpt>
      <trkpt lat="52.0905400" lon="1.2542900">
        <ele>0</ele>
        <time>2026-06-26T08:06:53.024Z</time>
        <name>264</name>
        <extensions>
          <speed_mps>17.882</speed_mps>
          <speed_mph>40.0</speed_mph>
        </extensions>
      </trkpt>
      <trkpt lat="52.0905800" lon="1.2542700">
        <ele>0</ele>
        <time>2026-06-26T08:06:53.284Z</time>
        <name>265</name>
        <extensions>
          <speed_mps>17.882</speed_mps>
          <speed_mph>40.0</speed_mph>
        </extensions>
      </trkpt>
      <trkpt lat="52.0906100" lon="1.2542600">
        <ele>0</ele>
        <time>2026-06-26T08:06:53.475Z</time>
        <name>266</name>
        <extensions>
          <speed_mps>17.882</speed_mps>
          <speed_mph>40.0</speed_mph>
        </extensions>
      </trkpt>
      <trkpt lat="52.0906700" lon="1.2542500">
        <ele>0</ele>
        <time>2026-06-26T08:06:53.850Z</time>
        <name>267</name>
        <extensions>
          <speed_mps>17.882</speed_mps>
          <speed_mph>40.0</speed_mph>
        </extensions>
      </trkpt>
      <trkpt lat="52.0907100" lon="1.2542600">
        <ele>0</ele>
        <time>2026-06-26T08:06:54.101Z</time>
        <name>268</name>
        <extensions>
          <speed_mps>17.882</speed_mps>
          <speed_mph>40.0</speed_mph>
        </extensions>
      </trkpt>
      <trkpt lat="52.0907300" lon="1.2542800">
        <ele>0</ele>
        <time>2026-06-26T08:06:54.247Z</time>
        <name>269</name>
        <extensions>
          <speed_mps>17.882</speed_mps>
          <speed_mph>40.0</speed_mph>
        </extensions>
      </trkpt>
      <trkpt lat="52.0907600" lon="1.2542900">
        <ele>0</ele>
        <time>2026-06-26T08:06:54.438Z</time>
        <name>270</name>
        <extensions>
          <speed_mps>17.882</speed_mps>
          <speed_mph>40.0</speed_mph>
        </extensions>
      </trkpt>
      <trkpt lat="52.0908100" lon="1.2543300">
        <ele>0</ele>
        <time>2026-06-26T08:06:54.784Z</time>
        <name>271</name>
        <extensions>
          <speed_mps>17.882</speed_mps>
          <speed_mph>40.0</speed_mph>
        </extensions>
      </trkpt>
      <trkpt lat="52.0909400" lon="1.2543400">
        <ele>0</ele>
        <time>2026-06-26T08:06:55.594Z</time>
        <name>272</name>
        <extensions>
          <speed_mps>17.882</speed_mps>
          <speed_mph>40.0</speed_mph>
        </extensions>
      </trkpt>
      <trkpt lat="52.0910100" lon="1.2543300">
        <ele>0</ele>
        <time>2026-06-26T08:06:56.031Z</time>
        <name>273</name>
        <extensions>
          <speed_mps>17.882</speed_mps>
          <speed_mph>40.0</speed_mph>
        </extensions>
      </trkpt>
      <trkpt lat="52.0910400" lon="1.2543300">
        <ele>0</ele>
        <time>2026-06-26T08:06:56.217Z</time>
        <name>274</name>
        <extensions>
          <speed_mps>17.882</speed_mps>
          <speed_mph>40.0</speed_mph>
        </extensions>
      </trkpt>
      <trkpt lat="52.0911300" lon="1.2542900">
        <ele>0</ele>
        <time>2026-06-26T08:06:56.797Z</time>
        <name>275</name>
        <extensions>
          <speed_mps>17.882</speed_mps>
          <speed_mph>40.0</speed_mph>
        </extensions>
      </trkpt>
      <trkpt lat="52.0911900" lon="1.2542500">
        <ele>0</ele>
        <time>2026-06-26T08:06:57.200Z</time>
        <name>276</name>
        <extensions>
          <speed_mps>17.882</speed_mps>
          <speed_mph>40.0</speed_mph>
        </extensions>
      </trkpt>
      <trkpt lat="52.0912300" lon="1.2542300">
        <ele>0</ele>
        <time>2026-06-26T08:06:57.461Z</time>
        <name>277</name>
        <extensions>
          <speed_mps>17.882</speed_mps>
          <speed_mph>40.0</speed_mph>
        </extensions>
      </trkpt>
      <trkpt lat="52.0915600" lon="1.2540000">
        <ele>0</ele>
        <time>2026-06-26T08:06:59.693Z</time>
        <name>278</name>
        <extensions>
          <speed_mps>17.882</speed_mps>
          <speed_mph>40.0</speed_mph>
        </extensions>
      </trkpt>
      <trkpt lat="52.0917800" lon="1.2538100">
        <ele>0</ele>
        <time>2026-06-26T08:07:01.242Z</time>
        <name>279</name>
        <extensions>
          <speed_mps>17.882</speed_mps>
          <speed_mph>40.0</speed_mph>
        </extensions>
      </trkpt>
      <trkpt lat="52.0918600" lon="1.2537500">
        <ele>0</ele>
        <time>2026-06-26T08:07:01.790Z</time>
        <name>280</name>
        <extensions>
          <speed_mps>17.882</speed_mps>
          <speed_mph>40.0</speed_mph>
        </extensions>
      </trkpt>
      <trkpt lat="52.0919800" lon="1.2536400">
        <ele>0</ele>
        <time>2026-06-26T08:07:02.646Z</time>
        <name>281</name>
        <extensions>
          <speed_mps>17.882</speed_mps>
          <speed_mph>40.0</speed_mph>
        </extensions>
      </trkpt>
      <trkpt lat="52.0920200" lon="1.2536100">
        <ele>0</ele>
        <time>2026-06-26T08:07:02.920Z</time>
        <name>282</name>
        <extensions>
          <speed_mps>17.882</speed_mps>
          <speed_mph>40.0</speed_mph>
        </extensions>
      </trkpt>
      <trkpt lat="52.0922000" lon="1.2534400">
        <ele>0</ele>
        <time>2026-06-26T08:07:04.215Z</time>
        <name>283</name>
        <extensions>
          <speed_mps>17.882</speed_mps>
          <speed_mph>40.0</speed_mph>
        </extensions>
      </trkpt>
      <trkpt lat="52.0925000" lon="1.2531200">
        <ele>0</ele>
        <time>2026-06-26T08:07:06.445Z</time>
        <name>284</name>
        <extensions>
          <speed_mps>17.882</speed_mps>
          <speed_mph>40.0</speed_mph>
        </extensions>
      </trkpt>
      <trkpt lat="52.0926700" lon="1.2529100">
        <ele>0</ele>
        <time>2026-06-26T08:07:07.773Z</time>
        <name>285</name>
        <extensions>
          <speed_mps>17.882</speed_mps>
          <speed_mph>40.0</speed_mph>
        </extensions>
      </trkpt>
      <trkpt lat="52.0929200" lon="1.2525700">
        <ele>0</ele>
        <time>2026-06-26T08:07:09.799Z</time>
        <name>286</name>
        <extensions>
          <speed_mps>17.882</speed_mps>
          <speed_mph>40.0</speed_mph>
        </extensions>
      </trkpt>
      <trkpt lat="52.0931600" lon="1.2522100">
        <ele>0</ele>
        <time>2026-06-26T08:07:11.829Z</time>
        <name>287</name>
        <extensions>
          <speed_mps>17.882</speed_mps>
          <speed_mph>40.0</speed_mph>
        </extensions>
      </trkpt>
      <trkpt lat="52.0933700" lon="1.2518600">
        <ele>0</ele>
        <time>2026-06-26T08:07:13.699Z</time>
        <name>288</name>
        <extensions>
          <speed_mps>17.882</speed_mps>
          <speed_mph>40.0</speed_mph>
        </extensions>
      </trkpt>
      <trkpt lat="52.0939500" lon="1.2508100">
        <ele>0</ele>
        <time>2026-06-26T08:07:19.095Z</time>
        <name>289</name>
        <extensions>
          <speed_mps>17.882</speed_mps>
          <speed_mph>40.0</speed_mph>
        </extensions>
      </trkpt>
      <trkpt lat="52.0941400" lon="1.2504200">
        <ele>0</ele>
        <time>2026-06-26T08:07:20.997Z</time>
        <name>290</name>
        <extensions>
          <speed_mps>17.882</speed_mps>
          <speed_mph>40.0</speed_mph>
        </extensions>
      </trkpt>
      <trkpt lat="52.0942900" lon="1.2500600">
        <ele>0</ele>
        <time>2026-06-26T08:07:22.659Z</time>
        <name>291</name>
        <extensions>
          <speed_mps>17.882</speed_mps>
          <speed_mph>40.0</speed_mph>
        </extensions>
      </trkpt>
      <trkpt lat="52.0943800" lon="1.2498100">
        <ele>0</ele>
        <time>2026-06-26T08:07:23.767Z</time>
        <name>292</name>
        <extensions>
          <speed_mps>17.882</speed_mps>
          <speed_mph>40.0</speed_mph>
        </extensions>
      </trkpt>
      <trkpt lat="52.0944300" lon="1.2495800">
        <ele>0</ele>
        <time>2026-06-26T08:07:24.699Z</time>
        <name>293</name>
        <extensions>
          <speed_mps>17.882</speed_mps>
          <speed_mph>40.0</speed_mph>
        </extensions>
      </trkpt>
      <trkpt lat="52.0944300" lon="1.2495300">
        <ele>0</ele>
        <time>2026-06-26T08:07:24.891Z</time>
        <name>294</name>
        <extensions>
          <speed_mps>17.882</speed_mps>
          <speed_mph>40.0</speed_mph>
        </extensions>
      </trkpt>
      <trkpt lat="52.0944200" lon="1.2495100">
        <ele>0</ele>
        <time>2026-06-26T08:07:24.989Z</time>
        <name>295</name>
        <extensions>
          <speed_mps>17.882</speed_mps>
          <speed_mph>40.0</speed_mph>
        </extensions>
      </trkpt>
      <trkpt lat="52.0944200" lon="1.2493500">
        <ele>0</ele>
        <time>2026-06-26T08:07:25.601Z</time>
        <name>296</name>
        <extensions>
          <speed_mps>17.882</speed_mps>
          <speed_mph>40.0</speed_mph>
        </extensions>
      </trkpt>
      <trkpt lat="52.0944300" lon="1.2492900">
        <ele>0</ele>
        <time>2026-06-26T08:07:25.838Z</time>
        <name>297</name>
        <extensions>
          <speed_mps>17.882</speed_mps>
          <speed_mph>40.0</speed_mph>
        </extensions>
      </trkpt>
      <trkpt lat="52.0944500" lon="1.2492300">
        <ele>0</ele>
        <time>2026-06-26T08:07:26.099Z</time>
        <name>298</name>
        <extensions>
          <speed_mps>17.882</speed_mps>
          <speed_mph>40.0</speed_mph>
        </extensions>
      </trkpt>
      <trkpt lat="52.0944600" lon="1.2491700">
        <ele>0</ele>
        <time>2026-06-26T08:07:26.337Z</time>
        <name>299</name>
        <extensions>
          <speed_mps>17.882</speed_mps>
          <speed_mph>40.0</speed_mph>
        </extensions>
      </trkpt>
      <trkpt lat="52.0944800" lon="1.2491300">
        <ele>0</ele>
        <time>2026-06-26T08:07:26.534Z</time>
        <name>300</name>
        <extensions>
          <speed_mps>17.882</speed_mps>
          <speed_mph>40.0</speed_mph>
        </extensions>
      </trkpt>
      <trkpt lat="52.0945500" lon="1.2490600">
        <ele>0</ele>
        <time>2026-06-26T08:07:27.045Z</time>
        <name>301</name>
        <extensions>
          <speed_mps>17.882</speed_mps>
          <speed_mph>40.0</speed_mph>
        </extensions>
      </trkpt>
      <trkpt lat="52.0946100" lon="1.2490200">
        <ele>0</ele>
        <time>2026-06-26T08:07:27.448Z</time>
        <name>302</name>
        <extensions>
          <speed_mps>17.882</speed_mps>
          <speed_mph>40.0</speed_mph>
        </extensions>
      </trkpt>
      <trkpt lat="52.0946300" lon="1.2490000">
        <ele>0</ele>
        <time>2026-06-26T08:07:27.594Z</time>
        <name>303</name>
        <extensions>
          <speed_mps>17.882</speed_mps>
          <speed_mph>40.0</speed_mph>
        </extensions>
      </trkpt>
      <trkpt lat="52.0946500" lon="1.2489900">
        <ele>0</ele>
        <time>2026-06-26T08:07:27.724Z</time>
        <name>304</name>
        <extensions>
          <speed_mps>17.882</speed_mps>
          <speed_mph>40.0</speed_mph>
        </extensions>
      </trkpt>
      <trkpt lat="52.0947600" lon="1.2489900">
        <ele>0</ele>
        <time>2026-06-26T08:07:28.408Z</time>
        <name>305</name>
        <extensions>
          <speed_mps>17.882</speed_mps>
          <speed_mph>40.0</speed_mph>
        </extensions>
      </trkpt>
      <trkpt lat="52.0952900" lon="1.2487200">
        <ele>0</ele>
        <time>2026-06-26T08:07:31.862Z</time>
        <name>306</name>
        <extensions>
          <speed_mps>17.882</speed_mps>
          <speed_mph>40.0</speed_mph>
        </extensions>
      </trkpt>
      <trkpt lat="52.0953600" lon="1.2486900">
        <ele>0</ele>
        <time>2026-06-26T08:07:32.312Z</time>
        <name>307</name>
        <extensions>
          <speed_mps>17.882</speed_mps>
          <speed_mph>40.0</speed_mph>
        </extensions>
      </trkpt>
      <trkpt lat="52.0957600" lon="1.2484700">
        <ele>0</ele>
        <time>2026-06-26T08:07:34.938Z</time>
        <name>308</name>
        <extensions>
          <speed_mps>17.882</speed_mps>
          <speed_mph>40.0</speed_mph>
        </extensions>
      </trkpt>
      <trkpt lat="52.0962300" lon="1.2482400">
        <ele>0</ele>
        <time>2026-06-26T08:07:37.990Z</time>
        <name>309</name>
        <extensions>
          <speed_mps>17.882</speed_mps>
          <speed_mph>40.0</speed_mph>
        </extensions>
      </trkpt>
      <trkpt lat="52.0966100" lon="1.2480800">
        <ele>0</ele>
        <time>2026-06-26T08:07:40.430Z</time>
        <name>310</name>
        <extensions>
          <speed_mps>17.882</speed_mps>
          <speed_mph>40.0</speed_mph>
        </extensions>
      </trkpt>
      <trkpt lat="52.0969300" lon="1.2479700">
        <ele>0</ele>
        <time>2026-06-26T08:07:42.464Z</time>
        <name>311</name>
        <extensions>
          <speed_mps>17.882</speed_mps>
          <speed_mph>40.0</speed_mph>
        </extensions>
      </trkpt>
      <trkpt lat="52.0973100" lon="1.2478600">
        <ele>0</ele>
        <time>2026-06-26T08:07:44.864Z</time>
        <name>312</name>
        <extensions>
          <speed_mps>17.882</speed_mps>
          <speed_mph>40.0</speed_mph>
        </extensions>
      </trkpt>
      <trkpt lat="52.0978800" lon="1.2477500">
        <ele>0</ele>
        <time>2026-06-26T08:07:48.434Z</time>
        <name>313</name>
        <extensions>
          <speed_mps>17.882</speed_mps>
          <speed_mph>40.0</speed_mph>
        </extensions>
      </trkpt>
      <trkpt lat="52.0981900" lon="1.2477100">
        <ele>0</ele>
        <time>2026-06-26T08:07:50.367Z</time>
        <name>314</name>
        <extensions>
          <speed_mps>17.882</speed_mps>
          <speed_mph>40.0</speed_mph>
        </extensions>
      </trkpt>
      <trkpt lat="52.0984900" lon="1.2476900">
        <ele>0</ele>
        <time>2026-06-26T08:07:52.235Z</time>
        <name>315</name>
        <extensions>
          <speed_mps>17.882</speed_mps>
          <speed_mph>40.0</speed_mph>
        </extensions>
      </trkpt>
      <trkpt lat="52.0985200" lon="1.2476800">
        <ele>0</ele>
        <time>2026-06-26T08:07:52.425Z</time>
        <name>316</name>
        <extensions>
          <speed_mps>17.882</speed_mps>
          <speed_mph>40.0</speed_mph>
        </extensions>
      </trkpt>
      <trkpt lat="52.0989000" lon="1.2476800">
        <ele>0</ele>
        <time>2026-06-26T08:07:54.788Z</time>
        <name>317</name>
        <extensions>
          <speed_mps>17.882</speed_mps>
          <speed_mph>40.0</speed_mph>
        </extensions>
      </trkpt>
      <trkpt lat="52.0993000" lon="1.2477100">
        <ele>0</ele>
        <time>2026-06-26T08:07:57.278Z</time>
        <name>318</name>
        <extensions>
          <speed_mps>17.882</speed_mps>
          <speed_mph>40.0</speed_mph>
        </extensions>
      </trkpt>
      <trkpt lat="52.0994300" lon="1.2477300">
        <ele>0</ele>
        <time>2026-06-26T08:07:58.090Z</time>
        <name>319</name>
        <extensions>
          <speed_mps>17.882</speed_mps>
          <speed_mph>40.0</speed_mph>
        </extensions>
      </trkpt>
      <trkpt lat="52.0995600" lon="1.2477400">
        <ele>0</ele>
        <time>2026-06-26T08:07:58.899Z</time>
        <name>320</name>
        <extensions>
          <speed_mps>17.882</speed_mps>
          <speed_mph>40.0</speed_mph>
        </extensions>
      </trkpt>
      <trkpt lat="52.0996000" lon="1.2477500">
        <ele>0</ele>
        <time>2026-06-26T08:07:59.151Z</time>
        <name>321</name>
        <extensions>
          <speed_mps>17.882</speed_mps>
          <speed_mph>40.0</speed_mph>
        </extensions>
      </trkpt>
      <trkpt lat="52.0996900" lon="1.2477600">
        <ele>0</ele>
        <time>2026-06-26T08:07:59.712Z</time>
        <name>322</name>
        <extensions>
          <speed_mps>17.882</speed_mps>
          <speed_mph>40.0</speed_mph>
        </extensions>
      </trkpt>
      <trkpt lat="52.1000900" lon="1.2478400">
        <ele>0</ele>
        <time>2026-06-26T08:08:02.218Z</time>
        <name>323</name>
        <extensions>
          <speed_mps>17.882</speed_mps>
          <speed_mph>40.0</speed_mph>
        </extensions>
      </trkpt>
      <trkpt lat="52.1002400" lon="1.2478800">
        <ele>0</ele>
        <time>2026-06-26T08:08:03.163Z</time>
        <name>324</name>
        <extensions>
          <speed_mps>17.882</speed_mps>
          <speed_mph>40.0</speed_mph>
        </extensions>
      </trkpt>
      <trkpt lat="52.1003200" lon="1.2479100">
        <ele>0</ele>
        <time>2026-06-26T08:08:03.674Z</time>
        <name>325</name>
        <extensions>
          <speed_mps>17.882</speed_mps>
          <speed_mph>40.0</speed_mph>
        </extensions>
      </trkpt>
      <trkpt lat="52.1004000" lon="1.2479300">
        <ele>0</ele>
        <time>2026-06-26T08:08:04.177Z</time>
        <name>326</name>
        <extensions>
          <speed_mps>17.882</speed_mps>
          <speed_mph>40.0</speed_mph>
        </extensions>
      </trkpt>
      <trkpt lat="52.1005500" lon="1.2479800">
        <ele>0</ele>
        <time>2026-06-26T08:08:05.129Z</time>
        <name>327</name>
        <extensions>
          <speed_mps>17.882</speed_mps>
          <speed_mph>40.0</speed_mph>
        </extensions>
      </trkpt>
      <trkpt lat="52.1006300" lon="1.2480000">
        <ele>0</ele>
        <time>2026-06-26T08:08:05.632Z</time>
        <name>328</name>
        <extensions>
          <speed_mps>17.882</speed_mps>
          <speed_mph>40.0</speed_mph>
        </extensions>
      </trkpt>
      <trkpt lat="52.1008100" lon="1.2480700">
        <ele>0</ele>
        <time>2026-06-26T08:08:06.783Z</time>
        <name>329</name>
        <extensions>
          <speed_mps>17.882</speed_mps>
          <speed_mph>40.0</speed_mph>
        </extensions>
      </trkpt>
      <trkpt lat="52.1008500" lon="1.2480800">
        <ele>0</ele>
        <time>2026-06-26T08:08:07.035Z</time>
        <name>330</name>
        <extensions>
          <speed_mps>17.882</speed_mps>
          <speed_mph>40.0</speed_mph>
        </extensions>
      </trkpt>
      <trkpt lat="52.1010100" lon="1.2481400">
        <ele>0</ele>
        <time>2026-06-26T08:08:08.056Z</time>
        <name>331</name>
        <extensions>
          <speed_mps>17.882</speed_mps>
          <speed_mph>40.0</speed_mph>
        </extensions>
      </trkpt>
      <trkpt lat="52.1010200" lon="1.2481500">
        <ele>0</ele>
        <time>2026-06-26T08:08:08.129Z</time>
        <name>332</name>
        <extensions>
          <speed_mps>17.882</speed_mps>
          <speed_mph>40.0</speed_mph>
        </extensions>
      </trkpt>
      <trkpt lat="52.1011000" lon="1.2481800">
        <ele>0</ele>
        <time>2026-06-26T08:08:08.639Z</time>
        <name>333</name>
        <extensions>
          <speed_mps>17.882</speed_mps>
          <speed_mph>40.0</speed_mph>
        </extensions>
      </trkpt>
      <trkpt lat="52.1014600" lon="1.2483500">
        <ele>0</ele>
        <time>2026-06-26T08:08:10.970Z</time>
        <name>334</name>
        <extensions>
          <speed_mps>17.882</speed_mps>
          <speed_mph>40.0</speed_mph>
        </extensions>
      </trkpt>
      <trkpt lat="52.1018300" lon="1.2485500">
        <ele>0</ele>
        <time>2026-06-26T08:08:13.395Z</time>
        <name>335</name>
        <extensions>
          <speed_mps>17.882</speed_mps>
          <speed_mph>40.0</speed_mph>
        </extensions>
      </trkpt>
      <trkpt lat="52.1018400" lon="1.2485600">
        <ele>0</ele>
        <time>2026-06-26T08:08:13.468Z</time>
        <name>336</name>
        <extensions>
          <speed_mps>17.882</speed_mps>
          <speed_mph>40.0</speed_mph>
        </extensions>
      </trkpt>
      <trkpt lat="52.1018800" lon="1.2485800">
        <ele>0</ele>
        <time>2026-06-26T08:08:13.728Z</time>
        <name>337</name>
        <extensions>
          <speed_mps>17.882</speed_mps>
          <speed_mph>40.0</speed_mph>
        </extensions>
      </trkpt>
      <trkpt lat="52.1022800" lon="1.2488300">
        <ele>0</ele>
        <time>2026-06-26T08:08:16.393Z</time>
        <name>338</name>
        <extensions>
          <speed_mps>17.882</speed_mps>
          <speed_mph>40.0</speed_mph>
        </extensions>
      </trkpt>
      <trkpt lat="52.1025100" lon="1.2489900">
        <ele>0</ele>
        <time>2026-06-26T08:08:17.948Z</time>
        <name>339</name>
        <extensions>
          <speed_mps>17.882</speed_mps>
          <speed_mph>40.0</speed_mph>
        </extensions>
      </trkpt>
      <trkpt lat="52.1030300" lon="1.2494000">
        <ele>0</ele>
        <time>2026-06-26T08:08:21.541Z</time>
        <name>340</name>
        <extensions>
          <speed_mps>17.882</speed_mps>
          <speed_mph>40.0</speed_mph>
        </extensions>
      </trkpt>
      <trkpt lat="52.1033000" lon="1.2496500">
        <ele>0</ele>
        <time>2026-06-26T08:08:23.473Z</time>
        <name>341</name>
        <extensions>
          <speed_mps>17.882</speed_mps>
          <speed_mph>40.0</speed_mph>
        </extensions>
      </trkpt>
      <trkpt lat="52.1033500" lon="1.2496900">
        <ele>0</ele>
        <time>2026-06-26T08:08:23.820Z</time>
        <name>342</name>
        <extensions>
          <speed_mps>17.882</speed_mps>
          <speed_mph>40.0</speed_mph>
        </extensions>
      </trkpt>
      <trkpt lat="52.1037400" lon="1.2500800">
        <ele>0</ele>
        <time>2026-06-26T08:08:26.666Z</time>
        <name>343</name>
        <extensions>
          <speed_mps>17.882</speed_mps>
          <speed_mph>40.0</speed_mph>
        </extensions>
      </trkpt>
      <trkpt lat="52.1041000" lon="1.2504800">
        <ele>0</ele>
        <time>2026-06-26T08:08:29.377Z</time>
        <name>344</name>
        <extensions>
          <speed_mps>17.882</speed_mps>
          <speed_mph>40.0</speed_mph>
        </extensions>
      </trkpt>
      <trkpt lat="52.1044700" lon="1.2509300">
        <ele>0</ele>
        <time>2026-06-26T08:08:32.249Z</time>
        <name>345</name>
        <extensions>
          <speed_mps>17.882</speed_mps>
          <speed_mph>40.0</speed_mph>
        </extensions>
      </trkpt>
      <trkpt lat="52.1047200" lon="1.2512600">
        <ele>0</ele>
        <time>2026-06-26T08:08:34.251Z</time>
        <name>346</name>
        <extensions>
          <speed_mps>17.882</speed_mps>
          <speed_mph>40.0</speed_mph>
        </extensions>
      </trkpt>
      <trkpt lat="52.1049700" lon="1.2516200">
        <ele>0</ele>
        <time>2026-06-26T08:08:36.327Z</time>
        <name>347</name>
        <extensions>
          <speed_mps>17.882</speed_mps>
          <speed_mph>40.0</speed_mph>
        </extensions>
      </trkpt>
      <trkpt lat="52.1052600" lon="1.2520800">
        <ele>0</ele>
        <time>2026-06-26T08:08:38.846Z</time>
        <name>348</name>
        <extensions>
          <speed_mps>17.882</speed_mps>
          <speed_mph>40.0</speed_mph>
        </extensions>
      </trkpt>
      <trkpt lat="52.1056500" lon="1.2527400">
        <ele>0</ele>
        <time>2026-06-26T08:08:42.345Z</time>
        <name>349</name>
        <extensions>
          <speed_mps>17.882</speed_mps>
          <speed_mph>40.0</speed_mph>
        </extensions>
      </trkpt>
      <trkpt lat="52.1061300" lon="1.2536900">
        <ele>0</ele>
        <time>2026-06-26T08:08:47.045Z</time>
        <name>350</name>
        <extensions>
          <speed_mps>17.882</speed_mps>
          <speed_mph>40.0</speed_mph>
        </extensions>
      </trkpt>
      <trkpt lat="52.1062600" lon="1.2539700">
        <ele>0</ele>
        <time>2026-06-26T08:08:48.386Z</time>
        <name>351</name>
        <extensions>
          <speed_mps>17.882</speed_mps>
          <speed_mph>40.0</speed_mph>
        </extensions>
      </trkpt>
      <trkpt lat="52.1067300" lon="1.2551900">
        <ele>0</ele>
        <time>2026-06-26T08:08:53.888Z</time>
        <name>352</name>
        <extensions>
          <speed_mps>17.882</speed_mps>
          <speed_mph>40.0</speed_mph>
        </extensions>
      </trkpt>
      <trkpt lat="52.1067400" lon="1.2552300">
        <ele>0</ele>
        <time>2026-06-26T08:08:54.053Z</time>
        <name>353</name>
        <extensions>
          <speed_mps>17.882</speed_mps>
          <speed_mph>40.0</speed_mph>
        </extensions>
      </trkpt>
      <trkpt lat="52.1068300" lon="1.2554800">
        <ele>0</ele>
        <time>2026-06-26T08:08:55.160Z</time>
        <name>354</name>
        <extensions>
          <speed_mps>17.882</speed_mps>
          <speed_mph>40.0</speed_mph>
        </extensions>
      </trkpt>
      <trkpt lat="52.1070700" lon="1.2562500">
        <ele>0</ele>
        <time>2026-06-26T08:08:58.460Z</time>
        <name>355</name>
        <extensions>
          <speed_mps>17.882</speed_mps>
          <speed_mph>40.0</speed_mph>
        </extensions>
      </trkpt>
      <trkpt lat="52.1073500" lon="1.2573400">
        <ele>0</ele>
        <time>2026-06-26T08:09:02.974Z</time>
        <name>356</name>
        <extensions>
          <speed_mps>17.882</speed_mps>
          <speed_mph>40.0</speed_mph>
        </extensions>
      </trkpt>
      <trkpt lat="52.1073500" lon="1.2573600">
        <ele>0</ele>
        <time>2026-06-26T08:09:03.051Z</time>
        <name>357</name>
        <extensions>
          <speed_mps>17.882</speed_mps>
          <speed_mph>40.0</speed_mph>
        </extensions>
      </trkpt>
      <trkpt lat="52.1086900" lon="1.2634500">
        <ele>0</ele>
        <time>2026-06-26T08:09:27.769Z</time>
        <name>358</name>
        <extensions>
          <speed_mps>17.882</speed_mps>
          <speed_mph>40.0</speed_mph>
        </extensions>
      </trkpt>
      <trkpt lat="52.1088400" lon="1.2643000">
        <ele>0</ele>
        <time>2026-06-26T08:09:31.149Z</time>
        <name>359</name>
        <extensions>
          <speed_mps>17.882</speed_mps>
          <speed_mph>40.0</speed_mph>
        </extensions>
      </trkpt>
      <trkpt lat="52.1088600" lon="1.2644800">
        <ele>0</ele>
        <time>2026-06-26T08:09:31.848Z</time>
        <name>360</name>
        <extensions>
          <speed_mps>17.882</speed_mps>
          <speed_mph>40.0</speed_mph>
        </extensions>
      </trkpt>
      <trkpt lat="52.1088800" lon="1.2645800">
        <ele>0</ele>
        <time>2026-06-26T08:09:32.250Z</time>
        <name>361</name>
        <extensions>
          <speed_mps>17.882</speed_mps>
          <speed_mph>40.0</speed_mph>
        </extensions>
      </trkpt>
      <trkpt lat="52.1090400" lon="1.2659100">
        <ele>0</ele>
        <time>2026-06-26T08:09:37.428Z</time>
        <name>362</name>
        <extensions>
          <speed_mps>17.882</speed_mps>
          <speed_mph>40.0</speed_mph>
        </extensions>
      </trkpt>
      <trkpt lat="52.1090400" lon="1.2660200">
        <ele>0</ele>
        <time>2026-06-26T08:09:37.849Z</time>
        <name>363</name>
        <extensions>
          <speed_mps>17.882</speed_mps>
          <speed_mph>40.0</speed_mph>
        </extensions>
      </trkpt>
      <trkpt lat="52.1091100" lon="1.2667500">
        <ele>0</ele>
        <time>2026-06-26T08:09:40.672Z</time>
        <name>364</name>
        <extensions>
          <speed_mps>17.882</speed_mps>
          <speed_mph>40.0</speed_mph>
        </extensions>
      </trkpt>
      <trkpt lat="52.1091800" lon="1.2672900">
        <ele>0</ele>
        <time>2026-06-26T08:09:42.781Z</time>
        <name>365</name>
        <extensions>
          <speed_mps>17.882</speed_mps>
          <speed_mph>40.0</speed_mph>
        </extensions>
      </trkpt>
      <trkpt lat="52.1092100" lon="1.2674200">
        <ele>0</ele>
        <time>2026-06-26T08:09:43.311Z</time>
        <name>366</name>
        <extensions>
          <speed_mps>17.882</speed_mps>
          <speed_mph>40.0</speed_mph>
        </extensions>
      </trkpt>
      <trkpt lat="52.1092800" lon="1.2675800">
        <ele>0</ele>
        <time>2026-06-26T08:09:44.062Z</time>
        <name>367</name>
        <extensions>
          <speed_mps>17.882</speed_mps>
          <speed_mph>40.0</speed_mph>
        </extensions>
      </trkpt>
      <trkpt lat="52.1093200" lon="1.2676300">
        <ele>0</ele>
        <time>2026-06-26T08:09:44.376Z</time>
        <name>368</name>
        <extensions>
          <speed_mps>17.882</speed_mps>
          <speed_mph>40.0</speed_mph>
        </extensions>
      </trkpt>
      <trkpt lat="52.1093400" lon="1.2676700">
        <ele>0</ele>
        <time>2026-06-26T08:09:44.573Z</time>
        <name>369</name>
        <extensions>
          <speed_mps>17.882</speed_mps>
          <speed_mph>40.0</speed_mph>
        </extensions>
      </trkpt>
      <trkpt lat="52.1093800" lon="1.2677200">
        <ele>0</ele>
        <time>2026-06-26T08:09:44.886Z</time>
        <name>370</name>
        <extensions>
          <speed_mps>17.882</speed_mps>
          <speed_mph>40.0</speed_mph>
        </extensions>
      </trkpt>
      <trkpt lat="52.1094600" lon="1.2678900">
        <ele>0</ele>
        <time>2026-06-26T08:09:45.704Z</time>
        <name>371</name>
        <extensions>
          <speed_mps>17.882</speed_mps>
          <speed_mph>40.0</speed_mph>
        </extensions>
      </trkpt>
      <trkpt lat="52.1095300" lon="1.2681600">
        <ele>0</ele>
        <time>2026-06-26T08:09:46.824Z</time>
        <name>372</name>
        <extensions>
          <speed_mps>17.882</speed_mps>
          <speed_mph>40.0</speed_mph>
        </extensions>
      </trkpt>
      <trkpt lat="52.1095500" lon="1.2682600">
        <ele>0</ele>
        <time>2026-06-26T08:09:47.226Z</time>
        <name>373</name>
        <extensions>
          <speed_mps>17.882</speed_mps>
          <speed_mph>40.0</speed_mph>
        </extensions>
      </trkpt>
      <trkpt lat="52.1095800" lon="1.2683700">
        <ele>0</ele>
        <time>2026-06-26T08:09:47.686Z</time>
        <name>374</name>
        <extensions>
          <speed_mps>17.882</speed_mps>
          <speed_mph>40.0</speed_mph>
        </extensions>
      </trkpt>
      <trkpt lat="52.1096800" lon="1.2686400">
        <ele>0</ele>
        <time>2026-06-26T08:09:48.891Z</time>
        <name>375</name>
        <extensions>
          <speed_mps>17.882</speed_mps>
          <speed_mph>40.0</speed_mph>
        </extensions>
      </trkpt>
      <trkpt lat="52.1096900" lon="1.2686500">
        <ele>0</ele>
        <time>2026-06-26T08:09:48.964Z</time>
        <name>376</name>
        <extensions>
          <speed_mps>17.882</speed_mps>
          <speed_mph>40.0</speed_mph>
        </extensions>
      </trkpt>
      <trkpt lat="52.1097400" lon="1.2687500">
        <ele>0</ele>
        <time>2026-06-26T08:09:49.456Z</time>
        <name>377</name>
        <extensions>
          <speed_mps>17.882</speed_mps>
          <speed_mph>40.0</speed_mph>
        </extensions>
      </trkpt>
      <trkpt lat="52.1098700" lon="1.2689200">
        <ele>0</ele>
        <time>2026-06-26T08:09:50.493Z</time>
        <name>378</name>
        <extensions>
          <speed_mps>17.882</speed_mps>
          <speed_mph>40.0</speed_mph>
        </extensions>
      </trkpt>
      <trkpt lat="52.1099300" lon="1.2690100">
        <ele>0</ele>
        <time>2026-06-26T08:09:51.001Z</time>
        <name>379</name>
        <extensions>
          <speed_mps>17.882</speed_mps>
          <speed_mph>40.0</speed_mph>
        </extensions>
      </trkpt>
      <trkpt lat="52.1101900" lon="1.2693200">
        <ele>0</ele>
        <time>2026-06-26T08:09:53.005Z</time>
        <name>380</name>
        <extensions>
          <speed_mps>17.882</speed_mps>
          <speed_mph>40.0</speed_mph>
        </extensions>
      </trkpt>
      <trkpt lat="52.1102400" lon="1.2693900">
        <ele>0</ele>
        <time>2026-06-26T08:09:53.415Z</time>
        <name>381</name>
        <extensions>
          <speed_mps>17.882</speed_mps>
          <speed_mph>40.0</speed_mph>
        </extensions>
      </trkpt>
      <trkpt lat="52.1107800" lon="1.2699800">
        <ele>0</ele>
        <time>2026-06-26T08:09:57.460Z</time>
        <name>382</name>
        <extensions>
          <speed_mps>17.882</speed_mps>
          <speed_mph>40.0</speed_mph>
        </extensions>
      </trkpt>
      <trkpt lat="52.1127200" lon="1.2718700">
        <ele>0</ele>
        <time>2026-06-26T08:10:11.520Z</time>
        <name>383</name>
        <extensions>
          <speed_mps>17.882</speed_mps>
          <speed_mph>40.0</speed_mph>
        </extensions>
      </trkpt>
      <trkpt lat="52.1128000" lon="1.2719600">
        <ele>0</ele>
        <time>2026-06-26T08:10:12.124Z</time>
        <name>384</name>
        <extensions>
          <speed_mps>17.882</speed_mps>
          <speed_mph>40.0</speed_mph>
        </extensions>
      </trkpt>
      <trkpt lat="52.1133900" lon="1.2725400">
        <ele>0</ele>
        <time>2026-06-26T08:10:16.411Z</time>
        <name>385</name>
        <extensions>
          <speed_mps>17.882</speed_mps>
          <speed_mph>40.0</speed_mph>
        </extensions>
      </trkpt>
      <trkpt lat="52.1143900" lon="1.2735800">
        <ele>0</ele>
        <time>2026-06-26T08:10:23.790Z</time>
        <name>386</name>
        <extensions>
          <speed_mps>17.882</speed_mps>
          <speed_mph>40.0</speed_mph>
        </extensions>
      </trkpt>
      <trkpt lat="52.1175200" lon="1.2766800">
        <ele>0</ele>
        <time>2026-06-26T08:10:46.574Z</time>
        <name>387</name>
        <extensions>
          <speed_mps>17.882</speed_mps>
          <speed_mph>40.0</speed_mph>
        </extensions>
      </trkpt>
      <trkpt lat="52.1176000" lon="1.2767700">
        <ele>0</ele>
        <time>2026-06-26T08:10:47.179Z</time>
        <name>388</name>
        <extensions>
          <speed_mps>17.882</speed_mps>
          <speed_mph>40.0</speed_mph>
        </extensions>
      </trkpt>
      <trkpt lat="52.1182300" lon="1.2773600">
        <ele>0</ele>
        <time>2026-06-26T08:10:51.699Z</time>
        <name>389</name>
        <extensions>
          <speed_mps>17.882</speed_mps>
          <speed_mph>40.0</speed_mph>
        </extensions>
      </trkpt>
      <trkpt lat="52.1184300" lon="1.2775200">
        <ele>0</ele>
        <time>2026-06-26T08:10:53.085Z</time>
        <name>390</name>
        <extensions>
          <speed_mps>17.882</speed_mps>
          <speed_mph>40.0</speed_mph>
        </extensions>
      </trkpt>
      <trkpt lat="52.1186100" lon="1.2776500">
        <ele>0</ele>
        <time>2026-06-26T08:10:54.309Z</time>
        <name>391</name>
        <extensions>
          <speed_mps>17.882</speed_mps>
          <speed_mph>40.0</speed_mph>
        </extensions>
      </trkpt>
      <trkpt lat="52.1188500" lon="1.2778000">
        <ele>0</ele>
        <time>2026-06-26T08:10:55.908Z</time>
        <name>392</name>
        <extensions>
          <speed_mps>17.882</speed_mps>
          <speed_mph>40.0</speed_mph>
        </extensions>
      </trkpt>
      <trkpt lat="52.1189500" lon="1.2778500">
        <ele>0</ele>
        <time>2026-06-26T08:10:56.558Z</time>
        <name>393</name>
        <extensions>
          <speed_mps>17.882</speed_mps>
          <speed_mph>40.0</speed_mph>
        </extensions>
      </trkpt>
      <trkpt lat="52.1190700" lon="1.2779200">
        <ele>0</ele>
        <time>2026-06-26T08:10:57.351Z</time>
        <name>394</name>
        <extensions>
          <speed_mps>17.882</speed_mps>
          <speed_mph>40.0</speed_mph>
        </extensions>
      </trkpt>
      <trkpt lat="52.1191700" lon="1.2779700">
        <ele>0</ele>
        <time>2026-06-26T08:10:58.002Z</time>
        <name>395</name>
        <extensions>
          <speed_mps>17.882</speed_mps>
          <speed_mph>40.0</speed_mph>
        </extensions>
      </trkpt>
      <trkpt lat="52.1193200" lon="1.2780300">
        <ele>0</ele>
        <time>2026-06-26T08:10:58.962Z</time>
        <name>396</name>
        <extensions>
          <speed_mps>17.882</speed_mps>
          <speed_mph>40.0</speed_mph>
        </extensions>
      </trkpt>
      <trkpt lat="52.1193500" lon="1.2780500">
        <ele>0</ele>
        <time>2026-06-26T08:10:59.164Z</time>
        <name>397</name>
        <extensions>
          <speed_mps>17.882</speed_mps>
          <speed_mph>40.0</speed_mph>
        </extensions>
      </trkpt>
      <trkpt lat="52.1196500" lon="1.2781400">
        <ele>0</ele>
        <time>2026-06-26T08:11:01.061Z</time>
        <name>398</name>
        <extensions>
          <speed_mps>17.882</speed_mps>
          <speed_mph>40.0</speed_mph>
        </extensions>
      </trkpt>
      <trkpt lat="52.1197800" lon="1.2781600">
        <ele>0</ele>
        <time>2026-06-26T08:11:01.873Z</time>
        <name>399</name>
        <extensions>
          <speed_mps>17.882</speed_mps>
          <speed_mph>40.0</speed_mph>
        </extensions>
      </trkpt>
      <trkpt lat="52.1198200" lon="1.2781800">
        <ele>0</ele>
        <time>2026-06-26T08:11:02.133Z</time>
        <name>400</name>
        <extensions>
          <speed_mps>17.882</speed_mps>
          <speed_mph>40.0</speed_mph>
        </extensions>
      </trkpt>
      <trkpt lat="52.1200100" lon="1.2782300">
        <ele>0</ele>
        <time>2026-06-26T08:11:03.330Z</time>
        <name>401</name>
        <extensions>
          <speed_mps>17.882</speed_mps>
          <speed_mph>40.0</speed_mph>
        </extensions>
      </trkpt>
      <trkpt lat="52.1201200" lon="1.2782500">
        <ele>0</ele>
        <time>2026-06-26T08:11:04.018Z</time>
        <name>402</name>
        <extensions>
          <speed_mps>17.882</speed_mps>
          <speed_mph>40.0</speed_mph>
        </extensions>
      </trkpt>
      <trkpt lat="52.1206900" lon="1.2782600">
        <ele>0</ele>
        <time>2026-06-26T08:11:07.563Z</time>
        <name>403</name>
        <extensions>
          <speed_mps>17.882</speed_mps>
          <speed_mph>40.0</speed_mph>
        </extensions>
      </trkpt>
      <trkpt lat="52.1207600" lon="1.2782300">
        <ele>0</ele>
        <time>2026-06-26T08:11:08.013Z</time>
        <name>404</name>
        <extensions>
          <speed_mps>17.882</speed_mps>
          <speed_mph>40.0</speed_mph>
        </extensions>
      </trkpt>
      <trkpt lat="52.1209000" lon="1.2781200">
        <ele>0</ele>
        <time>2026-06-26T08:11:08.979Z</time>
        <name>405</name>
        <extensions>
          <speed_mps>17.882</speed_mps>
          <speed_mph>40.0</speed_mph>
        </extensions>
      </trkpt>
      <trkpt lat="52.1209200" lon="1.2781000">
        <ele>0</ele>
        <time>2026-06-26T08:11:09.125Z</time>
        <name>406</name>
        <extensions>
          <speed_mps>17.882</speed_mps>
          <speed_mph>40.0</speed_mph>
        </extensions>
      </trkpt>
      <trkpt lat="52.1209300" lon="1.2780800">
        <ele>0</ele>
        <time>2026-06-26T08:11:09.224Z</time>
        <name>407</name>
        <extensions>
          <speed_mps>17.882</speed_mps>
          <speed_mph>40.0</speed_mph>
        </extensions>
      </trkpt>
      <trkpt lat="52.1209600" lon="1.2780500">
        <ele>0</ele>
        <time>2026-06-26T08:11:09.443Z</time>
        <name>408</name>
        <extensions>
          <speed_mps>17.882</speed_mps>
          <speed_mph>40.0</speed_mph>
        </extensions>
      </trkpt>
      <trkpt lat="52.1209800" lon="1.2780400">
        <ele>0</ele>
        <time>2026-06-26T08:11:09.573Z</time>
        <name>409</name>
        <extensions>
          <speed_mps>17.882</speed_mps>
          <speed_mph>40.0</speed_mph>
        </extensions>
      </trkpt>
      <trkpt lat="52.1209900" lon="1.2780300">
        <ele>0</ele>
        <time>2026-06-26T08:11:09.646Z</time>
        <name>410</name>
        <extensions>
          <speed_mps>17.882</speed_mps>
          <speed_mph>40.0</speed_mph>
        </extensions>
      </trkpt>
      <trkpt lat="52.1210300" lon="1.2780100">
        <ele>0</ele>
        <time>2026-06-26T08:11:09.906Z</time>
        <name>411</name>
        <extensions>
          <speed_mps>17.882</speed_mps>
          <speed_mph>40.0</speed_mph>
        </extensions>
      </trkpt>
      <trkpt lat="52.1211000" lon="1.2780100">
        <ele>0</ele>
        <time>2026-06-26T08:11:10.341Z</time>
        <name>412</name>
        <extensions>
          <speed_mps>17.882</speed_mps>
          <speed_mph>40.0</speed_mph>
        </extensions>
      </trkpt>
      <trkpt lat="52.1211600" lon="1.2780400">
        <ele>0</ele>
        <time>2026-06-26T08:11:10.732Z</time>
        <name>413</name>
        <extensions>
          <speed_mps>17.882</speed_mps>
          <speed_mph>40.0</speed_mph>
        </extensions>
      </trkpt>
      <trkpt lat="52.1211800" lon="1.2780600">
        <ele>0</ele>
        <time>2026-06-26T08:11:10.878Z</time>
        <name>414</name>
        <extensions>
          <speed_mps>17.882</speed_mps>
          <speed_mph>40.0</speed_mph>
        </extensions>
      </trkpt>
      <trkpt lat="52.1211900" lon="1.2780600">
        <ele>0</ele>
        <time>2026-06-26T08:11:10.940Z</time>
        <name>415</name>
        <extensions>
          <speed_mps>17.882</speed_mps>
          <speed_mph>40.0</speed_mph>
        </extensions>
      </trkpt>
      <trkpt lat="52.1211900" lon="1.2780700">
        <ele>0</ele>
        <time>2026-06-26T08:11:10.978Z</time>
        <name>416</name>
        <extensions>
          <speed_mps>17.882</speed_mps>
          <speed_mph>40.0</speed_mph>
        </extensions>
      </trkpt>
      <trkpt lat="52.1212100" lon="1.2780900">
        <ele>0</ele>
        <time>2026-06-26T08:11:11.124Z</time>
        <name>417</name>
        <extensions>
          <speed_mps>17.882</speed_mps>
          <speed_mph>40.0</speed_mph>
        </extensions>
      </trkpt>
      <trkpt lat="52.1212100" lon="1.2781000">
        <ele>0</ele>
        <time>2026-06-26T08:11:11.162Z</time>
        <name>418</name>
        <extensions>
          <speed_mps>17.882</speed_mps>
          <speed_mph>40.0</speed_mph>
        </extensions>
      </trkpt>
      <trkpt lat="52.1212200" lon="1.2781100">
        <ele>0</ele>
        <time>2026-06-26T08:11:11.235Z</time>
        <name>419</name>
        <extensions>
          <speed_mps>17.882</speed_mps>
          <speed_mph>40.0</speed_mph>
        </extensions>
      </trkpt>
      <trkpt lat="52.1212300" lon="1.2781100">
        <ele>0</ele>
        <time>2026-06-26T08:11:11.297Z</time>
        <name>420</name>
        <extensions>
          <speed_mps>17.882</speed_mps>
          <speed_mph>40.0</speed_mph>
        </extensions>
      </trkpt>
      <trkpt lat="52.1213600" lon="1.2782000">
        <ele>0</ele>
        <time>2026-06-26T08:11:12.176Z</time>
        <name>421</name>
        <extensions>
          <speed_mps>17.882</speed_mps>
          <speed_mph>40.0</speed_mph>
        </extensions>
      </trkpt>
      <trkpt lat="52.1214000" lon="1.2782200">
        <ele>0</ele>
        <time>2026-06-26T08:11:12.436Z</time>
        <name>422</name>
        <extensions>
          <speed_mps>17.882</speed_mps>
          <speed_mph>40.0</speed_mph>
        </extensions>
      </trkpt>
      <trkpt lat="52.1214300" lon="1.2782500">
        <ele>0</ele>
        <time>2026-06-26T08:11:12.655Z</time>
        <name>423</name>
        <extensions>
          <speed_mps>17.882</speed_mps>
          <speed_mph>40.0</speed_mph>
        </extensions>
      </trkpt>
      <trkpt lat="52.1214800" lon="1.2782600">
        <ele>0</ele>
        <time>2026-06-26T08:11:12.968Z</time>
        <name>424</name>
        <extensions>
          <speed_mps>17.882</speed_mps>
          <speed_mph>40.0</speed_mph>
        </extensions>
      </trkpt>
      <trkpt lat="52.1215100" lon="1.2782700">
        <ele>0</ele>
        <time>2026-06-26T08:11:13.159Z</time>
        <name>425</name>
        <extensions>
          <speed_mps>17.882</speed_mps>
          <speed_mph>40.0</speed_mph>
        </extensions>
      </trkpt>
      <trkpt lat="52.1221600" lon="1.2782600">
        <ele>0</ele>
        <time>2026-06-26T08:11:17.201Z</time>
        <name>426</name>
        <extensions>
          <speed_mps>17.882</speed_mps>
          <speed_mph>40.0</speed_mph>
        </extensions>
      </trkpt>
      <trkpt lat="52.1224900" lon="1.2782800">
        <ele>0</ele>
        <time>2026-06-26T08:11:19.254Z</time>
        <name>427</name>
        <extensions>
          <speed_mps>17.882</speed_mps>
          <speed_mph>40.0</speed_mph>
        </extensions>
      </trkpt>
      <trkpt lat="52.1226300" lon="1.2783100">
        <ele>0</ele>
        <time>2026-06-26T08:11:20.132Z</time>
        <name>428</name>
        <extensions>
          <speed_mps>17.882</speed_mps>
          <speed_mph>40.0</speed_mph>
        </extensions>
      </trkpt>
      <trkpt lat="52.1227200" lon="1.2783200">
        <ele>0</ele>
        <time>2026-06-26T08:11:20.693Z</time>
        <name>429</name>
        <extensions>
          <speed_mps>17.882</speed_mps>
          <speed_mph>40.0</speed_mph>
        </extensions>
      </trkpt>
      <trkpt lat="52.1227900" lon="1.2783400">
        <ele>0</ele>
        <time>2026-06-26T08:11:21.135Z</time>
        <name>430</name>
        <extensions>
          <speed_mps>17.882</speed_mps>
          <speed_mph>40.0</speed_mph>
        </extensions>
      </trkpt>
      <trkpt lat="52.1228500" lon="1.2783500">
        <ele>0</ele>
        <time>2026-06-26T08:11:21.510Z</time>
        <name>431</name>
        <extensions>
          <speed_mps>17.882</speed_mps>
          <speed_mph>40.0</speed_mph>
        </extensions>
      </trkpt>
      <trkpt lat="52.1229100" lon="1.2783800">
        <ele>0</ele>
        <time>2026-06-26T08:11:21.901Z</time>
        <name>432</name>
        <extensions>
          <speed_mps>17.882</speed_mps>
          <speed_mph>40.0</speed_mph>
        </extensions>
      </trkpt>
      <trkpt lat="52.1230100" lon="1.2784000">
        <ele>0</ele>
        <time>2026-06-26T08:11:22.527Z</time>
        <name>433</name>
        <extensions>
          <speed_mps>17.882</speed_mps>
          <speed_mph>40.0</speed_mph>
        </extensions>
      </trkpt>
      <trkpt lat="52.1232600" lon="1.2785000">
        <ele>0</ele>
        <time>2026-06-26T08:11:24.128Z</time>
        <name>434</name>
        <extensions>
          <speed_mps>17.882</speed_mps>
          <speed_mph>40.0</speed_mph>
        </extensions>
      </trkpt>
      <trkpt lat="52.1236900" lon="1.2787300">
        <ele>0</ele>
        <time>2026-06-26T08:11:26.943Z</time>
        <name>435</name>
        <extensions>
          <speed_mps>17.882</speed_mps>
          <speed_mph>40.0</speed_mph>
        </extensions>
      </trkpt>
      <trkpt lat="52.1241600" lon="1.2790500">
        <ele>0</ele>
        <time>2026-06-26T08:11:30.111Z</time>
        <name>436</name>
        <extensions>
          <speed_mps>17.882</speed_mps>
          <speed_mph>40.0</speed_mph>
        </extensions>
      </trkpt>
      <trkpt lat="52.1242100" lon="1.2790900">
        <ele>0</ele>
        <time>2026-06-26T08:11:30.457Z</time>
        <name>437</name>
        <extensions>
          <speed_mps>17.882</speed_mps>
          <speed_mph>40.0</speed_mph>
        </extensions>
      </trkpt>
      <trkpt lat="52.1247400" lon="1.2794400">
        <ele>0</ele>
        <time>2026-06-26T08:11:34.014Z</time>
        <name>438</name>
        <extensions>
          <speed_mps>17.882</speed_mps>
          <speed_mph>40.0</speed_mph>
        </extensions>
      </trkpt>
      <trkpt lat="52.1260800" lon="1.2801900">
        <ele>0</ele>
        <time>2026-06-26T08:11:42.825Z</time>
        <name>439</name>
        <extensions>
          <speed_mps>17.882</speed_mps>
          <speed_mph>40.0</speed_mph>
        </extensions>
      </trkpt>
      <trkpt lat="52.1263700" lon="1.2803800">
        <ele>0</ele>
        <time>2026-06-26T08:11:44.769Z</time>
        <name>440</name>
        <extensions>
          <speed_mps>17.882</speed_mps>
          <speed_mph>40.0</speed_mph>
        </extensions>
      </trkpt>
      <trkpt lat="52.1267600" lon="1.2807000">
        <ele>0</ele>
        <time>2026-06-26T08:11:47.485Z</time>
        <name>441</name>
        <extensions>
          <speed_mps>17.882</speed_mps>
          <speed_mph>40.0</speed_mph>
        </extensions>
      </trkpt>
      <trkpt lat="52.1269300" lon="1.2808700">
        <ele>0</ele>
        <time>2026-06-26T08:11:48.725Z</time>
        <name>442</name>
        <extensions>
          <speed_mps>17.882</speed_mps>
          <speed_mph>40.0</speed_mph>
        </extensions>
      </trkpt>
      <trkpt lat="52.1272000" lon="1.2811700">
        <ele>0</ele>
        <time>2026-06-26T08:11:50.758Z</time>
        <name>443</name>
        <extensions>
          <speed_mps>17.882</speed_mps>
          <speed_mph>40.0</speed_mph>
        </extensions>
      </trkpt>
      <trkpt lat="52.1274300" lon="1.2814800">
        <ele>0</ele>
        <time>2026-06-26T08:11:52.615Z</time>
        <name>444</name>
        <extensions>
          <speed_mps>17.882</speed_mps>
          <speed_mph>40.0</speed_mph>
        </extensions>
      </trkpt>
      <trkpt lat="52.1276600" lon="1.2818400">
        <ele>0</ele>
        <time>2026-06-26T08:11:54.599Z</time>
        <name>445</name>
        <extensions>
          <speed_mps>17.882</speed_mps>
          <speed_mph>40.0</speed_mph>
        </extensions>
      </trkpt>
      <trkpt lat="52.1279000" lon="1.2823000">
        <ele>0</ele>
        <time>2026-06-26T08:11:56.904Z</time>
        <name>446</name>
        <extensions>
          <speed_mps>17.882</speed_mps>
          <speed_mph>40.0</speed_mph>
        </extensions>
      </trkpt>
      <trkpt lat="52.1281600" lon="1.2828800">
        <ele>0</ele>
        <time>2026-06-26T08:11:59.647Z</time>
        <name>447</name>
        <extensions>
          <speed_mps>17.882</speed_mps>
          <speed_mph>40.0</speed_mph>
        </extensions>
      </trkpt>
      <trkpt lat="52.1283200" lon="1.2832800">
        <ele>0</ele>
        <time>2026-06-26T08:12:01.470Z</time>
        <name>448</name>
        <extensions>
          <speed_mps>17.882</speed_mps>
          <speed_mph>40.0</speed_mph>
        </extensions>
      </trkpt>
      <trkpt lat="52.1283400" lon="1.2833600">
        <ele>0</ele>
        <time>2026-06-26T08:12:01.800Z</time>
        <name>449</name>
        <extensions>
          <speed_mps>17.882</speed_mps>
          <speed_mph>40.0</speed_mph>
        </extensions>
      </trkpt>
      <trkpt lat="52.1283800" lon="1.2834700">
        <ele>0</ele>
        <time>2026-06-26T08:12:02.288Z</time>
        <name>450</name>
        <extensions>
          <speed_mps>17.882</speed_mps>
          <speed_mph>40.0</speed_mph>
        </extensions>
      </trkpt>
      <trkpt lat="52.1284200" lon="1.2835600">
        <ele>0</ele>
        <time>2026-06-26T08:12:02.713Z</time>
        <name>451</name>
        <extensions>
          <speed_mps>17.882</speed_mps>
          <speed_mph>40.0</speed_mph>
        </extensions>
      </trkpt>
      <trkpt lat="52.1285400" lon="1.2838900">
        <ele>0</ele>
        <time>2026-06-26T08:12:04.177Z</time>
        <name>452</name>
        <extensions>
          <speed_mps>17.882</speed_mps>
          <speed_mph>40.0</speed_mph>
        </extensions>
      </trkpt>
      <trkpt lat="52.1285500" lon="1.2839100">
        <ele>0</ele>
        <time>2026-06-26T08:12:04.276Z</time>
        <name>453</name>
        <extensions>
          <speed_mps>17.882</speed_mps>
          <speed_mph>40.0</speed_mph>
        </extensions>
      </trkpt>
      <trkpt lat="52.1285800" lon="1.2840100">
        <ele>0</ele>
        <time>2026-06-26T08:12:04.701Z</time>
        <name>454</name>
        <extensions>
          <speed_mps>17.882</speed_mps>
          <speed_mph>40.0</speed_mph>
        </extensions>
      </trkpt>
      <trkpt lat="52.1286300" lon="1.2841300">
        <ele>0</ele>
        <time>2026-06-26T08:12:05.255Z</time>
        <name>455</name>
        <extensions>
          <speed_mps>17.882</speed_mps>
          <speed_mph>40.0</speed_mph>
        </extensions>
      </trkpt>
      <trkpt lat="52.1289100" lon="1.2849200">
        <ele>0</ele>
        <time>2026-06-26T08:12:08.739Z</time>
        <name>456</name>
        <extensions>
          <speed_mps>17.882</speed_mps>
          <speed_mph>40.0</speed_mph>
        </extensions>
      </trkpt>
      <trkpt lat="52.1289700" lon="1.2850600">
        <ele>0</ele>
        <time>2026-06-26T08:12:09.391Z</time>
        <name>457</name>
        <extensions>
          <speed_mps>17.882</speed_mps>
          <speed_mph>40.0</speed_mph>
        </extensions>
      </trkpt>
      <trkpt lat="52.1290600" lon="1.2853300">
        <ele>0</ele>
        <time>2026-06-26T08:12:10.564Z</time>
        <name>458</name>
        <extensions>
          <speed_mps>17.882</speed_mps>
          <speed_mph>40.0</speed_mph>
        </extensions>
      </trkpt>
      <trkpt lat="52.1293400" lon="1.2860800">
        <ele>0</ele>
        <time>2026-06-26T08:12:13.916Z</time>
        <name>459</name>
        <extensions>
          <speed_mps>17.882</speed_mps>
          <speed_mph>40.0</speed_mph>
        </extensions>
      </trkpt>
      <trkpt lat="52.1293700" lon="1.2861800">
        <ele>0</ele>
        <time>2026-06-26T08:12:14.341Z</time>
        <name>460</name>
        <extensions>
          <speed_mps>17.882</speed_mps>
          <speed_mph>40.0</speed_mph>
        </extensions>
      </trkpt>
      <trkpt lat="52.1300800" lon="1.2880600">
        <ele>0</ele>
        <time>2026-06-26T08:12:22.771Z</time>
        <name>461</name>
        <extensions>
          <speed_mps>17.882</speed_mps>
          <speed_mph>40.0</speed_mph>
        </extensions>
      </trkpt>
      <trkpt lat="52.1303900" lon="1.2887200">
        <ele>0</ele>
        <time>2026-06-26T08:12:25.944Z</time>
        <name>462</name>
        <extensions>
          <speed_mps>17.882</speed_mps>
          <speed_mph>40.0</speed_mph>
        </extensions>
      </trkpt>
      <trkpt lat="52.1305500" lon="1.2890100">
        <ele>0</ele>
        <time>2026-06-26T08:12:27.433Z</time>
        <name>463</name>
        <extensions>
          <speed_mps>17.882</speed_mps>
          <speed_mph>40.0</speed_mph>
        </extensions>
      </trkpt>
      <trkpt lat="52.1305500" lon="1.2890200">
        <ele>0</ele>
        <time>2026-06-26T08:12:27.471Z</time>
        <name>464</name>
        <extensions>
          <speed_mps>17.882</speed_mps>
          <speed_mph>40.0</speed_mph>
        </extensions>
      </trkpt>
      <trkpt lat="52.1305800" lon="1.2890700">
        <ele>0</ele>
        <time>2026-06-26T08:12:27.738Z</time>
        <name>465</name>
        <extensions>
          <speed_mps>17.882</speed_mps>
          <speed_mph>40.0</speed_mph>
        </extensions>
      </trkpt>
      <trkpt lat="52.1306400" lon="1.2891900">
        <ele>0</ele>
        <time>2026-06-26T08:12:28.329Z</time>
        <name>466</name>
        <extensions>
          <speed_mps>17.882</speed_mps>
          <speed_mph>40.0</speed_mph>
        </extensions>
      </trkpt>
      <trkpt lat="52.1306600" lon="1.2892000">
        <ele>0</ele>
        <time>2026-06-26T08:12:28.459Z</time>
        <name>467</name>
        <extensions>
          <speed_mps>17.882</speed_mps>
          <speed_mph>40.0</speed_mph>
        </extensions>
      </trkpt>
      <trkpt lat="52.1306700" lon="1.2892200">
        <ele>0</ele>
        <time>2026-06-26T08:12:28.558Z</time>
        <name>468</name>
        <extensions>
          <speed_mps>17.882</speed_mps>
          <speed_mph>40.0</speed_mph>
        </extensions>
      </trkpt>
      <trkpt lat="52.1306900" lon="1.2892400">
        <ele>0</ele>
        <time>2026-06-26T08:12:28.704Z</time>
        <name>469</name>
        <extensions>
          <speed_mps>17.882</speed_mps>
          <speed_mph>40.0</speed_mph>
        </extensions>
      </trkpt>
      <trkpt lat="52.1307700" lon="1.2892800">
        <ele>0</ele>
        <time>2026-06-26T08:12:29.224Z</time>
        <name>470</name>
        <extensions>
          <speed_mps>17.882</speed_mps>
          <speed_mph>40.0</speed_mph>
        </extensions>
      </trkpt>
      <trkpt lat="52.1308700" lon="1.2893100">
        <ele>0</ele>
        <time>2026-06-26T08:12:29.856Z</time>
        <name>471</name>
        <extensions>
          <speed_mps>17.882</speed_mps>
          <speed_mph>40.0</speed_mph>
        </extensions>
      </trkpt>
      <trkpt lat="52.1309100" lon="1.2893000">
        <ele>0</ele>
        <time>2026-06-26T08:12:30.108Z</time>
        <name>472</name>
        <extensions>
          <speed_mps>17.882</speed_mps>
          <speed_mph>40.0</speed_mph>
        </extensions>
      </trkpt>
      <trkpt lat="52.1309400" lon="1.2893000">
        <ele>0</ele>
        <time>2026-06-26T08:12:30.294Z</time>
        <name>473</name>
        <extensions>
          <speed_mps>17.882</speed_mps>
          <speed_mph>40.0</speed_mph>
        </extensions>
      </trkpt>
      <trkpt lat="52.1310000" lon="1.2893200">
        <ele>0</ele>
        <time>2026-06-26T08:12:30.675Z</time>
        <name>474</name>
        <extensions>
          <speed_mps>17.882</speed_mps>
          <speed_mph>40.0</speed_mph>
        </extensions>
      </trkpt>
      <trkpt lat="52.1310300" lon="1.2893400">
        <ele>0</ele>
        <time>2026-06-26T08:12:30.877Z</time>
        <name>475</name>
        <extensions>
          <speed_mps>17.882</speed_mps>
          <speed_mph>40.0</speed_mph>
        </extensions>
      </trkpt>
      <trkpt lat="52.1310500" lon="1.2893700">
        <ele>0</ele>
        <time>2026-06-26T08:12:31.046Z</time>
        <name>476</name>
        <extensions>
          <speed_mps>17.882</speed_mps>
          <speed_mph>40.0</speed_mph>
        </extensions>
      </trkpt>
      <trkpt lat="52.1310800" lon="1.2894000">
        <ele>0</ele>
        <time>2026-06-26T08:12:31.265Z</time>
        <name>477</name>
        <extensions>
          <speed_mps>17.882</speed_mps>
          <speed_mph>40.0</speed_mph>
        </extensions>
      </trkpt>
      <trkpt lat="52.1311000" lon="1.2894400">
        <ele>0</ele>
        <time>2026-06-26T08:12:31.462Z</time>
        <name>478</name>
        <extensions>
          <speed_mps>17.882</speed_mps>
          <speed_mph>40.0</speed_mph>
        </extensions>
      </trkpt>
      <trkpt lat="52.1311200" lon="1.2894700">
        <ele>0</ele>
        <time>2026-06-26T08:12:31.631Z</time>
        <name>479</name>
        <extensions>
          <speed_mps>17.882</speed_mps>
          <speed_mph>40.0</speed_mph>
        </extensions>
      </trkpt>
      <trkpt lat="52.1311300" lon="1.2895200">
        <ele>0</ele>
        <time>2026-06-26T08:12:31.832Z</time>
        <name>480</name>
        <extensions>
          <speed_mps>17.882</speed_mps>
          <speed_mph>40.0</speed_mph>
        </extensions>
      </trkpt>
      <trkpt lat="52.1313000" lon="1.2898600">
        <ele>0</ele>
        <time>2026-06-26T08:12:33.506Z</time>
        <name>481</name>
        <extensions>
          <speed_mps>17.882</speed_mps>
          <speed_mph>40.0</speed_mph>
        </extensions>
      </trkpt>
      <trkpt lat="52.1314900" lon="1.2901700">
        <ele>0</ele>
        <time>2026-06-26T08:12:35.179Z</time>
        <name>482</name>
        <extensions>
          <speed_mps>17.882</speed_mps>
          <speed_mph>40.0</speed_mph>
        </extensions>
      </trkpt>
      <trkpt lat="52.1314900" lon="1.2901800">
        <ele>0</ele>
        <time>2026-06-26T08:12:35.217Z</time>
        <name>483</name>
        <extensions>
          <speed_mps>17.882</speed_mps>
          <speed_mph>40.0</speed_mph>
        </extensions>
      </trkpt>
      <trkpt lat="52.1316400" lon="1.2903600">
        <ele>0</ele>
        <time>2026-06-26T08:12:36.376Z</time>
        <name>484</name>
        <extensions>
          <speed_mps>17.882</speed_mps>
          <speed_mph>40.0</speed_mph>
        </extensions>
      </trkpt>
      <trkpt lat="52.1318000" lon="1.2904900">
        <ele>0</ele>
        <time>2026-06-26T08:12:37.488Z</time>
        <name>485</name>
        <extensions>
          <speed_mps>17.882</speed_mps>
          <speed_mph>40.0</speed_mph>
        </extensions>
      </trkpt>
      <trkpt lat="52.1318900" lon="1.2905500">
        <ele>0</ele>
        <time>2026-06-26T08:12:38.093Z</time>
        <name>486</name>
        <extensions>
          <speed_mps>17.882</speed_mps>
          <speed_mph>40.0</speed_mph>
        </extensions>
      </trkpt>
      <trkpt lat="52.1319900" lon="1.2906600">
        <ele>0</ele>
        <time>2026-06-26T08:12:38.843Z</time>
        <name>487</name>
        <extensions>
          <speed_mps>17.882</speed_mps>
          <speed_mph>40.0</speed_mph>
        </extensions>
      </trkpt>
      <trkpt lat="52.1324600" lon="1.2908900">
        <ele>0</ele>
        <time>2026-06-26T08:12:41.895Z</time>
        <name>488</name>
        <extensions>
          <speed_mps>17.882</speed_mps>
          <speed_mph>40.0</speed_mph>
        </extensions>
      </trkpt>
      <trkpt lat="52.1326600" lon="1.2909700">
        <ele>0</ele>
        <time>2026-06-26T08:12:43.176Z</time>
        <name>489</name>
        <extensions>
          <speed_mps>17.882</speed_mps>
          <speed_mph>40.0</speed_mph>
        </extensions>
      </trkpt>
      <trkpt lat="52.1328100" lon="1.2910200">
        <ele>0</ele>
        <time>2026-06-26T08:12:44.128Z</time>
        <name>490</name>
        <extensions>
          <speed_mps>17.882</speed_mps>
          <speed_mph>40.0</speed_mph>
        </extensions>
      </trkpt>
      <trkpt lat="52.1328300" lon="1.2910300">
        <ele>0</ele>
        <time>2026-06-26T08:12:44.258Z</time>
        <name>491</name>
        <extensions>
          <speed_mps>17.882</speed_mps>
          <speed_mph>40.0</speed_mph>
        </extensions>
      </trkpt>
      <trkpt lat="52.1340900" lon="1.2914200">
        <ele>0</ele>
        <time>2026-06-26T08:12:52.233Z</time>
        <name>492</name>
        <extensions>
          <speed_mps>17.882</speed_mps>
          <speed_mph>40.0</speed_mph>
        </extensions>
      </trkpt>
      <trkpt lat="52.1343700" lon="1.2914900">
        <ele>0</ele>
        <time>2026-06-26T08:12:53.995Z</time>
        <name>493</name>
        <extensions>
          <speed_mps>17.882</speed_mps>
          <speed_mph>40.0</speed_mph>
        </extensions>
      </trkpt>
      <trkpt lat="52.1376000" lon="1.2924500">
        <ele>0</ele>
        <time>2026-06-26T08:13:14.412Z</time>
        <name>494</name>
        <extensions>
          <speed_mps>17.882</speed_mps>
          <speed_mph>40.0</speed_mph>
        </extensions>
      </trkpt>
      <trkpt lat="52.1376100" lon="1.2924500">
        <ele>0</ele>
        <time>2026-06-26T08:13:14.474Z</time>
        <name>495</name>
        <extensions>
          <speed_mps>17.882</speed_mps>
          <speed_mph>40.0</speed_mph>
        </extensions>
      </trkpt>
      <trkpt lat="52.1388100" lon="1.2928000">
        <ele>0</ele>
        <time>2026-06-26T08:13:22.055Z</time>
        <name>496</name>
        <extensions>
          <speed_mps>17.882</speed_mps>
          <speed_mph>40.0</speed_mph>
        </extensions>
      </trkpt>
      <trkpt lat="52.1391400" lon="1.2929100">
        <ele>0</ele>
        <time>2026-06-26T08:13:24.150Z</time>
        <name>497</name>
        <extensions>
          <speed_mps>17.882</speed_mps>
          <speed_mph>40.0</speed_mph>
        </extensions>
      </trkpt>
      <trkpt lat="52.1393200" lon="1.2929600">
        <ele>0</ele>
        <time>2026-06-26T08:13:25.285Z</time>
        <name>498</name>
        <extensions>
          <speed_mps>17.882</speed_mps>
          <speed_mph>40.0</speed_mph>
        </extensions>
      </trkpt>
      <trkpt lat="52.1394000" lon="1.2929900">
        <ele>0</ele>
        <time>2026-06-26T08:13:25.796Z</time>
        <name>499</name>
        <extensions>
          <speed_mps>17.882</speed_mps>
          <speed_mph>40.0</speed_mph>
        </extensions>
      </trkpt>
      <trkpt lat="52.1397600" lon="1.2931600">
        <ele>0</ele>
        <time>2026-06-26T08:13:28.127Z</time>
        <name>500</name>
        <extensions>
          <speed_mps>17.882</speed_mps>
          <speed_mph>40.0</speed_mph>
        </extensions>
      </trkpt>
      <trkpt lat="52.1398600" lon="1.2932000">
        <ele>0</ele>
        <time>2026-06-26T08:13:28.767Z</time>
        <name>501</name>
        <extensions>
          <speed_mps>17.882</speed_mps>
          <speed_mph>40.0</speed_mph>
        </extensions>
      </trkpt>
      <trkpt lat="52.1405200" lon="1.2935700">
        <ele>0</ele>
        <time>2026-06-26T08:13:33.107Z</time>
        <name>502</name>
        <extensions>
          <speed_mps>17.882</speed_mps>
          <speed_mph>40.0</speed_mph>
        </extensions>
      </trkpt>
      <trkpt lat="52.1408800" lon="1.2938100">
        <ele>0</ele>
        <time>2026-06-26T08:13:35.526Z</time>
        <name>503</name>
        <extensions>
          <speed_mps>17.882</speed_mps>
          <speed_mph>40.0</speed_mph>
        </extensions>
      </trkpt>
      <trkpt lat="52.1414700" lon="1.2942600">
        <ele>0</ele>
        <time>2026-06-26T08:13:39.578Z</time>
        <name>504</name>
        <extensions>
          <speed_mps>17.882</speed_mps>
          <speed_mph>40.0</speed_mph>
        </extensions>
      </trkpt>
      <trkpt lat="52.1417700" lon="1.2945300">
        <ele>0</ele>
        <time>2026-06-26T08:13:41.709Z</time>
        <name>505</name>
        <extensions>
          <speed_mps>17.882</speed_mps>
          <speed_mph>40.0</speed_mph>
        </extensions>
      </trkpt>
      <trkpt lat="52.1419000" lon="1.2946000">
        <ele>0</ele>
        <time>2026-06-26T08:13:42.561Z</time>
        <name>506</name>
        <extensions>
          <speed_mps>17.882</speed_mps>
          <speed_mph>40.0</speed_mph>
        </extensions>
      </trkpt>
      <trkpt lat="52.1424800" lon="1.2952800">
        <ele>0</ele>
        <time>2026-06-26T08:13:47.005Z</time>
        <name>507</name>
        <extensions>
          <speed_mps>17.882</speed_mps>
          <speed_mph>40.0</speed_mph>
        </extensions>
      </trkpt>
      <trkpt lat="52.1429300" lon="1.2958900">
        <ele>0</ele>
        <time>2026-06-26T08:13:50.645Z</time>
        <name>508</name>
        <extensions>
          <speed_mps>17.882</speed_mps>
          <speed_mph>40.0</speed_mph>
        </extensions>
      </trkpt>
      <trkpt lat="52.1448900" lon="1.2988200">
        <ele>0</ele>
        <time>2026-06-26T08:14:07.190Z</time>
        <name>509</name>
        <extensions>
          <speed_mps>17.882</speed_mps>
          <speed_mph>40.0</speed_mph>
        </extensions>
      </trkpt>
      <trkpt lat="52.1449500" lon="1.2988900">
        <ele>0</ele>
        <time>2026-06-26T08:14:07.649Z</time>
        <name>510</name>
        <extensions>
          <speed_mps>17.882</speed_mps>
          <speed_mph>40.0</speed_mph>
        </extensions>
      </trkpt>
      <trkpt lat="52.1452700" lon="1.2994100">
        <ele>0</ele>
        <time>2026-06-26T08:14:10.460Z</time>
        <name>511</name>
        <extensions>
          <speed_mps>17.882</speed_mps>
          <speed_mph>40.0</speed_mph>
        </extensions>
      </trkpt>
      <trkpt lat="52.1456600" lon="1.3001100">
        <ele>0</ele>
        <time>2026-06-26T08:14:14.069Z</time>
        <name>512</name>
        <extensions>
          <speed_mps>17.882</speed_mps>
          <speed_mph>40.0</speed_mph>
        </extensions>
      </trkpt>
      <trkpt lat="52.1459800" lon="1.3007300">
        <ele>0</ele>
        <time>2026-06-26T08:14:17.161Z</time>
        <name>513</name>
        <extensions>
          <speed_mps>17.882</speed_mps>
          <speed_mph>40.0</speed_mph>
        </extensions>
      </trkpt>
      <trkpt lat="52.1462900" lon="1.3014600">
        <ele>0</ele>
        <time>2026-06-26T08:14:20.550Z</time>
        <name>514</name>
        <extensions>
          <speed_mps>17.882</speed_mps>
          <speed_mph>40.0</speed_mph>
        </extensions>
      </trkpt>
      <trkpt lat="52.1466600" lon="1.3025000">
        <ele>0</ele>
        <time>2026-06-26T08:14:25.139Z</time>
        <name>515</name>
        <extensions>
          <speed_mps>17.882</speed_mps>
          <speed_mph>40.0</speed_mph>
        </extensions>
      </trkpt>
      <trkpt lat="52.1469600" lon="1.3034900">
        <ele>0</ele>
        <time>2026-06-26T08:14:29.354Z</time>
        <name>516</name>
        <extensions>
          <speed_mps>17.882</speed_mps>
          <speed_mph>40.0</speed_mph>
        </extensions>
      </trkpt>
      <trkpt lat="52.1470300" lon="1.3037600">
        <ele>0</ele>
        <time>2026-06-26T08:14:30.473Z</time>
        <name>517</name>
        <extensions>
          <speed_mps>17.882</speed_mps>
          <speed_mph>40.0</speed_mph>
        </extensions>
      </trkpt>
      <trkpt lat="52.1472700" lon="1.3048400">
        <ele>0</ele>
        <time>2026-06-26T08:14:34.858Z</time>
        <name>518</name>
        <extensions>
          <speed_mps>17.882</speed_mps>
          <speed_mph>40.0</speed_mph>
        </extensions>
      </trkpt>
      <trkpt lat="52.1473600" lon="1.3054000">
        <ele>0</ele>
        <time>2026-06-26T08:14:37.068Z</time>
        <name>519</name>
        <extensions>
          <speed_mps>17.882</speed_mps>
          <speed_mph>40.0</speed_mph>
        </extensions>
      </trkpt>
      <trkpt lat="52.1475200" lon="1.3066600">
        <ele>0</ele>
        <time>2026-06-26T08:14:41.981Z</time>
        <name>520</name>
        <extensions>
          <speed_mps>17.882</speed_mps>
          <speed_mph>40.0</speed_mph>
        </extensions>
      </trkpt>
      <trkpt lat="52.1475500" lon="1.3072000">
        <ele>0</ele>
        <time>2026-06-26T08:14:44.051Z</time>
        <name>521</name>
        <extensions>
          <speed_mps>17.882</speed_mps>
          <speed_mph>40.0</speed_mph>
        </extensions>
      </trkpt>
      <trkpt lat="52.1475200" lon="1.3073200">
        <ele>0</ele>
        <time>2026-06-26T08:14:44.546Z</time>
        <name>522</name>
        <extensions>
          <speed_mps>17.882</speed_mps>
          <speed_mph>40.0</speed_mph>
        </extensions>
      </trkpt>
      <trkpt lat="52.1475500" lon="1.3075300">
        <ele>0</ele>
        <time>2026-06-26T08:14:45.369Z</time>
        <name>523</name>
        <extensions>
          <speed_mps>17.882</speed_mps>
          <speed_mph>40.0</speed_mph>
        </extensions>
      </trkpt>
      <trkpt lat="52.1476900" lon="1.3095200">
        <ele>0</ele>
        <time>2026-06-26T08:14:53.016Z</time>
        <name>524</name>
        <extensions>
          <speed_mps>17.882</speed_mps>
          <speed_mph>40.0</speed_mph>
        </extensions>
      </trkpt>
      <trkpt lat="52.1477500" lon="1.3097600">
        <ele>0</ele>
        <time>2026-06-26T08:14:54.006Z</time>
        <name>525</name>
        <extensions>
          <speed_mps>17.882</speed_mps>
          <speed_mph>40.0</speed_mph>
        </extensions>
      </trkpt>
      <trkpt lat="52.1479500" lon="1.3113800">
        <ele>0</ele>
        <time>2026-06-26T08:15:00.314Z</time>
        <name>526</name>
        <extensions>
          <speed_mps>17.882</speed_mps>
          <speed_mph>40.0</speed_mph>
        </extensions>
      </trkpt>
      <trkpt lat="52.1482000" lon="1.3128300">
        <ele>0</ele>
        <time>2026-06-26T08:15:06.064Z</time>
        <name>527</name>
        <extensions>
          <speed_mps>17.882</speed_mps>
          <speed_mph>40.0</speed_mph>
        </extensions>
      </trkpt>
      <trkpt lat="52.1482600" lon="1.3131200">
        <ele>0</ele>
        <time>2026-06-26T08:15:07.233Z</time>
        <name>528</name>
        <extensions>
          <speed_mps>17.882</speed_mps>
          <speed_mph>40.0</speed_mph>
        </extensions>
      </trkpt>
      <trkpt lat="52.1482600" lon="1.3131600">
        <ele>0</ele>
        <time>2026-06-26T08:15:07.386Z</time>
        <name>529</name>
        <extensions>
          <speed_mps>17.882</speed_mps>
          <speed_mph>40.0</speed_mph>
        </extensions>
      </trkpt>
      <trkpt lat="52.1484000" lon="1.3137900">
        <ele>0</ele>
        <time>2026-06-26T08:15:09.943Z</time>
        <name>530</name>
        <extensions>
          <speed_mps>17.882</speed_mps>
          <speed_mph>40.0</speed_mph>
        </extensions>
      </trkpt>
      <trkpt lat="52.1487300" lon="1.3151000">
        <ele>0</ele>
        <time>2026-06-26T08:15:15.349Z</time>
        <name>531</name>
        <extensions>
          <speed_mps>17.882</speed_mps>
          <speed_mph>40.0</speed_mph>
        </extensions>
      </trkpt>
      <trkpt lat="52.1488300" lon="1.3154100">
        <ele>0</ele>
        <time>2026-06-26T08:15:16.686Z</time>
        <name>532</name>
        <extensions>
          <speed_mps>17.882</speed_mps>
          <speed_mph>40.0</speed_mph>
        </extensions>
      </trkpt>
      <trkpt lat="52.1488800" lon="1.3156000">
        <ele>0</ele>
        <time>2026-06-26T08:15:17.476Z</time>
        <name>533</name>
        <extensions>
          <speed_mps>17.882</speed_mps>
          <speed_mph>40.0</speed_mph>
        </extensions>
      </trkpt>
      <trkpt lat="52.1490100" lon="1.3160200">
        <ele>0</ele>
        <time>2026-06-26T08:15:19.271Z</time>
        <name>534</name>
        <extensions>
          <speed_mps>17.882</speed_mps>
          <speed_mph>40.0</speed_mph>
        </extensions>
      </trkpt>
      <trkpt lat="52.1493100" lon="1.3169000">
        <ele>0</ele>
        <time>2026-06-26T08:15:23.114Z</time>
        <name>535</name>
        <extensions>
          <speed_mps>17.882</speed_mps>
          <speed_mph>40.0</speed_mph>
        </extensions>
      </trkpt>
      <trkpt lat="52.1494900" lon="1.3173800">
        <ele>0</ele>
        <time>2026-06-26T08:15:25.262Z</time>
        <name>536</name>
        <extensions>
          <speed_mps>17.882</speed_mps>
          <speed_mph>40.0</speed_mph>
        </extensions>
      </trkpt>
      <trkpt lat="52.1501400" lon="1.3189200">
        <ele>0</ele>
        <time>2026-06-26T08:15:32.396Z</time>
        <name>537</name>
        <extensions>
          <speed_mps>17.882</speed_mps>
          <speed_mph>40.0</speed_mph>
        </extensions>
      </trkpt>
      <trkpt lat="52.1504700" lon="1.3196100">
        <ele>0</ele>
        <time>2026-06-26T08:15:35.735Z</time>
        <name>538</name>
        <extensions>
          <speed_mps>17.882</speed_mps>
          <speed_mph>40.0</speed_mph>
        </extensions>
      </trkpt>
      <trkpt lat="52.1504700" lon="1.3196200">
        <ele>0</ele>
        <time>2026-06-26T08:15:35.774Z</time>
        <name>539</name>
        <extensions>
          <speed_mps>17.882</speed_mps>
          <speed_mph>40.0</speed_mph>
        </extensions>
      </trkpt>
      <trkpt lat="52.1511600" lon="1.3209600">
        <ele>0</ele>
        <time>2026-06-26T08:15:42.450Z</time>
        <name>540</name>
        <extensions>
          <speed_mps>17.882</speed_mps>
          <speed_mph>40.0</speed_mph>
        </extensions>
      </trkpt>
      <trkpt lat="52.1520400" lon="1.3224400">
        <ele>0</ele>
        <time>2026-06-26T08:15:50.316Z</time>
        <name>541</name>
        <extensions>
          <speed_mps>17.882</speed_mps>
          <speed_mph>40.0</speed_mph>
        </extensions>
      </trkpt>
      <trkpt lat="52.1524700" lon="1.3231000">
        <ele>0</ele>
        <time>2026-06-26T08:15:53.990Z</time>
        <name>542</name>
        <extensions>
          <speed_mps>17.882</speed_mps>
          <speed_mph>40.0</speed_mph>
        </extensions>
      </trkpt>
      <trkpt lat="52.1531300" lon="1.3240300">
        <ele>0</ele>
        <time>2026-06-26T08:15:59.417Z</time>
        <name>543</name>
        <extensions>
          <speed_mps>17.882</speed_mps>
          <speed_mph>40.0</speed_mph>
        </extensions>
      </trkpt>
      <trkpt lat="52.1532200" lon="1.3241400">
        <ele>0</ele>
        <time>2026-06-26T08:16:00.116Z</time>
        <name>544</name>
        <extensions>
          <speed_mps>17.882</speed_mps>
          <speed_mph>40.0</speed_mph>
        </extensions>
      </trkpt>
      <trkpt lat="52.1534100" lon="1.3244000">
        <ele>0</ele>
        <time>2026-06-26T08:16:01.659Z</time>
        <name>545</name>
        <extensions>
          <speed_mps>17.882</speed_mps>
          <speed_mph>40.0</speed_mph>
        </extensions>
      </trkpt>
      <trkpt lat="52.1534300" lon="1.3244200">
        <ele>0</ele>
        <time>2026-06-26T08:16:01.805Z</time>
        <name>546</name>
        <extensions>
          <speed_mps>17.882</speed_mps>
          <speed_mph>40.0</speed_mph>
        </extensions>
      </trkpt>
      <trkpt lat="52.1535100" lon="1.3245300">
        <ele>0</ele>
        <time>2026-06-26T08:16:02.456Z</time>
        <name>547</name>
        <extensions>
          <speed_mps>17.882</speed_mps>
          <speed_mph>40.0</speed_mph>
        </extensions>
      </trkpt>
      <trkpt lat="52.1543100" lon="1.3254900">
        <ele>0</ele>
        <time>2026-06-26T08:16:08.635Z</time>
        <name>548</name>
        <extensions>
          <speed_mps>17.882</speed_mps>
          <speed_mph>40.0</speed_mph>
        </extensions>
      </trkpt>
      <trkpt lat="52.1548500" lon="1.3260600">
        <ele>0</ele>
        <time>2026-06-26T08:16:12.636Z</time>
        <name>549</name>
        <extensions>
          <speed_mps>17.882</speed_mps>
          <speed_mph>40.0</speed_mph>
        </extensions>
      </trkpt>
      <trkpt lat="52.1548500" lon="1.3260700">
        <ele>0</ele>
        <time>2026-06-26T08:16:12.675Z</time>
        <name>550</name>
        <extensions>
          <speed_mps>17.882</speed_mps>
          <speed_mph>40.0</speed_mph>
        </extensions>
      </trkpt>
      <trkpt lat="52.1560500" lon="1.3272800">
        <ele>0</ele>
        <time>2026-06-26T08:16:21.451Z</time>
        <name>551</name>
        <extensions>
          <speed_mps>17.882</speed_mps>
          <speed_mph>40.0</speed_mph>
        </extensions>
      </trkpt>
      <trkpt lat="52.1565400" lon="1.3278200">
        <ele>0</ele>
        <time>2026-06-26T08:16:25.129Z</time>
        <name>552</name>
        <extensions>
          <speed_mps>17.882</speed_mps>
          <speed_mph>40.0</speed_mph>
        </extensions>
      </trkpt>
      <trkpt lat="52.1565800" lon="1.3278800">
        <ele>0</ele>
        <time>2026-06-26T08:16:25.467Z</time>
        <name>553</name>
        <extensions>
          <speed_mps>17.882</speed_mps>
          <speed_mph>40.0</speed_mph>
        </extensions>
      </trkpt>
      <trkpt lat="52.1567700" lon="1.3281000">
        <ele>0</ele>
        <time>2026-06-26T08:16:26.917Z</time>
        <name>554</name>
        <extensions>
          <speed_mps>17.882</speed_mps>
          <speed_mph>40.0</speed_mph>
        </extensions>
      </trkpt>
      <trkpt lat="52.1569500" lon="1.3283400">
        <ele>0</ele>
        <time>2026-06-26T08:16:28.363Z</time>
        <name>555</name>
        <extensions>
          <speed_mps>17.882</speed_mps>
          <speed_mph>40.0</speed_mph>
        </extensions>
      </trkpt>
      <trkpt lat="52.1570100" lon="1.3284100">
        <ele>0</ele>
        <time>2026-06-26T08:16:28.822Z</time>
        <name>556</name>
        <extensions>
          <speed_mps>17.882</speed_mps>
          <speed_mph>40.0</speed_mph>
        </extensions>
      </trkpt>
      <trkpt lat="52.1570100" lon="1.3284200">
        <ele>0</ele>
        <time>2026-06-26T08:16:28.860Z</time>
        <name>557</name>
        <extensions>
          <speed_mps>17.882</speed_mps>
          <speed_mph>40.0</speed_mph>
        </extensions>
      </trkpt>
      <trkpt lat="52.1572200" lon="1.3287000">
        <ele>0</ele>
        <time>2026-06-26T08:16:30.548Z</time>
        <name>558</name>
        <extensions>
          <speed_mps>17.882</speed_mps>
          <speed_mph>40.0</speed_mph>
        </extensions>
      </trkpt>
      <trkpt lat="52.1578100" lon="1.3295900">
        <ele>0</ele>
        <time>2026-06-26T08:16:35.548Z</time>
        <name>559</name>
        <extensions>
          <speed_mps>17.882</speed_mps>
          <speed_mph>40.0</speed_mph>
        </extensions>
      </trkpt>
      <trkpt lat="52.1578100" lon="1.3296000">
        <ele>0</ele>
        <time>2026-06-26T08:16:35.586Z</time>
        <name>560</name>
        <extensions>
          <speed_mps>17.882</speed_mps>
          <speed_mph>40.0</speed_mph>
        </extensions>
      </trkpt>
      <trkpt lat="52.1582900" lon="1.3304600">
        <ele>0</ele>
        <time>2026-06-26T08:16:40.023Z</time>
        <name>561</name>
        <extensions>
          <speed_mps>17.882</speed_mps>
          <speed_mph>40.0</speed_mph>
        </extensions>
      </trkpt>
      <trkpt lat="52.1583000" lon="1.3304700">
        <ele>0</ele>
        <time>2026-06-26T08:16:40.096Z</time>
        <name>562</name>
        <extensions>
          <speed_mps>17.882</speed_mps>
          <speed_mph>40.0</speed_mph>
        </extensions>
      </trkpt>
      <trkpt lat="52.1584000" lon="1.3306800">
        <ele>0</ele>
        <time>2026-06-26T08:16:41.111Z</time>
        <name>563</name>
        <extensions>
          <speed_mps>17.882</speed_mps>
          <speed_mph>40.0</speed_mph>
        </extensions>
      </trkpt>
      <trkpt lat="52.1584100" lon="1.3306900">
        <ele>0</ele>
        <time>2026-06-26T08:16:41.183Z</time>
        <name>564</name>
        <extensions>
          <speed_mps>17.882</speed_mps>
          <speed_mph>40.0</speed_mph>
        </extensions>
      </trkpt>
      <trkpt lat="52.1584900" lon="1.3308400">
        <ele>0</ele>
        <time>2026-06-26T08:16:41.942Z</time>
        <name>565</name>
        <extensions>
          <speed_mps>17.882</speed_mps>
          <speed_mph>40.0</speed_mph>
        </extensions>
      </trkpt>
      <trkpt lat="52.1588700" lon="1.3316700">
        <ele>0</ele>
        <time>2026-06-26T08:16:45.894Z</time>
        <name>566</name>
        <extensions>
          <speed_mps>17.882</speed_mps>
          <speed_mph>40.0</speed_mph>
        </extensions>
      </trkpt>
      <trkpt lat="52.1592300" lon="1.3325500">
        <ele>0</ele>
        <time>2026-06-26T08:16:49.931Z</time>
        <name>567</name>
        <extensions>
          <speed_mps>17.882</speed_mps>
          <speed_mph>40.0</speed_mph>
        </extensions>
      </trkpt>
      <trkpt lat="52.1596700" lon="1.3338300">
        <ele>0</ele>
        <time>2026-06-26T08:16:55.530Z</time>
        <name>568</name>
        <extensions>
          <speed_mps>17.882</speed_mps>
          <speed_mph>40.0</speed_mph>
        </extensions>
      </trkpt>
      <trkpt lat="52.1598900" lon="1.3345800">
        <ele>0</ele>
        <time>2026-06-26T08:16:58.703Z</time>
        <name>569</name>
        <extensions>
          <speed_mps>17.882</speed_mps>
          <speed_mph>40.0</speed_mph>
        </extensions>
      </trkpt>
      <trkpt lat="52.1601300" lon="1.3355300">
        <ele>0</ele>
        <time>2026-06-26T08:17:02.624Z</time>
        <name>570</name>
        <extensions>
          <speed_mps>17.882</speed_mps>
          <speed_mph>40.0</speed_mph>
        </extensions>
      </trkpt>
      <trkpt lat="52.1602900" lon="1.3363000">
        <ele>0</ele>
        <time>2026-06-26T08:17:05.727Z</time>
        <name>571</name>
        <extensions>
          <speed_mps>17.882</speed_mps>
          <speed_mph>40.0</speed_mph>
        </extensions>
      </trkpt>
      <trkpt lat="52.1605800" lon="1.3380800">
        <ele>0</ele>
        <time>2026-06-26T08:17:12.756Z</time>
        <name>572</name>
        <extensions>
          <speed_mps>17.882</speed_mps>
          <speed_mph>40.0</speed_mph>
        </extensions>
      </trkpt>
      <trkpt lat="52.1607600" lon="1.3394200">
        <ele>0</ele>
        <time>2026-06-26T08:17:17.992Z</time>
        <name>573</name>
        <extensions>
          <speed_mps>17.882</speed_mps>
          <speed_mph>40.0</speed_mph>
        </extensions>
      </trkpt>
      <trkpt lat="52.1609300" lon="1.3404000">
        <ele>0</ele>
        <time>2026-06-26T08:17:21.879Z</time>
        <name>574</name>
        <extensions>
          <speed_mps>17.882</speed_mps>
          <speed_mph>40.0</speed_mph>
        </extensions>
      </trkpt>
      <trkpt lat="52.1610600" lon="1.3410400">
        <ele>0</ele>
        <time>2026-06-26T08:17:24.452Z</time>
        <name>575</name>
        <extensions>
          <speed_mps>17.882</speed_mps>
          <speed_mph>40.0</speed_mph>
        </extensions>
      </trkpt>
      <trkpt lat="52.1613000" lon="1.3420400">
        <ele>0</ele>
        <time>2026-06-26T08:17:28.550Z</time>
        <name>576</name>
        <extensions>
          <speed_mps>17.882</speed_mps>
          <speed_mph>40.0</speed_mph>
        </extensions>
      </trkpt>
      <trkpt lat="52.1614200" lon="1.3424600">
        <ele>0</ele>
        <time>2026-06-26T08:17:30.318Z</time>
        <name>577</name>
        <extensions>
          <speed_mps>17.882</speed_mps>
          <speed_mph>40.0</speed_mph>
        </extensions>
      </trkpt>
      <trkpt lat="52.1616900" lon="1.3433100">
        <ele>0</ele>
        <time>2026-06-26T08:17:33.971Z</time>
        <name>578</name>
        <extensions>
          <speed_mps>17.882</speed_mps>
          <speed_mph>40.0</speed_mph>
        </extensions>
      </trkpt>
      <trkpt lat="52.1618900" lon="1.3438500">
        <ele>0</ele>
        <time>2026-06-26T08:17:36.378Z</time>
        <name>579</name>
        <extensions>
          <speed_mps>17.882</speed_mps>
          <speed_mph>40.0</speed_mph>
        </extensions>
      </trkpt>
      <trkpt lat="52.1621800" lon="1.3445600">
        <ele>0</ele>
        <time>2026-06-26T08:17:39.634Z</time>
        <name>580</name>
        <extensions>
          <speed_mps>17.882</speed_mps>
          <speed_mph>40.0</speed_mph>
        </extensions>
      </trkpt>
      <trkpt lat="52.1626200" lon="1.3455100">
        <ele>0</ele>
        <time>2026-06-26T08:17:44.176Z</time>
        <name>581</name>
        <extensions>
          <speed_mps>17.882</speed_mps>
          <speed_mph>40.0</speed_mph>
        </extensions>
      </trkpt>
      <trkpt lat="52.1630500" lon="1.3463100">
        <ele>0</ele>
        <time>2026-06-26T08:17:48.234Z</time>
        <name>582</name>
        <extensions>
          <speed_mps>17.882</speed_mps>
          <speed_mph>40.0</speed_mph>
        </extensions>
      </trkpt>
      <trkpt lat="52.1636200" lon="1.3472100">
        <ele>0</ele>
        <time>2026-06-26T08:17:53.170Z</time>
        <name>583</name>
        <extensions>
          <speed_mps>17.882</speed_mps>
          <speed_mph>40.0</speed_mph>
        </extensions>
      </trkpt>
      <trkpt lat="52.1637700" lon="1.3474100">
        <ele>0</ele>
        <time>2026-06-26T08:17:54.376Z</time>
        <name>584</name>
        <extensions>
          <speed_mps>17.882</speed_mps>
          <speed_mph>40.0</speed_mph>
        </extensions>
      </trkpt>
      <trkpt lat="52.1638500" lon="1.3475300">
        <ele>0</ele>
        <time>2026-06-26T08:17:55.052Z</time>
        <name>585</name>
        <extensions>
          <speed_mps>17.882</speed_mps>
          <speed_mph>40.0</speed_mph>
        </extensions>
      </trkpt>
      <trkpt lat="52.1642900" lon="1.3480900">
        <ele>0</ele>
        <time>2026-06-26T08:17:58.524Z</time>
        <name>586</name>
        <extensions>
          <speed_mps>17.882</speed_mps>
          <speed_mph>40.0</speed_mph>
        </extensions>
      </trkpt>
      <trkpt lat="52.1645700" lon="1.3484100">
        <ele>0</ele>
        <time>2026-06-26T08:18:00.650Z</time>
        <name>587</name>
        <extensions>
          <speed_mps>17.882</speed_mps>
          <speed_mph>40.0</speed_mph>
        </extensions>
      </trkpt>
      <trkpt lat="52.1651900" lon="1.3490400">
        <ele>0</ele>
        <time>2026-06-26T08:18:05.194Z</time>
        <name>588</name>
        <extensions>
          <speed_mps>17.882</speed_mps>
          <speed_mph>40.0</speed_mph>
        </extensions>
      </trkpt>
      <trkpt lat="52.1653500" lon="1.3491900">
        <ele>0</ele>
        <time>2026-06-26T08:18:06.342Z</time>
        <name>589</name>
        <extensions>
          <speed_mps>17.882</speed_mps>
          <speed_mph>40.0</speed_mph>
        </extensions>
      </trkpt>
      <trkpt lat="52.1658800" lon="1.3496200">
        <ele>0</ele>
        <time>2026-06-26T08:18:10.024Z</time>
        <name>590</name>
        <extensions>
          <speed_mps>17.882</speed_mps>
          <speed_mph>40.0</speed_mph>
        </extensions>
      </trkpt>
      <trkpt lat="52.1662900" lon="1.3499200">
        <ele>0</ele>
        <time>2026-06-26T08:18:12.819Z</time>
        <name>591</name>
        <extensions>
          <speed_mps>17.882</speed_mps>
          <speed_mph>40.0</speed_mph>
        </extensions>
      </trkpt>
      <trkpt lat="52.1668300" lon="1.3502500">
        <ele>0</ele>
        <time>2026-06-26T08:18:16.405Z</time>
        <name>592</name>
        <extensions>
          <speed_mps>17.882</speed_mps>
          <speed_mph>40.0</speed_mph>
        </extensions>
      </trkpt>
      <trkpt lat="52.1671100" lon="1.3504000">
        <ele>0</ele>
        <time>2026-06-26T08:18:18.238Z</time>
        <name>593</name>
        <extensions>
          <speed_mps>17.882</speed_mps>
          <speed_mph>40.0</speed_mph>
        </extensions>
      </trkpt>
      <trkpt lat="52.1677500" lon="1.3506700">
        <ele>0</ele>
        <time>2026-06-26T08:18:22.349Z</time>
        <name>594</name>
        <extensions>
          <speed_mps>17.882</speed_mps>
          <speed_mph>40.0</speed_mph>
        </extensions>
      </trkpt>
      <trkpt lat="52.1682800" lon="1.3508700">
        <ele>0</ele>
        <time>2026-06-26T08:18:25.732Z</time>
        <name>595</name>
        <extensions>
          <speed_mps>17.882</speed_mps>
          <speed_mph>40.0</speed_mph>
        </extensions>
      </trkpt>
      <trkpt lat="52.1682900" lon="1.3508700">
        <ele>0</ele>
        <time>2026-06-26T08:18:25.794Z</time>
        <name>596</name>
        <extensions>
          <speed_mps>17.882</speed_mps>
          <speed_mph>40.0</speed_mph>
        </extensions>
      </trkpt>
      <trkpt lat="52.1689600" lon="1.3511200">
        <ele>0</ele>
        <time>2026-06-26T08:18:30.068Z</time>
        <name>597</name>
        <extensions>
          <speed_mps>17.882</speed_mps>
          <speed_mph>40.0</speed_mph>
        </extensions>
      </trkpt>
      <trkpt lat="52.1689800" lon="1.3511200">
        <ele>0</ele>
        <time>2026-06-26T08:18:30.192Z</time>
        <name>598</name>
        <extensions>
          <speed_mps>17.882</speed_mps>
          <speed_mph>40.0</speed_mph>
        </extensions>
      </trkpt>
      <trkpt lat="52.1701900" lon="1.3515800">
        <ele>0</ele>
        <time>2026-06-26T08:18:37.919Z</time>
        <name>599</name>
        <extensions>
          <speed_mps>17.882</speed_mps>
          <speed_mph>40.0</speed_mph>
        </extensions>
      </trkpt>
      <trkpt lat="52.1702000" lon="1.3515900">
        <ele>0</ele>
        <time>2026-06-26T08:18:37.992Z</time>
        <name>600</name>
        <extensions>
          <speed_mps>17.882</speed_mps>
          <speed_mph>40.0</speed_mph>
        </extensions>
      </trkpt>
      <trkpt lat="52.1717800" lon="1.3522100">
        <ele>0</ele>
        <time>2026-06-26T08:18:48.098Z</time>
        <name>601</name>
        <extensions>
          <speed_mps>17.882</speed_mps>
          <speed_mph>40.0</speed_mph>
        </extensions>
      </trkpt>
      <trkpt lat="52.1734500" lon="1.3529200">
        <ele>0</ele>
        <time>2026-06-26T08:18:58.830Z</time>
        <name>602</name>
        <extensions>
          <speed_mps>17.882</speed_mps>
          <speed_mph>40.0</speed_mph>
        </extensions>
      </trkpt>
      <trkpt lat="52.1752500" lon="1.3537300">
        <ele>0</ele>
        <time>2026-06-26T08:19:10.442Z</time>
        <name>603</name>
        <extensions>
          <speed_mps>17.882</speed_mps>
          <speed_mph>40.0</speed_mph>
        </extensions>
      </trkpt>
      <trkpt lat="52.1784300" lon="1.3552900">
        <ele>0</ele>
        <time>2026-06-26T08:19:31.093Z</time>
        <name>604</name>
        <extensions>
          <speed_mps>17.882</speed_mps>
          <speed_mph>40.0</speed_mph>
        </extensions>
      </trkpt>
      <trkpt lat="52.1788100" lon="1.3555000">
        <ele>0</ele>
        <time>2026-06-26T08:19:33.588Z</time>
        <name>605</name>
        <extensions>
          <speed_mps>17.882</speed_mps>
          <speed_mph>40.0</speed_mph>
        </extensions>
      </trkpt>
      <trkpt lat="52.1788400" lon="1.3555100">
        <ele>0</ele>
        <time>2026-06-26T08:19:33.778Z</time>
        <name>606</name>
        <extensions>
          <speed_mps>17.882</speed_mps>
          <speed_mph>40.0</speed_mph>
        </extensions>
      </trkpt>
      <trkpt lat="52.1802100" lon="1.3562400">
        <ele>0</ele>
        <time>2026-06-26T08:19:42.741Z</time>
        <name>607</name>
        <extensions>
          <speed_mps>17.882</speed_mps>
          <speed_mph>40.0</speed_mph>
        </extensions>
      </trkpt>
      <trkpt lat="52.1816300" lon="1.3570400">
        <ele>0</ele>
        <time>2026-06-26T08:19:52.084Z</time>
        <name>608</name>
        <extensions>
          <speed_mps>17.882</speed_mps>
          <speed_mph>40.0</speed_mph>
        </extensions>
      </trkpt>
      <trkpt lat="52.1821400" lon="1.3573500">
        <ele>0</ele>
        <time>2026-06-26T08:19:55.469Z</time>
        <name>609</name>
        <extensions>
          <speed_mps>17.882</speed_mps>
          <speed_mph>40.0</speed_mph>
        </extensions>
      </trkpt>
      <trkpt lat="52.1826300" lon="1.3576900">
        <ele>0</ele>
        <time>2026-06-26T08:19:58.780Z</time>
        <name>610</name>
        <extensions>
          <speed_mps>17.882</speed_mps>
          <speed_mph>40.0</speed_mph>
        </extensions>
      </trkpt>
      <trkpt lat="52.1829400" lon="1.3579300">
        <ele>0</ele>
        <time>2026-06-26T08:20:00.914Z</time>
        <name>611</name>
        <extensions>
          <speed_mps>17.882</speed_mps>
          <speed_mph>40.0</speed_mph>
        </extensions>
      </trkpt>
      <trkpt lat="52.1835800" lon="1.3584600">
        <ele>0</ele>
        <time>2026-06-26T08:20:05.378Z</time>
        <name>612</name>
        <extensions>
          <speed_mps>17.882</speed_mps>
          <speed_mph>40.0</speed_mph>
        </extensions>
      </trkpt>
      <trkpt lat="52.1839700" lon="1.3588100">
        <ele>0</ele>
        <time>2026-06-26T08:20:08.147Z</time>
        <name>613</name>
        <extensions>
          <speed_mps>17.882</speed_mps>
          <speed_mph>40.0</speed_mph>
        </extensions>
      </trkpt>
      <trkpt lat="52.1844000" lon="1.3592300">
        <ele>0</ele>
        <time>2026-06-26T08:20:11.264Z</time>
        <name>614</name>
        <extensions>
          <speed_mps>17.882</speed_mps>
          <speed_mph>40.0</speed_mph>
        </extensions>
      </trkpt>
      <trkpt lat="52.1849600" lon="1.3598300">
        <ele>0</ele>
        <time>2026-06-26T08:20:15.431Z</time>
        <name>615</name>
        <extensions>
          <speed_mps>17.882</speed_mps>
          <speed_mph>40.0</speed_mph>
        </extensions>
      </trkpt>
      <trkpt lat="52.1855600" lon="1.3605300">
        <ele>0</ele>
        <time>2026-06-26T08:20:20.019Z</time>
        <name>616</name>
        <extensions>
          <speed_mps>17.882</speed_mps>
          <speed_mph>40.0</speed_mph>
        </extensions>
      </trkpt>
      <trkpt lat="52.1855700" lon="1.3605600">
        <ele>0</ele>
        <time>2026-06-26T08:20:20.149Z</time>
        <name>617</name>
        <extensions>
          <speed_mps>17.882</speed_mps>
          <speed_mph>40.0</speed_mph>
        </extensions>
      </trkpt>
      <trkpt lat="52.1858300" lon="1.3608700">
        <ele>0</ele>
        <time>2026-06-26T08:20:22.152Z</time>
        <name>618</name>
        <extensions>
          <speed_mps>17.882</speed_mps>
          <speed_mph>40.0</speed_mph>
        </extensions>
      </trkpt>
      <trkpt lat="52.1858400" lon="1.3608900">
        <ele>0</ele>
        <time>2026-06-26T08:20:22.251Z</time>
        <name>619</name>
        <extensions>
          <speed_mps>17.882</speed_mps>
          <speed_mph>40.0</speed_mph>
        </extensions>
      </trkpt>
      <trkpt lat="52.1865000" lon="1.3617900">
        <ele>0</ele>
        <time>2026-06-26T08:20:27.602Z</time>
        <name>620</name>
        <extensions>
          <speed_mps>17.882</speed_mps>
          <speed_mph>40.0</speed_mph>
        </extensions>
      </trkpt>
      <trkpt lat="52.1868500" lon="1.3623200">
        <ele>0</ele>
        <time>2026-06-26T08:20:30.572Z</time>
        <name>621</name>
        <extensions>
          <speed_mps>17.882</speed_mps>
          <speed_mph>40.0</speed_mph>
        </extensions>
      </trkpt>
      <trkpt lat="52.1869200" lon="1.3624400">
        <ele>0</ele>
        <time>2026-06-26T08:20:31.204Z</time>
        <name>622</name>
        <extensions>
          <speed_mps>17.882</speed_mps>
          <speed_mph>40.0</speed_mph>
        </extensions>
      </trkpt>
      <trkpt lat="52.1870800" lon="1.3626800">
        <ele>0</ele>
        <time>2026-06-26T08:20:32.556Z</time>
        <name>623</name>
        <extensions>
          <speed_mps>17.882</speed_mps>
          <speed_mph>40.0</speed_mph>
        </extensions>
      </trkpt>
      <trkpt lat="52.1874100" lon="1.3632400">
        <ele>0</ele>
        <time>2026-06-26T08:20:35.518Z</time>
        <name>624</name>
        <extensions>
          <speed_mps>17.882</speed_mps>
          <speed_mph>40.0</speed_mph>
        </extensions>
      </trkpt>
      <trkpt lat="52.1881200" lon="1.3645600">
        <ele>0</ele>
        <time>2026-06-26T08:20:42.215Z</time>
        <name>625</name>
        <extensions>
          <speed_mps>17.882</speed_mps>
          <speed_mph>40.0</speed_mph>
        </extensions>
      </trkpt>
      <trkpt lat="52.1886600" lon="1.3656700">
        <ele>0</ele>
        <time>2026-06-26T08:20:47.619Z</time>
        <name>626</name>
        <extensions>
          <speed_mps>17.882</speed_mps>
          <speed_mph>40.0</speed_mph>
        </extensions>
      </trkpt>
      <trkpt lat="52.1892900" lon="1.3671400">
        <ele>0</ele>
        <time>2026-06-26T08:20:54.459Z</time>
        <name>627</name>
        <extensions>
          <speed_mps>17.882</speed_mps>
          <speed_mph>40.0</speed_mph>
        </extensions>
      </trkpt>
      <trkpt lat="52.1896700" lon="1.3681500">
        <ele>0</ele>
        <time>2026-06-26T08:20:58.978Z</time>
        <name>628</name>
        <extensions>
          <speed_mps>17.882</speed_mps>
          <speed_mph>40.0</speed_mph>
        </extensions>
      </trkpt>
      <trkpt lat="52.1896900" lon="1.3681900">
        <ele>0</ele>
        <time>2026-06-26T08:20:59.175Z</time>
        <name>629</name>
        <extensions>
          <speed_mps>17.882</speed_mps>
          <speed_mph>40.0</speed_mph>
        </extensions>
      </trkpt>
      <trkpt lat="52.1899600" lon="1.3689400">
        <ele>0</ele>
        <time>2026-06-26T08:21:02.492Z</time>
        <name>630</name>
        <extensions>
          <speed_mps>17.882</speed_mps>
          <speed_mph>40.0</speed_mph>
        </extensions>
      </trkpt>
      <trkpt lat="52.1900000" lon="1.3691800">
        <ele>0</ele>
        <time>2026-06-26T08:21:03.441Z</time>
        <name>631</name>
        <extensions>
          <speed_mps>17.882</speed_mps>
          <speed_mph>40.0</speed_mph>
        </extensions>
      </trkpt>
      <trkpt lat="52.1904700" lon="1.3707000">
        <ele>0</ele>
        <time>2026-06-26T08:21:09.934Z</time>
        <name>632</name>
        <extensions>
          <speed_mps>17.882</speed_mps>
          <speed_mph>40.0</speed_mph>
        </extensions>
      </trkpt>
      <trkpt lat="52.1912300" lon="1.3735000">
        <ele>0</ele>
        <time>2026-06-26T08:21:21.612Z</time>
        <name>633</name>
        <extensions>
          <speed_mps>17.882</speed_mps>
          <speed_mph>40.0</speed_mph>
        </extensions>
      </trkpt>
      <trkpt lat="52.1914000" lon="1.3740200">
        <ele>0</ele>
        <time>2026-06-26T08:21:23.860Z</time>
        <name>634</name>
        <extensions>
          <speed_mps>17.882</speed_mps>
          <speed_mph>40.0</speed_mph>
        </extensions>
      </trkpt>
      <trkpt lat="52.1914100" lon="1.3740700">
        <ele>0</ele>
        <time>2026-06-26T08:21:24.060Z</time>
        <name>635</name>
        <extensions>
          <speed_mps>17.882</speed_mps>
          <speed_mph>40.0</speed_mph>
        </extensions>
      </trkpt>
      <trkpt lat="52.1914200" lon="1.3740900">
        <ele>0</ele>
        <time>2026-06-26T08:21:24.159Z</time>
        <name>636</name>
        <extensions>
          <speed_mps>17.882</speed_mps>
          <speed_mph>40.0</speed_mph>
        </extensions>
      </trkpt>
      <trkpt lat="52.1915800" lon="1.3745300">
        <ele>0</ele>
        <time>2026-06-26T08:21:26.110Z</time>
        <name>637</name>
        <extensions>
          <speed_mps>17.882</speed_mps>
          <speed_mph>40.0</speed_mph>
        </extensions>
      </trkpt>
      <trkpt lat="52.1915900" lon="1.3745700">
        <ele>0</ele>
        <time>2026-06-26T08:21:26.275Z</time>
        <name>638</name>
        <extensions>
          <speed_mps>17.882</speed_mps>
          <speed_mph>40.0</speed_mph>
        </extensions>
      </trkpt>
      <trkpt lat="52.1916700" lon="1.3747700">
        <ele>0</ele>
        <time>2026-06-26T08:21:27.185Z</time>
        <name>639</name>
        <extensions>
          <speed_mps>17.882</speed_mps>
          <speed_mph>40.0</speed_mph>
        </extensions>
      </trkpt>
      <trkpt lat="52.1916700" lon="1.3747800">
        <ele>0</ele>
        <time>2026-06-26T08:21:27.223Z</time>
        <name>640</name>
        <extensions>
          <speed_mps>17.882</speed_mps>
          <speed_mph>40.0</speed_mph>
        </extensions>
      </trkpt>
      <trkpt lat="52.1916900" lon="1.3748200">
        <ele>0</ele>
        <time>2026-06-26T08:21:27.420Z</time>
        <name>641</name>
        <extensions>
          <speed_mps>17.882</speed_mps>
          <speed_mph>40.0</speed_mph>
        </extensions>
      </trkpt>
      <trkpt lat="52.1918800" lon="1.3753200">
        <ele>0</ele>
        <time>2026-06-26T08:21:29.664Z</time>
        <name>642</name>
        <extensions>
          <speed_mps>17.882</speed_mps>
          <speed_mph>40.0</speed_mph>
        </extensions>
      </trkpt>
      <trkpt lat="52.1919700" lon="1.3755200">
        <ele>0</ele>
        <time>2026-06-26T08:21:30.610Z</time>
        <name>643</name>
        <extensions>
          <speed_mps>17.882</speed_mps>
          <speed_mph>40.0</speed_mph>
        </extensions>
      </trkpt>
      <trkpt lat="52.1919800" lon="1.3755600">
        <ele>0</ele>
        <time>2026-06-26T08:21:30.775Z</time>
        <name>644</name>
        <extensions>
          <speed_mps>17.882</speed_mps>
          <speed_mph>40.0</speed_mph>
        </extensions>
      </trkpt>
      <trkpt lat="52.1925700" lon="1.3769300">
        <ele>0</ele>
        <time>2026-06-26T08:21:37.159Z</time>
        <name>645</name>
        <extensions>
          <speed_mps>17.882</speed_mps>
          <speed_mph>40.0</speed_mph>
        </extensions>
      </trkpt>
      <trkpt lat="52.1928400" lon="1.3776500">
        <ele>0</ele>
        <time>2026-06-26T08:21:40.378Z</time>
        <name>646</name>
        <extensions>
          <speed_mps>17.882</speed_mps>
          <speed_mph>40.0</speed_mph>
        </extensions>
      </trkpt>
      <trkpt lat="52.1928700" lon="1.3777500">
        <ele>0</ele>
        <time>2026-06-26T08:21:40.803Z</time>
        <name>647</name>
        <extensions>
          <speed_mps>17.882</speed_mps>
          <speed_mph>40.0</speed_mph>
        </extensions>
      </trkpt>
      <trkpt lat="52.1928700" lon="1.3777600">
        <ele>0</ele>
        <time>2026-06-26T08:21:40.841Z</time>
        <name>648</name>
        <extensions>
          <speed_mps>17.882</speed_mps>
          <speed_mph>40.0</speed_mph>
        </extensions>
      </trkpt>
      <trkpt lat="52.1929600" lon="1.3780200">
        <ele>0</ele>
        <time>2026-06-26T08:21:41.979Z</time>
        <name>649</name>
        <extensions>
          <speed_mps>17.882</speed_mps>
          <speed_mph>40.0</speed_mph>
        </extensions>
      </trkpt>
      <trkpt lat="52.1931100" lon="1.3786300">
        <ele>0</ele>
        <time>2026-06-26T08:21:44.486Z</time>
        <name>650</name>
        <extensions>
          <speed_mps>17.882</speed_mps>
          <speed_mph>40.0</speed_mph>
        </extensions>
      </trkpt>
      <trkpt lat="52.1932500" lon="1.3793900">
        <ele>0</ele>
        <time>2026-06-26T08:21:47.513Z</time>
        <name>651</name>
        <extensions>
          <speed_mps>17.882</speed_mps>
          <speed_mph>40.0</speed_mph>
        </extensions>
      </trkpt>
      <trkpt lat="52.1932500" lon="1.3794100">
        <ele>0</ele>
        <time>2026-06-26T08:21:47.589Z</time>
        <name>652</name>
        <extensions>
          <speed_mps>17.882</speed_mps>
          <speed_mph>40.0</speed_mph>
        </extensions>
      </trkpt>
      <trkpt lat="52.1933000" lon="1.3796900">
        <ele>0</ele>
        <time>2026-06-26T08:21:48.701Z</time>
        <name>653</name>
        <extensions>
          <speed_mps>17.882</speed_mps>
          <speed_mph>40.0</speed_mph>
        </extensions>
      </trkpt>
      <trkpt lat="52.1933400" lon="1.3799900">
        <ele>0</ele>
        <time>2026-06-26T08:21:49.872Z</time>
        <name>654</name>
        <extensions>
          <speed_mps>17.882</speed_mps>
          <speed_mph>40.0</speed_mph>
        </extensions>
      </trkpt>
      <trkpt lat="52.1934500" lon="1.3806400">
        <ele>0</ele>
        <time>2026-06-26T08:21:52.444Z</time>
        <name>655</name>
        <extensions>
          <speed_mps>17.882</speed_mps>
          <speed_mph>40.0</speed_mph>
        </extensions>
      </trkpt>
      <trkpt lat="52.1935900" lon="1.3812400">
        <ele>0</ele>
        <time>2026-06-26T08:21:54.892Z</time>
        <name>656</name>
        <extensions>
          <speed_mps>17.882</speed_mps>
          <speed_mph>40.0</speed_mph>
        </extensions>
      </trkpt>
      <trkpt lat="52.1935900" lon="1.3812600">
        <ele>0</ele>
        <time>2026-06-26T08:21:54.968Z</time>
        <name>657</name>
        <extensions>
          <speed_mps>17.882</speed_mps>
          <speed_mph>40.0</speed_mph>
        </extensions>
      </trkpt>
      <trkpt lat="52.1938100" lon="1.3819500">
        <ele>0</ele>
        <time>2026-06-26T08:21:57.934Z</time>
        <name>658</name>
        <extensions>
          <speed_mps>17.882</speed_mps>
          <speed_mph>40.0</speed_mph>
        </extensions>
      </trkpt>
      <trkpt lat="52.1942100" lon="1.3830700">
        <ele>0</ele>
        <time>2026-06-26T08:22:02.877Z</time>
        <name>659</name>
        <extensions>
          <speed_mps>17.882</speed_mps>
          <speed_mph>40.0</speed_mph>
        </extensions>
      </trkpt>
      <trkpt lat="52.1943700" lon="1.3835900">
        <ele>0</ele>
        <time>2026-06-26T08:22:05.096Z</time>
        <name>660</name>
        <extensions>
          <speed_mps>17.882</speed_mps>
          <speed_mph>40.0</speed_mph>
        </extensions>
      </trkpt>
      <trkpt lat="52.1943900" lon="1.3836800">
        <ele>0</ele>
        <time>2026-06-26T08:22:05.461Z</time>
        <name>661</name>
        <extensions>
          <speed_mps>17.882</speed_mps>
          <speed_mph>40.0</speed_mph>
        </extensions>
      </trkpt>
      <trkpt lat="52.1944300" lon="1.3838100">
        <ele>0</ele>
        <time>2026-06-26T08:22:06.016Z</time>
        <name>662</name>
        <extensions>
          <speed_mps>17.882</speed_mps>
          <speed_mph>40.0</speed_mph>
        </extensions>
      </trkpt>
      <trkpt lat="52.1950500" lon="1.3862700">
        <ele>0</ele>
        <time>2026-06-26T08:22:16.160Z</time>
        <name>663</name>
        <extensions>
          <speed_mps>17.882</speed_mps>
          <speed_mph>40.0</speed_mph>
        </extensions>
      </trkpt>
      <trkpt lat="52.1952400" lon="1.3871700">
        <ele>0</ele>
        <time>2026-06-26T08:22:19.790Z</time>
        <name>664</name>
        <extensions>
          <speed_mps>17.882</speed_mps>
          <speed_mph>40.0</speed_mph>
        </extensions>
      </trkpt>
      <trkpt lat="52.1953000" lon="1.3876200">
        <ele>0</ele>
        <time>2026-06-26T08:22:21.546Z</time>
        <name>665</name>
        <extensions>
          <speed_mps>17.882</speed_mps>
          <speed_mph>40.0</speed_mph>
        </extensions>
      </trkpt>
      <trkpt lat="52.1953200" lon="1.3879700">
        <ele>0</ele>
        <time>2026-06-26T08:22:22.887Z</time>
        <name>666</name>
        <extensions>
          <speed_mps>17.882</speed_mps>
          <speed_mph>40.0</speed_mph>
        </extensions>
      </trkpt>
      <trkpt lat="52.1953200" lon="1.3891400">
        <ele>0</ele>
        <time>2026-06-26T08:22:27.349Z</time>
        <name>667</name>
        <extensions>
          <speed_mps>17.882</speed_mps>
          <speed_mph>40.0</speed_mph>
        </extensions>
      </trkpt>
      <trkpt lat="52.1953100" lon="1.3892900">
        <ele>0</ele>
        <time>2026-06-26T08:22:27.924Z</time>
        <name>668</name>
        <extensions>
          <speed_mps>17.882</speed_mps>
          <speed_mph>40.0</speed_mph>
        </extensions>
      </trkpt>
      <trkpt lat="52.1953100" lon="1.3897200">
        <ele>0</ele>
        <time>2026-06-26T08:22:29.564Z</time>
        <name>669</name>
        <extensions>
          <speed_mps>17.882</speed_mps>
          <speed_mph>40.0</speed_mph>
        </extensions>
      </trkpt>
      <trkpt lat="52.1953200" lon="1.3898600">
        <ele>0</ele>
        <time>2026-06-26T08:22:30.102Z</time>
        <name>670</name>
        <extensions>
          <speed_mps>17.882</speed_mps>
          <speed_mph>40.0</speed_mph>
        </extensions>
      </trkpt>
      <trkpt lat="52.1953200" lon="1.3900200">
        <ele>0</ele>
        <time>2026-06-26T08:22:30.712Z</time>
        <name>671</name>
        <extensions>
          <speed_mps>17.882</speed_mps>
          <speed_mph>40.0</speed_mph>
        </extensions>
      </trkpt>
      <trkpt lat="52.1953300" lon="1.3901200">
        <ele>0</ele>
        <time>2026-06-26T08:22:31.098Z</time>
        <name>672</name>
        <extensions>
          <speed_mps>17.882</speed_mps>
          <speed_mph>40.0</speed_mph>
        </extensions>
      </trkpt>
      <trkpt lat="52.1953400" lon="1.3904400">
        <ele>0</ele>
        <time>2026-06-26T08:22:32.320Z</time>
        <name>673</name>
        <extensions>
          <speed_mps>17.882</speed_mps>
          <speed_mph>40.0</speed_mph>
        </extensions>
      </trkpt>
      <trkpt lat="52.1953800" lon="1.3908800">
        <ele>0</ele>
        <time>2026-06-26T08:22:34.017Z</time>
        <name>674</name>
        <extensions>
          <speed_mps>17.882</speed_mps>
          <speed_mph>40.0</speed_mph>
        </extensions>
      </trkpt>
      <trkpt lat="52.1954300" lon="1.3911900">
        <ele>0</ele>
        <time>2026-06-26T08:22:35.239Z</time>
        <name>675</name>
        <extensions>
          <speed_mps>17.882</speed_mps>
          <speed_mph>40.0</speed_mph>
        </extensions>
      </trkpt>
      <trkpt lat="52.1954700" lon="1.3913700">
        <ele>0</ele>
        <time>2026-06-26T08:22:35.969Z</time>
        <name>676</name>
        <extensions>
          <speed_mps>17.882</speed_mps>
          <speed_mph>40.0</speed_mph>
        </extensions>
      </trkpt>
      <trkpt lat="52.1954800" lon="1.3914500">
        <ele>0</ele>
        <time>2026-06-26T08:22:36.281Z</time>
        <name>677</name>
        <extensions>
          <speed_mps>17.882</speed_mps>
          <speed_mph>40.0</speed_mph>
        </extensions>
      </trkpt>
      <trkpt lat="52.1955400" lon="1.3917000">
        <ele>0</ele>
        <time>2026-06-26T08:22:37.305Z</time>
        <name>678</name>
        <extensions>
          <speed_mps>17.882</speed_mps>
          <speed_mph>40.0</speed_mph>
        </extensions>
      </trkpt>
      <trkpt lat="52.1957100" lon="1.3922500">
        <ele>0</ele>
        <time>2026-06-26T08:22:39.654Z</time>
        <name>679</name>
        <extensions>
          <speed_mps>17.882</speed_mps>
          <speed_mph>40.0</speed_mph>
        </extensions>
      </trkpt>
      <trkpt lat="52.1959900" lon="1.3929900">
        <ele>0</ele>
        <time>2026-06-26T08:22:42.970Z</time>
        <name>680</name>
        <extensions>
          <speed_mps>17.882</speed_mps>
          <speed_mph>40.0</speed_mph>
        </extensions>
      </trkpt>
      <trkpt lat="52.1960100" lon="1.3930600">
        <ele>0</ele>
        <time>2026-06-26T08:22:43.264Z</time>
        <name>681</name>
        <extensions>
          <speed_mps>17.882</speed_mps>
          <speed_mph>40.0</speed_mph>
        </extensions>
      </trkpt>
      <trkpt lat="52.1963100" lon="1.3938500">
        <ele>0</ele>
        <time>2026-06-26T08:22:46.808Z</time>
        <name>682</name>
        <extensions>
          <speed_mps>17.882</speed_mps>
          <speed_mph>40.0</speed_mph>
        </extensions>
      </trkpt>
      <trkpt lat="52.1963200" lon="1.3938600">
        <ele>0</ele>
        <time>2026-06-26T08:22:46.881Z</time>
        <name>683</name>
        <extensions>
          <speed_mps>17.882</speed_mps>
          <speed_mph>40.0</speed_mph>
        </extensions>
      </trkpt>
      <trkpt lat="52.1967500" lon="1.3950200">
        <ele>0</ele>
        <time>2026-06-26T08:22:52.050Z</time>
        <name>684</name>
        <extensions>
          <speed_mps>17.882</speed_mps>
          <speed_mph>40.0</speed_mph>
        </extensions>
      </trkpt>
      <trkpt lat="52.1969100" lon="1.3955200">
        <ele>0</ele>
        <time>2026-06-26T08:22:54.201Z</time>
        <name>685</name>
        <extensions>
          <speed_mps>17.882</speed_mps>
          <speed_mph>40.0</speed_mph>
        </extensions>
      </trkpt>
      <trkpt lat="52.1969500" lon="1.3956700">
        <ele>0</ele>
        <time>2026-06-26T08:22:54.825Z</time>
        <name>686</name>
        <extensions>
          <speed_mps>17.882</speed_mps>
          <speed_mph>40.0</speed_mph>
        </extensions>
      </trkpt>
      <trkpt lat="52.1970400" lon="1.3960900">
        <ele>0</ele>
        <time>2026-06-26T08:22:56.521Z</time>
        <name>687</name>
        <extensions>
          <speed_mps>17.882</speed_mps>
          <speed_mph>40.0</speed_mph>
        </extensions>
      </trkpt>
      <trkpt lat="52.1970700" lon="1.3963400">
        <ele>0</ele>
        <time>2026-06-26T08:22:57.493Z</time>
        <name>688</name>
        <extensions>
          <speed_mps>17.882</speed_mps>
          <speed_mph>40.0</speed_mph>
        </extensions>
      </trkpt>
      <trkpt lat="52.1971000" lon="1.3965000">
        <ele>0</ele>
        <time>2026-06-26T08:22:58.131Z</time>
        <name>689</name>
        <extensions>
          <speed_mps>17.882</speed_mps>
          <speed_mph>40.0</speed_mph>
        </extensions>
      </trkpt>
      <trkpt lat="52.1972100" lon="1.3979200">
        <ele>0</ele>
        <time>2026-06-26T08:23:03.589Z</time>
        <name>690</name>
        <extensions>
          <speed_mps>17.882</speed_mps>
          <speed_mph>40.0</speed_mph>
        </extensions>
      </trkpt>
      <trkpt lat="52.1972100" lon="1.3980100">
        <ele>0</ele>
        <time>2026-06-26T08:23:03.933Z</time>
        <name>691</name>
        <extensions>
          <speed_mps>17.882</speed_mps>
          <speed_mph>40.0</speed_mph>
        </extensions>
      </trkpt>
      <trkpt lat="52.1972600" lon="1.3985100">
        <ele>0</ele>
        <time>2026-06-26T08:23:05.865Z</time>
        <name>692</name>
        <extensions>
          <speed_mps>17.882</speed_mps>
          <speed_mph>40.0</speed_mph>
        </extensions>
      </trkpt>
      <trkpt lat="52.1972600" lon="1.3985800">
        <ele>0</ele>
        <time>2026-06-26T08:23:06.132Z</time>
        <name>693</name>
        <extensions>
          <speed_mps>17.882</speed_mps>
          <speed_mph>40.0</speed_mph>
        </extensions>
      </trkpt>
      <trkpt lat="52.1972700" lon="1.3986300">
        <ele>0</ele>
        <time>2026-06-26T08:23:06.332Z</time>
        <name>694</name>
        <extensions>
          <speed_mps>17.882</speed_mps>
          <speed_mph>40.0</speed_mph>
        </extensions>
      </trkpt>
      <trkpt lat="52.1973300" lon="1.3991400">
        <ele>0</ele>
        <time>2026-06-26T08:23:08.313Z</time>
        <name>695</name>
        <extensions>
          <speed_mps>17.882</speed_mps>
          <speed_mph>40.0</speed_mph>
        </extensions>
      </trkpt>
      <trkpt lat="52.1974000" lon="1.3995000">
        <ele>0</ele>
        <time>2026-06-26T08:23:09.753Z</time>
        <name>696</name>
        <extensions>
          <speed_mps>17.882</speed_mps>
          <speed_mph>40.0</speed_mph>
        </extensions>
      </trkpt>
      <trkpt lat="52.1974900" lon="1.3998500">
        <ele>0</ele>
        <time>2026-06-26T08:23:11.200Z</time>
        <name>697</name>
        <extensions>
          <speed_mps>17.882</speed_mps>
          <speed_mph>40.0</speed_mph>
        </extensions>
      </trkpt>
      <trkpt lat="52.1975500" lon="1.4000100">
        <ele>0</ele>
        <time>2026-06-26T08:23:11.916Z</time>
        <name>698</name>
        <extensions>
          <speed_mps>17.882</speed_mps>
          <speed_mph>40.0</speed_mph>
        </extensions>
      </trkpt>
      <trkpt lat="52.1975500" lon="1.4000300">
        <ele>0</ele>
        <time>2026-06-26T08:23:11.992Z</time>
        <name>699</name>
        <extensions>
          <speed_mps>17.882</speed_mps>
          <speed_mph>40.0</speed_mph>
        </extensions>
      </trkpt>
      <trkpt lat="52.1976200" lon="1.4002100">
        <ele>0</ele>
        <time>2026-06-26T08:23:12.805Z</time>
        <name>700</name>
        <extensions>
          <speed_mps>17.882</speed_mps>
          <speed_mph>40.0</speed_mph>
        </extensions>
      </trkpt>
      <trkpt lat="52.1976300" lon="1.4002500">
        <ele>0</ele>
        <time>2026-06-26T08:23:12.969Z</time>
        <name>701</name>
        <extensions>
          <speed_mps>17.882</speed_mps>
          <speed_mph>40.0</speed_mph>
        </extensions>
      </trkpt>
      <trkpt lat="52.1978500" lon="1.4007400">
        <ele>0</ele>
        <time>2026-06-26T08:23:15.285Z</time>
        <name>702</name>
        <extensions>
          <speed_mps>17.882</speed_mps>
          <speed_mph>40.0</speed_mph>
        </extensions>
      </trkpt>
      <trkpt lat="52.1980900" lon="1.4012000">
        <ele>0</ele>
        <time>2026-06-26T08:23:17.589Z</time>
        <name>703</name>
        <extensions>
          <speed_mps>17.882</speed_mps>
          <speed_mph>40.0</speed_mph>
        </extensions>
      </trkpt>
      <trkpt lat="52.1983000" lon="1.4015500">
        <ele>0</ele>
        <time>2026-06-26T08:23:19.456Z</time>
        <name>704</name>
        <extensions>
          <speed_mps>17.882</speed_mps>
          <speed_mph>40.0</speed_mph>
        </extensions>
      </trkpt>
      <trkpt lat="52.1985500" lon="1.4019300">
        <ele>0</ele>
        <time>2026-06-26T08:23:21.581Z</time>
        <name>705</name>
        <extensions>
          <speed_mps>17.882</speed_mps>
          <speed_mph>40.0</speed_mph>
        </extensions>
      </trkpt>
      <trkpt lat="52.1985900" lon="1.4019700">
        <ele>0</ele>
        <time>2026-06-26T08:23:21.873Z</time>
        <name>706</name>
        <extensions>
          <speed_mps>17.882</speed_mps>
          <speed_mph>40.0</speed_mph>
        </extensions>
      </trkpt>
      <trkpt lat="52.1987500" lon="1.4021700">
        <ele>0</ele>
        <time>2026-06-26T08:23:23.127Z</time>
        <name>707</name>
        <extensions>
          <speed_mps>17.882</speed_mps>
          <speed_mph>40.0</speed_mph>
        </extensions>
      </trkpt>
      <trkpt lat="52.1988600" lon="1.4022800">
        <ele>0</ele>
        <time>2026-06-26T08:23:23.929Z</time>
        <name>708</name>
        <extensions>
          <speed_mps>17.882</speed_mps>
          <speed_mph>40.0</speed_mph>
        </extensions>
      </trkpt>
      <trkpt lat="52.1990300" lon="1.4024100">
        <ele>0</ele>
        <time>2026-06-26T08:23:25.097Z</time>
        <name>709</name>
        <extensions>
          <speed_mps>17.882</speed_mps>
          <speed_mph>40.0</speed_mph>
        </extensions>
      </trkpt>
      <trkpt lat="52.1990400" lon="1.4024300">
        <ele>0</ele>
        <time>2026-06-26T08:23:25.195Z</time>
        <name>710</name>
        <extensions>
          <speed_mps>17.882</speed_mps>
          <speed_mph>40.0</speed_mph>
        </extensions>
      </trkpt>
      <trkpt lat="52.1991200" lon="1.4024800">
        <ele>0</ele>
        <time>2026-06-26T08:23:25.728Z</time>
        <name>711</name>
        <extensions>
          <speed_mps>17.882</speed_mps>
          <speed_mph>40.0</speed_mph>
        </extensions>
      </trkpt>
      <trkpt lat="52.1991800" lon="1.4025300">
        <ele>0</ele>
        <time>2026-06-26T08:23:26.147Z</time>
        <name>712</name>
        <extensions>
          <speed_mps>17.882</speed_mps>
          <speed_mph>40.0</speed_mph>
        </extensions>
      </trkpt>
      <trkpt lat="52.1994200" lon="1.4026900">
        <ele>0</ele>
        <time>2026-06-26T08:23:27.759Z</time>
        <name>713</name>
        <extensions>
          <speed_mps>17.882</speed_mps>
          <speed_mph>40.0</speed_mph>
        </extensions>
      </trkpt>
      <trkpt lat="52.1997200" lon="1.4028700">
        <ele>0</ele>
        <time>2026-06-26T08:23:29.747Z</time>
        <name>714</name>
        <extensions>
          <speed_mps>17.882</speed_mps>
          <speed_mph>40.0</speed_mph>
        </extensions>
      </trkpt>
      <trkpt lat="52.1997900" lon="1.4029000">
        <ele>0</ele>
        <time>2026-06-26T08:23:30.197Z</time>
        <name>715</name>
        <extensions>
          <speed_mps>17.882</speed_mps>
          <speed_mph>40.0</speed_mph>
        </extensions>
      </trkpt>
      <trkpt lat="52.2001700" lon="1.4031200">
        <ele>0</ele>
        <time>2026-06-26T08:23:32.704Z</time>
        <name>716</name>
        <extensions>
          <speed_mps>17.882</speed_mps>
          <speed_mph>40.0</speed_mph>
        </extensions>
      </trkpt>
      <trkpt lat="52.2002700" lon="1.4031900">
        <ele>0</ele>
        <time>2026-06-26T08:23:33.381Z</time>
        <name>717</name>
        <extensions>
          <speed_mps>17.882</speed_mps>
          <speed_mph>40.0</speed_mph>
        </extensions>
      </trkpt>
      <trkpt lat="52.2005200" lon="1.4034100">
        <ele>0</ele>
        <time>2026-06-26T08:23:35.148Z</time>
        <name>718</name>
        <extensions>
          <speed_mps>17.882</speed_mps>
          <speed_mph>40.0</speed_mph>
        </extensions>
      </trkpt>
      <trkpt lat="52.2011700" lon="1.4040900">
        <ele>0</ele>
        <time>2026-06-26T08:23:39.950Z</time>
        <name>719</name>
        <extensions>
          <speed_mps>17.882</speed_mps>
          <speed_mph>40.0</speed_mph>
        </extensions>
      </trkpt>
      <trkpt lat="52.2012700" lon="1.4041800">
        <ele>0</ele>
        <time>2026-06-26T08:23:40.660Z</time>
        <name>720</name>
        <extensions>
          <speed_mps>17.882</speed_mps>
          <speed_mph>40.0</speed_mph>
        </extensions>
      </trkpt>
      <trkpt lat="52.2015000" lon="1.4043600">
        <ele>0</ele>
        <time>2026-06-26T08:23:42.247Z</time>
        <name>721</name>
        <extensions>
          <speed_mps>17.882</speed_mps>
          <speed_mph>40.0</speed_mph>
        </extensions>
      </trkpt>
      <trkpt lat="52.2017500" lon="1.4045100">
        <ele>0</ele>
        <time>2026-06-26T08:23:43.903Z</time>
        <name>722</name>
        <extensions>
          <speed_mps>17.882</speed_mps>
          <speed_mph>40.0</speed_mph>
        </extensions>
      </trkpt>
      <trkpt lat="52.2018800" lon="1.4045600">
        <ele>0</ele>
        <time>2026-06-26T08:23:44.734Z</time>
        <name>723</name>
        <extensions>
          <speed_mps>17.882</speed_mps>
          <speed_mph>40.0</speed_mph>
        </extensions>
      </trkpt>
      <trkpt lat="52.2019400" lon="1.4045700">
        <ele>0</ele>
        <time>2026-06-26T08:23:45.109Z</time>
        <name>724</name>
        <extensions>
          <speed_mps>17.882</speed_mps>
          <speed_mph>40.0</speed_mph>
        </extensions>
      </trkpt>
      <trkpt lat="52.2019700" lon="1.4045800">
        <ele>0</ele>
        <time>2026-06-26T08:23:45.299Z</time>
        <name>725</name>
        <extensions>
          <speed_mps>17.882</speed_mps>
          <speed_mph>40.0</speed_mph>
        </extensions>
      </trkpt>
      <trkpt lat="52.2019900" lon="1.4045800">
        <ele>0</ele>
        <time>2026-06-26T08:23:45.423Z</time>
        <name>726</name>
        <extensions>
          <speed_mps>17.882</speed_mps>
          <speed_mph>40.0</speed_mph>
        </extensions>
      </trkpt>
      <trkpt lat="52.2020000" lon="1.4045900">
        <ele>0</ele>
        <time>2026-06-26T08:23:45.496Z</time>
        <name>727</name>
        <extensions>
          <speed_mps>17.882</speed_mps>
          <speed_mph>40.0</speed_mph>
        </extensions>
      </trkpt>
      <trkpt lat="52.2022900" lon="1.4046200">
        <ele>0</ele>
        <time>2026-06-26T08:23:47.303Z</time>
        <name>728</name>
        <extensions>
          <speed_mps>17.882</speed_mps>
          <speed_mph>40.0</speed_mph>
        </extensions>
      </trkpt>
      <trkpt lat="52.2025400" lon="1.4046100">
        <ele>0</ele>
        <time>2026-06-26T08:23:48.858Z</time>
        <name>729</name>
        <extensions>
          <speed_mps>17.882</speed_mps>
          <speed_mph>40.0</speed_mph>
        </extensions>
      </trkpt>
      <trkpt lat="52.2039100" lon="1.4043300">
        <ele>0</ele>
        <time>2026-06-26T08:23:57.444Z</time>
        <name>730</name>
        <extensions>
          <speed_mps>17.882</speed_mps>
          <speed_mph>40.0</speed_mph>
        </extensions>
      </trkpt>
      <trkpt lat="52.2043200" lon="1.4042800">
        <ele>0</ele>
        <time>2026-06-26T08:24:00.001Z</time>
        <name>731</name>
        <extensions>
          <speed_mps>17.882</speed_mps>
          <speed_mph>40.0</speed_mph>
        </extensions>
      </trkpt>
      <trkpt lat="52.2055900" lon="1.4041800">
        <ele>0</ele>
        <time>2026-06-26T08:24:07.908Z</time>
        <name>732</name>
        <extensions>
          <speed_mps>17.882</speed_mps>
          <speed_mph>40.0</speed_mph>
        </extensions>
      </trkpt>
      <trkpt lat="52.2057000" lon="1.4041800">
        <ele>0</ele>
        <time>2026-06-26T08:24:08.592Z</time>
        <name>733</name>
        <extensions>
          <speed_mps>17.882</speed_mps>
          <speed_mph>40.0</speed_mph>
        </extensions>
      </trkpt>
      <trkpt lat="52.2057600" lon="1.4041900">
        <ele>0</ele>
        <time>2026-06-26T08:24:08.967Z</time>
        <name>734</name>
        <extensions>
          <speed_mps>17.882</speed_mps>
          <speed_mph>40.0</speed_mph>
        </extensions>
      </trkpt>
      <trkpt lat="52.2058200" lon="1.4041800">
        <ele>0</ele>
        <time>2026-06-26T08:24:09.342Z</time>
        <name>735</name>
        <extensions>
          <speed_mps>17.882</speed_mps>
          <speed_mph>40.0</speed_mph>
        </extensions>
      </trkpt>
      <trkpt lat="52.2059400" lon="1.4041900">
        <ele>0</ele>
        <time>2026-06-26T08:24:10.089Z</time>
        <name>736</name>
        <extensions>
          <speed_mps>17.882</speed_mps>
          <speed_mph>40.0</speed_mph>
        </extensions>
      </trkpt>
      <trkpt lat="52.2062900" lon="1.4043000">
        <ele>0</ele>
        <time>2026-06-26T08:24:12.305Z</time>
        <name>737</name>
        <extensions>
          <speed_mps>17.882</speed_mps>
          <speed_mph>40.0</speed_mph>
        </extensions>
      </trkpt>
      <trkpt lat="52.2069000" lon="1.4045700">
        <ele>0</ele>
        <time>2026-06-26T08:24:16.236Z</time>
        <name>738</name>
        <extensions>
          <speed_mps>17.882</speed_mps>
          <speed_mph>40.0</speed_mph>
        </extensions>
      </trkpt>
      <trkpt lat="52.2072800" lon="1.4047700">
        <ele>0</ele>
        <time>2026-06-26T08:24:18.719Z</time>
        <name>739</name>
        <extensions>
          <speed_mps>17.882</speed_mps>
          <speed_mph>40.0</speed_mph>
        </extensions>
      </trkpt>
      <trkpt lat="52.2072900" lon="1.4047800">
        <ele>0</ele>
        <time>2026-06-26T08:24:18.792Z</time>
        <name>740</name>
        <extensions>
          <speed_mps>17.882</speed_mps>
          <speed_mph>40.0</speed_mph>
        </extensions>
      </trkpt>
      <trkpt lat="52.2075500" lon="1.4049500">
        <ele>0</ele>
        <time>2026-06-26T08:24:20.534Z</time>
        <name>741</name>
        <extensions>
          <speed_mps>17.882</speed_mps>
          <speed_mph>40.0</speed_mph>
        </extensions>
      </trkpt>
      <trkpt lat="52.2076500" lon="1.4050300">
        <ele>0</ele>
        <time>2026-06-26T08:24:21.226Z</time>
        <name>742</name>
        <extensions>
          <speed_mps>17.882</speed_mps>
          <speed_mph>40.0</speed_mph>
        </extensions>
      </trkpt>
      <trkpt lat="52.2076700" lon="1.4050400">
        <ele>0</ele>
        <time>2026-06-26T08:24:21.356Z</time>
        <name>743</name>
        <extensions>
          <speed_mps>17.882</speed_mps>
          <speed_mph>40.0</speed_mph>
        </extensions>
      </trkpt>
      <trkpt lat="52.2077800" lon="1.4051500">
        <ele>0</ele>
        <time>2026-06-26T08:24:22.159Z</time>
        <name>744</name>
        <extensions>
          <speed_mps>17.882</speed_mps>
          <speed_mph>40.0</speed_mph>
        </extensions>
      </trkpt>
      <trkpt lat="52.2078500" lon="1.4052100">
        <ele>0</ele>
        <time>2026-06-26T08:24:22.650Z</time>
        <name>745</name>
        <extensions>
          <speed_mps>17.882</speed_mps>
          <speed_mph>40.0</speed_mph>
        </extensions>
      </trkpt>
      <trkpt lat="52.2080300" lon="1.4054100">
        <ele>0</ele>
        <time>2026-06-26T08:24:24.005Z</time>
        <name>746</name>
        <extensions>
          <speed_mps>17.882</speed_mps>
          <speed_mph>40.0</speed_mph>
        </extensions>
      </trkpt>
      <trkpt lat="52.2081900" lon="1.4056100">
        <ele>0</ele>
        <time>2026-06-26T08:24:25.258Z</time>
        <name>747</name>
        <extensions>
          <speed_mps>17.882</speed_mps>
          <speed_mph>40.0</speed_mph>
        </extensions>
      </trkpt>
      <trkpt lat="52.2082500" lon="1.4057000">
        <ele>0</ele>
        <time>2026-06-26T08:24:25.765Z</time>
        <name>748</name>
        <extensions>
          <speed_mps>17.882</speed_mps>
          <speed_mph>40.0</speed_mph>
        </extensions>
      </trkpt>
      <trkpt lat="52.2083200" lon="1.4057800">
        <ele>0</ele>
        <time>2026-06-26T08:24:26.297Z</time>
        <name>749</name>
        <extensions>
          <speed_mps>17.882</speed_mps>
          <speed_mph>40.0</speed_mph>
        </extensions>
      </trkpt>
      <trkpt lat="52.2084600" lon="1.4060100">
        <ele>0</ele>
        <time>2026-06-26T08:24:27.532Z</time>
        <name>750</name>
        <extensions>
          <speed_mps>17.882</speed_mps>
          <speed_mph>40.0</speed_mph>
        </extensions>
      </trkpt>
      <trkpt lat="52.2085300" lon="1.4061500">
        <ele>0</ele>
        <time>2026-06-26T08:24:28.221Z</time>
        <name>751</name>
        <extensions>
          <speed_mps>17.882</speed_mps>
          <speed_mph>40.0</speed_mph>
        </extensions>
      </trkpt>
      <trkpt lat="52.2085900" lon="1.4062500">
        <ele>0</ele>
        <time>2026-06-26T08:24:28.755Z</time>
        <name>752</name>
        <extensions>
          <speed_mps>17.882</speed_mps>
          <speed_mph>40.0</speed_mph>
        </extensions>
      </trkpt>
      <trkpt lat="52.2086500" lon="1.4063700">
        <ele>0</ele>
        <time>2026-06-26T08:24:29.345Z</time>
        <name>753</name>
        <extensions>
          <speed_mps>17.882</speed_mps>
          <speed_mph>40.0</speed_mph>
        </extensions>
      </trkpt>
      <trkpt lat="52.2089000" lon="1.4070000">
        <ele>0</ele>
        <time>2026-06-26T08:24:32.206Z</time>
        <name>754</name>
        <extensions>
          <speed_mps>17.882</speed_mps>
          <speed_mph>40.0</speed_mph>
        </extensions>
      </trkpt>
      <trkpt lat="52.2089400" lon="1.4071200">
        <ele>0</ele>
        <time>2026-06-26T08:24:32.727Z</time>
        <name>755</name>
        <extensions>
          <speed_mps>17.882</speed_mps>
          <speed_mph>40.0</speed_mph>
        </extensions>
      </trkpt>
      <trkpt lat="52.2089600" lon="1.4071500">
        <ele>0</ele>
        <time>2026-06-26T08:24:32.896Z</time>
        <name>756</name>
        <extensions>
          <speed_mps>17.882</speed_mps>
          <speed_mph>40.0</speed_mph>
        </extensions>
      </trkpt>
      <trkpt lat="52.2090000" lon="1.4072700">
        <ele>0</ele>
        <time>2026-06-26T08:24:33.417Z</time>
        <name>757</name>
        <extensions>
          <speed_mps>17.882</speed_mps>
          <speed_mph>40.0</speed_mph>
        </extensions>
      </trkpt>
      <trkpt lat="52.2091400" lon="1.4078100">
        <ele>0</ele>
        <time>2026-06-26T08:24:35.652Z</time>
        <name>758</name>
        <extensions>
          <speed_mps>17.882</speed_mps>
          <speed_mph>40.0</speed_mph>
        </extensions>
      </trkpt>
      <trkpt lat="52.2092800" lon="1.4086700">
        <ele>0</ele>
        <time>2026-06-26T08:24:39.045Z</time>
        <name>759</name>
        <extensions>
          <speed_mps>17.882</speed_mps>
          <speed_mph>40.0</speed_mph>
        </extensions>
      </trkpt>
      <trkpt lat="52.2093000" lon="1.4088500">
        <ele>0</ele>
        <time>2026-06-26T08:24:39.742Z</time>
        <name>760</name>
        <extensions>
          <speed_mps>17.882</speed_mps>
          <speed_mph>40.0</speed_mph>
        </extensions>
      </trkpt>
      <trkpt lat="52.2093000" lon="1.4088900">
        <ele>0</ele>
        <time>2026-06-26T08:24:39.894Z</time>
        <name>761</name>
        <extensions>
          <speed_mps>17.882</speed_mps>
          <speed_mph>40.0</speed_mph>
        </extensions>
      </trkpt>
      <trkpt lat="52.2094600" lon="1.4106300">
        <ele>0</ele>
        <time>2026-06-26T08:24:46.603Z</time>
        <name>762</name>
        <extensions>
          <speed_mps>17.882</speed_mps>
          <speed_mph>40.0</speed_mph>
        </extensions>
      </trkpt>
      <trkpt lat="52.2094900" lon="1.4114500">
        <ele>0</ele>
        <time>2026-06-26T08:24:49.735Z</time>
        <name>763</name>
        <extensions>
          <speed_mps>17.882</speed_mps>
          <speed_mph>40.0</speed_mph>
        </extensions>
      </trkpt>
      <trkpt lat="52.2094900" lon="1.4118100">
        <ele>0</ele>
        <time>2026-06-26T08:24:51.107Z</time>
        <name>764</name>
        <extensions>
          <speed_mps>17.882</speed_mps>
          <speed_mph>40.0</speed_mph>
        </extensions>
      </trkpt>
      <trkpt lat="52.2094800" lon="1.4119500">
        <ele>0</ele>
        <time>2026-06-26T08:24:51.645Z</time>
        <name>765</name>
        <extensions>
          <speed_mps>17.882</speed_mps>
          <speed_mph>40.0</speed_mph>
        </extensions>
      </trkpt>
      <trkpt lat="52.2094900" lon="1.4120900">
        <ele>0</ele>
        <time>2026-06-26T08:24:52.182Z</time>
        <name>766</name>
        <extensions>
          <speed_mps>17.882</speed_mps>
          <speed_mph>40.0</speed_mph>
        </extensions>
      </trkpt>
      <trkpt lat="52.2094800" lon="1.4136300">
        <ele>0</ele>
        <time>2026-06-26T08:24:58.054Z</time>
        <name>767</name>
        <extensions>
          <speed_mps>17.882</speed_mps>
          <speed_mph>40.0</speed_mph>
        </extensions>
      </trkpt>
      <trkpt lat="52.2095800" lon="1.4145100">
        <ele>0</ele>
        <time>2026-06-26T08:25:01.466Z</time>
        <name>768</name>
        <extensions>
          <speed_mps>17.882</speed_mps>
          <speed_mph>40.0</speed_mph>
        </extensions>
      </trkpt>
      <trkpt lat="52.2095900" lon="1.4145300">
        <ele>0</ele>
        <time>2026-06-26T08:25:01.564Z</time>
        <name>769</name>
        <extensions>
          <speed_mps>17.882</speed_mps>
          <speed_mph>40.0</speed_mph>
        </extensions>
      </trkpt>
      <trkpt lat="52.2103900" lon="1.4184100">
        <ele>0</ele>
        <time>2026-06-26T08:25:17.171Z</time>
        <name>770</name>
        <extensions>
          <speed_mps>17.882</speed_mps>
          <speed_mph>40.0</speed_mph>
        </extensions>
      </trkpt>
      <trkpt lat="52.2106300" lon="1.4197200">
        <ele>0</ele>
        <time>2026-06-26T08:25:22.384Z</time>
        <name>771</name>
        <extensions>
          <speed_mps>17.882</speed_mps>
          <speed_mph>40.0</speed_mph>
        </extensions>
      </trkpt>
      <trkpt lat="52.2106800" lon="1.4202900">
        <ele>0</ele>
        <time>2026-06-26T08:25:24.579Z</time>
        <name>772</name>
        <extensions>
          <speed_mps>17.882</speed_mps>
          <speed_mph>40.0</speed_mph>
        </extensions>
      </trkpt>
      <trkpt lat="52.2107200" lon="1.4209800">
        <ele>0</ele>
        <time>2026-06-26T08:25:27.222Z</time>
        <name>773</name>
        <extensions>
          <speed_mps>17.882</speed_mps>
          <speed_mph>40.0</speed_mph>
        </extensions>
      </trkpt>
      <trkpt lat="52.2107300" lon="1.4217200">
        <ele>0</ele>
        <time>2026-06-26T08:25:30.043Z</time>
        <name>774</name>
        <extensions>
          <speed_mps>17.882</speed_mps>
          <speed_mph>40.0</speed_mph>
        </extensions>
      </trkpt>
      <trkpt lat="52.2107400" lon="1.4218600">
        <ele>0</ele>
        <time>2026-06-26T08:25:30.581Z</time>
        <name>775</name>
        <extensions>
          <speed_mps>17.882</speed_mps>
          <speed_mph>40.0</speed_mph>
        </extensions>
      </trkpt>
      <trkpt lat="52.2107400" lon="1.4221400">
        <ele>0</ele>
        <time>2026-06-26T08:25:31.648Z</time>
        <name>776</name>
        <extensions>
          <speed_mps>17.882</speed_mps>
          <speed_mph>40.0</speed_mph>
        </extensions>
      </trkpt>
      <trkpt lat="52.2107800" lon="1.4226600">
        <ele>0</ele>
        <time>2026-06-26T08:25:33.646Z</time>
        <name>777</name>
        <extensions>
          <speed_mps>17.882</speed_mps>
          <speed_mph>40.0</speed_mph>
        </extensions>
      </trkpt>
      <trkpt lat="52.2108000" lon="1.4228100">
        <ele>0</ele>
        <time>2026-06-26T08:25:34.232Z</time>
        <name>778</name>
        <extensions>
          <speed_mps>17.882</speed_mps>
          <speed_mph>40.0</speed_mph>
        </extensions>
      </trkpt>
      <trkpt lat="52.2108200" lon="1.4228900">
        <ele>0</ele>
        <time>2026-06-26T08:25:34.561Z</time>
        <name>779</name>
        <extensions>
          <speed_mps>17.882</speed_mps>
          <speed_mph>40.0</speed_mph>
        </extensions>
      </trkpt>
      <trkpt lat="52.2108700" lon="1.4231600">
        <ele>0</ele>
        <time>2026-06-26T08:25:35.636Z</time>
        <name>780</name>
        <extensions>
          <speed_mps>17.882</speed_mps>
          <speed_mph>40.0</speed_mph>
        </extensions>
      </trkpt>
      <trkpt lat="52.2108700" lon="1.4231700">
        <ele>0</ele>
        <time>2026-06-26T08:25:35.674Z</time>
        <name>781</name>
        <extensions>
          <speed_mps>17.882</speed_mps>
          <speed_mph>40.0</speed_mph>
        </extensions>
      </trkpt>
      <trkpt lat="52.2108800" lon="1.4231900">
        <ele>0</ele>
        <time>2026-06-26T08:25:35.773Z</time>
        <name>782</name>
        <extensions>
          <speed_mps>17.882</speed_mps>
          <speed_mph>40.0</speed_mph>
        </extensions>
      </trkpt>
      <trkpt lat="52.2109200" lon="1.4233200">
        <ele>0</ele>
        <time>2026-06-26T08:25:36.327Z</time>
        <name>783</name>
        <extensions>
          <speed_mps>17.882</speed_mps>
          <speed_mph>40.0</speed_mph>
        </extensions>
      </trkpt>
      <trkpt lat="52.2109300" lon="1.4233700">
        <ele>0</ele>
        <time>2026-06-26T08:25:36.528Z</time>
        <name>784</name>
        <extensions>
          <speed_mps>17.882</speed_mps>
          <speed_mph>40.0</speed_mph>
        </extensions>
      </trkpt>
      <trkpt lat="52.2112400" lon="1.4244500">
        <ele>0</ele>
        <time>2026-06-26T08:25:41.074Z</time>
        <name>785</name>
        <extensions>
          <speed_mps>17.882</speed_mps>
          <speed_mph>40.0</speed_mph>
        </extensions>
      </trkpt>
      <trkpt lat="52.2112600" lon="1.4244900">
        <ele>0</ele>
        <time>2026-06-26T08:25:41.271Z</time>
        <name>786</name>
        <extensions>
          <speed_mps>17.882</speed_mps>
          <speed_mph>40.0</speed_mph>
        </extensions>
      </trkpt>
      <trkpt lat="52.2114200" lon="1.4249600">
        <ele>0</ele>
        <time>2026-06-26T08:25:43.321Z</time>
        <name>787</name>
        <extensions>
          <speed_mps>17.882</speed_mps>
          <speed_mph>40.0</speed_mph>
        </extensions>
      </trkpt>
      <trkpt lat="52.2114700" lon="1.4250700">
        <ele>0</ele>
        <time>2026-06-26T08:25:43.843Z</time>
        <name>788</name>
        <extensions>
          <speed_mps>17.882</speed_mps>
          <speed_mph>40.0</speed_mph>
        </extensions>
      </trkpt>
      <trkpt lat="52.2115300" lon="1.4252400">
        <ele>0</ele>
        <time>2026-06-26T08:25:44.591Z</time>
        <name>789</name>
        <extensions>
          <speed_mps>17.882</speed_mps>
          <speed_mph>40.0</speed_mph>
        </extensions>
      </trkpt>
      <trkpt lat="52.2115800" lon="1.4253300">
        <ele>0</ele>
        <time>2026-06-26T08:25:45.054Z</time>
        <name>790</name>
        <extensions>
          <speed_mps>17.882</speed_mps>
          <speed_mph>40.0</speed_mph>
        </extensions>
      </trkpt>
      <trkpt lat="52.2117100" lon="1.4256000">
        <ele>0</ele>
        <time>2026-06-26T08:25:46.362Z</time>
        <name>791</name>
        <extensions>
          <speed_mps>17.882</speed_mps>
          <speed_mph>40.0</speed_mph>
        </extensions>
      </trkpt>
      <trkpt lat="52.2117200" lon="1.4256100">
        <ele>0</ele>
        <time>2026-06-26T08:25:46.435Z</time>
        <name>792</name>
        <extensions>
          <speed_mps>17.882</speed_mps>
          <speed_mph>40.0</speed_mph>
        </extensions>
      </trkpt>
      <trkpt lat="52.2119600" lon="1.4260300">
        <ele>0</ele>
        <time>2026-06-26T08:25:48.624Z</time>
        <name>793</name>
        <extensions>
          <speed_mps>17.882</speed_mps>
          <speed_mph>40.0</speed_mph>
        </extensions>
      </trkpt>
      <trkpt lat="52.2120100" lon="1.4261000">
        <ele>0</ele>
        <time>2026-06-26T08:25:49.034Z</time>
        <name>794</name>
        <extensions>
          <speed_mps>17.882</speed_mps>
          <speed_mph>40.0</speed_mph>
        </extensions>
      </trkpt>
      <trkpt lat="52.2126900" lon="1.4271800">
        <ele>0</ele>
        <time>2026-06-26T08:25:54.936Z</time>
        <name>795</name>
        <extensions>
          <speed_mps>17.882</speed_mps>
          <speed_mph>40.0</speed_mph>
        </extensions>
      </trkpt>
      <trkpt lat="52.2127200" lon="1.4272400">
        <ele>0</ele>
        <time>2026-06-26T08:25:55.231Z</time>
        <name>796</name>
        <extensions>
          <speed_mps>17.882</speed_mps>
          <speed_mph>40.0</speed_mph>
        </extensions>
      </trkpt>
      <trkpt lat="52.2129900" lon="1.4276700">
        <ele>0</ele>
        <time>2026-06-26T08:25:57.578Z</time>
        <name>797</name>
        <extensions>
          <speed_mps>17.882</speed_mps>
          <speed_mph>40.0</speed_mph>
        </extensions>
      </trkpt>
      <trkpt lat="52.2132100" lon="1.4280600">
        <ele>0</ele>
        <time>2026-06-26T08:25:59.598Z</time>
        <name>798</name>
        <extensions>
          <speed_mps>17.882</speed_mps>
          <speed_mph>40.0</speed_mph>
        </extensions>
      </trkpt>
      <trkpt lat="52.2132400" lon="1.4281000">
        <ele>0</ele>
        <time>2026-06-26T08:25:59.839Z</time>
        <name>799</name>
        <extensions>
          <speed_mps>17.882</speed_mps>
          <speed_mph>40.0</speed_mph>
        </extensions>
      </trkpt>
      <trkpt lat="52.2135100" lon="1.4285900">
        <ele>0</ele>
        <time>2026-06-26T08:26:02.351Z</time>
        <name>800</name>
        <extensions>
          <speed_mps>17.882</speed_mps>
          <speed_mph>40.0</speed_mph>
        </extensions>
      </trkpt>
      <trkpt lat="52.2135300" lon="1.4286100">
        <ele>0</ele>
        <time>2026-06-26T08:26:02.497Z</time>
        <name>801</name>
        <extensions>
          <speed_mps>17.882</speed_mps>
          <speed_mph>40.0</speed_mph>
        </extensions>
      </trkpt>
      <trkpt lat="52.2136400" lon="1.4288200">
        <ele>0</ele>
        <time>2026-06-26T08:26:03.550Z</time>
        <name>802</name>
        <extensions>
          <speed_mps>17.882</speed_mps>
          <speed_mph>40.0</speed_mph>
        </extensions>
      </trkpt>
      <trkpt lat="52.2137600" lon="1.4290900">
        <ele>0</ele>
        <time>2026-06-26T08:26:04.821Z</time>
        <name>803</name>
        <extensions>
          <speed_mps>17.882</speed_mps>
          <speed_mph>40.0</speed_mph>
        </extensions>
      </trkpt>
      <trkpt lat="52.2138400" lon="1.4293600">
        <ele>0</ele>
        <time>2026-06-26T08:26:05.964Z</time>
        <name>804</name>
        <extensions>
          <speed_mps>17.882</speed_mps>
          <speed_mph>40.0</speed_mph>
        </extensions>
      </trkpt>
      <trkpt lat="52.2138700" lon="1.4295000">
        <ele>0</ele>
        <time>2026-06-26T08:26:06.530Z</time>
        <name>805</name>
        <extensions>
          <speed_mps>17.882</speed_mps>
          <speed_mph>40.0</speed_mph>
        </extensions>
      </trkpt>
      <trkpt lat="52.2139000" lon="1.4297200">
        <ele>0</ele>
        <time>2026-06-26T08:26:07.389Z</time>
        <name>806</name>
        <extensions>
          <speed_mps>17.882</speed_mps>
          <speed_mph>40.0</speed_mph>
        </extensions>
      </trkpt>
      <trkpt lat="52.2139000" lon="1.4298400">
        <ele>0</ele>
        <time>2026-06-26T08:26:07.846Z</time>
        <name>807</name>
        <extensions>
          <speed_mps>17.882</speed_mps>
          <speed_mph>40.0</speed_mph>
        </extensions>
      </trkpt>
      <trkpt lat="52.2139100" lon="1.4299600">
        <ele>0</ele>
        <time>2026-06-26T08:26:08.308Z</time>
        <name>808</name>
        <extensions>
          <speed_mps>17.882</speed_mps>
          <speed_mph>40.0</speed_mph>
        </extensions>
      </trkpt>
      <trkpt lat="52.2139100" lon="1.4301300">
        <ele>0</ele>
        <time>2026-06-26T08:26:08.956Z</time>
        <name>809</name>
        <extensions>
          <speed_mps>17.882</speed_mps>
          <speed_mph>40.0</speed_mph>
        </extensions>
      </trkpt>
      <trkpt lat="52.2139000" lon="1.4302600">
        <ele>0</ele>
        <time>2026-06-26T08:26:09.455Z</time>
        <name>810</name>
        <extensions>
          <speed_mps>17.882</speed_mps>
          <speed_mph>40.0</speed_mph>
        </extensions>
      </trkpt>
      <trkpt lat="52.2139000" lon="1.4303300">
        <ele>0</ele>
        <time>2026-06-26T08:26:09.722Z</time>
        <name>811</name>
        <extensions>
          <speed_mps>17.882</speed_mps>
          <speed_mph>40.0</speed_mph>
        </extensions>
      </trkpt>
      <trkpt lat="52.2137800" lon="1.4314400">
        <ele>0</ele>
        <time>2026-06-26T08:26:14.019Z</time>
        <name>812</name>
        <extensions>
          <speed_mps>17.882</speed_mps>
          <speed_mph>40.0</speed_mph>
        </extensions>
      </trkpt>
      <trkpt lat="52.2137700" lon="1.4314800">
        <ele>0</ele>
        <time>2026-06-26T08:26:14.184Z</time>
        <name>813</name>
        <extensions>
          <speed_mps>17.882</speed_mps>
          <speed_mph>40.0</speed_mph>
        </extensions>
      </trkpt>
      <trkpt lat="52.2137700" lon="1.4315300">
        <ele>0</ele>
        <time>2026-06-26T08:26:14.374Z</time>
        <name>814</name>
        <extensions>
          <speed_mps>17.882</speed_mps>
          <speed_mph>40.0</speed_mph>
        </extensions>
      </trkpt>
      <trkpt lat="52.2137100" lon="1.4320900">
        <ele>0</ele>
        <time>2026-06-26T08:26:16.542Z</time>
        <name>815</name>
        <extensions>
          <speed_mps>17.882</speed_mps>
          <speed_mph>40.0</speed_mph>
        </extensions>
      </trkpt>
      <trkpt lat="52.2137100" lon="1.4321500">
        <ele>0</ele>
        <time>2026-06-26T08:26:16.770Z</time>
        <name>816</name>
        <extensions>
          <speed_mps>17.882</speed_mps>
          <speed_mph>40.0</speed_mph>
        </extensions>
      </trkpt>
      <trkpt lat="52.2136900" lon="1.4323400">
        <ele>0</ele>
        <time>2026-06-26T08:26:17.505Z</time>
        <name>817</name>
        <extensions>
          <speed_mps>17.882</speed_mps>
          <speed_mph>40.0</speed_mph>
        </extensions>
      </trkpt>
      <trkpt lat="52.2136600" lon="1.4328500">
        <ele>0</ele>
        <time>2026-06-26T08:26:19.459Z</time>
        <name>818</name>
        <extensions>
          <speed_mps>17.882</speed_mps>
          <speed_mph>40.0</speed_mph>
        </extensions>
      </trkpt>
      <trkpt lat="52.2136600" lon="1.4329400">
        <ele>0</ele>
        <time>2026-06-26T08:26:19.802Z</time>
        <name>819</name>
        <extensions>
          <speed_mps>17.882</speed_mps>
          <speed_mph>40.0</speed_mph>
        </extensions>
      </trkpt>
      <trkpt lat="52.2136500" lon="1.4329700">
        <ele>0</ele>
        <time>2026-06-26T08:26:19.932Z</time>
        <name>820</name>
        <extensions>
          <speed_mps>17.882</speed_mps>
          <speed_mph>40.0</speed_mph>
        </extensions>
      </trkpt>
      <trkpt lat="52.2136000" lon="1.4339500">
        <ele>0</ele>
        <time>2026-06-26T08:26:23.681Z</time>
        <name>821</name>
        <extensions>
          <speed_mps>17.882</speed_mps>
          <speed_mph>40.0</speed_mph>
        </extensions>
      </trkpt>
      <trkpt lat="52.2135900" lon="1.4340200">
        <ele>0</ele>
        <time>2026-06-26T08:26:23.955Z</time>
        <name>822</name>
        <extensions>
          <speed_mps>17.882</speed_mps>
          <speed_mph>40.0</speed_mph>
        </extensions>
      </trkpt>
      <trkpt lat="52.2135900" lon="1.4341300">
        <ele>0</ele>
        <time>2026-06-26T08:26:24.374Z</time>
        <name>823</name>
        <extensions>
          <speed_mps>17.882</speed_mps>
          <speed_mph>40.0</speed_mph>
        </extensions>
      </trkpt>
      <trkpt lat="52.2135700" lon="1.4344600">
        <ele>0</ele>
        <time>2026-06-26T08:26:25.638Z</time>
        <name>824</name>
        <extensions>
          <speed_mps>17.882</speed_mps>
          <speed_mph>40.0</speed_mph>
        </extensions>
      </trkpt>
      <trkpt lat="52.2135700" lon="1.4347900">
        <ele>0</ele>
        <time>2026-06-26T08:26:26.896Z</time>
        <name>825</name>
        <extensions>
          <speed_mps>17.882</speed_mps>
          <speed_mph>40.0</speed_mph>
        </extensions>
      </trkpt>
      <trkpt lat="52.2135800" lon="1.4348200">
        <ele>0</ele>
        <time>2026-06-26T08:26:27.027Z</time>
        <name>826</name>
        <extensions>
          <speed_mps>17.882</speed_mps>
          <speed_mph>40.0</speed_mph>
        </extensions>
      </trkpt>
      <trkpt lat="52.2135800" lon="1.4348600">
        <ele>0</ele>
        <time>2026-06-26T08:26:27.179Z</time>
        <name>827</name>
        <extensions>
          <speed_mps>17.882</speed_mps>
          <speed_mph>40.0</speed_mph>
        </extensions>
      </trkpt>
      <trkpt lat="52.2135900" lon="1.4349000">
        <ele>0</ele>
        <time>2026-06-26T08:26:27.344Z</time>
        <name>828</name>
        <extensions>
          <speed_mps>17.882</speed_mps>
          <speed_mph>40.0</speed_mph>
        </extensions>
      </trkpt>
      <trkpt lat="52.2136000" lon="1.4349700">
        <ele>0</ele>
        <time>2026-06-26T08:26:27.618Z</time>
        <name>829</name>
        <extensions>
          <speed_mps>17.882</speed_mps>
          <speed_mph>40.0</speed_mph>
        </extensions>
      </trkpt>
      <trkpt lat="52.2136100" lon="1.4349800">
        <ele>0</ele>
        <time>2026-06-26T08:26:27.691Z</time>
        <name>830</name>
        <extensions>
          <speed_mps>17.882</speed_mps>
          <speed_mph>40.0</speed_mph>
        </extensions>
      </trkpt>
      <trkpt lat="52.2136500" lon="1.4351200">
        <ele>0</ele>
        <time>2026-06-26T08:26:28.280Z</time>
        <name>831</name>
        <extensions>
          <speed_mps>17.882</speed_mps>
          <speed_mph>40.0</speed_mph>
        </extensions>
      </trkpt>
      <trkpt lat="52.2137900" lon="1.4353500">
        <ele>0</ele>
        <time>2026-06-26T08:26:29.515Z</time>
        <name>832</name>
        <extensions>
          <speed_mps>17.882</speed_mps>
          <speed_mph>40.0</speed_mph>
        </extensions>
      </trkpt>
      <trkpt lat="52.2138800" lon="1.4354700">
        <ele>0</ele>
        <time>2026-06-26T08:26:30.238Z</time>
        <name>833</name>
        <extensions>
          <speed_mps>17.882</speed_mps>
          <speed_mph>40.0</speed_mph>
        </extensions>
      </trkpt>
      <trkpt lat="52.2141000" lon="1.4356100">
        <ele>0</ele>
        <time>2026-06-26T08:26:31.706Z</time>
        <name>834</name>
        <extensions>
          <speed_mps>17.882</speed_mps>
          <speed_mph>40.0</speed_mph>
        </extensions>
      </trkpt>
      <trkpt lat="52.2143100" lon="1.4357300">
        <ele>0</ele>
        <time>2026-06-26T08:26:33.090Z</time>
        <name>835</name>
        <extensions>
          <speed_mps>17.882</speed_mps>
          <speed_mph>40.0</speed_mph>
        </extensions>
      </trkpt>
      <trkpt lat="52.2144800" lon="1.4358400">
        <ele>0</ele>
        <time>2026-06-26T08:26:34.227Z</time>
        <name>836</name>
        <extensions>
          <speed_mps>17.882</speed_mps>
          <speed_mph>40.0</speed_mph>
        </extensions>
      </trkpt>
      <trkpt lat="52.2145500" lon="1.4359000">
        <ele>0</ele>
        <time>2026-06-26T08:26:34.719Z</time>
        <name>837</name>
        <extensions>
          <speed_mps>17.882</speed_mps>
          <speed_mph>40.0</speed_mph>
        </extensions>
      </trkpt>
      <trkpt lat="52.2145800" lon="1.4359200">
        <ele>0</ele>
        <time>2026-06-26T08:26:34.921Z</time>
        <name>838</name>
        <extensions>
          <speed_mps>17.882</speed_mps>
          <speed_mph>40.0</speed_mph>
        </extensions>
      </trkpt>
      <trkpt lat="52.2153900" lon="1.4366100">
        <ele>0</ele>
        <time>2026-06-26T08:26:40.603Z</time>
        <name>839</name>
        <extensions>
          <speed_mps>17.882</speed_mps>
          <speed_mph>40.0</speed_mph>
        </extensions>
      </trkpt>
      <trkpt lat="52.2154300" lon="1.4366500">
        <ele>0</ele>
        <time>2026-06-26T08:26:40.895Z</time>
        <name>840</name>
        <extensions>
          <speed_mps>17.882</speed_mps>
          <speed_mph>40.0</speed_mph>
        </extensions>
      </trkpt>
      <trkpt lat="52.2157600" lon="1.4369300">
        <ele>0</ele>
        <time>2026-06-26T08:26:43.208Z</time>
        <name>841</name>
        <extensions>
          <speed_mps>17.882</speed_mps>
          <speed_mph>40.0</speed_mph>
        </extensions>
      </trkpt>
      <trkpt lat="52.2158000" lon="1.4369800">
        <ele>0</ele>
        <time>2026-06-26T08:26:43.521Z</time>
        <name>842</name>
        <extensions>
          <speed_mps>17.882</speed_mps>
          <speed_mph>40.0</speed_mph>
        </extensions>
      </trkpt>
      <trkpt lat="52.2159500" lon="1.4371200">
        <ele>0</ele>
        <time>2026-06-26T08:26:44.596Z</time>
        <name>843</name>
        <extensions>
          <speed_mps>17.882</speed_mps>
          <speed_mph>40.0</speed_mph>
        </extensions>
      </trkpt>
      <trkpt lat="52.2161200" lon="1.4373200">
        <ele>0</ele>
        <time>2026-06-26T08:26:45.899Z</time>
        <name>844</name>
        <extensions>
          <speed_mps>17.882</speed_mps>
          <speed_mph>40.0</speed_mph>
        </extensions>
      </trkpt>
      <trkpt lat="52.2161200" lon="1.4373300">
        <ele>0</ele>
        <time>2026-06-26T08:26:45.937Z</time>
        <name>845</name>
        <extensions>
          <speed_mps>17.882</speed_mps>
          <speed_mph>40.0</speed_mph>
        </extensions>
      </trkpt>
      <trkpt lat="52.2162500" lon="1.4374900">
        <ele>0</ele>
        <time>2026-06-26T08:26:46.950Z</time>
        <name>846</name>
        <extensions>
          <speed_mps>17.882</speed_mps>
          <speed_mph>40.0</speed_mph>
        </extensions>
      </trkpt>
      <trkpt lat="52.2164100" lon="1.4377400">
        <ele>0</ele>
        <time>2026-06-26T08:26:48.328Z</time>
        <name>847</name>
        <extensions>
          <speed_mps>17.882</speed_mps>
          <speed_mph>40.0</speed_mph>
        </extensions>
      </trkpt>
      <trkpt lat="52.2165200" lon="1.4379400">
        <ele>0</ele>
        <time>2026-06-26T08:26:49.352Z</time>
        <name>848</name>
        <extensions>
          <speed_mps>17.882</speed_mps>
          <speed_mph>40.0</speed_mph>
        </extensions>
      </trkpt>
      <trkpt lat="52.2165200" lon="1.4379600">
        <ele>0</ele>
        <time>2026-06-26T08:26:49.428Z</time>
        <name>849</name>
        <extensions>
          <speed_mps>17.882</speed_mps>
          <speed_mph>40.0</speed_mph>
        </extensions>
      </trkpt>
      <trkpt lat="52.2165600" lon="1.4380300">
        <ele>0</ele>
        <time>2026-06-26T08:26:49.793Z</time>
        <name>850</name>
        <extensions>
          <speed_mps>17.882</speed_mps>
          <speed_mph>40.0</speed_mph>
        </extensions>
      </trkpt>
      <trkpt lat="52.2167000" lon="1.4383800">
        <ele>0</ele>
        <time>2026-06-26T08:26:51.386Z</time>
        <name>851</name>
        <extensions>
          <speed_mps>17.882</speed_mps>
          <speed_mph>40.0</speed_mph>
        </extensions>
      </trkpt>
      <trkpt lat="52.2167500" lon="1.4385400">
        <ele>0</ele>
        <time>2026-06-26T08:26:52.071Z</time>
        <name>852</name>
        <extensions>
          <speed_mps>17.882</speed_mps>
          <speed_mph>40.0</speed_mph>
        </extensions>
      </trkpt>
      <trkpt lat="52.2168200" lon="1.4388500">
        <ele>0</ele>
        <time>2026-06-26T08:26:53.330Z</time>
        <name>853</name>
        <extensions>
          <speed_mps>17.882</speed_mps>
          <speed_mph>40.0</speed_mph>
        </extensions>
      </trkpt>
      <trkpt lat="52.2168300" lon="1.4388800">
        <ele>0</ele>
        <time>2026-06-26T08:26:53.460Z</time>
        <name>854</name>
        <extensions>
          <speed_mps>17.882</speed_mps>
          <speed_mph>40.0</speed_mph>
        </extensions>
      </trkpt>
      <trkpt lat="52.2168400" lon="1.4389500">
        <ele>0</ele>
        <time>2026-06-26T08:26:53.734Z</time>
        <name>855</name>
        <extensions>
          <speed_mps>17.882</speed_mps>
          <speed_mph>40.0</speed_mph>
        </extensions>
      </trkpt>
      <trkpt lat="52.2168600" lon="1.4390200">
        <ele>0</ele>
        <time>2026-06-26T08:26:54.029Z</time>
        <name>856</name>
        <extensions>
          <speed_mps>17.882</speed_mps>
          <speed_mph>40.0</speed_mph>
        </extensions>
      </trkpt>
      <trkpt lat="52.2169000" lon="1.4392600">
        <ele>0</ele>
        <time>2026-06-26T08:26:54.977Z</time>
        <name>857</name>
        <extensions>
          <speed_mps>17.882</speed_mps>
          <speed_mph>40.0</speed_mph>
        </extensions>
      </trkpt>
      <trkpt lat="52.2169000" lon="1.4393000">
        <ele>0</ele>
        <time>2026-06-26T08:26:55.129Z</time>
        <name>858</name>
        <extensions>
          <speed_mps>17.882</speed_mps>
          <speed_mph>40.0</speed_mph>
        </extensions>
      </trkpt>
      <trkpt lat="52.2169100" lon="1.4393400">
        <ele>0</ele>
        <time>2026-06-26T08:26:55.294Z</time>
        <name>859</name>
        <extensions>
          <speed_mps>17.882</speed_mps>
          <speed_mph>40.0</speed_mph>
        </extensions>
      </trkpt>
      <trkpt lat="52.2169100" lon="1.4393900">
        <ele>0</ele>
        <time>2026-06-26T08:26:55.485Z</time>
        <name>860</name>
        <extensions>
          <speed_mps>17.882</speed_mps>
          <speed_mph>40.0</speed_mph>
        </extensions>
      </trkpt>
      <trkpt lat="52.2169200" lon="1.4394900">
        <ele>0</ele>
        <time>2026-06-26T08:26:55.871Z</time>
        <name>861</name>
        <extensions>
          <speed_mps>17.882</speed_mps>
          <speed_mph>40.0</speed_mph>
        </extensions>
      </trkpt>
      <trkpt lat="52.2169300" lon="1.4395400">
        <ele>0</ele>
        <time>2026-06-26T08:26:56.071Z</time>
        <name>862</name>
        <extensions>
          <speed_mps>17.882</speed_mps>
          <speed_mph>40.0</speed_mph>
        </extensions>
      </trkpt>
      <trkpt lat="52.2169500" lon="1.4398700">
        <ele>0</ele>
        <time>2026-06-26T08:26:57.335Z</time>
        <name>863</name>
        <extensions>
          <speed_mps>17.882</speed_mps>
          <speed_mph>40.0</speed_mph>
        </extensions>
      </trkpt>
      <trkpt lat="52.2169500" lon="1.4402500">
        <ele>0</ele>
        <time>2026-06-26T08:26:58.784Z</time>
        <name>864</name>
        <extensions>
          <speed_mps>17.882</speed_mps>
          <speed_mph>40.0</speed_mph>
        </extensions>
      </trkpt>
      <trkpt lat="52.2168900" lon="1.4415300">
        <ele>0</ele>
        <time>2026-06-26T08:27:03.678Z</time>
        <name>865</name>
        <extensions>
          <speed_mps>17.882</speed_mps>
          <speed_mph>40.0</speed_mph>
        </extensions>
      </trkpt>
      <trkpt lat="52.2168900" lon="1.4416700">
        <ele>0</ele>
        <time>2026-06-26T08:27:04.211Z</time>
        <name>866</name>
        <extensions>
          <speed_mps>17.882</speed_mps>
          <speed_mph>40.0</speed_mph>
        </extensions>
      </trkpt>
      <trkpt lat="52.2168300" lon="1.4426800">
        <ele>0</ele>
        <time>2026-06-26T08:27:08.079Z</time>
        <name>867</name>
        <extensions>
          <speed_mps>17.882</speed_mps>
          <speed_mph>40.0</speed_mph>
        </extensions>
      </trkpt>
      <trkpt lat="52.2167900" lon="1.4440400">
        <ele>0</ele>
        <time>2026-06-26T08:27:13.270Z</time>
        <name>868</name>
        <extensions>
          <speed_mps>17.882</speed_mps>
          <speed_mph>40.0</speed_mph>
        </extensions>
      </trkpt>
      <trkpt lat="52.2167800" lon="1.4441300">
        <ele>0</ele>
        <time>2026-06-26T08:27:13.618Z</time>
        <name>869</name>
        <extensions>
          <speed_mps>17.882</speed_mps>
          <speed_mph>40.0</speed_mph>
        </extensions>
      </trkpt>
      <trkpt lat="52.2167600" lon="1.4446200">
        <ele>0</ele>
        <time>2026-06-26T08:27:15.490Z</time>
        <name>870</name>
        <extensions>
          <speed_mps>17.882</speed_mps>
          <speed_mph>40.0</speed_mph>
        </extensions>
      </trkpt>
      <trkpt lat="52.2166900" lon="1.4456300">
        <ele>0</ele>
        <time>2026-06-26T08:27:19.365Z</time>
        <name>871</name>
        <extensions>
          <speed_mps>17.882</speed_mps>
          <speed_mph>40.0</speed_mph>
        </extensions>
      </trkpt>
      <trkpt lat="52.2166900" lon="1.4457800">
        <ele>0</ele>
        <time>2026-06-26T08:27:19.937Z</time>
        <name>872</name>
        <extensions>
          <speed_mps>17.882</speed_mps>
          <speed_mph>40.0</speed_mph>
        </extensions>
      </trkpt>
      <trkpt lat="52.2165600" lon="1.4466200">
        <ele>0</ele>
        <time>2026-06-26T08:27:23.239Z</time>
        <name>873</name>
        <extensions>
          <speed_mps>17.882</speed_mps>
          <speed_mph>40.0</speed_mph>
        </extensions>
      </trkpt>
      <trkpt lat="52.2164300" lon="1.4472800">
        <ele>0</ele>
        <time>2026-06-26T08:27:25.882Z</time>
        <name>874</name>
        <extensions>
          <speed_mps>17.882</speed_mps>
          <speed_mph>40.0</speed_mph>
        </extensions>
      </trkpt>
      <trkpt lat="52.2164300" lon="1.4476200">
        <ele>0</ele>
        <time>2026-06-26T08:27:27.178Z</time>
        <name>875</name>
        <extensions>
          <speed_mps>17.882</speed_mps>
          <speed_mph>40.0</speed_mph>
        </extensions>
      </trkpt>
      <trkpt lat="52.2164500" lon="1.4477500">
        <ele>0</ele>
        <time>2026-06-26T08:27:27.689Z</time>
        <name>876</name>
        <extensions>
          <speed_mps>17.882</speed_mps>
          <speed_mph>40.0</speed_mph>
        </extensions>
      </trkpt>
      <trkpt lat="52.2164900" lon="1.4478200">
        <ele>0</ele>
        <time>2026-06-26T08:27:28.054Z</time>
        <name>877</name>
        <extensions>
          <speed_mps>17.882</speed_mps>
          <speed_mph>40.0</speed_mph>
        </extensions>
      </trkpt>
      <trkpt lat="52.2165200" lon="1.4480200">
        <ele>0</ele>
        <time>2026-06-26T08:27:28.839Z</time>
        <name>878</name>
        <extensions>
          <speed_mps>17.882</speed_mps>
          <speed_mph>40.0</speed_mph>
        </extensions>
      </trkpt>
      <trkpt lat="52.2168500" lon="1.4487200">
        <ele>0</ele>
        <time>2026-06-26T08:27:32.205Z</time>
        <name>879</name>
        <extensions>
          <speed_mps>17.882</speed_mps>
          <speed_mph>40.0</speed_mph>
        </extensions>
      </trkpt>
      <trkpt lat="52.2169300" lon="1.4489300">
        <ele>0</ele>
        <time>2026-06-26T08:27:33.147Z</time>
        <name>880</name>
        <extensions>
          <speed_mps>17.882</speed_mps>
          <speed_mph>40.0</speed_mph>
        </extensions>
      </trkpt>
      <trkpt lat="52.2169800" lon="1.4491600">
        <ele>0</ele>
        <time>2026-06-26T08:27:34.078Z</time>
        <name>881</name>
        <extensions>
          <speed_mps>17.882</speed_mps>
          <speed_mph>40.0</speed_mph>
        </extensions>
      </trkpt>
      <trkpt lat="52.2172800" lon="1.4508800">
        <ele>0</ele>
        <time>2026-06-26T08:27:40.894Z</time>
        <name>882</name>
        <extensions>
          <speed_mps>17.882</speed_mps>
          <speed_mph>40.0</speed_mph>
        </extensions>
      </trkpt>
      <trkpt lat="52.2174800" lon="1.4518400">
        <ele>0</ele>
        <time>2026-06-26T08:27:44.760Z</time>
        <name>883</name>
        <extensions>
          <speed_mps>17.882</speed_mps>
          <speed_mph>40.0</speed_mph>
        </extensions>
      </trkpt>
      <trkpt lat="52.2175600" lon="1.4521700">
        <ele>0</ele>
        <time>2026-06-26T08:27:46.112Z</time>
        <name>884</name>
        <extensions>
          <speed_mps>17.882</speed_mps>
          <speed_mph>40.0</speed_mph>
        </extensions>
      </trkpt>
      <trkpt lat="52.2177100" lon="1.4526300">
        <ele>0</ele>
        <time>2026-06-26T08:27:48.098Z</time>
        <name>885</name>
        <extensions>
          <speed_mps>17.882</speed_mps>
          <speed_mph>40.0</speed_mph>
        </extensions>
      </trkpt>
      <trkpt lat="52.2178700" lon="1.4531800">
        <ele>0</ele>
        <time>2026-06-26T08:27:50.419Z</time>
        <name>886</name>
        <extensions>
          <speed_mps>17.882</speed_mps>
          <speed_mph>40.0</speed_mph>
        </extensions>
      </trkpt>
      <trkpt lat="52.2183100" lon="1.4541600">
        <ele>0</ele>
        <time>2026-06-26T08:27:55.050Z</time>
        <name>887</name>
        <extensions>
          <speed_mps>17.882</speed_mps>
          <speed_mph>40.0</speed_mph>
        </extensions>
      </trkpt>
      <trkpt lat="52.2184000" lon="1.4543400">
        <ele>0</ele>
        <time>2026-06-26T08:27:55.935Z</time>
        <name>888</name>
        <extensions>
          <speed_mps>17.882</speed_mps>
          <speed_mph>40.0</speed_mph>
        </extensions>
      </trkpt>
      <trkpt lat="52.2185300" lon="1.4545600">
        <ele>0</ele>
        <time>2026-06-26T08:27:57.100Z</time>
        <name>889</name>
        <extensions>
          <speed_mps>17.882</speed_mps>
          <speed_mph>40.0</speed_mph>
        </extensions>
      </trkpt>
      <trkpt lat="52.2187600" lon="1.4550000">
        <ele>0</ele>
        <time>2026-06-26T08:27:59.304Z</time>
        <name>890</name>
        <extensions>
          <speed_mps>17.882</speed_mps>
          <speed_mph>40.0</speed_mph>
        </extensions>
      </trkpt>
      <trkpt lat="52.2187700" lon="1.4550300">
        <ele>0</ele>
        <time>2026-06-26T08:27:59.434Z</time>
        <name>891</name>
        <extensions>
          <speed_mps>17.882</speed_mps>
          <speed_mph>40.0</speed_mph>
        </extensions>
      </trkpt>
      <trkpt lat="52.2190800" lon="1.4554900">
        <ele>0</ele>
        <time>2026-06-26T08:28:02.040Z</time>
        <name>892</name>
        <extensions>
          <speed_mps>17.882</speed_mps>
          <speed_mph>40.0</speed_mph>
        </extensions>
      </trkpt>
      <trkpt lat="52.2195500" lon="1.4560900">
        <ele>0</ele>
        <time>2026-06-26T08:28:05.751Z</time>
        <name>893</name>
        <extensions>
          <speed_mps>17.882</speed_mps>
          <speed_mph>40.0</speed_mph>
        </extensions>
      </trkpt>
      <trkpt lat="52.2208700" lon="1.4576900">
        <ele>0</ele>
        <time>2026-06-26T08:28:15.977Z</time>
        <name>894</name>
        <extensions>
          <speed_mps>17.882</speed_mps>
          <speed_mph>40.0</speed_mph>
        </extensions>
      </trkpt>
      <trkpt lat="52.2217100" lon="1.4585600">
        <ele>0</ele>
        <time>2026-06-26T08:28:22.164Z</time>
        <name>895</name>
        <extensions>
          <speed_mps>17.882</speed_mps>
          <speed_mph>40.0</speed_mph>
        </extensions>
      </trkpt>
      <trkpt lat="52.2218700" lon="1.4586900">
        <ele>0</ele>
        <time>2026-06-26T08:28:23.276Z</time>
        <name>896</name>
        <extensions>
          <speed_mps>17.882</speed_mps>
          <speed_mph>40.0</speed_mph>
        </extensions>
      </trkpt>
      <trkpt lat="52.2222500" lon="1.4589700">
        <ele>0</ele>
        <time>2026-06-26T08:28:25.869Z</time>
        <name>897</name>
        <extensions>
          <speed_mps>17.882</speed_mps>
          <speed_mph>40.0</speed_mph>
        </extensions>
      </trkpt>
      <trkpt lat="52.2227000" lon="1.4592600">
        <ele>0</ele>
        <time>2026-06-26T08:28:28.877Z</time>
        <name>898</name>
        <extensions>
          <speed_mps>17.882</speed_mps>
          <speed_mph>40.0</speed_mph>
        </extensions>
      </trkpt>
      <trkpt lat="52.2229900" lon="1.4594100">
        <ele>0</ele>
        <time>2026-06-26T08:28:30.769Z</time>
        <name>899</name>
        <extensions>
          <speed_mps>17.882</speed_mps>
          <speed_mph>40.0</speed_mph>
        </extensions>
      </trkpt>
      <trkpt lat="52.2233600" lon="1.4595600">
        <ele>0</ele>
        <time>2026-06-26T08:28:33.140Z</time>
        <name>900</name>
        <extensions>
          <speed_mps>17.882</speed_mps>
          <speed_mph>40.0</speed_mph>
        </extensions>
      </trkpt>
      <trkpt lat="52.2235100" lon="1.4596100">
        <ele>0</ele>
        <time>2026-06-26T08:28:34.092Z</time>
        <name>901</name>
        <extensions>
          <speed_mps>17.882</speed_mps>
          <speed_mph>40.0</speed_mph>
        </extensions>
      </trkpt>
      <trkpt lat="52.2238600" lon="1.4597000">
        <ele>0</ele>
        <time>2026-06-26T08:28:36.295Z</time>
        <name>902</name>
        <extensions>
          <speed_mps>17.882</speed_mps>
          <speed_mph>40.0</speed_mph>
        </extensions>
      </trkpt>
      <trkpt lat="52.2240000" lon="1.4597200">
        <ele>0</ele>
        <time>2026-06-26T08:28:37.169Z</time>
        <name>903</name>
        <extensions>
          <speed_mps>17.882</speed_mps>
          <speed_mph>40.0</speed_mph>
        </extensions>
      </trkpt>
      <trkpt lat="52.2244600" lon="1.4597600">
        <ele>0</ele>
        <time>2026-06-26T08:28:40.034Z</time>
        <name>904</name>
        <extensions>
          <speed_mps>17.882</speed_mps>
          <speed_mph>40.0</speed_mph>
        </extensions>
      </trkpt>
      <trkpt lat="52.2244800" lon="1.4597700">
        <ele>0</ele>
        <time>2026-06-26T08:28:40.164Z</time>
        <name>905</name>
        <extensions>
          <speed_mps>17.882</speed_mps>
          <speed_mph>40.0</speed_mph>
        </extensions>
      </trkpt>
      <trkpt lat="52.2250600" lon="1.4597400">
        <ele>0</ele>
        <time>2026-06-26T08:28:43.772Z</time>
        <name>906</name>
        <extensions>
          <speed_mps>17.882</speed_mps>
          <speed_mph>40.0</speed_mph>
        </extensions>
      </trkpt>
      <trkpt lat="52.2251700" lon="1.4597400">
        <ele>0</ele>
        <time>2026-06-26T08:28:44.456Z</time>
        <name>907</name>
        <extensions>
          <speed_mps>17.882</speed_mps>
          <speed_mph>40.0</speed_mph>
        </extensions>
      </trkpt>
      <trkpt lat="52.2251900" lon="1.4597600">
        <ele>0</ele>
        <time>2026-06-26T08:28:44.602Z</time>
        <name>908</name>
        <extensions>
          <speed_mps>17.882</speed_mps>
          <speed_mph>40.0</speed_mph>
        </extensions>
      </trkpt>
      <trkpt lat="52.2252000" lon="1.4597600">
        <ele>0</ele>
        <time>2026-06-26T08:28:44.664Z</time>
        <name>909</name>
        <extensions>
          <speed_mps>17.882</speed_mps>
          <speed_mph>40.0</speed_mph>
        </extensions>
      </trkpt>
      <trkpt lat="52.2252200" lon="1.4597900">
        <ele>0</ele>
        <time>2026-06-26T08:28:44.833Z</time>
        <name>910</name>
        <extensions>
          <speed_mps>17.882</speed_mps>
          <speed_mph>40.0</speed_mph>
        </extensions>
      </trkpt>
      <trkpt lat="52.2254000" lon="1.4597500">
        <ele>0</ele>
        <time>2026-06-26T08:28:45.963Z</time>
        <name>911</name>
        <extensions>
          <speed_mps>17.882</speed_mps>
          <speed_mph>40.0</speed_mph>
        </extensions>
      </trkpt>
      <trkpt lat="52.2254200" lon="1.4597400">
        <ele>0</ele>
        <time>2026-06-26T08:28:46.093Z</time>
        <name>912</name>
        <extensions>
          <speed_mps>17.882</speed_mps>
          <speed_mph>40.0</speed_mph>
        </extensions>
      </trkpt>
      <trkpt lat="52.2256000" lon="1.4597000">
        <ele>0</ele>
        <time>2026-06-26T08:28:47.223Z</time>
        <name>913</name>
        <extensions>
          <speed_mps>17.882</speed_mps>
          <speed_mph>40.0</speed_mph>
        </extensions>
      </trkpt>
      <trkpt lat="52.2261000" lon="1.4595500">
        <ele>0</ele>
        <time>2026-06-26T08:28:50.384Z</time>
        <name>914</name>
        <extensions>
          <speed_mps>17.882</speed_mps>
          <speed_mph>40.0</speed_mph>
        </extensions>
      </trkpt>
      <trkpt lat="52.2270700" lon="1.4592300">
        <ele>0</ele>
        <time>2026-06-26T08:28:56.538Z</time>
        <name>915</name>
        <extensions>
          <speed_mps>17.882</speed_mps>
          <speed_mph>40.0</speed_mph>
        </extensions>
      </trkpt>
      <trkpt lat="52.2289200" lon="1.4586800">
        <ele>0</ele>
        <time>2026-06-26T08:29:08.231Z</time>
        <name>916</name>
        <extensions>
          <speed_mps>17.882</speed_mps>
          <speed_mph>40.0</speed_mph>
        </extensions>
      </trkpt>
      <trkpt lat="52.2298400" lon="1.4584500">
        <ele>0</ele>
        <time>2026-06-26T08:29:14.019Z</time>
        <name>917</name>
        <extensions>
          <speed_mps>17.882</speed_mps>
          <speed_mph>40.0</speed_mph>
        </extensions>
      </trkpt>
      <trkpt lat="52.2314900" lon="1.4580800">
        <ele>0</ele>
        <time>2026-06-26T08:29:24.376Z</time>
        <name>918</name>
        <extensions>
          <speed_mps>17.882</speed_mps>
          <speed_mph>40.0</speed_mph>
        </extensions>
      </trkpt>
      <trkpt lat="52.2329600" lon="1.4578000">
        <ele>0</ele>
        <time>2026-06-26T08:29:33.579Z</time>
        <name>919</name>
        <extensions>
          <speed_mps>17.882</speed_mps>
          <speed_mph>40.0</speed_mph>
        </extensions>
      </trkpt>
      <trkpt lat="52.2346200" lon="1.4575200">
        <ele>0</ele>
        <time>2026-06-26T08:29:43.956Z</time>
        <name>920</name>
        <extensions>
          <speed_mps>17.882</speed_mps>
          <speed_mph>40.0</speed_mph>
        </extensions>
      </trkpt>
      <trkpt lat="52.2348000" lon="1.4575000">
        <ele>0</ele>
        <time>2026-06-26T08:29:45.078Z</time>
        <name>921</name>
        <extensions>
          <speed_mps>17.882</speed_mps>
          <speed_mph>40.0</speed_mph>
        </extensions>
      </trkpt>
      <trkpt lat="52.2353500" lon="1.4574100">
        <ele>0</ele>
        <time>2026-06-26T08:29:48.516Z</time>
        <name>922</name>
        <extensions>
          <speed_mps>17.882</speed_mps>
          <speed_mph>40.0</speed_mph>
        </extensions>
      </trkpt>
      <trkpt lat="52.2358800" lon="1.4573500">
        <ele>0</ele>
        <time>2026-06-26T08:29:51.819Z</time>
        <name>923</name>
        <extensions>
          <speed_mps>17.882</speed_mps>
          <speed_mph>40.0</speed_mph>
        </extensions>
      </trkpt>
      <trkpt lat="52.2360600" lon="1.4573200">
        <ele>0</ele>
        <time>2026-06-26T08:29:52.944Z</time>
        <name>924</name>
        <extensions>
          <speed_mps>17.882</speed_mps>
          <speed_mph>40.0</speed_mph>
        </extensions>
      </trkpt>
      <trkpt lat="52.2374300" lon="1.4571500">
        <ele>0</ele>
        <time>2026-06-26T08:30:01.488Z</time>
        <name>925</name>
        <extensions>
          <speed_mps>17.882</speed_mps>
          <speed_mph>40.0</speed_mph>
        </extensions>
      </trkpt>
      <trkpt lat="52.2374900" lon="1.4571500">
        <ele>0</ele>
        <time>2026-06-26T08:30:01.861Z</time>
        <name>926</name>
        <extensions>
          <speed_mps>17.882</speed_mps>
          <speed_mph>40.0</speed_mph>
        </extensions>
      </trkpt>
      <trkpt lat="52.2378200" lon="1.4571200">
        <ele>0</ele>
        <time>2026-06-26T08:30:03.917Z</time>
        <name>927</name>
        <extensions>
          <speed_mps>17.882</speed_mps>
          <speed_mph>40.0</speed_mph>
        </extensions>
      </trkpt>
      <trkpt lat="52.2378500" lon="1.4571100">
        <ele>0</ele>
        <time>2026-06-26T08:30:04.107Z</time>
        <name>928</name>
        <extensions>
          <speed_mps>17.882</speed_mps>
          <speed_mph>40.0</speed_mph>
        </extensions>
      </trkpt>
      <trkpt lat="52.2398400" lon="1.4569400">
        <ele>0</ele>
        <time>2026-06-26T08:30:16.498Z</time>
        <name>929</name>
        <extensions>
          <speed_mps>17.882</speed_mps>
          <speed_mph>40.0</speed_mph>
        </extensions>
      </trkpt>
      <trkpt lat="52.2405700" lon="1.4569300">
        <ele>0</ele>
        <time>2026-06-26T08:30:21.038Z</time>
        <name>930</name>
        <extensions>
          <speed_mps>17.882</speed_mps>
          <speed_mph>40.0</speed_mph>
        </extensions>
      </trkpt>
      <trkpt lat="52.2406100" lon="1.4568900">
        <ele>0</ele>
        <time>2026-06-26T08:30:21.330Z</time>
        <name>931</name>
        <extensions>
          <speed_mps>17.882</speed_mps>
          <speed_mph>40.0</speed_mph>
        </extensions>
      </trkpt>
      <trkpt lat="52.2406200" lon="1.4568900">
        <ele>0</ele>
        <time>2026-06-26T08:30:21.392Z</time>
        <name>932</name>
        <extensions>
          <speed_mps>17.882</speed_mps>
          <speed_mph>40.0</speed_mph>
        </extensions>
      </trkpt>
      <trkpt lat="52.2406400" lon="1.4568800">
        <ele>0</ele>
        <time>2026-06-26T08:30:21.522Z</time>
        <name>933</name>
        <extensions>
          <speed_mps>17.882</speed_mps>
          <speed_mph>40.0</speed_mph>
        </extensions>
      </trkpt>
      <trkpt lat="52.2411000" lon="1.4568400">
        <ele>0</ele>
        <time>2026-06-26T08:30:24.387Z</time>
        <name>934</name>
        <extensions>
          <speed_mps>17.882</speed_mps>
          <speed_mph>40.0</speed_mph>
        </extensions>
      </trkpt>
      <trkpt lat="52.2420000" lon="1.4567900">
        <ele>0</ele>
        <time>2026-06-26T08:30:29.986Z</time>
        <name>935</name>
        <extensions>
          <speed_mps>17.882</speed_mps>
          <speed_mph>40.0</speed_mph>
        </extensions>
      </trkpt>
      <trkpt lat="52.2421000" lon="1.4567900">
        <ele>0</ele>
        <time>2026-06-26T08:30:30.608Z</time>
        <name>936</name>
        <extensions>
          <speed_mps>17.882</speed_mps>
          <speed_mph>40.0</speed_mph>
        </extensions>
      </trkpt>
      <trkpt lat="52.2422500" lon="1.4567800">
        <ele>0</ele>
        <time>2026-06-26T08:30:31.542Z</time>
        <name>937</name>
        <extensions>
          <speed_mps>17.882</speed_mps>
          <speed_mph>40.0</speed_mph>
        </extensions>
      </trkpt>
      <trkpt lat="52.2427700" lon="1.4567800">
        <ele>0</ele>
        <time>2026-06-26T08:30:34.775Z</time>
        <name>938</name>
        <extensions>
          <speed_mps>17.882</speed_mps>
          <speed_mph>40.0</speed_mph>
        </extensions>
      </trkpt>
      <trkpt lat="52.2432800" lon="1.4568000">
        <ele>0</ele>
        <time>2026-06-26T08:30:37.948Z</time>
        <name>939</name>
        <extensions>
          <speed_mps>17.882</speed_mps>
          <speed_mph>40.0</speed_mph>
        </extensions>
      </trkpt>
      <trkpt lat="52.2435000" lon="1.4568200">
        <ele>0</ele>
        <time>2026-06-26T08:30:39.318Z</time>
        <name>940</name>
        <extensions>
          <speed_mps>17.882</speed_mps>
          <speed_mph>40.0</speed_mph>
        </extensions>
      </trkpt>
      <trkpt lat="52.2435900" lon="1.4568200">
        <ele>0</ele>
        <time>2026-06-26T08:30:39.877Z</time>
        <name>941</name>
        <extensions>
          <speed_mps>17.882</speed_mps>
          <speed_mph>40.0</speed_mph>
        </extensions>
      </trkpt>
      <trkpt lat="52.2436600" lon="1.4568300">
        <ele>0</ele>
        <time>2026-06-26T08:30:40.314Z</time>
        <name>942</name>
        <extensions>
          <speed_mps>17.882</speed_mps>
          <speed_mph>40.0</speed_mph>
        </extensions>
      </trkpt>
      <trkpt lat="52.2438700" lon="1.4568400">
        <ele>0</ele>
        <time>2026-06-26T08:30:41.621Z</time>
        <name>943</name>
        <extensions>
          <speed_mps>17.882</speed_mps>
          <speed_mph>40.0</speed_mph>
        </extensions>
      </trkpt>
      <trkpt lat="52.2439800" lon="1.4568600">
        <ele>0</ele>
        <time>2026-06-26T08:30:42.309Z</time>
        <name>944</name>
        <extensions>
          <speed_mps>17.882</speed_mps>
          <speed_mph>40.0</speed_mph>
        </extensions>
      </trkpt>
      <trkpt lat="52.2440800" lon="1.4568600">
        <ele>0</ele>
        <time>2026-06-26T08:30:42.931Z</time>
        <name>945</name>
        <extensions>
          <speed_mps>17.882</speed_mps>
          <speed_mph>40.0</speed_mph>
        </extensions>
      </trkpt>
      <trkpt lat="52.2446100" lon="1.4569100">
        <ele>0</ele>
        <time>2026-06-26T08:30:46.232Z</time>
        <name>946</name>
        <extensions>
          <speed_mps>17.882</speed_mps>
          <speed_mph>40.0</speed_mph>
        </extensions>
      </trkpt>
      <trkpt lat="52.2446100" lon="1.4569200">
        <ele>0</ele>
        <time>2026-06-26T08:30:46.270Z</time>
        <name>947</name>
        <extensions>
          <speed_mps>17.882</speed_mps>
          <speed_mph>40.0</speed_mph>
        </extensions>
      </trkpt>
      <trkpt lat="52.2446600" lon="1.4569500">
        <ele>0</ele>
        <time>2026-06-26T08:30:46.601Z</time>
        <name>948</name>
        <extensions>
          <speed_mps>17.882</speed_mps>
          <speed_mph>40.0</speed_mph>
        </extensions>
      </trkpt>
      <trkpt lat="52.2457400" lon="1.4570100">
        <ele>0</ele>
        <time>2026-06-26T08:30:53.321Z</time>
        <name>949</name>
        <extensions>
          <speed_mps>17.882</speed_mps>
          <speed_mph>40.0</speed_mph>
        </extensions>
      </trkpt>
      <trkpt lat="52.2464300" lon="1.4570200">
        <ele>0</ele>
        <time>2026-06-26T08:30:57.612Z</time>
        <name>950</name>
        <extensions>
          <speed_mps>17.882</speed_mps>
          <speed_mph>40.0</speed_mph>
        </extensions>
      </trkpt>
      <trkpt lat="52.2464300" lon="1.4570300">
        <ele>0</ele>
        <time>2026-06-26T08:30:57.650Z</time>
        <name>951</name>
        <extensions>
          <speed_mps>17.882</speed_mps>
          <speed_mph>40.0</speed_mph>
        </extensions>
      </trkpt>
      <trkpt lat="52.2476900" lon="1.4571500">
        <ele>0</ele>
        <time>2026-06-26T08:31:05.499Z</time>
        <name>952</name>
        <extensions>
          <speed_mps>17.882</speed_mps>
          <speed_mph>40.0</speed_mph>
        </extensions>
      </trkpt>
      <trkpt lat="52.2477400" lon="1.4571600">
        <ele>0</ele>
        <time>2026-06-26T08:31:05.812Z</time>
        <name>953</name>
        <extensions>
          <speed_mps>17.882</speed_mps>
          <speed_mph>40.0</speed_mph>
        </extensions>
      </trkpt>
      <trkpt lat="52.2477800" lon="1.4571600">
        <ele>0</ele>
        <time>2026-06-26T08:31:06.061Z</time>
        <name>954</name>
        <extensions>
          <speed_mps>17.882</speed_mps>
          <speed_mph>40.0</speed_mph>
        </extensions>
      </trkpt>
      <trkpt lat="52.2480800" lon="1.4571900">
        <ele>0</ele>
        <time>2026-06-26T08:31:07.930Z</time>
        <name>955</name>
        <extensions>
          <speed_mps>17.882</speed_mps>
          <speed_mph>40.0</speed_mph>
        </extensions>
      </trkpt>
      <trkpt lat="52.2481200" lon="1.4572000">
        <ele>0</ele>
        <time>2026-06-26T08:31:08.181Z</time>
        <name>956</name>
        <extensions>
          <speed_mps>17.882</speed_mps>
          <speed_mph>40.0</speed_mph>
        </extensions>
      </trkpt>
      <trkpt lat="52.2488100" lon="1.4572800">
        <ele>0</ele>
        <time>2026-06-26T08:31:12.483Z</time>
        <name>957</name>
        <extensions>
          <speed_mps>17.882</speed_mps>
          <speed_mph>40.0</speed_mph>
        </extensions>
      </trkpt>
      <trkpt lat="52.2497300" lon="1.4574200">
        <ele>0</ele>
        <time>2026-06-26T08:31:18.229Z</time>
        <name>958</name>
        <extensions>
          <speed_mps>17.882</speed_mps>
          <speed_mph>40.0</speed_mph>
        </extensions>
      </trkpt>
      <trkpt lat="52.2497500" lon="1.4574200">
        <ele>0</ele>
        <time>2026-06-26T08:31:18.353Z</time>
        <name>959</name>
        <extensions>
          <speed_mps>17.882</speed_mps>
          <speed_mph>40.0</speed_mph>
        </extensions>
      </trkpt>
      <trkpt lat="52.2498900" lon="1.4574400">
        <ele>0</ele>
        <time>2026-06-26T08:31:19.227Z</time>
        <name>960</name>
        <extensions>
          <speed_mps>17.882</speed_mps>
          <speed_mph>40.0</speed_mph>
        </extensions>
      </trkpt>
      <trkpt lat="52.2499300" lon="1.4574500">
        <ele>0</ele>
        <time>2026-06-26T08:31:19.478Z</time>
        <name>961</name>
        <extensions>
          <speed_mps>17.882</speed_mps>
          <speed_mph>40.0</speed_mph>
        </extensions>
      </trkpt>
      <trkpt lat="52.2508300" lon="1.4575900">
        <ele>0</ele>
        <time>2026-06-26T08:31:25.100Z</time>
        <name>962</name>
        <extensions>
          <speed_mps>17.882</speed_mps>
          <speed_mph>40.0</speed_mph>
        </extensions>
      </trkpt>
      <trkpt lat="52.2517600" lon="1.4577900">
        <ele>0</ele>
        <time>2026-06-26T08:31:30.933Z</time>
        <name>963</name>
        <extensions>
          <speed_mps>17.882</speed_mps>
          <speed_mph>40.0</speed_mph>
        </extensions>
      </trkpt>
      <trkpt lat="52.2522100" lon="1.4579100">
        <ele>0</ele>
        <time>2026-06-26T08:31:33.769Z</time>
        <name>964</name>
        <extensions>
          <speed_mps>17.882</speed_mps>
          <speed_mph>40.0</speed_mph>
        </extensions>
      </trkpt>
      <trkpt lat="52.2522300" lon="1.4579200">
        <ele>0</ele>
        <time>2026-06-26T08:31:33.899Z</time>
        <name>965</name>
        <extensions>
          <speed_mps>17.882</speed_mps>
          <speed_mph>40.0</speed_mph>
        </extensions>
      </trkpt>
      <trkpt lat="52.2522500" lon="1.4579200">
        <ele>0</ele>
        <time>2026-06-26T08:31:34.023Z</time>
        <name>966</name>
        <extensions>
          <speed_mps>17.882</speed_mps>
          <speed_mph>40.0</speed_mph>
        </extensions>
      </trkpt>
      <trkpt lat="52.2527400" lon="1.4580600">
        <ele>0</ele>
        <time>2026-06-26T08:31:37.117Z</time>
        <name>967</name>
        <extensions>
          <speed_mps>17.882</speed_mps>
          <speed_mph>40.0</speed_mph>
        </extensions>
      </trkpt>
      <trkpt lat="52.2529400" lon="1.4581300">
        <ele>0</ele>
        <time>2026-06-26T08:31:38.389Z</time>
        <name>968</name>
        <extensions>
          <speed_mps>17.882</speed_mps>
          <speed_mph>40.0</speed_mph>
        </extensions>
      </trkpt>
      <trkpt lat="52.2530600" lon="1.4581600">
        <ele>0</ele>
        <time>2026-06-26T08:31:39.143Z</time>
        <name>969</name>
        <extensions>
          <speed_mps>17.882</speed_mps>
          <speed_mph>40.0</speed_mph>
        </extensions>
      </trkpt>
      <trkpt lat="52.2533500" lon="1.4582600">
        <ele>0</ele>
        <time>2026-06-26T08:31:40.987Z</time>
        <name>970</name>
        <extensions>
          <speed_mps>17.882</speed_mps>
          <speed_mph>40.0</speed_mph>
        </extensions>
      </trkpt>
      <trkpt lat="52.2542900" lon="1.4586200">
        <ele>0</ele>
        <time>2026-06-26T08:31:46.991Z</time>
        <name>971</name>
        <extensions>
          <speed_mps>17.882</speed_mps>
          <speed_mph>40.0</speed_mph>
        </extensions>
      </trkpt>
      <trkpt lat="52.2549200" lon="1.4589000">
        <ele>0</ele>
        <time>2026-06-26T08:31:51.051Z</time>
        <name>972</name>
        <extensions>
          <speed_mps>17.882</speed_mps>
          <speed_mph>40.0</speed_mph>
        </extensions>
      </trkpt>
      <trkpt lat="52.2555800" lon="1.4592200">
        <ele>0</ele>
        <time>2026-06-26T08:31:55.332Z</time>
        <name>973</name>
        <extensions>
          <speed_mps>17.882</speed_mps>
          <speed_mph>40.0</speed_mph>
        </extensions>
      </trkpt>
      <trkpt lat="52.2557200" lon="1.4593000">
        <ele>0</ele>
        <time>2026-06-26T08:31:56.254Z</time>
        <name>974</name>
        <extensions>
          <speed_mps>17.882</speed_mps>
          <speed_mph>40.0</speed_mph>
        </extensions>
      </trkpt>
      <trkpt lat="52.2561700" lon="1.4595300">
        <ele>0</ele>
        <time>2026-06-26T08:31:59.187Z</time>
        <name>975</name>
        <extensions>
          <speed_mps>17.882</speed_mps>
          <speed_mph>40.0</speed_mph>
        </extensions>
      </trkpt>
      <trkpt lat="52.2561900" lon="1.4595500">
        <ele>0</ele>
        <time>2026-06-26T08:31:59.332Z</time>
        <name>976</name>
        <extensions>
          <speed_mps>17.882</speed_mps>
          <speed_mph>40.0</speed_mph>
        </extensions>
      </trkpt>
      <trkpt lat="52.2567100" lon="1.4598400">
        <ele>0</ele>
        <time>2026-06-26T08:32:02.749Z</time>
        <name>977</name>
        <extensions>
          <speed_mps>17.882</speed_mps>
          <speed_mph>40.0</speed_mph>
        </extensions>
      </trkpt>
      <trkpt lat="52.2573800" lon="1.4602500">
        <ele>0</ele>
        <time>2026-06-26T08:32:07.199Z</time>
        <name>978</name>
        <extensions>
          <speed_mps>17.882</speed_mps>
          <speed_mph>40.0</speed_mph>
        </extensions>
      </trkpt>
      <trkpt lat="52.2582100" lon="1.4608100">
        <ele>0</ele>
        <time>2026-06-26T08:32:12.783Z</time>
        <name>979</name>
        <extensions>
          <speed_mps>17.882</speed_mps>
          <speed_mph>40.0</speed_mph>
        </extensions>
      </trkpt>
      <trkpt lat="52.2588600" lon="1.4612900">
        <ele>0</ele>
        <time>2026-06-26T08:32:17.219Z</time>
        <name>980</name>
        <extensions>
          <speed_mps>17.882</speed_mps>
          <speed_mph>40.0</speed_mph>
        </extensions>
      </trkpt>
      <trkpt lat="52.2588600" lon="1.4613000">
        <ele>0</ele>
        <time>2026-06-26T08:32:17.257Z</time>
        <name>981</name>
        <extensions>
          <speed_mps>17.882</speed_mps>
          <speed_mph>40.0</speed_mph>
        </extensions>
      </trkpt>
      <trkpt lat="52.2591700" lon="1.4615300">
        <ele>0</ele>
        <time>2026-06-26T08:32:19.375Z</time>
        <name>982</name>
        <extensions>
          <speed_mps>17.882</speed_mps>
          <speed_mph>40.0</speed_mph>
        </extensions>
      </trkpt>
      <trkpt lat="52.2591900" lon="1.4615500">
        <ele>0</ele>
        <time>2026-06-26T08:32:19.521Z</time>
        <name>983</name>
        <extensions>
          <speed_mps>17.882</speed_mps>
          <speed_mph>40.0</speed_mph>
        </extensions>
      </trkpt>
      <trkpt lat="52.2593500" lon="1.4616700">
        <ele>0</ele>
        <time>2026-06-26T08:32:20.616Z</time>
        <name>984</name>
        <extensions>
          <speed_mps>17.882</speed_mps>
          <speed_mph>40.0</speed_mph>
        </extensions>
      </trkpt>
      <trkpt lat="52.2593700" lon="1.4616900">
        <ele>0</ele>
        <time>2026-06-26T08:32:20.761Z</time>
        <name>985</name>
        <extensions>
          <speed_mps>17.882</speed_mps>
          <speed_mph>40.0</speed_mph>
        </extensions>
      </trkpt>
      <trkpt lat="52.2598000" lon="1.4620400">
        <ele>0</ele>
        <time>2026-06-26T08:32:23.749Z</time>
        <name>986</name>
        <extensions>
          <speed_mps>17.882</speed_mps>
          <speed_mph>40.0</speed_mph>
        </extensions>
      </trkpt>
      <trkpt lat="52.2605800" lon="1.4627300">
        <ele>0</ele>
        <time>2026-06-26T08:32:29.266Z</time>
        <name>987</name>
        <extensions>
          <speed_mps>17.882</speed_mps>
          <speed_mph>40.0</speed_mph>
        </extensions>
      </trkpt>
      <trkpt lat="52.2609700" lon="1.4631100">
        <ele>0</ele>
        <time>2026-06-26T08:32:32.090Z</time>
        <name>988</name>
        <extensions>
          <speed_mps>17.882</speed_mps>
          <speed_mph>40.0</speed_mph>
        </extensions>
      </trkpt>
      <trkpt lat="52.2612800" lon="1.4634500">
        <ele>0</ele>
        <time>2026-06-26T08:32:34.412Z</time>
        <name>989</name>
        <extensions>
          <speed_mps>17.882</speed_mps>
          <speed_mph>40.0</speed_mph>
        </extensions>
      </trkpt>
      <trkpt lat="52.2615200" lon="1.4637500">
        <ele>0</ele>
        <time>2026-06-26T08:32:36.291Z</time>
        <name>990</name>
        <extensions>
          <speed_mps>17.882</speed_mps>
          <speed_mph>40.0</speed_mph>
        </extensions>
      </trkpt>
      <trkpt lat="52.2616400" lon="1.4639200">
        <ele>0</ele>
        <time>2026-06-26T08:32:37.279Z</time>
        <name>991</name>
        <extensions>
          <speed_mps>17.882</speed_mps>
          <speed_mph>40.0</speed_mph>
        </extensions>
      </trkpt>
      <trkpt lat="52.2619400" lon="1.4644000">
        <ele>0</ele>
        <time>2026-06-26T08:32:39.891Z</time>
        <name>992</name>
        <extensions>
          <speed_mps>17.882</speed_mps>
          <speed_mph>40.0</speed_mph>
        </extensions>
      </trkpt>
      <trkpt lat="52.2621600" lon="1.4648100">
        <ele>0</ele>
        <time>2026-06-26T08:32:41.967Z</time>
        <name>993</name>
        <extensions>
          <speed_mps>17.882</speed_mps>
          <speed_mph>40.0</speed_mph>
        </extensions>
      </trkpt>
      <trkpt lat="52.2631300" lon="1.4667900">
        <ele>0</ele>
        <time>2026-06-26T08:32:51.623Z</time>
        <name>994</name>
        <extensions>
          <speed_mps>17.882</speed_mps>
          <speed_mph>40.0</speed_mph>
        </extensions>
      </trkpt>
      <trkpt lat="52.2631700" lon="1.4668500">
        <ele>0</ele>
        <time>2026-06-26T08:32:51.960Z</time>
        <name>995</name>
        <extensions>
          <speed_mps>17.882</speed_mps>
          <speed_mph>40.0</speed_mph>
        </extensions>
      </trkpt>
      <trkpt lat="52.2632900" lon="1.4670700">
        <ele>0</ele>
        <time>2026-06-26T08:32:53.082Z</time>
        <name>996</name>
        <extensions>
          <speed_mps>17.882</speed_mps>
          <speed_mph>40.0</speed_mph>
        </extensions>
      </trkpt>
      <trkpt lat="52.2635500" lon="1.4674800">
        <ele>0</ele>
        <time>2026-06-26T08:32:55.330Z</time>
        <name>997</name>
        <extensions>
          <speed_mps>17.882</speed_mps>
          <speed_mph>40.0</speed_mph>
        </extensions>
      </trkpt>
      <trkpt lat="52.2637000" lon="1.4676900">
        <ele>0</ele>
        <time>2026-06-26T08:32:56.559Z</time>
        <name>998</name>
        <extensions>
          <speed_mps>17.882</speed_mps>
          <speed_mph>40.0</speed_mph>
        </extensions>
      </trkpt>
      <trkpt lat="52.2640500" lon="1.4681100">
        <ele>0</ele>
        <time>2026-06-26T08:32:59.259Z</time>
        <name>999</name>
        <extensions>
          <speed_mps>17.882</speed_mps>
          <speed_mph>40.0</speed_mph>
        </extensions>
      </trkpt>
      <trkpt lat="52.2641800" lon="1.4682400">
        <ele>0</ele>
        <time>2026-06-26T08:33:00.207Z</time>
        <name>1000</name>
        <extensions>
          <speed_mps>17.882</speed_mps>
          <speed_mph>40.0</speed_mph>
        </extensions>
      </trkpt>
      <trkpt lat="52.2645500" lon="1.4685700">
        <ele>0</ele>
        <time>2026-06-26T08:33:02.829Z</time>
        <name>1001</name>
        <extensions>
          <speed_mps>17.882</speed_mps>
          <speed_mph>40.0</speed_mph>
        </extensions>
      </trkpt>
      <trkpt lat="52.2648400" lon="1.4687800">
        <ele>0</ele>
        <time>2026-06-26T08:33:04.802Z</time>
        <name>1002</name>
        <extensions>
          <speed_mps>17.882</speed_mps>
          <speed_mph>40.0</speed_mph>
        </extensions>
      </trkpt>
      <trkpt lat="52.2652100" lon="1.4689800">
        <ele>0</ele>
        <time>2026-06-26T08:33:07.225Z</time>
        <name>1003</name>
        <extensions>
          <speed_mps>17.882</speed_mps>
          <speed_mph>40.0</speed_mph>
        </extensions>
      </trkpt>
      <trkpt lat="52.2657100" lon="1.4692100">
        <ele>0</ele>
        <time>2026-06-26T08:33:10.455Z</time>
        <name>1004</name>
        <extensions>
          <speed_mps>17.882</speed_mps>
          <speed_mph>40.0</speed_mph>
        </extensions>
      </trkpt>
      <trkpt lat="52.2662700" lon="1.4694200">
        <ele>0</ele>
        <time>2026-06-26T08:33:14.028Z</time>
        <name>1005</name>
        <extensions>
          <speed_mps>17.882</speed_mps>
          <speed_mph>40.0</speed_mph>
        </extensions>
      </trkpt>
      <trkpt lat="52.2676700" lon="1.4699000">
        <ele>0</ele>
        <time>2026-06-26T08:33:22.924Z</time>
        <name>1006</name>
        <extensions>
          <speed_mps>17.882</speed_mps>
          <speed_mph>40.0</speed_mph>
        </extensions>
      </trkpt>
      <trkpt lat="52.2676800" lon="1.4699100">
        <ele>0</ele>
        <time>2026-06-26T08:33:22.997Z</time>
        <name>1007</name>
        <extensions>
          <speed_mps>17.882</speed_mps>
          <speed_mph>40.0</speed_mph>
        </extensions>
      </trkpt>
      <trkpt lat="52.2686200" lon="1.4702400">
        <ele>0</ele>
        <time>2026-06-26T08:33:28.976Z</time>
        <name>1008</name>
        <extensions>
          <speed_mps>17.882</speed_mps>
          <speed_mph>40.0</speed_mph>
        </extensions>
      </trkpt>
      <trkpt lat="52.2690300" lon="1.4704300">
        <ele>0</ele>
        <time>2026-06-26T08:33:31.626Z</time>
        <name>1009</name>
        <extensions>
          <speed_mps>17.882</speed_mps>
          <speed_mph>40.0</speed_mph>
        </extensions>
      </trkpt>
      <trkpt lat="52.2695900" lon="1.4707300">
        <ele>0</ele>
        <time>2026-06-26T08:33:35.291Z</time>
        <name>1010</name>
        <extensions>
          <speed_mps>17.882</speed_mps>
          <speed_mph>40.0</speed_mph>
        </extensions>
      </trkpt>
      <trkpt lat="52.2696100" lon="1.4707500">
        <ele>0</ele>
        <time>2026-06-26T08:33:35.437Z</time>
        <name>1011</name>
        <extensions>
          <speed_mps>17.882</speed_mps>
          <speed_mph>40.0</speed_mph>
        </extensions>
      </trkpt>
      <trkpt lat="52.2713900" lon="1.4717600">
        <ele>0</ele>
        <time>2026-06-26T08:33:47.154Z</time>
        <name>1012</name>
        <extensions>
          <speed_mps>17.882</speed_mps>
          <speed_mph>40.0</speed_mph>
        </extensions>
      </trkpt>
      <trkpt lat="52.2715100" lon="1.4718200">
        <ele>0</ele>
        <time>2026-06-26T08:33:47.935Z</time>
        <name>1013</name>
        <extensions>
          <speed_mps>17.882</speed_mps>
          <speed_mph>40.0</speed_mph>
        </extensions>
      </trkpt>
      <trkpt lat="52.2720100" lon="1.4721000">
        <ele>0</ele>
        <time>2026-06-26T08:33:51.221Z</time>
        <name>1014</name>
        <extensions>
          <speed_mps>17.882</speed_mps>
          <speed_mph>40.0</speed_mph>
        </extensions>
      </trkpt>
      <trkpt lat="52.2721300" lon="1.4721800">
        <ele>0</ele>
        <time>2026-06-26T08:33:52.027Z</time>
        <name>1015</name>
        <extensions>
          <speed_mps>17.882</speed_mps>
          <speed_mph>40.0</speed_mph>
        </extensions>
      </trkpt>
      <trkpt lat="52.2724200" lon="1.4723500">
        <ele>0</ele>
        <time>2026-06-26T08:33:53.943Z</time>
        <name>1016</name>
        <extensions>
          <speed_mps>17.882</speed_mps>
          <speed_mph>40.0</speed_mph>
        </extensions>
      </trkpt>
      <trkpt lat="52.2729300" lon="1.4727000">
        <ele>0</ele>
        <time>2026-06-26T08:33:57.383Z</time>
        <name>1017</name>
        <extensions>
          <speed_mps>17.882</speed_mps>
          <speed_mph>40.0</speed_mph>
        </extensions>
      </trkpt>
      <trkpt lat="52.2731400" lon="1.4728800">
        <ele>0</ele>
        <time>2026-06-26T08:33:58.858Z</time>
        <name>1018</name>
        <extensions>
          <speed_mps>17.882</speed_mps>
          <speed_mph>40.0</speed_mph>
        </extensions>
      </trkpt>
      <trkpt lat="52.2732300" lon="1.4729400">
        <ele>0</ele>
        <time>2026-06-26T08:33:59.463Z</time>
        <name>1019</name>
        <extensions>
          <speed_mps>17.882</speed_mps>
          <speed_mph>40.0</speed_mph>
        </extensions>
      </trkpt>
      <trkpt lat="52.2735900" lon="1.4732300">
        <ele>0</ele>
        <time>2026-06-26T08:34:01.959Z</time>
        <name>1020</name>
        <extensions>
          <speed_mps>17.882</speed_mps>
          <speed_mph>40.0</speed_mph>
        </extensions>
      </trkpt>
      <trkpt lat="52.2737400" lon="1.4733400">
        <ele>0</ele>
        <time>2026-06-26T08:34:02.981Z</time>
        <name>1021</name>
        <extensions>
          <speed_mps>17.882</speed_mps>
          <speed_mph>40.0</speed_mph>
        </extensions>
      </trkpt>
      <trkpt lat="52.2738800" lon="1.4734700">
        <ele>0</ele>
        <time>2026-06-26T08:34:03.983Z</time>
        <name>1022</name>
        <extensions>
          <speed_mps>17.882</speed_mps>
          <speed_mph>40.0</speed_mph>
        </extensions>
      </trkpt>
      <trkpt lat="52.2747500" lon="1.4741400">
        <ele>0</ele>
        <time>2026-06-26T08:34:09.964Z</time>
        <name>1023</name>
        <extensions>
          <speed_mps>17.882</speed_mps>
          <speed_mph>40.0</speed_mph>
        </extensions>
      </trkpt>
      <trkpt lat="52.2751500" lon="1.4744300">
        <ele>0</ele>
        <time>2026-06-26T08:34:12.685Z</time>
        <name>1024</name>
        <extensions>
          <speed_mps>17.882</speed_mps>
          <speed_mph>40.0</speed_mph>
        </extensions>
      </trkpt>
      <trkpt lat="52.2754700" lon="1.4746800">
        <ele>0</ele>
        <time>2026-06-26T08:34:14.891Z</time>
        <name>1025</name>
        <extensions>
          <speed_mps>17.882</speed_mps>
          <speed_mph>40.0</speed_mph>
        </extensions>
      </trkpt>
      <trkpt lat="52.2759300" lon="1.4750100">
        <ele>0</ele>
        <time>2026-06-26T08:34:18.015Z</time>
        <name>1026</name>
        <extensions>
          <speed_mps>17.882</speed_mps>
          <speed_mph>40.0</speed_mph>
        </extensions>
      </trkpt>
      <trkpt lat="52.2764500" lon="1.4754200">
        <ele>0</ele>
        <time>2026-06-26T08:34:21.606Z</time>
        <name>1027</name>
        <extensions>
          <speed_mps>17.882</speed_mps>
          <speed_mph>40.0</speed_mph>
        </extensions>
      </trkpt>
      <trkpt lat="52.2766100" lon="1.4755600">
        <ele>0</ele>
        <time>2026-06-26T08:34:22.734Z</time>
        <name>1028</name>
        <extensions>
          <speed_mps>17.882</speed_mps>
          <speed_mph>40.0</speed_mph>
        </extensions>
      </trkpt>
      <trkpt lat="52.2766700" lon="1.4756000">
        <ele>0</ele>
        <time>2026-06-26T08:34:23.137Z</time>
        <name>1029</name>
        <extensions>
          <speed_mps>17.882</speed_mps>
          <speed_mph>40.0</speed_mph>
        </extensions>
      </trkpt>
      <trkpt lat="52.2769600" lon="1.4758600">
        <ele>0</ele>
        <time>2026-06-26T08:34:25.194Z</time>
        <name>1030</name>
        <extensions>
          <speed_mps>17.882</speed_mps>
          <speed_mph>40.0</speed_mph>
        </extensions>
      </trkpt>
      <trkpt lat="52.2770600" lon="1.4759400">
        <ele>0</ele>
        <time>2026-06-26T08:34:25.887Z</time>
        <name>1031</name>
        <extensions>
          <speed_mps>17.882</speed_mps>
          <speed_mph>40.0</speed_mph>
        </extensions>
      </trkpt>
      <trkpt lat="52.2770900" lon="1.4759700">
        <ele>0</ele>
        <time>2026-06-26T08:34:26.106Z</time>
        <name>1032</name>
        <extensions>
          <speed_mps>17.882</speed_mps>
          <speed_mph>40.0</speed_mph>
        </extensions>
      </trkpt>
      <trkpt lat="52.2771200" lon="1.4759900">
        <ele>0</ele>
        <time>2026-06-26T08:34:26.307Z</time>
        <name>1033</name>
        <extensions>
          <speed_mps>17.882</speed_mps>
          <speed_mph>40.0</speed_mph>
        </extensions>
      </trkpt>
      <trkpt lat="52.2775400" lon="1.4763900">
        <ele>0</ele>
        <time>2026-06-26T08:34:29.330Z</time>
        <name>1034</name>
        <extensions>
          <speed_mps>17.882</speed_mps>
          <speed_mph>40.0</speed_mph>
        </extensions>
      </trkpt>
      <trkpt lat="52.2778800" lon="1.4767600">
        <ele>0</ele>
        <time>2026-06-26T08:34:31.871Z</time>
        <name>1035</name>
        <extensions>
          <speed_mps>17.882</speed_mps>
          <speed_mph>40.0</speed_mph>
        </extensions>
      </trkpt>
      <trkpt lat="52.2784300" lon="1.4774500">
        <ele>0</ele>
        <time>2026-06-26T08:34:36.183Z</time>
        <name>1036</name>
        <extensions>
          <speed_mps>17.882</speed_mps>
          <speed_mph>40.0</speed_mph>
        </extensions>
      </trkpt>
      <trkpt lat="52.2784400" lon="1.4774700">
        <ele>0</ele>
        <time>2026-06-26T08:34:36.281Z</time>
        <name>1037</name>
        <extensions>
          <speed_mps>17.882</speed_mps>
          <speed_mph>40.0</speed_mph>
        </extensions>
      </trkpt>
      <trkpt lat="52.2786200" lon="1.4777100">
        <ele>0</ele>
        <time>2026-06-26T08:34:37.726Z</time>
        <name>1038</name>
        <extensions>
          <speed_mps>17.882</speed_mps>
          <speed_mph>40.0</speed_mph>
        </extensions>
      </trkpt>
      <trkpt lat="52.2787400" lon="1.4779000">
        <ele>0</ele>
        <time>2026-06-26T08:34:38.765Z</time>
        <name>1039</name>
        <extensions>
          <speed_mps>17.882</speed_mps>
          <speed_mph>40.0</speed_mph>
        </extensions>
      </trkpt>
      <trkpt lat="52.2788900" lon="1.4781800">
        <ele>0</ele>
        <time>2026-06-26T08:34:40.182Z</time>
        <name>1040</name>
        <extensions>
          <speed_mps>17.882</speed_mps>
          <speed_mph>40.0</speed_mph>
        </extensions>
      </trkpt>
      <trkpt lat="52.2790000" lon="1.4784100">
        <ele>0</ele>
        <time>2026-06-26T08:34:41.293Z</time>
        <name>1041</name>
        <extensions>
          <speed_mps>17.882</speed_mps>
          <speed_mph>40.0</speed_mph>
        </extensions>
      </trkpt>
      <trkpt lat="52.2790400" lon="1.4785200">
        <ele>0</ele>
        <time>2026-06-26T08:34:41.780Z</time>
        <name>1042</name>
        <extensions>
          <speed_mps>17.882</speed_mps>
          <speed_mph>40.0</speed_mph>
        </extensions>
      </trkpt>
      <trkpt lat="52.2792600" lon="1.4790400">
        <ele>0</ele>
        <time>2026-06-26T08:34:44.186Z</time>
        <name>1043</name>
        <extensions>
          <speed_mps>17.882</speed_mps>
          <speed_mph>40.0</speed_mph>
        </extensions>
      </trkpt>
      <trkpt lat="52.2793600" lon="1.4793200">
        <ele>0</ele>
        <time>2026-06-26T08:34:45.420Z</time>
        <name>1044</name>
        <extensions>
          <speed_mps>17.882</speed_mps>
          <speed_mph>40.0</speed_mph>
        </extensions>
      </trkpt>
      <trkpt lat="52.2795500" lon="1.4797500">
        <ele>0</ele>
        <time>2026-06-26T08:34:47.439Z</time>
        <name>1045</name>
        <extensions>
          <speed_mps>17.882</speed_mps>
          <speed_mph>40.0</speed_mph>
        </extensions>
      </trkpt>
      <trkpt lat="52.2797200" lon="1.4800700">
        <ele>0</ele>
        <time>2026-06-26T08:34:49.052Z</time>
        <name>1046</name>
        <extensions>
          <speed_mps>17.882</speed_mps>
          <speed_mph>40.0</speed_mph>
        </extensions>
      </trkpt>
      <trkpt lat="52.2797800" lon="1.4801500">
        <ele>0</ele>
        <time>2026-06-26T08:34:49.533Z</time>
        <name>1047</name>
        <extensions>
          <speed_mps>17.882</speed_mps>
          <speed_mph>40.0</speed_mph>
        </extensions>
      </trkpt>
      <trkpt lat="52.2799100" lon="1.4803500">
        <ele>0</ele>
        <time>2026-06-26T08:34:50.644Z</time>
        <name>1048</name>
        <extensions>
          <speed_mps>17.882</speed_mps>
          <speed_mph>40.0</speed_mph>
        </extensions>
      </trkpt>
      <trkpt lat="52.2800100" lon="1.4804700">
        <ele>0</ele>
        <time>2026-06-26T08:34:51.415Z</time>
        <name>1049</name>
        <extensions>
          <speed_mps>17.882</speed_mps>
          <speed_mph>40.0</speed_mph>
        </extensions>
      </trkpt>
      <trkpt lat="52.2800300" lon="1.4805000">
        <ele>0</ele>
        <time>2026-06-26T08:34:51.584Z</time>
        <name>1050</name>
        <extensions>
          <speed_mps>17.882</speed_mps>
          <speed_mph>40.0</speed_mph>
        </extensions>
      </trkpt>
      <trkpt lat="52.2809000" lon="1.4815400">
        <ele>0</ele>
        <time>2026-06-26T08:34:58.288Z</time>
        <name>1051</name>
        <extensions>
          <speed_mps>17.882</speed_mps>
          <speed_mph>40.0</speed_mph>
        </extensions>
      </trkpt>
      <trkpt lat="52.2809600" lon="1.4816200">
        <ele>0</ele>
        <time>2026-06-26T08:34:58.770Z</time>
        <name>1052</name>
        <extensions>
          <speed_mps>17.882</speed_mps>
          <speed_mph>40.0</speed_mph>
        </extensions>
      </trkpt>
      <trkpt lat="52.2809800" lon="1.4816300">
        <ele>0</ele>
        <time>2026-06-26T08:34:58.900Z</time>
        <name>1053</name>
        <extensions>
          <speed_mps>17.882</speed_mps>
          <speed_mph>40.0</speed_mph>
        </extensions>
      </trkpt>
      <trkpt lat="52.2811600" lon="1.4818600">
        <ele>0</ele>
        <time>2026-06-26T08:35:00.321Z</time>
        <name>1054</name>
        <extensions>
          <speed_mps>17.882</speed_mps>
          <speed_mph>40.0</speed_mph>
        </extensions>
      </trkpt>
      <trkpt lat="52.2811900" lon="1.4818900">
        <ele>0</ele>
        <time>2026-06-26T08:35:00.539Z</time>
        <name>1055</name>
        <extensions>
          <speed_mps>17.882</speed_mps>
          <speed_mph>40.0</speed_mph>
        </extensions>
      </trkpt>
      <trkpt lat="52.2829100" lon="1.4839500">
        <ele>0</ele>
        <time>2026-06-26T08:35:13.801Z</time>
        <name>1056</name>
        <extensions>
          <speed_mps>17.882</speed_mps>
          <speed_mph>40.0</speed_mph>
        </extensions>
      </trkpt>
      <trkpt lat="52.2829900" lon="1.4840300">
        <ele>0</ele>
        <time>2026-06-26T08:35:14.385Z</time>
        <name>1057</name>
        <extensions>
          <speed_mps>17.882</speed_mps>
          <speed_mph>40.0</speed_mph>
        </extensions>
      </trkpt>
      <trkpt lat="52.2833100" lon="1.4843900">
        <ele>0</ele>
        <time>2026-06-26T08:35:16.801Z</time>
        <name>1058</name>
        <extensions>
          <speed_mps>17.882</speed_mps>
          <speed_mph>40.0</speed_mph>
        </extensions>
      </trkpt>
      <trkpt lat="52.2839100" lon="1.4850100">
        <ele>0</ele>
        <time>2026-06-26T08:35:21.215Z</time>
        <name>1059</name>
        <extensions>
          <speed_mps>17.882</speed_mps>
          <speed_mph>40.0</speed_mph>
        </extensions>
      </trkpt>
      <trkpt lat="52.2843200" lon="1.4853500">
        <ele>0</ele>
        <time>2026-06-26T08:35:24.075Z</time>
        <name>1060</name>
        <extensions>
          <speed_mps>17.882</speed_mps>
          <speed_mph>40.0</speed_mph>
        </extensions>
      </trkpt>
      <trkpt lat="52.2844100" lon="1.4854400">
        <ele>0</ele>
        <time>2026-06-26T08:35:24.731Z</time>
        <name>1061</name>
        <extensions>
          <speed_mps>17.882</speed_mps>
          <speed_mph>40.0</speed_mph>
        </extensions>
      </trkpt>
      <trkpt lat="52.2844800" lon="1.4854900">
        <ele>0</ele>
        <time>2026-06-26T08:35:25.206Z</time>
        <name>1062</name>
        <extensions>
          <speed_mps>17.882</speed_mps>
          <speed_mph>40.0</speed_mph>
        </extensions>
      </trkpt>
      <trkpt lat="52.2845300" lon="1.4855500">
        <ele>0</ele>
        <time>2026-06-26T08:35:25.592Z</time>
        <name>1063</name>
        <extensions>
          <speed_mps>17.882</speed_mps>
          <speed_mph>40.0</speed_mph>
        </extensions>
      </trkpt>
      <trkpt lat="52.2845800" lon="1.4855900">
        <ele>0</ele>
        <time>2026-06-26T08:35:25.938Z</time>
        <name>1064</name>
        <extensions>
          <speed_mps>17.882</speed_mps>
          <speed_mph>40.0</speed_mph>
        </extensions>
      </trkpt>
      <trkpt lat="52.2846800" lon="1.4856900">
        <ele>0</ele>
        <time>2026-06-26T08:35:26.667Z</time>
        <name>1065</name>
        <extensions>
          <speed_mps>17.882</speed_mps>
          <speed_mph>40.0</speed_mph>
        </extensions>
      </trkpt>
      <trkpt lat="52.2847800" lon="1.4858100">
        <ele>0</ele>
        <time>2026-06-26T08:35:27.438Z</time>
        <name>1066</name>
        <extensions>
          <speed_mps>17.882</speed_mps>
          <speed_mph>40.0</speed_mph>
        </extensions>
      </trkpt>
      <trkpt lat="52.2848600" lon="1.4858900">
        <ele>0</ele>
        <time>2026-06-26T08:35:28.022Z</time>
        <name>1067</name>
        <extensions>
          <speed_mps>17.882</speed_mps>
          <speed_mph>40.0</speed_mph>
        </extensions>
      </trkpt>
      <trkpt lat="52.2851000" lon="1.4861700">
        <ele>0</ele>
        <time>2026-06-26T08:35:29.856Z</time>
        <name>1068</name>
        <extensions>
          <speed_mps>17.882</speed_mps>
          <speed_mph>40.0</speed_mph>
        </extensions>
      </trkpt>
      <trkpt lat="52.2852900" lon="1.4864100">
        <ele>0</ele>
        <time>2026-06-26T08:35:31.349Z</time>
        <name>1069</name>
        <extensions>
          <speed_mps>17.882</speed_mps>
          <speed_mph>40.0</speed_mph>
        </extensions>
      </trkpt>
      <trkpt lat="52.2855200" lon="1.4866600">
        <ele>0</ele>
        <time>2026-06-26T08:35:33.067Z</time>
        <name>1070</name>
        <extensions>
          <speed_mps>17.882</speed_mps>
          <speed_mph>40.0</speed_mph>
        </extensions>
      </trkpt>
      <trkpt lat="52.2855900" lon="1.4867200">
        <ele>0</ele>
        <time>2026-06-26T08:35:33.558Z</time>
        <name>1071</name>
        <extensions>
          <speed_mps>17.882</speed_mps>
          <speed_mph>40.0</speed_mph>
        </extensions>
      </trkpt>
      <trkpt lat="52.2856100" lon="1.4867300">
        <ele>0</ele>
        <time>2026-06-26T08:35:33.689Z</time>
        <name>1072</name>
        <extensions>
          <speed_mps>17.882</speed_mps>
          <speed_mph>40.0</speed_mph>
        </extensions>
      </trkpt>
      <trkpt lat="52.2856700" lon="1.4867900">
        <ele>0</ele>
        <time>2026-06-26T08:35:34.126Z</time>
        <name>1073</name>
        <extensions>
          <speed_mps>17.882</speed_mps>
          <speed_mph>40.0</speed_mph>
        </extensions>
      </trkpt>
      <trkpt lat="52.2858000" lon="1.4868800">
        <ele>0</ele>
        <time>2026-06-26T08:35:35.004Z</time>
        <name>1074</name>
        <extensions>
          <speed_mps>17.882</speed_mps>
          <speed_mph>40.0</speed_mph>
        </extensions>
      </trkpt>
      <trkpt lat="52.2858300" lon="1.4868900">
        <ele>0</ele>
        <time>2026-06-26T08:35:35.194Z</time>
        <name>1075</name>
        <extensions>
          <speed_mps>17.882</speed_mps>
          <speed_mph>40.0</speed_mph>
        </extensions>
      </trkpt>
      <trkpt lat="52.2860800" lon="1.4870200">
        <ele>0</ele>
        <time>2026-06-26T08:35:36.826Z</time>
        <name>1076</name>
        <extensions>
          <speed_mps>17.882</speed_mps>
          <speed_mph>40.0</speed_mph>
        </extensions>
      </trkpt>
      <trkpt lat="52.2861800" lon="1.4870800">
        <ele>0</ele>
        <time>2026-06-26T08:35:37.488Z</time>
        <name>1077</name>
        <extensions>
          <speed_mps>17.882</speed_mps>
          <speed_mph>40.0</speed_mph>
        </extensions>
      </trkpt>
      <trkpt lat="52.2864700" lon="1.4872300">
        <ele>0</ele>
        <time>2026-06-26T08:35:39.380Z</time>
        <name>1078</name>
        <extensions>
          <speed_mps>17.882</speed_mps>
          <speed_mph>40.0</speed_mph>
        </extensions>
      </trkpt>
      <trkpt lat="52.2866200" lon="1.4873200">
        <ele>0</ele>
        <time>2026-06-26T08:35:40.373Z</time>
        <name>1079</name>
        <extensions>
          <speed_mps>17.882</speed_mps>
          <speed_mph>40.0</speed_mph>
        </extensions>
      </trkpt>
      <trkpt lat="52.2870500" lon="1.4876200">
        <ele>0</ele>
        <time>2026-06-26T08:35:43.281Z</time>
        <name>1080</name>
        <extensions>
          <speed_mps>17.882</speed_mps>
          <speed_mph>40.0</speed_mph>
        </extensions>
      </trkpt>
      <trkpt lat="52.2875100" lon="1.4879200">
        <ele>0</ele>
        <time>2026-06-26T08:35:46.361Z</time>
        <name>1081</name>
        <extensions>
          <speed_mps>17.882</speed_mps>
          <speed_mph>40.0</speed_mph>
        </extensions>
      </trkpt>
      <trkpt lat="52.2878500" lon="1.4881800">
        <ele>0</ele>
        <time>2026-06-26T08:35:48.695Z</time>
        <name>1082</name>
        <extensions>
          <speed_mps>17.882</speed_mps>
          <speed_mph>40.0</speed_mph>
        </extensions>
      </trkpt>
      <trkpt lat="52.2879500" lon="1.4882800">
        <ele>0</ele>
        <time>2026-06-26T08:35:49.424Z</time>
        <name>1083</name>
        <extensions>
          <speed_mps>17.882</speed_mps>
          <speed_mph>40.0</speed_mph>
        </extensions>
      </trkpt>
      <trkpt lat="52.2879900" lon="1.4883300">
        <ele>0</ele>
        <time>2026-06-26T08:35:49.737Z</time>
        <name>1084</name>
        <extensions>
          <speed_mps>17.882</speed_mps>
          <speed_mph>40.0</speed_mph>
        </extensions>
      </trkpt>
      <trkpt lat="52.2880300" lon="1.4883700">
        <ele>0</ele>
        <time>2026-06-26T08:35:50.029Z</time>
        <name>1085</name>
        <extensions>
          <speed_mps>17.882</speed_mps>
          <speed_mph>40.0</speed_mph>
        </extensions>
      </trkpt>
      <trkpt lat="52.2880600" lon="1.4884200">
        <ele>0</ele>
        <time>2026-06-26T08:35:50.296Z</time>
        <name>1086</name>
        <extensions>
          <speed_mps>17.882</speed_mps>
          <speed_mph>40.0</speed_mph>
        </extensions>
      </trkpt>
      <trkpt lat="52.2881500" lon="1.4885300">
        <ele>0</ele>
        <time>2026-06-26T08:35:50.994Z</time>
        <name>1087</name>
        <extensions>
          <speed_mps>17.882</speed_mps>
          <speed_mph>40.0</speed_mph>
        </extensions>
      </trkpt>
      <trkpt lat="52.2884700" lon="1.4889900">
        <ele>0</ele>
        <time>2026-06-26T08:35:53.645Z</time>
        <name>1088</name>
        <extensions>
          <speed_mps>17.882</speed_mps>
          <speed_mph>40.0</speed_mph>
        </extensions>
      </trkpt>
      <trkpt lat="52.2888900" lon="1.4895400">
        <ele>0</ele>
        <time>2026-06-26T08:35:56.992Z</time>
        <name>1089</name>
        <extensions>
          <speed_mps>17.882</speed_mps>
          <speed_mph>40.0</speed_mph>
        </extensions>
      </trkpt>
      <trkpt lat="52.2893200" lon="1.4900500">
        <ele>0</ele>
        <time>2026-06-26T08:36:00.296Z</time>
        <name>1090</name>
        <extensions>
          <speed_mps>17.882</speed_mps>
          <speed_mph>40.0</speed_mph>
        </extensions>
      </trkpt>
      <trkpt lat="52.2894600" lon="1.4902000">
        <ele>0</ele>
        <time>2026-06-26T08:36:01.337Z</time>
        <name>1091</name>
        <extensions>
          <speed_mps>17.882</speed_mps>
          <speed_mph>40.0</speed_mph>
        </extensions>
      </trkpt>
      <trkpt lat="52.2895000" lon="1.4902500">
        <ele>0</ele>
        <time>2026-06-26T08:36:01.650Z</time>
        <name>1092</name>
        <extensions>
          <speed_mps>17.882</speed_mps>
          <speed_mph>40.0</speed_mph>
        </extensions>
      </trkpt>
      <trkpt lat="52.2895200" lon="1.4902700">
        <ele>0</ele>
        <time>2026-06-26T08:36:01.796Z</time>
        <name>1093</name>
        <extensions>
          <speed_mps>17.882</speed_mps>
          <speed_mph>40.0</speed_mph>
        </extensions>
      </trkpt>
      <trkpt lat="52.2895600" lon="1.4903300">
        <ele>0</ele>
        <time>2026-06-26T08:36:02.134Z</time>
        <name>1094</name>
        <extensions>
          <speed_mps>17.882</speed_mps>
          <speed_mph>40.0</speed_mph>
        </extensions>
      </trkpt>
      <trkpt lat="52.2895700" lon="1.4903600">
        <ele>0</ele>
        <time>2026-06-26T08:36:02.264Z</time>
        <name>1095</name>
        <extensions>
          <speed_mps>17.882</speed_mps>
          <speed_mph>40.0</speed_mph>
        </extensions>
      </trkpt>
      <trkpt lat="52.2895900" lon="1.4903900">
        <ele>0</ele>
        <time>2026-06-26T08:36:02.433Z</time>
        <name>1096</name>
        <extensions>
          <speed_mps>17.882</speed_mps>
          <speed_mph>40.0</speed_mph>
        </extensions>
      </trkpt>
      <trkpt lat="52.2896500" lon="1.4905500">
        <ele>0</ele>
        <time>2026-06-26T08:36:03.147Z</time>
        <name>1097</name>
        <extensions>
          <speed_mps>17.882</speed_mps>
          <speed_mph>40.0</speed_mph>
        </extensions>
      </trkpt>
      <trkpt lat="52.2896800" lon="1.4906800">
        <ele>0</ele>
        <time>2026-06-26T08:36:03.675Z</time>
        <name>1098</name>
        <extensions>
          <speed_mps>17.882</speed_mps>
          <speed_mph>40.0</speed_mph>
        </extensions>
      </trkpt>
      <trkpt lat="52.2897000" lon="1.4908200">
        <ele>0</ele>
        <time>2026-06-26T08:36:04.223Z</time>
        <name>1099</name>
        <extensions>
          <speed_mps>17.882</speed_mps>
          <speed_mph>40.0</speed_mph>
        </extensions>
      </trkpt>
      <trkpt lat="52.2897000" lon="1.4911800">
        <ele>0</ele>
        <time>2026-06-26T08:36:05.593Z</time>
        <name>1100</name>
        <extensions>
          <speed_mps>17.882</speed_mps>
          <speed_mph>40.0</speed_mph>
        </extensions>
      </trkpt>
      <trkpt lat="52.2896500" lon="1.4919900">
        <ele>0</ele>
        <time>2026-06-26T08:36:08.691Z</time>
        <name>1101</name>
        <extensions>
          <speed_mps>17.882</speed_mps>
          <speed_mph>40.0</speed_mph>
        </extensions>
      </trkpt>
      <trkpt lat="52.2896400" lon="1.4920300">
        <ele>0</ele>
        <time>2026-06-26T08:36:08.855Z</time>
        <name>1102</name>
        <extensions>
          <speed_mps>17.882</speed_mps>
          <speed_mph>40.0</speed_mph>
        </extensions>
      </trkpt>
      <trkpt lat="52.2896300" lon="1.4921800">
        <ele>0</ele>
        <time>2026-06-26T08:36:09.430Z</time>
        <name>1103</name>
        <extensions>
          <speed_mps>17.882</speed_mps>
          <speed_mph>40.0</speed_mph>
        </extensions>
      </trkpt>
      <trkpt lat="52.2896100" lon="1.4922600">
        <ele>0</ele>
        <time>2026-06-26T08:36:09.758Z</time>
        <name>1104</name>
        <extensions>
          <speed_mps>17.882</speed_mps>
          <speed_mph>40.0</speed_mph>
        </extensions>
      </trkpt>
      <trkpt lat="52.2895900" lon="1.4924300">
        <ele>0</ele>
        <time>2026-06-26T08:36:10.417Z</time>
        <name>1105</name>
        <extensions>
          <speed_mps>17.882</speed_mps>
          <speed_mph>40.0</speed_mph>
        </extensions>
      </trkpt>
      <trkpt lat="52.2894200" lon="1.4931300">
        <ele>0</ele>
        <time>2026-06-26T08:36:13.283Z</time>
        <name>1106</name>
        <extensions>
          <speed_mps>17.882</speed_mps>
          <speed_mph>40.0</speed_mph>
        </extensions>
      </trkpt>
      <trkpt lat="52.2894000" lon="1.4932700">
        <ele>0</ele>
        <time>2026-06-26T08:36:13.831Z</time>
        <name>1107</name>
        <extensions>
          <speed_mps>17.882</speed_mps>
          <speed_mph>40.0</speed_mph>
        </extensions>
      </trkpt>
      <trkpt lat="52.2893900" lon="1.4932800">
        <ele>0</ele>
        <time>2026-06-26T08:36:13.903Z</time>
        <name>1108</name>
        <extensions>
          <speed_mps>17.882</speed_mps>
          <speed_mph>40.0</speed_mph>
        </extensions>
      </trkpt>
      <trkpt lat="52.2893900" lon="1.4933500">
        <ele>0</ele>
        <time>2026-06-26T08:36:14.170Z</time>
        <name>1109</name>
        <extensions>
          <speed_mps>17.882</speed_mps>
          <speed_mph>40.0</speed_mph>
        </extensions>
      </trkpt>
      <trkpt lat="52.2893800" lon="1.4934100">
        <ele>0</ele>
        <time>2026-06-26T08:36:14.407Z</time>
        <name>1110</name>
        <extensions>
          <speed_mps>17.882</speed_mps>
          <speed_mph>40.0</speed_mph>
        </extensions>
      </trkpt>
      <trkpt lat="52.2893800" lon="1.4934800">
        <ele>0</ele>
        <time>2026-06-26T08:36:14.673Z</time>
        <name>1111</name>
        <extensions>
          <speed_mps>17.882</speed_mps>
          <speed_mph>40.0</speed_mph>
        </extensions>
      </trkpt>
      <trkpt lat="52.2893600" lon="1.4936400">
        <ele>0</ele>
        <time>2026-06-26T08:36:15.294Z</time>
        <name>1112</name>
        <extensions>
          <speed_mps>17.882</speed_mps>
          <speed_mph>40.0</speed_mph>
        </extensions>
      </trkpt>
      <trkpt lat="52.2893600" lon="1.4939500">
        <ele>0</ele>
        <time>2026-06-26T08:36:16.474Z</time>
        <name>1113</name>
        <extensions>
          <speed_mps>17.882</speed_mps>
          <speed_mph>40.0</speed_mph>
        </extensions>
      </trkpt>
      <trkpt lat="52.2893700" lon="1.4940900">
        <ele>0</ele>
        <time>2026-06-26T08:36:17.011Z</time>
        <name>1114</name>
        <extensions>
          <speed_mps>17.882</speed_mps>
          <speed_mph>40.0</speed_mph>
        </extensions>
      </trkpt>
      <trkpt lat="52.2893800" lon="1.4941100">
        <ele>0</ele>
        <time>2026-06-26T08:36:17.109Z</time>
        <name>1115</name>
        <extensions>
          <speed_mps>17.882</speed_mps>
          <speed_mph>40.0</speed_mph>
        </extensions>
      </trkpt>
      <trkpt lat="52.2893900" lon="1.4942300">
        <ele>0</ele>
        <time>2026-06-26T08:36:17.570Z</time>
        <name>1116</name>
        <extensions>
          <speed_mps>17.882</speed_mps>
          <speed_mph>40.0</speed_mph>
        </extensions>
      </trkpt>
      <trkpt lat="52.2894200" lon="1.4944000">
        <ele>0</ele>
        <time>2026-06-26T08:36:18.243Z</time>
        <name>1117</name>
        <extensions>
          <speed_mps>17.882</speed_mps>
          <speed_mph>40.0</speed_mph>
        </extensions>
      </trkpt>
      <trkpt lat="52.2895000" lon="1.4945100">
        <ele>0</ele>
        <time>2026-06-26T08:36:18.893Z</time>
        <name>1118</name>
        <extensions>
          <speed_mps>17.882</speed_mps>
          <speed_mph>40.0</speed_mph>
        </extensions>
      </trkpt>
      <trkpt lat="52.2895200" lon="1.4945500">
        <ele>0</ele>
        <time>2026-06-26T08:36:19.090Z</time>
        <name>1119</name>
        <extensions>
          <speed_mps>17.882</speed_mps>
          <speed_mph>40.0</speed_mph>
        </extensions>
      </trkpt>
      <trkpt lat="52.2895500" lon="1.4945800">
        <ele>0</ele>
        <time>2026-06-26T08:36:19.309Z</time>
        <name>1120</name>
        <extensions>
          <speed_mps>17.882</speed_mps>
          <speed_mph>40.0</speed_mph>
        </extensions>
      </trkpt>
      <trkpt lat="52.2895900" lon="1.4946100">
        <ele>0</ele>
        <time>2026-06-26T08:36:19.582Z</time>
        <name>1121</name>
        <extensions>
          <speed_mps>17.882</speed_mps>
          <speed_mph>40.0</speed_mph>
        </extensions>
      </trkpt>
      <trkpt lat="52.2896400" lon="1.4946600">
        <ele>0</ele>
        <time>2026-06-26T08:36:19.947Z</time>
        <name>1122</name>
        <extensions>
          <speed_mps>17.882</speed_mps>
          <speed_mph>40.0</speed_mph>
        </extensions>
      </trkpt>
      <trkpt lat="52.2896500" lon="1.4946500">
        <ele>0</ele>
        <time>2026-06-26T08:36:20.020Z</time>
        <name>1123</name>
        <extensions>
          <speed_mps>17.882</speed_mps>
          <speed_mph>40.0</speed_mph>
        </extensions>
      </trkpt>
      <trkpt lat="52.2896900" lon="1.4946400">
        <ele>0</ele>
        <time>2026-06-26T08:36:20.271Z</time>
        <name>1124</name>
        <extensions>
          <speed_mps>17.882</speed_mps>
          <speed_mph>40.0</speed_mph>
        </extensions>
      </trkpt>
      <trkpt lat="52.2897300" lon="1.4946500">
        <ele>0</ele>
        <time>2026-06-26T08:36:20.523Z</time>
        <name>1125</name>
        <extensions>
          <speed_mps>17.882</speed_mps>
          <speed_mph>40.0</speed_mph>
        </extensions>
      </trkpt>
      <trkpt lat="52.2897700" lon="1.4946700">
        <ele>0</ele>
        <time>2026-06-26T08:36:20.783Z</time>
        <name>1126</name>
        <extensions>
          <speed_mps>17.882</speed_mps>
          <speed_mph>40.0</speed_mph>
        </extensions>
      </trkpt>
      <trkpt lat="52.2898000" lon="1.4946900">
        <ele>0</ele>
        <time>2026-06-26T08:36:20.985Z</time>
        <name>1127</name>
        <extensions>
          <speed_mps>17.882</speed_mps>
          <speed_mph>40.0</speed_mph>
        </extensions>
      </trkpt>
      <trkpt lat="52.2898600" lon="1.4947700">
        <ele>0</ele>
        <time>2026-06-26T08:36:21.466Z</time>
        <name>1128</name>
        <extensions>
          <speed_mps>17.882</speed_mps>
          <speed_mph>40.0</speed_mph>
        </extensions>
      </trkpt>
      <trkpt lat="52.2899000" lon="1.4948800">
        <ele>0</ele>
        <time>2026-06-26T08:36:21.953Z</time>
        <name>1129</name>
        <extensions>
          <speed_mps>17.882</speed_mps>
          <speed_mph>40.0</speed_mph>
        </extensions>
      </trkpt>
      <trkpt lat="52.2899100" lon="1.4949400">
        <ele>0</ele>
        <time>2026-06-26T08:36:22.190Z</time>
        <name>1130</name>
        <extensions>
          <speed_mps>17.882</speed_mps>
          <speed_mph>40.0</speed_mph>
        </extensions>
      </trkpt>
      <trkpt lat="52.2899100" lon="1.4950700">
        <ele>0</ele>
        <time>2026-06-26T08:36:22.685Z</time>
        <name>1131</name>
        <extensions>
          <speed_mps>17.882</speed_mps>
          <speed_mph>40.0</speed_mph>
        </extensions>
      </trkpt>
      <trkpt lat="52.2899000" lon="1.4951300">
        <ele>0</ele>
        <time>2026-06-26T08:36:22.921Z</time>
        <name>1132</name>
        <extensions>
          <speed_mps>17.882</speed_mps>
          <speed_mph>40.0</speed_mph>
        </extensions>
      </trkpt>
      <trkpt lat="52.2898800" lon="1.4951800">
        <ele>0</ele>
        <time>2026-06-26T08:36:23.149Z</time>
        <name>1133</name>
        <extensions>
          <speed_mps>17.882</speed_mps>
          <speed_mph>40.0</speed_mph>
        </extensions>
      </trkpt>
      <trkpt lat="52.2898800" lon="1.4951900">
        <ele>0</ele>
        <time>2026-06-26T08:36:23.187Z</time>
        <name>1134</name>
        <extensions>
          <speed_mps>17.882</speed_mps>
          <speed_mph>40.0</speed_mph>
        </extensions>
      </trkpt>
      <trkpt lat="52.2898300" lon="1.4952800">
        <ele>0</ele>
        <time>2026-06-26T08:36:23.649Z</time>
        <name>1135</name>
        <extensions>
          <speed_mps>17.882</speed_mps>
          <speed_mph>40.0</speed_mph>
        </extensions>
      </trkpt>
      <trkpt lat="52.2897700" lon="1.4953400">
        <ele>0</ele>
        <time>2026-06-26T08:36:24.087Z</time>
        <name>1136</name>
        <extensions>
          <speed_mps>17.882</speed_mps>
          <speed_mph>40.0</speed_mph>
        </extensions>
      </trkpt>
      <trkpt lat="52.2897300" lon="1.4953600">
        <ele>0</ele>
        <time>2026-06-26T08:36:24.347Z</time>
        <name>1137</name>
        <extensions>
          <speed_mps>17.882</speed_mps>
          <speed_mph>40.0</speed_mph>
        </extensions>
      </trkpt>
      <trkpt lat="52.2896500" lon="1.4953600">
        <ele>0</ele>
        <time>2026-06-26T08:36:24.844Z</time>
        <name>1138</name>
        <extensions>
          <speed_mps>17.882</speed_mps>
          <speed_mph>40.0</speed_mph>
        </extensions>
      </trkpt>
      <trkpt lat="52.2896200" lon="1.4953400">
        <ele>0</ele>
        <time>2026-06-26T08:36:25.046Z</time>
        <name>1139</name>
        <extensions>
          <speed_mps>17.882</speed_mps>
          <speed_mph>40.0</speed_mph>
        </extensions>
      </trkpt>
      <trkpt lat="52.2895300" lon="1.4953600">
        <ele>0</ele>
        <time>2026-06-26T08:36:25.611Z</time>
        <name>1140</name>
        <extensions>
          <speed_mps>17.882</speed_mps>
          <speed_mph>40.0</speed_mph>
        </extensions>
      </trkpt>
      <trkpt lat="52.2894900" lon="1.4953800">
        <ele>0</ele>
        <time>2026-06-26T08:36:25.871Z</time>
        <name>1141</name>
        <extensions>
          <speed_mps>17.882</speed_mps>
          <speed_mph>40.0</speed_mph>
        </extensions>
      </trkpt>
      <trkpt lat="52.2894300" lon="1.4954000">
        <ele>0</ele>
        <time>2026-06-26T08:36:26.251Z</time>
        <name>1142</name>
        <extensions>
          <speed_mps>17.882</speed_mps>
          <speed_mph>40.0</speed_mph>
        </extensions>
      </trkpt>
      <trkpt lat="52.2893900" lon="1.4954300">
        <ele>0</ele>
        <time>2026-06-26T08:36:26.525Z</time>
        <name>1143</name>
        <extensions>
          <speed_mps>17.882</speed_mps>
          <speed_mph>40.0</speed_mph>
        </extensions>
      </trkpt>
      <trkpt lat="52.2893100" lon="1.4954600">
        <ele>0</ele>
        <time>2026-06-26T08:36:27.036Z</time>
        <name>1144</name>
        <extensions>
          <speed_mps>17.882</speed_mps>
          <speed_mph>40.0</speed_mph>
        </extensions>
      </trkpt>
      <trkpt lat="52.2891600" lon="1.4955900">
        <ele>0</ele>
        <time>2026-06-26T08:36:28.091Z</time>
        <name>1145</name>
        <extensions>
          <speed_mps>17.882</speed_mps>
          <speed_mph>40.0</speed_mph>
        </extensions>
      </trkpt>
      <trkpt lat="52.2890500" lon="1.4957000">
        <ele>0</ele>
        <time>2026-06-26T08:36:28.893Z</time>
        <name>1146</name>
        <extensions>
          <speed_mps>17.882</speed_mps>
          <speed_mph>40.0</speed_mph>
        </extensions>
      </trkpt>
      <trkpt lat="52.2888800" lon="1.4958900">
        <ele>0</ele>
        <time>2026-06-26T08:36:30.174Z</time>
        <name>1147</name>
        <extensions>
          <speed_mps>17.882</speed_mps>
          <speed_mph>40.0</speed_mph>
        </extensions>
      </trkpt>
      <trkpt lat="52.2887000" lon="1.4961100">
        <ele>0</ele>
        <time>2026-06-26T08:36:31.572Z</time>
        <name>1148</name>
        <extensions>
          <speed_mps>17.882</speed_mps>
          <speed_mph>40.0</speed_mph>
        </extensions>
      </trkpt>
      <trkpt lat="52.2886600" lon="1.4961700">
        <ele>0</ele>
        <time>2026-06-26T08:36:31.910Z</time>
        <name>1149</name>
        <extensions>
          <speed_mps>17.882</speed_mps>
          <speed_mph>40.0</speed_mph>
        </extensions>
      </trkpt>
      <trkpt lat="52.2884900" lon="1.4964800">
        <ele>0</ele>
        <time>2026-06-26T08:36:33.494Z</time>
        <name>1150</name>
        <extensions>
          <speed_mps>17.882</speed_mps>
          <speed_mph>40.0</speed_mph>
        </extensions>
      </trkpt>
      <trkpt lat="52.2884800" lon="1.4965300">
        <ele>0</ele>
        <time>2026-06-26T08:36:33.694Z</time>
        <name>1151</name>
        <extensions>
          <speed_mps>17.882</speed_mps>
          <speed_mph>40.0</speed_mph>
        </extensions>
      </trkpt>
      <trkpt lat="52.2883600" lon="1.4969300">
        <ele>0</ele>
        <time>2026-06-26T08:36:35.389Z</time>
        <name>1152</name>
        <extensions>
          <speed_mps>17.882</speed_mps>
          <speed_mph>40.0</speed_mph>
        </extensions>
      </trkpt>
      <trkpt lat="52.2883100" lon="1.4971500">
        <ele>0</ele>
        <time>2026-06-26T08:36:36.282Z</time>
        <name>1153</name>
        <extensions>
          <speed_mps>17.882</speed_mps>
          <speed_mph>40.0</speed_mph>
        </extensions>
      </trkpt>
      <trkpt lat="52.2881100" lon="1.4976300">
        <ele>0</ele>
        <time>2026-06-26T08:36:38.492Z</time>
        <name>1154</name>
        <extensions>
          <speed_mps>17.882</speed_mps>
          <speed_mph>40.0</speed_mph>
        </extensions>
      </trkpt>
      <trkpt lat="52.2881100" lon="1.4976400">
        <ele>0</ele>
        <time>2026-06-26T08:36:38.531Z</time>
        <name>1155</name>
        <extensions>
          <speed_mps>17.882</speed_mps>
          <speed_mph>40.0</speed_mph>
        </extensions>
      </trkpt>
      <trkpt lat="52.2879200" lon="1.4980300">
        <ele>0</ele>
        <time>2026-06-26T08:36:40.428Z</time>
        <name>1156</name>
        <extensions>
          <speed_mps>17.882</speed_mps>
          <speed_mph>40.0</speed_mph>
        </extensions>
      </trkpt>
      <trkpt lat="52.2878800" lon="1.4981300">
        <ele>0</ele>
        <time>2026-06-26T08:36:40.882Z</time>
        <name>1157</name>
        <extensions>
          <speed_mps>17.882</speed_mps>
          <speed_mph>40.0</speed_mph>
        </extensions>
      </trkpt>
      <trkpt lat="52.2878500" lon="1.4981900">
        <ele>0</ele>
        <time>2026-06-26T08:36:41.177Z</time>
        <name>1158</name>
        <extensions>
          <speed_mps>17.882</speed_mps>
          <speed_mph>40.0</speed_mph>
        </extensions>
      </trkpt>
      <trkpt lat="52.2878200" lon="1.4982700">
        <ele>0</ele>
        <time>2026-06-26T08:36:41.534Z</time>
        <name>1159</name>
        <extensions>
          <speed_mps>17.882</speed_mps>
          <speed_mph>40.0</speed_mph>
        </extensions>
      </trkpt>
      <trkpt lat="52.2877800" lon="1.4983500">
        <ele>0</ele>
        <time>2026-06-26T08:36:41.927Z</time>
        <name>1160</name>
        <extensions>
          <speed_mps>17.882</speed_mps>
          <speed_mph>40.0</speed_mph>
        </extensions>
      </trkpt>
      <trkpt lat="52.2877300" lon="1.4984800">
        <ele>0</ele>
        <time>2026-06-26T08:36:42.512Z</time>
        <name>1161</name>
        <extensions>
          <speed_mps>17.882</speed_mps>
          <speed_mph>40.0</speed_mph>
        </extensions>
      </trkpt>
      <trkpt lat="52.2876900" lon="1.4986400">
        <ele>0</ele>
        <time>2026-06-26T08:36:43.170Z</time>
        <name>1162</name>
        <extensions>
          <speed_mps>17.882</speed_mps>
          <speed_mph>40.0</speed_mph>
        </extensions>
      </trkpt>
      <trkpt lat="52.2876400" lon="1.4989000">
        <ele>0</ele>
        <time>2026-06-26T08:36:44.207Z</time>
        <name>1163</name>
        <extensions>
          <speed_mps>17.882</speed_mps>
          <speed_mph>40.0</speed_mph>
        </extensions>
      </trkpt>
      <trkpt lat="52.2876300" lon="1.4989100">
        <ele>0</ele>
        <time>2026-06-26T08:36:44.280Z</time>
        <name>1164</name>
        <extensions>
          <speed_mps>17.882</speed_mps>
          <speed_mph>40.0</speed_mph>
        </extensions>
      </trkpt>
      <trkpt lat="52.2876000" lon="1.4990900">
        <ele>0</ele>
        <time>2026-06-26T08:36:44.990Z</time>
        <name>1165</name>
        <extensions>
          <speed_mps>17.882</speed_mps>
          <speed_mph>40.0</speed_mph>
        </extensions>
      </trkpt>
      <trkpt lat="52.2875600" lon="1.4992600">
        <ele>0</ele>
        <time>2026-06-26T08:36:45.683Z</time>
        <name>1166</name>
        <extensions>
          <speed_mps>17.882</speed_mps>
          <speed_mph>40.0</speed_mph>
        </extensions>
      </trkpt>
      <trkpt lat="52.2874200" lon="1.4997200">
        <ele>0</ele>
        <time>2026-06-26T08:36:47.638Z</time>
        <name>1167</name>
        <extensions>
          <speed_mps>17.882</speed_mps>
          <speed_mph>40.0</speed_mph>
        </extensions>
      </trkpt>
      <trkpt lat="52.2874000" lon="1.4998100">
        <ele>0</ele>
        <time>2026-06-26T08:36:48.003Z</time>
        <name>1168</name>
        <extensions>
          <speed_mps>17.882</speed_mps>
          <speed_mph>40.0</speed_mph>
        </extensions>
      </trkpt>
      <trkpt lat="52.2872400" lon="1.5002900">
        <ele>0</ele>
        <time>2026-06-26T08:36:50.083Z</time>
        <name>1169</name>
        <extensions>
          <speed_mps>17.882</speed_mps>
          <speed_mph>40.0</speed_mph>
        </extensions>
      </trkpt>
      <trkpt lat="52.2871600" lon="1.5004900">
        <ele>0</ele>
        <time>2026-06-26T08:36:50.992Z</time>
        <name>1170</name>
        <extensions>
          <speed_mps>17.882</speed_mps>
          <speed_mph>40.0</speed_mph>
        </extensions>
      </trkpt>
      <trkpt lat="52.2869600" lon="1.5011300">
        <ele>0</ele>
        <time>2026-06-26T08:36:53.727Z</time>
        <name>1171</name>
        <extensions>
          <speed_mps>17.882</speed_mps>
          <speed_mph>40.0</speed_mph>
        </extensions>
      </trkpt>
      <trkpt lat="52.2868500" lon="1.5015400">
        <ele>0</ele>
        <time>2026-06-26T08:36:55.431Z</time>
        <name>1172</name>
        <extensions>
          <speed_mps>17.882</speed_mps>
          <speed_mph>40.0</speed_mph>
        </extensions>
      </trkpt>
      <trkpt lat="52.2868400" lon="1.5016000">
        <ele>0</ele>
        <time>2026-06-26T08:36:55.668Z</time>
        <name>1173</name>
        <extensions>
          <speed_mps>17.882</speed_mps>
          <speed_mph>40.0</speed_mph>
        </extensions>
      </trkpt>
      <trkpt lat="52.2867000" lon="1.5021500">
        <ele>0</ele>
        <time>2026-06-26T08:36:57.935Z</time>
        <name>1174</name>
        <extensions>
          <speed_mps>17.882</speed_mps>
          <speed_mph>40.0</speed_mph>
        </extensions>
      </trkpt>
      <trkpt lat="52.2865800" lon="1.5025400">
        <ele>0</ele>
        <time>2026-06-26T08:36:59.596Z</time>
        <name>1175</name>
        <extensions>
          <speed_mps>17.882</speed_mps>
          <speed_mph>40.0</speed_mph>
        </extensions>
      </trkpt>
      <trkpt lat="52.2865700" lon="1.5025900">
        <ele>0</ele>
        <time>2026-06-26T08:36:59.796Z</time>
        <name>1176</name>
        <extensions>
          <speed_mps>17.882</speed_mps>
          <speed_mph>40.0</speed_mph>
        </extensions>
      </trkpt>
      <trkpt lat="52.2865000" lon="1.5028000">
        <ele>0</ele>
        <time>2026-06-26T08:37:00.706Z</time>
        <name>1177</name>
        <extensions>
          <speed_mps>17.882</speed_mps>
          <speed_mph>40.0</speed_mph>
        </extensions>
      </trkpt>
      <trkpt lat="52.2864100" lon="1.5029800">
        <ele>0</ele>
        <time>2026-06-26T08:37:01.591Z</time>
        <name>1178</name>
        <extensions>
          <speed_mps>17.882</speed_mps>
          <speed_mph>40.0</speed_mph>
        </extensions>
      </trkpt>
      <trkpt lat="52.2857300" lon="1.5046100">
        <ele>0</ele>
        <time>2026-06-26T08:37:09.099Z</time>
        <name>1179</name>
        <extensions>
          <speed_mps>17.882</speed_mps>
          <speed_mph>40.0</speed_mph>
        </extensions>
      </trkpt>
      <trkpt lat="52.2857300" lon="1.5046200">
        <ele>0</ele>
        <time>2026-06-26T08:37:09.137Z</time>
        <name>1180</name>
        <extensions>
          <speed_mps>17.882</speed_mps>
          <speed_mph>40.0</speed_mph>
        </extensions>
      </trkpt>
      <trkpt lat="52.2855200" lon="1.5050900">
        <ele>0</ele>
        <time>2026-06-26T08:37:11.352Z</time>
        <name>1181</name>
        <extensions>
          <speed_mps>17.882</speed_mps>
          <speed_mph>40.0</speed_mph>
        </extensions>
      </trkpt>
      <trkpt lat="52.2852900" lon="1.5057200">
        <ele>0</ele>
        <time>2026-06-26T08:37:14.144Z</time>
        <name>1182</name>
        <extensions>
          <speed_mps>17.882</speed_mps>
          <speed_mph>40.0</speed_mph>
        </extensions>
      </trkpt>
      <trkpt lat="52.2852900" lon="1.5057300">
        <ele>0</ele>
        <time>2026-06-26T08:37:14.182Z</time>
        <name>1183</name>
        <extensions>
          <speed_mps>17.882</speed_mps>
          <speed_mph>40.0</speed_mph>
        </extensions>
      </trkpt>
      <trkpt lat="52.2851900" lon="1.5060400">
        <ele>0</ele>
        <time>2026-06-26T08:37:15.515Z</time>
        <name>1184</name>
        <extensions>
          <speed_mps>17.882</speed_mps>
          <speed_mph>40.0</speed_mph>
        </extensions>
      </trkpt>
      <trkpt lat="52.2846100" lon="1.5081200">
        <ele>0</ele>
        <time>2026-06-26T08:37:24.215Z</time>
        <name>1185</name>
        <extensions>
          <speed_mps>17.882</speed_mps>
          <speed_mph>40.0</speed_mph>
        </extensions>
      </trkpt>
      <trkpt lat="52.2844300" lon="1.5088300">
        <ele>0</ele>
        <time>2026-06-26T08:37:27.140Z</time>
        <name>1186</name>
        <extensions>
          <speed_mps>17.882</speed_mps>
          <speed_mph>40.0</speed_mph>
        </extensions>
      </trkpt>
      <trkpt lat="52.2843300" lon="1.5091300">
        <ele>0</ele>
        <time>2026-06-26T08:37:28.440Z</time>
        <name>1187</name>
        <extensions>
          <speed_mps>17.882</speed_mps>
          <speed_mph>40.0</speed_mph>
        </extensions>
      </trkpt>
      <trkpt lat="52.2843000" lon="1.5091800">
        <ele>0</ele>
        <time>2026-06-26T08:37:28.707Z</time>
        <name>1188</name>
        <extensions>
          <speed_mps>17.882</speed_mps>
          <speed_mph>40.0</speed_mph>
        </extensions>
      </trkpt>
      <trkpt lat="52.2842500" lon="1.5093200">
        <ele>0</ele>
        <time>2026-06-26T08:37:29.324Z</time>
        <name>1189</name>
        <extensions>
          <speed_mps>17.882</speed_mps>
          <speed_mph>40.0</speed_mph>
        </extensions>
      </trkpt>
      <trkpt lat="52.2839300" lon="1.5099500">
        <ele>0</ele>
        <time>2026-06-26T08:37:32.440Z</time>
        <name>1190</name>
        <extensions>
          <speed_mps>17.882</speed_mps>
          <speed_mph>40.0</speed_mph>
        </extensions>
      </trkpt>
      <trkpt lat="52.2836000" lon="1.5105100">
        <ele>0</ele>
        <time>2026-06-26T08:37:35.399Z</time>
        <name>1191</name>
        <extensions>
          <speed_mps>17.882</speed_mps>
          <speed_mph>40.0</speed_mph>
        </extensions>
      </trkpt>
      <trkpt lat="52.2834800" lon="1.5106900">
        <ele>0</ele>
        <time>2026-06-26T08:37:36.412Z</time>
        <name>1192</name>
        <extensions>
          <speed_mps>17.882</speed_mps>
          <speed_mph>40.0</speed_mph>
        </extensions>
      </trkpt>
      <trkpt lat="52.2832900" lon="1.5110200">
        <ele>0</ele>
        <time>2026-06-26T08:37:38.136Z</time>
        <name>1193</name>
        <extensions>
          <speed_mps>17.882</speed_mps>
          <speed_mph>40.0</speed_mph>
        </extensions>
      </trkpt>
      <trkpt lat="52.2831000" lon="1.5113900">
        <ele>0</ele>
        <time>2026-06-26T08:37:39.974Z</time>
        <name>1194</name>
        <extensions>
          <speed_mps>17.882</speed_mps>
          <speed_mph>40.0</speed_mph>
        </extensions>
      </trkpt>
      <trkpt lat="52.2828100" lon="1.5121000">
        <ele>0</ele>
        <time>2026-06-26T08:37:43.223Z</time>
        <name>1195</name>
        <extensions>
          <speed_mps>17.882</speed_mps>
          <speed_mph>40.0</speed_mph>
        </extensions>
      </trkpt>
      <trkpt lat="52.2825400" lon="1.5127000">
        <ele>0</ele>
        <time>2026-06-26T08:37:46.058Z</time>
        <name>1196</name>
        <extensions>
          <speed_mps>17.882</speed_mps>
          <speed_mph>40.0</speed_mph>
        </extensions>
      </trkpt>
      <trkpt lat="52.2823100" lon="1.5131300">
        <ele>0</ele>
        <time>2026-06-26T08:37:48.231Z</time>
        <name>1197</name>
        <extensions>
          <speed_mps>17.882</speed_mps>
          <speed_mph>40.0</speed_mph>
        </extensions>
      </trkpt>
      <trkpt lat="52.2822200" lon="1.5132800">
        <ele>0</ele>
        <time>2026-06-26T08:37:49.031Z</time>
        <name>1198</name>
        <extensions>
          <speed_mps>17.882</speed_mps>
          <speed_mph>40.0</speed_mph>
        </extensions>
      </trkpt>
      <trkpt lat="52.2821800" lon="1.5133600">
        <ele>0</ele>
        <time>2026-06-26T08:37:49.424Z</time>
        <name>1199</name>
        <extensions>
          <speed_mps>17.882</speed_mps>
          <speed_mph>40.0</speed_mph>
        </extensions>
      </trkpt>
      <trkpt lat="52.2816300" lon="1.5142100">
        <ele>0</ele>
        <time>2026-06-26T08:37:54.132Z</time>
        <name>1200</name>
        <extensions>
          <speed_mps>17.882</speed_mps>
          <speed_mph>40.0</speed_mph>
        </extensions>
      </trkpt>
      <trkpt lat="52.2813900" lon="1.5146300">
        <ele>0</ele>
        <time>2026-06-26T08:37:56.319Z</time>
        <name>1201</name>
        <extensions>
          <speed_mps>17.882</speed_mps>
          <speed_mph>40.0</speed_mph>
        </extensions>
      </trkpt>
      <trkpt lat="52.2813800" lon="1.5146600">
        <ele>0</ele>
        <time>2026-06-26T08:37:56.449Z</time>
        <name>1202</name>
        <extensions>
          <speed_mps>17.882</speed_mps>
          <speed_mph>40.0</speed_mph>
        </extensions>
      </trkpt>
      <trkpt lat="52.2812200" lon="1.5149800">
        <ele>0</ele>
        <time>2026-06-26T08:37:58.022Z</time>
        <name>1203</name>
        <extensions>
          <speed_mps>17.882</speed_mps>
          <speed_mph>40.0</speed_mph>
        </extensions>
      </trkpt>
      <trkpt lat="52.2810600" lon="1.5154400">
        <ele>0</ele>
        <time>2026-06-26T08:38:00.036Z</time>
        <name>1204</name>
        <extensions>
          <speed_mps>17.882</speed_mps>
          <speed_mph>40.0</speed_mph>
        </extensions>
      </trkpt>
      <trkpt lat="52.2809500" lon="1.5159400">
        <ele>0</ele>
        <time>2026-06-26T08:38:02.058Z</time>
        <name>1205</name>
        <extensions>
          <speed_mps>17.882</speed_mps>
          <speed_mph>40.0</speed_mph>
        </extensions>
      </trkpt>
      <trkpt lat="52.2809500" lon="1.5159500">
        <ele>0</ele>
        <time>2026-06-26T08:38:02.096Z</time>
        <name>1206</name>
        <extensions>
          <speed_mps>17.882</speed_mps>
          <speed_mph>40.0</speed_mph>
        </extensions>
      </trkpt>
      <trkpt lat="52.2808100" lon="1.5167100">
        <ele>0</ele>
        <time>2026-06-26T08:38:05.117Z</time>
        <name>1207</name>
        <extensions>
          <speed_mps>17.882</speed_mps>
          <speed_mph>40.0</speed_mph>
        </extensions>
      </trkpt>
      <trkpt lat="52.2807200" lon="1.5170500">
        <ele>0</ele>
        <time>2026-06-26T08:38:06.528Z</time>
        <name>1208</name>
        <extensions>
          <speed_mps>17.882</speed_mps>
          <speed_mph>40.0</speed_mph>
        </extensions>
      </trkpt>
      <trkpt lat="52.2807200" lon="1.5170600">
        <ele>0</ele>
        <time>2026-06-26T08:38:06.566Z</time>
        <name>1209</name>
        <extensions>
          <speed_mps>17.882</speed_mps>
          <speed_mph>40.0</speed_mph>
        </extensions>
      </trkpt>
      <trkpt lat="52.2806400" lon="1.5173400">
        <ele>0</ele>
        <time>2026-06-26T08:38:07.742Z</time>
        <name>1210</name>
        <extensions>
          <speed_mps>17.882</speed_mps>
          <speed_mph>40.0</speed_mph>
        </extensions>
      </trkpt>
      <trkpt lat="52.2806400" lon="1.5173500">
        <ele>0</ele>
        <time>2026-06-26T08:38:07.780Z</time>
        <name>1211</name>
        <extensions>
          <speed_mps>17.882</speed_mps>
          <speed_mph>40.0</speed_mph>
        </extensions>
      </trkpt>
      <trkpt lat="52.2804200" lon="1.5179900">
        <ele>0</ele>
        <time>2026-06-26T08:38:10.574Z</time>
        <name>1212</name>
        <extensions>
          <speed_mps>17.882</speed_mps>
          <speed_mph>40.0</speed_mph>
        </extensions>
      </trkpt>
      <trkpt lat="52.2804200" lon="1.5180000">
        <ele>0</ele>
        <time>2026-06-26T08:38:10.612Z</time>
        <name>1213</name>
        <extensions>
          <speed_mps>17.882</speed_mps>
          <speed_mph>40.0</speed_mph>
        </extensions>
      </trkpt>
      <trkpt lat="52.2803400" lon="1.5182100">
        <ele>0</ele>
        <time>2026-06-26T08:38:11.553Z</time>
        <name>1214</name>
        <extensions>
          <speed_mps>17.882</speed_mps>
          <speed_mph>40.0</speed_mph>
        </extensions>
      </trkpt>
      <trkpt lat="52.2802000" lon="1.5185000">
        <ele>0</ele>
        <time>2026-06-26T08:38:12.959Z</time>
        <name>1215</name>
        <extensions>
          <speed_mps>17.882</speed_mps>
          <speed_mph>40.0</speed_mph>
        </extensions>
      </trkpt>
      <trkpt lat="52.2800400" lon="1.5188000">
        <ele>0</ele>
        <time>2026-06-26T08:38:14.474Z</time>
        <name>1216</name>
        <extensions>
          <speed_mps>17.882</speed_mps>
          <speed_mph>40.0</speed_mph>
        </extensions>
      </trkpt>
      <trkpt lat="52.2798800" lon="1.5190700">
        <ele>0</ele>
        <time>2026-06-26T08:38:15.904Z</time>
        <name>1217</name>
        <extensions>
          <speed_mps>17.882</speed_mps>
          <speed_mph>40.0</speed_mph>
        </extensions>
      </trkpt>
      <trkpt lat="52.2792600" lon="1.5199600">
        <ele>0</ele>
        <time>2026-06-26T08:38:21.037Z</time>
        <name>1218</name>
        <extensions>
          <speed_mps>17.882</speed_mps>
          <speed_mph>40.0</speed_mph>
        </extensions>
      </trkpt>
      <trkpt lat="52.2791600" lon="1.5200800">
        <ele>0</ele>
        <time>2026-06-26T08:38:21.808Z</time>
        <name>1219</name>
        <extensions>
          <speed_mps>17.882</speed_mps>
          <speed_mph>40.0</speed_mph>
        </extensions>
      </trkpt>
      <trkpt lat="52.2790600" lon="1.5201700">
        <ele>0</ele>
        <time>2026-06-26T08:38:22.518Z</time>
        <name>1220</name>
        <extensions>
          <speed_mps>17.882</speed_mps>
          <speed_mph>40.0</speed_mph>
        </extensions>
      </trkpt>
      <trkpt lat="52.2789800" lon="1.5202200">
        <ele>0</ele>
        <time>2026-06-26T08:38:23.051Z</time>
        <name>1221</name>
        <extensions>
          <speed_mps>17.882</speed_mps>
          <speed_mph>40.0</speed_mph>
        </extensions>
      </trkpt>
      <trkpt lat="52.2787500" lon="1.5203000">
        <ele>0</ele>
        <time>2026-06-26T08:38:24.513Z</time>
        <name>1222</name>
        <extensions>
          <speed_mps>17.882</speed_mps>
          <speed_mph>40.0</speed_mph>
        </extensions>
      </trkpt>
      <trkpt lat="52.2786400" lon="1.5203100">
        <ele>0</ele>
        <time>2026-06-26T08:38:25.198Z</time>
        <name>1223</name>
        <extensions>
          <speed_mps>17.882</speed_mps>
          <speed_mph>40.0</speed_mph>
        </extensions>
      </trkpt>
      <trkpt lat="52.2786200" lon="1.5203200">
        <ele>0</ele>
        <time>2026-06-26T08:38:25.329Z</time>
        <name>1224</name>
        <extensions>
          <speed_mps>17.882</speed_mps>
          <speed_mph>40.0</speed_mph>
        </extensions>
      </trkpt>
      <trkpt lat="52.2783500" lon="1.5203200">
        <ele>0</ele>
        <time>2026-06-26T08:38:27.007Z</time>
        <name>1225</name>
        <extensions>
          <speed_mps>17.882</speed_mps>
          <speed_mph>40.0</speed_mph>
        </extensions>
      </trkpt>
      <trkpt lat="52.2782800" lon="1.5203100">
        <ele>0</ele>
        <time>2026-06-26T08:38:27.444Z</time>
        <name>1226</name>
        <extensions>
          <speed_mps>17.882</speed_mps>
          <speed_mph>40.0</speed_mph>
        </extensions>
      </trkpt>
      <trkpt lat="52.2782500" lon="1.5203000">
        <ele>0</ele>
        <time>2026-06-26T08:38:27.635Z</time>
        <name>1227</name>
        <extensions>
          <speed_mps>17.882</speed_mps>
          <speed_mph>40.0</speed_mph>
        </extensions>
      </trkpt>
      <trkpt lat="52.2782000" lon="1.5203000">
        <ele>0</ele>
        <time>2026-06-26T08:38:27.946Z</time>
        <name>1228</name>
        <extensions>
          <speed_mps>17.882</speed_mps>
          <speed_mph>40.0</speed_mph>
        </extensions>
      </trkpt>
      <trkpt lat="52.2781600" lon="1.5202900">
        <ele>0</ele>
        <time>2026-06-26T08:38:28.197Z</time>
        <name>1229</name>
        <extensions>
          <speed_mps>17.882</speed_mps>
          <speed_mph>40.0</speed_mph>
        </extensions>
      </trkpt>
      <trkpt lat="52.2781000" lon="1.5202900">
        <ele>0</ele>
        <time>2026-06-26T08:38:28.570Z</time>
        <name>1230</name>
        <extensions>
          <speed_mps>17.882</speed_mps>
          <speed_mph>40.0</speed_mph>
        </extensions>
      </trkpt>
      <trkpt lat="52.2779300" lon="1.5202700">
        <ele>0</ele>
        <time>2026-06-26T08:38:29.630Z</time>
        <name>1231</name>
        <extensions>
          <speed_mps>17.882</speed_mps>
          <speed_mph>40.0</speed_mph>
        </extensions>
      </trkpt>
      <trkpt lat="52.2777900" lon="1.5202400">
        <ele>0</ele>
        <time>2026-06-26T08:38:30.508Z</time>
        <name>1232</name>
        <extensions>
          <speed_mps>17.882</speed_mps>
          <speed_mph>40.0</speed_mph>
        </extensions>
      </trkpt>
      <trkpt lat="52.2773000" lon="1.5200800">
        <ele>0</ele>
        <time>2026-06-26T08:38:33.616Z</time>
        <name>1233</name>
        <extensions>
          <speed_mps>17.882</speed_mps>
          <speed_mph>40.0</speed_mph>
        </extensions>
      </trkpt>
      <trkpt lat="52.2771000" lon="1.5199800">
        <ele>0</ele>
        <time>2026-06-26T08:38:34.916Z</time>
        <name>1234</name>
        <extensions>
          <speed_mps>17.882</speed_mps>
          <speed_mph>40.0</speed_mph>
        </extensions>
      </trkpt>
      <trkpt lat="52.2769800" lon="1.5199500">
        <ele>0</ele>
        <time>2026-06-26T08:38:35.671Z</time>
        <name>1235</name>
        <extensions>
          <speed_mps>17.882</speed_mps>
          <speed_mph>40.0</speed_mph>
        </extensions>
      </trkpt>
      <trkpt lat="52.2769700" lon="1.5199400">
        <ele>0</ele>
        <time>2026-06-26T08:38:35.744Z</time>
        <name>1236</name>
        <extensions>
          <speed_mps>17.882</speed_mps>
          <speed_mph>40.0</speed_mph>
        </extensions>
      </trkpt>
      <trkpt lat="52.2768700" lon="1.5199300">
        <ele>0</ele>
        <time>2026-06-26T08:38:36.367Z</time>
        <name>1237</name>
        <extensions>
          <speed_mps>17.882</speed_mps>
          <speed_mph>40.0</speed_mph>
        </extensions>
      </trkpt>
      <trkpt lat="52.2767700" lon="1.5199400">
        <ele>0</ele>
        <time>2026-06-26T08:38:36.990Z</time>
        <name>1238</name>
        <extensions>
          <speed_mps>17.882</speed_mps>
          <speed_mph>40.0</speed_mph>
        </extensions>
      </trkpt>
      <trkpt lat="52.2767000" lon="1.5199700">
        <ele>0</ele>
        <time>2026-06-26T08:38:37.440Z</time>
        <name>1239</name>
        <extensions>
          <speed_mps>17.882</speed_mps>
          <speed_mph>40.0</speed_mph>
        </extensions>
      </trkpt>
      <trkpt lat="52.2766300" lon="1.5200200">
        <ele>0</ele>
        <time>2026-06-26T08:38:37.915Z</time>
        <name>1240</name>
        <extensions>
          <speed_mps>17.882</speed_mps>
          <speed_mph>40.0</speed_mph>
        </extensions>
      </trkpt>
      <trkpt lat="52.2765000" lon="1.5201500">
        <ele>0</ele>
        <time>2026-06-26T08:38:38.863Z</time>
        <name>1241</name>
        <extensions>
          <speed_mps>17.882</speed_mps>
          <speed_mph>40.0</speed_mph>
        </extensions>
      </trkpt>
      <trkpt lat="52.2764200" lon="1.5202700">
        <ele>0</ele>
        <time>2026-06-26T08:38:39.538Z</time>
        <name>1242</name>
        <extensions>
          <speed_mps>17.882</speed_mps>
          <speed_mph>40.0</speed_mph>
        </extensions>
      </trkpt>
      <trkpt lat="52.2763600" lon="1.5204100">
        <ele>0</ele>
        <time>2026-06-26T08:38:40.189Z</time>
        <name>1243</name>
        <extensions>
          <speed_mps>17.882</speed_mps>
          <speed_mph>40.0</speed_mph>
        </extensions>
      </trkpt>
      <trkpt lat="52.2762900" lon="1.5206400">
        <ele>0</ele>
        <time>2026-06-26T08:38:41.167Z</time>
        <name>1244</name>
        <extensions>
          <speed_mps>17.882</speed_mps>
          <speed_mph>40.0</speed_mph>
        </extensions>
      </trkpt>
      <trkpt lat="52.2762400" lon="1.5208700">
        <ele>0</ele>
        <time>2026-06-26T08:38:42.096Z</time>
        <name>1245</name>
        <extensions>
          <speed_mps>17.882</speed_mps>
          <speed_mph>40.0</speed_mph>
        </extensions>
      </trkpt>
      <trkpt lat="52.2762300" lon="1.5209000">
        <ele>0</ele>
        <time>2026-06-26T08:38:42.226Z</time>
        <name>1246</name>
        <extensions>
          <speed_mps>17.882</speed_mps>
          <speed_mph>40.0</speed_mph>
        </extensions>
      </trkpt>
      <trkpt lat="52.2758900" lon="1.5224500">
        <ele>0</ele>
        <time>2026-06-26T08:38:48.494Z</time>
        <name>1247</name>
        <extensions>
          <speed_mps>17.882</speed_mps>
          <speed_mph>40.0</speed_mph>
        </extensions>
      </trkpt>
      <trkpt lat="52.2758600" lon="1.5226300">
        <ele>0</ele>
        <time>2026-06-26T08:38:49.204Z</time>
        <name>1248</name>
        <extensions>
          <speed_mps>17.882</speed_mps>
          <speed_mph>40.0</speed_mph>
        </extensions>
      </trkpt>
      <trkpt lat="52.2757900" lon="1.5229100">
        <ele>0</ele>
        <time>2026-06-26T08:38:50.356Z</time>
        <name>1249</name>
        <extensions>
          <speed_mps>17.882</speed_mps>
          <speed_mph>40.0</speed_mph>
        </extensions>
      </trkpt>
      <trkpt lat="52.2756600" lon="1.5236600">
        <ele>0</ele>
        <time>2026-06-26T08:38:53.323Z</time>
        <name>1250</name>
        <extensions>
          <speed_mps>17.882</speed_mps>
          <speed_mph>40.0</speed_mph>
        </extensions>
      </trkpt>
      <trkpt lat="52.2756200" lon="1.5240400">
        <ele>0</ele>
        <time>2026-06-26T08:38:54.791Z</time>
        <name>1251</name>
        <extensions>
          <speed_mps>17.882</speed_mps>
          <speed_mph>40.0</speed_mph>
        </extensions>
      </trkpt>
      <trkpt lat="52.2756100" lon="1.5242800">
        <ele>0</ele>
        <time>2026-06-26T08:38:55.707Z</time>
        <name>1252</name>
        <extensions>
          <speed_mps>17.882</speed_mps>
          <speed_mph>40.0</speed_mph>
        </extensions>
      </trkpt>
      <trkpt lat="52.2756000" lon="1.5243500">
        <ele>0</ele>
        <time>2026-06-26T08:38:55.980Z</time>
        <name>1253</name>
        <extensions>
          <speed_mps>17.882</speed_mps>
          <speed_mph>40.0</speed_mph>
        </extensions>
      </trkpt>
      <trkpt lat="52.2756000" lon="1.5245400">
        <ele>0</ele>
        <time>2026-06-26T08:38:56.704Z</time>
        <name>1254</name>
        <extensions>
          <speed_mps>17.882</speed_mps>
          <speed_mph>40.0</speed_mph>
        </extensions>
      </trkpt>
      <trkpt lat="52.2755800" lon="1.5248400">
        <ele>0</ele>
        <time>2026-06-26T08:38:57.853Z</time>
        <name>1255</name>
        <extensions>
          <speed_mps>17.882</speed_mps>
          <speed_mph>40.0</speed_mph>
        </extensions>
      </trkpt>
      <trkpt lat="52.2754700" lon="1.5254400">
        <ele>0</ele>
        <time>2026-06-26T08:39:00.237Z</time>
        <name>1256</name>
        <extensions>
          <speed_mps>17.882</speed_mps>
          <speed_mph>40.0</speed_mph>
        </extensions>
      </trkpt>
      <trkpt lat="52.2754500" lon="1.5255100">
        <ele>0</ele>
        <time>2026-06-26T08:39:00.531Z</time>
        <name>1257</name>
        <extensions>
          <speed_mps>17.882</speed_mps>
          <speed_mph>40.0</speed_mph>
        </extensions>
      </trkpt>
      <trkpt lat="52.2754000" lon="1.5257900">
        <ele>0</ele>
        <time>2026-06-26T08:39:01.642Z</time>
        <name>1258</name>
        <extensions>
          <speed_mps>17.882</speed_mps>
          <speed_mph>40.0</speed_mph>
        </extensions>
      </trkpt>
      <trkpt lat="52.2753100" lon="1.5261700">
        <ele>0</ele>
        <time>2026-06-26T08:39:03.193Z</time>
        <name>1259</name>
        <extensions>
          <speed_mps>17.882</speed_mps>
          <speed_mph>40.0</speed_mph>
        </extensions>
      </trkpt>
      <trkpt lat="52.2752900" lon="1.5262300">
        <ele>0</ele>
        <time>2026-06-26T08:39:03.453Z</time>
        <name>1260</name>
        <extensions>
          <speed_mps>17.882</speed_mps>
          <speed_mph>40.0</speed_mph>
        </extensions>
      </trkpt>
      <trkpt lat="52.2752200" lon="1.5265000">
        <ele>0</ele>
        <time>2026-06-26T08:39:04.569Z</time>
        <name>1261</name>
        <extensions>
          <speed_mps>17.882</speed_mps>
          <speed_mph>40.0</speed_mph>
        </extensions>
      </trkpt>
      <trkpt lat="52.2749800" lon="1.5272900">
        <ele>0</ele>
        <time>2026-06-26T08:39:07.926Z</time>
        <name>1262</name>
        <extensions>
          <speed_mps>17.882</speed_mps>
          <speed_mph>40.0</speed_mph>
        </extensions>
      </trkpt>
      <trkpt lat="52.2749400" lon="1.5273900">
        <ele>0</ele>
        <time>2026-06-26T08:39:08.381Z</time>
        <name>1263</name>
        <extensions>
          <speed_mps>17.882</speed_mps>
          <speed_mph>40.0</speed_mph>
        </extensions>
      </trkpt>
      <trkpt lat="52.2748400" lon="1.5276900">
        <ele>0</ele>
        <time>2026-06-26T08:39:09.682Z</time>
        <name>1264</name>
        <extensions>
          <speed_mps>17.882</speed_mps>
          <speed_mph>40.0</speed_mph>
        </extensions>
      </trkpt>
      <trkpt lat="52.2747900" lon="1.5277900">
        <ele>0</ele>
        <time>2026-06-26T08:39:10.173Z</time>
        <name>1265</name>
        <extensions>
          <speed_mps>17.882</speed_mps>
          <speed_mph>40.0</speed_mph>
        </extensions>
      </trkpt>
      <trkpt lat="52.2747300" lon="1.5279400">
        <ele>0</ele>
        <time>2026-06-26T08:39:10.855Z</time>
        <name>1266</name>
        <extensions>
          <speed_mps>17.882</speed_mps>
          <speed_mph>40.0</speed_mph>
        </extensions>
      </trkpt>
      <trkpt lat="52.2744200" lon="1.5285300">
        <ele>0</ele>
        <time>2026-06-26T08:39:13.815Z</time>
        <name>1267</name>
        <extensions>
          <speed_mps>17.882</speed_mps>
          <speed_mph>40.0</speed_mph>
        </extensions>
      </trkpt>
      <trkpt lat="52.2742500" lon="1.5288100">
        <ele>0</ele>
        <time>2026-06-26T08:39:15.317Z</time>
        <name>1268</name>
        <extensions>
          <speed_mps>17.882</speed_mps>
          <speed_mph>40.0</speed_mph>
        </extensions>
      </trkpt>
      <trkpt lat="52.2737900" lon="1.5296400">
        <ele>0</ele>
        <time>2026-06-26T08:39:19.579Z</time>
        <name>1269</name>
        <extensions>
          <speed_mps>17.882</speed_mps>
          <speed_mph>40.0</speed_mph>
        </extensions>
      </trkpt>
      <trkpt lat="52.2733900" lon="1.5304700">
        <ele>0</ele>
        <time>2026-06-26T08:39:23.600Z</time>
        <name>1270</name>
        <extensions>
          <speed_mps>17.882</speed_mps>
          <speed_mph>40.0</speed_mph>
        </extensions>
      </trkpt>
      <trkpt lat="52.2732800" lon="1.5307200">
        <ele>0</ele>
        <time>2026-06-26T08:39:24.772Z</time>
        <name>1271</name>
        <extensions>
          <speed_mps>17.882</speed_mps>
          <speed_mph>40.0</speed_mph>
        </extensions>
      </trkpt>
      <trkpt lat="52.2731200" lon="1.5310400">
        <ele>0</ele>
        <time>2026-06-26T08:39:26.345Z</time>
        <name>1272</name>
        <extensions>
          <speed_mps>17.882</speed_mps>
          <speed_mph>40.0</speed_mph>
        </extensions>
      </trkpt>
      <trkpt lat="52.2729300" lon="1.5313700">
        <ele>0</ele>
        <time>2026-06-26T08:39:28.070Z</time>
        <name>1273</name>
        <extensions>
          <speed_mps>17.882</speed_mps>
          <speed_mph>40.0</speed_mph>
        </extensions>
      </trkpt>
      <trkpt lat="52.2727300" lon="1.5316500">
        <ele>0</ele>
        <time>2026-06-26T08:39:29.708Z</time>
        <name>1274</name>
        <extensions>
          <speed_mps>17.882</speed_mps>
          <speed_mph>40.0</speed_mph>
        </extensions>
      </trkpt>
      <trkpt lat="52.2725100" lon="1.5319300">
        <ele>0</ele>
        <time>2026-06-26T08:39:31.442Z</time>
        <name>1275</name>
        <extensions>
          <speed_mps>17.882</speed_mps>
          <speed_mph>40.0</speed_mph>
        </extensions>
      </trkpt>
      <trkpt lat="52.2721800" lon="1.5324100">
        <ele>0</ele>
        <time>2026-06-26T08:39:34.190Z</time>
        <name>1276</name>
        <extensions>
          <speed_mps>17.882</speed_mps>
          <speed_mph>40.0</speed_mph>
        </extensions>
      </trkpt>
      <trkpt lat="52.2721800" lon="1.5324200">
        <ele>0</ele>
        <time>2026-06-26T08:39:34.228Z</time>
        <name>1277</name>
        <extensions>
          <speed_mps>17.882</speed_mps>
          <speed_mph>40.0</speed_mph>
        </extensions>
      </trkpt>
      <trkpt lat="52.2721400" lon="1.5324600">
        <ele>0</ele>
        <time>2026-06-26T08:39:34.520Z</time>
        <name>1278</name>
        <extensions>
          <speed_mps>17.882</speed_mps>
          <speed_mph>40.0</speed_mph>
        </extensions>
      </trkpt>
      <trkpt lat="52.2716000" lon="1.5332500">
        <ele>0</ele>
        <time>2026-06-26T08:39:39.028Z</time>
        <name>1279</name>
        <extensions>
          <speed_mps>17.882</speed_mps>
          <speed_mph>40.0</speed_mph>
        </extensions>
      </trkpt>
      <trkpt lat="52.2711200" lon="1.5340000">
        <ele>0</ele>
        <time>2026-06-26T08:39:43.159Z</time>
        <name>1280</name>
        <extensions>
          <speed_mps>17.882</speed_mps>
          <speed_mph>40.0</speed_mph>
        </extensions>
      </trkpt>
      <trkpt lat="52.2710000" lon="1.5342200">
        <ele>0</ele>
        <time>2026-06-26T08:39:44.280Z</time>
        <name>1281</name>
        <extensions>
          <speed_mps>17.882</speed_mps>
          <speed_mph>40.0</speed_mph>
        </extensions>
      </trkpt>
      <trkpt lat="52.2709900" lon="1.5342300">
        <ele>0</ele>
        <time>2026-06-26T08:39:44.353Z</time>
        <name>1282</name>
        <extensions>
          <speed_mps>17.882</speed_mps>
          <speed_mph>40.0</speed_mph>
        </extensions>
      </trkpt>
      <trkpt lat="52.2708200" lon="1.5345500">
        <ele>0</ele>
        <time>2026-06-26T08:39:45.966Z</time>
        <name>1283</name>
        <extensions>
          <speed_mps>17.882</speed_mps>
          <speed_mph>40.0</speed_mph>
        </extensions>
      </trkpt>
      <trkpt lat="52.2704400" lon="1.5353700">
        <ele>0</ele>
        <time>2026-06-26T08:39:49.882Z</time>
        <name>1284</name>
        <extensions>
          <speed_mps>17.882</speed_mps>
          <speed_mph>40.0</speed_mph>
        </extensions>
      </trkpt>
      <trkpt lat="52.2704000" lon="1.5354800">
        <ele>0</ele>
        <time>2026-06-26T08:39:50.369Z</time>
        <name>1285</name>
        <extensions>
          <speed_mps>17.882</speed_mps>
          <speed_mph>40.0</speed_mph>
        </extensions>
      </trkpt>
      <trkpt lat="52.2702800" lon="1.5357500">
        <ele>0</ele>
        <time>2026-06-26T08:39:51.639Z</time>
        <name>1286</name>
        <extensions>
          <speed_mps>17.882</speed_mps>
          <speed_mph>40.0</speed_mph>
        </extensions>
      </trkpt>
      <trkpt lat="52.2702800" lon="1.5357600">
        <ele>0</ele>
        <time>2026-06-26T08:39:51.677Z</time>
        <name>1287</name>
        <extensions>
          <speed_mps>17.882</speed_mps>
          <speed_mph>40.0</speed_mph>
        </extensions>
      </trkpt>
      <trkpt lat="52.2702000" lon="1.5359700">
        <ele>0</ele>
        <time>2026-06-26T08:39:52.619Z</time>
        <name>1288</name>
        <extensions>
          <speed_mps>17.882</speed_mps>
          <speed_mph>40.0</speed_mph>
        </extensions>
      </trkpt>
      <trkpt lat="52.2701900" lon="1.5359800">
        <ele>0</ele>
        <time>2026-06-26T08:39:52.692Z</time>
        <name>1289</name>
        <extensions>
          <speed_mps>17.882</speed_mps>
          <speed_mph>40.0</speed_mph>
        </extensions>
      </trkpt>
      <trkpt lat="52.2701800" lon="1.5360000">
        <ele>0</ele>
        <time>2026-06-26T08:39:52.790Z</time>
        <name>1290</name>
        <extensions>
          <speed_mps>17.882</speed_mps>
          <speed_mph>40.0</speed_mph>
        </extensions>
      </trkpt>
      <trkpt lat="52.2698300" lon="1.5369300">
        <ele>0</ele>
        <time>2026-06-26T08:39:56.947Z</time>
        <name>1291</name>
        <extensions>
          <speed_mps>17.882</speed_mps>
          <speed_mph>40.0</speed_mph>
        </extensions>
      </trkpt>
      <trkpt lat="52.2697300" lon="1.5372300">
        <ele>0</ele>
        <time>2026-06-26T08:39:58.247Z</time>
        <name>1292</name>
        <extensions>
          <speed_mps>17.882</speed_mps>
          <speed_mph>40.0</speed_mph>
        </extensions>
      </trkpt>
      <trkpt lat="52.2697300" lon="1.5372400">
        <ele>0</ele>
        <time>2026-06-26T08:39:58.285Z</time>
        <name>1293</name>
        <extensions>
          <speed_mps>17.882</speed_mps>
          <speed_mph>40.0</speed_mph>
        </extensions>
      </trkpt>
      <trkpt lat="52.2697200" lon="1.5372600">
        <ele>0</ele>
        <time>2026-06-26T08:39:58.383Z</time>
        <name>1294</name>
        <extensions>
          <speed_mps>17.882</speed_mps>
          <speed_mph>40.0</speed_mph>
        </extensions>
      </trkpt>
      <trkpt lat="52.2695600" lon="1.5377400">
        <ele>0</ele>
        <time>2026-06-26T08:40:00.464Z</time>
        <name>1295</name>
        <extensions>
          <speed_mps>17.882</speed_mps>
          <speed_mph>40.0</speed_mph>
        </extensions>
      </trkpt>
      <trkpt lat="52.2695600" lon="1.5377600">
        <ele>0</ele>
        <time>2026-06-26T08:40:00.541Z</time>
        <name>1296</name>
        <extensions>
          <speed_mps>17.882</speed_mps>
          <speed_mph>40.0</speed_mph>
        </extensions>
      </trkpt>
      <trkpt lat="52.2695500" lon="1.5377800">
        <ele>0</ele>
        <time>2026-06-26T08:40:00.639Z</time>
        <name>1297</name>
        <extensions>
          <speed_mps>17.882</speed_mps>
          <speed_mph>40.0</speed_mph>
        </extensions>
      </trkpt>
      <trkpt lat="52.2693800" lon="1.5382500">
        <ele>0</ele>
        <time>2026-06-26T08:40:02.717Z</time>
        <name>1298</name>
        <extensions>
          <speed_mps>17.882</speed_mps>
          <speed_mph>40.0</speed_mph>
        </extensions>
      </trkpt>
      <trkpt lat="52.2693800" lon="1.5382700">
        <ele>0</ele>
        <time>2026-06-26T08:40:02.793Z</time>
        <name>1299</name>
        <extensions>
          <speed_mps>17.882</speed_mps>
          <speed_mph>40.0</speed_mph>
        </extensions>
      </trkpt>
      <trkpt lat="52.2690100" lon="1.5392500">
        <ele>0</ele>
        <time>2026-06-26T08:40:07.177Z</time>
        <name>1300</name>
        <extensions>
          <speed_mps>17.882</speed_mps>
          <speed_mph>40.0</speed_mph>
        </extensions>
      </trkpt>
      <trkpt lat="52.2690100" lon="1.5392600">
        <ele>0</ele>
        <time>2026-06-26T08:40:07.215Z</time>
        <name>1301</name>
        <extensions>
          <speed_mps>17.882</speed_mps>
          <speed_mph>40.0</speed_mph>
        </extensions>
      </trkpt>
      <trkpt lat="52.2690000" lon="1.5392700">
        <ele>0</ele>
        <time>2026-06-26T08:40:07.288Z</time>
        <name>1302</name>
        <extensions>
          <speed_mps>17.882</speed_mps>
          <speed_mph>40.0</speed_mph>
        </extensions>
      </trkpt>
      <trkpt lat="52.2690000" lon="1.5392900">
        <ele>0</ele>
        <time>2026-06-26T08:40:07.364Z</time>
        <name>1303</name>
        <extensions>
          <speed_mps>17.882</speed_mps>
          <speed_mph>40.0</speed_mph>
        </extensions>
      </trkpt>
      <trkpt lat="52.2688200" lon="1.5397800">
        <ele>0</ele>
        <time>2026-06-26T08:40:09.540Z</time>
        <name>1304</name>
        <extensions>
          <speed_mps>17.882</speed_mps>
          <speed_mph>40.0</speed_mph>
        </extensions>
      </trkpt>
      <trkpt lat="52.2685800" lon="1.5405500">
        <ele>0</ele>
        <time>2026-06-26T08:40:12.830Z</time>
        <name>1305</name>
        <extensions>
          <speed_mps>17.882</speed_mps>
          <speed_mph>40.0</speed_mph>
        </extensions>
      </trkpt>
      <trkpt lat="52.2685800" lon="1.5405600">
        <ele>0</ele>
        <time>2026-06-26T08:40:12.868Z</time>
        <name>1306</name>
        <extensions>
          <speed_mps>17.882</speed_mps>
          <speed_mph>40.0</speed_mph>
        </extensions>
      </trkpt>
      <trkpt lat="52.2685000" lon="1.5408100">
        <ele>0</ele>
        <time>2026-06-26T08:40:13.942Z</time>
        <name>1307</name>
        <extensions>
          <speed_mps>17.882</speed_mps>
          <speed_mph>40.0</speed_mph>
        </extensions>
      </trkpt>
      <trkpt lat="52.2685000" lon="1.5408200">
        <ele>0</ele>
        <time>2026-06-26T08:40:13.980Z</time>
        <name>1308</name>
        <extensions>
          <speed_mps>17.882</speed_mps>
          <speed_mph>40.0</speed_mph>
        </extensions>
      </trkpt>
      <trkpt lat="52.2681200" lon="1.5421000">
        <ele>0</ele>
        <time>2026-06-26T08:40:19.396Z</time>
        <name>1309</name>
        <extensions>
          <speed_mps>17.882</speed_mps>
          <speed_mph>40.0</speed_mph>
        </extensions>
      </trkpt>
      <trkpt lat="52.2681200" lon="1.5421100">
        <ele>0</ele>
        <time>2026-06-26T08:40:19.434Z</time>
        <name>1310</name>
        <extensions>
          <speed_mps>17.882</speed_mps>
          <speed_mph>40.0</speed_mph>
        </extensions>
      </trkpt>
      <trkpt lat="52.2679118" lon="1.5425866">
        <ele>0</ele>
        <time>2026-06-26T08:40:21.044Z</time>
        <name>1311</name>
        <extensions>
          <speed_mps>17.882</speed_mps>
          <speed_mph>40.0</speed_mph>
        </extensions>
      </trkpt>
      <trkpt lat="52.2676235" lon="1.5432832">
        <ele>0</ele>
        <time>2026-06-26T08:40:23.623Z</time>
        <name>1312</name>
        <extensions>
          <speed_mps>17.882</speed_mps>
          <speed_mph>40.0</speed_mph>
        </extensions>
      </trkpt>
      <trkpt lat="52.2674853" lon="1.5434197">
        <ele>0</ele>
        <time>2026-06-26T08:40:23.889Z</time>
        <name>1313</name>
        <extensions>
          <speed_mps>17.882</speed_mps>
          <speed_mph>40.0</speed_mph>
        </extensions>
      </trkpt>
      <trkpt lat="52.2672871" lon="1.5437563">
        <ele>0</ele>
        <time>2026-06-26T08:40:24.993Z</time>
        <name>1314</name>
        <extensions>
          <speed_mps>17.882</speed_mps>
          <speed_mph>40.0</speed_mph>
        </extensions>
      </trkpt>
      <trkpt lat="52.2670389" lon="1.5441529">
        <ele>0</ele>
        <time>2026-06-26T08:40:26.460Z</time>
        <name>1315</name>
        <extensions>
          <speed_mps>17.882</speed_mps>
          <speed_mph>40.0</speed_mph>
        </extensions>
      </trkpt>
      <trkpt lat="52.2667306" lon="1.5446095">
        <ele>0</ele>
        <time>2026-06-26T08:40:28.339Z</time>
        <name>1316</name>
        <extensions>
          <speed_mps>17.882</speed_mps>
          <speed_mph>40.0</speed_mph>
        </extensions>
      </trkpt>
      <trkpt lat="52.2663624" lon="1.5451161">
        <ele>0</ele>
        <time>2026-06-26T08:40:30.613Z</time>
        <name>1317</name>
        <extensions>
          <speed_mps>17.882</speed_mps>
          <speed_mph>40.0</speed_mph>
        </extensions>
      </trkpt>
      <trkpt lat="52.2661842" lon="1.5453326">
        <ele>0</ele>
        <time>2026-06-26T08:40:31.273Z</time>
        <name>1318</name>
        <extensions>
          <speed_mps>17.882</speed_mps>
          <speed_mph>40.0</speed_mph>
        </extensions>
      </trkpt>
      <trkpt lat="52.2657460" lon="1.5458692">
        <ele>0</ele>
        <time>2026-06-26T08:40:33.946Z</time>
        <name>1319</name>
        <extensions>
          <speed_mps>17.882</speed_mps>
          <speed_mph>40.0</speed_mph>
        </extensions>
      </trkpt>
      <trkpt lat="52.2650877" lon="1.5465758">
        <ele>0</ele>
        <time>2026-06-26T08:40:38.102Z</time>
        <name>1320</name>
        <extensions>
          <speed_mps>17.882</speed_mps>
          <speed_mph>40.0</speed_mph>
        </extensions>
      </trkpt>
      <trkpt lat="52.2643695" lon="1.5472124">
        <ele>0</ele>
        <time>2026-06-26T08:40:42.435Z</time>
        <name>1321</name>
        <extensions>
          <speed_mps>17.882</speed_mps>
          <speed_mph>40.0</speed_mph>
        </extensions>
      </trkpt>
      <trkpt lat="52.2641313" lon="1.5473890">
        <ele>0</ele>
        <time>2026-06-26T08:40:43.313Z</time>
        <name>1322</name>
        <extensions>
          <speed_mps>17.882</speed_mps>
          <speed_mph>40.0</speed_mph>
        </extensions>
      </trkpt>
      <trkpt lat="52.2639931" lon="1.5475055">
        <ele>0</ele>
        <time>2026-06-26T08:40:43.531Z</time>
        <name>1323</name>
        <extensions>
          <speed_mps>17.882</speed_mps>
          <speed_mph>40.0</speed_mph>
        </extensions>
      </trkpt>
      <trkpt lat="52.2636048" lon="1.5477521">
        <ele>0</ele>
        <time>2026-06-26T08:40:45.376Z</time>
        <name>1324</name>
        <extensions>
          <speed_mps>17.882</speed_mps>
          <speed_mph>40.0</speed_mph>
        </extensions>
      </trkpt>
      <trkpt lat="52.2632966" lon="1.5479287">
        <ele>0</ele>
        <time>2026-06-26T08:40:46.666Z</time>
        <name>1325</name>
        <extensions>
          <speed_mps>17.882</speed_mps>
          <speed_mph>40.0</speed_mph>
        </extensions>
      </trkpt>
      <trkpt lat="52.2628384" lon="1.5481153">
        <ele>0</ele>
        <time>2026-06-26T08:40:48.876Z</time>
        <name>1326</name>
        <extensions>
          <speed_mps>17.882</speed_mps>
          <speed_mph>40.0</speed_mph>
        </extensions>
      </trkpt>
      <trkpt lat="52.2620102" lon="1.5483619">
        <ele>0</ele>
        <time>2026-06-26T08:40:53.394Z</time>
        <name>1327</name>
        <extensions>
          <speed_mps>17.882</speed_mps>
          <speed_mph>40.0</speed_mph>
        </extensions>
      </trkpt>
      <trkpt lat="52.2615919" lon="1.5484984">
        <ele>0</ele>
        <time>2026-06-26T08:40:55.331Z</time>
        <name>1328</name>
        <extensions>
          <speed_mps>17.882</speed_mps>
          <speed_mph>40.0</speed_mph>
        </extensions>
      </trkpt>
      <trkpt lat="52.2614437" lon="1.5485950">
        <ele>0</ele>
        <time>2026-06-26T08:40:55.583Z</time>
        <name>1329</name>
        <extensions>
          <speed_mps>17.882</speed_mps>
          <speed_mph>40.0</speed_mph>
        </extensions>
      </trkpt>
      <trkpt lat="52.2612655" lon="1.5486916">
        <ele>0</ele>
        <time>2026-06-26T08:40:56.020Z</time>
        <name>1330</name>
        <extensions>
          <speed_mps>17.882</speed_mps>
          <speed_mph>40.0</speed_mph>
        </extensions>
      </trkpt>
      <trkpt lat="52.2611173" lon="1.5487882">
        <ele>0</ele>
        <time>2026-06-26T08:40:56.271Z</time>
        <name>1331</name>
        <extensions>
          <speed_mps>17.882</speed_mps>
          <speed_mph>40.0</speed_mph>
        </extensions>
      </trkpt>
      <trkpt lat="52.2606390" lon="1.5489348">
        <ele>0</ele>
        <time>2026-06-26T08:40:58.584Z</time>
        <name>1332</name>
        <extensions>
          <speed_mps>17.882</speed_mps>
          <speed_mph>40.0</speed_mph>
        </extensions>
      </trkpt>
      <trkpt lat="52.2604808" lon="1.5490513">
        <ele>0</ele>
        <time>2026-06-26T08:40:58.915Z</time>
        <name>1333</name>
        <extensions>
          <speed_mps>17.882</speed_mps>
          <speed_mph>40.0</speed_mph>
        </extensions>
      </trkpt>
      <trkpt lat="52.2603226" lon="1.5491579">
        <ele>0</ele>
        <time>2026-06-26T08:40:59.235Z</time>
        <name>1334</name>
        <extensions>
          <speed_mps>17.882</speed_mps>
          <speed_mph>40.0</speed_mph>
        </extensions>
      </trkpt>
      <trkpt lat="52.2601044" lon="1.5493245">
        <ele>0</ele>
        <time>2026-06-26T08:40:59.984Z</time>
        <name>1335</name>
        <extensions>
          <speed_mps>17.882</speed_mps>
          <speed_mph>40.0</speed_mph>
        </extensions>
      </trkpt>
      <trkpt lat="52.2599161" lon="1.5495011">
        <ele>0</ele>
        <time>2026-06-26T08:41:00.588Z</time>
        <name>1336</name>
        <extensions>
          <speed_mps>17.882</speed_mps>
          <speed_mph>40.0</speed_mph>
        </extensions>
      </trkpt>
      <trkpt lat="52.2595779" lon="1.5498877">
        <ele>0</ele>
        <time>2026-06-26T08:41:02.418Z</time>
        <name>1337</name>
        <extensions>
          <speed_mps>17.882</speed_mps>
          <speed_mph>40.0</speed_mph>
        </extensions>
      </trkpt>
      <trkpt lat="52.2594597" lon="1.5499842">
        <ele>0</ele>
        <time>2026-06-26T08:41:02.491Z</time>
        <name>1338</name>
        <extensions>
          <speed_mps>17.882</speed_mps>
          <speed_mph>40.0</speed_mph>
        </extensions>
      </trkpt>
      <trkpt lat="52.2590815" lon="1.5505008">
        <ele>0</ele>
        <time>2026-06-26T08:41:04.837Z</time>
        <name>1339</name>
        <extensions>
          <speed_mps>17.882</speed_mps>
          <speed_mph>40.0</speed_mph>
        </extensions>
      </trkpt>
      <trkpt lat="52.2585332" lon="1.5513974">
        <ele>0</ele>
        <time>2026-06-26T08:41:08.960Z</time>
        <name>1340</name>
        <extensions>
          <speed_mps>17.882</speed_mps>
          <speed_mph>40.0</speed_mph>
        </extensions>
      </trkpt>
      <trkpt lat="52.2582850" lon="1.5517040">
        <ele>0</ele>
        <time>2026-06-26T08:41:10.168Z</time>
        <name>1341</name>
        <extensions>
          <speed_mps>17.882</speed_mps>
          <speed_mph>40.0</speed_mph>
        </extensions>
      </trkpt>
      <trkpt lat="52.2579768" lon="1.5520606">
        <ele>0</ele>
        <time>2026-06-26T08:41:11.782Z</time>
        <name>1342</name>
        <extensions>
          <speed_mps>17.882</speed_mps>
          <speed_mph>40.0</speed_mph>
        </extensions>
      </trkpt>
      <trkpt lat="52.2575786" lon="1.5525071">
        <ele>0</ele>
        <time>2026-06-26T08:41:14.047Z</time>
        <name>1343</name>
        <extensions>
          <speed_mps>17.882</speed_mps>
          <speed_mph>40.0</speed_mph>
        </extensions>
      </trkpt>
      <trkpt lat="52.2573503" lon="1.5527237">
        <ele>0</ele>
        <time>2026-06-26T08:41:14.942Z</time>
        <name>1344</name>
        <extensions>
          <speed_mps>17.882</speed_mps>
          <speed_mph>40.0</speed_mph>
        </extensions>
      </trkpt>
      <trkpt lat="52.2572221" lon="1.5528403">
        <ele>0</ele>
        <time>2026-06-26T08:41:15.111Z</time>
        <name>1345</name>
        <extensions>
          <speed_mps>17.882</speed_mps>
          <speed_mph>40.0</speed_mph>
        </extensions>
      </trkpt>
      <trkpt lat="52.2567239" lon="1.5533969">
        <ele>0</ele>
        <time>2026-06-26T08:41:18.125Z</time>
        <name>1346</name>
        <extensions>
          <speed_mps>17.882</speed_mps>
          <speed_mph>40.0</speed_mph>
        </extensions>
      </trkpt>
      <trkpt lat="52.2559957" lon="1.5541835">
        <ele>0</ele>
        <time>2026-06-26T08:41:22.813Z</time>
        <name>1347</name>
        <extensions>
          <speed_mps>17.882</speed_mps>
          <speed_mph>40.0</speed_mph>
        </extensions>
      </trkpt>
      <trkpt lat="52.2549774" lon="1.5551700">
        <ele>0</ele>
        <time>2026-06-26T08:41:29.429Z</time>
        <name>1348</name>
        <extensions>
          <speed_mps>17.882</speed_mps>
          <speed_mph>40.0</speed_mph>
        </extensions>
      </trkpt>
      <trkpt lat="52.2545292" lon="1.5555466">
        <ele>0</ele>
        <time>2026-06-26T08:41:31.814Z</time>
        <name>1349</name>
        <extensions>
          <speed_mps>17.882</speed_mps>
          <speed_mph>40.0</speed_mph>
        </extensions>
      </trkpt>
      <trkpt lat="52.2534910" lon="1.5562832">
        <ele>0</ele>
        <time>2026-06-26T08:41:38.105Z</time>
        <name>1350</name>
        <extensions>
          <speed_mps>17.882</speed_mps>
          <speed_mph>40.0</speed_mph>
        </extensions>
      </trkpt>
      <trkpt lat="52.2530328" lon="1.5566598">
        <ele>0</ele>
        <time>2026-06-26T08:41:40.545Z</time>
        <name>1351</name>
        <extensions>
          <speed_mps>17.882</speed_mps>
          <speed_mph>40.0</speed_mph>
        </extensions>
      </trkpt>
      <trkpt lat="52.2524945" lon="1.5571464">
        <ele>0</ele>
        <time>2026-06-26T08:41:43.623Z</time>
        <name>1352</name>
        <extensions>
          <speed_mps>17.882</speed_mps>
          <speed_mph>40.0</speed_mph>
        </extensions>
      </trkpt>
      <trkpt lat="52.2519163" lon="1.5577029">
        <ele>0</ele>
        <time>2026-06-26T08:41:47.050Z</time>
        <name>1353</name>
        <extensions>
          <speed_mps>17.882</speed_mps>
          <speed_mph>40.0</speed_mph>
        </extensions>
      </trkpt>
      <trkpt lat="52.2515281" lon="1.5580195">
        <ele>0</ele>
        <time>2026-06-26T08:41:48.999Z</time>
        <name>1354</name>
        <extensions>
          <speed_mps>17.882</speed_mps>
          <speed_mph>40.0</speed_mph>
        </extensions>
      </trkpt>
      <trkpt lat="52.2512499" lon="1.5582161">
        <ele>0</ele>
        <time>2026-06-26T08:41:50.136Z</time>
        <name>1355</name>
        <extensions>
          <speed_mps>17.882</speed_mps>
          <speed_mph>40.0</speed_mph>
        </extensions>
      </trkpt>
      <trkpt lat="52.2509716" lon="1.5583827">
        <ele>0</ele>
        <time>2026-06-26T08:41:51.236Z</time>
        <name>1356</name>
        <extensions>
          <speed_mps>17.882</speed_mps>
          <speed_mph>40.0</speed_mph>
        </extensions>
      </trkpt>
      <trkpt lat="52.2508534" lon="1.5584793">
        <ele>0</ele>
        <time>2026-06-26T08:41:51.309Z</time>
        <name>1357</name>
        <extensions>
          <speed_mps>17.882</speed_mps>
          <speed_mph>40.0</speed_mph>
        </extensions>
      </trkpt>
      <trkpt lat="52.2505752" lon="1.5586358">
        <ele>0</ele>
        <time>2026-06-26T08:41:52.399Z</time>
        <name>1358</name>
        <extensions>
          <speed_mps>17.882</speed_mps>
          <speed_mph>40.0</speed_mph>
        </extensions>
      </trkpt>
      <trkpt lat="52.2503070" lon="1.5588024">
        <ele>0</ele>
        <time>2026-06-26T08:41:53.440Z</time>
        <name>1359</name>
        <extensions>
          <speed_mps>17.882</speed_mps>
          <speed_mph>40.0</speed_mph>
        </extensions>
      </trkpt>
      <trkpt lat="52.2500587" lon="1.5589890">
        <ele>0</ele>
        <time>2026-06-26T08:41:54.390Z</time>
        <name>1360</name>
        <extensions>
          <speed_mps>17.882</speed_mps>
          <speed_mph>40.0</speed_mph>
        </extensions>
      </trkpt>
      <trkpt lat="52.2497705" lon="1.5592356">
        <ele>0</ele>
        <time>2026-06-26T08:41:55.665Z</time>
        <name>1361</name>
        <extensions>
          <speed_mps>17.882</speed_mps>
          <speed_mph>40.0</speed_mph>
        </extensions>
      </trkpt>
      <trkpt lat="52.2495123" lon="1.5594922">
        <ele>0</ele>
        <time>2026-06-26T08:41:56.800Z</time>
        <name>1362</name>
        <extensions>
          <speed_mps>17.882</speed_mps>
          <speed_mph>40.0</speed_mph>
        </extensions>
      </trkpt>
      <trkpt lat="52.2493841" lon="1.5595887">
        <ele>0</ele>
        <time>2026-06-26T08:41:56.930Z</time>
        <name>1363</name>
        <extensions>
          <speed_mps>17.882</speed_mps>
          <speed_mph>40.0</speed_mph>
        </extensions>
      </trkpt>
      <trkpt lat="52.2489858" lon="1.5600553">
        <ele>0</ele>
        <time>2026-06-26T08:41:59.242Z</time>
        <name>1364</name>
        <extensions>
          <speed_mps>17.882</speed_mps>
          <speed_mph>40.0</speed_mph>
        </extensions>
      </trkpt>
      <trkpt lat="52.2486576" lon="1.5604519">
        <ele>0</ele>
        <time>2026-06-26T08:42:01.050Z</time>
        <name>1365</name>
        <extensions>
          <speed_mps>17.882</speed_mps>
          <speed_mph>40.0</speed_mph>
        </extensions>
      </trkpt>
      <trkpt lat="52.2483894" lon="1.5607885">
        <ele>0</ele>
        <time>2026-06-26T08:42:02.427Z</time>
        <name>1366</name>
        <extensions>
          <speed_mps>17.882</speed_mps>
          <speed_mph>40.0</speed_mph>
        </extensions>
      </trkpt>
      <trkpt lat="52.2482612" lon="1.5609151">
        <ele>0</ele>
        <time>2026-06-26T08:42:02.623Z</time>
        <name>1367</name>
        <extensions>
          <speed_mps>17.882</speed_mps>
          <speed_mph>40.0</speed_mph>
        </extensions>
      </trkpt>
      <trkpt lat="52.2480429" lon="1.5611616">
        <ele>0</ele>
        <time>2026-06-26T08:42:03.540Z</time>
        <name>1368</name>
        <extensions>
          <speed_mps>17.882</speed_mps>
          <speed_mph>40.0</speed_mph>
        </extensions>
      </trkpt>
      <trkpt lat="52.2476647" lon="1.5616982">
        <ele>0</ele>
        <time>2026-06-26T08:42:05.939Z</time>
        <name>1369</name>
        <extensions>
          <speed_mps>17.882</speed_mps>
          <speed_mph>40.0</speed_mph>
        </extensions>
      </trkpt>
      <trkpt lat="52.2473865" lon="1.5621048">
        <ele>0</ele>
        <time>2026-06-26T08:42:07.552Z</time>
        <name>1370</name>
        <extensions>
          <speed_mps>17.882</speed_mps>
          <speed_mph>40.0</speed_mph>
        </extensions>
      </trkpt>
      <trkpt lat="52.2468983" lon="1.5629814">
        <ele>0</ele>
        <time>2026-06-26T08:42:11.378Z</time>
        <name>1371</name>
        <extensions>
          <speed_mps>17.882</speed_mps>
          <speed_mph>40.0</speed_mph>
        </extensions>
      </trkpt>
      <trkpt lat="52.2467800" lon="1.5630980">
        <ele>0</ele>
        <time>2026-06-26T08:42:11.508Z</time>
        <name>1372</name>
        <extensions>
          <speed_mps>17.882</speed_mps>
          <speed_mph>40.0</speed_mph>
        </extensions>
      </trkpt>
      <trkpt lat="52.2463718" lon="1.5637945">
        <ele>0</ele>
        <time>2026-06-26T08:42:14.488Z</time>
        <name>1373</name>
        <extensions>
          <speed_mps>17.882</speed_mps>
          <speed_mph>40.0</speed_mph>
        </extensions>
      </trkpt>
      <trkpt lat="52.2461736" lon="1.5640311">
        <ele>0</ele>
        <time>2026-06-26T08:42:15.288Z</time>
        <name>1374</name>
        <extensions>
          <speed_mps>17.882</speed_mps>
          <speed_mph>40.0</speed_mph>
        </extensions>
      </trkpt>
      <trkpt lat="52.2459654" lon="1.5642577">
        <ele>0</ele>
        <time>2026-06-26T08:42:16.107Z</time>
        <name>1375</name>
        <extensions>
          <speed_mps>17.882</speed_mps>
          <speed_mph>40.0</speed_mph>
        </extensions>
      </trkpt>
      <trkpt lat="52.2458371" lon="1.5643843">
        <ele>0</ele>
        <time>2026-06-26T08:42:16.304Z</time>
        <name>1376</name>
        <extensions>
          <speed_mps>17.882</speed_mps>
          <speed_mph>40.0</speed_mph>
        </extensions>
      </trkpt>
      <trkpt lat="52.2451489" lon="1.5652709">
        <ele>0</ele>
        <time>2026-06-26T08:42:21.025Z</time>
        <name>1377</name>
        <extensions>
          <speed_mps>17.882</speed_mps>
          <speed_mph>40.0</speed_mph>
        </extensions>
      </trkpt>
      <trkpt lat="52.2442607" lon="1.5666274">
        <ele>0</ele>
        <time>2026-06-26T08:42:27.875Z</time>
        <name>1378</name>
        <extensions>
          <speed_mps>17.882</speed_mps>
          <speed_mph>40.0</speed_mph>
        </extensions>
      </trkpt>
      <trkpt lat="52.2438525" lon="1.5671540">
        <ele>0</ele>
        <time>2026-06-26T08:42:30.383Z</time>
        <name>1379</name>
        <extensions>
          <speed_mps>17.882</speed_mps>
          <speed_mph>40.0</speed_mph>
        </extensions>
      </trkpt>
      <trkpt lat="52.2435042" lon="1.5675306">
        <ele>0</ele>
        <time>2026-06-26T08:42:32.240Z</time>
        <name>1380</name>
        <extensions>
          <speed_mps>17.882</speed_mps>
          <speed_mph>40.0</speed_mph>
        </extensions>
      </trkpt>
      <trkpt lat="52.2429260" lon="1.5680672">
        <ele>0</ele>
        <time>2026-06-26T08:42:35.628Z</time>
        <name>1381</name>
        <extensions>
          <speed_mps>17.882</speed_mps>
          <speed_mph>40.0</speed_mph>
        </extensions>
      </trkpt>
      <trkpt lat="52.2424778" lon="1.5684338">
        <ele>0</ele>
        <time>2026-06-26T08:42:37.996Z</time>
        <name>1382</name>
        <extensions>
          <speed_mps>17.882</speed_mps>
          <speed_mph>40.0</speed_mph>
        </extensions>
      </trkpt>
      <trkpt lat="52.2419296" lon="1.5688503">
        <ele>0</ele>
        <time>2026-06-26T08:42:41.007Z</time>
        <name>1383</name>
        <extensions>
          <speed_mps>17.882</speed_mps>
          <speed_mph>40.0</speed_mph>
        </extensions>
      </trkpt>
      <trkpt lat="52.2415313" lon="1.5691869">
        <ele>0</ele>
        <time>2026-06-26T08:42:43.047Z</time>
        <name>1384</name>
        <extensions>
          <speed_mps>17.882</speed_mps>
          <speed_mph>40.0</speed_mph>
        </extensions>
      </trkpt>
      <trkpt lat="52.2413031" lon="1.5693535">
        <ele>0</ele>
        <time>2026-06-26T08:42:43.853Z</time>
        <name>1385</name>
        <extensions>
          <speed_mps>17.882</speed_mps>
          <speed_mph>40.0</speed_mph>
        </extensions>
      </trkpt>
      <trkpt lat="52.2410949" lon="1.5695201">
        <ele>0</ele>
        <time>2026-06-26T08:42:44.545Z</time>
        <name>1386</name>
        <extensions>
          <speed_mps>17.882</speed_mps>
          <speed_mph>40.0</speed_mph>
        </extensions>
      </trkpt>
      <trkpt lat="52.2408867" lon="1.5696667">
        <ele>0</ele>
        <time>2026-06-26T08:42:45.208Z</time>
        <name>1387</name>
        <extensions>
          <speed_mps>17.882</speed_mps>
          <speed_mph>40.0</speed_mph>
        </extensions>
      </trkpt>
      <trkpt lat="52.2406584" lon="1.5698132">
        <ele>0</ele>
        <time>2026-06-26T08:42:45.988Z</time>
        <name>1388</name>
        <extensions>
          <speed_mps>17.882</speed_mps>
          <speed_mph>40.0</speed_mph>
        </extensions>
      </trkpt>
      <trkpt lat="52.2403902" lon="1.5699598">
        <ele>0</ele>
        <time>2026-06-26T08:42:47.009Z</time>
        <name>1389</name>
        <extensions>
          <speed_mps>17.882</speed_mps>
          <speed_mph>40.0</speed_mph>
        </extensions>
      </trkpt>
      <trkpt lat="52.2399420" lon="1.5701064">
        <ele>0</ele>
        <time>2026-06-26T08:42:49.135Z</time>
        <name>1390</name>
        <extensions>
          <speed_mps>17.882</speed_mps>
          <speed_mph>40.0</speed_mph>
        </extensions>
      </trkpt>
      <trkpt lat="52.2396438" lon="1.5701830">
        <ele>0</ele>
        <time>2026-06-26T08:42:50.318Z</time>
        <name>1391</name>
        <extensions>
          <speed_mps>17.882</speed_mps>
          <speed_mph>40.0</speed_mph>
        </extensions>
      </trkpt>
      <trkpt lat="52.2393855" lon="1.5702496">
        <ele>0</ele>
        <time>2026-06-26T08:42:51.253Z</time>
        <name>1392</name>
        <extensions>
          <speed_mps>17.882</speed_mps>
          <speed_mph>40.0</speed_mph>
        </extensions>
      </trkpt>
      <trkpt lat="52.2391473" lon="1.5703061">
        <ele>0</ele>
        <time>2026-06-26T08:42:52.070Z</time>
        <name>1393</name>
        <extensions>
          <speed_mps>17.882</speed_mps>
          <speed_mph>40.0</speed_mph>
        </extensions>
      </trkpt>
      <trkpt lat="52.2388991" lon="1.5703427">
        <ele>0</ele>
        <time>2026-06-26T08:42:52.961Z</time>
        <name>1394</name>
        <extensions>
          <speed_mps>17.882</speed_mps>
          <speed_mph>40.0</speed_mph>
        </extensions>
      </trkpt>
      <trkpt lat="52.2383909" lon="1.5701893">
        <ele>0</ele>
        <time>2026-06-26T08:42:55.611Z</time>
        <name>1395</name>
        <extensions>
          <speed_mps>17.882</speed_mps>
          <speed_mph>40.0</speed_mph>
        </extensions>
      </trkpt>
      <trkpt lat="52.2381026" lon="1.5701559">
        <ele>0</ele>
        <time>2026-06-26T08:42:56.820Z</time>
        <name>1396</name>
        <extensions>
          <speed_mps>17.882</speed_mps>
          <speed_mph>40.0</speed_mph>
        </extensions>
      </trkpt>
      <trkpt lat="52.2377844" lon="1.5700525">
        <ele>0</ele>
        <time>2026-06-26T08:42:58.313Z</time>
        <name>1397</name>
        <extensions>
          <speed_mps>17.882</speed_mps>
          <speed_mph>40.0</speed_mph>
        </extensions>
      </trkpt>
      <trkpt lat="52.2374962" lon="1.5699590">
        <ele>0</ele>
        <time>2026-06-26T08:42:59.626Z</time>
        <name>1398</name>
        <extensions>
          <speed_mps>17.882</speed_mps>
          <speed_mph>40.0</speed_mph>
        </extensions>
      </trkpt>
      <trkpt lat="52.2358280" lon="1.5683456">
        <ele>0</ele>
        <time>2026-06-26T08:43:11.290Z</time>
        <name>1399</name>
        <extensions>
          <speed_mps>17.882</speed_mps>
          <speed_mph>40.0</speed_mph>
        </extensions>
      </trkpt>
      <trkpt lat="52.2344397" lon="1.5669222">
        <ele>0</ele>
        <time>2026-06-26T08:43:21.110Z</time>
        <name>1400</name>
        <extensions>
          <speed_mps>17.882</speed_mps>
          <speed_mph>40.0</speed_mph>
        </extensions>
      </trkpt>
      <trkpt lat="52.2339215" lon="1.5665488">
        <ele>0</ele>
        <time>2026-06-26T08:43:24.204Z</time>
        <name>1401</name>
        <extensions>
          <speed_mps>17.882</speed_mps>
          <speed_mph>40.0</speed_mph>
        </extensions>
      </trkpt>
      <trkpt lat="52.2334733" lon="1.5662854">
        <ele>0</ele>
        <time>2026-06-26T08:43:26.704Z</time>
        <name>1402</name>
        <extensions>
          <speed_mps>17.882</speed_mps>
          <speed_mph>40.0</speed_mph>
        </extensions>
      </trkpt>
      <trkpt lat="52.2331751" lon="1.5662119">
        <ele>0</ele>
        <time>2026-06-26T08:43:28.033Z</time>
        <name>1403</name>
        <extensions>
          <speed_mps>17.882</speed_mps>
          <speed_mph>40.0</speed_mph>
        </extensions>
      </trkpt>
      <trkpt lat="52.2329068" lon="1.5661885">
        <ele>0</ele>
        <time>2026-06-26T08:43:29.113Z</time>
        <name>1404</name>
        <extensions>
          <speed_mps>17.882</speed_mps>
          <speed_mph>40.0</speed_mph>
        </extensions>
      </trkpt>
      <trkpt lat="52.2325886" lon="1.5661651">
        <ele>0</ele>
        <time>2026-06-26T08:43:30.484Z</time>
        <name>1405</name>
        <extensions>
          <speed_mps>17.882</speed_mps>
          <speed_mph>40.0</speed_mph>
        </extensions>
      </trkpt>
      <trkpt lat="52.2324704" lon="1.5662417">
        <ele>0</ele>
        <time>2026-06-26T08:43:30.557Z</time>
        <name>1406</name>
        <extensions>
          <speed_mps>17.882</speed_mps>
          <speed_mph>40.0</speed_mph>
        </extensions>
      </trkpt>
      <trkpt lat="52.2320822" lon="1.5662083">
        <ele>0</ele>
        <time>2026-06-26T08:43:32.357Z</time>
        <name>1407</name>
        <extensions>
          <speed_mps>17.882</speed_mps>
          <speed_mph>40.0</speed_mph>
        </extensions>
      </trkpt>
      <trkpt lat="52.2319639" lon="1.5663648">
        <ele>0</ele>
        <time>2026-06-26T08:43:32.631Z</time>
        <name>1408</name>
        <extensions>
          <speed_mps>17.882</speed_mps>
          <speed_mph>40.0</speed_mph>
        </extensions>
      </trkpt>
      <trkpt lat="52.2318557" lon="1.5665114">
        <ele>0</ele>
        <time>2026-06-26T08:43:32.860Z</time>
        <name>1409</name>
        <extensions>
          <speed_mps>17.882</speed_mps>
          <speed_mph>40.0</speed_mph>
        </extensions>
      </trkpt>
      <trkpt lat="52.2317275" lon="1.5667580">
        <ele>0</ele>
        <time>2026-06-26T08:43:33.482Z</time>
        <name>1410</name>
        <extensions>
          <speed_mps>17.882</speed_mps>
          <speed_mph>40.0</speed_mph>
        </extensions>
      </trkpt>
      <trkpt lat="52.2315793" lon="1.5674846">
        <ele>0</ele>
        <time>2026-06-26T08:43:35.933Z</time>
        <name>1411</name>
        <extensions>
          <speed_mps>17.882</speed_mps>
          <speed_mph>40.0</speed_mph>
        </extensions>
      </trkpt>
      <trkpt lat="52.2314710" lon="1.5714012">
        <ele>0</ele>
        <time>2026-06-26T08:43:50.524Z</time>
        <name>1412</name>
        <extensions>
          <speed_mps>17.882</speed_mps>
          <speed_mph>40.0</speed_mph>
        </extensions>
      </trkpt>
      <trkpt lat="52.2315328" lon="1.5747977">
        <ele>0</ele>
        <time>2026-06-26T08:44:03.179Z</time>
        <name>1413</name>
        <extensions>
          <speed_mps>17.882</speed_mps>
          <speed_mph>40.0</speed_mph>
        </extensions>
      </trkpt>
      <trkpt lat="52.2314246" lon="1.5752343">
        <ele>0</ele>
        <time>2026-06-26T08:44:04.512Z</time>
        <name>1414</name>
        <extensions>
          <speed_mps>17.882</speed_mps>
          <speed_mph>40.0</speed_mph>
        </extensions>
      </trkpt>
      <trkpt lat="52.2312764" lon="1.5756709">
        <ele>0</ele>
        <time>2026-06-26T08:44:05.869Z</time>
        <name>1415</name>
        <extensions>
          <speed_mps>17.882</speed_mps>
          <speed_mph>40.0</speed_mph>
        </extensions>
      </trkpt>
      <trkpt lat="52.2311181" lon="1.5760375">
        <ele>0</ele>
        <time>2026-06-26T08:44:06.980Z</time>
        <name>1416</name>
        <extensions>
          <speed_mps>17.882</speed_mps>
          <speed_mph>40.0</speed_mph>
        </extensions>
      </trkpt>
      <trkpt lat="52.2310099" lon="1.5761441">
        <ele>0</ele>
        <time>2026-06-26T08:44:07.056Z</time>
        <name>1417</name>
        <extensions>
          <speed_mps>17.882</speed_mps>
          <speed_mph>40.0</speed_mph>
        </extensions>
      </trkpt>
      <trkpt lat="52.2308117" lon="1.5766906">
        <ele>0</ele>
        <time>2026-06-26T08:44:08.896Z</time>
        <name>1418</name>
        <extensions>
          <speed_mps>17.882</speed_mps>
          <speed_mph>40.0</speed_mph>
        </extensions>
      </trkpt>
      <trkpt lat="52.2306335" lon="1.5772372">
        <ele>0</ele>
        <time>2026-06-26T08:44:10.701Z</time>
        <name>1419</name>
        <extensions>
          <speed_mps>17.882</speed_mps>
          <speed_mph>40.0</speed_mph>
        </extensions>
      </trkpt>
      <trkpt lat="52.2305152" lon="1.5778138">
        <ele>0</ele>
        <time>2026-06-26T08:44:12.569Z</time>
        <name>1420</name>
        <extensions>
          <speed_mps>17.882</speed_mps>
          <speed_mph>40.0</speed_mph>
        </extensions>
      </trkpt>
      <trkpt lat="52.2304670" lon="1.5786104">
        <ele>0</ele>
        <time>2026-06-26T08:44:15.300Z</time>
        <name>1421</name>
        <extensions>
          <speed_mps>17.882</speed_mps>
          <speed_mph>40.0</speed_mph>
        </extensions>
      </trkpt>
      <trkpt lat="52.2303488" lon="1.5790170">
        <ele>0</ele>
        <time>2026-06-26T08:44:16.521Z</time>
        <name>1422</name>
        <extensions>
          <speed_mps>17.882</speed_mps>
          <speed_mph>40.0</speed_mph>
        </extensions>
      </trkpt>
      <trkpt lat="52.2302006" lon="1.5793935">
        <ele>0</ele>
        <time>2026-06-26T08:44:17.653Z</time>
        <name>1423</name>
        <extensions>
          <speed_mps>17.882</speed_mps>
          <speed_mph>40.0</speed_mph>
        </extensions>
      </trkpt>
      <trkpt lat="52.2300523" lon="1.5796801">
        <ele>0</ele>
        <time>2026-06-26T08:44:18.455Z</time>
        <name>1424</name>
        <extensions>
          <speed_mps>17.882</speed_mps>
          <speed_mph>40.0</speed_mph>
        </extensions>
      </trkpt>
      <trkpt lat="52.2298741" lon="1.5799667">
        <ele>0</ele>
        <time>2026-06-26T08:44:19.332Z</time>
        <name>1425</name>
        <extensions>
          <speed_mps>17.882</speed_mps>
          <speed_mph>40.0</speed_mph>
        </extensions>
      </trkpt>
      <trkpt lat="52.2296559" lon="1.5802833">
        <ele>0</ele>
        <time>2026-06-26T08:44:20.444Z</time>
        <name>1426</name>
        <extensions>
          <speed_mps>17.882</speed_mps>
          <speed_mph>40.0</speed_mph>
        </extensions>
      </trkpt>
      <trkpt lat="52.2294177" lon="1.5805599">
        <ele>0</ele>
        <time>2026-06-26T08:44:21.529Z</time>
        <name>1427</name>
        <extensions>
          <speed_mps>17.882</speed_mps>
          <speed_mph>40.0</speed_mph>
        </extensions>
      </trkpt>
      <trkpt lat="52.2289894" lon="1.5808665">
        <ele>0</ele>
        <time>2026-06-26T08:44:23.688Z</time>
        <name>1428</name>
        <extensions>
          <speed_mps>17.882</speed_mps>
          <speed_mph>40.0</speed_mph>
        </extensions>
      </trkpt>
      <trkpt lat="52.2288712" lon="1.5809530">
        <ele>0</ele>
        <time>2026-06-26T08:44:23.750Z</time>
        <name>1429</name>
        <extensions>
          <speed_mps>17.882</speed_mps>
          <speed_mph>40.0</speed_mph>
        </extensions>
      </trkpt>
      <trkpt lat="52.2281730" lon="1.5813096">
        <ele>0</ele>
        <time>2026-06-26T08:44:27.561Z</time>
        <name>1430</name>
        <extensions>
          <speed_mps>17.882</speed_mps>
          <speed_mph>40.0</speed_mph>
        </extensions>
      </trkpt>
      <trkpt lat="52.2277548" lon="1.5815762">
        <ele>0</ele>
        <time>2026-06-26T08:44:29.607Z</time>
        <name>1431</name>
        <extensions>
          <speed_mps>17.882</speed_mps>
          <speed_mph>40.0</speed_mph>
        </extensions>
      </trkpt>
      <trkpt lat="52.2275165" lon="1.5817628">
        <ele>0</ele>
        <time>2026-06-26T08:44:30.500Z</time>
        <name>1432</name>
        <extensions>
          <speed_mps>17.882</speed_mps>
          <speed_mph>40.0</speed_mph>
        </extensions>
      </trkpt>
      <trkpt lat="52.2272483" lon="1.5819594">
        <ele>0</ele>
        <time>2026-06-26T08:44:31.580Z</time>
        <name>1433</name>
        <extensions>
          <speed_mps>17.882</speed_mps>
          <speed_mph>40.0</speed_mph>
        </extensions>
      </trkpt>
      <trkpt lat="52.2268301" lon="1.5822859">
        <ele>0</ele>
        <time>2026-06-26T08:44:33.714Z</time>
        <name>1434</name>
        <extensions>
          <speed_mps>17.882</speed_mps>
          <speed_mph>40.0</speed_mph>
        </extensions>
      </trkpt>
      <trkpt lat="52.2267019" lon="1.5823825">
        <ele>0</ele>
        <time>2026-06-26T08:44:33.844Z</time>
        <name>1435</name>
        <extensions>
          <speed_mps>17.882</speed_mps>
          <speed_mph>40.0</speed_mph>
        </extensions>
      </trkpt>
      <trkpt lat="52.2263836" lon="1.5826491">
        <ele>0</ele>
        <time>2026-06-26T08:44:35.319Z</time>
        <name>1436</name>
        <extensions>
          <speed_mps>17.882</speed_mps>
          <speed_mph>40.0</speed_mph>
        </extensions>
      </trkpt>
      <trkpt lat="52.2260154" lon="1.5829957">
        <ele>0</ele>
        <time>2026-06-26T08:44:37.215Z</time>
        <name>1437</name>
        <extensions>
          <speed_mps>17.882</speed_mps>
          <speed_mph>40.0</speed_mph>
        </extensions>
      </trkpt>
      <trkpt lat="52.2257672" lon="1.5832523">
        <ele>0</ele>
        <time>2026-06-26T08:44:38.300Z</time>
        <name>1438</name>
        <extensions>
          <speed_mps>17.882</speed_mps>
          <speed_mph>40.0</speed_mph>
        </extensions>
      </trkpt>
      <trkpt lat="52.2254290" lon="1.5835788">
        <ele>0</ele>
        <time>2026-06-26T08:44:39.997Z</time>
        <name>1439</name>
        <extensions>
          <speed_mps>17.882</speed_mps>
          <speed_mph>40.0</speed_mph>
        </extensions>
      </trkpt>
      <trkpt lat="52.2251007" lon="1.5838454">
        <ele>0</ele>
        <time>2026-06-26T08:44:41.528Z</time>
        <name>1440</name>
        <extensions>
          <speed_mps>17.882</speed_mps>
          <speed_mph>40.0</speed_mph>
        </extensions>
      </trkpt>
      <trkpt lat="52.2243925" lon="1.5845220">
        <ele>0</ele>
        <time>2026-06-26T08:44:45.884Z</time>
        <name>1441</name>
        <extensions>
          <speed_mps>17.882</speed_mps>
          <speed_mph>40.0</speed_mph>
        </extensions>
      </trkpt>
      <trkpt lat="52.2242443" lon="1.5846386">
        <ele>0</ele>
        <time>2026-06-26T08:44:46.157Z</time>
        <name>1442</name>
        <extensions>
          <speed_mps>17.882</speed_mps>
          <speed_mph>40.0</speed_mph>
        </extensions>
      </trkpt>
      <trkpt lat="52.2240361" lon="1.5848152">
        <ele>0</ele>
        <time>2026-06-26T08:44:46.868Z</time>
        <name>1443</name>
        <extensions>
          <speed_mps>17.882</speed_mps>
          <speed_mph>40.0</speed_mph>
        </extensions>
      </trkpt>
      <trkpt lat="52.2238678" lon="1.5849317">
        <ele>0</ele>
        <time>2026-06-26T08:44:47.258Z</time>
        <name>1444</name>
        <extensions>
          <speed_mps>17.882</speed_mps>
          <speed_mph>40.0</speed_mph>
        </extensions>
      </trkpt>
      <trkpt lat="52.2236096" lon="1.5851183">
        <ele>0</ele>
        <time>2026-06-26T08:44:48.265Z</time>
        <name>1445</name>
        <extensions>
          <speed_mps>17.882</speed_mps>
          <speed_mph>40.0</speed_mph>
        </extensions>
      </trkpt>
      <trkpt lat="52.2234814" lon="1.5852149">
        <ele>0</ele>
        <time>2026-06-26T08:44:48.395Z</time>
        <name>1446</name>
        <extensions>
          <speed_mps>17.882</speed_mps>
          <speed_mph>40.0</speed_mph>
        </extensions>
      </trkpt>
      <trkpt lat="52.2232032" lon="1.5854115">
        <ele>0</ele>
        <time>2026-06-26T08:44:49.533Z</time>
        <name>1447</name>
        <extensions>
          <speed_mps>17.882</speed_mps>
          <speed_mph>40.0</speed_mph>
        </extensions>
      </trkpt>
      <trkpt lat="52.2228249" lon="1.5856181">
        <ele>0</ele>
        <time>2026-06-26T08:44:51.273Z</time>
        <name>1448</name>
        <extensions>
          <speed_mps>17.882</speed_mps>
          <speed_mph>40.0</speed_mph>
        </extensions>
      </trkpt>
      <trkpt lat="52.2221567" lon="1.5859846">
        <ele>0</ele>
        <time>2026-06-26T08:44:54.915Z</time>
        <name>1449</name>
        <extensions>
          <speed_mps>17.882</speed_mps>
          <speed_mph>40.0</speed_mph>
        </extensions>
      </trkpt>
      <trkpt lat="52.2217085" lon="1.5862212">
        <ele>0</ele>
        <time>2026-06-26T08:44:57.105Z</time>
        <name>1450</name>
        <extensions>
          <speed_mps>17.882</speed_mps>
          <speed_mph>40.0</speed_mph>
        </extensions>
      </trkpt>
      <trkpt lat="52.2200803" lon="1.5871078">
        <ele>0</ele>
        <time>2026-06-26T08:45:07.036Z</time>
        <name>1451</name>
        <extensions>
          <speed_mps>17.882</speed_mps>
          <speed_mph>40.0</speed_mph>
        </extensions>
      </trkpt>
      <trkpt lat="52.2180920" lon="1.5881244">
        <ele>0</ele>
        <time>2026-06-26T08:45:19.252Z</time>
        <name>1452</name>
        <extensions>
          <speed_mps>17.882</speed_mps>
          <speed_mph>40.0</speed_mph>
        </extensions>
      </trkpt>
      <trkpt lat="52.2179638" lon="1.5882110">
        <ele>0</ele>
        <time>2026-06-26T08:45:19.377Z</time>
        <name>1453</name>
        <extensions>
          <speed_mps>17.882</speed_mps>
          <speed_mph>40.0</speed_mph>
        </extensions>
      </trkpt>
      <trkpt lat="52.2171756" lon="1.5886475">
        <ele>0</ele>
        <time>2026-06-26T08:45:23.810Z</time>
        <name>1454</name>
        <extensions>
          <speed_mps>17.882</speed_mps>
          <speed_mph>40.0</speed_mph>
        </extensions>
      </trkpt>
      <trkpt lat="52.2166774" lon="1.5889141">
        <ele>0</ele>
        <time>2026-06-26T08:45:26.331Z</time>
        <name>1455</name>
        <extensions>
          <speed_mps>17.882</speed_mps>
          <speed_mph>40.0</speed_mph>
        </extensions>
      </trkpt>
      <trkpt lat="52.2164391" lon="1.5890507">
        <ele>0</ele>
        <time>2026-06-26T08:45:27.161Z</time>
        <name>1456</name>
        <extensions>
          <speed_mps>17.882</speed_mps>
          <speed_mph>40.0</speed_mph>
        </extensions>
      </trkpt>
      <trkpt lat="52.2160009" lon="1.5892273">
        <ele>0</ele>
        <time>2026-06-26T08:45:29.242Z</time>
        <name>1457</name>
        <extensions>
          <speed_mps>17.882</speed_mps>
          <speed_mph>40.0</speed_mph>
        </extensions>
      </trkpt>
      <trkpt lat="52.2156227" lon="1.5894039">
        <ele>0</ele>
        <time>2026-06-26T08:45:30.955Z</time>
        <name>1458</name>
        <extensions>
          <speed_mps>17.882</speed_mps>
          <speed_mph>40.0</speed_mph>
        </extensions>
      </trkpt>
      <trkpt lat="52.2153345" lon="1.5895704">
        <ele>0</ele>
        <time>2026-06-26T08:45:32.115Z</time>
        <name>1459</name>
        <extensions>
          <speed_mps>17.882</speed_mps>
          <speed_mph>40.0</speed_mph>
        </extensions>
      </trkpt>
      <trkpt lat="52.2150762" lon="1.5897370">
        <ele>0</ele>
        <time>2026-06-26T08:45:33.097Z</time>
        <name>1460</name>
        <extensions>
          <speed_mps>17.882</speed_mps>
          <speed_mph>40.0</speed_mph>
        </extensions>
      </trkpt>
      <trkpt lat="52.2148380" lon="1.5899336">
        <ele>0</ele>
        <time>2026-06-26T08:45:34.007Z</time>
        <name>1461</name>
        <extensions>
          <speed_mps>17.882</speed_mps>
          <speed_mph>40.0</speed_mph>
        </extensions>
      </trkpt>
      <trkpt lat="52.2145998" lon="1.5901702">
        <ele>0</ele>
        <time>2026-06-26T08:45:34.997Z</time>
        <name>1462</name>
        <extensions>
          <speed_mps>17.882</speed_mps>
          <speed_mph>40.0</speed_mph>
        </extensions>
      </trkpt>
      <trkpt lat="52.2143516" lon="1.5904568">
        <ele>0</ele>
        <time>2026-06-26T08:45:36.155Z</time>
        <name>1463</name>
        <extensions>
          <speed_mps>17.882</speed_mps>
          <speed_mph>40.0</speed_mph>
        </extensions>
      </trkpt>
      <trkpt lat="52.2141433" lon="1.5907233">
        <ele>0</ele>
        <time>2026-06-26T08:45:37.080Z</time>
        <name>1464</name>
        <extensions>
          <speed_mps>17.882</speed_mps>
          <speed_mph>40.0</speed_mph>
        </extensions>
      </trkpt>
      <trkpt lat="52.2139151" lon="1.5910699">
        <ele>0</ele>
        <time>2026-06-26T08:45:38.321Z</time>
        <name>1465</name>
        <extensions>
          <speed_mps>17.882</speed_mps>
          <speed_mph>40.0</speed_mph>
        </extensions>
      </trkpt>
      <trkpt lat="52.2128969" lon="1.5940565">
        <ele>0</ele>
        <time>2026-06-26T08:45:50.737Z</time>
        <name>1466</name>
        <extensions>
          <speed_mps>17.882</speed_mps>
          <speed_mph>40.0</speed_mph>
        </extensions>
      </trkpt>
      <trkpt lat="52.2126187" lon="1.5950031">
        <ele>0</ele>
        <time>2026-06-26T08:45:54.180Z</time>
        <name>1467</name>
        <extensions>
          <speed_mps>17.882</speed_mps>
          <speed_mph>40.0</speed_mph>
        </extensions>
      </trkpt>
      <trkpt lat="52.2123504" lon="1.5961597">
        <ele>0</ele>
        <time>2026-06-26T08:45:58.378Z</time>
        <name>1468</name>
        <extensions>
          <speed_mps>17.882</speed_mps>
          <speed_mph>40.0</speed_mph>
        </extensions>
      </trkpt>
      <trkpt lat="52.2122022" lon="1.5966862">
        <ele>0</ele>
        <time>2026-06-26T08:46:00.073Z</time>
        <name>1469</name>
        <extensions>
          <speed_mps>17.882</speed_mps>
          <speed_mph>40.0</speed_mph>
        </extensions>
      </trkpt>
      <trkpt lat="52.2120840" lon="1.5978628">
        <ele>0</ele>
        <time>2026-06-26T08:46:04.227Z</time>
        <name>1470</name>
        <extensions>
          <speed_mps>17.882</speed_mps>
          <speed_mph>40.0</speed_mph>
        </extensions>
      </trkpt>
      <trkpt lat="52.2119958" lon="1.5983894">
        <ele>0</ele>
        <time>2026-06-26T08:46:05.909Z</time>
        <name>1471</name>
        <extensions>
          <speed_mps>17.882</speed_mps>
          <speed_mph>40.0</speed_mph>
        </extensions>
      </trkpt>
      <trkpt lat="52.2119275" lon="1.5988460">
        <ele>0</ele>
        <time>2026-06-26T08:46:07.340Z</time>
        <name>1472</name>
        <extensions>
          <speed_mps>17.882</speed_mps>
          <speed_mph>40.0</speed_mph>
        </extensions>
      </trkpt>
      <trkpt lat="52.2124293" lon="1.6025626">
        <ele>0</ele>
        <time>2026-06-26T08:46:21.685Z</time>
        <name>1473</name>
        <extensions>
          <speed_mps>17.882</speed_mps>
          <speed_mph>40.0</speed_mph>
        </extensions>
      </trkpt>
      <trkpt lat="52.2126411" lon="1.6043491">
        <ele>0</ele>
        <time>2026-06-26T08:46:28.462Z</time>
        <name>1474</name>
        <extensions>
          <speed_mps>17.882</speed_mps>
          <speed_mph>40.0</speed_mph>
        </extensions>
      </trkpt>
      <trkpt lat="52.2125329" lon="1.6044457">
        <ele>0</ele>
        <time>2026-06-26T08:46:28.500Z</time>
        <name>1475</name>
        <extensions>
          <speed_mps>17.882</speed_mps>
          <speed_mph>40.0</speed_mph>
        </extensions>
      </trkpt>
      <trkpt lat="52.2128746" lon="1.6069823">
        <ele>0</ele>
        <time>2026-06-26T08:46:38.247Z</time>
        <name>1476</name>
        <extensions>
          <speed_mps>17.882</speed_mps>
          <speed_mph>40.0</speed_mph>
        </extensions>
      </trkpt>
      <trkpt lat="52.2127664" lon="1.6070989">
        <ele>0</ele>
        <time>2026-06-26T08:46:38.361Z</time>
        <name>1477</name>
        <extensions>
          <speed_mps>17.882</speed_mps>
          <speed_mph>40.0</speed_mph>
        </extensions>
      </trkpt>
      <trkpt lat="52.2127782" lon="1.6078855">
        <ele>0</ele>
        <time>2026-06-26T08:46:41.131Z</time>
        <name>1478</name>
        <extensions>
          <speed_mps>17.882</speed_mps>
          <speed_mph>40.0</speed_mph>
        </extensions>
      </trkpt>
      <trkpt lat="52.2127800" lon="1.6089920">
        <ele>0</ele>
        <time>2026-06-26T08:46:45.078Z</time>
        <name>1479</name>
        <extensions>
          <speed_mps>17.882</speed_mps>
          <speed_mph>40.0</speed_mph>
        </extensions>
      </trkpt>
      <trkpt lat="52.2127417" lon="1.6102986">
        <ele>0</ele>
        <time>2026-06-26T08:46:49.747Z</time>
        <name>1480</name>
        <extensions>
          <speed_mps>17.882</speed_mps>
          <speed_mph>40.0</speed_mph>
        </extensions>
      </trkpt>
      <trkpt lat="52.2126235" lon="1.6108952">
        <ele>0</ele>
        <time>2026-06-26T08:46:51.692Z</time>
        <name>1481</name>
        <extensions>
          <speed_mps>17.882</speed_mps>
          <speed_mph>40.0</speed_mph>
        </extensions>
      </trkpt>
      <trkpt lat="52.2125353" lon="1.6114618">
        <ele>0</ele>
        <time>2026-06-26T08:46:53.525Z</time>
        <name>1482</name>
        <extensions>
          <speed_mps>17.882</speed_mps>
          <speed_mph>40.0</speed_mph>
        </extensions>
      </trkpt>
      <trkpt lat="52.2125471" lon="1.6120284">
        <ele>0</ele>
        <time>2026-06-26T08:46:55.501Z</time>
        <name>1483</name>
        <extensions>
          <speed_mps>17.882</speed_mps>
          <speed_mph>40.0</speed_mph>
        </extensions>
      </trkpt>
      <trkpt lat="52.2125688" lon="1.6125149">
        <ele>0</ele>
        <time>2026-06-26T08:46:57.226Z</time>
        <name>1484</name>
        <extensions>
          <speed_mps>17.882</speed_mps>
          <speed_mph>40.0</speed_mph>
        </extensions>
      </trkpt>
      <trkpt lat="52.2126306" lon="1.6130715">
        <ele>0</ele>
        <time>2026-06-26T08:46:59.306Z</time>
        <name>1485</name>
        <extensions>
          <speed_mps>17.882</speed_mps>
          <speed_mph>40.0</speed_mph>
        </extensions>
      </trkpt>
      <trkpt lat="52.2127024" lon="1.6135681">
        <ele>0</ele>
        <time>2026-06-26T08:47:01.228Z</time>
        <name>1486</name>
        <extensions>
          <speed_mps>17.882</speed_mps>
          <speed_mph>40.0</speed_mph>
        </extensions>
      </trkpt>
      <trkpt lat="52.2127842" lon="1.6140447">
        <ele>0</ele>
        <time>2026-06-26T08:47:03.126Z</time>
        <name>1487</name>
        <extensions>
          <speed_mps>17.882</speed_mps>
          <speed_mph>40.0</speed_mph>
        </extensions>
      </trkpt>
      <trkpt lat="52.2128059" lon="1.6144313">
        <ele>0</ele>
        <time>2026-06-26T08:47:04.526Z</time>
        <name>1488</name>
        <extensions>
          <speed_mps>17.882</speed_mps>
          <speed_mph>40.0</speed_mph>
        </extensions>
      </trkpt>
      <trkpt lat="52.2128577" lon="1.6149678">
        <ele>0</ele>
        <time>2026-06-26T08:47:06.509Z</time>
        <name>1489</name>
        <extensions>
          <speed_mps>17.882</speed_mps>
          <speed_mph>40.0</speed_mph>
        </extensions>
      </trkpt>
      <trkpt lat="52.2128995" lon="1.6150844">
        <ele>0</ele>
        <time>2026-06-26T08:47:07.449Z</time>
        <name>1490</name>
        <extensions>
          <speed_mps>17.882</speed_mps>
          <speed_mph>40.0</speed_mph>
        </extensions>
      </trkpt>
      <trkpt lat="52.2128513" lon="1.6151910">
        <ele>0</ele>
        <time>2026-06-26T08:47:07.830Z</time>
        <name>1491</name>
        <extensions>
          <speed_mps>17.882</speed_mps>
          <speed_mph>40.0</speed_mph>
        </extensions>
      </trkpt>
      <trkpt lat="52.2129030" lon="1.6153076">
        <ele>0</ele>
        <time>2026-06-26T08:47:08.831Z</time>
        <name>1492</name>
        <extensions>
          <speed_mps>17.882</speed_mps>
          <speed_mph>40.0</speed_mph>
        </extensions>
      </trkpt>
      <trkpt lat="52.2129248" lon="1.6153942">
        <ele>0</ele>
        <time>2026-06-26T08:47:09.639Z</time>
        <name>1493</name>
        <extensions>
          <speed_mps>17.882</speed_mps>
          <speed_mph>40.0</speed_mph>
        </extensions>
      </trkpt>
      <trkpt lat="52.2129666" lon="1.6154507">
        <ele>0</ele>
        <time>2026-06-26T08:47:10.579Z</time>
        <name>1494</name>
        <extensions>
          <speed_mps>17.882</speed_mps>
          <speed_mph>40.0</speed_mph>
        </extensions>
      </trkpt>
      <trkpt lat="52.2128884" lon="1.6155273">
        <ele>0</ele>
        <time>2026-06-26T08:47:10.770Z</time>
        <name>1495</name>
        <extensions>
          <speed_mps>17.882</speed_mps>
          <speed_mph>40.0</speed_mph>
        </extensions>
      </trkpt>
      <trkpt lat="52.2129301" lon="1.6155839">
        <ele>0</ele>
        <time>2026-06-26T08:47:11.709Z</time>
        <name>1496</name>
        <extensions>
          <speed_mps>17.882</speed_mps>
          <speed_mph>40.0</speed_mph>
        </extensions>
      </trkpt>
      <trkpt lat="52.2130019" lon="1.6155905">
        <ele>0</ele>
        <time>2026-06-26T08:47:12.869Z</time>
        <name>1497</name>
        <extensions>
          <speed_mps>17.882</speed_mps>
          <speed_mph>40.0</speed_mph>
        </extensions>
      </trkpt>
      <trkpt lat="52.2129237" lon="1.6156871">
        <ele>0</ele>
        <time>2026-06-26T08:47:13.060Z</time>
        <name>1498</name>
        <extensions>
          <speed_mps>17.882</speed_mps>
          <speed_mph>40.0</speed_mph>
        </extensions>
      </trkpt>
      <trkpt lat="52.2130855" lon="1.6155836">
        <ele>0</ele>
        <time>2026-06-26T08:47:14.888Z</time>
        <name>1499</name>
        <extensions>
          <speed_mps>17.882</speed_mps>
          <speed_mph>40.0</speed_mph>
        </extensions>
      </trkpt>
      <trkpt lat="52.2131572" lon="1.6155202">
        <ele>0</ele>
        <time>2026-06-26T08:47:16.145Z</time>
        <name>1500</name>
        <extensions>
          <speed_mps>17.882</speed_mps>
          <speed_mph>40.0</speed_mph>
        </extensions>
      </trkpt>
      <trkpt lat="52.2132390" lon="1.6154168">
        <ele>0</ele>
        <time>2026-06-26T08:47:17.531Z</time>
        <name>1501</name>
        <extensions>
          <speed_mps>17.882</speed_mps>
          <speed_mph>40.0</speed_mph>
        </extensions>
      </trkpt>
      <trkpt lat="52.2137408" lon="1.6148334">
        <ele>0</ele>
        <time>2026-06-26T08:47:22.103Z</time>
        <name>1502</name>
        <extensions>
          <speed_mps>17.882</speed_mps>
          <speed_mph>40.0</speed_mph>
        </extensions>
      </trkpt>
      <trkpt lat="52.2140026" lon="1.6145400">
        <ele>0</ele>
        <time>2026-06-26T08:47:24.822Z</time>
        <name>1503</name>
        <extensions>
          <speed_mps>17.882</speed_mps>
          <speed_mph>40.0</speed_mph>
        </extensions>
      </trkpt>
      <trkpt lat="52.2140343" lon="1.6144665">
        <ele>0</ele>
        <time>2026-06-26T08:47:25.884Z</time>
        <name>1504</name>
        <extensions>
          <speed_mps>17.882</speed_mps>
          <speed_mph>40.0</speed_mph>
        </extensions>
      </trkpt>
      <trkpt lat="52.2140261" lon="1.6144131">
        <ele>0</ele>
        <time>2026-06-26T08:47:26.704Z</time>
        <name>1505</name>
        <extensions>
          <speed_mps>17.882</speed_mps>
          <speed_mph>40.0</speed_mph>
        </extensions>
      </trkpt>
      <trkpt lat="52.2139879" lon="1.6143497">
        <ele>0</ele>
        <time>2026-06-26T08:47:27.422Z</time>
        <name>1506</name>
        <extensions>
          <speed_mps>17.882</speed_mps>
          <speed_mph>40.0</speed_mph>
        </extensions>
      </trkpt>
      <trkpt lat="52.2139197" lon="1.6143263">
        <ele>0</ele>
        <time>2026-06-26T08:47:27.910Z</time>
        <name>1507</name>
        <extensions>
          <speed_mps>17.882</speed_mps>
          <speed_mph>40.0</speed_mph>
        </extensions>
      </trkpt>
      <trkpt lat="52.2138514" lon="1.6142729">
        <ele>0</ele>
        <time>2026-06-26T08:47:28.498Z</time>
        <name>1508</name>
        <extensions>
          <speed_mps>17.882</speed_mps>
          <speed_mph>40.0</speed_mph>
        </extensions>
      </trkpt>
      <trkpt lat="52.2138732" lon="1.6135194">
        <ele>0</ele>
        <time>2026-06-26T08:47:31.799Z</time>
        <name>1509</name>
        <extensions>
          <speed_mps>17.882</speed_mps>
          <speed_mph>40.0</speed_mph>
        </extensions>
      </trkpt>
      <trkpt lat="52.2137650" lon="1.6135760">
        <ele>0</ele>
        <time>2026-06-26T08:47:31.914Z</time>
        <name>1510</name>
        <extensions>
          <speed_mps>17.882</speed_mps>
          <speed_mph>40.0</speed_mph>
        </extensions>
      </trkpt>
      <trkpt lat="52.2137368" lon="1.6131726">
        <ele>0</ele>
        <time>2026-06-26T08:47:33.846Z</time>
        <name>1511</name>
        <extensions>
          <speed_mps>17.882</speed_mps>
          <speed_mph>40.0</speed_mph>
        </extensions>
      </trkpt>
      <trkpt lat="52.2136685" lon="1.6131392">
        <ele>0</ele>
        <time>2026-06-26T08:47:34.367Z</time>
        <name>1512</name>
        <extensions>
          <speed_mps>17.882</speed_mps>
          <speed_mph>40.0</speed_mph>
        </extensions>
      </trkpt>
      <trkpt lat="52.2136603" lon="1.6130458">
        <ele>0</ele>
        <time>2026-06-26T08:47:35.292Z</time>
        <name>1513</name>
        <extensions>
          <speed_mps>17.882</speed_mps>
          <speed_mph>40.0</speed_mph>
        </extensions>
      </trkpt>
      <trkpt lat="52.2136321" lon="1.6130623">
        <ele>0</ele>
        <time>2026-06-26T08:47:35.857Z</time>
        <name>1514</name>
        <extensions>
          <speed_mps>17.882</speed_mps>
          <speed_mph>40.0</speed_mph>
        </extensions>
      </trkpt>
      <trkpt lat="52.2135739" lon="1.6131189">
        <ele>0</ele>
        <time>2026-06-26T08:47:36.188Z</time>
        <name>1515</name>
        <extensions>
          <speed_mps>17.882</speed_mps>
          <speed_mph>40.0</speed_mph>
        </extensions>
      </trkpt>
      <trkpt lat="52.2135056" lon="1.6132055">
        <ele>0</ele>
        <time>2026-06-26T08:47:36.437Z</time>
        <name>1516</name>
        <extensions>
          <speed_mps>17.882</speed_mps>
          <speed_mph>40.0</speed_mph>
        </extensions>
      </trkpt>
      <trkpt lat="52.2133974" lon="1.6132821">
        <ele>0</ele>
        <time>2026-06-26T08:47:36.475Z</time>
        <name>1517</name>
        <extensions>
          <speed_mps>17.882</speed_mps>
          <speed_mph>40.0</speed_mph>
        </extensions>
      </trkpt>
      <trkpt lat="52.2134592" lon="1.6133687">
        <ele>0</ele>
        <time>2026-06-26T08:47:37.532Z</time>
        <name>1518</name>
        <extensions>
          <speed_mps>17.882</speed_mps>
          <speed_mph>40.0</speed_mph>
        </extensions>
      </trkpt>
      <trkpt lat="52.2142410" lon="1.6135452">
        <ele>0</ele>
        <time>2026-06-26T08:47:43.077Z</time>
        <name>1519</name>
        <extensions>
          <speed_mps>17.882</speed_mps>
          <speed_mph>40.0</speed_mph>
        </extensions>
      </trkpt>
      <trkpt lat="52.2142027" lon="1.6136318">
        <ele>0</ele>
        <time>2026-06-26T08:47:43.512Z</time>
        <name>1520</name>
        <extensions>
          <speed_mps>17.882</speed_mps>
          <speed_mph>40.0</speed_mph>
        </extensions>
      </trkpt>
      <trkpt lat="52.2142145" lon="1.6137484">
        <ele>0</ele>
        <time>2026-06-26T08:47:44.267Z</time>
        <name>1521</name>
        <extensions>
          <speed_mps>17.882</speed_mps>
          <speed_mph>40.0</speed_mph>
        </extensions>
      </trkpt>
      <trkpt lat="52.2142263" lon="1.6138550">
        <ele>0</ele>
        <time>2026-06-26T08:47:45.017Z</time>
        <name>1522</name>
        <extensions>
          <speed_mps>17.882</speed_mps>
          <speed_mph>40.0</speed_mph>
        </extensions>
      </trkpt>
      <trkpt lat="52.2143381" lon="1.6139616">
        <ele>0</ele>
        <time>2026-06-26T08:47:46.387Z</time>
        <name>1523</name>
        <extensions>
          <speed_mps>17.882</speed_mps>
          <speed_mph>40.0</speed_mph>
        </extensions>
      </trkpt>
      <trkpt lat="52.2143298" lon="1.6140481">
        <ele>0</ele>
        <time>2026-06-26T08:47:47.009Z</time>
        <name>1524</name>
        <extensions>
          <speed_mps>17.882</speed_mps>
          <speed_mph>40.0</speed_mph>
        </extensions>
      </trkpt>
      <trkpt lat="52.2143116" lon="1.6141247">
        <ele>0</ele>
        <time>2026-06-26T08:47:47.570Z</time>
        <name>1525</name>
        <extensions>
          <speed_mps>17.882</speed_mps>
          <speed_mph>40.0</speed_mph>
        </extensions>
      </trkpt>
      <trkpt lat="52.2148434" lon="1.6142113">
        <ele>0</ele>
        <time>2026-06-26T08:47:51.550Z</time>
        <name>1526</name>
        <extensions>
          <speed_mps>17.882</speed_mps>
          <speed_mph>40.0</speed_mph>
        </extensions>
      </trkpt>
      <trkpt lat="52.2149152" lon="1.6143079">
        <ele>0</ele>
        <time>2026-06-26T08:47:52.670Z</time>
        <name>1527</name>
        <extensions>
          <speed_mps>17.882</speed_mps>
          <speed_mph>40.0</speed_mph>
        </extensions>
      </trkpt>
      <trkpt lat="52.2151669" lon="1.6143945">
        <ele>0</ele>
        <time>2026-06-26T08:47:54.909Z</time>
        <name>1528</name>
        <extensions>
          <speed_mps>17.882</speed_mps>
          <speed_mph>40.0</speed_mph>
        </extensions>
      </trkpt>
      <trkpt lat="52.2155787" lon="1.6145110">
        <ele>0</ele>
        <time>2026-06-26T08:47:58.144Z</time>
        <name>1529</name>
        <extensions>
          <speed_mps>17.882</speed_mps>
          <speed_mph>40.0</speed_mph>
        </extensions>
      </trkpt>
      <trkpt lat="52.2155205" lon="1.6146076">
        <ele>0</ele>
        <time>2026-06-26T08:47:58.457Z</time>
        <name>1530</name>
        <extensions>
          <speed_mps>17.882</speed_mps>
          <speed_mph>40.0</speed_mph>
        </extensions>
      </trkpt>
      <trkpt lat="52.2170323" lon="1.6148642">
        <ele>0</ele>
        <time>2026-06-26T08:48:08.552Z</time>
        <name>1531</name>
        <extensions>
          <speed_mps>17.882</speed_mps>
          <speed_mph>40.0</speed_mph>
        </extensions>
      </trkpt>
      <trkpt lat="52.2179040" lon="1.6150108">
        <ele>0</ele>
        <time>2026-06-26T08:48:14.650Z</time>
        <name>1532</name>
        <extensions>
          <speed_mps>17.882</speed_mps>
          <speed_mph>40.0</speed_mph>
        </extensions>
      </trkpt>
      <trkpt lat="52.2183358" lon="1.6151474">
        <ele>0</ele>
        <time>2026-06-26T08:48:18.014Z</time>
        <name>1533</name>
        <extensions>
          <speed_mps>17.882</speed_mps>
          <speed_mph>40.0</speed_mph>
        </extensions>
      </trkpt>
      <trkpt lat="52.2182776" lon="1.6152439">
        <ele>0</ele>
        <time>2026-06-26T08:48:18.327Z</time>
        <name>1534</name>
        <extensions>
          <speed_mps>17.882</speed_mps>
          <speed_mph>40.0</speed_mph>
        </extensions>
      </trkpt>
      <trkpt lat="52.2181794" lon="1.6153305">
        <ele>0</ele>
        <time>2026-06-26T08:48:18.389Z</time>
        <name>1535</name>
        <extensions>
          <speed_mps>17.882</speed_mps>
          <speed_mph>40.0</speed_mph>
        </extensions>
      </trkpt>
      <trkpt lat="52.2183411" lon="1.6156771">
        <ele>0</ele>
        <time>2026-06-26T08:48:20.339Z</time>
        <name>1536</name>
        <extensions>
          <speed_mps>17.882</speed_mps>
          <speed_mph>40.0</speed_mph>
        </extensions>
      </trkpt>
      <trkpt lat="52.2182829" lon="1.6158037">
        <ele>0</ele>
        <time>2026-06-26T08:48:20.685Z</time>
        <name>1537</name>
        <extensions>
          <speed_mps>17.882</speed_mps>
          <speed_mph>40.0</speed_mph>
        </extensions>
      </trkpt>
      <trkpt lat="52.2191047" lon="1.6160103">
        <ele>0</ele>
        <time>2026-06-26T08:48:26.486Z</time>
        <name>1538</name>
        <extensions>
          <speed_mps>17.882</speed_mps>
          <speed_mph>40.0</speed_mph>
        </extensions>
      </trkpt>
      <trkpt lat="52.2189865" lon="1.6165468">
        <ele>0</ele>
        <time>2026-06-26T08:48:28.201Z</time>
        <name>1539</name>
        <extensions>
          <speed_mps>17.882</speed_mps>
          <speed_mph>40.0</speed_mph>
        </extensions>
      </trkpt>
      <trkpt lat="52.2184082" lon="1.6166134">
        <ele>0</ele>
        <time>2026-06-26T08:48:31.125Z</time>
        <name>1540</name>
        <extensions>
          <speed_mps>17.882</speed_mps>
          <speed_mph>40.0</speed_mph>
        </extensions>
      </trkpt>
      <trkpt lat="52.2182800" lon="1.6174200">
        <ele>0</ele>
        <time>2026-06-26T08:48:33.871Z</time>
        <name>1541</name>
        <extensions>
          <speed_mps>17.882</speed_mps>
          <speed_mph>40.0</speed_mph>
        </extensions>
      </trkpt>
    </trkseg>
  </trk>
</gpx>