<?xml version='1.0' encoding='utf-8'?>
<gpx xmlns="http://www.topografix.com/GPX/1/1" xmlns:xsi="http://www.w3.org/2001/XMLSchema-instance" creator="PIT Pathfinder - timestamped from supplied GPX geometry for Fulcrum testing" version="1.1" xsi:schemaLocation="http://www.topografix.com/GPX/1/1 http://www.topografix.com/GPX/1/1/gpx.xsd">
  <metadata>
    <name>Orwell Logistics Park to Sizewell C - Fulcrum test - 20 mph</name>
    <desc>Converted from a KML file KML2GPX.COM</desc>
    <time>2026-06-26T08:00:00Z</time>
  </metadata>
  <wpt lat="52.0262848" lon="1.2237418">
    <ele>0</ele>
    <name>Orwell Logistics Park, Nacton, Ipswich IP10 0DD</name>
    <cmt>Waypoint no: 1</cmt>
    <desc>This is waypoint no: 1</desc>
  </wpt>
  <wpt lat="52.2182834" lon="1.617418">
    <ele>0</ele>
    <name>Sizewell C Power Station, Leiston, Suffolk, 48-50 High St, Leiston IP16 4EW</name>
    <cmt>Waypoint no: 2</cmt>
    <desc>This is waypoint no: 2</desc>
  </wpt>
  <trk>
    <name>Orwell Logistics Park to Sizewell C - 20 mph</name>
    <desc>This is track no: 1</desc>
    <number>1</number>
    <trkseg>
      <trkpt lat="52.02628" lon="1.22374">
        <ele>0</ele>
        <time>2026-06-26T08:00:00.000Z</time>
        <name>1</name>
        <extensions>
          <speed_mps>8.941</speed_mps>
          <speed_mph>20.0</speed_mph>
        </extensions>
      </trkpt>
      <trkpt lat="52.02579" lon="1.22571">
        <ele>0</ele>
        <time>2026-06-26T08:00:16.260Z</time>
        <name>2</name>
        <extensions>
          <speed_mps>8.941</speed_mps>
          <speed_mph>20.0</speed_mph>
        </extensions>
      </trkpt>
      <trkpt lat="52.02577" lon="1.22589">
        <ele>0</ele>
        <time>2026-06-26T08:00:17.660Z</time>
        <name>3</name>
        <extensions>
          <speed_mps>8.941</speed_mps>
          <speed_mph>20.0</speed_mph>
        </extensions>
      </trkpt>
      <trkpt lat="52.02576" lon="1.22594">
        <ele>0</ele>
        <time>2026-06-26T08:00:18.062Z</time>
        <name>4</name>
        <extensions>
          <speed_mps>8.941</speed_mps>
          <speed_mph>20.0</speed_mph>
        </extensions>
      </trkpt>
      <trkpt lat="52.02576" lon="1.22612">
        <ele>0</ele>
        <time>2026-06-26T08:00:19.439Z</time>
        <name>5</name>
        <extensions>
          <speed_mps>8.941</speed_mps>
          <speed_mph>20.0</speed_mph>
        </extensions>
      </trkpt>
      <trkpt lat="52.02579" lon="1.22637">
        <ele>0</ele>
        <time>2026-06-26T08:00:21.389Z</time>
        <name>6</name>
        <extensions>
          <speed_mps>8.941</speed_mps>
          <speed_mph>20.0</speed_mph>
        </extensions>
      </trkpt>
      <trkpt lat="52.02579" lon="1.22641">
        <ele>0</ele>
        <time>2026-06-26T08:00:21.695Z</time>
        <name>7</name>
        <extensions>
          <speed_mps>8.941</speed_mps>
          <speed_mph>20.0</speed_mph>
        </extensions>
      </trkpt>
      <trkpt lat="52.02584" lon="1.22666">
        <ele>0</ele>
        <time>2026-06-26T08:00:23.706Z</time>
        <name>8</name>
        <extensions>
          <speed_mps>8.941</speed_mps>
          <speed_mph>20.0</speed_mph>
        </extensions>
      </trkpt>
      <trkpt lat="52.02585" lon="1.22696">
        <ele>0</ele>
        <time>2026-06-26T08:00:26.005Z</time>
        <name>9</name>
        <extensions>
          <speed_mps>8.941</speed_mps>
          <speed_mph>20.0</speed_mph>
        </extensions>
      </trkpt>
      <trkpt lat="52.02584" lon="1.22711">
        <ele>0</ele>
        <time>2026-06-26T08:00:27.160Z</time>
        <name>10</name>
        <extensions>
          <speed_mps>8.941</speed_mps>
          <speed_mph>20.0</speed_mph>
        </extensions>
      </trkpt>
      <trkpt lat="52.02577" lon="1.22739">
        <ele>0</ele>
        <time>2026-06-26T08:00:29.473Z</time>
        <name>11</name>
        <extensions>
          <speed_mps>8.941</speed_mps>
          <speed_mph>20.0</speed_mph>
        </extensions>
      </trkpt>
      <trkpt lat="52.02571" lon="1.22749">
        <ele>0</ele>
        <time>2026-06-26T08:00:30.542Z</time>
        <name>12</name>
        <extensions>
          <speed_mps>8.941</speed_mps>
          <speed_mph>20.0</speed_mph>
        </extensions>
      </trkpt>
      <trkpt lat="52.02558" lon="1.22766">
        <ele>0</ele>
        <time>2026-06-26T08:00:32.617Z</time>
        <name>13</name>
        <extensions>
          <speed_mps>8.941</speed_mps>
          <speed_mph>20.0</speed_mph>
        </extensions>
      </trkpt>
      <trkpt lat="52.02553" lon="1.22769">
        <ele>0</ele>
        <time>2026-06-26T08:00:33.280Z</time>
        <name>14</name>
        <extensions>
          <speed_mps>8.941</speed_mps>
          <speed_mph>20.0</speed_mph>
        </extensions>
      </trkpt>
      <trkpt lat="52.02553" lon="1.22771">
        <ele>0</ele>
        <time>2026-06-26T08:00:33.433Z</time>
        <name>15</name>
        <extensions>
          <speed_mps>8.941</speed_mps>
          <speed_mph>20.0</speed_mph>
        </extensions>
      </trkpt>
      <trkpt lat="52.02554" lon="1.22772">
        <ele>0</ele>
        <time>2026-06-26T08:00:33.579Z</time>
        <name>16</name>
        <extensions>
          <speed_mps>8.941</speed_mps>
          <speed_mph>20.0</speed_mph>
        </extensions>
      </trkpt>
      <trkpt lat="52.02554" lon="1.22774">
        <ele>0</ele>
        <time>2026-06-26T08:00:33.732Z</time>
        <name>17</name>
        <extensions>
          <speed_mps>8.941</speed_mps>
          <speed_mph>20.0</speed_mph>
        </extensions>
      </trkpt>
      <trkpt lat="52.02555" lon="1.22775">
        <ele>0</ele>
        <time>2026-06-26T08:00:33.878Z</time>
        <name>18</name>
        <extensions>
          <speed_mps>8.941</speed_mps>
          <speed_mph>20.0</speed_mph>
        </extensions>
      </trkpt>
      <trkpt lat="52.02555" lon="1.22788">
        <ele>0</ele>
        <time>2026-06-26T08:00:34.873Z</time>
        <name>19</name>
        <extensions>
          <speed_mps>8.941</speed_mps>
          <speed_mph>20.0</speed_mph>
        </extensions>
      </trkpt>
      <trkpt lat="52.02554" lon="1.22788">
        <ele>0</ele>
        <time>2026-06-26T08:00:34.997Z</time>
        <name>20</name>
        <extensions>
          <speed_mps>8.941</speed_mps>
          <speed_mph>20.0</speed_mph>
        </extensions>
      </trkpt>
      <trkpt lat="52.02554" lon="1.22791">
        <ele>0</ele>
        <time>2026-06-26T08:00:35.227Z</time>
        <name>21</name>
        <extensions>
          <speed_mps>8.941</speed_mps>
          <speed_mph>20.0</speed_mph>
        </extensions>
      </trkpt>
      <trkpt lat="52.02553" lon="1.22792">
        <ele>0</ele>
        <time>2026-06-26T08:00:35.373Z</time>
        <name>22</name>
        <extensions>
          <speed_mps>8.941</speed_mps>
          <speed_mph>20.0</speed_mph>
        </extensions>
      </trkpt>
      <trkpt lat="52.02553" lon="1.22793">
        <ele>0</ele>
        <time>2026-06-26T08:00:35.449Z</time>
        <name>23</name>
        <extensions>
          <speed_mps>8.941</speed_mps>
          <speed_mph>20.0</speed_mph>
        </extensions>
      </trkpt>
      <trkpt lat="52.02552" lon="1.22794">
        <ele>0</ele>
        <time>2026-06-26T08:00:35.595Z</time>
        <name>24</name>
        <extensions>
          <speed_mps>8.941</speed_mps>
          <speed_mph>20.0</speed_mph>
        </extensions>
      </trkpt>
      <trkpt lat="52.02552" lon="1.22795">
        <ele>0</ele>
        <time>2026-06-26T08:00:35.672Z</time>
        <name>25</name>
        <extensions>
          <speed_mps>8.941</speed_mps>
          <speed_mph>20.0</speed_mph>
        </extensions>
      </trkpt>
      <trkpt lat="52.02551" lon="1.22796">
        <ele>0</ele>
        <time>2026-06-26T08:00:35.818Z</time>
        <name>26</name>
        <extensions>
          <speed_mps>8.941</speed_mps>
          <speed_mph>20.0</speed_mph>
        </extensions>
      </trkpt>
      <trkpt lat="52.02551" lon="1.22797">
        <ele>0</ele>
        <time>2026-06-26T08:00:35.894Z</time>
        <name>27</name>
        <extensions>
          <speed_mps>8.941</speed_mps>
          <speed_mph>20.0</speed_mph>
        </extensions>
      </trkpt>
      <trkpt lat="52.0255" lon="1.22797">
        <ele>0</ele>
        <time>2026-06-26T08:00:36.019Z</time>
        <name>28</name>
        <extensions>
          <speed_mps>8.941</speed_mps>
          <speed_mph>20.0</speed_mph>
        </extensions>
      </trkpt>
      <trkpt lat="52.0255" lon="1.22798">
        <ele>0</ele>
        <time>2026-06-26T08:00:36.095Z</time>
        <name>29</name>
        <extensions>
          <speed_mps>8.941</speed_mps>
          <speed_mph>20.0</speed_mph>
        </extensions>
      </trkpt>
      <trkpt lat="52.02549" lon="1.22799">
        <ele>0</ele>
        <time>2026-06-26T08:00:36.241Z</time>
        <name>30</name>
        <extensions>
          <speed_mps>8.941</speed_mps>
          <speed_mph>20.0</speed_mph>
        </extensions>
      </trkpt>
      <trkpt lat="52.02548" lon="1.22799">
        <ele>0</ele>
        <time>2026-06-26T08:00:36.365Z</time>
        <name>31</name>
        <extensions>
          <speed_mps>8.941</speed_mps>
          <speed_mph>20.0</speed_mph>
        </extensions>
      </trkpt>
      <trkpt lat="52.02547" lon="1.228">
        <ele>0</ele>
        <time>2026-06-26T08:00:36.511Z</time>
        <name>32</name>
        <extensions>
          <speed_mps>8.941</speed_mps>
          <speed_mph>20.0</speed_mph>
        </extensions>
      </trkpt>
      <trkpt lat="52.02546" lon="1.228">
        <ele>0</ele>
        <time>2026-06-26T08:00:36.636Z</time>
        <name>33</name>
        <extensions>
          <speed_mps>8.941</speed_mps>
          <speed_mph>20.0</speed_mph>
        </extensions>
      </trkpt>
      <trkpt lat="52.02545" lon="1.22801">
        <ele>0</ele>
        <time>2026-06-26T08:00:36.782Z</time>
        <name>34</name>
        <extensions>
          <speed_mps>8.941</speed_mps>
          <speed_mph>20.0</speed_mph>
        </extensions>
      </trkpt>
      <trkpt lat="52.02541" lon="1.22801">
        <ele>0</ele>
        <time>2026-06-26T08:00:37.279Z</time>
        <name>35</name>
        <extensions>
          <speed_mps>8.941</speed_mps>
          <speed_mph>20.0</speed_mph>
        </extensions>
      </trkpt>
      <trkpt lat="52.0254" lon="1.228">
        <ele>0</ele>
        <time>2026-06-26T08:00:37.425Z</time>
        <name>36</name>
        <extensions>
          <speed_mps>8.941</speed_mps>
          <speed_mph>20.0</speed_mph>
        </extensions>
      </trkpt>
      <trkpt lat="52.02539" lon="1.228">
        <ele>0</ele>
        <time>2026-06-26T08:00:37.550Z</time>
        <name>37</name>
        <extensions>
          <speed_mps>8.941</speed_mps>
          <speed_mph>20.0</speed_mph>
        </extensions>
      </trkpt>
      <trkpt lat="52.02535" lon="1.22796">
        <ele>0</ele>
        <time>2026-06-26T08:00:38.134Z</time>
        <name>38</name>
        <extensions>
          <speed_mps>8.941</speed_mps>
          <speed_mph>20.0</speed_mph>
        </extensions>
      </trkpt>
      <trkpt lat="52.02535" lon="1.22795">
        <ele>0</ele>
        <time>2026-06-26T08:00:38.210Z</time>
        <name>39</name>
        <extensions>
          <speed_mps>8.941</speed_mps>
          <speed_mph>20.0</speed_mph>
        </extensions>
      </trkpt>
      <trkpt lat="52.02533" lon="1.22793">
        <ele>0</ele>
        <time>2026-06-26T08:00:38.502Z</time>
        <name>40</name>
        <extensions>
          <speed_mps>8.941</speed_mps>
          <speed_mph>20.0</speed_mph>
        </extensions>
      </trkpt>
      <trkpt lat="52.02533" lon="1.22791">
        <ele>0</ele>
        <time>2026-06-26T08:00:38.655Z</time>
        <name>41</name>
        <extensions>
          <speed_mps>8.941</speed_mps>
          <speed_mph>20.0</speed_mph>
        </extensions>
      </trkpt>
      <trkpt lat="52.02532" lon="1.2279">
        <ele>0</ele>
        <time>2026-06-26T08:00:38.802Z</time>
        <name>42</name>
        <extensions>
          <speed_mps>8.941</speed_mps>
          <speed_mph>20.0</speed_mph>
        </extensions>
      </trkpt>
      <trkpt lat="52.02532" lon="1.22787">
        <ele>0</ele>
        <time>2026-06-26T08:00:39.031Z</time>
        <name>43</name>
        <extensions>
          <speed_mps>8.941</speed_mps>
          <speed_mph>20.0</speed_mph>
        </extensions>
      </trkpt>
      <trkpt lat="52.02531" lon="1.22786">
        <ele>0</ele>
        <time>2026-06-26T08:00:39.177Z</time>
        <name>44</name>
        <extensions>
          <speed_mps>8.941</speed_mps>
          <speed_mph>20.0</speed_mph>
        </extensions>
      </trkpt>
      <trkpt lat="52.02531" lon="1.22777">
        <ele>0</ele>
        <time>2026-06-26T08:00:39.866Z</time>
        <name>45</name>
        <extensions>
          <speed_mps>8.941</speed_mps>
          <speed_mph>20.0</speed_mph>
        </extensions>
      </trkpt>
      <trkpt lat="52.02532" lon="1.22776">
        <ele>0</ele>
        <time>2026-06-26T08:00:40.012Z</time>
        <name>46</name>
        <extensions>
          <speed_mps>8.941</speed_mps>
          <speed_mph>20.0</speed_mph>
        </extensions>
      </trkpt>
      <trkpt lat="52.02532" lon="1.22773">
        <ele>0</ele>
        <time>2026-06-26T08:00:40.241Z</time>
        <name>47</name>
        <extensions>
          <speed_mps>8.941</speed_mps>
          <speed_mph>20.0</speed_mph>
        </extensions>
      </trkpt>
      <trkpt lat="52.02533" lon="1.22772">
        <ele>0</ele>
        <time>2026-06-26T08:00:40.387Z</time>
        <name>48</name>
        <extensions>
          <speed_mps>8.941</speed_mps>
          <speed_mph>20.0</speed_mph>
        </extensions>
      </trkpt>
      <trkpt lat="52.02533" lon="1.2277">
        <ele>0</ele>
        <time>2026-06-26T08:00:40.541Z</time>
        <name>49</name>
        <extensions>
          <speed_mps>8.941</speed_mps>
          <speed_mph>20.0</speed_mph>
        </extensions>
      </trkpt>
      <trkpt lat="52.02534" lon="1.22769">
        <ele>0</ele>
        <time>2026-06-26T08:00:40.687Z</time>
        <name>50</name>
        <extensions>
          <speed_mps>8.941</speed_mps>
          <speed_mph>20.0</speed_mph>
        </extensions>
      </trkpt>
      <trkpt lat="52.02516" lon="1.22733">
        <ele>0</ele>
        <time>2026-06-26T08:00:44.236Z</time>
        <name>51</name>
        <extensions>
          <speed_mps>8.941</speed_mps>
          <speed_mph>20.0</speed_mph>
        </extensions>
      </trkpt>
      <trkpt lat="52.02513" lon="1.22728">
        <ele>0</ele>
        <time>2026-06-26T08:00:44.771Z</time>
        <name>52</name>
        <extensions>
          <speed_mps>8.941</speed_mps>
          <speed_mph>20.0</speed_mph>
        </extensions>
      </trkpt>
      <trkpt lat="52.025" lon="1.227">
        <ele>0</ele>
        <time>2026-06-26T08:00:47.455Z</time>
        <name>53</name>
        <extensions>
          <speed_mps>8.941</speed_mps>
          <speed_mph>20.0</speed_mph>
        </extensions>
      </trkpt>
      <trkpt lat="52.02495" lon="1.22699">
        <ele>0</ele>
        <time>2026-06-26T08:00:48.082Z</time>
        <name>54</name>
        <extensions>
          <speed_mps>8.941</speed_mps>
          <speed_mph>20.0</speed_mph>
        </extensions>
      </trkpt>
      <trkpt lat="52.02482" lon="1.22692">
        <ele>0</ele>
        <time>2026-06-26T08:00:49.785Z</time>
        <name>55</name>
        <extensions>
          <speed_mps>8.941</speed_mps>
          <speed_mph>20.0</speed_mph>
        </extensions>
      </trkpt>
      <trkpt lat="52.02472" lon="1.22694">
        <ele>0</ele>
        <time>2026-06-26T08:00:51.038Z</time>
        <name>56</name>
        <extensions>
          <speed_mps>8.941</speed_mps>
          <speed_mph>20.0</speed_mph>
        </extensions>
      </trkpt>
      <trkpt lat="52.02467" lon="1.22697">
        <ele>0</ele>
        <time>2026-06-26T08:00:51.701Z</time>
        <name>57</name>
        <extensions>
          <speed_mps>8.941</speed_mps>
          <speed_mph>20.0</speed_mph>
        </extensions>
      </trkpt>
      <trkpt lat="52.02462" lon="1.22701">
        <ele>0</ele>
        <time>2026-06-26T08:00:52.394Z</time>
        <name>58</name>
        <extensions>
          <speed_mps>8.941</speed_mps>
          <speed_mph>20.0</speed_mph>
        </extensions>
      </trkpt>
      <trkpt lat="52.02455" lon="1.2271">
        <ele>0</ele>
        <time>2026-06-26T08:00:53.504Z</time>
        <name>59</name>
        <extensions>
          <speed_mps>8.941</speed_mps>
          <speed_mph>20.0</speed_mph>
        </extensions>
      </trkpt>
      <trkpt lat="52.02444" lon="1.22727">
        <ele>0</ele>
        <time>2026-06-26T08:00:55.392Z</time>
        <name>60</name>
        <extensions>
          <speed_mps>8.941</speed_mps>
          <speed_mph>20.0</speed_mph>
        </extensions>
      </trkpt>
      <trkpt lat="52.02431" lon="1.22801">
        <ele>0</ele>
        <time>2026-06-26T08:01:01.281Z</time>
        <name>61</name>
        <extensions>
          <speed_mps>8.941</speed_mps>
          <speed_mph>20.0</speed_mph>
        </extensions>
      </trkpt>
      <trkpt lat="52.02422" lon="1.22878">
        <ele>0</ele>
        <time>2026-06-26T08:01:07.279Z</time>
        <name>62</name>
        <extensions>
          <speed_mps>8.941</speed_mps>
          <speed_mph>20.0</speed_mph>
        </extensions>
      </trkpt>
      <trkpt lat="52.02415" lon="1.22974">
        <ele>0</ele>
        <time>2026-06-26T08:01:14.677Z</time>
        <name>63</name>
        <extensions>
          <speed_mps>8.941</speed_mps>
          <speed_mph>20.0</speed_mph>
        </extensions>
      </trkpt>
      <trkpt lat="52.02414" lon="1.23055">
        <ele>0</ele>
        <time>2026-06-26T08:01:20.877Z</time>
        <name>64</name>
        <extensions>
          <speed_mps>8.941</speed_mps>
          <speed_mph>20.0</speed_mph>
        </extensions>
      </trkpt>
      <trkpt lat="52.02417" lon="1.23126">
        <ele>0</ele>
        <time>2026-06-26T08:01:26.323Z</time>
        <name>65</name>
        <extensions>
          <speed_mps>8.941</speed_mps>
          <speed_mph>20.0</speed_mph>
        </extensions>
      </trkpt>
      <trkpt lat="52.02422" lon="1.23189">
        <ele>0</ele>
        <time>2026-06-26T08:01:31.184Z</time>
        <name>66</name>
        <extensions>
          <speed_mps>8.941</speed_mps>
          <speed_mph>20.0</speed_mph>
        </extensions>
      </trkpt>
      <trkpt lat="52.02437" lon="1.23294">
        <ele>0</ele>
        <time>2026-06-26T08:01:39.433Z</time>
        <name>67</name>
        <extensions>
          <speed_mps>8.941</speed_mps>
          <speed_mph>20.0</speed_mph>
        </extensions>
      </trkpt>
      <trkpt lat="52.02442" lon="1.2332">
        <ele>0</ele>
        <time>2026-06-26T08:01:41.518Z</time>
        <name>68</name>
        <extensions>
          <speed_mps>8.941</speed_mps>
          <speed_mph>20.0</speed_mph>
        </extensions>
      </trkpt>
      <trkpt lat="52.02461" lon="1.23403">
        <ele>0</ele>
        <time>2026-06-26T08:01:48.295Z</time>
        <name>69</name>
        <extensions>
          <speed_mps>8.941</speed_mps>
          <speed_mph>20.0</speed_mph>
        </extensions>
      </trkpt>
      <trkpt lat="52.02466" lon="1.23419">
        <ele>0</ele>
        <time>2026-06-26T08:01:49.668Z</time>
        <name>70</name>
        <extensions>
          <speed_mps>8.941</speed_mps>
          <speed_mph>20.0</speed_mph>
        </extensions>
      </trkpt>
      <trkpt lat="52.02471" lon="1.23439">
        <ele>0</ele>
        <time>2026-06-26T08:01:51.320Z</time>
        <name>71</name>
        <extensions>
          <speed_mps>8.941</speed_mps>
          <speed_mph>20.0</speed_mph>
        </extensions>
      </trkpt>
      <trkpt lat="52.02496" lon="1.23516">
        <ele>0</ele>
        <time>2026-06-26T08:01:57.983Z</time>
        <name>72</name>
        <extensions>
          <speed_mps>8.941</speed_mps>
          <speed_mph>20.0</speed_mph>
        </extensions>
      </trkpt>
      <trkpt lat="52.02496" lon="1.23517">
        <ele>0</ele>
        <time>2026-06-26T08:01:58.059Z</time>
        <name>73</name>
        <extensions>
          <speed_mps>8.941</speed_mps>
          <speed_mph>20.0</speed_mph>
        </extensions>
      </trkpt>
      <trkpt lat="52.02532" lon="1.23618">
        <ele>0</ele>
        <time>2026-06-26T08:02:06.991Z</time>
        <name>74</name>
        <extensions>
          <speed_mps>8.941</speed_mps>
          <speed_mph>20.0</speed_mph>
        </extensions>
      </trkpt>
      <trkpt lat="52.02534" lon="1.23625">
        <ele>0</ele>
        <time>2026-06-26T08:02:07.582Z</time>
        <name>75</name>
        <extensions>
          <speed_mps>8.941</speed_mps>
          <speed_mph>20.0</speed_mph>
        </extensions>
      </trkpt>
      <trkpt lat="52.02691" lon="1.24055">
        <ele>0</ele>
        <time>2026-06-26T08:02:45.845Z</time>
        <name>76</name>
        <extensions>
          <speed_mps>8.941</speed_mps>
          <speed_mph>20.0</speed_mph>
        </extensions>
      </trkpt>
      <trkpt lat="52.02733" lon="1.24178">
        <ele>0</ele>
        <time>2026-06-26T08:02:56.609Z</time>
        <name>77</name>
        <extensions>
          <speed_mps>8.941</speed_mps>
          <speed_mph>20.0</speed_mph>
        </extensions>
      </trkpt>
      <trkpt lat="52.02759" lon="1.2427">
        <ele>0</ele>
        <time>2026-06-26T08:03:04.356Z</time>
        <name>78</name>
        <extensions>
          <speed_mps>8.941</speed_mps>
          <speed_mph>20.0</speed_mph>
        </extensions>
      </trkpt>
      <trkpt lat="52.0276" lon="1.24276">
        <ele>0</ele>
        <time>2026-06-26T08:03:04.832Z</time>
        <name>79</name>
        <extensions>
          <speed_mps>8.941</speed_mps>
          <speed_mph>20.0</speed_mph>
        </extensions>
      </trkpt>
      <trkpt lat="52.02768" lon="1.24309">
        <ele>0</ele>
        <time>2026-06-26T08:03:07.546Z</time>
        <name>80</name>
        <extensions>
          <speed_mps>8.941</speed_mps>
          <speed_mph>20.0</speed_mph>
        </extensions>
      </trkpt>
      <trkpt lat="52.02774" lon="1.24339">
        <ele>0</ele>
        <time>2026-06-26T08:03:09.960Z</time>
        <name>81</name>
        <extensions>
          <speed_mps>8.941</speed_mps>
          <speed_mph>20.0</speed_mph>
        </extensions>
      </trkpt>
      <trkpt lat="52.02786" lon="1.24414">
        <ele>0</ele>
        <time>2026-06-26T08:03:15.890Z</time>
        <name>82</name>
        <extensions>
          <speed_mps>8.941</speed_mps>
          <speed_mph>20.0</speed_mph>
        </extensions>
      </trkpt>
      <trkpt lat="52.02799" lon="1.24537">
        <ele>0</ele>
        <time>2026-06-26T08:03:25.440Z</time>
        <name>83</name>
        <extensions>
          <speed_mps>8.941</speed_mps>
          <speed_mph>20.0</speed_mph>
        </extensions>
      </trkpt>
      <trkpt lat="52.02801" lon="1.24642">
        <ele>0</ele>
        <time>2026-06-26T08:03:33.478Z</time>
        <name>84</name>
        <extensions>
          <speed_mps>8.941</speed_mps>
          <speed_mph>20.0</speed_mph>
        </extensions>
      </trkpt>
      <trkpt lat="52.02796" lon="1.24753">
        <ele>0</ele>
        <time>2026-06-26T08:03:41.995Z</time>
        <name>85</name>
        <extensions>
          <speed_mps>8.941</speed_mps>
          <speed_mph>20.0</speed_mph>
        </extensions>
      </trkpt>
      <trkpt lat="52.02789" lon="1.24833">
        <ele>0</ele>
        <time>2026-06-26T08:03:48.178Z</time>
        <name>86</name>
        <extensions>
          <speed_mps>8.941</speed_mps>
          <speed_mph>20.0</speed_mph>
        </extensions>
      </trkpt>
      <trkpt lat="52.02781" lon="1.24898">
        <ele>0</ele>
        <time>2026-06-26T08:03:53.250Z</time>
        <name>87</name>
        <extensions>
          <speed_mps>8.941</speed_mps>
          <speed_mph>20.0</speed_mph>
        </extensions>
      </trkpt>
      <trkpt lat="52.02782" lon="1.24934">
        <ele>0</ele>
        <time>2026-06-26T08:03:56.008Z</time>
        <name>88</name>
        <extensions>
          <speed_mps>8.941</speed_mps>
          <speed_mph>20.0</speed_mph>
        </extensions>
      </trkpt>
      <trkpt lat="52.02762" lon="1.25053">
        <ele>0</ele>
        <time>2026-06-26T08:04:05.448Z</time>
        <name>89</name>
        <extensions>
          <speed_mps>8.941</speed_mps>
          <speed_mph>20.0</speed_mph>
        </extensions>
      </trkpt>
      <trkpt lat="52.02759" lon="1.25067">
        <ele>0</ele>
        <time>2026-06-26T08:04:06.582Z</time>
        <name>90</name>
        <extensions>
          <speed_mps>8.941</speed_mps>
          <speed_mph>20.0</speed_mph>
        </extensions>
      </trkpt>
      <trkpt lat="52.02759" lon="1.25068">
        <ele>0</ele>
        <time>2026-06-26T08:04:06.658Z</time>
        <name>91</name>
        <extensions>
          <speed_mps>8.941</speed_mps>
          <speed_mph>20.0</speed_mph>
        </extensions>
      </trkpt>
      <trkpt lat="52.02748" lon="1.25122">
        <ele>0</ele>
        <time>2026-06-26T08:04:11.011Z</time>
        <name>92</name>
        <extensions>
          <speed_mps>8.941</speed_mps>
          <speed_mph>20.0</speed_mph>
        </extensions>
      </trkpt>
      <trkpt lat="52.02748" lon="1.25123">
        <ele>0</ele>
        <time>2026-06-26T08:04:11.088Z</time>
        <name>93</name>
        <extensions>
          <speed_mps>8.941</speed_mps>
          <speed_mph>20.0</speed_mph>
        </extensions>
      </trkpt>
      <trkpt lat="52.02712" lon="1.25301">
        <ele>0</ele>
        <time>2026-06-26T08:04:25.426Z</time>
        <name>94</name>
        <extensions>
          <speed_mps>8.941</speed_mps>
          <speed_mph>20.0</speed_mph>
        </extensions>
      </trkpt>
      <trkpt lat="52.02712" lon="1.25304">
        <ele>0</ele>
        <time>2026-06-26T08:04:25.655Z</time>
        <name>95</name>
        <extensions>
          <speed_mps>8.941</speed_mps>
          <speed_mph>20.0</speed_mph>
        </extensions>
      </trkpt>
      <trkpt lat="52.02699" lon="1.25357">
        <ele>0</ele>
        <time>2026-06-26T08:04:30.021Z</time>
        <name>96</name>
        <extensions>
          <speed_mps>8.941</speed_mps>
          <speed_mph>20.0</speed_mph>
        </extensions>
      </trkpt>
      <trkpt lat="52.0268" lon="1.25446">
        <ele>0</ele>
        <time>2026-06-26T08:04:37.230Z</time>
        <name>97</name>
        <extensions>
          <speed_mps>8.941</speed_mps>
          <speed_mph>20.0</speed_mph>
        </extensions>
      </trkpt>
      <trkpt lat="52.0268" lon="1.25451">
        <ele>0</ele>
        <time>2026-06-26T08:04:37.613Z</time>
        <name>98</name>
        <extensions>
          <speed_mps>8.941</speed_mps>
          <speed_mph>20.0</speed_mph>
        </extensions>
      </trkpt>
      <trkpt lat="52.02681" lon="1.25455">
        <ele>0</ele>
        <time>2026-06-26T08:04:37.943Z</time>
        <name>99</name>
        <extensions>
          <speed_mps>8.941</speed_mps>
          <speed_mph>20.0</speed_mph>
        </extensions>
      </trkpt>
      <trkpt lat="52.02681" lon="1.2546">
        <ele>0</ele>
        <time>2026-06-26T08:04:38.326Z</time>
        <name>100</name>
        <extensions>
          <speed_mps>8.941</speed_mps>
          <speed_mph>20.0</speed_mph>
        </extensions>
      </trkpt>
      <trkpt lat="52.02685" lon="1.2547">
        <ele>0</ele>
        <time>2026-06-26T08:04:39.238Z</time>
        <name>101</name>
        <extensions>
          <speed_mps>8.941</speed_mps>
          <speed_mph>20.0</speed_mph>
        </extensions>
      </trkpt>
      <trkpt lat="52.02688" lon="1.2548">
        <ele>0</ele>
        <time>2026-06-26T08:04:40.090Z</time>
        <name>102</name>
        <extensions>
          <speed_mps>8.941</speed_mps>
          <speed_mph>20.0</speed_mph>
        </extensions>
      </trkpt>
      <trkpt lat="52.02692" lon="1.25504">
        <ele>0</ele>
        <time>2026-06-26T08:04:41.992Z</time>
        <name>103</name>
        <extensions>
          <speed_mps>8.941</speed_mps>
          <speed_mph>20.0</speed_mph>
        </extensions>
      </trkpt>
      <trkpt lat="52.02694" lon="1.25512">
        <ele>0</ele>
        <time>2026-06-26T08:04:42.653Z</time>
        <name>104</name>
        <extensions>
          <speed_mps>8.941</speed_mps>
          <speed_mph>20.0</speed_mph>
        </extensions>
      </trkpt>
      <trkpt lat="52.02702" lon="1.25534">
        <ele>0</ele>
        <time>2026-06-26T08:04:44.609Z</time>
        <name>105</name>
        <extensions>
          <speed_mps>8.941</speed_mps>
          <speed_mph>20.0</speed_mph>
        </extensions>
      </trkpt>
      <trkpt lat="52.02702" lon="1.25535">
        <ele>0</ele>
        <time>2026-06-26T08:04:44.685Z</time>
        <name>106</name>
        <extensions>
          <speed_mps>8.941</speed_mps>
          <speed_mph>20.0</speed_mph>
        </extensions>
      </trkpt>
      <trkpt lat="52.02707" lon="1.25544">
        <ele>0</ele>
        <time>2026-06-26T08:04:45.613Z</time>
        <name>107</name>
        <extensions>
          <speed_mps>8.941</speed_mps>
          <speed_mph>20.0</speed_mph>
        </extensions>
      </trkpt>
      <trkpt lat="52.0271" lon="1.25551">
        <ele>0</ele>
        <time>2026-06-26T08:04:46.266Z</time>
        <name>108</name>
        <extensions>
          <speed_mps>8.941</speed_mps>
          <speed_mph>20.0</speed_mph>
        </extensions>
      </trkpt>
      <trkpt lat="52.02715" lon="1.25559">
        <ele>0</ele>
        <time>2026-06-26T08:04:47.139Z</time>
        <name>109</name>
        <extensions>
          <speed_mps>8.941</speed_mps>
          <speed_mph>20.0</speed_mph>
        </extensions>
      </trkpt>
      <trkpt lat="52.02726" lon="1.25574">
        <ele>0</ele>
        <time>2026-06-26T08:04:48.924Z</time>
        <name>110</name>
        <extensions>
          <speed_mps>8.941</speed_mps>
          <speed_mph>20.0</speed_mph>
        </extensions>
      </trkpt>
      <trkpt lat="52.02732" lon="1.2558">
        <ele>0</ele>
        <time>2026-06-26T08:04:49.800Z</time>
        <name>111</name>
        <extensions>
          <speed_mps>8.941</speed_mps>
          <speed_mph>20.0</speed_mph>
        </extensions>
      </trkpt>
      <trkpt lat="52.02732" lon="1.25581">
        <ele>0</ele>
        <time>2026-06-26T08:04:49.877Z</time>
        <name>112</name>
        <extensions>
          <speed_mps>8.941</speed_mps>
          <speed_mph>20.0</speed_mph>
        </extensions>
      </trkpt>
      <trkpt lat="52.02759" lon="1.256">
        <ele>0</ele>
        <time>2026-06-26T08:04:53.536Z</time>
        <name>113</name>
        <extensions>
          <speed_mps>8.941</speed_mps>
          <speed_mph>20.0</speed_mph>
        </extensions>
      </trkpt>
      <trkpt lat="52.02763" lon="1.25604">
        <ele>0</ele>
        <time>2026-06-26T08:04:54.120Z</time>
        <name>114</name>
        <extensions>
          <speed_mps>8.941</speed_mps>
          <speed_mph>20.0</speed_mph>
        </extensions>
      </trkpt>
      <trkpt lat="52.02819" lon="1.25646">
        <ele>0</ele>
        <time>2026-06-26T08:05:01.791Z</time>
        <name>115</name>
        <extensions>
          <speed_mps>8.941</speed_mps>
          <speed_mph>20.0</speed_mph>
        </extensions>
      </trkpt>
      <trkpt lat="52.0286" lon="1.25673">
        <ele>0</ele>
        <time>2026-06-26T08:05:07.292Z</time>
        <name>116</name>
        <extensions>
          <speed_mps>8.941</speed_mps>
          <speed_mph>20.0</speed_mph>
        </extensions>
      </trkpt>
      <trkpt lat="52.02879" lon="1.25683">
        <ele>0</ele>
        <time>2026-06-26T08:05:09.776Z</time>
        <name>117</name>
        <extensions>
          <speed_mps>8.941</speed_mps>
          <speed_mph>20.0</speed_mph>
        </extensions>
      </trkpt>
      <trkpt lat="52.02897" lon="1.25694">
        <ele>0</ele>
        <time>2026-06-26T08:05:12.168Z</time>
        <name>118</name>
        <extensions>
          <speed_mps>8.941</speed_mps>
          <speed_mph>20.0</speed_mph>
        </extensions>
      </trkpt>
      <trkpt lat="52.02968" lon="1.25727">
        <ele>0</ele>
        <time>2026-06-26T08:05:21.352Z</time>
        <name>119</name>
        <extensions>
          <speed_mps>8.941</speed_mps>
          <speed_mph>20.0</speed_mph>
        </extensions>
      </trkpt>
      <trkpt lat="52.03006" lon="1.2574">
        <ele>0</ele>
        <time>2026-06-26T08:05:26.181Z</time>
        <name>120</name>
        <extensions>
          <speed_mps>8.941</speed_mps>
          <speed_mph>20.0</speed_mph>
        </extensions>
      </trkpt>
      <trkpt lat="52.03066" lon="1.25756">
        <ele>0</ele>
        <time>2026-06-26T08:05:33.743Z</time>
        <name>121</name>
        <extensions>
          <speed_mps>8.941</speed_mps>
          <speed_mph>20.0</speed_mph>
        </extensions>
      </trkpt>
      <trkpt lat="52.03133" lon="1.25767">
        <ele>0</ele>
        <time>2026-06-26T08:05:42.118Z</time>
        <name>122</name>
        <extensions>
          <speed_mps>8.941</speed_mps>
          <speed_mph>20.0</speed_mph>
        </extensions>
      </trkpt>
      <trkpt lat="52.0323" lon="1.25778">
        <ele>0</ele>
        <time>2026-06-26T08:05:54.211Z</time>
        <name>123</name>
        <extensions>
          <speed_mps>8.941</speed_mps>
          <speed_mph>20.0</speed_mph>
        </extensions>
      </trkpt>
      <trkpt lat="52.03304" lon="1.2579">
        <ele>0</ele>
        <time>2026-06-26T08:06:03.460Z</time>
        <name>124</name>
        <extensions>
          <speed_mps>8.941</speed_mps>
          <speed_mph>20.0</speed_mph>
        </extensions>
      </trkpt>
      <trkpt lat="52.03335" lon="1.25798">
        <ele>0</ele>
        <time>2026-06-26T08:06:07.364Z</time>
        <name>125</name>
        <extensions>
          <speed_mps>8.941</speed_mps>
          <speed_mph>20.0</speed_mph>
        </extensions>
      </trkpt>
      <trkpt lat="52.03358" lon="1.25805">
        <ele>0</ele>
        <time>2026-06-26T08:06:10.274Z</time>
        <name>126</name>
        <extensions>
          <speed_mps>8.941</speed_mps>
          <speed_mph>20.0</speed_mph>
        </extensions>
      </trkpt>
      <trkpt lat="52.03421" lon="1.25828">
        <ele>0</ele>
        <time>2026-06-26T08:06:18.305Z</time>
        <name>127</name>
        <extensions>
          <speed_mps>8.941</speed_mps>
          <speed_mph>20.0</speed_mph>
        </extensions>
      </trkpt>
      <trkpt lat="52.03483" lon="1.25857">
        <ele>0</ele>
        <time>2026-06-26T08:06:26.328Z</time>
        <name>128</name>
        <extensions>
          <speed_mps>8.941</speed_mps>
          <speed_mph>20.0</speed_mph>
        </extensions>
      </trkpt>
      <trkpt lat="52.03589" lon="1.25918">
        <ele>0</ele>
        <time>2026-06-26T08:06:40.313Z</time>
        <name>129</name>
        <extensions>
          <speed_mps>8.941</speed_mps>
          <speed_mph>20.0</speed_mph>
        </extensions>
      </trkpt>
      <trkpt lat="52.0359" lon="1.25919">
        <ele>0</ele>
        <time>2026-06-26T08:06:40.459Z</time>
        <name>130</name>
        <extensions>
          <speed_mps>8.941</speed_mps>
          <speed_mph>20.0</speed_mph>
        </extensions>
      </trkpt>
      <trkpt lat="52.03605" lon="1.25929">
        <ele>0</ele>
        <time>2026-06-26T08:06:42.475Z</time>
        <name>131</name>
        <extensions>
          <speed_mps>8.941</speed_mps>
          <speed_mph>20.0</speed_mph>
        </extensions>
      </trkpt>
      <trkpt lat="52.03619" lon="1.25937">
        <ele>0</ele>
        <time>2026-06-26T08:06:44.321Z</time>
        <name>132</name>
        <extensions>
          <speed_mps>8.941</speed_mps>
          <speed_mph>20.0</speed_mph>
        </extensions>
      </trkpt>
      <trkpt lat="52.03679" lon="1.25976">
        <ele>0</ele>
        <time>2026-06-26T08:06:52.357Z</time>
        <name>133</name>
        <extensions>
          <speed_mps>8.941</speed_mps>
          <speed_mph>20.0</speed_mph>
        </extensions>
      </trkpt>
      <trkpt lat="52.03746" lon="1.26023">
        <ele>0</ele>
        <time>2026-06-26T08:07:01.433Z</time>
        <name>134</name>
        <extensions>
          <speed_mps>8.941</speed_mps>
          <speed_mph>20.0</speed_mph>
        </extensions>
      </trkpt>
      <trkpt lat="52.03787" lon="1.26054">
        <ele>0</ele>
        <time>2026-06-26T08:07:07.056Z</time>
        <name>135</name>
        <extensions>
          <speed_mps>8.941</speed_mps>
          <speed_mph>20.0</speed_mph>
        </extensions>
      </trkpt>
      <trkpt lat="52.03789" lon="1.26056">
        <ele>0</ele>
        <time>2026-06-26T08:07:07.348Z</time>
        <name>136</name>
        <extensions>
          <speed_mps>8.941</speed_mps>
          <speed_mph>20.0</speed_mph>
        </extensions>
      </trkpt>
      <trkpt lat="52.03809" lon="1.26071">
        <ele>0</ele>
        <time>2026-06-26T08:07:10.088Z</time>
        <name>137</name>
        <extensions>
          <speed_mps>8.941</speed_mps>
          <speed_mph>20.0</speed_mph>
        </extensions>
      </trkpt>
      <trkpt lat="52.03861" lon="1.26113">
        <ele>0</ele>
        <time>2026-06-26T08:07:17.309Z</time>
        <name>138</name>
        <extensions>
          <speed_mps>8.941</speed_mps>
          <speed_mph>20.0</speed_mph>
        </extensions>
      </trkpt>
      <trkpt lat="52.03873" lon="1.26124">
        <ele>0</ele>
        <time>2026-06-26T08:07:19.022Z</time>
        <name>139</name>
        <extensions>
          <speed_mps>8.941</speed_mps>
          <speed_mph>20.0</speed_mph>
        </extensions>
      </trkpt>
      <trkpt lat="52.03882" lon="1.26131">
        <ele>0</ele>
        <time>2026-06-26T08:07:20.263Z</time>
        <name>140</name>
        <extensions>
          <speed_mps>8.941</speed_mps>
          <speed_mph>20.0</speed_mph>
        </extensions>
      </trkpt>
      <trkpt lat="52.03884" lon="1.26132">
        <ele>0</ele>
        <time>2026-06-26T08:07:20.523Z</time>
        <name>141</name>
        <extensions>
          <speed_mps>8.941</speed_mps>
          <speed_mph>20.0</speed_mph>
        </extensions>
      </trkpt>
      <trkpt lat="52.03959" lon="1.26203">
        <ele>0</ele>
        <time>2026-06-26T08:07:31.317Z</time>
        <name>142</name>
        <extensions>
          <speed_mps>8.941</speed_mps>
          <speed_mph>20.0</speed_mph>
        </extensions>
      </trkpt>
      <trkpt lat="52.03971" lon="1.26216">
        <ele>0</ele>
        <time>2026-06-26T08:07:33.111Z</time>
        <name>143</name>
        <extensions>
          <speed_mps>8.941</speed_mps>
          <speed_mph>20.0</speed_mph>
        </extensions>
      </trkpt>
      <trkpt lat="52.03977" lon="1.26221">
        <ele>0</ele>
        <time>2026-06-26T08:07:33.949Z</time>
        <name>144</name>
        <extensions>
          <speed_mps>8.941</speed_mps>
          <speed_mph>20.0</speed_mph>
        </extensions>
      </trkpt>
      <trkpt lat="52.03982" lon="1.26227">
        <ele>0</ele>
        <time>2026-06-26T08:07:34.722Z</time>
        <name>145</name>
        <extensions>
          <speed_mps>8.941</speed_mps>
          <speed_mph>20.0</speed_mph>
        </extensions>
      </trkpt>
      <trkpt lat="52.03986" lon="1.2623">
        <ele>0</ele>
        <time>2026-06-26T08:07:35.270Z</time>
        <name>146</name>
        <extensions>
          <speed_mps>8.941</speed_mps>
          <speed_mph>20.0</speed_mph>
        </extensions>
      </trkpt>
      <trkpt lat="52.03992" lon="1.26237">
        <ele>0</ele>
        <time>2026-06-26T08:07:36.188Z</time>
        <name>147</name>
        <extensions>
          <speed_mps>8.941</speed_mps>
          <speed_mph>20.0</speed_mph>
        </extensions>
      </trkpt>
      <trkpt lat="52.04013" lon="1.26258">
        <ele>0</ele>
        <time>2026-06-26T08:07:39.255Z</time>
        <name>148</name>
        <extensions>
          <speed_mps>8.941</speed_mps>
          <speed_mph>20.0</speed_mph>
        </extensions>
      </trkpt>
      <trkpt lat="52.04082" lon="1.26332">
        <ele>0</ele>
        <time>2026-06-26T08:07:49.535Z</time>
        <name>149</name>
        <extensions>
          <speed_mps>8.941</speed_mps>
          <speed_mph>20.0</speed_mph>
        </extensions>
      </trkpt>
      <trkpt lat="52.04102" lon="1.26355">
        <ele>0</ele>
        <time>2026-06-26T08:07:52.582Z</time>
        <name>150</name>
        <extensions>
          <speed_mps>8.941</speed_mps>
          <speed_mph>20.0</speed_mph>
        </extensions>
      </trkpt>
      <trkpt lat="52.04127" lon="1.26389">
        <ele>0</ele>
        <time>2026-06-26T08:07:56.636Z</time>
        <name>151</name>
        <extensions>
          <speed_mps>8.941</speed_mps>
          <speed_mph>20.0</speed_mph>
        </extensions>
      </trkpt>
      <trkpt lat="52.04136" lon="1.264">
        <ele>0</ele>
        <time>2026-06-26T08:07:58.036Z</time>
        <name>152</name>
        <extensions>
          <speed_mps>8.941</speed_mps>
          <speed_mph>20.0</speed_mph>
        </extensions>
      </trkpt>
      <trkpt lat="52.0418" lon="1.26466">
        <ele>0</ele>
        <time>2026-06-26T08:08:05.481Z</time>
        <name>153</name>
        <extensions>
          <speed_mps>8.941</speed_mps>
          <speed_mph>20.0</speed_mph>
        </extensions>
      </trkpt>
      <trkpt lat="52.04209" lon="1.26513">
        <ele>0</ele>
        <time>2026-06-26T08:08:10.574Z</time>
        <name>154</name>
        <extensions>
          <speed_mps>8.941</speed_mps>
          <speed_mph>20.0</speed_mph>
        </extensions>
      </trkpt>
      <trkpt lat="52.04213" lon="1.26521">
        <ele>0</ele>
        <time>2026-06-26T08:08:11.363Z</time>
        <name>155</name>
        <extensions>
          <speed_mps>8.941</speed_mps>
          <speed_mph>20.0</speed_mph>
        </extensions>
      </trkpt>
      <trkpt lat="52.04228" lon="1.26546">
        <ele>0</ele>
        <time>2026-06-26T08:08:14.034Z</time>
        <name>156</name>
        <extensions>
          <speed_mps>8.941</speed_mps>
          <speed_mph>20.0</speed_mph>
        </extensions>
      </trkpt>
      <trkpt lat="52.0423" lon="1.26548">
        <ele>0</ele>
        <time>2026-06-26T08:08:14.326Z</time>
        <name>157</name>
        <extensions>
          <speed_mps>8.941</speed_mps>
          <speed_mph>20.0</speed_mph>
        </extensions>
      </trkpt>
      <trkpt lat="52.04246" lon="1.26575">
        <ele>0</ele>
        <time>2026-06-26T08:08:17.194Z</time>
        <name>158</name>
        <extensions>
          <speed_mps>8.941</speed_mps>
          <speed_mph>20.0</speed_mph>
        </extensions>
      </trkpt>
      <trkpt lat="52.04247" lon="1.26576">
        <ele>0</ele>
        <time>2026-06-26T08:08:17.340Z</time>
        <name>159</name>
        <extensions>
          <speed_mps>8.941</speed_mps>
          <speed_mph>20.0</speed_mph>
        </extensions>
      </trkpt>
      <trkpt lat="52.04322" lon="1.26701">
        <ele>0</ele>
        <time>2026-06-26T08:08:30.698Z</time>
        <name>160</name>
        <extensions>
          <speed_mps>8.941</speed_mps>
          <speed_mph>20.0</speed_mph>
        </extensions>
      </trkpt>
      <trkpt lat="52.04325" lon="1.26707">
        <ele>0</ele>
        <time>2026-06-26T08:08:31.290Z</time>
        <name>161</name>
        <extensions>
          <speed_mps>8.941</speed_mps>
          <speed_mph>20.0</speed_mph>
        </extensions>
      </trkpt>
      <trkpt lat="52.04327" lon="1.26709">
        <ele>0</ele>
        <time>2026-06-26T08:08:31.582Z</time>
        <name>162</name>
        <extensions>
          <speed_mps>8.941</speed_mps>
          <speed_mph>20.0</speed_mph>
        </extensions>
      </trkpt>
      <trkpt lat="52.04445" lon="1.26905">
        <ele>0</ele>
        <time>2026-06-26T08:08:52.561Z</time>
        <name>163</name>
        <extensions>
          <speed_mps>8.941</speed_mps>
          <speed_mph>20.0</speed_mph>
        </extensions>
      </trkpt>
      <trkpt lat="52.04448" lon="1.26909">
        <ele>0</ele>
        <time>2026-06-26T08:08:53.044Z</time>
        <name>164</name>
        <extensions>
          <speed_mps>8.941</speed_mps>
          <speed_mph>20.0</speed_mph>
        </extensions>
      </trkpt>
      <trkpt lat="52.04492" lon="1.26983">
        <ele>0</ele>
        <time>2026-06-26T08:09:00.917Z</time>
        <name>165</name>
        <extensions>
          <speed_mps>8.941</speed_mps>
          <speed_mph>20.0</speed_mph>
        </extensions>
      </trkpt>
      <trkpt lat="52.04496" lon="1.26988">
        <ele>0</ele>
        <time>2026-06-26T08:09:01.545Z</time>
        <name>166</name>
        <extensions>
          <speed_mps>8.941</speed_mps>
          <speed_mph>20.0</speed_mph>
        </extensions>
      </trkpt>
      <trkpt lat="52.04506" lon="1.27006">
        <ele>0</ele>
        <time>2026-06-26T08:09:03.400Z</time>
        <name>167</name>
        <extensions>
          <speed_mps>8.941</speed_mps>
          <speed_mph>20.0</speed_mph>
        </extensions>
      </trkpt>
      <trkpt lat="52.04568" lon="1.27108">
        <ele>0</ele>
        <time>2026-06-26T08:09:14.369Z</time>
        <name>168</name>
        <extensions>
          <speed_mps>8.941</speed_mps>
          <speed_mph>20.0</speed_mph>
        </extensions>
      </trkpt>
      <trkpt lat="52.04568" lon="1.27109">
        <ele>0</ele>
        <time>2026-06-26T08:09:14.446Z</time>
        <name>169</name>
        <extensions>
          <speed_mps>8.941</speed_mps>
          <speed_mph>20.0</speed_mph>
        </extensions>
      </trkpt>
      <trkpt lat="52.04675" lon="1.27285">
        <ele>0</ele>
        <time>2026-06-26T08:09:33.375Z</time>
        <name>170</name>
        <extensions>
          <speed_mps>8.941</speed_mps>
          <speed_mph>20.0</speed_mph>
        </extensions>
      </trkpt>
      <trkpt lat="52.04681" lon="1.27296">
        <ele>0</ele>
        <time>2026-06-26T08:09:34.500Z</time>
        <name>171</name>
        <extensions>
          <speed_mps>8.941</speed_mps>
          <speed_mph>20.0</speed_mph>
        </extensions>
      </trkpt>
      <trkpt lat="52.04682" lon="1.27296">
        <ele>0</ele>
        <time>2026-06-26T08:09:34.624Z</time>
        <name>172</name>
        <extensions>
          <speed_mps>8.941</speed_mps>
          <speed_mph>20.0</speed_mph>
        </extensions>
      </trkpt>
      <trkpt lat="52.04687" lon="1.27306">
        <ele>0</ele>
        <time>2026-06-26T08:09:35.610Z</time>
        <name>173</name>
        <extensions>
          <speed_mps>8.941</speed_mps>
          <speed_mph>20.0</speed_mph>
        </extensions>
      </trkpt>
      <trkpt lat="52.04694" lon="1.27317">
        <ele>0</ele>
        <time>2026-06-26T08:09:36.821Z</time>
        <name>174</name>
        <extensions>
          <speed_mps>8.941</speed_mps>
          <speed_mph>20.0</speed_mph>
        </extensions>
      </trkpt>
      <trkpt lat="52.04695" lon="1.27318">
        <ele>0</ele>
        <time>2026-06-26T08:09:36.967Z</time>
        <name>175</name>
        <extensions>
          <speed_mps>8.941</speed_mps>
          <speed_mph>20.0</speed_mph>
        </extensions>
      </trkpt>
      <trkpt lat="52.04729" lon="1.27375">
        <ele>0</ele>
        <time>2026-06-26T08:09:43.040Z</time>
        <name>176</name>
        <extensions>
          <speed_mps>8.941</speed_mps>
          <speed_mph>20.0</speed_mph>
        </extensions>
      </trkpt>
      <trkpt lat="52.04771" lon="1.2744">
        <ele>0</ele>
        <time>2026-06-26T08:09:50.251Z</time>
        <name>177</name>
        <extensions>
          <speed_mps>8.941</speed_mps>
          <speed_mph>20.0</speed_mph>
        </extensions>
      </trkpt>
      <trkpt lat="52.04779" lon="1.27445">
        <ele>0</ele>
        <time>2026-06-26T08:09:51.317Z</time>
        <name>178</name>
        <extensions>
          <speed_mps>8.941</speed_mps>
          <speed_mph>20.0</speed_mph>
        </extensions>
      </trkpt>
      <trkpt lat="52.04789" lon="1.27448">
        <ele>0</ele>
        <time>2026-06-26T08:09:52.582Z</time>
        <name>179</name>
        <extensions>
          <speed_mps>8.941</speed_mps>
          <speed_mph>20.0</speed_mph>
        </extensions>
      </trkpt>
      <trkpt lat="52.0479" lon="1.27448">
        <ele>0</ele>
        <time>2026-06-26T08:09:52.706Z</time>
        <name>180</name>
        <extensions>
          <speed_mps>8.941</speed_mps>
          <speed_mph>20.0</speed_mph>
        </extensions>
      </trkpt>
      <trkpt lat="52.0479" lon="1.27447">
        <ele>0</ele>
        <time>2026-06-26T08:09:52.783Z</time>
        <name>181</name>
        <extensions>
          <speed_mps>8.941</speed_mps>
          <speed_mph>20.0</speed_mph>
        </extensions>
      </trkpt>
      <trkpt lat="52.04792" lon="1.27447">
        <ele>0</ele>
        <time>2026-06-26T08:09:53.032Z</time>
        <name>182</name>
        <extensions>
          <speed_mps>8.941</speed_mps>
          <speed_mph>20.0</speed_mph>
        </extensions>
      </trkpt>
      <trkpt lat="52.04793" lon="1.27446">
        <ele>0</ele>
        <time>2026-06-26T08:09:53.178Z</time>
        <name>183</name>
        <extensions>
          <speed_mps>8.941</speed_mps>
          <speed_mph>20.0</speed_mph>
        </extensions>
      </trkpt>
      <trkpt lat="52.04799" lon="1.27446">
        <ele>0</ele>
        <time>2026-06-26T08:09:53.924Z</time>
        <name>184</name>
        <extensions>
          <speed_mps>8.941</speed_mps>
          <speed_mph>20.0</speed_mph>
        </extensions>
      </trkpt>
      <trkpt lat="52.04805" lon="1.27448">
        <ele>0</ele>
        <time>2026-06-26T08:09:54.685Z</time>
        <name>185</name>
        <extensions>
          <speed_mps>8.941</speed_mps>
          <speed_mph>20.0</speed_mph>
        </extensions>
      </trkpt>
      <trkpt lat="52.04811" lon="1.27452">
        <ele>0</ele>
        <time>2026-06-26T08:09:55.492Z</time>
        <name>186</name>
        <extensions>
          <speed_mps>8.941</speed_mps>
          <speed_mph>20.0</speed_mph>
        </extensions>
      </trkpt>
      <trkpt lat="52.04818" lon="1.27462">
        <ele>0</ele>
        <time>2026-06-26T08:09:56.651Z</time>
        <name>187</name>
        <extensions>
          <speed_mps>8.941</speed_mps>
          <speed_mph>20.0</speed_mph>
        </extensions>
      </trkpt>
      <trkpt lat="52.04819" lon="1.27465">
        <ele>0</ele>
        <time>2026-06-26T08:09:56.912Z</time>
        <name>188</name>
        <extensions>
          <speed_mps>8.941</speed_mps>
          <speed_mph>20.0</speed_mph>
        </extensions>
      </trkpt>
      <trkpt lat="52.0482" lon="1.27467">
        <ele>0</ele>
        <time>2026-06-26T08:09:57.109Z</time>
        <name>189</name>
        <extensions>
          <speed_mps>8.941</speed_mps>
          <speed_mph>20.0</speed_mph>
        </extensions>
      </trkpt>
      <trkpt lat="52.04825" lon="1.27483">
        <ele>0</ele>
        <time>2026-06-26T08:09:58.482Z</time>
        <name>190</name>
        <extensions>
          <speed_mps>8.941</speed_mps>
          <speed_mph>20.0</speed_mph>
        </extensions>
      </trkpt>
      <trkpt lat="52.04833" lon="1.27499">
        <ele>0</ele>
        <time>2026-06-26T08:10:00.059Z</time>
        <name>191</name>
        <extensions>
          <speed_mps>8.941</speed_mps>
          <speed_mph>20.0</speed_mph>
        </extensions>
      </trkpt>
      <trkpt lat="52.04844" lon="1.27541">
        <ele>0</ele>
        <time>2026-06-26T08:10:03.550Z</time>
        <name>192</name>
        <extensions>
          <speed_mps>8.941</speed_mps>
          <speed_mph>20.0</speed_mph>
        </extensions>
      </trkpt>
      <trkpt lat="52.04847" lon="1.27547">
        <ele>0</ele>
        <time>2026-06-26T08:10:04.142Z</time>
        <name>193</name>
        <extensions>
          <speed_mps>8.941</speed_mps>
          <speed_mph>20.0</speed_mph>
        </extensions>
      </trkpt>
      <trkpt lat="52.04848" lon="1.27551">
        <ele>0</ele>
        <time>2026-06-26T08:10:04.472Z</time>
        <name>194</name>
        <extensions>
          <speed_mps>8.941</speed_mps>
          <speed_mph>20.0</speed_mph>
        </extensions>
      </trkpt>
      <trkpt lat="52.0485" lon="1.27556">
        <ele>0</ele>
        <time>2026-06-26T08:10:04.928Z</time>
        <name>195</name>
        <extensions>
          <speed_mps>8.941</speed_mps>
          <speed_mph>20.0</speed_mph>
        </extensions>
      </trkpt>
      <trkpt lat="52.04858" lon="1.27567">
        <ele>0</ele>
        <time>2026-06-26T08:10:06.231Z</time>
        <name>196</name>
        <extensions>
          <speed_mps>8.941</speed_mps>
          <speed_mph>20.0</speed_mph>
        </extensions>
      </trkpt>
      <trkpt lat="52.04899" lon="1.27613">
        <ele>0</ele>
        <time>2026-06-26T08:10:12.426Z</time>
        <name>197</name>
        <extensions>
          <speed_mps>8.941</speed_mps>
          <speed_mph>20.0</speed_mph>
        </extensions>
      </trkpt>
      <trkpt lat="52.04932" lon="1.27646">
        <ele>0</ele>
        <time>2026-06-26T08:10:17.245Z</time>
        <name>198</name>
        <extensions>
          <speed_mps>8.941</speed_mps>
          <speed_mph>20.0</speed_mph>
        </extensions>
      </trkpt>
      <trkpt lat="52.0498" lon="1.27686">
        <ele>0</ele>
        <time>2026-06-26T08:10:23.952Z</time>
        <name>199</name>
        <extensions>
          <speed_mps>8.941</speed_mps>
          <speed_mph>20.0</speed_mph>
        </extensions>
      </trkpt>
      <trkpt lat="52.05031" lon="1.2772">
        <ele>0</ele>
        <time>2026-06-26T08:10:30.808Z</time>
        <name>200</name>
        <extensions>
          <speed_mps>8.941</speed_mps>
          <speed_mph>20.0</speed_mph>
        </extensions>
      </trkpt>
      <trkpt lat="52.05042" lon="1.27726">
        <ele>0</ele>
        <time>2026-06-26T08:10:32.251Z</time>
        <name>201</name>
        <extensions>
          <speed_mps>8.941</speed_mps>
          <speed_mph>20.0</speed_mph>
        </extensions>
      </trkpt>
      <trkpt lat="52.05055" lon="1.27732">
        <ele>0</ele>
        <time>2026-06-26T08:10:33.931Z</time>
        <name>202</name>
        <extensions>
          <speed_mps>8.941</speed_mps>
          <speed_mph>20.0</speed_mph>
        </extensions>
      </trkpt>
      <trkpt lat="52.05069" lon="1.2774">
        <ele>0</ele>
        <time>2026-06-26T08:10:35.777Z</time>
        <name>203</name>
        <extensions>
          <speed_mps>8.941</speed_mps>
          <speed_mph>20.0</speed_mph>
        </extensions>
      </trkpt>
      <trkpt lat="52.05072" lon="1.27741">
        <ele>0</ele>
        <time>2026-06-26T08:10:36.158Z</time>
        <name>204</name>
        <extensions>
          <speed_mps>8.941</speed_mps>
          <speed_mph>20.0</speed_mph>
        </extensions>
      </trkpt>
      <trkpt lat="52.05075" lon="1.27743">
        <ele>0</ele>
        <time>2026-06-26T08:10:36.561Z</time>
        <name>205</name>
        <extensions>
          <speed_mps>8.941</speed_mps>
          <speed_mph>20.0</speed_mph>
        </extensions>
      </trkpt>
      <trkpt lat="52.05104" lon="1.27755">
        <ele>0</ele>
        <time>2026-06-26T08:10:40.282Z</time>
        <name>206</name>
        <extensions>
          <speed_mps>8.941</speed_mps>
          <speed_mph>20.0</speed_mph>
        </extensions>
      </trkpt>
      <trkpt lat="52.05132" lon="1.27764">
        <ele>0</ele>
        <time>2026-06-26T08:10:43.832Z</time>
        <name>207</name>
        <extensions>
          <speed_mps>8.941</speed_mps>
          <speed_mph>20.0</speed_mph>
        </extensions>
      </trkpt>
      <trkpt lat="52.05134" lon="1.27765">
        <ele>0</ele>
        <time>2026-06-26T08:10:44.092Z</time>
        <name>208</name>
        <extensions>
          <speed_mps>8.941</speed_mps>
          <speed_mph>20.0</speed_mph>
        </extensions>
      </trkpt>
      <trkpt lat="52.05151" lon="1.2777">
        <ele>0</ele>
        <time>2026-06-26T08:10:46.241Z</time>
        <name>209</name>
        <extensions>
          <speed_mps>8.941</speed_mps>
          <speed_mph>20.0</speed_mph>
        </extensions>
      </trkpt>
      <trkpt lat="52.05157" lon="1.27771">
        <ele>0</ele>
        <time>2026-06-26T08:10:46.991Z</time>
        <name>210</name>
        <extensions>
          <speed_mps>8.941</speed_mps>
          <speed_mph>20.0</speed_mph>
        </extensions>
      </trkpt>
      <trkpt lat="52.05167" lon="1.27774">
        <ele>0</ele>
        <time>2026-06-26T08:10:48.256Z</time>
        <name>211</name>
        <extensions>
          <speed_mps>8.941</speed_mps>
          <speed_mph>20.0</speed_mph>
        </extensions>
      </trkpt>
      <trkpt lat="52.05184" lon="1.27777">
        <ele>0</ele>
        <time>2026-06-26T08:10:50.382Z</time>
        <name>212</name>
        <extensions>
          <speed_mps>8.941</speed_mps>
          <speed_mph>20.0</speed_mph>
        </extensions>
      </trkpt>
      <trkpt lat="52.05217" lon="1.27781">
        <ele>0</ele>
        <time>2026-06-26T08:10:54.498Z</time>
        <name>213</name>
        <extensions>
          <speed_mps>8.941</speed_mps>
          <speed_mph>20.0</speed_mph>
        </extensions>
      </trkpt>
      <trkpt lat="52.0525" lon="1.27783">
        <ele>0</ele>
        <time>2026-06-26T08:10:58.605Z</time>
        <name>214</name>
        <extensions>
          <speed_mps>8.941</speed_mps>
          <speed_mph>20.0</speed_mph>
        </extensions>
      </trkpt>
      <trkpt lat="52.05283" lon="1.27783">
        <ele>0</ele>
        <time>2026-06-26T08:11:02.709Z</time>
        <name>215</name>
        <extensions>
          <speed_mps>8.941</speed_mps>
          <speed_mph>20.0</speed_mph>
        </extensions>
      </trkpt>
      <trkpt lat="52.05302" lon="1.27781">
        <ele>0</ele>
        <time>2026-06-26T08:11:05.077Z</time>
        <name>216</name>
        <extensions>
          <speed_mps>8.941</speed_mps>
          <speed_mph>20.0</speed_mph>
        </extensions>
      </trkpt>
      <trkpt lat="52.05322" lon="1.2778">
        <ele>0</ele>
        <time>2026-06-26T08:11:07.566Z</time>
        <name>217</name>
        <extensions>
          <speed_mps>8.941</speed_mps>
          <speed_mph>20.0</speed_mph>
        </extensions>
      </trkpt>
      <trkpt lat="52.05532" lon="1.27753">
        <ele>0</ele>
        <time>2026-06-26T08:11:33.764Z</time>
        <name>218</name>
        <extensions>
          <speed_mps>8.941</speed_mps>
          <speed_mph>20.0</speed_mph>
        </extensions>
      </trkpt>
      <trkpt lat="52.05548" lon="1.2775">
        <ele>0</ele>
        <time>2026-06-26T08:11:35.767Z</time>
        <name>219</name>
        <extensions>
          <speed_mps>8.941</speed_mps>
          <speed_mph>20.0</speed_mph>
        </extensions>
      </trkpt>
      <trkpt lat="52.05554" lon="1.2775">
        <ele>0</ele>
        <time>2026-06-26T08:11:36.514Z</time>
        <name>220</name>
        <extensions>
          <speed_mps>8.941</speed_mps>
          <speed_mph>20.0</speed_mph>
        </extensions>
      </trkpt>
      <trkpt lat="52.05657" lon="1.27732">
        <ele>0</ele>
        <time>2026-06-26T08:11:49.397Z</time>
        <name>221</name>
        <extensions>
          <speed_mps>8.941</speed_mps>
          <speed_mph>20.0</speed_mph>
        </extensions>
      </trkpt>
      <trkpt lat="52.05675" lon="1.2773">
        <ele>0</ele>
        <time>2026-06-26T08:11:51.641Z</time>
        <name>222</name>
        <extensions>
          <speed_mps>8.941</speed_mps>
          <speed_mph>20.0</speed_mph>
        </extensions>
      </trkpt>
      <trkpt lat="52.05801" lon="1.27707">
        <ele>0</ele>
        <time>2026-06-26T08:12:07.410Z</time>
        <name>223</name>
        <extensions>
          <speed_mps>8.941</speed_mps>
          <speed_mph>20.0</speed_mph>
        </extensions>
      </trkpt>
      <trkpt lat="52.0596" lon="1.2767">
        <ele>0</ele>
        <time>2026-06-26T08:12:27.386Z</time>
        <name>224</name>
        <extensions>
          <speed_mps>8.941</speed_mps>
          <speed_mph>20.0</speed_mph>
        </extensions>
      </trkpt>
      <trkpt lat="52.05961" lon="1.2767">
        <ele>0</ele>
        <time>2026-06-26T08:12:27.510Z</time>
        <name>225</name>
        <extensions>
          <speed_mps>8.941</speed_mps>
          <speed_mph>20.0</speed_mph>
        </extensions>
      </trkpt>
      <trkpt lat="52.0597" lon="1.27661">
        <ele>0</ele>
        <time>2026-06-26T08:12:28.824Z</time>
        <name>226</name>
        <extensions>
          <speed_mps>8.941</speed_mps>
          <speed_mph>20.0</speed_mph>
        </extensions>
      </trkpt>
      <trkpt lat="52.05972" lon="1.27657">
        <ele>0</ele>
        <time>2026-06-26T08:12:29.218Z</time>
        <name>227</name>
        <extensions>
          <speed_mps>8.941</speed_mps>
          <speed_mph>20.0</speed_mph>
        </extensions>
      </trkpt>
      <trkpt lat="52.05974" lon="1.27654">
        <ele>0</ele>
        <time>2026-06-26T08:12:29.557Z</time>
        <name>228</name>
        <extensions>
          <speed_mps>8.941</speed_mps>
          <speed_mph>20.0</speed_mph>
        </extensions>
      </trkpt>
      <trkpt lat="52.05986" lon="1.27631">
        <ele>0</ele>
        <time>2026-06-26T08:12:31.863Z</time>
        <name>229</name>
        <extensions>
          <speed_mps>8.941</speed_mps>
          <speed_mph>20.0</speed_mph>
        </extensions>
      </trkpt>
      <trkpt lat="52.05995" lon="1.27622">
        <ele>0</ele>
        <time>2026-06-26T08:12:33.177Z</time>
        <name>230</name>
        <extensions>
          <speed_mps>8.941</speed_mps>
          <speed_mph>20.0</speed_mph>
        </extensions>
      </trkpt>
      <trkpt lat="52.05998" lon="1.27621">
        <ele>0</ele>
        <time>2026-06-26T08:12:33.558Z</time>
        <name>231</name>
        <extensions>
          <speed_mps>8.941</speed_mps>
          <speed_mph>20.0</speed_mph>
        </extensions>
      </trkpt>
      <trkpt lat="52.06" lon="1.27619">
        <ele>0</ele>
        <time>2026-06-26T08:12:33.850Z</time>
        <name>232</name>
        <extensions>
          <speed_mps>8.941</speed_mps>
          <speed_mph>20.0</speed_mph>
        </extensions>
      </trkpt>
      <trkpt lat="52.06003" lon="1.27618">
        <ele>0</ele>
        <time>2026-06-26T08:12:34.231Z</time>
        <name>233</name>
        <extensions>
          <speed_mps>8.941</speed_mps>
          <speed_mph>20.0</speed_mph>
        </extensions>
      </trkpt>
      <trkpt lat="52.06015" lon="1.27618">
        <ele>0</ele>
        <time>2026-06-26T08:12:35.723Z</time>
        <name>234</name>
        <extensions>
          <speed_mps>8.941</speed_mps>
          <speed_mph>20.0</speed_mph>
        </extensions>
      </trkpt>
      <trkpt lat="52.06019" lon="1.27622">
        <ele>0</ele>
        <time>2026-06-26T08:12:36.307Z</time>
        <name>235</name>
        <extensions>
          <speed_mps>8.941</speed_mps>
          <speed_mph>20.0</speed_mph>
        </extensions>
      </trkpt>
      <trkpt lat="52.06022" lon="1.27624">
        <ele>0</ele>
        <time>2026-06-26T08:12:36.711Z</time>
        <name>236</name>
        <extensions>
          <speed_mps>8.941</speed_mps>
          <speed_mph>20.0</speed_mph>
        </extensions>
      </trkpt>
      <trkpt lat="52.06028" lon="1.2763">
        <ele>0</ele>
        <time>2026-06-26T08:12:37.587Z</time>
        <name>237</name>
        <extensions>
          <speed_mps>8.941</speed_mps>
          <speed_mph>20.0</speed_mph>
        </extensions>
      </trkpt>
      <trkpt lat="52.06033" lon="1.27633">
        <ele>0</ele>
        <time>2026-06-26T08:12:38.249Z</time>
        <name>238</name>
        <extensions>
          <speed_mps>8.941</speed_mps>
          <speed_mph>20.0</speed_mph>
        </extensions>
      </trkpt>
      <trkpt lat="52.0604" lon="1.27636">
        <ele>0</ele>
        <time>2026-06-26T08:12:39.150Z</time>
        <name>239</name>
        <extensions>
          <speed_mps>8.941</speed_mps>
          <speed_mph>20.0</speed_mph>
        </extensions>
      </trkpt>
      <trkpt lat="52.06043" lon="1.27638">
        <ele>0</ele>
        <time>2026-06-26T08:12:39.553Z</time>
        <name>240</name>
        <extensions>
          <speed_mps>8.941</speed_mps>
          <speed_mph>20.0</speed_mph>
        </extensions>
      </trkpt>
      <trkpt lat="52.06047" lon="1.27639">
        <ele>0</ele>
        <time>2026-06-26T08:12:40.056Z</time>
        <name>241</name>
        <extensions>
          <speed_mps>8.941</speed_mps>
          <speed_mph>20.0</speed_mph>
        </extensions>
      </trkpt>
      <trkpt lat="52.06049" lon="1.27639">
        <ele>0</ele>
        <time>2026-06-26T08:12:40.305Z</time>
        <name>242</name>
        <extensions>
          <speed_mps>8.941</speed_mps>
          <speed_mph>20.0</speed_mph>
        </extensions>
      </trkpt>
      <trkpt lat="52.06052" lon="1.2764">
        <ele>0</ele>
        <time>2026-06-26T08:12:40.686Z</time>
        <name>243</name>
        <extensions>
          <speed_mps>8.941</speed_mps>
          <speed_mph>20.0</speed_mph>
        </extensions>
      </trkpt>
      <trkpt lat="52.06062" lon="1.2764">
        <ele>0</ele>
        <time>2026-06-26T08:12:41.929Z</time>
        <name>244</name>
        <extensions>
          <speed_mps>8.941</speed_mps>
          <speed_mph>20.0</speed_mph>
        </extensions>
      </trkpt>
      <trkpt lat="52.06223" lon="1.27584">
        <ele>0</ele>
        <time>2026-06-26T08:13:02.405Z</time>
        <name>245</name>
        <extensions>
          <speed_mps>8.941</speed_mps>
          <speed_mph>20.0</speed_mph>
        </extensions>
      </trkpt>
      <trkpt lat="52.06234" lon="1.27581">
        <ele>0</ele>
        <time>2026-06-26T08:13:03.793Z</time>
        <name>246</name>
        <extensions>
          <speed_mps>8.941</speed_mps>
          <speed_mph>20.0</speed_mph>
        </extensions>
      </trkpt>
      <trkpt lat="52.06288" lon="1.27562">
        <ele>0</ele>
        <time>2026-06-26T08:13:10.664Z</time>
        <name>247</name>
        <extensions>
          <speed_mps>8.941</speed_mps>
          <speed_mph>20.0</speed_mph>
        </extensions>
      </trkpt>
      <trkpt lat="52.0629" lon="1.27562">
        <ele>0</ele>
        <time>2026-06-26T08:13:10.912Z</time>
        <name>248</name>
        <extensions>
          <speed_mps>8.941</speed_mps>
          <speed_mph>20.0</speed_mph>
        </extensions>
      </trkpt>
      <trkpt lat="52.06294" lon="1.2756">
        <ele>0</ele>
        <time>2026-06-26T08:13:11.433Z</time>
        <name>249</name>
        <extensions>
          <speed_mps>8.941</speed_mps>
          <speed_mph>20.0</speed_mph>
        </extensions>
      </trkpt>
      <trkpt lat="52.06447" lon="1.27508">
        <ele>0</ele>
        <time>2026-06-26T08:13:30.872Z</time>
        <name>250</name>
        <extensions>
          <speed_mps>8.941</speed_mps>
          <speed_mph>20.0</speed_mph>
        </extensions>
      </trkpt>
      <trkpt lat="52.06499" lon="1.27488">
        <ele>0</ele>
        <time>2026-06-26T08:13:37.518Z</time>
        <name>251</name>
        <extensions>
          <speed_mps>8.941</speed_mps>
          <speed_mph>20.0</speed_mph>
        </extensions>
      </trkpt>
      <trkpt lat="52.06506" lon="1.27484">
        <ele>0</ele>
        <time>2026-06-26T08:13:38.440Z</time>
        <name>252</name>
        <extensions>
          <speed_mps>8.941</speed_mps>
          <speed_mph>20.0</speed_mph>
        </extensions>
      </trkpt>
      <trkpt lat="52.06511" lon="1.27482">
        <ele>0</ele>
        <time>2026-06-26T08:13:39.081Z</time>
        <name>253</name>
        <extensions>
          <speed_mps>8.941</speed_mps>
          <speed_mph>20.0</speed_mph>
        </extensions>
      </trkpt>
      <trkpt lat="52.06512" lon="1.27481">
        <ele>0</ele>
        <time>2026-06-26T08:13:39.227Z</time>
        <name>254</name>
        <extensions>
          <speed_mps>8.941</speed_mps>
          <speed_mph>20.0</speed_mph>
        </extensions>
      </trkpt>
      <trkpt lat="52.06513" lon="1.27481">
        <ele>0</ele>
        <time>2026-06-26T08:13:39.351Z</time>
        <name>255</name>
        <extensions>
          <speed_mps>8.941</speed_mps>
          <speed_mph>20.0</speed_mph>
        </extensions>
      </trkpt>
      <trkpt lat="52.06521" lon="1.27475">
        <ele>0</ele>
        <time>2026-06-26T08:13:40.447Z</time>
        <name>256</name>
        <extensions>
          <speed_mps>8.941</speed_mps>
          <speed_mph>20.0</speed_mph>
        </extensions>
      </trkpt>
      <trkpt lat="52.06526" lon="1.2747">
        <ele>0</ele>
        <time>2026-06-26T08:13:41.177Z</time>
        <name>257</name>
        <extensions>
          <speed_mps>8.941</speed_mps>
          <speed_mph>20.0</speed_mph>
        </extensions>
      </trkpt>
      <trkpt lat="52.06532" lon="1.27461">
        <ele>0</ele>
        <time>2026-06-26T08:13:42.192Z</time>
        <name>258</name>
        <extensions>
          <speed_mps>8.941</speed_mps>
          <speed_mph>20.0</speed_mph>
        </extensions>
      </trkpt>
      <trkpt lat="52.06534" lon="1.27454">
        <ele>0</ele>
        <time>2026-06-26T08:13:42.782Z</time>
        <name>259</name>
        <extensions>
          <speed_mps>8.941</speed_mps>
          <speed_mph>20.0</speed_mph>
        </extensions>
      </trkpt>
      <trkpt lat="52.06536" lon="1.2745">
        <ele>0</ele>
        <time>2026-06-26T08:13:43.176Z</time>
        <name>260</name>
        <extensions>
          <speed_mps>8.941</speed_mps>
          <speed_mph>20.0</speed_mph>
        </extensions>
      </trkpt>
      <trkpt lat="52.06537" lon="1.27445">
        <ele>0</ele>
        <time>2026-06-26T08:13:43.578Z</time>
        <name>261</name>
        <extensions>
          <speed_mps>8.941</speed_mps>
          <speed_mph>20.0</speed_mph>
        </extensions>
      </trkpt>
      <trkpt lat="52.0654" lon="1.2744">
        <ele>0</ele>
        <time>2026-06-26T08:13:44.112Z</time>
        <name>262</name>
        <extensions>
          <speed_mps>8.941</speed_mps>
          <speed_mph>20.0</speed_mph>
        </extensions>
      </trkpt>
      <trkpt lat="52.06548" lon="1.27433">
        <ele>0</ele>
        <time>2026-06-26T08:13:45.242Z</time>
        <name>263</name>
        <extensions>
          <speed_mps>8.941</speed_mps>
          <speed_mph>20.0</speed_mph>
        </extensions>
      </trkpt>
      <trkpt lat="52.06554" lon="1.27429">
        <ele>0</ele>
        <time>2026-06-26T08:13:46.048Z</time>
        <name>264</name>
        <extensions>
          <speed_mps>8.941</speed_mps>
          <speed_mph>20.0</speed_mph>
        </extensions>
      </trkpt>
      <trkpt lat="52.06558" lon="1.27427">
        <ele>0</ele>
        <time>2026-06-26T08:13:46.569Z</time>
        <name>265</name>
        <extensions>
          <speed_mps>8.941</speed_mps>
          <speed_mph>20.0</speed_mph>
        </extensions>
      </trkpt>
      <trkpt lat="52.06561" lon="1.27426">
        <ele>0</ele>
        <time>2026-06-26T08:13:46.950Z</time>
        <name>266</name>
        <extensions>
          <speed_mps>8.941</speed_mps>
          <speed_mph>20.0</speed_mph>
        </extensions>
      </trkpt>
      <trkpt lat="52.06567" lon="1.27425">
        <ele>0</ele>
        <time>2026-06-26T08:13:47.700Z</time>
        <name>267</name>
        <extensions>
          <speed_mps>8.941</speed_mps>
          <speed_mph>20.0</speed_mph>
        </extensions>
      </trkpt>
      <trkpt lat="52.06571" lon="1.27426">
        <ele>0</ele>
        <time>2026-06-26T08:13:48.203Z</time>
        <name>268</name>
        <extensions>
          <speed_mps>8.941</speed_mps>
          <speed_mph>20.0</speed_mph>
        </extensions>
      </trkpt>
      <trkpt lat="52.06573" lon="1.27428">
        <ele>0</ele>
        <time>2026-06-26T08:13:48.495Z</time>
        <name>269</name>
        <extensions>
          <speed_mps>8.941</speed_mps>
          <speed_mph>20.0</speed_mph>
        </extensions>
      </trkpt>
      <trkpt lat="52.06576" lon="1.27429">
        <ele>0</ele>
        <time>2026-06-26T08:13:48.876Z</time>
        <name>270</name>
        <extensions>
          <speed_mps>8.941</speed_mps>
          <speed_mph>20.0</speed_mph>
        </extensions>
      </trkpt>
      <trkpt lat="52.06581" lon="1.27433">
        <ele>0</ele>
        <time>2026-06-26T08:13:49.569Z</time>
        <name>271</name>
        <extensions>
          <speed_mps>8.941</speed_mps>
          <speed_mph>20.0</speed_mph>
        </extensions>
      </trkpt>
      <trkpt lat="52.06594" lon="1.27434">
        <ele>0</ele>
        <time>2026-06-26T08:13:51.188Z</time>
        <name>272</name>
        <extensions>
          <speed_mps>8.941</speed_mps>
          <speed_mph>20.0</speed_mph>
        </extensions>
      </trkpt>
      <trkpt lat="52.06601" lon="1.27433">
        <ele>0</ele>
        <time>2026-06-26T08:13:52.062Z</time>
        <name>273</name>
        <extensions>
          <speed_mps>8.941</speed_mps>
          <speed_mph>20.0</speed_mph>
        </extensions>
      </trkpt>
      <trkpt lat="52.06604" lon="1.27433">
        <ele>0</ele>
        <time>2026-06-26T08:13:52.435Z</time>
        <name>274</name>
        <extensions>
          <speed_mps>8.941</speed_mps>
          <speed_mph>20.0</speed_mph>
        </extensions>
      </trkpt>
      <trkpt lat="52.06613" lon="1.27429">
        <ele>0</ele>
        <time>2026-06-26T08:13:53.595Z</time>
        <name>275</name>
        <extensions>
          <speed_mps>8.941</speed_mps>
          <speed_mph>20.0</speed_mph>
        </extensions>
      </trkpt>
      <trkpt lat="52.06619" lon="1.27425">
        <ele>0</ele>
        <time>2026-06-26T08:13:54.401Z</time>
        <name>276</name>
        <extensions>
          <speed_mps>8.941</speed_mps>
          <speed_mph>20.0</speed_mph>
        </extensions>
      </trkpt>
      <trkpt lat="52.06623" lon="1.27423">
        <ele>0</ele>
        <time>2026-06-26T08:13:54.922Z</time>
        <name>277</name>
        <extensions>
          <speed_mps>8.941</speed_mps>
          <speed_mph>20.0</speed_mph>
        </extensions>
      </trkpt>
      <trkpt lat="52.06656" lon="1.274">
        <ele>0</ele>
        <time>2026-06-26T08:13:59.387Z</time>
        <name>278</name>
        <extensions>
          <speed_mps>8.941</speed_mps>
          <speed_mph>20.0</speed_mph>
        </extensions>
      </trkpt>
      <trkpt lat="52.06678" lon="1.27381">
        <ele>0</ele>
        <time>2026-06-26T08:14:02.485Z</time>
        <name>279</name>
        <extensions>
          <speed_mps>8.941</speed_mps>
          <speed_mph>20.0</speed_mph>
        </extensions>
      </trkpt>
      <trkpt lat="52.06686" lon="1.27375">
        <ele>0</ele>
        <time>2026-06-26T08:14:03.580Z</time>
        <name>280</name>
        <extensions>
          <speed_mps>8.941</speed_mps>
          <speed_mph>20.0</speed_mph>
        </extensions>
      </trkpt>
      <trkpt lat="52.06698" lon="1.27364">
        <ele>0</ele>
        <time>2026-06-26T08:14:05.293Z</time>
        <name>281</name>
        <extensions>
          <speed_mps>8.941</speed_mps>
          <speed_mph>20.0</speed_mph>
        </extensions>
      </trkpt>
      <trkpt lat="52.06702" lon="1.27361">
        <ele>0</ele>
        <time>2026-06-26T08:14:05.841Z</time>
        <name>282</name>
        <extensions>
          <speed_mps>8.941</speed_mps>
          <speed_mph>20.0</speed_mph>
        </extensions>
      </trkpt>
      <trkpt lat="52.0672" lon="1.27344">
        <ele>0</ele>
        <time>2026-06-26T08:14:08.430Z</time>
        <name>283</name>
        <extensions>
          <speed_mps>8.941</speed_mps>
          <speed_mph>20.0</speed_mph>
        </extensions>
      </trkpt>
      <trkpt lat="52.0675" lon="1.27312">
        <ele>0</ele>
        <time>2026-06-26T08:14:12.891Z</time>
        <name>284</name>
        <extensions>
          <speed_mps>8.941</speed_mps>
          <speed_mph>20.0</speed_mph>
        </extensions>
      </trkpt>
      <trkpt lat="52.06767" lon="1.27291">
        <ele>0</ele>
        <time>2026-06-26T08:14:15.546Z</time>
        <name>285</name>
        <extensions>
          <speed_mps>8.941</speed_mps>
          <speed_mph>20.0</speed_mph>
        </extensions>
      </trkpt>
      <trkpt lat="52.06792" lon="1.27257">
        <ele>0</ele>
        <time>2026-06-26T08:14:19.599Z</time>
        <name>286</name>
        <extensions>
          <speed_mps>8.941</speed_mps>
          <speed_mph>20.0</speed_mph>
        </extensions>
      </trkpt>
      <trkpt lat="52.06816" lon="1.27221">
        <ele>0</ele>
        <time>2026-06-26T08:14:23.659Z</time>
        <name>287</name>
        <extensions>
          <speed_mps>8.941</speed_mps>
          <speed_mph>20.0</speed_mph>
        </extensions>
      </trkpt>
      <trkpt lat="52.06837" lon="1.27186">
        <ele>0</ele>
        <time>2026-06-26T08:14:27.398Z</time>
        <name>288</name>
        <extensions>
          <speed_mps>8.941</speed_mps>
          <speed_mph>20.0</speed_mph>
        </extensions>
      </trkpt>
      <trkpt lat="52.06895" lon="1.27081">
        <ele>0</ele>
        <time>2026-06-26T08:14:38.190Z</time>
        <name>289</name>
        <extensions>
          <speed_mps>8.941</speed_mps>
          <speed_mph>20.0</speed_mph>
        </extensions>
      </trkpt>
      <trkpt lat="52.06914" lon="1.27042">
        <ele>0</ele>
        <time>2026-06-26T08:14:41.994Z</time>
        <name>290</name>
        <extensions>
          <speed_mps>8.941</speed_mps>
          <speed_mph>20.0</speed_mph>
        </extensions>
      </trkpt>
      <trkpt lat="52.06929" lon="1.27006">
        <ele>0</ele>
        <time>2026-06-26T08:14:45.319Z</time>
        <name>291</name>
        <extensions>
          <speed_mps>8.941</speed_mps>
          <speed_mph>20.0</speed_mph>
        </extensions>
      </trkpt>
      <trkpt lat="52.06938" lon="1.26981">
        <ele>0</ele>
        <time>2026-06-26T08:14:47.534Z</time>
        <name>292</name>
        <extensions>
          <speed_mps>8.941</speed_mps>
          <speed_mph>20.0</speed_mph>
        </extensions>
      </trkpt>
      <trkpt lat="52.06943" lon="1.26958">
        <ele>0</ele>
        <time>2026-06-26T08:14:49.399Z</time>
        <name>293</name>
        <extensions>
          <speed_mps>8.941</speed_mps>
          <speed_mph>20.0</speed_mph>
        </extensions>
      </trkpt>
      <trkpt lat="52.06943" lon="1.26953">
        <ele>0</ele>
        <time>2026-06-26T08:14:49.782Z</time>
        <name>294</name>
        <extensions>
          <speed_mps>8.941</speed_mps>
          <speed_mph>20.0</speed_mph>
        </extensions>
      </trkpt>
      <trkpt lat="52.06942" lon="1.26951">
        <ele>0</ele>
        <time>2026-06-26T08:14:49.979Z</time>
        <name>295</name>
        <extensions>
          <speed_mps>8.941</speed_mps>
          <speed_mph>20.0</speed_mph>
        </extensions>
      </trkpt>
      <trkpt lat="52.06942" lon="1.26935">
        <ele>0</ele>
        <time>2026-06-26T08:14:51.202Z</time>
        <name>296</name>
        <extensions>
          <speed_mps>8.941</speed_mps>
          <speed_mph>20.0</speed_mph>
        </extensions>
      </trkpt>
      <trkpt lat="52.06943" lon="1.26929">
        <ele>0</ele>
        <time>2026-06-26T08:14:51.677Z</time>
        <name>297</name>
        <extensions>
          <speed_mps>8.941</speed_mps>
          <speed_mph>20.0</speed_mph>
        </extensions>
      </trkpt>
      <trkpt lat="52.06945" lon="1.26923">
        <ele>0</ele>
        <time>2026-06-26T08:14:52.199Z</time>
        <name>298</name>
        <extensions>
          <speed_mps>8.941</speed_mps>
          <speed_mph>20.0</speed_mph>
        </extensions>
      </trkpt>
      <trkpt lat="52.06946" lon="1.26917">
        <ele>0</ele>
        <time>2026-06-26T08:14:52.674Z</time>
        <name>299</name>
        <extensions>
          <speed_mps>8.941</speed_mps>
          <speed_mph>20.0</speed_mph>
        </extensions>
      </trkpt>
      <trkpt lat="52.06948" lon="1.26913">
        <ele>0</ele>
        <time>2026-06-26T08:14:53.068Z</time>
        <name>300</name>
        <extensions>
          <speed_mps>8.941</speed_mps>
          <speed_mph>20.0</speed_mph>
        </extensions>
      </trkpt>
      <trkpt lat="52.06955" lon="1.26906">
        <ele>0</ele>
        <time>2026-06-26T08:14:54.090Z</time>
        <name>301</name>
        <extensions>
          <speed_mps>8.941</speed_mps>
          <speed_mph>20.0</speed_mph>
        </extensions>
      </trkpt>
      <trkpt lat="52.06961" lon="1.26902">
        <ele>0</ele>
        <time>2026-06-26T08:14:54.897Z</time>
        <name>302</name>
        <extensions>
          <speed_mps>8.941</speed_mps>
          <speed_mph>20.0</speed_mph>
        </extensions>
      </trkpt>
      <trkpt lat="52.06963" lon="1.269">
        <ele>0</ele>
        <time>2026-06-26T08:14:55.189Z</time>
        <name>303</name>
        <extensions>
          <speed_mps>8.941</speed_mps>
          <speed_mph>20.0</speed_mph>
        </extensions>
      </trkpt>
      <trkpt lat="52.06965" lon="1.26899">
        <ele>0</ele>
        <time>2026-06-26T08:14:55.449Z</time>
        <name>304</name>
        <extensions>
          <speed_mps>8.941</speed_mps>
          <speed_mph>20.0</speed_mph>
        </extensions>
      </trkpt>
      <trkpt lat="52.06976" lon="1.26899">
        <ele>0</ele>
        <time>2026-06-26T08:14:56.817Z</time>
        <name>305</name>
        <extensions>
          <speed_mps>8.941</speed_mps>
          <speed_mph>20.0</speed_mph>
        </extensions>
      </trkpt>
      <trkpt lat="52.07029" lon="1.26872">
        <ele>0</ele>
        <time>2026-06-26T08:15:03.724Z</time>
        <name>306</name>
        <extensions>
          <speed_mps>8.941</speed_mps>
          <speed_mph>20.0</speed_mph>
        </extensions>
      </trkpt>
      <trkpt lat="52.07036" lon="1.26869">
        <ele>0</ele>
        <time>2026-06-26T08:15:04.624Z</time>
        <name>307</name>
        <extensions>
          <speed_mps>8.941</speed_mps>
          <speed_mph>20.0</speed_mph>
        </extensions>
      </trkpt>
      <trkpt lat="52.07076" lon="1.26847">
        <ele>0</ele>
        <time>2026-06-26T08:15:09.876Z</time>
        <name>308</name>
        <extensions>
          <speed_mps>8.941</speed_mps>
          <speed_mph>20.0</speed_mph>
        </extensions>
      </trkpt>
      <trkpt lat="52.07123" lon="1.26824">
        <ele>0</ele>
        <time>2026-06-26T08:15:15.980Z</time>
        <name>309</name>
        <extensions>
          <speed_mps>8.941</speed_mps>
          <speed_mph>20.0</speed_mph>
        </extensions>
      </trkpt>
      <trkpt lat="52.07161" lon="1.26808">
        <ele>0</ele>
        <time>2026-06-26T08:15:20.861Z</time>
        <name>310</name>
        <extensions>
          <speed_mps>8.941</speed_mps>
          <speed_mph>20.0</speed_mph>
        </extensions>
      </trkpt>
      <trkpt lat="52.07193" lon="1.26797">
        <ele>0</ele>
        <time>2026-06-26T08:15:24.929Z</time>
        <name>311</name>
        <extensions>
          <speed_mps>8.941</speed_mps>
          <speed_mph>20.0</speed_mph>
        </extensions>
      </trkpt>
      <trkpt lat="52.07231" lon="1.26786">
        <ele>0</ele>
        <time>2026-06-26T08:15:29.729Z</time>
        <name>312</name>
        <extensions>
          <speed_mps>8.941</speed_mps>
          <speed_mph>20.0</speed_mph>
        </extensions>
      </trkpt>
      <trkpt lat="52.07288" lon="1.26775">
        <ele>0</ele>
        <time>2026-06-26T08:15:36.868Z</time>
        <name>313</name>
        <extensions>
          <speed_mps>8.941</speed_mps>
          <speed_mph>20.0</speed_mph>
        </extensions>
      </trkpt>
      <trkpt lat="52.07319" lon="1.26771">
        <ele>0</ele>
        <time>2026-06-26T08:15:40.735Z</time>
        <name>314</name>
        <extensions>
          <speed_mps>8.941</speed_mps>
          <speed_mph>20.0</speed_mph>
        </extensions>
      </trkpt>
      <trkpt lat="52.07349" lon="1.26769">
        <ele>0</ele>
        <time>2026-06-26T08:15:44.470Z</time>
        <name>315</name>
        <extensions>
          <speed_mps>8.941</speed_mps>
          <speed_mph>20.0</speed_mph>
        </extensions>
      </trkpt>
      <trkpt lat="52.07352" lon="1.26768">
        <ele>0</ele>
        <time>2026-06-26T08:15:44.850Z</time>
        <name>316</name>
        <extensions>
          <speed_mps>8.941</speed_mps>
          <speed_mph>20.0</speed_mph>
        </extensions>
      </trkpt>
      <trkpt lat="52.0739" lon="1.26768">
        <ele>0</ele>
        <time>2026-06-26T08:15:49.576Z</time>
        <name>317</name>
        <extensions>
          <speed_mps>8.941</speed_mps>
          <speed_mph>20.0</speed_mph>
        </extensions>
      </trkpt>
      <trkpt lat="52.0743" lon="1.26771">
        <ele>0</ele>
        <time>2026-06-26T08:15:54.556Z</time>
        <name>318</name>
        <extensions>
          <speed_mps>8.941</speed_mps>
          <speed_mph>20.0</speed_mph>
        </extensions>
      </trkpt>
      <trkpt lat="52.07443" lon="1.26773">
        <ele>0</ele>
        <time>2026-06-26T08:15:56.180Z</time>
        <name>319</name>
        <extensions>
          <speed_mps>8.941</speed_mps>
          <speed_mph>20.0</speed_mph>
        </extensions>
      </trkpt>
      <trkpt lat="52.07456" lon="1.26774">
        <ele>0</ele>
        <time>2026-06-26T08:15:57.799Z</time>
        <name>320</name>
        <extensions>
          <speed_mps>8.941</speed_mps>
          <speed_mph>20.0</speed_mph>
        </extensions>
      </trkpt>
      <trkpt lat="52.0746" lon="1.26775">
        <ele>0</ele>
        <time>2026-06-26T08:15:58.302Z</time>
        <name>321</name>
        <extensions>
          <speed_mps>8.941</speed_mps>
          <speed_mph>20.0</speed_mph>
        </extensions>
      </trkpt>
      <trkpt lat="52.07469" lon="1.26776">
        <ele>0</ele>
        <time>2026-06-26T08:15:59.424Z</time>
        <name>322</name>
        <extensions>
          <speed_mps>8.941</speed_mps>
          <speed_mph>20.0</speed_mph>
        </extensions>
      </trkpt>
      <trkpt lat="52.07509" lon="1.26784">
        <ele>0</ele>
        <time>2026-06-26T08:16:04.436Z</time>
        <name>323</name>
        <extensions>
          <speed_mps>8.941</speed_mps>
          <speed_mph>20.0</speed_mph>
        </extensions>
      </trkpt>
      <trkpt lat="52.07524" lon="1.26788">
        <ele>0</ele>
        <time>2026-06-26T08:16:06.327Z</time>
        <name>324</name>
        <extensions>
          <speed_mps>8.941</speed_mps>
          <speed_mph>20.0</speed_mph>
        </extensions>
      </trkpt>
      <trkpt lat="52.07532" lon="1.26791">
        <ele>0</ele>
        <time>2026-06-26T08:16:07.348Z</time>
        <name>325</name>
        <extensions>
          <speed_mps>8.941</speed_mps>
          <speed_mph>20.0</speed_mph>
        </extensions>
      </trkpt>
      <trkpt lat="52.0754" lon="1.26793">
        <ele>0</ele>
        <time>2026-06-26T08:16:08.354Z</time>
        <name>326</name>
        <extensions>
          <speed_mps>8.941</speed_mps>
          <speed_mph>20.0</speed_mph>
        </extensions>
      </trkpt>
      <trkpt lat="52.07555" lon="1.26798">
        <ele>0</ele>
        <time>2026-06-26T08:16:10.259Z</time>
        <name>327</name>
        <extensions>
          <speed_mps>8.941</speed_mps>
          <speed_mph>20.0</speed_mph>
        </extensions>
      </trkpt>
      <trkpt lat="52.07563" lon="1.268">
        <ele>0</ele>
        <time>2026-06-26T08:16:11.265Z</time>
        <name>328</name>
        <extensions>
          <speed_mps>8.941</speed_mps>
          <speed_mph>20.0</speed_mph>
        </extensions>
      </trkpt>
      <trkpt lat="52.07581" lon="1.26807">
        <ele>0</ele>
        <time>2026-06-26T08:16:13.567Z</time>
        <name>329</name>
        <extensions>
          <speed_mps>8.941</speed_mps>
          <speed_mph>20.0</speed_mph>
        </extensions>
      </trkpt>
      <trkpt lat="52.07585" lon="1.26808">
        <ele>0</ele>
        <time>2026-06-26T08:16:14.070Z</time>
        <name>330</name>
        <extensions>
          <speed_mps>8.941</speed_mps>
          <speed_mph>20.0</speed_mph>
        </extensions>
      </trkpt>
      <trkpt lat="52.07601" lon="1.26814">
        <ele>0</ele>
        <time>2026-06-26T08:16:16.112Z</time>
        <name>331</name>
        <extensions>
          <speed_mps>8.941</speed_mps>
          <speed_mph>20.0</speed_mph>
        </extensions>
      </trkpt>
      <trkpt lat="52.07602" lon="1.26815">
        <ele>0</ele>
        <time>2026-06-26T08:16:16.258Z</time>
        <name>332</name>
        <extensions>
          <speed_mps>8.941</speed_mps>
          <speed_mph>20.0</speed_mph>
        </extensions>
      </trkpt>
      <trkpt lat="52.0761" lon="1.26818">
        <ele>0</ele>
        <time>2026-06-26T08:16:17.279Z</time>
        <name>333</name>
        <extensions>
          <speed_mps>8.941</speed_mps>
          <speed_mph>20.0</speed_mph>
        </extensions>
      </trkpt>
      <trkpt lat="52.07646" lon="1.26835">
        <ele>0</ele>
        <time>2026-06-26T08:16:21.941Z</time>
        <name>334</name>
        <extensions>
          <speed_mps>8.941</speed_mps>
          <speed_mph>20.0</speed_mph>
        </extensions>
      </trkpt>
      <trkpt lat="52.07683" lon="1.26855">
        <ele>0</ele>
        <time>2026-06-26T08:16:26.790Z</time>
        <name>335</name>
        <extensions>
          <speed_mps>8.941</speed_mps>
          <speed_mph>20.0</speed_mph>
        </extensions>
      </trkpt>
      <trkpt lat="52.07684" lon="1.26856">
        <ele>0</ele>
        <time>2026-06-26T08:16:26.936Z</time>
        <name>336</name>
        <extensions>
          <speed_mps>8.941</speed_mps>
          <speed_mph>20.0</speed_mph>
        </extensions>
      </trkpt>
      <trkpt lat="52.07688" lon="1.26858">
        <ele>0</ele>
        <time>2026-06-26T08:16:27.457Z</time>
        <name>337</name>
        <extensions>
          <speed_mps>8.941</speed_mps>
          <speed_mph>20.0</speed_mph>
        </extensions>
      </trkpt>
      <trkpt lat="52.07728" lon="1.26883">
        <ele>0</ele>
        <time>2026-06-26T08:16:32.786Z</time>
        <name>338</name>
        <extensions>
          <speed_mps>8.941</speed_mps>
          <speed_mph>20.0</speed_mph>
        </extensions>
      </trkpt>
      <trkpt lat="52.07751" lon="1.26899">
        <ele>0</ele>
        <time>2026-06-26T08:16:35.897Z</time>
        <name>339</name>
        <extensions>
          <speed_mps>8.941</speed_mps>
          <speed_mph>20.0</speed_mph>
        </extensions>
      </trkpt>
      <trkpt lat="52.07803" lon="1.2694">
        <ele>0</ele>
        <time>2026-06-26T08:16:43.083Z</time>
        <name>340</name>
        <extensions>
          <speed_mps>8.941</speed_mps>
          <speed_mph>20.0</speed_mph>
        </extensions>
      </trkpt>
      <trkpt lat="52.0783" lon="1.26965">
        <ele>0</ele>
        <time>2026-06-26T08:16:46.947Z</time>
        <name>341</name>
        <extensions>
          <speed_mps>8.941</speed_mps>
          <speed_mph>20.0</speed_mph>
        </extensions>
      </trkpt>
      <trkpt lat="52.07835" lon="1.26969">
        <ele>0</ele>
        <time>2026-06-26T08:16:47.640Z</time>
        <name>342</name>
        <extensions>
          <speed_mps>8.941</speed_mps>
          <speed_mph>20.0</speed_mph>
        </extensions>
      </trkpt>
      <trkpt lat="52.07874" lon="1.27008">
        <ele>0</ele>
        <time>2026-06-26T08:16:53.333Z</time>
        <name>343</name>
        <extensions>
          <speed_mps>8.941</speed_mps>
          <speed_mph>20.0</speed_mph>
        </extensions>
      </trkpt>
      <trkpt lat="52.0791" lon="1.27048">
        <ele>0</ele>
        <time>2026-06-26T08:16:58.754Z</time>
        <name>344</name>
        <extensions>
          <speed_mps>8.941</speed_mps>
          <speed_mph>20.0</speed_mph>
        </extensions>
      </trkpt>
      <trkpt lat="52.07947" lon="1.27093">
        <ele>0</ele>
        <time>2026-06-26T08:17:04.499Z</time>
        <name>345</name>
        <extensions>
          <speed_mps>8.941</speed_mps>
          <speed_mph>20.0</speed_mph>
        </extensions>
      </trkpt>
      <trkpt lat="52.07972" lon="1.27126">
        <ele>0</ele>
        <time>2026-06-26T08:17:08.503Z</time>
        <name>346</name>
        <extensions>
          <speed_mps>8.941</speed_mps>
          <speed_mph>20.0</speed_mph>
        </extensions>
      </trkpt>
      <trkpt lat="52.07997" lon="1.27162">
        <ele>0</ele>
        <time>2026-06-26T08:17:12.655Z</time>
        <name>347</name>
        <extensions>
          <speed_mps>8.941</speed_mps>
          <speed_mph>20.0</speed_mph>
        </extensions>
      </trkpt>
      <trkpt lat="52.08026" lon="1.27208">
        <ele>0</ele>
        <time>2026-06-26T08:17:17.692Z</time>
        <name>348</name>
        <extensions>
          <speed_mps>8.941</speed_mps>
          <speed_mph>20.0</speed_mph>
        </extensions>
      </trkpt>
      <trkpt lat="52.08065" lon="1.27274">
        <ele>0</ele>
        <time>2026-06-26T08:17:24.690Z</time>
        <name>349</name>
        <extensions>
          <speed_mps>8.941</speed_mps>
          <speed_mph>20.0</speed_mph>
        </extensions>
      </trkpt>
      <trkpt lat="52.08113" lon="1.27369">
        <ele>0</ele>
        <time>2026-06-26T08:17:34.090Z</time>
        <name>350</name>
        <extensions>
          <speed_mps>8.941</speed_mps>
          <speed_mph>20.0</speed_mph>
        </extensions>
      </trkpt>
      <trkpt lat="52.08126" lon="1.27397">
        <ele>0</ele>
        <time>2026-06-26T08:17:36.772Z</time>
        <name>351</name>
        <extensions>
          <speed_mps>8.941</speed_mps>
          <speed_mph>20.0</speed_mph>
        </extensions>
      </trkpt>
      <trkpt lat="52.08173" lon="1.27519">
        <ele>0</ele>
        <time>2026-06-26T08:17:47.777Z</time>
        <name>352</name>
        <extensions>
          <speed_mps>8.941</speed_mps>
          <speed_mph>20.0</speed_mph>
        </extensions>
      </trkpt>
      <trkpt lat="52.08174" lon="1.27523">
        <ele>0</ele>
        <time>2026-06-26T08:17:48.107Z</time>
        <name>353</name>
        <extensions>
          <speed_mps>8.941</speed_mps>
          <speed_mph>20.0</speed_mph>
        </extensions>
      </trkpt>
      <trkpt lat="52.08183" lon="1.27548">
        <ele>0</ele>
        <time>2026-06-26T08:17:50.321Z</time>
        <name>354</name>
        <extensions>
          <speed_mps>8.941</speed_mps>
          <speed_mph>20.0</speed_mph>
        </extensions>
      </trkpt>
      <trkpt lat="52.08207" lon="1.27625">
        <ele>0</ele>
        <time>2026-06-26T08:17:56.920Z</time>
        <name>355</name>
        <extensions>
          <speed_mps>8.941</speed_mps>
          <speed_mph>20.0</speed_mph>
        </extensions>
      </trkpt>
      <trkpt lat="52.08235" lon="1.27734">
        <ele>0</ele>
        <time>2026-06-26T08:18:05.949Z</time>
        <name>356</name>
        <extensions>
          <speed_mps>8.941</speed_mps>
          <speed_mph>20.0</speed_mph>
        </extensions>
      </trkpt>
      <trkpt lat="52.08235" lon="1.27736">
        <ele>0</ele>
        <time>2026-06-26T08:18:06.102Z</time>
        <name>357</name>
        <extensions>
          <speed_mps>8.941</speed_mps>
          <speed_mph>20.0</speed_mph>
        </extensions>
      </trkpt>
      <trkpt lat="52.08369" lon="1.28345">
        <ele>0</ele>
        <time>2026-06-26T08:18:55.539Z</time>
        <name>358</name>
        <extensions>
          <speed_mps>8.941</speed_mps>
          <speed_mph>20.0</speed_mph>
        </extensions>
      </trkpt>
      <trkpt lat="52.08384" lon="1.2843">
        <ele>0</ele>
        <time>2026-06-26T08:19:02.298Z</time>
        <name>359</name>
        <extensions>
          <speed_mps>8.941</speed_mps>
          <speed_mph>20.0</speed_mph>
        </extensions>
      </trkpt>
      <trkpt lat="52.08386" lon="1.28448">
        <ele>0</ele>
        <time>2026-06-26T08:19:03.696Z</time>
        <name>360</name>
        <extensions>
          <speed_mps>8.941</speed_mps>
          <speed_mph>20.0</speed_mph>
        </extensions>
      </trkpt>
      <trkpt lat="52.08388" lon="1.28458">
        <ele>0</ele>
        <time>2026-06-26T08:19:04.500Z</time>
        <name>361</name>
        <extensions>
          <speed_mps>8.941</speed_mps>
          <speed_mph>20.0</speed_mph>
        </extensions>
      </trkpt>
      <trkpt lat="52.08404" lon="1.28591">
        <ele>0</ele>
        <time>2026-06-26T08:19:14.857Z</time>
        <name>362</name>
        <extensions>
          <speed_mps>8.941</speed_mps>
          <speed_mph>20.0</speed_mph>
        </extensions>
      </trkpt>
      <trkpt lat="52.08404" lon="1.28602">
        <ele>0</ele>
        <time>2026-06-26T08:19:15.698Z</time>
        <name>363</name>
        <extensions>
          <speed_mps>8.941</speed_mps>
          <speed_mph>20.0</speed_mph>
        </extensions>
      </trkpt>
      <trkpt lat="52.08411" lon="1.28675">
        <ele>0</ele>
        <time>2026-06-26T08:19:21.344Z</time>
        <name>364</name>
        <extensions>
          <speed_mps>8.941</speed_mps>
          <speed_mph>20.0</speed_mph>
        </extensions>
      </trkpt>
      <trkpt lat="52.08418" lon="1.28729">
        <ele>0</ele>
        <time>2026-06-26T08:19:25.562Z</time>
        <name>365</name>
        <extensions>
          <speed_mps>8.941</speed_mps>
          <speed_mph>20.0</speed_mph>
        </extensions>
      </trkpt>
      <trkpt lat="52.08421" lon="1.28742">
        <ele>0</ele>
        <time>2026-06-26T08:19:26.623Z</time>
        <name>366</name>
        <extensions>
          <speed_mps>8.941</speed_mps>
          <speed_mph>20.0</speed_mph>
        </extensions>
      </trkpt>
      <trkpt lat="52.08428" lon="1.28758">
        <ele>0</ele>
        <time>2026-06-26T08:19:28.124Z</time>
        <name>367</name>
        <extensions>
          <speed_mps>8.941</speed_mps>
          <speed_mph>20.0</speed_mph>
        </extensions>
      </trkpt>
      <trkpt lat="52.08432" lon="1.28763">
        <ele>0</ele>
        <time>2026-06-26T08:19:28.752Z</time>
        <name>368</name>
        <extensions>
          <speed_mps>8.941</speed_mps>
          <speed_mph>20.0</speed_mph>
        </extensions>
      </trkpt>
      <trkpt lat="52.08434" lon="1.28767">
        <ele>0</ele>
        <time>2026-06-26T08:19:29.146Z</time>
        <name>369</name>
        <extensions>
          <speed_mps>8.941</speed_mps>
          <speed_mph>20.0</speed_mph>
        </extensions>
      </trkpt>
      <trkpt lat="52.08438" lon="1.28772">
        <ele>0</ele>
        <time>2026-06-26T08:19:29.773Z</time>
        <name>370</name>
        <extensions>
          <speed_mps>8.941</speed_mps>
          <speed_mph>20.0</speed_mph>
        </extensions>
      </trkpt>
      <trkpt lat="52.08446" lon="1.28789">
        <ele>0</ele>
        <time>2026-06-26T08:19:31.409Z</time>
        <name>371</name>
        <extensions>
          <speed_mps>8.941</speed_mps>
          <speed_mph>20.0</speed_mph>
        </extensions>
      </trkpt>
      <trkpt lat="52.08453" lon="1.28816">
        <ele>0</ele>
        <time>2026-06-26T08:19:33.649Z</time>
        <name>372</name>
        <extensions>
          <speed_mps>8.941</speed_mps>
          <speed_mph>20.0</speed_mph>
        </extensions>
      </trkpt>
      <trkpt lat="52.08455" lon="1.28826">
        <ele>0</ele>
        <time>2026-06-26T08:19:34.453Z</time>
        <name>373</name>
        <extensions>
          <speed_mps>8.941</speed_mps>
          <speed_mph>20.0</speed_mph>
        </extensions>
      </trkpt>
      <trkpt lat="52.08458" lon="1.28837">
        <ele>0</ele>
        <time>2026-06-26T08:19:35.372Z</time>
        <name>374</name>
        <extensions>
          <speed_mps>8.941</speed_mps>
          <speed_mph>20.0</speed_mph>
        </extensions>
      </trkpt>
      <trkpt lat="52.08468" lon="1.28864">
        <ele>0</ele>
        <time>2026-06-26T08:19:37.782Z</time>
        <name>375</name>
        <extensions>
          <speed_mps>8.941</speed_mps>
          <speed_mph>20.0</speed_mph>
        </extensions>
      </trkpt>
      <trkpt lat="52.08469" lon="1.28865">
        <ele>0</ele>
        <time>2026-06-26T08:19:37.928Z</time>
        <name>376</name>
        <extensions>
          <speed_mps>8.941</speed_mps>
          <speed_mph>20.0</speed_mph>
        </extensions>
      </trkpt>
      <trkpt lat="52.08474" lon="1.28875">
        <ele>0</ele>
        <time>2026-06-26T08:19:38.913Z</time>
        <name>377</name>
        <extensions>
          <speed_mps>8.941</speed_mps>
          <speed_mph>20.0</speed_mph>
        </extensions>
      </trkpt>
      <trkpt lat="52.08487" lon="1.28892">
        <ele>0</ele>
        <time>2026-06-26T08:19:40.987Z</time>
        <name>378</name>
        <extensions>
          <speed_mps>8.941</speed_mps>
          <speed_mph>20.0</speed_mph>
        </extensions>
      </trkpt>
      <trkpt lat="52.08493" lon="1.28901">
        <ele>0</ele>
        <time>2026-06-26T08:19:42.002Z</time>
        <name>379</name>
        <extensions>
          <speed_mps>8.941</speed_mps>
          <speed_mph>20.0</speed_mph>
        </extensions>
      </trkpt>
      <trkpt lat="52.08519" lon="1.28932">
        <ele>0</ele>
        <time>2026-06-26T08:19:46.010Z</time>
        <name>380</name>
        <extensions>
          <speed_mps>8.941</speed_mps>
          <speed_mph>20.0</speed_mph>
        </extensions>
      </trkpt>
      <trkpt lat="52.08524" lon="1.28939">
        <ele>0</ele>
        <time>2026-06-26T08:19:46.831Z</time>
        <name>381</name>
        <extensions>
          <speed_mps>8.941</speed_mps>
          <speed_mph>20.0</speed_mph>
        </extensions>
      </trkpt>
      <trkpt lat="52.08578" lon="1.28998">
        <ele>0</ele>
        <time>2026-06-26T08:19:54.920Z</time>
        <name>382</name>
        <extensions>
          <speed_mps>8.941</speed_mps>
          <speed_mph>20.0</speed_mph>
        </extensions>
      </trkpt>
      <trkpt lat="52.08772" lon="1.29187">
        <ele>0</ele>
        <time>2026-06-26T08:20:23.040Z</time>
        <name>383</name>
        <extensions>
          <speed_mps>8.941</speed_mps>
          <speed_mph>20.0</speed_mph>
        </extensions>
      </trkpt>
      <trkpt lat="52.0878" lon="1.29196">
        <ele>0</ele>
        <time>2026-06-26T08:20:24.249Z</time>
        <name>384</name>
        <extensions>
          <speed_mps>8.941</speed_mps>
          <speed_mph>20.0</speed_mph>
        </extensions>
      </trkpt>
      <trkpt lat="52.08839" lon="1.29254">
        <ele>0</ele>
        <time>2026-06-26T08:20:32.822Z</time>
        <name>385</name>
        <extensions>
          <speed_mps>8.941</speed_mps>
          <speed_mph>20.0</speed_mph>
        </extensions>
      </trkpt>
      <trkpt lat="52.08939" lon="1.29358">
        <ele>0</ele>
        <time>2026-06-26T08:20:47.581Z</time>
        <name>386</name>
        <extensions>
          <speed_mps>8.941</speed_mps>
          <speed_mph>20.0</speed_mph>
        </extensions>
      </trkpt>
      <trkpt lat="52.09252" lon="1.29668">
        <ele>0</ele>
        <time>2026-06-26T08:21:33.149Z</time>
        <name>387</name>
        <extensions>
          <speed_mps>8.941</speed_mps>
          <speed_mph>20.0</speed_mph>
        </extensions>
      </trkpt>
      <trkpt lat="52.0926" lon="1.29677">
        <ele>0</ele>
        <time>2026-06-26T08:21:34.359Z</time>
        <name>388</name>
        <extensions>
          <speed_mps>8.941</speed_mps>
          <speed_mph>20.0</speed_mph>
        </extensions>
      </trkpt>
      <trkpt lat="52.09323" lon="1.29736">
        <ele>0</ele>
        <time>2026-06-26T08:21:43.398Z</time>
        <name>389</name>
        <extensions>
          <speed_mps>8.941</speed_mps>
          <speed_mph>20.0</speed_mph>
        </extensions>
      </trkpt>
      <trkpt lat="52.09343" lon="1.29752">
        <ele>0</ele>
        <time>2026-06-26T08:21:46.170Z</time>
        <name>390</name>
        <extensions>
          <speed_mps>8.941</speed_mps>
          <speed_mph>20.0</speed_mph>
        </extensions>
      </trkpt>
      <trkpt lat="52.09361" lon="1.29765">
        <ele>0</ele>
        <time>2026-06-26T08:21:48.619Z</time>
        <name>391</name>
        <extensions>
          <speed_mps>8.941</speed_mps>
          <speed_mph>20.0</speed_mph>
        </extensions>
      </trkpt>
      <trkpt lat="52.09385" lon="1.2978">
        <ele>0</ele>
        <time>2026-06-26T08:21:51.816Z</time>
        <name>392</name>
        <extensions>
          <speed_mps>8.941</speed_mps>
          <speed_mph>20.0</speed_mph>
        </extensions>
      </trkpt>
      <trkpt lat="52.09395" lon="1.29785">
        <ele>0</ele>
        <time>2026-06-26T08:21:53.117Z</time>
        <name>393</name>
        <extensions>
          <speed_mps>8.941</speed_mps>
          <speed_mph>20.0</speed_mph>
        </extensions>
      </trkpt>
      <trkpt lat="52.09407" lon="1.29792">
        <ele>0</ele>
        <time>2026-06-26T08:21:54.703Z</time>
        <name>394</name>
        <extensions>
          <speed_mps>8.941</speed_mps>
          <speed_mph>20.0</speed_mph>
        </extensions>
      </trkpt>
      <trkpt lat="52.09417" lon="1.29797">
        <ele>0</ele>
        <time>2026-06-26T08:21:56.004Z</time>
        <name>395</name>
        <extensions>
          <speed_mps>8.941</speed_mps>
          <speed_mph>20.0</speed_mph>
        </extensions>
      </trkpt>
      <trkpt lat="52.09432" lon="1.29803">
        <ele>0</ele>
        <time>2026-06-26T08:21:57.925Z</time>
        <name>396</name>
        <extensions>
          <speed_mps>8.941</speed_mps>
          <speed_mph>20.0</speed_mph>
        </extensions>
      </trkpt>
      <trkpt lat="52.09435" lon="1.29805">
        <ele>0</ele>
        <time>2026-06-26T08:21:58.328Z</time>
        <name>397</name>
        <extensions>
          <speed_mps>8.941</speed_mps>
          <speed_mph>20.0</speed_mph>
        </extensions>
      </trkpt>
      <trkpt lat="52.09465" lon="1.29814">
        <ele>0</ele>
        <time>2026-06-26T08:22:02.122Z</time>
        <name>398</name>
        <extensions>
          <speed_mps>8.941</speed_mps>
          <speed_mph>20.0</speed_mph>
        </extensions>
      </trkpt>
      <trkpt lat="52.09478" lon="1.29816">
        <ele>0</ele>
        <time>2026-06-26T08:22:03.746Z</time>
        <name>399</name>
        <extensions>
          <speed_mps>8.941</speed_mps>
          <speed_mph>20.0</speed_mph>
        </extensions>
      </trkpt>
      <trkpt lat="52.09482" lon="1.29818">
        <ele>0</ele>
        <time>2026-06-26T08:22:04.266Z</time>
        <name>400</name>
        <extensions>
          <speed_mps>8.941</speed_mps>
          <speed_mph>20.0</speed_mph>
        </extensions>
      </trkpt>
      <trkpt lat="52.09501" lon="1.29823">
        <ele>0</ele>
        <time>2026-06-26T08:22:06.660Z</time>
        <name>401</name>
        <extensions>
          <speed_mps>8.941</speed_mps>
          <speed_mph>20.0</speed_mph>
        </extensions>
      </trkpt>
      <trkpt lat="52.09512" lon="1.29825">
        <ele>0</ele>
        <time>2026-06-26T08:22:08.036Z</time>
        <name>402</name>
        <extensions>
          <speed_mps>8.941</speed_mps>
          <speed_mph>20.0</speed_mph>
        </extensions>
      </trkpt>
      <trkpt lat="52.09569" lon="1.29826">
        <ele>0</ele>
        <time>2026-06-26T08:22:15.126Z</time>
        <name>403</name>
        <extensions>
          <speed_mps>8.941</speed_mps>
          <speed_mph>20.0</speed_mph>
        </extensions>
      </trkpt>
      <trkpt lat="52.09576" lon="1.29823">
        <ele>0</ele>
        <time>2026-06-26T08:22:16.026Z</time>
        <name>404</name>
        <extensions>
          <speed_mps>8.941</speed_mps>
          <speed_mph>20.0</speed_mph>
        </extensions>
      </trkpt>
      <trkpt lat="52.0959" lon="1.29812">
        <ele>0</ele>
        <time>2026-06-26T08:22:17.959Z</time>
        <name>405</name>
        <extensions>
          <speed_mps>8.941</speed_mps>
          <speed_mph>20.0</speed_mph>
        </extensions>
      </trkpt>
      <trkpt lat="52.09592" lon="1.2981">
        <ele>0</ele>
        <time>2026-06-26T08:22:18.251Z</time>
        <name>406</name>
        <extensions>
          <speed_mps>8.941</speed_mps>
          <speed_mph>20.0</speed_mph>
        </extensions>
      </trkpt>
      <trkpt lat="52.09593" lon="1.29808">
        <ele>0</ele>
        <time>2026-06-26T08:22:18.448Z</time>
        <name>407</name>
        <extensions>
          <speed_mps>8.941</speed_mps>
          <speed_mph>20.0</speed_mph>
        </extensions>
      </trkpt>
      <trkpt lat="52.09596" lon="1.29805">
        <ele>0</ele>
        <time>2026-06-26T08:22:18.886Z</time>
        <name>408</name>
        <extensions>
          <speed_mps>8.941</speed_mps>
          <speed_mph>20.0</speed_mph>
        </extensions>
      </trkpt>
      <trkpt lat="52.09598" lon="1.29804">
        <ele>0</ele>
        <time>2026-06-26T08:22:19.146Z</time>
        <name>409</name>
        <extensions>
          <speed_mps>8.941</speed_mps>
          <speed_mph>20.0</speed_mph>
        </extensions>
      </trkpt>
      <trkpt lat="52.09599" lon="1.29803">
        <ele>0</ele>
        <time>2026-06-26T08:22:19.292Z</time>
        <name>410</name>
        <extensions>
          <speed_mps>8.941</speed_mps>
          <speed_mph>20.0</speed_mph>
        </extensions>
      </trkpt>
      <trkpt lat="52.09603" lon="1.29801">
        <ele>0</ele>
        <time>2026-06-26T08:22:19.813Z</time>
        <name>411</name>
        <extensions>
          <speed_mps>8.941</speed_mps>
          <speed_mph>20.0</speed_mph>
        </extensions>
      </trkpt>
      <trkpt lat="52.0961" lon="1.29801">
        <ele>0</ele>
        <time>2026-06-26T08:22:20.683Z</time>
        <name>412</name>
        <extensions>
          <speed_mps>8.941</speed_mps>
          <speed_mph>20.0</speed_mph>
        </extensions>
      </trkpt>
      <trkpt lat="52.09616" lon="1.29804">
        <ele>0</ele>
        <time>2026-06-26T08:22:21.464Z</time>
        <name>413</name>
        <extensions>
          <speed_mps>8.941</speed_mps>
          <speed_mph>20.0</speed_mph>
        </extensions>
      </trkpt>
      <trkpt lat="52.09618" lon="1.29806">
        <ele>0</ele>
        <time>2026-06-26T08:22:21.756Z</time>
        <name>414</name>
        <extensions>
          <speed_mps>8.941</speed_mps>
          <speed_mph>20.0</speed_mph>
        </extensions>
      </trkpt>
      <trkpt lat="52.09619" lon="1.29806">
        <ele>0</ele>
        <time>2026-06-26T08:22:21.880Z</time>
        <name>415</name>
        <extensions>
          <speed_mps>8.941</speed_mps>
          <speed_mph>20.0</speed_mph>
        </extensions>
      </trkpt>
      <trkpt lat="52.09619" lon="1.29807">
        <ele>0</ele>
        <time>2026-06-26T08:22:21.957Z</time>
        <name>416</name>
        <extensions>
          <speed_mps>8.941</speed_mps>
          <speed_mph>20.0</speed_mph>
        </extensions>
      </trkpt>
      <trkpt lat="52.09621" lon="1.29809">
        <ele>0</ele>
        <time>2026-06-26T08:22:22.249Z</time>
        <name>417</name>
        <extensions>
          <speed_mps>8.941</speed_mps>
          <speed_mph>20.0</speed_mph>
        </extensions>
      </trkpt>
      <trkpt lat="52.09621" lon="1.2981">
        <ele>0</ele>
        <time>2026-06-26T08:22:22.325Z</time>
        <name>418</name>
        <extensions>
          <speed_mps>8.941</speed_mps>
          <speed_mph>20.0</speed_mph>
        </extensions>
      </trkpt>
      <trkpt lat="52.09622" lon="1.29811">
        <ele>0</ele>
        <time>2026-06-26T08:22:22.471Z</time>
        <name>419</name>
        <extensions>
          <speed_mps>8.941</speed_mps>
          <speed_mph>20.0</speed_mph>
        </extensions>
      </trkpt>
      <trkpt lat="52.09623" lon="1.29811">
        <ele>0</ele>
        <time>2026-06-26T08:22:22.595Z</time>
        <name>420</name>
        <extensions>
          <speed_mps>8.941</speed_mps>
          <speed_mph>20.0</speed_mph>
        </extensions>
      </trkpt>
      <trkpt lat="52.09636" lon="1.2982">
        <ele>0</ele>
        <time>2026-06-26T08:22:24.352Z</time>
        <name>421</name>
        <extensions>
          <speed_mps>8.941</speed_mps>
          <speed_mph>20.0</speed_mph>
        </extensions>
      </trkpt>
      <trkpt lat="52.0964" lon="1.29822">
        <ele>0</ele>
        <time>2026-06-26T08:22:24.873Z</time>
        <name>422</name>
        <extensions>
          <speed_mps>8.941</speed_mps>
          <speed_mph>20.0</speed_mph>
        </extensions>
      </trkpt>
      <trkpt lat="52.09643" lon="1.29825">
        <ele>0</ele>
        <time>2026-06-26T08:22:25.311Z</time>
        <name>423</name>
        <extensions>
          <speed_mps>8.941</speed_mps>
          <speed_mph>20.0</speed_mph>
        </extensions>
      </trkpt>
      <trkpt lat="52.09648" lon="1.29826">
        <ele>0</ele>
        <time>2026-06-26T08:22:25.937Z</time>
        <name>424</name>
        <extensions>
          <speed_mps>8.941</speed_mps>
          <speed_mph>20.0</speed_mph>
        </extensions>
      </trkpt>
      <trkpt lat="52.09651" lon="1.29827">
        <ele>0</ele>
        <time>2026-06-26T08:22:26.318Z</time>
        <name>425</name>
        <extensions>
          <speed_mps>8.941</speed_mps>
          <speed_mph>20.0</speed_mph>
        </extensions>
      </trkpt>
      <trkpt lat="52.09716" lon="1.29826">
        <ele>0</ele>
        <time>2026-06-26T08:22:34.402Z</time>
        <name>426</name>
        <extensions>
          <speed_mps>8.941</speed_mps>
          <speed_mph>20.0</speed_mph>
        </extensions>
      </trkpt>
      <trkpt lat="52.09749" lon="1.29828">
        <ele>0</ele>
        <time>2026-06-26T08:22:38.509Z</time>
        <name>427</name>
        <extensions>
          <speed_mps>8.941</speed_mps>
          <speed_mph>20.0</speed_mph>
        </extensions>
      </trkpt>
      <trkpt lat="52.09763" lon="1.29831">
        <ele>0</ele>
        <time>2026-06-26T08:22:40.265Z</time>
        <name>428</name>
        <extensions>
          <speed_mps>8.941</speed_mps>
          <speed_mph>20.0</speed_mph>
        </extensions>
      </trkpt>
      <trkpt lat="52.09772" lon="1.29832">
        <ele>0</ele>
        <time>2026-06-26T08:22:41.387Z</time>
        <name>429</name>
        <extensions>
          <speed_mps>8.941</speed_mps>
          <speed_mph>20.0</speed_mph>
        </extensions>
      </trkpt>
      <trkpt lat="52.09779" lon="1.29834">
        <ele>0</ele>
        <time>2026-06-26T08:22:42.271Z</time>
        <name>430</name>
        <extensions>
          <speed_mps>8.941</speed_mps>
          <speed_mph>20.0</speed_mph>
        </extensions>
      </trkpt>
      <trkpt lat="52.09785" lon="1.29835">
        <ele>0</ele>
        <time>2026-06-26T08:22:43.021Z</time>
        <name>431</name>
        <extensions>
          <speed_mps>8.941</speed_mps>
          <speed_mph>20.0</speed_mph>
        </extensions>
      </trkpt>
      <trkpt lat="52.09791" lon="1.29838">
        <ele>0</ele>
        <time>2026-06-26T08:22:43.802Z</time>
        <name>432</name>
        <extensions>
          <speed_mps>8.941</speed_mps>
          <speed_mph>20.0</speed_mph>
        </extensions>
      </trkpt>
      <trkpt lat="52.09801" lon="1.2984">
        <ele>0</ele>
        <time>2026-06-26T08:22:45.055Z</time>
        <name>433</name>
        <extensions>
          <speed_mps>8.941</speed_mps>
          <speed_mph>20.0</speed_mph>
        </extensions>
      </trkpt>
      <trkpt lat="52.09826" lon="1.2985">
        <ele>0</ele>
        <time>2026-06-26T08:22:48.257Z</time>
        <name>434</name>
        <extensions>
          <speed_mps>8.941</speed_mps>
          <speed_mph>20.0</speed_mph>
        </extensions>
      </trkpt>
      <trkpt lat="52.09869" lon="1.29873">
        <ele>0</ele>
        <time>2026-06-26T08:22:53.886Z</time>
        <name>435</name>
        <extensions>
          <speed_mps>8.941</speed_mps>
          <speed_mph>20.0</speed_mph>
        </extensions>
      </trkpt>
      <trkpt lat="52.09916" lon="1.29905">
        <ele>0</ele>
        <time>2026-06-26T08:23:00.222Z</time>
        <name>436</name>
        <extensions>
          <speed_mps>8.941</speed_mps>
          <speed_mph>20.0</speed_mph>
        </extensions>
      </trkpt>
      <trkpt lat="52.09921" lon="1.29909">
        <ele>0</ele>
        <time>2026-06-26T08:23:00.915Z</time>
        <name>437</name>
        <extensions>
          <speed_mps>8.941</speed_mps>
          <speed_mph>20.0</speed_mph>
        </extensions>
      </trkpt>
      <trkpt lat="52.09974" lon="1.29944">
        <ele>0</ele>
        <time>2026-06-26T08:23:08.028Z</time>
        <name>438</name>
        <extensions>
          <speed_mps>8.941</speed_mps>
          <speed_mph>20.0</speed_mph>
        </extensions>
      </trkpt>
      <trkpt lat="52.10108" lon="1.30019">
        <ele>0</ele>
        <time>2026-06-26T08:23:25.651Z</time>
        <name>439</name>
        <extensions>
          <speed_mps>8.941</speed_mps>
          <speed_mph>20.0</speed_mph>
        </extensions>
      </trkpt>
      <trkpt lat="52.10137" lon="1.30038">
        <ele>0</ele>
        <time>2026-06-26T08:23:29.538Z</time>
        <name>440</name>
        <extensions>
          <speed_mps>8.941</speed_mps>
          <speed_mph>20.0</speed_mph>
        </extensions>
      </trkpt>
      <trkpt lat="52.10176" lon="1.3007">
        <ele>0</ele>
        <time>2026-06-26T08:23:34.970Z</time>
        <name>441</name>
        <extensions>
          <speed_mps>8.941</speed_mps>
          <speed_mph>20.0</speed_mph>
        </extensions>
      </trkpt>
      <trkpt lat="52.10193" lon="1.30087">
        <ele>0</ele>
        <time>2026-06-26T08:23:37.451Z</time>
        <name>442</name>
        <extensions>
          <speed_mps>8.941</speed_mps>
          <speed_mph>20.0</speed_mph>
        </extensions>
      </trkpt>
      <trkpt lat="52.1022" lon="1.30117">
        <ele>0</ele>
        <time>2026-06-26T08:23:41.517Z</time>
        <name>443</name>
        <extensions>
          <speed_mps>8.941</speed_mps>
          <speed_mph>20.0</speed_mph>
        </extensions>
      </trkpt>
      <trkpt lat="52.10243" lon="1.30148">
        <ele>0</ele>
        <time>2026-06-26T08:23:45.230Z</time>
        <name>444</name>
        <extensions>
          <speed_mps>8.941</speed_mps>
          <speed_mph>20.0</speed_mph>
        </extensions>
      </trkpt>
      <trkpt lat="52.10266" lon="1.30184">
        <ele>0</ele>
        <time>2026-06-26T08:23:49.198Z</time>
        <name>445</name>
        <extensions>
          <speed_mps>8.941</speed_mps>
          <speed_mph>20.0</speed_mph>
        </extensions>
      </trkpt>
      <trkpt lat="52.1029" lon="1.3023">
        <ele>0</ele>
        <time>2026-06-26T08:23:53.809Z</time>
        <name>446</name>
        <extensions>
          <speed_mps>8.941</speed_mps>
          <speed_mph>20.0</speed_mph>
        </extensions>
      </trkpt>
      <trkpt lat="52.10316" lon="1.30288">
        <ele>0</ele>
        <time>2026-06-26T08:23:59.294Z</time>
        <name>447</name>
        <extensions>
          <speed_mps>8.941</speed_mps>
          <speed_mph>20.0</speed_mph>
        </extensions>
      </trkpt>
      <trkpt lat="52.10332" lon="1.30328">
        <ele>0</ele>
        <time>2026-06-26T08:24:02.941Z</time>
        <name>448</name>
        <extensions>
          <speed_mps>8.941</speed_mps>
          <speed_mph>20.0</speed_mph>
        </extensions>
      </trkpt>
      <trkpt lat="52.10334" lon="1.30336">
        <ele>0</ele>
        <time>2026-06-26T08:24:03.600Z</time>
        <name>449</name>
        <extensions>
          <speed_mps>8.941</speed_mps>
          <speed_mph>20.0</speed_mph>
        </extensions>
      </trkpt>
      <trkpt lat="52.10338" lon="1.30347">
        <ele>0</ele>
        <time>2026-06-26T08:24:04.577Z</time>
        <name>450</name>
        <extensions>
          <speed_mps>8.941</speed_mps>
          <speed_mph>20.0</speed_mph>
        </extensions>
      </trkpt>
      <trkpt lat="52.10342" lon="1.30356">
        <ele>0</ele>
        <time>2026-06-26T08:24:05.426Z</time>
        <name>451</name>
        <extensions>
          <speed_mps>8.941</speed_mps>
          <speed_mph>20.0</speed_mph>
        </extensions>
      </trkpt>
      <trkpt lat="52.10354" lon="1.30389">
        <ele>0</ele>
        <time>2026-06-26T08:24:08.355Z</time>
        <name>452</name>
        <extensions>
          <speed_mps>8.941</speed_mps>
          <speed_mph>20.0</speed_mph>
        </extensions>
      </trkpt>
      <trkpt lat="52.10355" lon="1.30391">
        <ele>0</ele>
        <time>2026-06-26T08:24:08.552Z</time>
        <name>453</name>
        <extensions>
          <speed_mps>8.941</speed_mps>
          <speed_mph>20.0</speed_mph>
        </extensions>
      </trkpt>
      <trkpt lat="52.10358" lon="1.30401">
        <ele>0</ele>
        <time>2026-06-26T08:24:09.402Z</time>
        <name>454</name>
        <extensions>
          <speed_mps>8.941</speed_mps>
          <speed_mph>20.0</speed_mph>
        </extensions>
      </trkpt>
      <trkpt lat="52.10363" lon="1.30413">
        <ele>0</ele>
        <time>2026-06-26T08:24:10.510Z</time>
        <name>455</name>
        <extensions>
          <speed_mps>8.941</speed_mps>
          <speed_mph>20.0</speed_mph>
        </extensions>
      </trkpt>
      <trkpt lat="52.10391" lon="1.30492">
        <ele>0</ele>
        <time>2026-06-26T08:24:17.478Z</time>
        <name>456</name>
        <extensions>
          <speed_mps>8.941</speed_mps>
          <speed_mph>20.0</speed_mph>
        </extensions>
      </trkpt>
      <trkpt lat="52.10397" lon="1.30506">
        <ele>0</ele>
        <time>2026-06-26T08:24:18.782Z</time>
        <name>457</name>
        <extensions>
          <speed_mps>8.941</speed_mps>
          <speed_mph>20.0</speed_mph>
        </extensions>
      </trkpt>
      <trkpt lat="52.10406" lon="1.30533">
        <ele>0</ele>
        <time>2026-06-26T08:24:21.128Z</time>
        <name>458</name>
        <extensions>
          <speed_mps>8.941</speed_mps>
          <speed_mph>20.0</speed_mph>
        </extensions>
      </trkpt>
      <trkpt lat="52.10434" lon="1.30608">
        <ele>0</ele>
        <time>2026-06-26T08:24:27.833Z</time>
        <name>459</name>
        <extensions>
          <speed_mps>8.941</speed_mps>
          <speed_mph>20.0</speed_mph>
        </extensions>
      </trkpt>
      <trkpt lat="52.10437" lon="1.30618">
        <ele>0</ele>
        <time>2026-06-26T08:24:28.683Z</time>
        <name>460</name>
        <extensions>
          <speed_mps>8.941</speed_mps>
          <speed_mph>20.0</speed_mph>
        </extensions>
      </trkpt>
      <trkpt lat="52.10508" lon="1.30806">
        <ele>0</ele>
        <time>2026-06-26T08:24:45.542Z</time>
        <name>461</name>
        <extensions>
          <speed_mps>8.941</speed_mps>
          <speed_mph>20.0</speed_mph>
        </extensions>
      </trkpt>
      <trkpt lat="52.10539" lon="1.30872">
        <ele>0</ele>
        <time>2026-06-26T08:24:51.888Z</time>
        <name>462</name>
        <extensions>
          <speed_mps>8.941</speed_mps>
          <speed_mph>20.0</speed_mph>
        </extensions>
      </trkpt>
      <trkpt lat="52.10555" lon="1.30901">
        <ele>0</ele>
        <time>2026-06-26T08:24:54.866Z</time>
        <name>463</name>
        <extensions>
          <speed_mps>8.941</speed_mps>
          <speed_mph>20.0</speed_mph>
        </extensions>
      </trkpt>
      <trkpt lat="52.10555" lon="1.30902">
        <ele>0</ele>
        <time>2026-06-26T08:24:54.943Z</time>
        <name>464</name>
        <extensions>
          <speed_mps>8.941</speed_mps>
          <speed_mph>20.0</speed_mph>
        </extensions>
      </trkpt>
      <trkpt lat="52.10558" lon="1.30907">
        <ele>0</ele>
        <time>2026-06-26T08:24:55.477Z</time>
        <name>465</name>
        <extensions>
          <speed_mps>8.941</speed_mps>
          <speed_mph>20.0</speed_mph>
        </extensions>
      </trkpt>
      <trkpt lat="52.10564" lon="1.30919">
        <ele>0</ele>
        <time>2026-06-26T08:24:56.659Z</time>
        <name>466</name>
        <extensions>
          <speed_mps>8.941</speed_mps>
          <speed_mph>20.0</speed_mph>
        </extensions>
      </trkpt>
      <trkpt lat="52.10566" lon="1.3092">
        <ele>0</ele>
        <time>2026-06-26T08:24:56.919Z</time>
        <name>467</name>
        <extensions>
          <speed_mps>8.941</speed_mps>
          <speed_mph>20.0</speed_mph>
        </extensions>
      </trkpt>
      <trkpt lat="52.10567" lon="1.30922">
        <ele>0</ele>
        <time>2026-06-26T08:24:57.116Z</time>
        <name>468</name>
        <extensions>
          <speed_mps>8.941</speed_mps>
          <speed_mph>20.0</speed_mph>
        </extensions>
      </trkpt>
      <trkpt lat="52.10569" lon="1.30924">
        <ele>0</ele>
        <time>2026-06-26T08:24:57.408Z</time>
        <name>469</name>
        <extensions>
          <speed_mps>8.941</speed_mps>
          <speed_mph>20.0</speed_mph>
        </extensions>
      </trkpt>
      <trkpt lat="52.10577" lon="1.30928">
        <ele>0</ele>
        <time>2026-06-26T08:24:58.448Z</time>
        <name>470</name>
        <extensions>
          <speed_mps>8.941</speed_mps>
          <speed_mph>20.0</speed_mph>
        </extensions>
      </trkpt>
      <trkpt lat="52.10587" lon="1.30931">
        <ele>0</ele>
        <time>2026-06-26T08:24:59.713Z</time>
        <name>471</name>
        <extensions>
          <speed_mps>8.941</speed_mps>
          <speed_mph>20.0</speed_mph>
        </extensions>
      </trkpt>
      <trkpt lat="52.10591" lon="1.3093">
        <ele>0</ele>
        <time>2026-06-26T08:25:00.216Z</time>
        <name>472</name>
        <extensions>
          <speed_mps>8.941</speed_mps>
          <speed_mph>20.0</speed_mph>
        </extensions>
      </trkpt>
      <trkpt lat="52.10594" lon="1.3093">
        <ele>0</ele>
        <time>2026-06-26T08:25:00.589Z</time>
        <name>473</name>
        <extensions>
          <speed_mps>8.941</speed_mps>
          <speed_mph>20.0</speed_mph>
        </extensions>
      </trkpt>
      <trkpt lat="52.106" lon="1.30932">
        <ele>0</ele>
        <time>2026-06-26T08:25:01.351Z</time>
        <name>474</name>
        <extensions>
          <speed_mps>8.941</speed_mps>
          <speed_mph>20.0</speed_mph>
        </extensions>
      </trkpt>
      <trkpt lat="52.10603" lon="1.30934">
        <ele>0</ele>
        <time>2026-06-26T08:25:01.754Z</time>
        <name>475</name>
        <extensions>
          <speed_mps>8.941</speed_mps>
          <speed_mph>20.0</speed_mph>
        </extensions>
      </trkpt>
      <trkpt lat="52.10605" lon="1.30937">
        <ele>0</ele>
        <time>2026-06-26T08:25:02.093Z</time>
        <name>476</name>
        <extensions>
          <speed_mps>8.941</speed_mps>
          <speed_mph>20.0</speed_mph>
        </extensions>
      </trkpt>
      <trkpt lat="52.10608" lon="1.3094">
        <ele>0</ele>
        <time>2026-06-26T08:25:02.530Z</time>
        <name>477</name>
        <extensions>
          <speed_mps>8.941</speed_mps>
          <speed_mph>20.0</speed_mph>
        </extensions>
      </trkpt>
      <trkpt lat="52.1061" lon="1.30944">
        <ele>0</ele>
        <time>2026-06-26T08:25:02.924Z</time>
        <name>478</name>
        <extensions>
          <speed_mps>8.941</speed_mps>
          <speed_mph>20.0</speed_mph>
        </extensions>
      </trkpt>
      <trkpt lat="52.10612" lon="1.30947">
        <ele>0</ele>
        <time>2026-06-26T08:25:03.263Z</time>
        <name>479</name>
        <extensions>
          <speed_mps>8.941</speed_mps>
          <speed_mph>20.0</speed_mph>
        </extensions>
      </trkpt>
      <trkpt lat="52.10613" lon="1.30952">
        <ele>0</ele>
        <time>2026-06-26T08:25:03.664Z</time>
        <name>480</name>
        <extensions>
          <speed_mps>8.941</speed_mps>
          <speed_mph>20.0</speed_mph>
        </extensions>
      </trkpt>
      <trkpt lat="52.1063" lon="1.30986">
        <ele>0</ele>
        <time>2026-06-26T08:25:07.013Z</time>
        <name>481</name>
        <extensions>
          <speed_mps>8.941</speed_mps>
          <speed_mph>20.0</speed_mph>
        </extensions>
      </trkpt>
      <trkpt lat="52.10649" lon="1.31017">
        <ele>0</ele>
        <time>2026-06-26T08:25:10.358Z</time>
        <name>482</name>
        <extensions>
          <speed_mps>8.941</speed_mps>
          <speed_mph>20.0</speed_mph>
        </extensions>
      </trkpt>
      <trkpt lat="52.10649" lon="1.31018">
        <ele>0</ele>
        <time>2026-06-26T08:25:10.435Z</time>
        <name>483</name>
        <extensions>
          <speed_mps>8.941</speed_mps>
          <speed_mph>20.0</speed_mph>
        </extensions>
      </trkpt>
      <trkpt lat="52.10664" lon="1.31036">
        <ele>0</ele>
        <time>2026-06-26T08:25:12.752Z</time>
        <name>484</name>
        <extensions>
          <speed_mps>8.941</speed_mps>
          <speed_mph>20.0</speed_mph>
        </extensions>
      </trkpt>
      <trkpt lat="52.1068" lon="1.31049">
        <ele>0</ele>
        <time>2026-06-26T08:25:14.976Z</time>
        <name>485</name>
        <extensions>
          <speed_mps>8.941</speed_mps>
          <speed_mph>20.0</speed_mph>
        </extensions>
      </trkpt>
      <trkpt lat="52.10689" lon="1.31055">
        <ele>0</ele>
        <time>2026-06-26T08:25:16.186Z</time>
        <name>486</name>
        <extensions>
          <speed_mps>8.941</speed_mps>
          <speed_mph>20.0</speed_mph>
        </extensions>
      </trkpt>
      <trkpt lat="52.10699" lon="1.31066">
        <ele>0</ele>
        <time>2026-06-26T08:25:17.687Z</time>
        <name>487</name>
        <extensions>
          <speed_mps>8.941</speed_mps>
          <speed_mph>20.0</speed_mph>
        </extensions>
      </trkpt>
      <trkpt lat="52.10746" lon="1.31089">
        <ele>0</ele>
        <time>2026-06-26T08:25:23.790Z</time>
        <name>488</name>
        <extensions>
          <speed_mps>8.941</speed_mps>
          <speed_mph>20.0</speed_mph>
        </extensions>
      </trkpt>
      <trkpt lat="52.10766" lon="1.31097">
        <ele>0</ele>
        <time>2026-06-26T08:25:26.352Z</time>
        <name>489</name>
        <extensions>
          <speed_mps>8.941</speed_mps>
          <speed_mph>20.0</speed_mph>
        </extensions>
      </trkpt>
      <trkpt lat="52.10781" lon="1.31102">
        <ele>0</ele>
        <time>2026-06-26T08:25:28.256Z</time>
        <name>490</name>
        <extensions>
          <speed_mps>8.941</speed_mps>
          <speed_mph>20.0</speed_mph>
        </extensions>
      </trkpt>
      <trkpt lat="52.10783" lon="1.31103">
        <ele>0</ele>
        <time>2026-06-26T08:25:28.516Z</time>
        <name>491</name>
        <extensions>
          <speed_mps>8.941</speed_mps>
          <speed_mph>20.0</speed_mph>
        </extensions>
      </trkpt>
      <trkpt lat="52.10909" lon="1.31142">
        <ele>0</ele>
        <time>2026-06-26T08:25:44.467Z</time>
        <name>492</name>
        <extensions>
          <speed_mps>8.941</speed_mps>
          <speed_mph>20.0</speed_mph>
        </extensions>
      </trkpt>
      <trkpt lat="52.10937" lon="1.31149">
        <ele>0</ele>
        <time>2026-06-26T08:25:47.990Z</time>
        <name>493</name>
        <extensions>
          <speed_mps>8.941</speed_mps>
          <speed_mph>20.0</speed_mph>
        </extensions>
      </trkpt>
      <trkpt lat="52.1126" lon="1.31245">
        <ele>0</ele>
        <time>2026-06-26T08:26:28.825Z</time>
        <name>494</name>
        <extensions>
          <speed_mps>8.941</speed_mps>
          <speed_mph>20.0</speed_mph>
        </extensions>
      </trkpt>
      <trkpt lat="52.11261" lon="1.31245">
        <ele>0</ele>
        <time>2026-06-26T08:26:28.949Z</time>
        <name>495</name>
        <extensions>
          <speed_mps>8.941</speed_mps>
          <speed_mph>20.0</speed_mph>
        </extensions>
      </trkpt>
      <trkpt lat="52.11381" lon="1.3128">
        <ele>0</ele>
        <time>2026-06-26T08:26:44.111Z</time>
        <name>496</name>
        <extensions>
          <speed_mps>8.941</speed_mps>
          <speed_mph>20.0</speed_mph>
        </extensions>
      </trkpt>
      <trkpt lat="52.11414" lon="1.31291">
        <ele>0</ele>
        <time>2026-06-26T08:26:48.300Z</time>
        <name>497</name>
        <extensions>
          <speed_mps>8.941</speed_mps>
          <speed_mph>20.0</speed_mph>
        </extensions>
      </trkpt>
      <trkpt lat="52.11432" lon="1.31296">
        <ele>0</ele>
        <time>2026-06-26T08:26:50.571Z</time>
        <name>498</name>
        <extensions>
          <speed_mps>8.941</speed_mps>
          <speed_mph>20.0</speed_mph>
        </extensions>
      </trkpt>
      <trkpt lat="52.1144" lon="1.31299">
        <ele>0</ele>
        <time>2026-06-26T08:26:51.592Z</time>
        <name>499</name>
        <extensions>
          <speed_mps>8.941</speed_mps>
          <speed_mph>20.0</speed_mph>
        </extensions>
      </trkpt>
      <trkpt lat="52.11476" lon="1.31316">
        <ele>0</ele>
        <time>2026-06-26T08:26:56.254Z</time>
        <name>500</name>
        <extensions>
          <speed_mps>8.941</speed_mps>
          <speed_mph>20.0</speed_mph>
        </extensions>
      </trkpt>
      <trkpt lat="52.11486" lon="1.3132">
        <ele>0</ele>
        <time>2026-06-26T08:26:57.534Z</time>
        <name>501</name>
        <extensions>
          <speed_mps>8.941</speed_mps>
          <speed_mph>20.0</speed_mph>
        </extensions>
      </trkpt>
      <trkpt lat="52.11552" lon="1.31357">
        <ele>0</ele>
        <time>2026-06-26T08:27:06.215Z</time>
        <name>502</name>
        <extensions>
          <speed_mps>8.941</speed_mps>
          <speed_mph>20.0</speed_mph>
        </extensions>
      </trkpt>
      <trkpt lat="52.11588" lon="1.31381">
        <ele>0</ele>
        <time>2026-06-26T08:27:11.053Z</time>
        <name>503</name>
        <extensions>
          <speed_mps>8.941</speed_mps>
          <speed_mph>20.0</speed_mph>
        </extensions>
      </trkpt>
      <trkpt lat="52.11647" lon="1.31426">
        <ele>0</ele>
        <time>2026-06-26T08:27:19.156Z</time>
        <name>504</name>
        <extensions>
          <speed_mps>8.941</speed_mps>
          <speed_mph>20.0</speed_mph>
        </extensions>
      </trkpt>
      <trkpt lat="52.11677" lon="1.31453">
        <ele>0</ele>
        <time>2026-06-26T08:27:23.419Z</time>
        <name>505</name>
        <extensions>
          <speed_mps>8.941</speed_mps>
          <speed_mph>20.0</speed_mph>
        </extensions>
      </trkpt>
      <trkpt lat="52.1169" lon="1.3146">
        <ele>0</ele>
        <time>2026-06-26T08:27:25.122Z</time>
        <name>506</name>
        <extensions>
          <speed_mps>8.941</speed_mps>
          <speed_mph>20.0</speed_mph>
        </extensions>
      </trkpt>
      <trkpt lat="52.11748" lon="1.31528">
        <ele>0</ele>
        <time>2026-06-26T08:27:34.010Z</time>
        <name>507</name>
        <extensions>
          <speed_mps>8.941</speed_mps>
          <speed_mph>20.0</speed_mph>
        </extensions>
      </trkpt>
      <trkpt lat="52.11793" lon="1.31589">
        <ele>0</ele>
        <time>2026-06-26T08:27:41.291Z</time>
        <name>508</name>
        <extensions>
          <speed_mps>8.941</speed_mps>
          <speed_mph>20.0</speed_mph>
        </extensions>
      </trkpt>
      <trkpt lat="52.11989" lon="1.31882">
        <ele>0</ele>
        <time>2026-06-26T08:28:14.380Z</time>
        <name>509</name>
        <extensions>
          <speed_mps>8.941</speed_mps>
          <speed_mph>20.0</speed_mph>
        </extensions>
      </trkpt>
      <trkpt lat="52.11995" lon="1.31889">
        <ele>0</ele>
        <time>2026-06-26T08:28:15.298Z</time>
        <name>510</name>
        <extensions>
          <speed_mps>8.941</speed_mps>
          <speed_mph>20.0</speed_mph>
        </extensions>
      </trkpt>
      <trkpt lat="52.12027" lon="1.31941">
        <ele>0</ele>
        <time>2026-06-26T08:28:20.920Z</time>
        <name>511</name>
        <extensions>
          <speed_mps>8.941</speed_mps>
          <speed_mph>20.0</speed_mph>
        </extensions>
      </trkpt>
      <trkpt lat="52.12066" lon="1.32011">
        <ele>0</ele>
        <time>2026-06-26T08:28:28.137Z</time>
        <name>512</name>
        <extensions>
          <speed_mps>8.941</speed_mps>
          <speed_mph>20.0</speed_mph>
        </extensions>
      </trkpt>
      <trkpt lat="52.12098" lon="1.32073">
        <ele>0</ele>
        <time>2026-06-26T08:28:34.322Z</time>
        <name>513</name>
        <extensions>
          <speed_mps>8.941</speed_mps>
          <speed_mph>20.0</speed_mph>
        </extensions>
      </trkpt>
      <trkpt lat="52.12129" lon="1.32146">
        <ele>0</ele>
        <time>2026-06-26T08:28:41.100Z</time>
        <name>514</name>
        <extensions>
          <speed_mps>8.941</speed_mps>
          <speed_mph>20.0</speed_mph>
        </extensions>
      </trkpt>
      <trkpt lat="52.12166" lon="1.3225">
        <ele>0</ele>
        <time>2026-06-26T08:28:50.279Z</time>
        <name>515</name>
        <extensions>
          <speed_mps>8.941</speed_mps>
          <speed_mph>20.0</speed_mph>
        </extensions>
      </trkpt>
      <trkpt lat="52.12196" lon="1.32349">
        <ele>0</ele>
        <time>2026-06-26T08:28:58.709Z</time>
        <name>516</name>
        <extensions>
          <speed_mps>8.941</speed_mps>
          <speed_mph>20.0</speed_mph>
        </extensions>
      </trkpt>
      <trkpt lat="52.12203" lon="1.32376">
        <ele>0</ele>
        <time>2026-06-26T08:29:00.947Z</time>
        <name>517</name>
        <extensions>
          <speed_mps>8.941</speed_mps>
          <speed_mph>20.0</speed_mph>
        </extensions>
      </trkpt>
      <trkpt lat="52.12227" lon="1.32484">
        <ele>0</ele>
        <time>2026-06-26T08:29:09.717Z</time>
        <name>518</name>
        <extensions>
          <speed_mps>8.941</speed_mps>
          <speed_mph>20.0</speed_mph>
        </extensions>
      </trkpt>
      <trkpt lat="52.12236" lon="1.3254">
        <ele>0</ele>
        <time>2026-06-26T08:29:14.137Z</time>
        <name>519</name>
        <extensions>
          <speed_mps>8.941</speed_mps>
          <speed_mph>20.0</speed_mph>
        </extensions>
      </trkpt>
      <trkpt lat="52.12252" lon="1.32666">
        <ele>0</ele>
        <time>2026-06-26T08:29:23.962Z</time>
        <name>520</name>
        <extensions>
          <speed_mps>8.941</speed_mps>
          <speed_mph>20.0</speed_mph>
        </extensions>
      </trkpt>
      <trkpt lat="52.12255" lon="1.3272">
        <ele>0</ele>
        <time>2026-06-26T08:29:28.102Z</time>
        <name>521</name>
        <extensions>
          <speed_mps>8.941</speed_mps>
          <speed_mph>20.0</speed_mph>
        </extensions>
      </trkpt>
      <trkpt lat="52.12252" lon="1.32732">
        <ele>0</ele>
        <time>2026-06-26T08:29:29.092Z</time>
        <name>522</name>
        <extensions>
          <speed_mps>8.941</speed_mps>
          <speed_mph>20.0</speed_mph>
        </extensions>
      </trkpt>
      <trkpt lat="52.12255" lon="1.32753">
        <ele>0</ele>
        <time>2026-06-26T08:29:30.738Z</time>
        <name>523</name>
        <extensions>
          <speed_mps>8.941</speed_mps>
          <speed_mph>20.0</speed_mph>
        </extensions>
      </trkpt>
      <trkpt lat="52.12269" lon="1.32952">
        <ele>0</ele>
        <time>2026-06-26T08:29:46.033Z</time>
        <name>524</name>
        <extensions>
          <speed_mps>8.941</speed_mps>
          <speed_mph>20.0</speed_mph>
        </extensions>
      </trkpt>
      <trkpt lat="52.12275" lon="1.32976">
        <ele>0</ele>
        <time>2026-06-26T08:29:48.012Z</time>
        <name>525</name>
        <extensions>
          <speed_mps>8.941</speed_mps>
          <speed_mph>20.0</speed_mph>
        </extensions>
      </trkpt>
      <trkpt lat="52.12295" lon="1.33138">
        <ele>0</ele>
        <time>2026-06-26T08:30:00.629Z</time>
        <name>526</name>
        <extensions>
          <speed_mps>8.941</speed_mps>
          <speed_mph>20.0</speed_mph>
        </extensions>
      </trkpt>
      <trkpt lat="52.1232" lon="1.33283">
        <ele>0</ele>
        <time>2026-06-26T08:30:12.129Z</time>
        <name>527</name>
        <extensions>
          <speed_mps>8.941</speed_mps>
          <speed_mph>20.0</speed_mph>
        </extensions>
      </trkpt>
      <trkpt lat="52.12326" lon="1.33312">
        <ele>0</ele>
        <time>2026-06-26T08:30:14.466Z</time>
        <name>528</name>
        <extensions>
          <speed_mps>8.941</speed_mps>
          <speed_mph>20.0</speed_mph>
        </extensions>
      </trkpt>
      <trkpt lat="52.12326" lon="1.33316">
        <ele>0</ele>
        <time>2026-06-26T08:30:14.772Z</time>
        <name>529</name>
        <extensions>
          <speed_mps>8.941</speed_mps>
          <speed_mph>20.0</speed_mph>
        </extensions>
      </trkpt>
      <trkpt lat="52.1234" lon="1.33379">
        <ele>0</ele>
        <time>2026-06-26T08:30:19.887Z</time>
        <name>530</name>
        <extensions>
          <speed_mps>8.941</speed_mps>
          <speed_mph>20.0</speed_mph>
        </extensions>
      </trkpt>
      <trkpt lat="52.12373" lon="1.3351">
        <ele>0</ele>
        <time>2026-06-26T08:30:30.699Z</time>
        <name>531</name>
        <extensions>
          <speed_mps>8.941</speed_mps>
          <speed_mph>20.0</speed_mph>
        </extensions>
      </trkpt>
      <trkpt lat="52.12383" lon="1.33541">
        <ele>0</ele>
        <time>2026-06-26T08:30:33.373Z</time>
        <name>532</name>
        <extensions>
          <speed_mps>8.941</speed_mps>
          <speed_mph>20.0</speed_mph>
        </extensions>
      </trkpt>
      <trkpt lat="52.12388" lon="1.3356">
        <ele>0</ele>
        <time>2026-06-26T08:30:34.952Z</time>
        <name>533</name>
        <extensions>
          <speed_mps>8.941</speed_mps>
          <speed_mph>20.0</speed_mph>
        </extensions>
      </trkpt>
      <trkpt lat="52.12401" lon="1.33602">
        <ele>0</ele>
        <time>2026-06-26T08:30:38.543Z</time>
        <name>534</name>
        <extensions>
          <speed_mps>8.941</speed_mps>
          <speed_mph>20.0</speed_mph>
        </extensions>
      </trkpt>
      <trkpt lat="52.12431" lon="1.3369">
        <ele>0</ele>
        <time>2026-06-26T08:30:46.229Z</time>
        <name>535</name>
        <extensions>
          <speed_mps>8.941</speed_mps>
          <speed_mph>20.0</speed_mph>
        </extensions>
      </trkpt>
      <trkpt lat="52.12449" lon="1.33738">
        <ele>0</ele>
        <time>2026-06-26T08:30:50.524Z</time>
        <name>536</name>
        <extensions>
          <speed_mps>8.941</speed_mps>
          <speed_mph>20.0</speed_mph>
        </extensions>
      </trkpt>
      <trkpt lat="52.12514" lon="1.33892">
        <ele>0</ele>
        <time>2026-06-26T08:31:04.793Z</time>
        <name>537</name>
        <extensions>
          <speed_mps>8.941</speed_mps>
          <speed_mph>20.0</speed_mph>
        </extensions>
      </trkpt>
      <trkpt lat="52.12547" lon="1.33961">
        <ele>0</ele>
        <time>2026-06-26T08:31:11.471Z</time>
        <name>538</name>
        <extensions>
          <speed_mps>8.941</speed_mps>
          <speed_mph>20.0</speed_mph>
        </extensions>
      </trkpt>
      <trkpt lat="52.12547" lon="1.33962">
        <ele>0</ele>
        <time>2026-06-26T08:31:11.548Z</time>
        <name>539</name>
        <extensions>
          <speed_mps>8.941</speed_mps>
          <speed_mph>20.0</speed_mph>
        </extensions>
      </trkpt>
      <trkpt lat="52.12616" lon="1.34096">
        <ele>0</ele>
        <time>2026-06-26T08:31:24.901Z</time>
        <name>540</name>
        <extensions>
          <speed_mps>8.941</speed_mps>
          <speed_mph>20.0</speed_mph>
        </extensions>
      </trkpt>
      <trkpt lat="52.12704" lon="1.34244">
        <ele>0</ele>
        <time>2026-06-26T08:31:40.633Z</time>
        <name>541</name>
        <extensions>
          <speed_mps>8.941</speed_mps>
          <speed_mph>20.0</speed_mph>
        </extensions>
      </trkpt>
      <trkpt lat="52.12747" lon="1.3431">
        <ele>0</ele>
        <time>2026-06-26T08:31:47.981Z</time>
        <name>542</name>
        <extensions>
          <speed_mps>8.941</speed_mps>
          <speed_mph>20.0</speed_mph>
        </extensions>
      </trkpt>
      <trkpt lat="52.12813" lon="1.34403">
        <ele>0</ele>
        <time>2026-06-26T08:31:58.834Z</time>
        <name>543</name>
        <extensions>
          <speed_mps>8.941</speed_mps>
          <speed_mph>20.0</speed_mph>
        </extensions>
      </trkpt>
      <trkpt lat="52.12822" lon="1.34414">
        <ele>0</ele>
        <time>2026-06-26T08:32:00.233Z</time>
        <name>544</name>
        <extensions>
          <speed_mps>8.941</speed_mps>
          <speed_mph>20.0</speed_mph>
        </extensions>
      </trkpt>
      <trkpt lat="52.12841" lon="1.3444">
        <ele>0</ele>
        <time>2026-06-26T08:32:03.319Z</time>
        <name>545</name>
        <extensions>
          <speed_mps>8.941</speed_mps>
          <speed_mph>20.0</speed_mph>
        </extensions>
      </trkpt>
      <trkpt lat="52.12843" lon="1.34442">
        <ele>0</ele>
        <time>2026-06-26T08:32:03.611Z</time>
        <name>546</name>
        <extensions>
          <speed_mps>8.941</speed_mps>
          <speed_mph>20.0</speed_mph>
        </extensions>
      </trkpt>
      <trkpt lat="52.12851" lon="1.34453">
        <ele>0</ele>
        <time>2026-06-26T08:32:04.913Z</time>
        <name>547</name>
        <extensions>
          <speed_mps>8.941</speed_mps>
          <speed_mph>20.0</speed_mph>
        </extensions>
      </trkpt>
      <trkpt lat="52.12931" lon="1.34549">
        <ele>0</ele>
        <time>2026-06-26T08:32:17.271Z</time>
        <name>548</name>
        <extensions>
          <speed_mps>8.941</speed_mps>
          <speed_mph>20.0</speed_mph>
        </extensions>
      </trkpt>
      <trkpt lat="52.12985" lon="1.34606">
        <ele>0</ele>
        <time>2026-06-26T08:32:25.273Z</time>
        <name>549</name>
        <extensions>
          <speed_mps>8.941</speed_mps>
          <speed_mph>20.0</speed_mph>
        </extensions>
      </trkpt>
      <trkpt lat="52.12985" lon="1.34607">
        <ele>0</ele>
        <time>2026-06-26T08:32:25.350Z</time>
        <name>550</name>
        <extensions>
          <speed_mps>8.941</speed_mps>
          <speed_mph>20.0</speed_mph>
        </extensions>
      </trkpt>
      <trkpt lat="52.13105" lon="1.34728">
        <ele>0</ele>
        <time>2026-06-26T08:32:42.902Z</time>
        <name>551</name>
        <extensions>
          <speed_mps>8.941</speed_mps>
          <speed_mph>20.0</speed_mph>
        </extensions>
      </trkpt>
      <trkpt lat="52.13154" lon="1.34782">
        <ele>0</ele>
        <time>2026-06-26T08:32:50.259Z</time>
        <name>552</name>
        <extensions>
          <speed_mps>8.941</speed_mps>
          <speed_mph>20.0</speed_mph>
        </extensions>
      </trkpt>
      <trkpt lat="52.13158" lon="1.34788">
        <ele>0</ele>
        <time>2026-06-26T08:32:50.935Z</time>
        <name>553</name>
        <extensions>
          <speed_mps>8.941</speed_mps>
          <speed_mph>20.0</speed_mph>
        </extensions>
      </trkpt>
      <trkpt lat="52.13177" lon="1.3481">
        <ele>0</ele>
        <time>2026-06-26T08:32:53.834Z</time>
        <name>554</name>
        <extensions>
          <speed_mps>8.941</speed_mps>
          <speed_mph>20.0</speed_mph>
        </extensions>
      </trkpt>
      <trkpt lat="52.13195" lon="1.34834">
        <ele>0</ele>
        <time>2026-06-26T08:32:56.727Z</time>
        <name>555</name>
        <extensions>
          <speed_mps>8.941</speed_mps>
          <speed_mph>20.0</speed_mph>
        </extensions>
      </trkpt>
      <trkpt lat="52.13201" lon="1.34841">
        <ele>0</ele>
        <time>2026-06-26T08:32:57.645Z</time>
        <name>556</name>
        <extensions>
          <speed_mps>8.941</speed_mps>
          <speed_mph>20.0</speed_mph>
        </extensions>
      </trkpt>
      <trkpt lat="52.13201" lon="1.34842">
        <ele>0</ele>
        <time>2026-06-26T08:32:57.721Z</time>
        <name>557</name>
        <extensions>
          <speed_mps>8.941</speed_mps>
          <speed_mph>20.0</speed_mph>
        </extensions>
      </trkpt>
      <trkpt lat="52.13222" lon="1.3487">
        <ele>0</ele>
        <time>2026-06-26T08:33:01.096Z</time>
        <name>558</name>
        <extensions>
          <speed_mps>8.941</speed_mps>
          <speed_mph>20.0</speed_mph>
        </extensions>
      </trkpt>
      <trkpt lat="52.13281" lon="1.34959">
        <ele>0</ele>
        <time>2026-06-26T08:33:11.097Z</time>
        <name>559</name>
        <extensions>
          <speed_mps>8.941</speed_mps>
          <speed_mph>20.0</speed_mph>
        </extensions>
      </trkpt>
      <trkpt lat="52.13281" lon="1.3496">
        <ele>0</ele>
        <time>2026-06-26T08:33:11.173Z</time>
        <name>560</name>
        <extensions>
          <speed_mps>8.941</speed_mps>
          <speed_mph>20.0</speed_mph>
        </extensions>
      </trkpt>
      <trkpt lat="52.13329" lon="1.35046">
        <ele>0</ele>
        <time>2026-06-26T08:33:20.047Z</time>
        <name>561</name>
        <extensions>
          <speed_mps>8.941</speed_mps>
          <speed_mph>20.0</speed_mph>
        </extensions>
      </trkpt>
      <trkpt lat="52.1333" lon="1.35047">
        <ele>0</ele>
        <time>2026-06-26T08:33:20.193Z</time>
        <name>562</name>
        <extensions>
          <speed_mps>8.941</speed_mps>
          <speed_mph>20.0</speed_mph>
        </extensions>
      </trkpt>
      <trkpt lat="52.1334" lon="1.35068">
        <ele>0</ele>
        <time>2026-06-26T08:33:22.222Z</time>
        <name>563</name>
        <extensions>
          <speed_mps>8.941</speed_mps>
          <speed_mph>20.0</speed_mph>
        </extensions>
      </trkpt>
      <trkpt lat="52.13341" lon="1.35069">
        <ele>0</ele>
        <time>2026-06-26T08:33:22.367Z</time>
        <name>564</name>
        <extensions>
          <speed_mps>8.941</speed_mps>
          <speed_mph>20.0</speed_mph>
        </extensions>
      </trkpt>
      <trkpt lat="52.13349" lon="1.35084">
        <ele>0</ele>
        <time>2026-06-26T08:33:23.884Z</time>
        <name>565</name>
        <extensions>
          <speed_mps>8.941</speed_mps>
          <speed_mph>20.0</speed_mph>
        </extensions>
      </trkpt>
      <trkpt lat="52.13387" lon="1.35167">
        <ele>0</ele>
        <time>2026-06-26T08:33:31.789Z</time>
        <name>566</name>
        <extensions>
          <speed_mps>8.941</speed_mps>
          <speed_mph>20.0</speed_mph>
        </extensions>
      </trkpt>
      <trkpt lat="52.13423" lon="1.35255">
        <ele>0</ele>
        <time>2026-06-26T08:33:39.862Z</time>
        <name>567</name>
        <extensions>
          <speed_mps>8.941</speed_mps>
          <speed_mph>20.0</speed_mph>
        </extensions>
      </trkpt>
      <trkpt lat="52.13467" lon="1.35383">
        <ele>0</ele>
        <time>2026-06-26T08:33:51.061Z</time>
        <name>568</name>
        <extensions>
          <speed_mps>8.941</speed_mps>
          <speed_mph>20.0</speed_mph>
        </extensions>
      </trkpt>
      <trkpt lat="52.13489" lon="1.35458">
        <ele>0</ele>
        <time>2026-06-26T08:33:57.407Z</time>
        <name>569</name>
        <extensions>
          <speed_mps>8.941</speed_mps>
          <speed_mph>20.0</speed_mph>
        </extensions>
      </trkpt>
      <trkpt lat="52.13513" lon="1.35553">
        <ele>0</ele>
        <time>2026-06-26T08:34:05.249Z</time>
        <name>570</name>
        <extensions>
          <speed_mps>8.941</speed_mps>
          <speed_mph>20.0</speed_mph>
        </extensions>
      </trkpt>
      <trkpt lat="52.13529" lon="1.3563">
        <ele>0</ele>
        <time>2026-06-26T08:34:11.455Z</time>
        <name>571</name>
        <extensions>
          <speed_mps>8.941</speed_mps>
          <speed_mph>20.0</speed_mph>
        </extensions>
      </trkpt>
      <trkpt lat="52.13558" lon="1.35808">
        <ele>0</ele>
        <time>2026-06-26T08:34:25.513Z</time>
        <name>572</name>
        <extensions>
          <speed_mps>8.941</speed_mps>
          <speed_mph>20.0</speed_mph>
        </extensions>
      </trkpt>
      <trkpt lat="52.13576" lon="1.35942">
        <ele>0</ele>
        <time>2026-06-26T08:34:35.984Z</time>
        <name>573</name>
        <extensions>
          <speed_mps>8.941</speed_mps>
          <speed_mph>20.0</speed_mph>
        </extensions>
      </trkpt>
      <trkpt lat="52.13593" lon="1.3604">
        <ele>0</ele>
        <time>2026-06-26T08:34:43.758Z</time>
        <name>574</name>
        <extensions>
          <speed_mps>8.941</speed_mps>
          <speed_mph>20.0</speed_mph>
        </extensions>
      </trkpt>
      <trkpt lat="52.13606" lon="1.36104">
        <ele>0</ele>
        <time>2026-06-26T08:34:48.904Z</time>
        <name>575</name>
        <extensions>
          <speed_mps>8.941</speed_mps>
          <speed_mph>20.0</speed_mph>
        </extensions>
      </trkpt>
      <trkpt lat="52.1363" lon="1.36204">
        <ele>0</ele>
        <time>2026-06-26T08:34:57.101Z</time>
        <name>576</name>
        <extensions>
          <speed_mps>8.941</speed_mps>
          <speed_mph>20.0</speed_mph>
        </extensions>
      </trkpt>
      <trkpt lat="52.13642" lon="1.36246">
        <ele>0</ele>
        <time>2026-06-26T08:35:00.637Z</time>
        <name>577</name>
        <extensions>
          <speed_mps>8.941</speed_mps>
          <speed_mph>20.0</speed_mph>
        </extensions>
      </trkpt>
      <trkpt lat="52.13669" lon="1.36331">
        <ele>0</ele>
        <time>2026-06-26T08:35:07.943Z</time>
        <name>578</name>
        <extensions>
          <speed_mps>8.941</speed_mps>
          <speed_mph>20.0</speed_mph>
        </extensions>
      </trkpt>
      <trkpt lat="52.13689" lon="1.36385">
        <ele>0</ele>
        <time>2026-06-26T08:35:12.757Z</time>
        <name>579</name>
        <extensions>
          <speed_mps>8.941</speed_mps>
          <speed_mph>20.0</speed_mph>
        </extensions>
      </trkpt>
      <trkpt lat="52.13718" lon="1.36456">
        <ele>0</ele>
        <time>2026-06-26T08:35:19.268Z</time>
        <name>580</name>
        <extensions>
          <speed_mps>8.941</speed_mps>
          <speed_mph>20.0</speed_mph>
        </extensions>
      </trkpt>
      <trkpt lat="52.13762" lon="1.36551">
        <ele>0</ele>
        <time>2026-06-26T08:35:28.352Z</time>
        <name>581</name>
        <extensions>
          <speed_mps>8.941</speed_mps>
          <speed_mph>20.0</speed_mph>
        </extensions>
      </trkpt>
      <trkpt lat="52.13805" lon="1.36631">
        <ele>0</ele>
        <time>2026-06-26T08:35:36.469Z</time>
        <name>582</name>
        <extensions>
          <speed_mps>8.941</speed_mps>
          <speed_mph>20.0</speed_mph>
        </extensions>
      </trkpt>
      <trkpt lat="52.13862" lon="1.36721">
        <ele>0</ele>
        <time>2026-06-26T08:35:46.341Z</time>
        <name>583</name>
        <extensions>
          <speed_mps>8.941</speed_mps>
          <speed_mph>20.0</speed_mph>
        </extensions>
      </trkpt>
      <trkpt lat="52.13877" lon="1.36741">
        <ele>0</ele>
        <time>2026-06-26T08:35:48.752Z</time>
        <name>584</name>
        <extensions>
          <speed_mps>8.941</speed_mps>
          <speed_mph>20.0</speed_mph>
        </extensions>
      </trkpt>
      <trkpt lat="52.13885" lon="1.36753">
        <ele>0</ele>
        <time>2026-06-26T08:35:50.104Z</time>
        <name>585</name>
        <extensions>
          <speed_mps>8.941</speed_mps>
          <speed_mph>20.0</speed_mph>
        </extensions>
      </trkpt>
      <trkpt lat="52.13929" lon="1.36809">
        <ele>0</ele>
        <time>2026-06-26T08:35:57.048Z</time>
        <name>586</name>
        <extensions>
          <speed_mps>8.941</speed_mps>
          <speed_mph>20.0</speed_mph>
        </extensions>
      </trkpt>
      <trkpt lat="52.13957" lon="1.36841">
        <ele>0</ele>
        <time>2026-06-26T08:36:01.301Z</time>
        <name>587</name>
        <extensions>
          <speed_mps>8.941</speed_mps>
          <speed_mph>20.0</speed_mph>
        </extensions>
      </trkpt>
      <trkpt lat="52.14019" lon="1.36904">
        <ele>0</ele>
        <time>2026-06-26T08:36:10.389Z</time>
        <name>588</name>
        <extensions>
          <speed_mps>8.941</speed_mps>
          <speed_mph>20.0</speed_mph>
        </extensions>
      </trkpt>
      <trkpt lat="52.14035" lon="1.36919">
        <ele>0</ele>
        <time>2026-06-26T08:36:12.684Z</time>
        <name>589</name>
        <extensions>
          <speed_mps>8.941</speed_mps>
          <speed_mph>20.0</speed_mph>
        </extensions>
      </trkpt>
      <trkpt lat="52.14088" lon="1.36962">
        <ele>0</ele>
        <time>2026-06-26T08:36:20.048Z</time>
        <name>590</name>
        <extensions>
          <speed_mps>8.941</speed_mps>
          <speed_mph>20.0</speed_mph>
        </extensions>
      </trkpt>
      <trkpt lat="52.14129" lon="1.36992">
        <ele>0</ele>
        <time>2026-06-26T08:36:25.638Z</time>
        <name>591</name>
        <extensions>
          <speed_mps>8.941</speed_mps>
          <speed_mph>20.0</speed_mph>
        </extensions>
      </trkpt>
      <trkpt lat="52.14183" lon="1.37025">
        <ele>0</ele>
        <time>2026-06-26T08:36:32.810Z</time>
        <name>592</name>
        <extensions>
          <speed_mps>8.941</speed_mps>
          <speed_mph>20.0</speed_mph>
        </extensions>
      </trkpt>
      <trkpt lat="52.14211" lon="1.3704">
        <ele>0</ele>
        <time>2026-06-26T08:36:36.476Z</time>
        <name>593</name>
        <extensions>
          <speed_mps>8.941</speed_mps>
          <speed_mph>20.0</speed_mph>
        </extensions>
      </trkpt>
      <trkpt lat="52.14275" lon="1.37067">
        <ele>0</ele>
        <time>2026-06-26T08:36:44.698Z</time>
        <name>594</name>
        <extensions>
          <speed_mps>8.941</speed_mps>
          <speed_mph>20.0</speed_mph>
        </extensions>
      </trkpt>
      <trkpt lat="52.14328" lon="1.37087">
        <ele>0</ele>
        <time>2026-06-26T08:36:51.464Z</time>
        <name>595</name>
        <extensions>
          <speed_mps>8.941</speed_mps>
          <speed_mph>20.0</speed_mph>
        </extensions>
      </trkpt>
      <trkpt lat="52.14329" lon="1.37087">
        <ele>0</ele>
        <time>2026-06-26T08:36:51.588Z</time>
        <name>596</name>
        <extensions>
          <speed_mps>8.941</speed_mps>
          <speed_mph>20.0</speed_mph>
        </extensions>
      </trkpt>
      <trkpt lat="52.14396" lon="1.37112">
        <ele>0</ele>
        <time>2026-06-26T08:37:00.137Z</time>
        <name>597</name>
        <extensions>
          <speed_mps>8.941</speed_mps>
          <speed_mph>20.0</speed_mph>
        </extensions>
      </trkpt>
      <trkpt lat="52.14398" lon="1.37112">
        <ele>0</ele>
        <time>2026-06-26T08:37:00.385Z</time>
        <name>598</name>
        <extensions>
          <speed_mps>8.941</speed_mps>
          <speed_mph>20.0</speed_mph>
        </extensions>
      </trkpt>
      <trkpt lat="52.14519" lon="1.37158">
        <ele>0</ele>
        <time>2026-06-26T08:37:15.838Z</time>
        <name>599</name>
        <extensions>
          <speed_mps>8.941</speed_mps>
          <speed_mph>20.0</speed_mph>
        </extensions>
      </trkpt>
      <trkpt lat="52.1452" lon="1.37159">
        <ele>0</ele>
        <time>2026-06-26T08:37:15.984Z</time>
        <name>600</name>
        <extensions>
          <speed_mps>8.941</speed_mps>
          <speed_mph>20.0</speed_mph>
        </extensions>
      </trkpt>
      <trkpt lat="52.14678" lon="1.37221">
        <ele>0</ele>
        <time>2026-06-26T08:37:36.196Z</time>
        <name>601</name>
        <extensions>
          <speed_mps>8.941</speed_mps>
          <speed_mph>20.0</speed_mph>
        </extensions>
      </trkpt>
      <trkpt lat="52.14845" lon="1.37292">
        <ele>0</ele>
        <time>2026-06-26T08:37:57.660Z</time>
        <name>602</name>
        <extensions>
          <speed_mps>8.941</speed_mps>
          <speed_mph>20.0</speed_mph>
        </extensions>
      </trkpt>
      <trkpt lat="52.15025" lon="1.37373">
        <ele>0</ele>
        <time>2026-06-26T08:38:20.884Z</time>
        <name>603</name>
        <extensions>
          <speed_mps>8.941</speed_mps>
          <speed_mph>20.0</speed_mph>
        </extensions>
      </trkpt>
      <trkpt lat="52.15343" lon="1.37529">
        <ele>0</ele>
        <time>2026-06-26T08:39:02.186Z</time>
        <name>604</name>
        <extensions>
          <speed_mps>8.941</speed_mps>
          <speed_mph>20.0</speed_mph>
        </extensions>
      </trkpt>
      <trkpt lat="52.15381" lon="1.3755">
        <ele>0</ele>
        <time>2026-06-26T08:39:07.176Z</time>
        <name>605</name>
        <extensions>
          <speed_mps>8.941</speed_mps>
          <speed_mph>20.0</speed_mph>
        </extensions>
      </trkpt>
      <trkpt lat="52.15384" lon="1.37551">
        <ele>0</ele>
        <time>2026-06-26T08:39:07.557Z</time>
        <name>606</name>
        <extensions>
          <speed_mps>8.941</speed_mps>
          <speed_mph>20.0</speed_mph>
        </extensions>
      </trkpt>
      <trkpt lat="52.15521" lon="1.37624">
        <ele>0</ele>
        <time>2026-06-26T08:39:25.483Z</time>
        <name>607</name>
        <extensions>
          <speed_mps>8.941</speed_mps>
          <speed_mph>20.0</speed_mph>
        </extensions>
      </trkpt>
      <trkpt lat="52.15663" lon="1.37704">
        <ele>0</ele>
        <time>2026-06-26T08:39:44.168Z</time>
        <name>608</name>
        <extensions>
          <speed_mps>8.941</speed_mps>
          <speed_mph>20.0</speed_mph>
        </extensions>
      </trkpt>
      <trkpt lat="52.15714" lon="1.37735">
        <ele>0</ele>
        <time>2026-06-26T08:39:50.938Z</time>
        <name>609</name>
        <extensions>
          <speed_mps>8.941</speed_mps>
          <speed_mph>20.0</speed_mph>
        </extensions>
      </trkpt>
      <trkpt lat="52.15763" lon="1.37769">
        <ele>0</ele>
        <time>2026-06-26T08:39:57.561Z</time>
        <name>610</name>
        <extensions>
          <speed_mps>8.941</speed_mps>
          <speed_mph>20.0</speed_mph>
        </extensions>
      </trkpt>
      <trkpt lat="52.15794" lon="1.37793">
        <ele>0</ele>
        <time>2026-06-26T08:40:01.829Z</time>
        <name>611</name>
        <extensions>
          <speed_mps>8.941</speed_mps>
          <speed_mph>20.0</speed_mph>
        </extensions>
      </trkpt>
      <trkpt lat="52.15858" lon="1.37846">
        <ele>0</ele>
        <time>2026-06-26T08:40:10.757Z</time>
        <name>612</name>
        <extensions>
          <speed_mps>8.941</speed_mps>
          <speed_mph>20.0</speed_mph>
        </extensions>
      </trkpt>
      <trkpt lat="52.15897" lon="1.37881">
        <ele>0</ele>
        <time>2026-06-26T08:40:16.294Z</time>
        <name>613</name>
        <extensions>
          <speed_mps>8.941</speed_mps>
          <speed_mph>20.0</speed_mph>
        </extensions>
      </trkpt>
      <trkpt lat="52.1594" lon="1.37923">
        <ele>0</ele>
        <time>2026-06-26T08:40:22.528Z</time>
        <name>614</name>
        <extensions>
          <speed_mps>8.941</speed_mps>
          <speed_mph>20.0</speed_mph>
        </extensions>
      </trkpt>
      <trkpt lat="52.15996" lon="1.37983">
        <ele>0</ele>
        <time>2026-06-26T08:40:30.863Z</time>
        <name>615</name>
        <extensions>
          <speed_mps>8.941</speed_mps>
          <speed_mph>20.0</speed_mph>
        </extensions>
      </trkpt>
      <trkpt lat="52.16056" lon="1.38053">
        <ele>0</ele>
        <time>2026-06-26T08:40:40.039Z</time>
        <name>616</name>
        <extensions>
          <speed_mps>8.941</speed_mps>
          <speed_mph>20.0</speed_mph>
        </extensions>
      </trkpt>
      <trkpt lat="52.16057" lon="1.38056">
        <ele>0</ele>
        <time>2026-06-26T08:40:40.299Z</time>
        <name>617</name>
        <extensions>
          <speed_mps>8.941</speed_mps>
          <speed_mph>20.0</speed_mph>
        </extensions>
      </trkpt>
      <trkpt lat="52.16083" lon="1.38087">
        <ele>0</ele>
        <time>2026-06-26T08:40:44.305Z</time>
        <name>618</name>
        <extensions>
          <speed_mps>8.941</speed_mps>
          <speed_mph>20.0</speed_mph>
        </extensions>
      </trkpt>
      <trkpt lat="52.16084" lon="1.38089">
        <ele>0</ele>
        <time>2026-06-26T08:40:44.502Z</time>
        <name>619</name>
        <extensions>
          <speed_mps>8.941</speed_mps>
          <speed_mph>20.0</speed_mph>
        </extensions>
      </trkpt>
      <trkpt lat="52.1615" lon="1.38179">
        <ele>0</ele>
        <time>2026-06-26T08:40:55.204Z</time>
        <name>620</name>
        <extensions>
          <speed_mps>8.941</speed_mps>
          <speed_mph>20.0</speed_mph>
        </extensions>
      </trkpt>
      <trkpt lat="52.16185" lon="1.38232">
        <ele>0</ele>
        <time>2026-06-26T08:41:01.145Z</time>
        <name>621</name>
        <extensions>
          <speed_mps>8.941</speed_mps>
          <speed_mph>20.0</speed_mph>
        </extensions>
      </trkpt>
      <trkpt lat="52.16192" lon="1.38244">
        <ele>0</ele>
        <time>2026-06-26T08:41:02.408Z</time>
        <name>622</name>
        <extensions>
          <speed_mps>8.941</speed_mps>
          <speed_mph>20.0</speed_mph>
        </extensions>
      </trkpt>
      <trkpt lat="52.16208" lon="1.38268">
        <ele>0</ele>
        <time>2026-06-26T08:41:05.112Z</time>
        <name>623</name>
        <extensions>
          <speed_mps>8.941</speed_mps>
          <speed_mph>20.0</speed_mph>
        </extensions>
      </trkpt>
      <trkpt lat="52.16241" lon="1.38324">
        <ele>0</ele>
        <time>2026-06-26T08:41:11.037Z</time>
        <name>624</name>
        <extensions>
          <speed_mps>8.941</speed_mps>
          <speed_mph>20.0</speed_mph>
        </extensions>
      </trkpt>
      <trkpt lat="52.16312" lon="1.38456">
        <ele>0</ele>
        <time>2026-06-26T08:41:24.430Z</time>
        <name>625</name>
        <extensions>
          <speed_mps>8.941</speed_mps>
          <speed_mph>20.0</speed_mph>
        </extensions>
      </trkpt>
      <trkpt lat="52.16366" lon="1.38567">
        <ele>0</ele>
        <time>2026-06-26T08:41:35.238Z</time>
        <name>626</name>
        <extensions>
          <speed_mps>8.941</speed_mps>
          <speed_mph>20.0</speed_mph>
        </extensions>
      </trkpt>
      <trkpt lat="52.16429" lon="1.38714">
        <ele>0</ele>
        <time>2026-06-26T08:41:48.918Z</time>
        <name>627</name>
        <extensions>
          <speed_mps>8.941</speed_mps>
          <speed_mph>20.0</speed_mph>
        </extensions>
      </trkpt>
      <trkpt lat="52.16467" lon="1.38815">
        <ele>0</ele>
        <time>2026-06-26T08:41:57.957Z</time>
        <name>628</name>
        <extensions>
          <speed_mps>8.941</speed_mps>
          <speed_mph>20.0</speed_mph>
        </extensions>
      </trkpt>
      <trkpt lat="52.16469" lon="1.38819">
        <ele>0</ele>
        <time>2026-06-26T08:41:58.351Z</time>
        <name>629</name>
        <extensions>
          <speed_mps>8.941</speed_mps>
          <speed_mph>20.0</speed_mph>
        </extensions>
      </trkpt>
      <trkpt lat="52.16496" lon="1.38894">
        <ele>0</ele>
        <time>2026-06-26T08:42:04.985Z</time>
        <name>630</name>
        <extensions>
          <speed_mps>8.941</speed_mps>
          <speed_mph>20.0</speed_mph>
        </extensions>
      </trkpt>
      <trkpt lat="52.165" lon="1.38918">
        <ele>0</ele>
        <time>2026-06-26T08:42:06.882Z</time>
        <name>631</name>
        <extensions>
          <speed_mps>8.941</speed_mps>
          <speed_mph>20.0</speed_mph>
        </extensions>
      </trkpt>
      <trkpt lat="52.16547" lon="1.3907">
        <ele>0</ele>
        <time>2026-06-26T08:42:19.868Z</time>
        <name>632</name>
        <extensions>
          <speed_mps>8.941</speed_mps>
          <speed_mph>20.0</speed_mph>
        </extensions>
      </trkpt>
      <trkpt lat="52.16623" lon="1.3935">
        <ele>0</ele>
        <time>2026-06-26T08:42:43.225Z</time>
        <name>633</name>
        <extensions>
          <speed_mps>8.941</speed_mps>
          <speed_mph>20.0</speed_mph>
        </extensions>
      </trkpt>
      <trkpt lat="52.1664" lon="1.39402">
        <ele>0</ele>
        <time>2026-06-26T08:42:47.720Z</time>
        <name>634</name>
        <extensions>
          <speed_mps>8.941</speed_mps>
          <speed_mph>20.0</speed_mph>
        </extensions>
      </trkpt>
      <trkpt lat="52.16641" lon="1.39407">
        <ele>0</ele>
        <time>2026-06-26T08:42:48.121Z</time>
        <name>635</name>
        <extensions>
          <speed_mps>8.941</speed_mps>
          <speed_mph>20.0</speed_mph>
        </extensions>
      </trkpt>
      <trkpt lat="52.16642" lon="1.39409">
        <ele>0</ele>
        <time>2026-06-26T08:42:48.318Z</time>
        <name>636</name>
        <extensions>
          <speed_mps>8.941</speed_mps>
          <speed_mph>20.0</speed_mph>
        </extensions>
      </trkpt>
      <trkpt lat="52.16658" lon="1.39453">
        <ele>0</ele>
        <time>2026-06-26T08:42:52.220Z</time>
        <name>637</name>
        <extensions>
          <speed_mps>8.941</speed_mps>
          <speed_mph>20.0</speed_mph>
        </extensions>
      </trkpt>
      <trkpt lat="52.16659" lon="1.39457">
        <ele>0</ele>
        <time>2026-06-26T08:42:52.550Z</time>
        <name>638</name>
        <extensions>
          <speed_mps>8.941</speed_mps>
          <speed_mph>20.0</speed_mph>
        </extensions>
      </trkpt>
      <trkpt lat="52.16667" lon="1.39477">
        <ele>0</ele>
        <time>2026-06-26T08:42:54.371Z</time>
        <name>639</name>
        <extensions>
          <speed_mps>8.941</speed_mps>
          <speed_mph>20.0</speed_mph>
        </extensions>
      </trkpt>
      <trkpt lat="52.16667" lon="1.39478">
        <ele>0</ele>
        <time>2026-06-26T08:42:54.447Z</time>
        <name>640</name>
        <extensions>
          <speed_mps>8.941</speed_mps>
          <speed_mph>20.0</speed_mph>
        </extensions>
      </trkpt>
      <trkpt lat="52.16669" lon="1.39482">
        <ele>0</ele>
        <time>2026-06-26T08:42:54.841Z</time>
        <name>641</name>
        <extensions>
          <speed_mps>8.941</speed_mps>
          <speed_mph>20.0</speed_mph>
        </extensions>
      </trkpt>
      <trkpt lat="52.16688" lon="1.39532">
        <ele>0</ele>
        <time>2026-06-26T08:42:59.328Z</time>
        <name>642</name>
        <extensions>
          <speed_mps>8.941</speed_mps>
          <speed_mph>20.0</speed_mph>
        </extensions>
      </trkpt>
      <trkpt lat="52.16697" lon="1.39552">
        <ele>0</ele>
        <time>2026-06-26T08:43:01.220Z</time>
        <name>643</name>
        <extensions>
          <speed_mps>8.941</speed_mps>
          <speed_mph>20.0</speed_mph>
        </extensions>
      </trkpt>
      <trkpt lat="52.16698" lon="1.39556">
        <ele>0</ele>
        <time>2026-06-26T08:43:01.550Z</time>
        <name>644</name>
        <extensions>
          <speed_mps>8.941</speed_mps>
          <speed_mph>20.0</speed_mph>
        </extensions>
      </trkpt>
      <trkpt lat="52.16757" lon="1.39693">
        <ele>0</ele>
        <time>2026-06-26T08:43:14.319Z</time>
        <name>645</name>
        <extensions>
          <speed_mps>8.941</speed_mps>
          <speed_mph>20.0</speed_mph>
        </extensions>
      </trkpt>
      <trkpt lat="52.16784" lon="1.39765">
        <ele>0</ele>
        <time>2026-06-26T08:43:20.756Z</time>
        <name>646</name>
        <extensions>
          <speed_mps>8.941</speed_mps>
          <speed_mph>20.0</speed_mph>
        </extensions>
      </trkpt>
      <trkpt lat="52.16787" lon="1.39775">
        <ele>0</ele>
        <time>2026-06-26T08:43:21.606Z</time>
        <name>647</name>
        <extensions>
          <speed_mps>8.941</speed_mps>
          <speed_mph>20.0</speed_mph>
        </extensions>
      </trkpt>
      <trkpt lat="52.16787" lon="1.39776">
        <ele>0</ele>
        <time>2026-06-26T08:43:21.682Z</time>
        <name>648</name>
        <extensions>
          <speed_mps>8.941</speed_mps>
          <speed_mph>20.0</speed_mph>
        </extensions>
      </trkpt>
      <trkpt lat="52.16796" lon="1.39802">
        <ele>0</ele>
        <time>2026-06-26T08:43:23.959Z</time>
        <name>649</name>
        <extensions>
          <speed_mps>8.941</speed_mps>
          <speed_mph>20.0</speed_mph>
        </extensions>
      </trkpt>
      <trkpt lat="52.16811" lon="1.39863">
        <ele>0</ele>
        <time>2026-06-26T08:43:28.972Z</time>
        <name>650</name>
        <extensions>
          <speed_mps>8.941</speed_mps>
          <speed_mph>20.0</speed_mph>
        </extensions>
      </trkpt>
      <trkpt lat="52.16825" lon="1.39939">
        <ele>0</ele>
        <time>2026-06-26T08:43:35.026Z</time>
        <name>651</name>
        <extensions>
          <speed_mps>8.941</speed_mps>
          <speed_mph>20.0</speed_mph>
        </extensions>
      </trkpt>
      <trkpt lat="52.16825" lon="1.39941">
        <ele>0</ele>
        <time>2026-06-26T08:43:35.178Z</time>
        <name>652</name>
        <extensions>
          <speed_mps>8.941</speed_mps>
          <speed_mph>20.0</speed_mph>
        </extensions>
      </trkpt>
      <trkpt lat="52.1683" lon="1.39969">
        <ele>0</ele>
        <time>2026-06-26T08:43:37.403Z</time>
        <name>653</name>
        <extensions>
          <speed_mps>8.941</speed_mps>
          <speed_mph>20.0</speed_mph>
        </extensions>
      </trkpt>
      <trkpt lat="52.16834" lon="1.39999">
        <ele>0</ele>
        <time>2026-06-26T08:43:39.744Z</time>
        <name>654</name>
        <extensions>
          <speed_mps>8.941</speed_mps>
          <speed_mph>20.0</speed_mph>
        </extensions>
      </trkpt>
      <trkpt lat="52.16845" lon="1.40064">
        <ele>0</ele>
        <time>2026-06-26T08:43:44.888Z</time>
        <name>655</name>
        <extensions>
          <speed_mps>8.941</speed_mps>
          <speed_mph>20.0</speed_mph>
        </extensions>
      </trkpt>
      <trkpt lat="52.16859" lon="1.40124">
        <ele>0</ele>
        <time>2026-06-26T08:43:49.785Z</time>
        <name>656</name>
        <extensions>
          <speed_mps>8.941</speed_mps>
          <speed_mph>20.0</speed_mph>
        </extensions>
      </trkpt>
      <trkpt lat="52.16859" lon="1.40126">
        <ele>0</ele>
        <time>2026-06-26T08:43:49.937Z</time>
        <name>657</name>
        <extensions>
          <speed_mps>8.941</speed_mps>
          <speed_mph>20.0</speed_mph>
        </extensions>
      </trkpt>
      <trkpt lat="52.16881" lon="1.40195">
        <ele>0</ele>
        <time>2026-06-26T08:43:55.869Z</time>
        <name>658</name>
        <extensions>
          <speed_mps>8.941</speed_mps>
          <speed_mph>20.0</speed_mph>
        </extensions>
      </trkpt>
      <trkpt lat="52.16921" lon="1.40307">
        <ele>0</ele>
        <time>2026-06-26T08:44:05.755Z</time>
        <name>659</name>
        <extensions>
          <speed_mps>8.941</speed_mps>
          <speed_mph>20.0</speed_mph>
        </extensions>
      </trkpt>
      <trkpt lat="52.16937" lon="1.40359">
        <ele>0</ele>
        <time>2026-06-26T08:44:10.193Z</time>
        <name>660</name>
        <extensions>
          <speed_mps>8.941</speed_mps>
          <speed_mph>20.0</speed_mph>
        </extensions>
      </trkpt>
      <trkpt lat="52.16939" lon="1.40368">
        <ele>0</ele>
        <time>2026-06-26T08:44:10.923Z</time>
        <name>661</name>
        <extensions>
          <speed_mps>8.941</speed_mps>
          <speed_mph>20.0</speed_mph>
        </extensions>
      </trkpt>
      <trkpt lat="52.16943" lon="1.40381">
        <ele>0</ele>
        <time>2026-06-26T08:44:12.033Z</time>
        <name>662</name>
        <extensions>
          <speed_mps>8.941</speed_mps>
          <speed_mph>20.0</speed_mph>
        </extensions>
      </trkpt>
      <trkpt lat="52.17005" lon="1.40627">
        <ele>0</ele>
        <time>2026-06-26T08:44:32.320Z</time>
        <name>663</name>
        <extensions>
          <speed_mps>8.941</speed_mps>
          <speed_mph>20.0</speed_mph>
        </extensions>
      </trkpt>
      <trkpt lat="52.17024" lon="1.40717">
        <ele>0</ele>
        <time>2026-06-26T08:44:39.580Z</time>
        <name>664</name>
        <extensions>
          <speed_mps>8.941</speed_mps>
          <speed_mph>20.0</speed_mph>
        </extensions>
      </trkpt>
      <trkpt lat="52.1703" lon="1.40762">
        <ele>0</ele>
        <time>2026-06-26T08:44:43.092Z</time>
        <name>665</name>
        <extensions>
          <speed_mps>8.941</speed_mps>
          <speed_mph>20.0</speed_mph>
        </extensions>
      </trkpt>
      <trkpt lat="52.17032" lon="1.40797">
        <ele>0</ele>
        <time>2026-06-26T08:44:45.774Z</time>
        <name>666</name>
        <extensions>
          <speed_mps>8.941</speed_mps>
          <speed_mph>20.0</speed_mph>
        </extensions>
      </trkpt>
      <trkpt lat="52.17032" lon="1.40914">
        <ele>0</ele>
        <time>2026-06-26T08:44:54.698Z</time>
        <name>667</name>
        <extensions>
          <speed_mps>8.941</speed_mps>
          <speed_mph>20.0</speed_mph>
        </extensions>
      </trkpt>
      <trkpt lat="52.17031" lon="1.40929">
        <ele>0</ele>
        <time>2026-06-26T08:44:55.849Z</time>
        <name>668</name>
        <extensions>
          <speed_mps>8.941</speed_mps>
          <speed_mph>20.0</speed_mph>
        </extensions>
      </trkpt>
      <trkpt lat="52.17031" lon="1.40972">
        <ele>0</ele>
        <time>2026-06-26T08:44:59.129Z</time>
        <name>669</name>
        <extensions>
          <speed_mps>8.941</speed_mps>
          <speed_mph>20.0</speed_mph>
        </extensions>
      </trkpt>
      <trkpt lat="52.17032" lon="1.40986">
        <ele>0</ele>
        <time>2026-06-26T08:45:00.204Z</time>
        <name>670</name>
        <extensions>
          <speed_mps>8.941</speed_mps>
          <speed_mph>20.0</speed_mph>
        </extensions>
      </trkpt>
      <trkpt lat="52.17032" lon="1.41002">
        <ele>0</ele>
        <time>2026-06-26T08:45:01.424Z</time>
        <name>671</name>
        <extensions>
          <speed_mps>8.941</speed_mps>
          <speed_mph>20.0</speed_mph>
        </extensions>
      </trkpt>
      <trkpt lat="52.17033" lon="1.41012">
        <ele>0</ele>
        <time>2026-06-26T08:45:02.197Z</time>
        <name>672</name>
        <extensions>
          <speed_mps>8.941</speed_mps>
          <speed_mph>20.0</speed_mph>
        </extensions>
      </trkpt>
      <trkpt lat="52.17034" lon="1.41044">
        <ele>0</ele>
        <time>2026-06-26T08:45:04.641Z</time>
        <name>673</name>
        <extensions>
          <speed_mps>8.941</speed_mps>
          <speed_mph>20.0</speed_mph>
        </extensions>
      </trkpt>
      <trkpt lat="52.17038" lon="1.41088">
        <ele>0</ele>
        <time>2026-06-26T08:45:08.034Z</time>
        <name>674</name>
        <extensions>
          <speed_mps>8.941</speed_mps>
          <speed_mph>20.0</speed_mph>
        </extensions>
      </trkpt>
      <trkpt lat="52.17043" lon="1.41119">
        <ele>0</ele>
        <time>2026-06-26T08:45:10.479Z</time>
        <name>675</name>
        <extensions>
          <speed_mps>8.941</speed_mps>
          <speed_mph>20.0</speed_mph>
        </extensions>
      </trkpt>
      <trkpt lat="52.17047" lon="1.41137">
        <ele>0</ele>
        <time>2026-06-26T08:45:11.939Z</time>
        <name>676</name>
        <extensions>
          <speed_mps>8.941</speed_mps>
          <speed_mph>20.0</speed_mph>
        </extensions>
      </trkpt>
      <trkpt lat="52.17048" lon="1.41145">
        <ele>0</ele>
        <time>2026-06-26T08:45:12.562Z</time>
        <name>677</name>
        <extensions>
          <speed_mps>8.941</speed_mps>
          <speed_mph>20.0</speed_mph>
        </extensions>
      </trkpt>
      <trkpt lat="52.17054" lon="1.4117">
        <ele>0</ele>
        <time>2026-06-26T08:45:14.610Z</time>
        <name>678</name>
        <extensions>
          <speed_mps>8.941</speed_mps>
          <speed_mph>20.0</speed_mph>
        </extensions>
      </trkpt>
      <trkpt lat="52.17071" lon="1.41225">
        <ele>0</ele>
        <time>2026-06-26T08:45:19.308Z</time>
        <name>679</name>
        <extensions>
          <speed_mps>8.941</speed_mps>
          <speed_mph>20.0</speed_mph>
        </extensions>
      </trkpt>
      <trkpt lat="52.17099" lon="1.41299">
        <ele>0</ele>
        <time>2026-06-26T08:45:25.940Z</time>
        <name>680</name>
        <extensions>
          <speed_mps>8.941</speed_mps>
          <speed_mph>20.0</speed_mph>
        </extensions>
      </trkpt>
      <trkpt lat="52.17101" lon="1.41306">
        <ele>0</ele>
        <time>2026-06-26T08:45:26.529Z</time>
        <name>681</name>
        <extensions>
          <speed_mps>8.941</speed_mps>
          <speed_mph>20.0</speed_mph>
        </extensions>
      </trkpt>
      <trkpt lat="52.17131" lon="1.41385">
        <ele>0</ele>
        <time>2026-06-26T08:45:33.616Z</time>
        <name>682</name>
        <extensions>
          <speed_mps>8.941</speed_mps>
          <speed_mph>20.0</speed_mph>
        </extensions>
      </trkpt>
      <trkpt lat="52.17132" lon="1.41386">
        <ele>0</ele>
        <time>2026-06-26T08:45:33.762Z</time>
        <name>683</name>
        <extensions>
          <speed_mps>8.941</speed_mps>
          <speed_mph>20.0</speed_mph>
        </extensions>
      </trkpt>
      <trkpt lat="52.17175" lon="1.41502">
        <ele>0</ele>
        <time>2026-06-26T08:45:44.101Z</time>
        <name>684</name>
        <extensions>
          <speed_mps>8.941</speed_mps>
          <speed_mph>20.0</speed_mph>
        </extensions>
      </trkpt>
      <trkpt lat="52.17191" lon="1.41552">
        <ele>0</ele>
        <time>2026-06-26T08:45:48.402Z</time>
        <name>685</name>
        <extensions>
          <speed_mps>8.941</speed_mps>
          <speed_mph>20.0</speed_mph>
        </extensions>
      </trkpt>
      <trkpt lat="52.17195" lon="1.41567">
        <ele>0</ele>
        <time>2026-06-26T08:45:49.650Z</time>
        <name>686</name>
        <extensions>
          <speed_mps>8.941</speed_mps>
          <speed_mph>20.0</speed_mph>
        </extensions>
      </trkpt>
      <trkpt lat="52.17204" lon="1.41609">
        <ele>0</ele>
        <time>2026-06-26T08:45:53.043Z</time>
        <name>687</name>
        <extensions>
          <speed_mps>8.941</speed_mps>
          <speed_mph>20.0</speed_mph>
        </extensions>
      </trkpt>
      <trkpt lat="52.17207" lon="1.41634">
        <ele>0</ele>
        <time>2026-06-26T08:45:54.986Z</time>
        <name>688</name>
        <extensions>
          <speed_mps>8.941</speed_mps>
          <speed_mph>20.0</speed_mph>
        </extensions>
      </trkpt>
      <trkpt lat="52.1721" lon="1.4165">
        <ele>0</ele>
        <time>2026-06-26T08:45:56.263Z</time>
        <name>689</name>
        <extensions>
          <speed_mps>8.941</speed_mps>
          <speed_mph>20.0</speed_mph>
        </extensions>
      </trkpt>
      <trkpt lat="52.17221" lon="1.41792">
        <ele>0</ele>
        <time>2026-06-26T08:46:07.179Z</time>
        <name>690</name>
        <extensions>
          <speed_mps>8.941</speed_mps>
          <speed_mph>20.0</speed_mph>
        </extensions>
      </trkpt>
      <trkpt lat="52.17221" lon="1.41801">
        <ele>0</ele>
        <time>2026-06-26T08:46:07.866Z</time>
        <name>691</name>
        <extensions>
          <speed_mps>8.941</speed_mps>
          <speed_mph>20.0</speed_mph>
        </extensions>
      </trkpt>
      <trkpt lat="52.17226" lon="1.41851">
        <ele>0</ele>
        <time>2026-06-26T08:46:11.730Z</time>
        <name>692</name>
        <extensions>
          <speed_mps>8.941</speed_mps>
          <speed_mph>20.0</speed_mph>
        </extensions>
      </trkpt>
      <trkpt lat="52.17226" lon="1.41858">
        <ele>0</ele>
        <time>2026-06-26T08:46:12.264Z</time>
        <name>693</name>
        <extensions>
          <speed_mps>8.941</speed_mps>
          <speed_mph>20.0</speed_mph>
        </extensions>
      </trkpt>
      <trkpt lat="52.17227" lon="1.41863">
        <ele>0</ele>
        <time>2026-06-26T08:46:12.665Z</time>
        <name>694</name>
        <extensions>
          <speed_mps>8.941</speed_mps>
          <speed_mph>20.0</speed_mph>
        </extensions>
      </trkpt>
      <trkpt lat="52.17233" lon="1.41914">
        <ele>0</ele>
        <time>2026-06-26T08:46:16.626Z</time>
        <name>695</name>
        <extensions>
          <speed_mps>8.941</speed_mps>
          <speed_mph>20.0</speed_mph>
        </extensions>
      </trkpt>
      <trkpt lat="52.1724" lon="1.4195">
        <ele>0</ele>
        <time>2026-06-26T08:46:19.506Z</time>
        <name>696</name>
        <extensions>
          <speed_mps>8.941</speed_mps>
          <speed_mph>20.0</speed_mph>
        </extensions>
      </trkpt>
      <trkpt lat="52.17249" lon="1.41985">
        <ele>0</ele>
        <time>2026-06-26T08:46:22.401Z</time>
        <name>697</name>
        <extensions>
          <speed_mps>8.941</speed_mps>
          <speed_mph>20.0</speed_mph>
        </extensions>
      </trkpt>
      <trkpt lat="52.17255" lon="1.42001">
        <ele>0</ele>
        <time>2026-06-26T08:46:23.832Z</time>
        <name>698</name>
        <extensions>
          <speed_mps>8.941</speed_mps>
          <speed_mph>20.0</speed_mph>
        </extensions>
      </trkpt>
      <trkpt lat="52.17255" lon="1.42003">
        <ele>0</ele>
        <time>2026-06-26T08:46:23.984Z</time>
        <name>699</name>
        <extensions>
          <speed_mps>8.941</speed_mps>
          <speed_mph>20.0</speed_mph>
        </extensions>
      </trkpt>
      <trkpt lat="52.17262" lon="1.42021">
        <ele>0</ele>
        <time>2026-06-26T08:46:25.610Z</time>
        <name>700</name>
        <extensions>
          <speed_mps>8.941</speed_mps>
          <speed_mph>20.0</speed_mph>
        </extensions>
      </trkpt>
      <trkpt lat="52.17263" lon="1.42025">
        <ele>0</ele>
        <time>2026-06-26T08:46:25.939Z</time>
        <name>701</name>
        <extensions>
          <speed_mps>8.941</speed_mps>
          <speed_mph>20.0</speed_mph>
        </extensions>
      </trkpt>
      <trkpt lat="52.17285" lon="1.42074">
        <ele>0</ele>
        <time>2026-06-26T08:46:30.571Z</time>
        <name>702</name>
        <extensions>
          <speed_mps>8.941</speed_mps>
          <speed_mph>20.0</speed_mph>
        </extensions>
      </trkpt>
      <trkpt lat="52.17309" lon="1.4212">
        <ele>0</ele>
        <time>2026-06-26T08:46:35.178Z</time>
        <name>703</name>
        <extensions>
          <speed_mps>8.941</speed_mps>
          <speed_mph>20.0</speed_mph>
        </extensions>
      </trkpt>
      <trkpt lat="52.1733" lon="1.42155">
        <ele>0</ele>
        <time>2026-06-26T08:46:38.912Z</time>
        <name>704</name>
        <extensions>
          <speed_mps>8.941</speed_mps>
          <speed_mph>20.0</speed_mph>
        </extensions>
      </trkpt>
      <trkpt lat="52.17355" lon="1.42193">
        <ele>0</ele>
        <time>2026-06-26T08:46:43.163Z</time>
        <name>705</name>
        <extensions>
          <speed_mps>8.941</speed_mps>
          <speed_mph>20.0</speed_mph>
        </extensions>
      </trkpt>
      <trkpt lat="52.17359" lon="1.42197">
        <ele>0</ele>
        <time>2026-06-26T08:46:43.746Z</time>
        <name>706</name>
        <extensions>
          <speed_mps>8.941</speed_mps>
          <speed_mph>20.0</speed_mph>
        </extensions>
      </trkpt>
      <trkpt lat="52.17375" lon="1.42217">
        <ele>0</ele>
        <time>2026-06-26T08:46:46.254Z</time>
        <name>707</name>
        <extensions>
          <speed_mps>8.941</speed_mps>
          <speed_mph>20.0</speed_mph>
        </extensions>
      </trkpt>
      <trkpt lat="52.17386" lon="1.42228">
        <ele>0</ele>
        <time>2026-06-26T08:46:47.858Z</time>
        <name>708</name>
        <extensions>
          <speed_mps>8.941</speed_mps>
          <speed_mph>20.0</speed_mph>
        </extensions>
      </trkpt>
      <trkpt lat="52.17403" lon="1.42241">
        <ele>0</ele>
        <time>2026-06-26T08:46:50.194Z</time>
        <name>709</name>
        <extensions>
          <speed_mps>8.941</speed_mps>
          <speed_mph>20.0</speed_mph>
        </extensions>
      </trkpt>
      <trkpt lat="52.17404" lon="1.42243">
        <ele>0</ele>
        <time>2026-06-26T08:46:50.390Z</time>
        <name>710</name>
        <extensions>
          <speed_mps>8.941</speed_mps>
          <speed_mph>20.0</speed_mph>
        </extensions>
      </trkpt>
      <trkpt lat="52.17412" lon="1.42248">
        <ele>0</ele>
        <time>2026-06-26T08:46:51.456Z</time>
        <name>711</name>
        <extensions>
          <speed_mps>8.941</speed_mps>
          <speed_mph>20.0</speed_mph>
        </extensions>
      </trkpt>
      <trkpt lat="52.17418" lon="1.42253">
        <ele>0</ele>
        <time>2026-06-26T08:46:52.294Z</time>
        <name>712</name>
        <extensions>
          <speed_mps>8.941</speed_mps>
          <speed_mph>20.0</speed_mph>
        </extensions>
      </trkpt>
      <trkpt lat="52.17442" lon="1.42269">
        <ele>0</ele>
        <time>2026-06-26T08:46:55.519Z</time>
        <name>713</name>
        <extensions>
          <speed_mps>8.941</speed_mps>
          <speed_mph>20.0</speed_mph>
        </extensions>
      </trkpt>
      <trkpt lat="52.17472" lon="1.42287">
        <ele>0</ele>
        <time>2026-06-26T08:46:59.494Z</time>
        <name>714</name>
        <extensions>
          <speed_mps>8.941</speed_mps>
          <speed_mph>20.0</speed_mph>
        </extensions>
      </trkpt>
      <trkpt lat="52.17479" lon="1.4229">
        <ele>0</ele>
        <time>2026-06-26T08:47:00.394Z</time>
        <name>715</name>
        <extensions>
          <speed_mps>8.941</speed_mps>
          <speed_mph>20.0</speed_mph>
        </extensions>
      </trkpt>
      <trkpt lat="52.17517" lon="1.42312">
        <ele>0</ele>
        <time>2026-06-26T08:47:05.409Z</time>
        <name>716</name>
        <extensions>
          <speed_mps>8.941</speed_mps>
          <speed_mph>20.0</speed_mph>
        </extensions>
      </trkpt>
      <trkpt lat="52.17527" lon="1.42319">
        <ele>0</ele>
        <time>2026-06-26T08:47:06.763Z</time>
        <name>717</name>
        <extensions>
          <speed_mps>8.941</speed_mps>
          <speed_mph>20.0</speed_mph>
        </extensions>
      </trkpt>
      <trkpt lat="52.17552" lon="1.42341">
        <ele>0</ele>
        <time>2026-06-26T08:47:10.296Z</time>
        <name>718</name>
        <extensions>
          <speed_mps>8.941</speed_mps>
          <speed_mph>20.0</speed_mph>
        </extensions>
      </trkpt>
      <trkpt lat="52.17617" lon="1.42409">
        <ele>0</ele>
        <time>2026-06-26T08:47:19.900Z</time>
        <name>719</name>
        <extensions>
          <speed_mps>8.941</speed_mps>
          <speed_mph>20.0</speed_mph>
        </extensions>
      </trkpt>
      <trkpt lat="52.17627" lon="1.42418">
        <ele>0</ele>
        <time>2026-06-26T08:47:21.321Z</time>
        <name>720</name>
        <extensions>
          <speed_mps>8.941</speed_mps>
          <speed_mph>20.0</speed_mph>
        </extensions>
      </trkpt>
      <trkpt lat="52.1765" lon="1.42436">
        <ele>0</ele>
        <time>2026-06-26T08:47:24.494Z</time>
        <name>721</name>
        <extensions>
          <speed_mps>8.941</speed_mps>
          <speed_mph>20.0</speed_mph>
        </extensions>
      </trkpt>
      <trkpt lat="52.17675" lon="1.42451">
        <ele>0</ele>
        <time>2026-06-26T08:47:27.807Z</time>
        <name>722</name>
        <extensions>
          <speed_mps>8.941</speed_mps>
          <speed_mph>20.0</speed_mph>
        </extensions>
      </trkpt>
      <trkpt lat="52.17688" lon="1.42456">
        <ele>0</ele>
        <time>2026-06-26T08:47:29.468Z</time>
        <name>723</name>
        <extensions>
          <speed_mps>8.941</speed_mps>
          <speed_mph>20.0</speed_mph>
        </extensions>
      </trkpt>
      <trkpt lat="52.17694" lon="1.42457">
        <ele>0</ele>
        <time>2026-06-26T08:47:30.218Z</time>
        <name>724</name>
        <extensions>
          <speed_mps>8.941</speed_mps>
          <speed_mph>20.0</speed_mph>
        </extensions>
      </trkpt>
      <trkpt lat="52.17697" lon="1.42458">
        <ele>0</ele>
        <time>2026-06-26T08:47:30.599Z</time>
        <name>725</name>
        <extensions>
          <speed_mps>8.941</speed_mps>
          <speed_mph>20.0</speed_mph>
        </extensions>
      </trkpt>
      <trkpt lat="52.17699" lon="1.42458">
        <ele>0</ele>
        <time>2026-06-26T08:47:30.847Z</time>
        <name>726</name>
        <extensions>
          <speed_mps>8.941</speed_mps>
          <speed_mph>20.0</speed_mph>
        </extensions>
      </trkpt>
      <trkpt lat="52.177" lon="1.42459">
        <ele>0</ele>
        <time>2026-06-26T08:47:30.993Z</time>
        <name>727</name>
        <extensions>
          <speed_mps>8.941</speed_mps>
          <speed_mph>20.0</speed_mph>
        </extensions>
      </trkpt>
      <trkpt lat="52.17729" lon="1.42462">
        <ele>0</ele>
        <time>2026-06-26T08:47:34.607Z</time>
        <name>728</name>
        <extensions>
          <speed_mps>8.941</speed_mps>
          <speed_mph>20.0</speed_mph>
        </extensions>
      </trkpt>
      <trkpt lat="52.17754" lon="1.42461">
        <ele>0</ele>
        <time>2026-06-26T08:47:37.717Z</time>
        <name>729</name>
        <extensions>
          <speed_mps>8.941</speed_mps>
          <speed_mph>20.0</speed_mph>
        </extensions>
      </trkpt>
      <trkpt lat="52.17891" lon="1.42433">
        <ele>0</ele>
        <time>2026-06-26T08:47:54.889Z</time>
        <name>730</name>
        <extensions>
          <speed_mps>8.941</speed_mps>
          <speed_mph>20.0</speed_mph>
        </extensions>
      </trkpt>
      <trkpt lat="52.17932" lon="1.42428">
        <ele>0</ele>
        <time>2026-06-26T08:48:00.002Z</time>
        <name>731</name>
        <extensions>
          <speed_mps>8.941</speed_mps>
          <speed_mph>20.0</speed_mph>
        </extensions>
      </trkpt>
      <trkpt lat="52.18059" lon="1.42418">
        <ele>0</ele>
        <time>2026-06-26T08:48:15.816Z</time>
        <name>732</name>
        <extensions>
          <speed_mps>8.941</speed_mps>
          <speed_mph>20.0</speed_mph>
        </extensions>
      </trkpt>
      <trkpt lat="52.1807" lon="1.42418">
        <ele>0</ele>
        <time>2026-06-26T08:48:17.184Z</time>
        <name>733</name>
        <extensions>
          <speed_mps>8.941</speed_mps>
          <speed_mph>20.0</speed_mph>
        </extensions>
      </trkpt>
      <trkpt lat="52.18076" lon="1.42419">
        <ele>0</ele>
        <time>2026-06-26T08:48:17.934Z</time>
        <name>734</name>
        <extensions>
          <speed_mps>8.941</speed_mps>
          <speed_mph>20.0</speed_mph>
        </extensions>
      </trkpt>
      <trkpt lat="52.18082" lon="1.42418">
        <ele>0</ele>
        <time>2026-06-26T08:48:18.684Z</time>
        <name>735</name>
        <extensions>
          <speed_mps>8.941</speed_mps>
          <speed_mph>20.0</speed_mph>
        </extensions>
      </trkpt>
      <trkpt lat="52.18094" lon="1.42419">
        <ele>0</ele>
        <time>2026-06-26T08:48:20.178Z</time>
        <name>736</name>
        <extensions>
          <speed_mps>8.941</speed_mps>
          <speed_mph>20.0</speed_mph>
        </extensions>
      </trkpt>
      <trkpt lat="52.18129" lon="1.4243">
        <ele>0</ele>
        <time>2026-06-26T08:48:24.611Z</time>
        <name>737</name>
        <extensions>
          <speed_mps>8.941</speed_mps>
          <speed_mph>20.0</speed_mph>
        </extensions>
      </trkpt>
      <trkpt lat="52.1819" lon="1.42457">
        <ele>0</ele>
        <time>2026-06-26T08:48:32.472Z</time>
        <name>738</name>
        <extensions>
          <speed_mps>8.941</speed_mps>
          <speed_mph>20.0</speed_mph>
        </extensions>
      </trkpt>
      <trkpt lat="52.18228" lon="1.42477">
        <ele>0</ele>
        <time>2026-06-26T08:48:37.438Z</time>
        <name>739</name>
        <extensions>
          <speed_mps>8.941</speed_mps>
          <speed_mph>20.0</speed_mph>
        </extensions>
      </trkpt>
      <trkpt lat="52.18229" lon="1.42478">
        <ele>0</ele>
        <time>2026-06-26T08:48:37.584Z</time>
        <name>740</name>
        <extensions>
          <speed_mps>8.941</speed_mps>
          <speed_mph>20.0</speed_mph>
        </extensions>
      </trkpt>
      <trkpt lat="52.18255" lon="1.42495">
        <ele>0</ele>
        <time>2026-06-26T08:48:41.068Z</time>
        <name>741</name>
        <extensions>
          <speed_mps>8.941</speed_mps>
          <speed_mph>20.0</speed_mph>
        </extensions>
      </trkpt>
      <trkpt lat="52.18265" lon="1.42503">
        <ele>0</ele>
        <time>2026-06-26T08:48:42.453Z</time>
        <name>742</name>
        <extensions>
          <speed_mps>8.941</speed_mps>
          <speed_mph>20.0</speed_mph>
        </extensions>
      </trkpt>
      <trkpt lat="52.18267" lon="1.42504">
        <ele>0</ele>
        <time>2026-06-26T08:48:42.713Z</time>
        <name>743</name>
        <extensions>
          <speed_mps>8.941</speed_mps>
          <speed_mph>20.0</speed_mph>
        </extensions>
      </trkpt>
      <trkpt lat="52.18278" lon="1.42515">
        <ele>0</ele>
        <time>2026-06-26T08:48:44.318Z</time>
        <name>744</name>
        <extensions>
          <speed_mps>8.941</speed_mps>
          <speed_mph>20.0</speed_mph>
        </extensions>
      </trkpt>
      <trkpt lat="52.18285" lon="1.42521">
        <ele>0</ele>
        <time>2026-06-26T08:48:45.301Z</time>
        <name>745</name>
        <extensions>
          <speed_mps>8.941</speed_mps>
          <speed_mph>20.0</speed_mph>
        </extensions>
      </trkpt>
      <trkpt lat="52.18303" lon="1.42541">
        <ele>0</ele>
        <time>2026-06-26T08:48:48.010Z</time>
        <name>746</name>
        <extensions>
          <speed_mps>8.941</speed_mps>
          <speed_mph>20.0</speed_mph>
        </extensions>
      </trkpt>
      <trkpt lat="52.18319" lon="1.42561">
        <ele>0</ele>
        <time>2026-06-26T08:48:50.517Z</time>
        <name>747</name>
        <extensions>
          <speed_mps>8.941</speed_mps>
          <speed_mph>20.0</speed_mph>
        </extensions>
      </trkpt>
      <trkpt lat="52.18325" lon="1.4257">
        <ele>0</ele>
        <time>2026-06-26T08:48:51.531Z</time>
        <name>748</name>
        <extensions>
          <speed_mps>8.941</speed_mps>
          <speed_mph>20.0</speed_mph>
        </extensions>
      </trkpt>
      <trkpt lat="52.18332" lon="1.42578">
        <ele>0</ele>
        <time>2026-06-26T08:48:52.594Z</time>
        <name>749</name>
        <extensions>
          <speed_mps>8.941</speed_mps>
          <speed_mph>20.0</speed_mph>
        </extensions>
      </trkpt>
      <trkpt lat="52.18346" lon="1.42601">
        <ele>0</ele>
        <time>2026-06-26T08:48:55.065Z</time>
        <name>750</name>
        <extensions>
          <speed_mps>8.941</speed_mps>
          <speed_mph>20.0</speed_mph>
        </extensions>
      </trkpt>
      <trkpt lat="52.18353" lon="1.42615">
        <ele>0</ele>
        <time>2026-06-26T08:48:56.443Z</time>
        <name>751</name>
        <extensions>
          <speed_mps>8.941</speed_mps>
          <speed_mph>20.0</speed_mph>
        </extensions>
      </trkpt>
      <trkpt lat="52.18359" lon="1.42625">
        <ele>0</ele>
        <time>2026-06-26T08:48:57.510Z</time>
        <name>752</name>
        <extensions>
          <speed_mps>8.941</speed_mps>
          <speed_mph>20.0</speed_mph>
        </extensions>
      </trkpt>
      <trkpt lat="52.18365" lon="1.42637">
        <ele>0</ele>
        <time>2026-06-26T08:48:58.691Z</time>
        <name>753</name>
        <extensions>
          <speed_mps>8.941</speed_mps>
          <speed_mph>20.0</speed_mph>
        </extensions>
      </trkpt>
      <trkpt lat="52.1839" lon="1.427">
        <ele>0</ele>
        <time>2026-06-26T08:49:04.413Z</time>
        <name>754</name>
        <extensions>
          <speed_mps>8.941</speed_mps>
          <speed_mph>20.0</speed_mph>
        </extensions>
      </trkpt>
      <trkpt lat="52.18394" lon="1.42712">
        <ele>0</ele>
        <time>2026-06-26T08:49:05.454Z</time>
        <name>755</name>
        <extensions>
          <speed_mps>8.941</speed_mps>
          <speed_mph>20.0</speed_mph>
        </extensions>
      </trkpt>
      <trkpt lat="52.18396" lon="1.42715">
        <ele>0</ele>
        <time>2026-06-26T08:49:05.792Z</time>
        <name>756</name>
        <extensions>
          <speed_mps>8.941</speed_mps>
          <speed_mph>20.0</speed_mph>
        </extensions>
      </trkpt>
      <trkpt lat="52.184" lon="1.42727">
        <ele>0</ele>
        <time>2026-06-26T08:49:06.834Z</time>
        <name>757</name>
        <extensions>
          <speed_mps>8.941</speed_mps>
          <speed_mph>20.0</speed_mph>
        </extensions>
      </trkpt>
      <trkpt lat="52.18414" lon="1.42781">
        <ele>0</ele>
        <time>2026-06-26T08:49:11.305Z</time>
        <name>758</name>
        <extensions>
          <speed_mps>8.941</speed_mps>
          <speed_mph>20.0</speed_mph>
        </extensions>
      </trkpt>
      <trkpt lat="52.18428" lon="1.42867">
        <ele>0</ele>
        <time>2026-06-26T08:49:18.090Z</time>
        <name>759</name>
        <extensions>
          <speed_mps>8.941</speed_mps>
          <speed_mph>20.0</speed_mph>
        </extensions>
      </trkpt>
      <trkpt lat="52.1843" lon="1.42885">
        <ele>0</ele>
        <time>2026-06-26T08:49:19.484Z</time>
        <name>760</name>
        <extensions>
          <speed_mps>8.941</speed_mps>
          <speed_mph>20.0</speed_mph>
        </extensions>
      </trkpt>
      <trkpt lat="52.1843" lon="1.42889">
        <ele>0</ele>
        <time>2026-06-26T08:49:19.789Z</time>
        <name>761</name>
        <extensions>
          <speed_mps>8.941</speed_mps>
          <speed_mph>20.0</speed_mph>
        </extensions>
      </trkpt>
      <trkpt lat="52.18446" lon="1.43063">
        <ele>0</ele>
        <time>2026-06-26T08:49:33.206Z</time>
        <name>762</name>
        <extensions>
          <speed_mps>8.941</speed_mps>
          <speed_mph>20.0</speed_mph>
        </extensions>
      </trkpt>
      <trkpt lat="52.18449" lon="1.43145">
        <ele>0</ele>
        <time>2026-06-26T08:49:39.470Z</time>
        <name>763</name>
        <extensions>
          <speed_mps>8.941</speed_mps>
          <speed_mph>20.0</speed_mph>
        </extensions>
      </trkpt>
      <trkpt lat="52.18449" lon="1.43181">
        <ele>0</ele>
        <time>2026-06-26T08:49:42.215Z</time>
        <name>764</name>
        <extensions>
          <speed_mps>8.941</speed_mps>
          <speed_mph>20.0</speed_mph>
        </extensions>
      </trkpt>
      <trkpt lat="52.18448" lon="1.43195">
        <ele>0</ele>
        <time>2026-06-26T08:49:43.290Z</time>
        <name>765</name>
        <extensions>
          <speed_mps>8.941</speed_mps>
          <speed_mph>20.0</speed_mph>
        </extensions>
      </trkpt>
      <trkpt lat="52.18449" lon="1.43209">
        <ele>0</ele>
        <time>2026-06-26T08:49:44.364Z</time>
        <name>766</name>
        <extensions>
          <speed_mps>8.941</speed_mps>
          <speed_mph>20.0</speed_mph>
        </extensions>
      </trkpt>
      <trkpt lat="52.18448" lon="1.43363">
        <ele>0</ele>
        <time>2026-06-26T08:49:56.108Z</time>
        <name>767</name>
        <extensions>
          <speed_mps>8.941</speed_mps>
          <speed_mph>20.0</speed_mph>
        </extensions>
      </trkpt>
      <trkpt lat="52.18458" lon="1.43451">
        <ele>0</ele>
        <time>2026-06-26T08:50:02.932Z</time>
        <name>768</name>
        <extensions>
          <speed_mps>8.941</speed_mps>
          <speed_mph>20.0</speed_mph>
        </extensions>
      </trkpt>
      <trkpt lat="52.18459" lon="1.43453">
        <ele>0</ele>
        <time>2026-06-26T08:50:03.129Z</time>
        <name>769</name>
        <extensions>
          <speed_mps>8.941</speed_mps>
          <speed_mph>20.0</speed_mph>
        </extensions>
      </trkpt>
      <trkpt lat="52.18539" lon="1.43841">
        <ele>0</ele>
        <time>2026-06-26T08:50:34.343Z</time>
        <name>770</name>
        <extensions>
          <speed_mps>8.941</speed_mps>
          <speed_mph>20.0</speed_mph>
        </extensions>
      </trkpt>
      <trkpt lat="52.18563" lon="1.43972">
        <ele>0</ele>
        <time>2026-06-26T08:50:44.768Z</time>
        <name>771</name>
        <extensions>
          <speed_mps>8.941</speed_mps>
          <speed_mph>20.0</speed_mph>
        </extensions>
      </trkpt>
      <trkpt lat="52.18568" lon="1.44029">
        <ele>0</ele>
        <time>2026-06-26T08:50:49.159Z</time>
        <name>772</name>
        <extensions>
          <speed_mps>8.941</speed_mps>
          <speed_mph>20.0</speed_mph>
        </extensions>
      </trkpt>
      <trkpt lat="52.18572" lon="1.44098">
        <ele>0</ele>
        <time>2026-06-26T08:50:54.444Z</time>
        <name>773</name>
        <extensions>
          <speed_mps>8.941</speed_mps>
          <speed_mph>20.0</speed_mph>
        </extensions>
      </trkpt>
      <trkpt lat="52.18573" lon="1.44172">
        <ele>0</ele>
        <time>2026-06-26T08:51:00.087Z</time>
        <name>774</name>
        <extensions>
          <speed_mps>8.941</speed_mps>
          <speed_mph>20.0</speed_mph>
        </extensions>
      </trkpt>
      <trkpt lat="52.18574" lon="1.44186">
        <ele>0</ele>
        <time>2026-06-26T08:51:01.162Z</time>
        <name>775</name>
        <extensions>
          <speed_mps>8.941</speed_mps>
          <speed_mph>20.0</speed_mph>
        </extensions>
      </trkpt>
      <trkpt lat="52.18574" lon="1.44214">
        <ele>0</ele>
        <time>2026-06-26T08:51:03.297Z</time>
        <name>776</name>
        <extensions>
          <speed_mps>8.941</speed_mps>
          <speed_mph>20.0</speed_mph>
        </extensions>
      </trkpt>
      <trkpt lat="52.18578" lon="1.44266">
        <ele>0</ele>
        <time>2026-06-26T08:51:07.293Z</time>
        <name>777</name>
        <extensions>
          <speed_mps>8.941</speed_mps>
          <speed_mph>20.0</speed_mph>
        </extensions>
      </trkpt>
      <trkpt lat="52.1858" lon="1.44281">
        <ele>0</ele>
        <time>2026-06-26T08:51:08.464Z</time>
        <name>778</name>
        <extensions>
          <speed_mps>8.941</speed_mps>
          <speed_mph>20.0</speed_mph>
        </extensions>
      </trkpt>
      <trkpt lat="52.18582" lon="1.44289">
        <ele>0</ele>
        <time>2026-06-26T08:51:09.123Z</time>
        <name>779</name>
        <extensions>
          <speed_mps>8.941</speed_mps>
          <speed_mph>20.0</speed_mph>
        </extensions>
      </trkpt>
      <trkpt lat="52.18587" lon="1.44316">
        <ele>0</ele>
        <time>2026-06-26T08:51:11.273Z</time>
        <name>780</name>
        <extensions>
          <speed_mps>8.941</speed_mps>
          <speed_mph>20.0</speed_mph>
        </extensions>
      </trkpt>
      <trkpt lat="52.18587" lon="1.44317">
        <ele>0</ele>
        <time>2026-06-26T08:51:11.349Z</time>
        <name>781</name>
        <extensions>
          <speed_mps>8.941</speed_mps>
          <speed_mph>20.0</speed_mph>
        </extensions>
      </trkpt>
      <trkpt lat="52.18588" lon="1.44319">
        <ele>0</ele>
        <time>2026-06-26T08:51:11.546Z</time>
        <name>782</name>
        <extensions>
          <speed_mps>8.941</speed_mps>
          <speed_mph>20.0</speed_mph>
        </extensions>
      </trkpt>
      <trkpt lat="52.18592" lon="1.44332">
        <ele>0</ele>
        <time>2026-06-26T08:51:12.655Z</time>
        <name>783</name>
        <extensions>
          <speed_mps>8.941</speed_mps>
          <speed_mph>20.0</speed_mph>
        </extensions>
      </trkpt>
      <trkpt lat="52.18593" lon="1.44337">
        <ele>0</ele>
        <time>2026-06-26T08:51:13.056Z</time>
        <name>784</name>
        <extensions>
          <speed_mps>8.941</speed_mps>
          <speed_mph>20.0</speed_mph>
        </extensions>
      </trkpt>
      <trkpt lat="52.18624" lon="1.44445">
        <ele>0</ele>
        <time>2026-06-26T08:51:22.149Z</time>
        <name>785</name>
        <extensions>
          <speed_mps>8.941</speed_mps>
          <speed_mph>20.0</speed_mph>
        </extensions>
      </trkpt>
      <trkpt lat="52.18626" lon="1.44449">
        <ele>0</ele>
        <time>2026-06-26T08:51:22.543Z</time>
        <name>786</name>
        <extensions>
          <speed_mps>8.941</speed_mps>
          <speed_mph>20.0</speed_mph>
        </extensions>
      </trkpt>
      <trkpt lat="52.18642" lon="1.44496">
        <ele>0</ele>
        <time>2026-06-26T08:51:26.642Z</time>
        <name>787</name>
        <extensions>
          <speed_mps>8.941</speed_mps>
          <speed_mph>20.0</speed_mph>
        </extensions>
      </trkpt>
      <trkpt lat="52.18647" lon="1.44507">
        <ele>0</ele>
        <time>2026-06-26T08:51:27.686Z</time>
        <name>788</name>
        <extensions>
          <speed_mps>8.941</speed_mps>
          <speed_mph>20.0</speed_mph>
        </extensions>
      </trkpt>
      <trkpt lat="52.18653" lon="1.44524">
        <ele>0</ele>
        <time>2026-06-26T08:51:29.182Z</time>
        <name>789</name>
        <extensions>
          <speed_mps>8.941</speed_mps>
          <speed_mph>20.0</speed_mph>
        </extensions>
      </trkpt>
      <trkpt lat="52.18658" lon="1.44533">
        <ele>0</ele>
        <time>2026-06-26T08:51:30.108Z</time>
        <name>790</name>
        <extensions>
          <speed_mps>8.941</speed_mps>
          <speed_mph>20.0</speed_mph>
        </extensions>
      </trkpt>
      <trkpt lat="52.18671" lon="1.4456">
        <ele>0</ele>
        <time>2026-06-26T08:51:32.725Z</time>
        <name>791</name>
        <extensions>
          <speed_mps>8.941</speed_mps>
          <speed_mph>20.0</speed_mph>
        </extensions>
      </trkpt>
      <trkpt lat="52.18672" lon="1.44561">
        <ele>0</ele>
        <time>2026-06-26T08:51:32.871Z</time>
        <name>792</name>
        <extensions>
          <speed_mps>8.941</speed_mps>
          <speed_mph>20.0</speed_mph>
        </extensions>
      </trkpt>
      <trkpt lat="52.18696" lon="1.44603">
        <ele>0</ele>
        <time>2026-06-26T08:51:37.249Z</time>
        <name>793</name>
        <extensions>
          <speed_mps>8.941</speed_mps>
          <speed_mph>20.0</speed_mph>
        </extensions>
      </trkpt>
      <trkpt lat="52.18701" lon="1.4461">
        <ele>0</ele>
        <time>2026-06-26T08:51:38.068Z</time>
        <name>794</name>
        <extensions>
          <speed_mps>8.941</speed_mps>
          <speed_mph>20.0</speed_mph>
        </extensions>
      </trkpt>
      <trkpt lat="52.18769" lon="1.44718">
        <ele>0</ele>
        <time>2026-06-26T08:51:49.872Z</time>
        <name>795</name>
        <extensions>
          <speed_mps>8.941</speed_mps>
          <speed_mph>20.0</speed_mph>
        </extensions>
      </trkpt>
      <trkpt lat="52.18772" lon="1.44724">
        <ele>0</ele>
        <time>2026-06-26T08:51:50.463Z</time>
        <name>796</name>
        <extensions>
          <speed_mps>8.941</speed_mps>
          <speed_mph>20.0</speed_mph>
        </extensions>
      </trkpt>
      <trkpt lat="52.18799" lon="1.44767">
        <ele>0</ele>
        <time>2026-06-26T08:51:55.156Z</time>
        <name>797</name>
        <extensions>
          <speed_mps>8.941</speed_mps>
          <speed_mph>20.0</speed_mph>
        </extensions>
      </trkpt>
      <trkpt lat="52.18821" lon="1.44806">
        <ele>0</ele>
        <time>2026-06-26T08:51:59.197Z</time>
        <name>798</name>
        <extensions>
          <speed_mps>8.941</speed_mps>
          <speed_mph>20.0</speed_mph>
        </extensions>
      </trkpt>
      <trkpt lat="52.18824" lon="1.4481">
        <ele>0</ele>
        <time>2026-06-26T08:51:59.679Z</time>
        <name>799</name>
        <extensions>
          <speed_mps>8.941</speed_mps>
          <speed_mph>20.0</speed_mph>
        </extensions>
      </trkpt>
      <trkpt lat="52.18851" lon="1.44859">
        <ele>0</ele>
        <time>2026-06-26T08:52:04.702Z</time>
        <name>800</name>
        <extensions>
          <speed_mps>8.941</speed_mps>
          <speed_mph>20.0</speed_mph>
        </extensions>
      </trkpt>
      <trkpt lat="52.18853" lon="1.44861">
        <ele>0</ele>
        <time>2026-06-26T08:52:04.994Z</time>
        <name>801</name>
        <extensions>
          <speed_mps>8.941</speed_mps>
          <speed_mph>20.0</speed_mph>
        </extensions>
      </trkpt>
      <trkpt lat="52.18864" lon="1.44882">
        <ele>0</ele>
        <time>2026-06-26T08:52:07.100Z</time>
        <name>802</name>
        <extensions>
          <speed_mps>8.941</speed_mps>
          <speed_mph>20.0</speed_mph>
        </extensions>
      </trkpt>
      <trkpt lat="52.18876" lon="1.44909">
        <ele>0</ele>
        <time>2026-06-26T08:52:09.642Z</time>
        <name>803</name>
        <extensions>
          <speed_mps>8.941</speed_mps>
          <speed_mph>20.0</speed_mph>
        </extensions>
      </trkpt>
      <trkpt lat="52.18884" lon="1.44936">
        <ele>0</ele>
        <time>2026-06-26T08:52:11.929Z</time>
        <name>804</name>
        <extensions>
          <speed_mps>8.941</speed_mps>
          <speed_mph>20.0</speed_mph>
        </extensions>
      </trkpt>
      <trkpt lat="52.18887" lon="1.4495">
        <ele>0</ele>
        <time>2026-06-26T08:52:13.060Z</time>
        <name>805</name>
        <extensions>
          <speed_mps>8.941</speed_mps>
          <speed_mph>20.0</speed_mph>
        </extensions>
      </trkpt>
      <trkpt lat="52.1889" lon="1.44972">
        <ele>0</ele>
        <time>2026-06-26T08:52:14.778Z</time>
        <name>806</name>
        <extensions>
          <speed_mps>8.941</speed_mps>
          <speed_mph>20.0</speed_mph>
        </extensions>
      </trkpt>
      <trkpt lat="52.1889" lon="1.44984">
        <ele>0</ele>
        <time>2026-06-26T08:52:15.693Z</time>
        <name>807</name>
        <extensions>
          <speed_mps>8.941</speed_mps>
          <speed_mph>20.0</speed_mph>
        </extensions>
      </trkpt>
      <trkpt lat="52.18891" lon="1.44996">
        <ele>0</ele>
        <time>2026-06-26T08:52:16.616Z</time>
        <name>808</name>
        <extensions>
          <speed_mps>8.941</speed_mps>
          <speed_mph>20.0</speed_mph>
        </extensions>
      </trkpt>
      <trkpt lat="52.18891" lon="1.45013">
        <ele>0</ele>
        <time>2026-06-26T08:52:17.912Z</time>
        <name>809</name>
        <extensions>
          <speed_mps>8.941</speed_mps>
          <speed_mph>20.0</speed_mph>
        </extensions>
      </trkpt>
      <trkpt lat="52.1889" lon="1.45026">
        <ele>0</ele>
        <time>2026-06-26T08:52:18.911Z</time>
        <name>810</name>
        <extensions>
          <speed_mps>8.941</speed_mps>
          <speed_mph>20.0</speed_mph>
        </extensions>
      </trkpt>
      <trkpt lat="52.1889" lon="1.45033">
        <ele>0</ele>
        <time>2026-06-26T08:52:19.445Z</time>
        <name>811</name>
        <extensions>
          <speed_mps>8.941</speed_mps>
          <speed_mph>20.0</speed_mph>
        </extensions>
      </trkpt>
      <trkpt lat="52.18878" lon="1.45144">
        <ele>0</ele>
        <time>2026-06-26T08:52:28.039Z</time>
        <name>812</name>
        <extensions>
          <speed_mps>8.941</speed_mps>
          <speed_mph>20.0</speed_mph>
        </extensions>
      </trkpt>
      <trkpt lat="52.18877" lon="1.45148">
        <ele>0</ele>
        <time>2026-06-26T08:52:28.368Z</time>
        <name>813</name>
        <extensions>
          <speed_mps>8.941</speed_mps>
          <speed_mph>20.0</speed_mph>
        </extensions>
      </trkpt>
      <trkpt lat="52.18877" lon="1.45153">
        <ele>0</ele>
        <time>2026-06-26T08:52:28.749Z</time>
        <name>814</name>
        <extensions>
          <speed_mps>8.941</speed_mps>
          <speed_mph>20.0</speed_mph>
        </extensions>
      </trkpt>
      <trkpt lat="52.18871" lon="1.45209">
        <ele>0</ele>
        <time>2026-06-26T08:52:33.084Z</time>
        <name>815</name>
        <extensions>
          <speed_mps>8.941</speed_mps>
          <speed_mph>20.0</speed_mph>
        </extensions>
      </trkpt>
      <trkpt lat="52.18871" lon="1.45215">
        <ele>0</ele>
        <time>2026-06-26T08:52:33.541Z</time>
        <name>816</name>
        <extensions>
          <speed_mps>8.941</speed_mps>
          <speed_mph>20.0</speed_mph>
        </extensions>
      </trkpt>
      <trkpt lat="52.18869" lon="1.45234">
        <ele>0</ele>
        <time>2026-06-26T08:52:35.011Z</time>
        <name>817</name>
        <extensions>
          <speed_mps>8.941</speed_mps>
          <speed_mph>20.0</speed_mph>
        </extensions>
      </trkpt>
      <trkpt lat="52.18866" lon="1.45285">
        <ele>0</ele>
        <time>2026-06-26T08:52:38.918Z</time>
        <name>818</name>
        <extensions>
          <speed_mps>8.941</speed_mps>
          <speed_mph>20.0</speed_mph>
        </extensions>
      </trkpt>
      <trkpt lat="52.18866" lon="1.45294">
        <ele>0</ele>
        <time>2026-06-26T08:52:39.604Z</time>
        <name>819</name>
        <extensions>
          <speed_mps>8.941</speed_mps>
          <speed_mph>20.0</speed_mph>
        </extensions>
      </trkpt>
      <trkpt lat="52.18865" lon="1.45297">
        <ele>0</ele>
        <time>2026-06-26T08:52:39.864Z</time>
        <name>820</name>
        <extensions>
          <speed_mps>8.941</speed_mps>
          <speed_mph>20.0</speed_mph>
        </extensions>
      </trkpt>
      <trkpt lat="52.1886" lon="1.45395">
        <ele>0</ele>
        <time>2026-06-26T08:52:47.362Z</time>
        <name>821</name>
        <extensions>
          <speed_mps>8.941</speed_mps>
          <speed_mph>20.0</speed_mph>
        </extensions>
      </trkpt>
      <trkpt lat="52.18859" lon="1.45402">
        <ele>0</ele>
        <time>2026-06-26T08:52:47.910Z</time>
        <name>822</name>
        <extensions>
          <speed_mps>8.941</speed_mps>
          <speed_mph>20.0</speed_mph>
        </extensions>
      </trkpt>
      <trkpt lat="52.18859" lon="1.45413">
        <ele>0</ele>
        <time>2026-06-26T08:52:48.749Z</time>
        <name>823</name>
        <extensions>
          <speed_mps>8.941</speed_mps>
          <speed_mph>20.0</speed_mph>
        </extensions>
      </trkpt>
      <trkpt lat="52.18857" lon="1.45446">
        <ele>0</ele>
        <time>2026-06-26T08:52:51.277Z</time>
        <name>824</name>
        <extensions>
          <speed_mps>8.941</speed_mps>
          <speed_mph>20.0</speed_mph>
        </extensions>
      </trkpt>
      <trkpt lat="52.18857" lon="1.45479">
        <ele>0</ele>
        <time>2026-06-26T08:52:53.793Z</time>
        <name>825</name>
        <extensions>
          <speed_mps>8.941</speed_mps>
          <speed_mph>20.0</speed_mph>
        </extensions>
      </trkpt>
      <trkpt lat="52.18858" lon="1.45482">
        <ele>0</ele>
        <time>2026-06-26T08:52:54.054Z</time>
        <name>826</name>
        <extensions>
          <speed_mps>8.941</speed_mps>
          <speed_mph>20.0</speed_mph>
        </extensions>
      </trkpt>
      <trkpt lat="52.18858" lon="1.45486">
        <ele>0</ele>
        <time>2026-06-26T08:52:54.359Z</time>
        <name>827</name>
        <extensions>
          <speed_mps>8.941</speed_mps>
          <speed_mph>20.0</speed_mph>
        </extensions>
      </trkpt>
      <trkpt lat="52.18859" lon="1.4549">
        <ele>0</ele>
        <time>2026-06-26T08:52:54.688Z</time>
        <name>828</name>
        <extensions>
          <speed_mps>8.941</speed_mps>
          <speed_mph>20.0</speed_mph>
        </extensions>
      </trkpt>
      <trkpt lat="52.1886" lon="1.45497">
        <ele>0</ele>
        <time>2026-06-26T08:52:55.236Z</time>
        <name>829</name>
        <extensions>
          <speed_mps>8.941</speed_mps>
          <speed_mph>20.0</speed_mph>
        </extensions>
      </trkpt>
      <trkpt lat="52.18861" lon="1.45498">
        <ele>0</ele>
        <time>2026-06-26T08:52:55.382Z</time>
        <name>830</name>
        <extensions>
          <speed_mps>8.941</speed_mps>
          <speed_mph>20.0</speed_mph>
        </extensions>
      </trkpt>
      <trkpt lat="52.18865" lon="1.45512">
        <ele>0</ele>
        <time>2026-06-26T08:52:56.560Z</time>
        <name>831</name>
        <extensions>
          <speed_mps>8.941</speed_mps>
          <speed_mph>20.0</speed_mph>
        </extensions>
      </trkpt>
      <trkpt lat="52.18879" lon="1.45535">
        <ele>0</ele>
        <time>2026-06-26T08:52:59.031Z</time>
        <name>832</name>
        <extensions>
          <speed_mps>8.941</speed_mps>
          <speed_mph>20.0</speed_mph>
        </extensions>
      </trkpt>
      <trkpt lat="52.18888" lon="1.45547">
        <ele>0</ele>
        <time>2026-06-26T08:53:00.476Z</time>
        <name>833</name>
        <extensions>
          <speed_mps>8.941</speed_mps>
          <speed_mph>20.0</speed_mph>
        </extensions>
      </trkpt>
      <trkpt lat="52.1891" lon="1.45561">
        <ele>0</ele>
        <time>2026-06-26T08:53:03.413Z</time>
        <name>834</name>
        <extensions>
          <speed_mps>8.941</speed_mps>
          <speed_mph>20.0</speed_mph>
        </extensions>
      </trkpt>
      <trkpt lat="52.18931" lon="1.45573">
        <ele>0</ele>
        <time>2026-06-26T08:53:06.181Z</time>
        <name>835</name>
        <extensions>
          <speed_mps>8.941</speed_mps>
          <speed_mph>20.0</speed_mph>
        </extensions>
      </trkpt>
      <trkpt lat="52.18948" lon="1.45584">
        <ele>0</ele>
        <time>2026-06-26T08:53:08.455Z</time>
        <name>836</name>
        <extensions>
          <speed_mps>8.941</speed_mps>
          <speed_mph>20.0</speed_mph>
        </extensions>
      </trkpt>
      <trkpt lat="52.18955" lon="1.4559">
        <ele>0</ele>
        <time>2026-06-26T08:53:09.439Z</time>
        <name>837</name>
        <extensions>
          <speed_mps>8.941</speed_mps>
          <speed_mph>20.0</speed_mph>
        </extensions>
      </trkpt>
      <trkpt lat="52.18958" lon="1.45592">
        <ele>0</ele>
        <time>2026-06-26T08:53:09.842Z</time>
        <name>838</name>
        <extensions>
          <speed_mps>8.941</speed_mps>
          <speed_mph>20.0</speed_mph>
        </extensions>
      </trkpt>
      <trkpt lat="52.19039" lon="1.45661">
        <ele>0</ele>
        <time>2026-06-26T08:53:21.207Z</time>
        <name>839</name>
        <extensions>
          <speed_mps>8.941</speed_mps>
          <speed_mph>20.0</speed_mph>
        </extensions>
      </trkpt>
      <trkpt lat="52.19043" lon="1.45665">
        <ele>0</ele>
        <time>2026-06-26T08:53:21.790Z</time>
        <name>840</name>
        <extensions>
          <speed_mps>8.941</speed_mps>
          <speed_mph>20.0</speed_mph>
        </extensions>
      </trkpt>
      <trkpt lat="52.19076" lon="1.45693">
        <ele>0</ele>
        <time>2026-06-26T08:53:26.416Z</time>
        <name>841</name>
        <extensions>
          <speed_mps>8.941</speed_mps>
          <speed_mph>20.0</speed_mph>
        </extensions>
      </trkpt>
      <trkpt lat="52.1908" lon="1.45698">
        <ele>0</ele>
        <time>2026-06-26T08:53:27.043Z</time>
        <name>842</name>
        <extensions>
          <speed_mps>8.941</speed_mps>
          <speed_mph>20.0</speed_mph>
        </extensions>
      </trkpt>
      <trkpt lat="52.19095" lon="1.45712">
        <ele>0</ele>
        <time>2026-06-26T08:53:29.192Z</time>
        <name>843</name>
        <extensions>
          <speed_mps>8.941</speed_mps>
          <speed_mph>20.0</speed_mph>
        </extensions>
      </trkpt>
      <trkpt lat="52.19112" lon="1.45732">
        <ele>0</ele>
        <time>2026-06-26T08:53:31.799Z</time>
        <name>844</name>
        <extensions>
          <speed_mps>8.941</speed_mps>
          <speed_mph>20.0</speed_mph>
        </extensions>
      </trkpt>
      <trkpt lat="52.19112" lon="1.45733">
        <ele>0</ele>
        <time>2026-06-26T08:53:31.875Z</time>
        <name>845</name>
        <extensions>
          <speed_mps>8.941</speed_mps>
          <speed_mph>20.0</speed_mph>
        </extensions>
      </trkpt>
      <trkpt lat="52.19125" lon="1.45749">
        <ele>0</ele>
        <time>2026-06-26T08:53:33.901Z</time>
        <name>846</name>
        <extensions>
          <speed_mps>8.941</speed_mps>
          <speed_mph>20.0</speed_mph>
        </extensions>
      </trkpt>
      <trkpt lat="52.19141" lon="1.45774">
        <ele>0</ele>
        <time>2026-06-26T08:53:36.656Z</time>
        <name>847</name>
        <extensions>
          <speed_mps>8.941</speed_mps>
          <speed_mph>20.0</speed_mph>
        </extensions>
      </trkpt>
      <trkpt lat="52.19152" lon="1.45794">
        <ele>0</ele>
        <time>2026-06-26T08:53:38.705Z</time>
        <name>848</name>
        <extensions>
          <speed_mps>8.941</speed_mps>
          <speed_mph>20.0</speed_mph>
        </extensions>
      </trkpt>
      <trkpt lat="52.19152" lon="1.45796">
        <ele>0</ele>
        <time>2026-06-26T08:53:38.857Z</time>
        <name>849</name>
        <extensions>
          <speed_mps>8.941</speed_mps>
          <speed_mph>20.0</speed_mph>
        </extensions>
      </trkpt>
      <trkpt lat="52.19156" lon="1.45803">
        <ele>0</ele>
        <time>2026-06-26T08:53:39.587Z</time>
        <name>850</name>
        <extensions>
          <speed_mps>8.941</speed_mps>
          <speed_mph>20.0</speed_mph>
        </extensions>
      </trkpt>
      <trkpt lat="52.1917" lon="1.45838">
        <ele>0</ele>
        <time>2026-06-26T08:53:42.773Z</time>
        <name>851</name>
        <extensions>
          <speed_mps>8.941</speed_mps>
          <speed_mph>20.0</speed_mph>
        </extensions>
      </trkpt>
      <trkpt lat="52.19175" lon="1.45854">
        <ele>0</ele>
        <time>2026-06-26T08:53:44.142Z</time>
        <name>852</name>
        <extensions>
          <speed_mps>8.941</speed_mps>
          <speed_mph>20.0</speed_mph>
        </extensions>
      </trkpt>
      <trkpt lat="52.19182" lon="1.45885">
        <ele>0</ele>
        <time>2026-06-26T08:53:46.661Z</time>
        <name>853</name>
        <extensions>
          <speed_mps>8.941</speed_mps>
          <speed_mph>20.0</speed_mph>
        </extensions>
      </trkpt>
      <trkpt lat="52.19183" lon="1.45888">
        <ele>0</ele>
        <time>2026-06-26T08:53:46.921Z</time>
        <name>854</name>
        <extensions>
          <speed_mps>8.941</speed_mps>
          <speed_mph>20.0</speed_mph>
        </extensions>
      </trkpt>
      <trkpt lat="52.19184" lon="1.45895">
        <ele>0</ele>
        <time>2026-06-26T08:53:47.469Z</time>
        <name>855</name>
        <extensions>
          <speed_mps>8.941</speed_mps>
          <speed_mph>20.0</speed_mph>
        </extensions>
      </trkpt>
      <trkpt lat="52.19186" lon="1.45902">
        <ele>0</ele>
        <time>2026-06-26T08:53:48.058Z</time>
        <name>856</name>
        <extensions>
          <speed_mps>8.941</speed_mps>
          <speed_mph>20.0</speed_mph>
        </extensions>
      </trkpt>
      <trkpt lat="52.1919" lon="1.45926">
        <ele>0</ele>
        <time>2026-06-26T08:53:49.954Z</time>
        <name>857</name>
        <extensions>
          <speed_mps>8.941</speed_mps>
          <speed_mph>20.0</speed_mph>
        </extensions>
      </trkpt>
      <trkpt lat="52.1919" lon="1.4593">
        <ele>0</ele>
        <time>2026-06-26T08:53:50.259Z</time>
        <name>858</name>
        <extensions>
          <speed_mps>8.941</speed_mps>
          <speed_mph>20.0</speed_mph>
        </extensions>
      </trkpt>
      <trkpt lat="52.19191" lon="1.45934">
        <ele>0</ele>
        <time>2026-06-26T08:53:50.588Z</time>
        <name>859</name>
        <extensions>
          <speed_mps>8.941</speed_mps>
          <speed_mph>20.0</speed_mph>
        </extensions>
      </trkpt>
      <trkpt lat="52.19191" lon="1.45939">
        <ele>0</ele>
        <time>2026-06-26T08:53:50.970Z</time>
        <name>860</name>
        <extensions>
          <speed_mps>8.941</speed_mps>
          <speed_mph>20.0</speed_mph>
        </extensions>
      </trkpt>
      <trkpt lat="52.19192" lon="1.45949">
        <ele>0</ele>
        <time>2026-06-26T08:53:51.742Z</time>
        <name>861</name>
        <extensions>
          <speed_mps>8.941</speed_mps>
          <speed_mph>20.0</speed_mph>
        </extensions>
      </trkpt>
      <trkpt lat="52.19193" lon="1.45954">
        <ele>0</ele>
        <time>2026-06-26T08:53:52.143Z</time>
        <name>862</name>
        <extensions>
          <speed_mps>8.941</speed_mps>
          <speed_mph>20.0</speed_mph>
        </extensions>
      </trkpt>
      <trkpt lat="52.19195" lon="1.45987">
        <ele>0</ele>
        <time>2026-06-26T08:53:54.671Z</time>
        <name>863</name>
        <extensions>
          <speed_mps>8.941</speed_mps>
          <speed_mph>20.0</speed_mph>
        </extensions>
      </trkpt>
      <trkpt lat="52.19195" lon="1.46025">
        <ele>0</ele>
        <time>2026-06-26T08:53:57.568Z</time>
        <name>864</name>
        <extensions>
          <speed_mps>8.941</speed_mps>
          <speed_mph>20.0</speed_mph>
        </extensions>
      </trkpt>
      <trkpt lat="52.19189" lon="1.46153">
        <ele>0</ele>
        <time>2026-06-26T08:54:07.356Z</time>
        <name>865</name>
        <extensions>
          <speed_mps>8.941</speed_mps>
          <speed_mph>20.0</speed_mph>
        </extensions>
      </trkpt>
      <trkpt lat="52.19189" lon="1.46167">
        <ele>0</ele>
        <time>2026-06-26T08:54:08.423Z</time>
        <name>866</name>
        <extensions>
          <speed_mps>8.941</speed_mps>
          <speed_mph>20.0</speed_mph>
        </extensions>
      </trkpt>
      <trkpt lat="52.19183" lon="1.46268">
        <ele>0</ele>
        <time>2026-06-26T08:54:16.159Z</time>
        <name>867</name>
        <extensions>
          <speed_mps>8.941</speed_mps>
          <speed_mph>20.0</speed_mph>
        </extensions>
      </trkpt>
      <trkpt lat="52.19179" lon="1.46404">
        <ele>0</ele>
        <time>2026-06-26T08:54:26.540Z</time>
        <name>868</name>
        <extensions>
          <speed_mps>8.941</speed_mps>
          <speed_mph>20.0</speed_mph>
        </extensions>
      </trkpt>
      <trkpt lat="52.19178" lon="1.46413">
        <ele>0</ele>
        <time>2026-06-26T08:54:27.237Z</time>
        <name>869</name>
        <extensions>
          <speed_mps>8.941</speed_mps>
          <speed_mph>20.0</speed_mph>
        </extensions>
      </trkpt>
      <trkpt lat="52.19176" lon="1.46462">
        <ele>0</ele>
        <time>2026-06-26T08:54:30.981Z</time>
        <name>870</name>
        <extensions>
          <speed_mps>8.941</speed_mps>
          <speed_mph>20.0</speed_mph>
        </extensions>
      </trkpt>
      <trkpt lat="52.19169" lon="1.46563">
        <ele>0</ele>
        <time>2026-06-26T08:54:38.730Z</time>
        <name>871</name>
        <extensions>
          <speed_mps>8.941</speed_mps>
          <speed_mph>20.0</speed_mph>
        </extensions>
      </trkpt>
      <trkpt lat="52.19169" lon="1.46578">
        <ele>0</ele>
        <time>2026-06-26T08:54:39.874Z</time>
        <name>872</name>
        <extensions>
          <speed_mps>8.941</speed_mps>
          <speed_mph>20.0</speed_mph>
        </extensions>
      </trkpt>
      <trkpt lat="52.19156" lon="1.46662">
        <ele>0</ele>
        <time>2026-06-26T08:54:46.479Z</time>
        <name>873</name>
        <extensions>
          <speed_mps>8.941</speed_mps>
          <speed_mph>20.0</speed_mph>
        </extensions>
      </trkpt>
      <trkpt lat="52.19143" lon="1.46728">
        <ele>0</ele>
        <time>2026-06-26T08:54:51.764Z</time>
        <name>874</name>
        <extensions>
          <speed_mps>8.941</speed_mps>
          <speed_mph>20.0</speed_mph>
        </extensions>
      </trkpt>
      <trkpt lat="52.19143" lon="1.46762">
        <ele>0</ele>
        <time>2026-06-26T08:54:54.357Z</time>
        <name>875</name>
        <extensions>
          <speed_mps>8.941</speed_mps>
          <speed_mph>20.0</speed_mph>
        </extensions>
      </trkpt>
      <trkpt lat="52.19145" lon="1.46775">
        <ele>0</ele>
        <time>2026-06-26T08:54:55.378Z</time>
        <name>876</name>
        <extensions>
          <speed_mps>8.941</speed_mps>
          <speed_mph>20.0</speed_mph>
        </extensions>
      </trkpt>
      <trkpt lat="52.19149" lon="1.46782">
        <ele>0</ele>
        <time>2026-06-26T08:54:56.108Z</time>
        <name>877</name>
        <extensions>
          <speed_mps>8.941</speed_mps>
          <speed_mph>20.0</speed_mph>
        </extensions>
      </trkpt>
      <trkpt lat="52.19152" lon="1.46802">
        <ele>0</ele>
        <time>2026-06-26T08:54:57.678Z</time>
        <name>878</name>
        <extensions>
          <speed_mps>8.941</speed_mps>
          <speed_mph>20.0</speed_mph>
        </extensions>
      </trkpt>
      <trkpt lat="52.19185" lon="1.46872">
        <ele>0</ele>
        <time>2026-06-26T08:55:04.410Z</time>
        <name>879</name>
        <extensions>
          <speed_mps>8.941</speed_mps>
          <speed_mph>20.0</speed_mph>
        </extensions>
      </trkpt>
      <trkpt lat="52.19193" lon="1.46893">
        <ele>0</ele>
        <time>2026-06-26T08:55:06.295Z</time>
        <name>880</name>
        <extensions>
          <speed_mps>8.941</speed_mps>
          <speed_mph>20.0</speed_mph>
        </extensions>
      </trkpt>
      <trkpt lat="52.19198" lon="1.46916">
        <ele>0</ele>
        <time>2026-06-26T08:55:08.156Z</time>
        <name>881</name>
        <extensions>
          <speed_mps>8.941</speed_mps>
          <speed_mph>20.0</speed_mph>
        </extensions>
      </trkpt>
      <trkpt lat="52.19228" lon="1.47088">
        <ele>0</ele>
        <time>2026-06-26T08:55:21.789Z</time>
        <name>882</name>
        <extensions>
          <speed_mps>8.941</speed_mps>
          <speed_mph>20.0</speed_mph>
        </extensions>
      </trkpt>
      <trkpt lat="52.19248" lon="1.47184">
        <ele>0</ele>
        <time>2026-06-26T08:55:29.520Z</time>
        <name>883</name>
        <extensions>
          <speed_mps>8.941</speed_mps>
          <speed_mph>20.0</speed_mph>
        </extensions>
      </trkpt>
      <trkpt lat="52.19256" lon="1.47217">
        <ele>0</ele>
        <time>2026-06-26T08:55:32.225Z</time>
        <name>884</name>
        <extensions>
          <speed_mps>8.941</speed_mps>
          <speed_mph>20.0</speed_mph>
        </extensions>
      </trkpt>
      <trkpt lat="52.19271" lon="1.47263">
        <ele>0</ele>
        <time>2026-06-26T08:55:36.197Z</time>
        <name>885</name>
        <extensions>
          <speed_mps>8.941</speed_mps>
          <speed_mph>20.0</speed_mph>
        </extensions>
      </trkpt>
      <trkpt lat="52.19287" lon="1.47318">
        <ele>0</ele>
        <time>2026-06-26T08:55:40.839Z</time>
        <name>886</name>
        <extensions>
          <speed_mps>8.941</speed_mps>
          <speed_mph>20.0</speed_mph>
        </extensions>
      </trkpt>
      <trkpt lat="52.19331" lon="1.47416">
        <ele>0</ele>
        <time>2026-06-26T08:55:50.100Z</time>
        <name>887</name>
        <extensions>
          <speed_mps>8.941</speed_mps>
          <speed_mph>20.0</speed_mph>
        </extensions>
      </trkpt>
      <trkpt lat="52.1934" lon="1.47434">
        <ele>0</ele>
        <time>2026-06-26T08:55:51.870Z</time>
        <name>888</name>
        <extensions>
          <speed_mps>8.941</speed_mps>
          <speed_mph>20.0</speed_mph>
        </extensions>
      </trkpt>
      <trkpt lat="52.19353" lon="1.47456">
        <ele>0</ele>
        <time>2026-06-26T08:55:54.200Z</time>
        <name>889</name>
        <extensions>
          <speed_mps>8.941</speed_mps>
          <speed_mph>20.0</speed_mph>
        </extensions>
      </trkpt>
      <trkpt lat="52.19376" lon="1.475">
        <ele>0</ele>
        <time>2026-06-26T08:55:58.608Z</time>
        <name>890</name>
        <extensions>
          <speed_mps>8.941</speed_mps>
          <speed_mph>20.0</speed_mph>
        </extensions>
      </trkpt>
      <trkpt lat="52.19377" lon="1.47503">
        <ele>0</ele>
        <time>2026-06-26T08:55:58.869Z</time>
        <name>891</name>
        <extensions>
          <speed_mps>8.941</speed_mps>
          <speed_mph>20.0</speed_mph>
        </extensions>
      </trkpt>
      <trkpt lat="52.19408" lon="1.47549">
        <ele>0</ele>
        <time>2026-06-26T08:56:04.081Z</time>
        <name>892</name>
        <extensions>
          <speed_mps>8.941</speed_mps>
          <speed_mph>20.0</speed_mph>
        </extensions>
      </trkpt>
      <trkpt lat="52.19455" lon="1.47609">
        <ele>0</ele>
        <time>2026-06-26T08:56:11.503Z</time>
        <name>893</name>
        <extensions>
          <speed_mps>8.941</speed_mps>
          <speed_mph>20.0</speed_mph>
        </extensions>
      </trkpt>
      <trkpt lat="52.19587" lon="1.47769">
        <ele>0</ele>
        <time>2026-06-26T08:56:31.955Z</time>
        <name>894</name>
        <extensions>
          <speed_mps>8.941</speed_mps>
          <speed_mph>20.0</speed_mph>
        </extensions>
      </trkpt>
      <trkpt lat="52.19671" lon="1.47856">
        <ele>0</ele>
        <time>2026-06-26T08:56:44.329Z</time>
        <name>895</name>
        <extensions>
          <speed_mps>8.941</speed_mps>
          <speed_mph>20.0</speed_mph>
        </extensions>
      </trkpt>
      <trkpt lat="52.19687" lon="1.47869">
        <ele>0</ele>
        <time>2026-06-26T08:56:46.552Z</time>
        <name>896</name>
        <extensions>
          <speed_mps>8.941</speed_mps>
          <speed_mph>20.0</speed_mph>
        </extensions>
      </trkpt>
      <trkpt lat="52.19725" lon="1.47897">
        <ele>0</ele>
        <time>2026-06-26T08:56:51.738Z</time>
        <name>897</name>
        <extensions>
          <speed_mps>8.941</speed_mps>
          <speed_mph>20.0</speed_mph>
        </extensions>
      </trkpt>
      <trkpt lat="52.1977" lon="1.47926">
        <ele>0</ele>
        <time>2026-06-26T08:56:57.755Z</time>
        <name>898</name>
        <extensions>
          <speed_mps>8.941</speed_mps>
          <speed_mph>20.0</speed_mph>
        </extensions>
      </trkpt>
      <trkpt lat="52.19799" lon="1.47941">
        <ele>0</ele>
        <time>2026-06-26T08:57:01.539Z</time>
        <name>899</name>
        <extensions>
          <speed_mps>8.941</speed_mps>
          <speed_mph>20.0</speed_mph>
        </extensions>
      </trkpt>
      <trkpt lat="52.19836" lon="1.47956">
        <ele>0</ele>
        <time>2026-06-26T08:57:06.280Z</time>
        <name>900</name>
        <extensions>
          <speed_mps>8.941</speed_mps>
          <speed_mph>20.0</speed_mph>
        </extensions>
      </trkpt>
      <trkpt lat="52.19851" lon="1.47961">
        <ele>0</ele>
        <time>2026-06-26T08:57:08.184Z</time>
        <name>901</name>
        <extensions>
          <speed_mps>8.941</speed_mps>
          <speed_mph>20.0</speed_mph>
        </extensions>
      </trkpt>
      <trkpt lat="52.19886" lon="1.4797">
        <ele>0</ele>
        <time>2026-06-26T08:57:12.591Z</time>
        <name>902</name>
        <extensions>
          <speed_mps>8.941</speed_mps>
          <speed_mph>20.0</speed_mph>
        </extensions>
      </trkpt>
      <trkpt lat="52.199" lon="1.47972">
        <ele>0</ele>
        <time>2026-06-26T08:57:14.339Z</time>
        <name>903</name>
        <extensions>
          <speed_mps>8.941</speed_mps>
          <speed_mph>20.0</speed_mph>
        </extensions>
      </trkpt>
      <trkpt lat="52.19946" lon="1.47976">
        <ele>0</ele>
        <time>2026-06-26T08:57:20.068Z</time>
        <name>904</name>
        <extensions>
          <speed_mps>8.941</speed_mps>
          <speed_mph>20.0</speed_mph>
        </extensions>
      </trkpt>
      <trkpt lat="52.19948" lon="1.47977">
        <ele>0</ele>
        <time>2026-06-26T08:57:20.328Z</time>
        <name>905</name>
        <extensions>
          <speed_mps>8.941</speed_mps>
          <speed_mph>20.0</speed_mph>
        </extensions>
      </trkpt>
      <trkpt lat="52.20006" lon="1.47974">
        <ele>0</ele>
        <time>2026-06-26T08:57:27.545Z</time>
        <name>906</name>
        <extensions>
          <speed_mps>8.941</speed_mps>
          <speed_mph>20.0</speed_mph>
        </extensions>
      </trkpt>
      <trkpt lat="52.20017" lon="1.47974">
        <ele>0</ele>
        <time>2026-06-26T08:57:28.913Z</time>
        <name>907</name>
        <extensions>
          <speed_mps>8.941</speed_mps>
          <speed_mph>20.0</speed_mph>
        </extensions>
      </trkpt>
      <trkpt lat="52.20019" lon="1.47976">
        <ele>0</ele>
        <time>2026-06-26T08:57:29.205Z</time>
        <name>908</name>
        <extensions>
          <speed_mps>8.941</speed_mps>
          <speed_mph>20.0</speed_mph>
        </extensions>
      </trkpt>
      <trkpt lat="52.2002" lon="1.47976">
        <ele>0</ele>
        <time>2026-06-26T08:57:29.329Z</time>
        <name>909</name>
        <extensions>
          <speed_mps>8.941</speed_mps>
          <speed_mph>20.0</speed_mph>
        </extensions>
      </trkpt>
      <trkpt lat="52.20022" lon="1.47979">
        <ele>0</ele>
        <time>2026-06-26T08:57:29.667Z</time>
        <name>910</name>
        <extensions>
          <speed_mps>8.941</speed_mps>
          <speed_mph>20.0</speed_mph>
        </extensions>
      </trkpt>
      <trkpt lat="52.2004" lon="1.47975">
        <ele>0</ele>
        <time>2026-06-26T08:57:31.926Z</time>
        <name>911</name>
        <extensions>
          <speed_mps>8.941</speed_mps>
          <speed_mph>20.0</speed_mph>
        </extensions>
      </trkpt>
      <trkpt lat="52.20042" lon="1.47974">
        <ele>0</ele>
        <time>2026-06-26T08:57:32.186Z</time>
        <name>912</name>
        <extensions>
          <speed_mps>8.941</speed_mps>
          <speed_mph>20.0</speed_mph>
        </extensions>
      </trkpt>
      <trkpt lat="52.2006" lon="1.4797">
        <ele>0</ele>
        <time>2026-06-26T08:57:34.446Z</time>
        <name>913</name>
        <extensions>
          <speed_mps>8.941</speed_mps>
          <speed_mph>20.0</speed_mph>
        </extensions>
      </trkpt>
      <trkpt lat="52.2011" lon="1.47955">
        <ele>0</ele>
        <time>2026-06-26T08:57:40.768Z</time>
        <name>914</name>
        <extensions>
          <speed_mps>8.941</speed_mps>
          <speed_mph>20.0</speed_mph>
        </extensions>
      </trkpt>
      <trkpt lat="52.20207" lon="1.47923">
        <ele>0</ele>
        <time>2026-06-26T08:57:53.076Z</time>
        <name>915</name>
        <extensions>
          <speed_mps>8.941</speed_mps>
          <speed_mph>20.0</speed_mph>
        </extensions>
      </trkpt>
      <trkpt lat="52.20392" lon="1.47868">
        <ele>0</ele>
        <time>2026-06-26T08:58:16.463Z</time>
        <name>916</name>
        <extensions>
          <speed_mps>8.941</speed_mps>
          <speed_mph>20.0</speed_mph>
        </extensions>
      </trkpt>
      <trkpt lat="52.20484" lon="1.47845">
        <ele>0</ele>
        <time>2026-06-26T08:58:28.038Z</time>
        <name>917</name>
        <extensions>
          <speed_mps>8.941</speed_mps>
          <speed_mph>20.0</speed_mph>
        </extensions>
      </trkpt>
      <trkpt lat="52.20649" lon="1.47808">
        <ele>0</ele>
        <time>2026-06-26T08:58:48.752Z</time>
        <name>918</name>
        <extensions>
          <speed_mps>8.941</speed_mps>
          <speed_mph>20.0</speed_mph>
        </extensions>
      </trkpt>
      <trkpt lat="52.20796" lon="1.4778">
        <ele>0</ele>
        <time>2026-06-26T08:59:07.158Z</time>
        <name>919</name>
        <extensions>
          <speed_mps>8.941</speed_mps>
          <speed_mph>20.0</speed_mph>
        </extensions>
      </trkpt>
      <trkpt lat="52.20962" lon="1.47752">
        <ele>0</ele>
        <time>2026-06-26T08:59:27.913Z</time>
        <name>920</name>
        <extensions>
          <speed_mps>8.941</speed_mps>
          <speed_mph>20.0</speed_mph>
        </extensions>
      </trkpt>
      <trkpt lat="52.2098" lon="1.4775">
        <ele>0</ele>
        <time>2026-06-26T08:59:30.157Z</time>
        <name>921</name>
        <extensions>
          <speed_mps>8.941</speed_mps>
          <speed_mph>20.0</speed_mph>
        </extensions>
      </trkpt>
      <trkpt lat="52.21035" lon="1.47741">
        <ele>0</ele>
        <time>2026-06-26T08:59:37.032Z</time>
        <name>922</name>
        <extensions>
          <speed_mps>8.941</speed_mps>
          <speed_mph>20.0</speed_mph>
        </extensions>
      </trkpt>
      <trkpt lat="52.21088" lon="1.47735">
        <ele>0</ele>
        <time>2026-06-26T08:59:43.639Z</time>
        <name>923</name>
        <extensions>
          <speed_mps>8.941</speed_mps>
          <speed_mph>20.0</speed_mph>
        </extensions>
      </trkpt>
      <trkpt lat="52.21106" lon="1.47732">
        <ele>0</ele>
        <time>2026-06-26T08:59:45.889Z</time>
        <name>924</name>
        <extensions>
          <speed_mps>8.941</speed_mps>
          <speed_mph>20.0</speed_mph>
        </extensions>
      </trkpt>
      <trkpt lat="52.21243" lon="1.47715">
        <ele>0</ele>
        <time>2026-06-26T09:00:02.977Z</time>
        <name>925</name>
        <extensions>
          <speed_mps>8.941</speed_mps>
          <speed_mph>20.0</speed_mph>
        </extensions>
      </trkpt>
      <trkpt lat="52.21249" lon="1.47715">
        <ele>0</ele>
        <time>2026-06-26T09:00:03.723Z</time>
        <name>926</name>
        <extensions>
          <speed_mps>8.941</speed_mps>
          <speed_mph>20.0</speed_mph>
        </extensions>
      </trkpt>
      <trkpt lat="52.21282" lon="1.47712">
        <ele>0</ele>
        <time>2026-06-26T09:00:07.834Z</time>
        <name>927</name>
        <extensions>
          <speed_mps>8.941</speed_mps>
          <speed_mph>20.0</speed_mph>
        </extensions>
      </trkpt>
      <trkpt lat="52.21285" lon="1.47711">
        <ele>0</ele>
        <time>2026-06-26T09:00:08.214Z</time>
        <name>928</name>
        <extensions>
          <speed_mps>8.941</speed_mps>
          <speed_mph>20.0</speed_mph>
        </extensions>
      </trkpt>
      <trkpt lat="52.21484" lon="1.47694">
        <ele>0</ele>
        <time>2026-06-26T09:00:32.997Z</time>
        <name>929</name>
        <extensions>
          <speed_mps>8.941</speed_mps>
          <speed_mph>20.0</speed_mph>
        </extensions>
      </trkpt>
      <trkpt lat="52.21557" lon="1.47693">
        <ele>0</ele>
        <time>2026-06-26T09:00:42.077Z</time>
        <name>930</name>
        <extensions>
          <speed_mps>8.941</speed_mps>
          <speed_mph>20.0</speed_mph>
        </extensions>
      </trkpt>
      <trkpt lat="52.21561" lon="1.47689">
        <ele>0</ele>
        <time>2026-06-26T09:00:42.660Z</time>
        <name>931</name>
        <extensions>
          <speed_mps>8.941</speed_mps>
          <speed_mph>20.0</speed_mph>
        </extensions>
      </trkpt>
      <trkpt lat="52.21562" lon="1.47689">
        <ele>0</ele>
        <time>2026-06-26T09:00:42.784Z</time>
        <name>932</name>
        <extensions>
          <speed_mps>8.941</speed_mps>
          <speed_mph>20.0</speed_mph>
        </extensions>
      </trkpt>
      <trkpt lat="52.21564" lon="1.47688">
        <ele>0</ele>
        <time>2026-06-26T09:00:43.045Z</time>
        <name>933</name>
        <extensions>
          <speed_mps>8.941</speed_mps>
          <speed_mph>20.0</speed_mph>
        </extensions>
      </trkpt>
      <trkpt lat="52.2161" lon="1.47684">
        <ele>0</ele>
        <time>2026-06-26T09:00:48.774Z</time>
        <name>934</name>
        <extensions>
          <speed_mps>8.941</speed_mps>
          <speed_mph>20.0</speed_mph>
        </extensions>
      </trkpt>
      <trkpt lat="52.217" lon="1.47679">
        <ele>0</ele>
        <time>2026-06-26T09:00:59.973Z</time>
        <name>935</name>
        <extensions>
          <speed_mps>8.941</speed_mps>
          <speed_mph>20.0</speed_mph>
        </extensions>
      </trkpt>
      <trkpt lat="52.2171" lon="1.47679">
        <ele>0</ele>
        <time>2026-06-26T09:01:01.217Z</time>
        <name>936</name>
        <extensions>
          <speed_mps>8.941</speed_mps>
          <speed_mph>20.0</speed_mph>
        </extensions>
      </trkpt>
      <trkpt lat="52.21725" lon="1.47678">
        <ele>0</ele>
        <time>2026-06-26T09:01:03.084Z</time>
        <name>937</name>
        <extensions>
          <speed_mps>8.941</speed_mps>
          <speed_mph>20.0</speed_mph>
        </extensions>
      </trkpt>
      <trkpt lat="52.21777" lon="1.47678">
        <ele>0</ele>
        <time>2026-06-26T09:01:09.551Z</time>
        <name>938</name>
        <extensions>
          <speed_mps>8.941</speed_mps>
          <speed_mph>20.0</speed_mph>
        </extensions>
      </trkpt>
      <trkpt lat="52.21828" lon="1.4768">
        <ele>0</ele>
        <time>2026-06-26T09:01:15.896Z</time>
        <name>939</name>
        <extensions>
          <speed_mps>8.941</speed_mps>
          <speed_mph>20.0</speed_mph>
        </extensions>
      </trkpt>
      <trkpt lat="52.2185" lon="1.47682">
        <ele>0</ele>
        <time>2026-06-26T09:01:18.636Z</time>
        <name>940</name>
        <extensions>
          <speed_mps>8.941</speed_mps>
          <speed_mph>20.0</speed_mph>
        </extensions>
      </trkpt>
      <trkpt lat="52.21859" lon="1.47682">
        <ele>0</ele>
        <time>2026-06-26T09:01:19.755Z</time>
        <name>941</name>
        <extensions>
          <speed_mps>8.941</speed_mps>
          <speed_mph>20.0</speed_mph>
        </extensions>
      </trkpt>
      <trkpt lat="52.21866" lon="1.47683">
        <ele>0</ele>
        <time>2026-06-26T09:01:20.629Z</time>
        <name>942</name>
        <extensions>
          <speed_mps>8.941</speed_mps>
          <speed_mph>20.0</speed_mph>
        </extensions>
      </trkpt>
      <trkpt lat="52.21887" lon="1.47684">
        <ele>0</ele>
        <time>2026-06-26T09:01:23.242Z</time>
        <name>943</name>
        <extensions>
          <speed_mps>8.941</speed_mps>
          <speed_mph>20.0</speed_mph>
        </extensions>
      </trkpt>
      <trkpt lat="52.21898" lon="1.47686">
        <ele>0</ele>
        <time>2026-06-26T09:01:24.619Z</time>
        <name>944</name>
        <extensions>
          <speed_mps>8.941</speed_mps>
          <speed_mph>20.0</speed_mph>
        </extensions>
      </trkpt>
      <trkpt lat="52.21908" lon="1.47686">
        <ele>0</ele>
        <time>2026-06-26T09:01:25.862Z</time>
        <name>945</name>
        <extensions>
          <speed_mps>8.941</speed_mps>
          <speed_mph>20.0</speed_mph>
        </extensions>
      </trkpt>
      <trkpt lat="52.21961" lon="1.47691">
        <ele>0</ele>
        <time>2026-06-26T09:01:32.465Z</time>
        <name>946</name>
        <extensions>
          <speed_mps>8.941</speed_mps>
          <speed_mph>20.0</speed_mph>
        </extensions>
      </trkpt>
      <trkpt lat="52.21961" lon="1.47692">
        <ele>0</ele>
        <time>2026-06-26T09:01:32.541Z</time>
        <name>947</name>
        <extensions>
          <speed_mps>8.941</speed_mps>
          <speed_mph>20.0</speed_mph>
        </extensions>
      </trkpt>
      <trkpt lat="52.21966" lon="1.47695">
        <ele>0</ele>
        <time>2026-06-26T09:01:33.203Z</time>
        <name>948</name>
        <extensions>
          <speed_mps>8.941</speed_mps>
          <speed_mph>20.0</speed_mph>
        </extensions>
      </trkpt>
      <trkpt lat="52.22074" lon="1.47701">
        <ele>0</ele>
        <time>2026-06-26T09:01:46.643Z</time>
        <name>949</name>
        <extensions>
          <speed_mps>8.941</speed_mps>
          <speed_mph>20.0</speed_mph>
        </extensions>
      </trkpt>
      <trkpt lat="52.22143" lon="1.47702">
        <ele>0</ele>
        <time>2026-06-26T09:01:55.225Z</time>
        <name>950</name>
        <extensions>
          <speed_mps>8.941</speed_mps>
          <speed_mph>20.0</speed_mph>
        </extensions>
      </trkpt>
      <trkpt lat="52.22143" lon="1.47703">
        <ele>0</ele>
        <time>2026-06-26T09:01:55.301Z</time>
        <name>951</name>
        <extensions>
          <speed_mps>8.941</speed_mps>
          <speed_mph>20.0</speed_mph>
        </extensions>
      </trkpt>
      <trkpt lat="52.22269" lon="1.47715">
        <ele>0</ele>
        <time>2026-06-26T09:02:10.998Z</time>
        <name>952</name>
        <extensions>
          <speed_mps>8.941</speed_mps>
          <speed_mph>20.0</speed_mph>
        </extensions>
      </trkpt>
      <trkpt lat="52.22274" lon="1.47716">
        <ele>0</ele>
        <time>2026-06-26T09:02:11.624Z</time>
        <name>953</name>
        <extensions>
          <speed_mps>8.941</speed_mps>
          <speed_mph>20.0</speed_mph>
        </extensions>
      </trkpt>
      <trkpt lat="52.22278" lon="1.47716">
        <ele>0</ele>
        <time>2026-06-26T09:02:12.122Z</time>
        <name>954</name>
        <extensions>
          <speed_mps>8.941</speed_mps>
          <speed_mph>20.0</speed_mph>
        </extensions>
      </trkpt>
      <trkpt lat="52.22308" lon="1.47719">
        <ele>0</ele>
        <time>2026-06-26T09:02:15.860Z</time>
        <name>955</name>
        <extensions>
          <speed_mps>8.941</speed_mps>
          <speed_mph>20.0</speed_mph>
        </extensions>
      </trkpt>
      <trkpt lat="52.22312" lon="1.4772">
        <ele>0</ele>
        <time>2026-06-26T09:02:16.363Z</time>
        <name>956</name>
        <extensions>
          <speed_mps>8.941</speed_mps>
          <speed_mph>20.0</speed_mph>
        </extensions>
      </trkpt>
      <trkpt lat="52.22381" lon="1.47728">
        <ele>0</ele>
        <time>2026-06-26T09:02:24.966Z</time>
        <name>957</name>
        <extensions>
          <speed_mps>8.941</speed_mps>
          <speed_mph>20.0</speed_mph>
        </extensions>
      </trkpt>
      <trkpt lat="52.22473" lon="1.47742">
        <ele>0</ele>
        <time>2026-06-26T09:02:36.458Z</time>
        <name>958</name>
        <extensions>
          <speed_mps>8.941</speed_mps>
          <speed_mph>20.0</speed_mph>
        </extensions>
      </trkpt>
      <trkpt lat="52.22475" lon="1.47742">
        <ele>0</ele>
        <time>2026-06-26T09:02:36.706Z</time>
        <name>959</name>
        <extensions>
          <speed_mps>8.941</speed_mps>
          <speed_mph>20.0</speed_mph>
        </extensions>
      </trkpt>
      <trkpt lat="52.22489" lon="1.47744">
        <ele>0</ele>
        <time>2026-06-26T09:02:38.454Z</time>
        <name>960</name>
        <extensions>
          <speed_mps>8.941</speed_mps>
          <speed_mph>20.0</speed_mph>
        </extensions>
      </trkpt>
      <trkpt lat="52.22493" lon="1.47745">
        <ele>0</ele>
        <time>2026-06-26T09:02:38.957Z</time>
        <name>961</name>
        <extensions>
          <speed_mps>8.941</speed_mps>
          <speed_mph>20.0</speed_mph>
        </extensions>
      </trkpt>
      <trkpt lat="52.22583" lon="1.47759">
        <ele>0</ele>
        <time>2026-06-26T09:02:50.201Z</time>
        <name>962</name>
        <extensions>
          <speed_mps>8.941</speed_mps>
          <speed_mph>20.0</speed_mph>
        </extensions>
      </trkpt>
      <trkpt lat="52.22676" lon="1.47779">
        <ele>0</ele>
        <time>2026-06-26T09:03:01.867Z</time>
        <name>963</name>
        <extensions>
          <speed_mps>8.941</speed_mps>
          <speed_mph>20.0</speed_mph>
        </extensions>
      </trkpt>
      <trkpt lat="52.22721" lon="1.47791">
        <ele>0</ele>
        <time>2026-06-26T09:03:07.538Z</time>
        <name>964</name>
        <extensions>
          <speed_mps>8.941</speed_mps>
          <speed_mph>20.0</speed_mph>
        </extensions>
      </trkpt>
      <trkpt lat="52.22723" lon="1.47792">
        <ele>0</ele>
        <time>2026-06-26T09:03:07.798Z</time>
        <name>965</name>
        <extensions>
          <speed_mps>8.941</speed_mps>
          <speed_mph>20.0</speed_mph>
        </extensions>
      </trkpt>
      <trkpt lat="52.22725" lon="1.47792">
        <ele>0</ele>
        <time>2026-06-26T09:03:08.047Z</time>
        <name>966</name>
        <extensions>
          <speed_mps>8.941</speed_mps>
          <speed_mph>20.0</speed_mph>
        </extensions>
      </trkpt>
      <trkpt lat="52.22774" lon="1.47806">
        <ele>0</ele>
        <time>2026-06-26T09:03:14.234Z</time>
        <name>967</name>
        <extensions>
          <speed_mps>8.941</speed_mps>
          <speed_mph>20.0</speed_mph>
        </extensions>
      </trkpt>
      <trkpt lat="52.22794" lon="1.47813">
        <ele>0</ele>
        <time>2026-06-26T09:03:16.778Z</time>
        <name>968</name>
        <extensions>
          <speed_mps>8.941</speed_mps>
          <speed_mph>20.0</speed_mph>
        </extensions>
      </trkpt>
      <trkpt lat="52.22806" lon="1.47816">
        <ele>0</ele>
        <time>2026-06-26T09:03:18.287Z</time>
        <name>969</name>
        <extensions>
          <speed_mps>8.941</speed_mps>
          <speed_mph>20.0</speed_mph>
        </extensions>
      </trkpt>
      <trkpt lat="52.22835" lon="1.47826">
        <ele>0</ele>
        <time>2026-06-26T09:03:21.974Z</time>
        <name>970</name>
        <extensions>
          <speed_mps>8.941</speed_mps>
          <speed_mph>20.0</speed_mph>
        </extensions>
      </trkpt>
      <trkpt lat="52.22929" lon="1.47862">
        <ele>0</ele>
        <time>2026-06-26T09:03:33.982Z</time>
        <name>971</name>
        <extensions>
          <speed_mps>8.941</speed_mps>
          <speed_mph>20.0</speed_mph>
        </extensions>
      </trkpt>
      <trkpt lat="52.22992" lon="1.4789">
        <ele>0</ele>
        <time>2026-06-26T09:03:42.102Z</time>
        <name>972</name>
        <extensions>
          <speed_mps>8.941</speed_mps>
          <speed_mph>20.0</speed_mph>
        </extensions>
      </trkpt>
      <trkpt lat="52.23058" lon="1.47922">
        <ele>0</ele>
        <time>2026-06-26T09:03:50.664Z</time>
        <name>973</name>
        <extensions>
          <speed_mps>8.941</speed_mps>
          <speed_mph>20.0</speed_mph>
        </extensions>
      </trkpt>
      <trkpt lat="52.23072" lon="1.4793">
        <ele>0</ele>
        <time>2026-06-26T09:03:52.509Z</time>
        <name>974</name>
        <extensions>
          <speed_mps>8.941</speed_mps>
          <speed_mph>20.0</speed_mph>
        </extensions>
      </trkpt>
      <trkpt lat="52.23117" lon="1.47953">
        <ele>0</ele>
        <time>2026-06-26T09:03:58.374Z</time>
        <name>975</name>
        <extensions>
          <speed_mps>8.941</speed_mps>
          <speed_mph>20.0</speed_mph>
        </extensions>
      </trkpt>
      <trkpt lat="52.23119" lon="1.47955">
        <ele>0</ele>
        <time>2026-06-26T09:03:58.665Z</time>
        <name>976</name>
        <extensions>
          <speed_mps>8.941</speed_mps>
          <speed_mph>20.0</speed_mph>
        </extensions>
      </trkpt>
      <trkpt lat="52.23171" lon="1.47984">
        <ele>0</ele>
        <time>2026-06-26T09:04:05.499Z</time>
        <name>977</name>
        <extensions>
          <speed_mps>8.941</speed_mps>
          <speed_mph>20.0</speed_mph>
        </extensions>
      </trkpt>
      <trkpt lat="52.23238" lon="1.48025">
        <ele>0</ele>
        <time>2026-06-26T09:04:14.398Z</time>
        <name>978</name>
        <extensions>
          <speed_mps>8.941</speed_mps>
          <speed_mph>20.0</speed_mph>
        </extensions>
      </trkpt>
      <trkpt lat="52.23321" lon="1.48081">
        <ele>0</ele>
        <time>2026-06-26T09:04:25.567Z</time>
        <name>979</name>
        <extensions>
          <speed_mps>8.941</speed_mps>
          <speed_mph>20.0</speed_mph>
        </extensions>
      </trkpt>
      <trkpt lat="52.23386" lon="1.48129">
        <ele>0</ele>
        <time>2026-06-26T09:04:34.439Z</time>
        <name>980</name>
        <extensions>
          <speed_mps>8.941</speed_mps>
          <speed_mph>20.0</speed_mph>
        </extensions>
      </trkpt>
      <trkpt lat="52.23386" lon="1.4813">
        <ele>0</ele>
        <time>2026-06-26T09:04:34.515Z</time>
        <name>981</name>
        <extensions>
          <speed_mps>8.941</speed_mps>
          <speed_mph>20.0</speed_mph>
        </extensions>
      </trkpt>
      <trkpt lat="52.23417" lon="1.48153">
        <ele>0</ele>
        <time>2026-06-26T09:04:38.750Z</time>
        <name>982</name>
        <extensions>
          <speed_mps>8.941</speed_mps>
          <speed_mph>20.0</speed_mph>
        </extensions>
      </trkpt>
      <trkpt lat="52.23419" lon="1.48155">
        <ele>0</ele>
        <time>2026-06-26T09:04:39.042Z</time>
        <name>983</name>
        <extensions>
          <speed_mps>8.941</speed_mps>
          <speed_mph>20.0</speed_mph>
        </extensions>
      </trkpt>
      <trkpt lat="52.23435" lon="1.48167">
        <ele>0</ele>
        <time>2026-06-26T09:04:41.232Z</time>
        <name>984</name>
        <extensions>
          <speed_mps>8.941</speed_mps>
          <speed_mph>20.0</speed_mph>
        </extensions>
      </trkpt>
      <trkpt lat="52.23437" lon="1.48169">
        <ele>0</ele>
        <time>2026-06-26T09:04:41.523Z</time>
        <name>985</name>
        <extensions>
          <speed_mps>8.941</speed_mps>
          <speed_mph>20.0</speed_mph>
        </extensions>
      </trkpt>
      <trkpt lat="52.2348" lon="1.48204">
        <ele>0</ele>
        <time>2026-06-26T09:04:47.499Z</time>
        <name>986</name>
        <extensions>
          <speed_mps>8.941</speed_mps>
          <speed_mph>20.0</speed_mph>
        </extensions>
      </trkpt>
      <trkpt lat="52.23558" lon="1.48273">
        <ele>0</ele>
        <time>2026-06-26T09:04:58.532Z</time>
        <name>987</name>
        <extensions>
          <speed_mps>8.941</speed_mps>
          <speed_mph>20.0</speed_mph>
        </extensions>
      </trkpt>
      <trkpt lat="52.23597" lon="1.48311">
        <ele>0</ele>
        <time>2026-06-26T09:05:04.180Z</time>
        <name>988</name>
        <extensions>
          <speed_mps>8.941</speed_mps>
          <speed_mph>20.0</speed_mph>
        </extensions>
      </trkpt>
      <trkpt lat="52.23628" lon="1.48345">
        <ele>0</ele>
        <time>2026-06-26T09:05:08.824Z</time>
        <name>989</name>
        <extensions>
          <speed_mps>8.941</speed_mps>
          <speed_mph>20.0</speed_mph>
        </extensions>
      </trkpt>
      <trkpt lat="52.23652" lon="1.48375">
        <ele>0</ele>
        <time>2026-06-26T09:05:12.583Z</time>
        <name>990</name>
        <extensions>
          <speed_mps>8.941</speed_mps>
          <speed_mph>20.0</speed_mph>
        </extensions>
      </trkpt>
      <trkpt lat="52.23664" lon="1.48392">
        <ele>0</ele>
        <time>2026-06-26T09:05:14.559Z</time>
        <name>991</name>
        <extensions>
          <speed_mps>8.941</speed_mps>
          <speed_mph>20.0</speed_mph>
        </extensions>
      </trkpt>
      <trkpt lat="52.23694" lon="1.4844">
        <ele>0</ele>
        <time>2026-06-26T09:05:19.783Z</time>
        <name>992</name>
        <extensions>
          <speed_mps>8.941</speed_mps>
          <speed_mph>20.0</speed_mph>
        </extensions>
      </trkpt>
      <trkpt lat="52.23716" lon="1.48481">
        <ele>0</ele>
        <time>2026-06-26T09:05:23.934Z</time>
        <name>993</name>
        <extensions>
          <speed_mps>8.941</speed_mps>
          <speed_mph>20.0</speed_mph>
        </extensions>
      </trkpt>
      <trkpt lat="52.23813" lon="1.48679">
        <ele>0</ele>
        <time>2026-06-26T09:05:43.246Z</time>
        <name>994</name>
        <extensions>
          <speed_mps>8.941</speed_mps>
          <speed_mph>20.0</speed_mph>
        </extensions>
      </trkpt>
      <trkpt lat="52.23817" lon="1.48685">
        <ele>0</ele>
        <time>2026-06-26T09:05:43.921Z</time>
        <name>995</name>
        <extensions>
          <speed_mps>8.941</speed_mps>
          <speed_mph>20.0</speed_mph>
        </extensions>
      </trkpt>
      <trkpt lat="52.23829" lon="1.48707">
        <ele>0</ele>
        <time>2026-06-26T09:05:46.165Z</time>
        <name>996</name>
        <extensions>
          <speed_mps>8.941</speed_mps>
          <speed_mph>20.0</speed_mph>
        </extensions>
      </trkpt>
      <trkpt lat="52.23855" lon="1.48748">
        <ele>0</ele>
        <time>2026-06-26T09:05:50.660Z</time>
        <name>997</name>
        <extensions>
          <speed_mps>8.941</speed_mps>
          <speed_mph>20.0</speed_mph>
        </extensions>
      </trkpt>
      <trkpt lat="52.2387" lon="1.48769">
        <ele>0</ele>
        <time>2026-06-26T09:05:53.118Z</time>
        <name>998</name>
        <extensions>
          <speed_mps>8.941</speed_mps>
          <speed_mph>20.0</speed_mph>
        </extensions>
      </trkpt>
      <trkpt lat="52.23905" lon="1.48811">
        <ele>0</ele>
        <time>2026-06-26T09:05:58.519Z</time>
        <name>999</name>
        <extensions>
          <speed_mps>8.941</speed_mps>
          <speed_mph>20.0</speed_mph>
        </extensions>
      </trkpt>
      <trkpt lat="52.23918" lon="1.48824">
        <ele>0</ele>
        <time>2026-06-26T09:06:00.415Z</time>
        <name>1000</name>
        <extensions>
          <speed_mps>8.941</speed_mps>
          <speed_mph>20.0</speed_mph>
        </extensions>
      </trkpt>
      <trkpt lat="52.23955" lon="1.48857">
        <ele>0</ele>
        <time>2026-06-26T09:06:05.658Z</time>
        <name>1001</name>
        <extensions>
          <speed_mps>8.941</speed_mps>
          <speed_mph>20.0</speed_mph>
        </extensions>
      </trkpt>
      <trkpt lat="52.23984" lon="1.48878">
        <ele>0</ele>
        <time>2026-06-26T09:06:09.604Z</time>
        <name>1002</name>
        <extensions>
          <speed_mps>8.941</speed_mps>
          <speed_mph>20.0</speed_mph>
        </extensions>
      </trkpt>
      <trkpt lat="52.24021" lon="1.48898">
        <ele>0</ele>
        <time>2026-06-26T09:06:14.451Z</time>
        <name>1003</name>
        <extensions>
          <speed_mps>8.941</speed_mps>
          <speed_mph>20.0</speed_mph>
        </extensions>
      </trkpt>
      <trkpt lat="52.24071" lon="1.48921">
        <ele>0</ele>
        <time>2026-06-26T09:06:20.911Z</time>
        <name>1004</name>
        <extensions>
          <speed_mps>8.941</speed_mps>
          <speed_mph>20.0</speed_mph>
        </extensions>
      </trkpt>
      <trkpt lat="52.24127" lon="1.48942">
        <ele>0</ele>
        <time>2026-06-26T09:06:28.057Z</time>
        <name>1005</name>
        <extensions>
          <speed_mps>8.941</speed_mps>
          <speed_mph>20.0</speed_mph>
        </extensions>
      </trkpt>
      <trkpt lat="52.24267" lon="1.4899">
        <ele>0</ele>
        <time>2026-06-26T09:06:45.848Z</time>
        <name>1006</name>
        <extensions>
          <speed_mps>8.941</speed_mps>
          <speed_mph>20.0</speed_mph>
        </extensions>
      </trkpt>
      <trkpt lat="52.24268" lon="1.48991">
        <ele>0</ele>
        <time>2026-06-26T09:06:45.994Z</time>
        <name>1007</name>
        <extensions>
          <speed_mps>8.941</speed_mps>
          <speed_mph>20.0</speed_mph>
        </extensions>
      </trkpt>
      <trkpt lat="52.24362" lon="1.49024">
        <ele>0</ele>
        <time>2026-06-26T09:06:57.952Z</time>
        <name>1008</name>
        <extensions>
          <speed_mps>8.941</speed_mps>
          <speed_mph>20.0</speed_mph>
        </extensions>
      </trkpt>
      <trkpt lat="52.24403" lon="1.49043">
        <ele>0</ele>
        <time>2026-06-26T09:07:03.252Z</time>
        <name>1009</name>
        <extensions>
          <speed_mps>8.941</speed_mps>
          <speed_mph>20.0</speed_mph>
        </extensions>
      </trkpt>
      <trkpt lat="52.24459" lon="1.49073">
        <ele>0</ele>
        <time>2026-06-26T09:07:10.582Z</time>
        <name>1010</name>
        <extensions>
          <speed_mps>8.941</speed_mps>
          <speed_mph>20.0</speed_mph>
        </extensions>
      </trkpt>
      <trkpt lat="52.24461" lon="1.49075">
        <ele>0</ele>
        <time>2026-06-26T09:07:10.874Z</time>
        <name>1011</name>
        <extensions>
          <speed_mps>8.941</speed_mps>
          <speed_mph>20.0</speed_mph>
        </extensions>
      </trkpt>
      <trkpt lat="52.24639" lon="1.49176">
        <ele>0</ele>
        <time>2026-06-26T09:07:34.309Z</time>
        <name>1012</name>
        <extensions>
          <speed_mps>8.941</speed_mps>
          <speed_mph>20.0</speed_mph>
        </extensions>
      </trkpt>
      <trkpt lat="52.24651" lon="1.49182">
        <ele>0</ele>
        <time>2026-06-26T09:07:35.870Z</time>
        <name>1013</name>
        <extensions>
          <speed_mps>8.941</speed_mps>
          <speed_mph>20.0</speed_mph>
        </extensions>
      </trkpt>
      <trkpt lat="52.24701" lon="1.4921">
        <ele>0</ele>
        <time>2026-06-26T09:07:42.443Z</time>
        <name>1014</name>
        <extensions>
          <speed_mps>8.941</speed_mps>
          <speed_mph>20.0</speed_mph>
        </extensions>
      </trkpt>
      <trkpt lat="52.24713" lon="1.49218">
        <ele>0</ele>
        <time>2026-06-26T09:07:44.055Z</time>
        <name>1015</name>
        <extensions>
          <speed_mps>8.941</speed_mps>
          <speed_mph>20.0</speed_mph>
        </extensions>
      </trkpt>
      <trkpt lat="52.24742" lon="1.49235">
        <ele>0</ele>
        <time>2026-06-26T09:07:47.887Z</time>
        <name>1016</name>
        <extensions>
          <speed_mps>8.941</speed_mps>
          <speed_mph>20.0</speed_mph>
        </extensions>
      </trkpt>
      <trkpt lat="52.24793" lon="1.4927">
        <ele>0</ele>
        <time>2026-06-26T09:07:54.767Z</time>
        <name>1017</name>
        <extensions>
          <speed_mps>8.941</speed_mps>
          <speed_mph>20.0</speed_mph>
        </extensions>
      </trkpt>
      <trkpt lat="52.24814" lon="1.49288">
        <ele>0</ele>
        <time>2026-06-26T09:07:57.717Z</time>
        <name>1018</name>
        <extensions>
          <speed_mps>8.941</speed_mps>
          <speed_mph>20.0</speed_mph>
        </extensions>
      </trkpt>
      <trkpt lat="52.24823" lon="1.49294">
        <ele>0</ele>
        <time>2026-06-26T09:07:58.926Z</time>
        <name>1019</name>
        <extensions>
          <speed_mps>8.941</speed_mps>
          <speed_mph>20.0</speed_mph>
        </extensions>
      </trkpt>
      <trkpt lat="52.24859" lon="1.49323">
        <ele>0</ele>
        <time>2026-06-26T09:08:03.918Z</time>
        <name>1020</name>
        <extensions>
          <speed_mps>8.941</speed_mps>
          <speed_mph>20.0</speed_mph>
        </extensions>
      </trkpt>
      <trkpt lat="52.24874" lon="1.49334">
        <ele>0</ele>
        <time>2026-06-26T09:08:05.963Z</time>
        <name>1021</name>
        <extensions>
          <speed_mps>8.941</speed_mps>
          <speed_mph>20.0</speed_mph>
        </extensions>
      </trkpt>
      <trkpt lat="52.24888" lon="1.49347">
        <ele>0</ele>
        <time>2026-06-26T09:08:07.966Z</time>
        <name>1022</name>
        <extensions>
          <speed_mps>8.941</speed_mps>
          <speed_mph>20.0</speed_mph>
        </extensions>
      </trkpt>
      <trkpt lat="52.24975" lon="1.49414">
        <ele>0</ele>
        <time>2026-06-26T09:08:19.928Z</time>
        <name>1023</name>
        <extensions>
          <speed_mps>8.941</speed_mps>
          <speed_mph>20.0</speed_mph>
        </extensions>
      </trkpt>
      <trkpt lat="52.25015" lon="1.49443">
        <ele>0</ele>
        <time>2026-06-26T09:08:25.371Z</time>
        <name>1024</name>
        <extensions>
          <speed_mps>8.941</speed_mps>
          <speed_mph>20.0</speed_mph>
        </extensions>
      </trkpt>
      <trkpt lat="52.25047" lon="1.49468">
        <ele>0</ele>
        <time>2026-06-26T09:08:29.782Z</time>
        <name>1025</name>
        <extensions>
          <speed_mps>8.941</speed_mps>
          <speed_mph>20.0</speed_mph>
        </extensions>
      </trkpt>
      <trkpt lat="52.25093" lon="1.49501">
        <ele>0</ele>
        <time>2026-06-26T09:08:36.031Z</time>
        <name>1026</name>
        <extensions>
          <speed_mps>8.941</speed_mps>
          <speed_mph>20.0</speed_mph>
        </extensions>
      </trkpt>
      <trkpt lat="52.25145" lon="1.49542">
        <ele>0</ele>
        <time>2026-06-26T09:08:43.212Z</time>
        <name>1027</name>
        <extensions>
          <speed_mps>8.941</speed_mps>
          <speed_mph>20.0</speed_mph>
        </extensions>
      </trkpt>
      <trkpt lat="52.25161" lon="1.49556">
        <ele>0</ele>
        <time>2026-06-26T09:08:45.469Z</time>
        <name>1028</name>
        <extensions>
          <speed_mps>8.941</speed_mps>
          <speed_mph>20.0</speed_mph>
        </extensions>
      </trkpt>
      <trkpt lat="52.25167" lon="1.4956">
        <ele>0</ele>
        <time>2026-06-26T09:08:46.275Z</time>
        <name>1029</name>
        <extensions>
          <speed_mps>8.941</speed_mps>
          <speed_mph>20.0</speed_mph>
        </extensions>
      </trkpt>
      <trkpt lat="52.25196" lon="1.49586">
        <ele>0</ele>
        <time>2026-06-26T09:08:50.389Z</time>
        <name>1030</name>
        <extensions>
          <speed_mps>8.941</speed_mps>
          <speed_mph>20.0</speed_mph>
        </extensions>
      </trkpt>
      <trkpt lat="52.25206" lon="1.49594">
        <ele>0</ele>
        <time>2026-06-26T09:08:51.774Z</time>
        <name>1031</name>
        <extensions>
          <speed_mps>8.941</speed_mps>
          <speed_mph>20.0</speed_mph>
        </extensions>
      </trkpt>
      <trkpt lat="52.25209" lon="1.49597">
        <ele>0</ele>
        <time>2026-06-26T09:08:52.212Z</time>
        <name>1032</name>
        <extensions>
          <speed_mps>8.941</speed_mps>
          <speed_mph>20.0</speed_mph>
        </extensions>
      </trkpt>
      <trkpt lat="52.25212" lon="1.49599">
        <ele>0</ele>
        <time>2026-06-26T09:08:52.615Z</time>
        <name>1033</name>
        <extensions>
          <speed_mps>8.941</speed_mps>
          <speed_mph>20.0</speed_mph>
        </extensions>
      </trkpt>
      <trkpt lat="52.25254" lon="1.49639">
        <ele>0</ele>
        <time>2026-06-26T09:08:58.661Z</time>
        <name>1034</name>
        <extensions>
          <speed_mps>8.941</speed_mps>
          <speed_mph>20.0</speed_mph>
        </extensions>
      </trkpt>
      <trkpt lat="52.25288" lon="1.49676">
        <ele>0</ele>
        <time>2026-06-26T09:09:03.742Z</time>
        <name>1035</name>
        <extensions>
          <speed_mps>8.941</speed_mps>
          <speed_mph>20.0</speed_mph>
        </extensions>
      </trkpt>
      <trkpt lat="52.25343" lon="1.49745">
        <ele>0</ele>
        <time>2026-06-26T09:09:12.367Z</time>
        <name>1036</name>
        <extensions>
          <speed_mps>8.941</speed_mps>
          <speed_mph>20.0</speed_mph>
        </extensions>
      </trkpt>
      <trkpt lat="52.25344" lon="1.49747">
        <ele>0</ele>
        <time>2026-06-26T09:09:12.563Z</time>
        <name>1037</name>
        <extensions>
          <speed_mps>8.941</speed_mps>
          <speed_mph>20.0</speed_mph>
        </extensions>
      </trkpt>
      <trkpt lat="52.25362" lon="1.49771">
        <ele>0</ele>
        <time>2026-06-26T09:09:15.453Z</time>
        <name>1038</name>
        <extensions>
          <speed_mps>8.941</speed_mps>
          <speed_mph>20.0</speed_mph>
        </extensions>
      </trkpt>
      <trkpt lat="52.25374" lon="1.4979">
        <ele>0</ele>
        <time>2026-06-26T09:09:17.531Z</time>
        <name>1039</name>
        <extensions>
          <speed_mps>8.941</speed_mps>
          <speed_mph>20.0</speed_mph>
        </extensions>
      </trkpt>
      <trkpt lat="52.25389" lon="1.49818">
        <ele>0</ele>
        <time>2026-06-26T09:09:20.364Z</time>
        <name>1040</name>
        <extensions>
          <speed_mps>8.941</speed_mps>
          <speed_mph>20.0</speed_mph>
        </extensions>
      </trkpt>
      <trkpt lat="52.254" lon="1.49841">
        <ele>0</ele>
        <time>2026-06-26T09:09:22.586Z</time>
        <name>1041</name>
        <extensions>
          <speed_mps>8.941</speed_mps>
          <speed_mph>20.0</speed_mph>
        </extensions>
      </trkpt>
      <trkpt lat="52.25404" lon="1.49852">
        <ele>0</ele>
        <time>2026-06-26T09:09:23.560Z</time>
        <name>1042</name>
        <extensions>
          <speed_mps>8.941</speed_mps>
          <speed_mph>20.0</speed_mph>
        </extensions>
      </trkpt>
      <trkpt lat="52.25426" lon="1.49904">
        <ele>0</ele>
        <time>2026-06-26T09:09:28.373Z</time>
        <name>1043</name>
        <extensions>
          <speed_mps>8.941</speed_mps>
          <speed_mph>20.0</speed_mph>
        </extensions>
      </trkpt>
      <trkpt lat="52.25436" lon="1.49932">
        <ele>0</ele>
        <time>2026-06-26T09:09:30.841Z</time>
        <name>1044</name>
        <extensions>
          <speed_mps>8.941</speed_mps>
          <speed_mph>20.0</speed_mph>
        </extensions>
      </trkpt>
      <trkpt lat="52.25455" lon="1.49975">
        <ele>0</ele>
        <time>2026-06-26T09:09:34.878Z</time>
        <name>1045</name>
        <extensions>
          <speed_mps>8.941</speed_mps>
          <speed_mph>20.0</speed_mph>
        </extensions>
      </trkpt>
      <trkpt lat="52.25472" lon="1.50007">
        <ele>0</ele>
        <time>2026-06-26T09:09:38.104Z</time>
        <name>1046</name>
        <extensions>
          <speed_mps>8.941</speed_mps>
          <speed_mph>20.0</speed_mph>
        </extensions>
      </trkpt>
      <trkpt lat="52.25478" lon="1.50015">
        <ele>0</ele>
        <time>2026-06-26T09:09:39.067Z</time>
        <name>1047</name>
        <extensions>
          <speed_mps>8.941</speed_mps>
          <speed_mph>20.0</speed_mph>
        </extensions>
      </trkpt>
      <trkpt lat="52.25491" lon="1.50035">
        <ele>0</ele>
        <time>2026-06-26T09:09:41.288Z</time>
        <name>1048</name>
        <extensions>
          <speed_mps>8.941</speed_mps>
          <speed_mph>20.0</speed_mph>
        </extensions>
      </trkpt>
      <trkpt lat="52.25501" lon="1.50047">
        <ele>0</ele>
        <time>2026-06-26T09:09:42.831Z</time>
        <name>1049</name>
        <extensions>
          <speed_mps>8.941</speed_mps>
          <speed_mph>20.0</speed_mph>
        </extensions>
      </trkpt>
      <trkpt lat="52.25503" lon="1.5005">
        <ele>0</ele>
        <time>2026-06-26T09:09:43.169Z</time>
        <name>1050</name>
        <extensions>
          <speed_mps>8.941</speed_mps>
          <speed_mph>20.0</speed_mph>
        </extensions>
      </trkpt>
      <trkpt lat="52.2559" lon="1.50154">
        <ele>0</ele>
        <time>2026-06-26T09:09:56.576Z</time>
        <name>1051</name>
        <extensions>
          <speed_mps>8.941</speed_mps>
          <speed_mph>20.0</speed_mph>
        </extensions>
      </trkpt>
      <trkpt lat="52.25596" lon="1.50162">
        <ele>0</ele>
        <time>2026-06-26T09:09:57.540Z</time>
        <name>1052</name>
        <extensions>
          <speed_mps>8.941</speed_mps>
          <speed_mph>20.0</speed_mph>
        </extensions>
      </trkpt>
      <trkpt lat="52.25598" lon="1.50163">
        <ele>0</ele>
        <time>2026-06-26T09:09:57.800Z</time>
        <name>1053</name>
        <extensions>
          <speed_mps>8.941</speed_mps>
          <speed_mph>20.0</speed_mph>
        </extensions>
      </trkpt>
      <trkpt lat="52.25616" lon="1.50186">
        <ele>0</ele>
        <time>2026-06-26T09:10:00.642Z</time>
        <name>1054</name>
        <extensions>
          <speed_mps>8.941</speed_mps>
          <speed_mph>20.0</speed_mph>
        </extensions>
      </trkpt>
      <trkpt lat="52.25619" lon="1.50189">
        <ele>0</ele>
        <time>2026-06-26T09:10:01.079Z</time>
        <name>1055</name>
        <extensions>
          <speed_mps>8.941</speed_mps>
          <speed_mph>20.0</speed_mph>
        </extensions>
      </trkpt>
      <trkpt lat="52.25791" lon="1.50395">
        <ele>0</ele>
        <time>2026-06-26T09:10:27.603Z</time>
        <name>1056</name>
        <extensions>
          <speed_mps>8.941</speed_mps>
          <speed_mph>20.0</speed_mph>
        </extensions>
      </trkpt>
      <trkpt lat="52.25799" lon="1.50403">
        <ele>0</ele>
        <time>2026-06-26T09:10:28.770Z</time>
        <name>1057</name>
        <extensions>
          <speed_mps>8.941</speed_mps>
          <speed_mph>20.0</speed_mph>
        </extensions>
      </trkpt>
      <trkpt lat="52.25831" lon="1.50439">
        <ele>0</ele>
        <time>2026-06-26T09:10:33.602Z</time>
        <name>1058</name>
        <extensions>
          <speed_mps>8.941</speed_mps>
          <speed_mph>20.0</speed_mph>
        </extensions>
      </trkpt>
      <trkpt lat="52.25891" lon="1.50501">
        <ele>0</ele>
        <time>2026-06-26T09:10:42.431Z</time>
        <name>1059</name>
        <extensions>
          <speed_mps>8.941</speed_mps>
          <speed_mph>20.0</speed_mph>
        </extensions>
      </trkpt>
      <trkpt lat="52.25932" lon="1.50535">
        <ele>0</ele>
        <time>2026-06-26T09:10:48.150Z</time>
        <name>1060</name>
        <extensions>
          <speed_mps>8.941</speed_mps>
          <speed_mph>20.0</speed_mph>
        </extensions>
      </trkpt>
      <trkpt lat="52.25941" lon="1.50544">
        <ele>0</ele>
        <time>2026-06-26T09:10:49.462Z</time>
        <name>1061</name>
        <extensions>
          <speed_mps>8.941</speed_mps>
          <speed_mph>20.0</speed_mph>
        </extensions>
      </trkpt>
      <trkpt lat="52.25948" lon="1.50549">
        <ele>0</ele>
        <time>2026-06-26T09:10:50.412Z</time>
        <name>1062</name>
        <extensions>
          <speed_mps>8.941</speed_mps>
          <speed_mph>20.0</speed_mph>
        </extensions>
      </trkpt>
      <trkpt lat="52.25953" lon="1.50555">
        <ele>0</ele>
        <time>2026-06-26T09:10:51.184Z</time>
        <name>1063</name>
        <extensions>
          <speed_mps>8.941</speed_mps>
          <speed_mph>20.0</speed_mph>
        </extensions>
      </trkpt>
      <trkpt lat="52.25958" lon="1.50559">
        <ele>0</ele>
        <time>2026-06-26T09:10:51.876Z</time>
        <name>1064</name>
        <extensions>
          <speed_mps>8.941</speed_mps>
          <speed_mph>20.0</speed_mph>
        </extensions>
      </trkpt>
      <trkpt lat="52.25968" lon="1.50569">
        <ele>0</ele>
        <time>2026-06-26T09:10:53.334Z</time>
        <name>1065</name>
        <extensions>
          <speed_mps>8.941</speed_mps>
          <speed_mph>20.0</speed_mph>
        </extensions>
      </trkpt>
      <trkpt lat="52.25978" lon="1.50581">
        <ele>0</ele>
        <time>2026-06-26T09:10:54.877Z</time>
        <name>1066</name>
        <extensions>
          <speed_mps>8.941</speed_mps>
          <speed_mph>20.0</speed_mph>
        </extensions>
      </trkpt>
      <trkpt lat="52.25986" lon="1.50589">
        <ele>0</ele>
        <time>2026-06-26T09:10:56.044Z</time>
        <name>1067</name>
        <extensions>
          <speed_mps>8.941</speed_mps>
          <speed_mph>20.0</speed_mph>
        </extensions>
      </trkpt>
      <trkpt lat="52.2601" lon="1.50617">
        <ele>0</ele>
        <time>2026-06-26T09:10:59.712Z</time>
        <name>1068</name>
        <extensions>
          <speed_mps>8.941</speed_mps>
          <speed_mph>20.0</speed_mph>
        </extensions>
      </trkpt>
      <trkpt lat="52.26029" lon="1.50641">
        <ele>0</ele>
        <time>2026-06-26T09:11:02.699Z</time>
        <name>1069</name>
        <extensions>
          <speed_mps>8.941</speed_mps>
          <speed_mph>20.0</speed_mph>
        </extensions>
      </trkpt>
      <trkpt lat="52.26052" lon="1.50666">
        <ele>0</ele>
        <time>2026-06-26T09:11:06.134Z</time>
        <name>1070</name>
        <extensions>
          <speed_mps>8.941</speed_mps>
          <speed_mph>20.0</speed_mph>
        </extensions>
      </trkpt>
      <trkpt lat="52.26059" lon="1.50672">
        <ele>0</ele>
        <time>2026-06-26T09:11:07.117Z</time>
        <name>1071</name>
        <extensions>
          <speed_mps>8.941</speed_mps>
          <speed_mph>20.0</speed_mph>
        </extensions>
      </trkpt>
      <trkpt lat="52.26061" lon="1.50673">
        <ele>0</ele>
        <time>2026-06-26T09:11:07.378Z</time>
        <name>1072</name>
        <extensions>
          <speed_mps>8.941</speed_mps>
          <speed_mph>20.0</speed_mph>
        </extensions>
      </trkpt>
      <trkpt lat="52.26067" lon="1.50679">
        <ele>0</ele>
        <time>2026-06-26T09:11:08.252Z</time>
        <name>1073</name>
        <extensions>
          <speed_mps>8.941</speed_mps>
          <speed_mph>20.0</speed_mph>
        </extensions>
      </trkpt>
      <trkpt lat="52.2608" lon="1.50688">
        <ele>0</ele>
        <time>2026-06-26T09:11:10.008Z</time>
        <name>1074</name>
        <extensions>
          <speed_mps>8.941</speed_mps>
          <speed_mph>20.0</speed_mph>
        </extensions>
      </trkpt>
      <trkpt lat="52.26083" lon="1.50689">
        <ele>0</ele>
        <time>2026-06-26T09:11:10.389Z</time>
        <name>1075</name>
        <extensions>
          <speed_mps>8.941</speed_mps>
          <speed_mph>20.0</speed_mph>
        </extensions>
      </trkpt>
      <trkpt lat="52.26108" lon="1.50702">
        <ele>0</ele>
        <time>2026-06-26T09:11:13.652Z</time>
        <name>1076</name>
        <extensions>
          <speed_mps>8.941</speed_mps>
          <speed_mph>20.0</speed_mph>
        </extensions>
      </trkpt>
      <trkpt lat="52.26118" lon="1.50708">
        <ele>0</ele>
        <time>2026-06-26T09:11:14.977Z</time>
        <name>1077</name>
        <extensions>
          <speed_mps>8.941</speed_mps>
          <speed_mph>20.0</speed_mph>
        </extensions>
      </trkpt>
      <trkpt lat="52.26147" lon="1.50723">
        <ele>0</ele>
        <time>2026-06-26T09:11:18.760Z</time>
        <name>1078</name>
        <extensions>
          <speed_mps>8.941</speed_mps>
          <speed_mph>20.0</speed_mph>
        </extensions>
      </trkpt>
      <trkpt lat="52.26162" lon="1.50732">
        <ele>0</ele>
        <time>2026-06-26T09:11:20.747Z</time>
        <name>1079</name>
        <extensions>
          <speed_mps>8.941</speed_mps>
          <speed_mph>20.0</speed_mph>
        </extensions>
      </trkpt>
      <trkpt lat="52.26205" lon="1.50762">
        <ele>0</ele>
        <time>2026-06-26T09:11:26.562Z</time>
        <name>1080</name>
        <extensions>
          <speed_mps>8.941</speed_mps>
          <speed_mph>20.0</speed_mph>
        </extensions>
      </trkpt>
      <trkpt lat="52.26251" lon="1.50792">
        <ele>0</ele>
        <time>2026-06-26T09:11:32.722Z</time>
        <name>1081</name>
        <extensions>
          <speed_mps>8.941</speed_mps>
          <speed_mph>20.0</speed_mph>
        </extensions>
      </trkpt>
      <trkpt lat="52.26285" lon="1.50818">
        <ele>0</ele>
        <time>2026-06-26T09:11:37.391Z</time>
        <name>1082</name>
        <extensions>
          <speed_mps>8.941</speed_mps>
          <speed_mph>20.0</speed_mph>
        </extensions>
      </trkpt>
      <trkpt lat="52.26295" lon="1.50828">
        <ele>0</ele>
        <time>2026-06-26T09:11:38.849Z</time>
        <name>1083</name>
        <extensions>
          <speed_mps>8.941</speed_mps>
          <speed_mph>20.0</speed_mph>
        </extensions>
      </trkpt>
      <trkpt lat="52.26299" lon="1.50833">
        <ele>0</ele>
        <time>2026-06-26T09:11:39.475Z</time>
        <name>1084</name>
        <extensions>
          <speed_mps>8.941</speed_mps>
          <speed_mph>20.0</speed_mph>
        </extensions>
      </trkpt>
      <trkpt lat="52.26303" lon="1.50837">
        <ele>0</ele>
        <time>2026-06-26T09:11:40.059Z</time>
        <name>1085</name>
        <extensions>
          <speed_mps>8.941</speed_mps>
          <speed_mph>20.0</speed_mph>
        </extensions>
      </trkpt>
      <trkpt lat="52.26306" lon="1.50842">
        <ele>0</ele>
        <time>2026-06-26T09:11:40.592Z</time>
        <name>1086</name>
        <extensions>
          <speed_mps>8.941</speed_mps>
          <speed_mph>20.0</speed_mph>
        </extensions>
      </trkpt>
      <trkpt lat="52.26315" lon="1.50853">
        <ele>0</ele>
        <time>2026-06-26T09:11:41.989Z</time>
        <name>1087</name>
        <extensions>
          <speed_mps>8.941</speed_mps>
          <speed_mph>20.0</speed_mph>
        </extensions>
      </trkpt>
      <trkpt lat="52.26347" lon="1.50899">
        <ele>0</ele>
        <time>2026-06-26T09:11:47.290Z</time>
        <name>1088</name>
        <extensions>
          <speed_mps>8.941</speed_mps>
          <speed_mph>20.0</speed_mph>
        </extensions>
      </trkpt>
      <trkpt lat="52.26389" lon="1.50954">
        <ele>0</ele>
        <time>2026-06-26T09:11:53.984Z</time>
        <name>1089</name>
        <extensions>
          <speed_mps>8.941</speed_mps>
          <speed_mph>20.0</speed_mph>
        </extensions>
      </trkpt>
      <trkpt lat="52.26432" lon="1.51005">
        <ele>0</ele>
        <time>2026-06-26T09:12:00.593Z</time>
        <name>1090</name>
        <extensions>
          <speed_mps>8.941</speed_mps>
          <speed_mph>20.0</speed_mph>
        </extensions>
      </trkpt>
      <trkpt lat="52.26446" lon="1.5102">
        <ele>0</ele>
        <time>2026-06-26T09:12:02.675Z</time>
        <name>1091</name>
        <extensions>
          <speed_mps>8.941</speed_mps>
          <speed_mph>20.0</speed_mph>
        </extensions>
      </trkpt>
      <trkpt lat="52.2645" lon="1.51025">
        <ele>0</ele>
        <time>2026-06-26T09:12:03.301Z</time>
        <name>1092</name>
        <extensions>
          <speed_mps>8.941</speed_mps>
          <speed_mph>20.0</speed_mph>
        </extensions>
      </trkpt>
      <trkpt lat="52.26452" lon="1.51027">
        <ele>0</ele>
        <time>2026-06-26T09:12:03.593Z</time>
        <name>1093</name>
        <extensions>
          <speed_mps>8.941</speed_mps>
          <speed_mph>20.0</speed_mph>
        </extensions>
      </trkpt>
      <trkpt lat="52.26456" lon="1.51033">
        <ele>0</ele>
        <time>2026-06-26T09:12:04.268Z</time>
        <name>1094</name>
        <extensions>
          <speed_mps>8.941</speed_mps>
          <speed_mph>20.0</speed_mph>
        </extensions>
      </trkpt>
      <trkpt lat="52.26457" lon="1.51036">
        <ele>0</ele>
        <time>2026-06-26T09:12:04.528Z</time>
        <name>1095</name>
        <extensions>
          <speed_mps>8.941</speed_mps>
          <speed_mph>20.0</speed_mph>
        </extensions>
      </trkpt>
      <trkpt lat="52.26459" lon="1.51039">
        <ele>0</ele>
        <time>2026-06-26T09:12:04.866Z</time>
        <name>1096</name>
        <extensions>
          <speed_mps>8.941</speed_mps>
          <speed_mph>20.0</speed_mph>
        </extensions>
      </trkpt>
      <trkpt lat="52.26465" lon="1.51055">
        <ele>0</ele>
        <time>2026-06-26T09:12:06.294Z</time>
        <name>1097</name>
        <extensions>
          <speed_mps>8.941</speed_mps>
          <speed_mph>20.0</speed_mph>
        </extensions>
      </trkpt>
      <trkpt lat="52.26468" lon="1.51068">
        <ele>0</ele>
        <time>2026-06-26T09:12:07.351Z</time>
        <name>1098</name>
        <extensions>
          <speed_mps>8.941</speed_mps>
          <speed_mph>20.0</speed_mph>
        </extensions>
      </trkpt>
      <trkpt lat="52.2647" lon="1.51082">
        <ele>0</ele>
        <time>2026-06-26T09:12:08.446Z</time>
        <name>1099</name>
        <extensions>
          <speed_mps>8.941</speed_mps>
          <speed_mph>20.0</speed_mph>
        </extensions>
      </trkpt>
      <trkpt lat="52.2647" lon="1.51118">
        <ele>0</ele>
        <time>2026-06-26T09:12:11.186Z</time>
        <name>1100</name>
        <extensions>
          <speed_mps>8.941</speed_mps>
          <speed_mph>20.0</speed_mph>
        </extensions>
      </trkpt>
      <trkpt lat="52.26465" lon="1.51199">
        <ele>0</ele>
        <time>2026-06-26T09:12:17.382Z</time>
        <name>1101</name>
        <extensions>
          <speed_mps>8.941</speed_mps>
          <speed_mph>20.0</speed_mph>
        </extensions>
      </trkpt>
      <trkpt lat="52.26464" lon="1.51203">
        <ele>0</ele>
        <time>2026-06-26T09:12:17.711Z</time>
        <name>1102</name>
        <extensions>
          <speed_mps>8.941</speed_mps>
          <speed_mph>20.0</speed_mph>
        </extensions>
      </trkpt>
      <trkpt lat="52.26463" lon="1.51218">
        <ele>0</ele>
        <time>2026-06-26T09:12:18.860Z</time>
        <name>1103</name>
        <extensions>
          <speed_mps>8.941</speed_mps>
          <speed_mph>20.0</speed_mph>
        </extensions>
      </trkpt>
      <trkpt lat="52.26461" lon="1.51226">
        <ele>0</ele>
        <time>2026-06-26T09:12:19.517Z</time>
        <name>1104</name>
        <extensions>
          <speed_mps>8.941</speed_mps>
          <speed_mph>20.0</speed_mph>
        </extensions>
      </trkpt>
      <trkpt lat="52.26459" lon="1.51243">
        <ele>0</ele>
        <time>2026-06-26T09:12:20.835Z</time>
        <name>1105</name>
        <extensions>
          <speed_mps>8.941</speed_mps>
          <speed_mph>20.0</speed_mph>
        </extensions>
      </trkpt>
      <trkpt lat="52.26442" lon="1.51313">
        <ele>0</ele>
        <time>2026-06-26T09:12:26.567Z</time>
        <name>1106</name>
        <extensions>
          <speed_mps>8.941</speed_mps>
          <speed_mph>20.0</speed_mph>
        </extensions>
      </trkpt>
      <trkpt lat="52.2644" lon="1.51327">
        <ele>0</ele>
        <time>2026-06-26T09:12:27.662Z</time>
        <name>1107</name>
        <extensions>
          <speed_mps>8.941</speed_mps>
          <speed_mph>20.0</speed_mph>
        </extensions>
      </trkpt>
      <trkpt lat="52.26439" lon="1.51328">
        <ele>0</ele>
        <time>2026-06-26T09:12:27.807Z</time>
        <name>1108</name>
        <extensions>
          <speed_mps>8.941</speed_mps>
          <speed_mph>20.0</speed_mph>
        </extensions>
      </trkpt>
      <trkpt lat="52.26439" lon="1.51335">
        <ele>0</ele>
        <time>2026-06-26T09:12:28.340Z</time>
        <name>1109</name>
        <extensions>
          <speed_mps>8.941</speed_mps>
          <speed_mph>20.0</speed_mph>
        </extensions>
      </trkpt>
      <trkpt lat="52.26438" lon="1.51341">
        <ele>0</ele>
        <time>2026-06-26T09:12:28.814Z</time>
        <name>1110</name>
        <extensions>
          <speed_mps>8.941</speed_mps>
          <speed_mph>20.0</speed_mph>
        </extensions>
      </trkpt>
      <trkpt lat="52.26438" lon="1.51348">
        <ele>0</ele>
        <time>2026-06-26T09:12:29.346Z</time>
        <name>1111</name>
        <extensions>
          <speed_mps>8.941</speed_mps>
          <speed_mph>20.0</speed_mph>
        </extensions>
      </trkpt>
      <trkpt lat="52.26436" lon="1.51364">
        <ele>0</ele>
        <time>2026-06-26T09:12:30.589Z</time>
        <name>1112</name>
        <extensions>
          <speed_mps>8.941</speed_mps>
          <speed_mph>20.0</speed_mph>
        </extensions>
      </trkpt>
      <trkpt lat="52.26436" lon="1.51395">
        <ele>0</ele>
        <time>2026-06-26T09:12:32.949Z</time>
        <name>1113</name>
        <extensions>
          <speed_mps>8.941</speed_mps>
          <speed_mph>20.0</speed_mph>
        </extensions>
      </trkpt>
      <trkpt lat="52.26437" lon="1.51409">
        <ele>0</ele>
        <time>2026-06-26T09:12:34.022Z</time>
        <name>1114</name>
        <extensions>
          <speed_mps>8.941</speed_mps>
          <speed_mph>20.0</speed_mph>
        </extensions>
      </trkpt>
      <trkpt lat="52.26438" lon="1.51411">
        <ele>0</ele>
        <time>2026-06-26T09:12:34.218Z</time>
        <name>1115</name>
        <extensions>
          <speed_mps>8.941</speed_mps>
          <speed_mph>20.0</speed_mph>
        </extensions>
      </trkpt>
      <trkpt lat="52.26439" lon="1.51423">
        <ele>0</ele>
        <time>2026-06-26T09:12:35.140Z</time>
        <name>1116</name>
        <extensions>
          <speed_mps>8.941</speed_mps>
          <speed_mph>20.0</speed_mph>
        </extensions>
      </trkpt>
      <trkpt lat="52.26442" lon="1.5144">
        <ele>0</ele>
        <time>2026-06-26T09:12:36.487Z</time>
        <name>1117</name>
        <extensions>
          <speed_mps>8.941</speed_mps>
          <speed_mph>20.0</speed_mph>
        </extensions>
      </trkpt>
      <trkpt lat="52.2645" lon="1.51451">
        <ele>0</ele>
        <time>2026-06-26T09:12:37.787Z</time>
        <name>1118</name>
        <extensions>
          <speed_mps>8.941</speed_mps>
          <speed_mph>20.0</speed_mph>
        </extensions>
      </trkpt>
      <trkpt lat="52.26452" lon="1.51455">
        <ele>0</ele>
        <time>2026-06-26T09:12:38.180Z</time>
        <name>1119</name>
        <extensions>
          <speed_mps>8.941</speed_mps>
          <speed_mph>20.0</speed_mph>
        </extensions>
      </trkpt>
      <trkpt lat="52.26455" lon="1.51458">
        <ele>0</ele>
        <time>2026-06-26T09:12:38.618Z</time>
        <name>1120</name>
        <extensions>
          <speed_mps>8.941</speed_mps>
          <speed_mph>20.0</speed_mph>
        </extensions>
      </trkpt>
      <trkpt lat="52.26459" lon="1.51461">
        <ele>0</ele>
        <time>2026-06-26T09:12:39.165Z</time>
        <name>1121</name>
        <extensions>
          <speed_mps>8.941</speed_mps>
          <speed_mph>20.0</speed_mph>
        </extensions>
      </trkpt>
      <trkpt lat="52.26464" lon="1.51466">
        <ele>0</ele>
        <time>2026-06-26T09:12:39.894Z</time>
        <name>1122</name>
        <extensions>
          <speed_mps>8.941</speed_mps>
          <speed_mph>20.0</speed_mph>
        </extensions>
      </trkpt>
      <trkpt lat="52.26465" lon="1.51465">
        <ele>0</ele>
        <time>2026-06-26T09:12:40.040Z</time>
        <name>1123</name>
        <extensions>
          <speed_mps>8.941</speed_mps>
          <speed_mph>20.0</speed_mph>
        </extensions>
      </trkpt>
      <trkpt lat="52.26469" lon="1.51464">
        <ele>0</ele>
        <time>2026-06-26T09:12:40.543Z</time>
        <name>1124</name>
        <extensions>
          <speed_mps>8.941</speed_mps>
          <speed_mph>20.0</speed_mph>
        </extensions>
      </trkpt>
      <trkpt lat="52.26473" lon="1.51465">
        <ele>0</ele>
        <time>2026-06-26T09:12:41.047Z</time>
        <name>1125</name>
        <extensions>
          <speed_mps>8.941</speed_mps>
          <speed_mph>20.0</speed_mph>
        </extensions>
      </trkpt>
      <trkpt lat="52.26477" lon="1.51467">
        <ele>0</ele>
        <time>2026-06-26T09:12:41.567Z</time>
        <name>1126</name>
        <extensions>
          <speed_mps>8.941</speed_mps>
          <speed_mph>20.0</speed_mph>
        </extensions>
      </trkpt>
      <trkpt lat="52.2648" lon="1.51469">
        <ele>0</ele>
        <time>2026-06-26T09:12:41.970Z</time>
        <name>1127</name>
        <extensions>
          <speed_mps>8.941</speed_mps>
          <speed_mph>20.0</speed_mph>
        </extensions>
      </trkpt>
      <trkpt lat="52.26486" lon="1.51477">
        <ele>0</ele>
        <time>2026-06-26T09:12:42.933Z</time>
        <name>1128</name>
        <extensions>
          <speed_mps>8.941</speed_mps>
          <speed_mph>20.0</speed_mph>
        </extensions>
      </trkpt>
      <trkpt lat="52.2649" lon="1.51488">
        <ele>0</ele>
        <time>2026-06-26T09:12:43.907Z</time>
        <name>1129</name>
        <extensions>
          <speed_mps>8.941</speed_mps>
          <speed_mph>20.0</speed_mph>
        </extensions>
      </trkpt>
      <trkpt lat="52.26491" lon="1.51494">
        <ele>0</ele>
        <time>2026-06-26T09:12:44.380Z</time>
        <name>1130</name>
        <extensions>
          <speed_mps>8.941</speed_mps>
          <speed_mph>20.0</speed_mph>
        </extensions>
      </trkpt>
      <trkpt lat="52.26491" lon="1.51507">
        <ele>0</ele>
        <time>2026-06-26T09:12:45.370Z</time>
        <name>1131</name>
        <extensions>
          <speed_mps>8.941</speed_mps>
          <speed_mph>20.0</speed_mph>
        </extensions>
      </trkpt>
      <trkpt lat="52.2649" lon="1.51513">
        <ele>0</ele>
        <time>2026-06-26T09:12:45.843Z</time>
        <name>1132</name>
        <extensions>
          <speed_mps>8.941</speed_mps>
          <speed_mph>20.0</speed_mph>
        </extensions>
      </trkpt>
      <trkpt lat="52.26488" lon="1.51518">
        <ele>0</ele>
        <time>2026-06-26T09:12:46.298Z</time>
        <name>1133</name>
        <extensions>
          <speed_mps>8.941</speed_mps>
          <speed_mph>20.0</speed_mph>
        </extensions>
      </trkpt>
      <trkpt lat="52.26488" lon="1.51519">
        <ele>0</ele>
        <time>2026-06-26T09:12:46.374Z</time>
        <name>1134</name>
        <extensions>
          <speed_mps>8.941</speed_mps>
          <speed_mph>20.0</speed_mph>
        </extensions>
      </trkpt>
      <trkpt lat="52.26483" lon="1.51528">
        <ele>0</ele>
        <time>2026-06-26T09:12:47.299Z</time>
        <name>1135</name>
        <extensions>
          <speed_mps>8.941</speed_mps>
          <speed_mph>20.0</speed_mph>
        </extensions>
      </trkpt>
      <trkpt lat="52.26477" lon="1.51534">
        <ele>0</ele>
        <time>2026-06-26T09:12:48.174Z</time>
        <name>1136</name>
        <extensions>
          <speed_mps>8.941</speed_mps>
          <speed_mph>20.0</speed_mph>
        </extensions>
      </trkpt>
      <trkpt lat="52.26473" lon="1.51536">
        <ele>0</ele>
        <time>2026-06-26T09:12:48.694Z</time>
        <name>1137</name>
        <extensions>
          <speed_mps>8.941</speed_mps>
          <speed_mph>20.0</speed_mph>
        </extensions>
      </trkpt>
      <trkpt lat="52.26465" lon="1.51536">
        <ele>0</ele>
        <time>2026-06-26T09:12:49.689Z</time>
        <name>1138</name>
        <extensions>
          <speed_mps>8.941</speed_mps>
          <speed_mph>20.0</speed_mph>
        </extensions>
      </trkpt>
      <trkpt lat="52.26462" lon="1.51534">
        <ele>0</ele>
        <time>2026-06-26T09:12:50.092Z</time>
        <name>1139</name>
        <extensions>
          <speed_mps>8.941</speed_mps>
          <speed_mph>20.0</speed_mph>
        </extensions>
      </trkpt>
      <trkpt lat="52.26453" lon="1.51536">
        <ele>0</ele>
        <time>2026-06-26T09:12:51.222Z</time>
        <name>1140</name>
        <extensions>
          <speed_mps>8.941</speed_mps>
          <speed_mph>20.0</speed_mph>
        </extensions>
      </trkpt>
      <trkpt lat="52.26449" lon="1.51538">
        <ele>0</ele>
        <time>2026-06-26T09:12:51.742Z</time>
        <name>1141</name>
        <extensions>
          <speed_mps>8.941</speed_mps>
          <speed_mph>20.0</speed_mph>
        </extensions>
      </trkpt>
      <trkpt lat="52.26443" lon="1.5154">
        <ele>0</ele>
        <time>2026-06-26T09:12:52.503Z</time>
        <name>1142</name>
        <extensions>
          <speed_mps>8.941</speed_mps>
          <speed_mph>20.0</speed_mph>
        </extensions>
      </trkpt>
      <trkpt lat="52.26439" lon="1.51543">
        <ele>0</ele>
        <time>2026-06-26T09:12:53.051Z</time>
        <name>1143</name>
        <extensions>
          <speed_mps>8.941</speed_mps>
          <speed_mph>20.0</speed_mph>
        </extensions>
      </trkpt>
      <trkpt lat="52.26431" lon="1.51546">
        <ele>0</ele>
        <time>2026-06-26T09:12:54.072Z</time>
        <name>1144</name>
        <extensions>
          <speed_mps>8.941</speed_mps>
          <speed_mph>20.0</speed_mph>
        </extensions>
      </trkpt>
      <trkpt lat="52.26416" lon="1.51559">
        <ele>0</ele>
        <time>2026-06-26T09:12:56.183Z</time>
        <name>1145</name>
        <extensions>
          <speed_mps>8.941</speed_mps>
          <speed_mph>20.0</speed_mph>
        </extensions>
      </trkpt>
      <trkpt lat="52.26405" lon="1.5157">
        <ele>0</ele>
        <time>2026-06-26T09:12:57.787Z</time>
        <name>1146</name>
        <extensions>
          <speed_mps>8.941</speed_mps>
          <speed_mph>20.0</speed_mph>
        </extensions>
      </trkpt>
      <trkpt lat="52.26388" lon="1.51589">
        <ele>0</ele>
        <time>2026-06-26T09:13:00.349Z</time>
        <name>1147</name>
        <extensions>
          <speed_mps>8.941</speed_mps>
          <speed_mph>20.0</speed_mph>
        </extensions>
      </trkpt>
      <trkpt lat="52.2637" lon="1.51611">
        <ele>0</ele>
        <time>2026-06-26T09:13:03.144Z</time>
        <name>1148</name>
        <extensions>
          <speed_mps>8.941</speed_mps>
          <speed_mph>20.0</speed_mph>
        </extensions>
      </trkpt>
      <trkpt lat="52.26366" lon="1.51617">
        <ele>0</ele>
        <time>2026-06-26T09:13:03.820Z</time>
        <name>1149</name>
        <extensions>
          <speed_mps>8.941</speed_mps>
          <speed_mph>20.0</speed_mph>
        </extensions>
      </trkpt>
      <trkpt lat="52.26349" lon="1.51648">
        <ele>0</ele>
        <time>2026-06-26T09:13:06.988Z</time>
        <name>1150</name>
        <extensions>
          <speed_mps>8.941</speed_mps>
          <speed_mph>20.0</speed_mph>
        </extensions>
      </trkpt>
      <trkpt lat="52.26348" lon="1.51653">
        <ele>0</ele>
        <time>2026-06-26T09:13:07.388Z</time>
        <name>1151</name>
        <extensions>
          <speed_mps>8.941</speed_mps>
          <speed_mph>20.0</speed_mph>
        </extensions>
      </trkpt>
      <trkpt lat="52.26336" lon="1.51693">
        <ele>0</ele>
        <time>2026-06-26T09:13:10.779Z</time>
        <name>1152</name>
        <extensions>
          <speed_mps>8.941</speed_mps>
          <speed_mph>20.0</speed_mph>
        </extensions>
      </trkpt>
      <trkpt lat="52.26331" lon="1.51715">
        <ele>0</ele>
        <time>2026-06-26T09:13:12.565Z</time>
        <name>1153</name>
        <extensions>
          <speed_mps>8.941</speed_mps>
          <speed_mph>20.0</speed_mph>
        </extensions>
      </trkpt>
      <trkpt lat="52.26311" lon="1.51763">
        <ele>0</ele>
        <time>2026-06-26T09:13:16.985Z</time>
        <name>1154</name>
        <extensions>
          <speed_mps>8.941</speed_mps>
          <speed_mph>20.0</speed_mph>
        </extensions>
      </trkpt>
      <trkpt lat="52.26311" lon="1.51764">
        <ele>0</ele>
        <time>2026-06-26T09:13:17.062Z</time>
        <name>1155</name>
        <extensions>
          <speed_mps>8.941</speed_mps>
          <speed_mph>20.0</speed_mph>
        </extensions>
      </trkpt>
      <trkpt lat="52.26292" lon="1.51803">
        <ele>0</ele>
        <time>2026-06-26T09:13:20.856Z</time>
        <name>1156</name>
        <extensions>
          <speed_mps>8.941</speed_mps>
          <speed_mph>20.0</speed_mph>
        </extensions>
      </trkpt>
      <trkpt lat="52.26288" lon="1.51813">
        <ele>0</ele>
        <time>2026-06-26T09:13:21.765Z</time>
        <name>1157</name>
        <extensions>
          <speed_mps>8.941</speed_mps>
          <speed_mph>20.0</speed_mph>
        </extensions>
      </trkpt>
      <trkpt lat="52.26285" lon="1.51819">
        <ele>0</ele>
        <time>2026-06-26T09:13:22.355Z</time>
        <name>1158</name>
        <extensions>
          <speed_mps>8.941</speed_mps>
          <speed_mph>20.0</speed_mph>
        </extensions>
      </trkpt>
      <trkpt lat="52.26282" lon="1.51827">
        <ele>0</ele>
        <time>2026-06-26T09:13:23.069Z</time>
        <name>1159</name>
        <extensions>
          <speed_mps>8.941</speed_mps>
          <speed_mph>20.0</speed_mph>
        </extensions>
      </trkpt>
      <trkpt lat="52.26278" lon="1.51835">
        <ele>0</ele>
        <time>2026-06-26T09:13:23.855Z</time>
        <name>1160</name>
        <extensions>
          <speed_mps>8.941</speed_mps>
          <speed_mph>20.0</speed_mph>
        </extensions>
      </trkpt>
      <trkpt lat="52.26273" lon="1.51848">
        <ele>0</ele>
        <time>2026-06-26T09:13:25.024Z</time>
        <name>1161</name>
        <extensions>
          <speed_mps>8.941</speed_mps>
          <speed_mph>20.0</speed_mph>
        </extensions>
      </trkpt>
      <trkpt lat="52.26269" lon="1.51864">
        <ele>0</ele>
        <time>2026-06-26T09:13:26.340Z</time>
        <name>1162</name>
        <extensions>
          <speed_mps>8.941</speed_mps>
          <speed_mph>20.0</speed_mph>
        </extensions>
      </trkpt>
      <trkpt lat="52.26264" lon="1.5189">
        <ele>0</ele>
        <time>2026-06-26T09:13:28.414Z</time>
        <name>1163</name>
        <extensions>
          <speed_mps>8.941</speed_mps>
          <speed_mph>20.0</speed_mph>
        </extensions>
      </trkpt>
      <trkpt lat="52.26263" lon="1.51891">
        <ele>0</ele>
        <time>2026-06-26T09:13:28.560Z</time>
        <name>1164</name>
        <extensions>
          <speed_mps>8.941</speed_mps>
          <speed_mph>20.0</speed_mph>
        </extensions>
      </trkpt>
      <trkpt lat="52.2626" lon="1.51909">
        <ele>0</ele>
        <time>2026-06-26T09:13:29.980Z</time>
        <name>1165</name>
        <extensions>
          <speed_mps>8.941</speed_mps>
          <speed_mph>20.0</speed_mph>
        </extensions>
      </trkpt>
      <trkpt lat="52.26256" lon="1.51926">
        <ele>0</ele>
        <time>2026-06-26T09:13:31.366Z</time>
        <name>1166</name>
        <extensions>
          <speed_mps>8.941</speed_mps>
          <speed_mph>20.0</speed_mph>
        </extensions>
      </trkpt>
      <trkpt lat="52.26242" lon="1.51972">
        <ele>0</ele>
        <time>2026-06-26T09:13:35.277Z</time>
        <name>1167</name>
        <extensions>
          <speed_mps>8.941</speed_mps>
          <speed_mph>20.0</speed_mph>
        </extensions>
      </trkpt>
      <trkpt lat="52.2624" lon="1.51981">
        <ele>0</ele>
        <time>2026-06-26T09:13:36.006Z</time>
        <name>1168</name>
        <extensions>
          <speed_mps>8.941</speed_mps>
          <speed_mph>20.0</speed_mph>
        </extensions>
      </trkpt>
      <trkpt lat="52.26224" lon="1.52029">
        <ele>0</ele>
        <time>2026-06-26T09:13:40.166Z</time>
        <name>1169</name>
        <extensions>
          <speed_mps>8.941</speed_mps>
          <speed_mph>20.0</speed_mph>
        </extensions>
      </trkpt>
      <trkpt lat="52.26216" lon="1.52049">
        <ele>0</ele>
        <time>2026-06-26T09:13:41.985Z</time>
        <name>1170</name>
        <extensions>
          <speed_mps>8.941</speed_mps>
          <speed_mph>20.0</speed_mph>
        </extensions>
      </trkpt>
      <trkpt lat="52.26196" lon="1.52113">
        <ele>0</ele>
        <time>2026-06-26T09:13:47.455Z</time>
        <name>1171</name>
        <extensions>
          <speed_mps>8.941</speed_mps>
          <speed_mph>20.0</speed_mph>
        </extensions>
      </trkpt>
      <trkpt lat="52.26185" lon="1.52154">
        <ele>0</ele>
        <time>2026-06-26T09:13:50.862Z</time>
        <name>1172</name>
        <extensions>
          <speed_mps>8.941</speed_mps>
          <speed_mph>20.0</speed_mph>
        </extensions>
      </trkpt>
      <trkpt lat="52.26184" lon="1.5216">
        <ele>0</ele>
        <time>2026-06-26T09:13:51.336Z</time>
        <name>1173</name>
        <extensions>
          <speed_mps>8.941</speed_mps>
          <speed_mph>20.0</speed_mph>
        </extensions>
      </trkpt>
      <trkpt lat="52.2617" lon="1.52215">
        <ele>0</ele>
        <time>2026-06-26T09:13:55.870Z</time>
        <name>1174</name>
        <extensions>
          <speed_mps>8.941</speed_mps>
          <speed_mph>20.0</speed_mph>
        </extensions>
      </trkpt>
      <trkpt lat="52.26158" lon="1.52254">
        <ele>0</ele>
        <time>2026-06-26T09:13:59.192Z</time>
        <name>1175</name>
        <extensions>
          <speed_mps>8.941</speed_mps>
          <speed_mph>20.0</speed_mph>
        </extensions>
      </trkpt>
      <trkpt lat="52.26157" lon="1.52259">
        <ele>0</ele>
        <time>2026-06-26T09:13:59.593Z</time>
        <name>1176</name>
        <extensions>
          <speed_mps>8.941</speed_mps>
          <speed_mph>20.0</speed_mph>
        </extensions>
      </trkpt>
      <trkpt lat="52.2615" lon="1.5228">
        <ele>0</ele>
        <time>2026-06-26T09:14:01.413Z</time>
        <name>1177</name>
        <extensions>
          <speed_mps>8.941</speed_mps>
          <speed_mph>20.0</speed_mph>
        </extensions>
      </trkpt>
      <trkpt lat="52.26141" lon="1.52298">
        <ele>0</ele>
        <time>2026-06-26T09:14:03.182Z</time>
        <name>1178</name>
        <extensions>
          <speed_mps>8.941</speed_mps>
          <speed_mph>20.0</speed_mph>
        </extensions>
      </trkpt>
      <trkpt lat="52.26073" lon="1.52461">
        <ele>0</ele>
        <time>2026-06-26T09:14:18.198Z</time>
        <name>1179</name>
        <extensions>
          <speed_mps>8.941</speed_mps>
          <speed_mph>20.0</speed_mph>
        </extensions>
      </trkpt>
      <trkpt lat="52.26073" lon="1.52462">
        <ele>0</ele>
        <time>2026-06-26T09:14:18.274Z</time>
        <name>1180</name>
        <extensions>
          <speed_mps>8.941</speed_mps>
          <speed_mph>20.0</speed_mph>
        </extensions>
      </trkpt>
      <trkpt lat="52.26052" lon="1.52509">
        <ele>0</ele>
        <time>2026-06-26T09:14:22.704Z</time>
        <name>1181</name>
        <extensions>
          <speed_mps>8.941</speed_mps>
          <speed_mph>20.0</speed_mph>
        </extensions>
      </trkpt>
      <trkpt lat="52.26029" lon="1.52572">
        <ele>0</ele>
        <time>2026-06-26T09:14:28.288Z</time>
        <name>1182</name>
        <extensions>
          <speed_mps>8.941</speed_mps>
          <speed_mph>20.0</speed_mph>
        </extensions>
      </trkpt>
      <trkpt lat="52.26029" lon="1.52573">
        <ele>0</ele>
        <time>2026-06-26T09:14:28.364Z</time>
        <name>1183</name>
        <extensions>
          <speed_mps>8.941</speed_mps>
          <speed_mph>20.0</speed_mph>
        </extensions>
      </trkpt>
      <trkpt lat="52.26019" lon="1.52604">
        <ele>0</ele>
        <time>2026-06-26T09:14:31.031Z</time>
        <name>1184</name>
        <extensions>
          <speed_mps>8.941</speed_mps>
          <speed_mph>20.0</speed_mph>
        </extensions>
      </trkpt>
      <trkpt lat="52.25961" lon="1.52812">
        <ele>0</ele>
        <time>2026-06-26T09:14:48.431Z</time>
        <name>1185</name>
        <extensions>
          <speed_mps>8.941</speed_mps>
          <speed_mph>20.0</speed_mph>
        </extensions>
      </trkpt>
      <trkpt lat="52.25943" lon="1.52883">
        <ele>0</ele>
        <time>2026-06-26T09:14:54.281Z</time>
        <name>1186</name>
        <extensions>
          <speed_mps>8.941</speed_mps>
          <speed_mph>20.0</speed_mph>
        </extensions>
      </trkpt>
      <trkpt lat="52.25933" lon="1.52913">
        <ele>0</ele>
        <time>2026-06-26T09:14:56.881Z</time>
        <name>1187</name>
        <extensions>
          <speed_mps>8.941</speed_mps>
          <speed_mph>20.0</speed_mph>
        </extensions>
      </trkpt>
      <trkpt lat="52.2593" lon="1.52918">
        <ele>0</ele>
        <time>2026-06-26T09:14:57.414Z</time>
        <name>1188</name>
        <extensions>
          <speed_mps>8.941</speed_mps>
          <speed_mph>20.0</speed_mph>
        </extensions>
      </trkpt>
      <trkpt lat="52.25925" lon="1.52932">
        <ele>0</ele>
        <time>2026-06-26T09:14:58.648Z</time>
        <name>1189</name>
        <extensions>
          <speed_mps>8.941</speed_mps>
          <speed_mph>20.0</speed_mph>
        </extensions>
      </trkpt>
      <trkpt lat="52.25893" lon="1.52995">
        <ele>0</ele>
        <time>2026-06-26T09:15:04.880Z</time>
        <name>1190</name>
        <extensions>
          <speed_mps>8.941</speed_mps>
          <speed_mph>20.0</speed_mph>
        </extensions>
      </trkpt>
      <trkpt lat="52.2586" lon="1.53051">
        <ele>0</ele>
        <time>2026-06-26T09:15:10.798Z</time>
        <name>1191</name>
        <extensions>
          <speed_mps>8.941</speed_mps>
          <speed_mph>20.0</speed_mph>
        </extensions>
      </trkpt>
      <trkpt lat="52.25848" lon="1.53069">
        <ele>0</ele>
        <time>2026-06-26T09:15:12.824Z</time>
        <name>1192</name>
        <extensions>
          <speed_mps>8.941</speed_mps>
          <speed_mph>20.0</speed_mph>
        </extensions>
      </trkpt>
      <trkpt lat="52.25829" lon="1.53102">
        <ele>0</ele>
        <time>2026-06-26T09:15:16.273Z</time>
        <name>1193</name>
        <extensions>
          <speed_mps>8.941</speed_mps>
          <speed_mph>20.0</speed_mph>
        </extensions>
      </trkpt>
      <trkpt lat="52.2581" lon="1.53139">
        <ele>0</ele>
        <time>2026-06-26T09:15:19.949Z</time>
        <name>1194</name>
        <extensions>
          <speed_mps>8.941</speed_mps>
          <speed_mph>20.0</speed_mph>
        </extensions>
      </trkpt>
      <trkpt lat="52.25781" lon="1.5321">
        <ele>0</ele>
        <time>2026-06-26T09:15:26.447Z</time>
        <name>1195</name>
        <extensions>
          <speed_mps>8.941</speed_mps>
          <speed_mph>20.0</speed_mph>
        </extensions>
      </trkpt>
      <trkpt lat="52.25754" lon="1.5327">
        <ele>0</ele>
        <time>2026-06-26T09:15:32.116Z</time>
        <name>1196</name>
        <extensions>
          <speed_mps>8.941</speed_mps>
          <speed_mph>20.0</speed_mph>
        </extensions>
      </trkpt>
      <trkpt lat="52.25731" lon="1.53313">
        <ele>0</ele>
        <time>2026-06-26T09:15:36.463Z</time>
        <name>1197</name>
        <extensions>
          <speed_mps>8.941</speed_mps>
          <speed_mph>20.0</speed_mph>
        </extensions>
      </trkpt>
      <trkpt lat="52.25722" lon="1.53328">
        <ele>0</ele>
        <time>2026-06-26T09:15:38.062Z</time>
        <name>1198</name>
        <extensions>
          <speed_mps>8.941</speed_mps>
          <speed_mph>20.0</speed_mph>
        </extensions>
      </trkpt>
      <trkpt lat="52.25718" lon="1.53336">
        <ele>0</ele>
        <time>2026-06-26T09:15:38.849Z</time>
        <name>1199</name>
        <extensions>
          <speed_mps>8.941</speed_mps>
          <speed_mph>20.0</speed_mph>
        </extensions>
      </trkpt>
      <trkpt lat="52.25663" lon="1.53421">
        <ele>0</ele>
        <time>2026-06-26T09:15:48.265Z</time>
        <name>1200</name>
        <extensions>
          <speed_mps>8.941</speed_mps>
          <speed_mph>20.0</speed_mph>
        </extensions>
      </trkpt>
      <trkpt lat="52.25639" lon="1.53463">
        <ele>0</ele>
        <time>2026-06-26T09:15:52.639Z</time>
        <name>1201</name>
        <extensions>
          <speed_mps>8.941</speed_mps>
          <speed_mph>20.0</speed_mph>
        </extensions>
      </trkpt>
      <trkpt lat="52.25638" lon="1.53466">
        <ele>0</ele>
        <time>2026-06-26T09:15:52.899Z</time>
        <name>1202</name>
        <extensions>
          <speed_mps>8.941</speed_mps>
          <speed_mph>20.0</speed_mph>
        </extensions>
      </trkpt>
      <trkpt lat="52.25622" lon="1.53498">
        <ele>0</ele>
        <time>2026-06-26T09:15:56.044Z</time>
        <name>1203</name>
        <extensions>
          <speed_mps>8.941</speed_mps>
          <speed_mph>20.0</speed_mph>
        </extensions>
      </trkpt>
      <trkpt lat="52.25606" lon="1.53544">
        <ele>0</ele>
        <time>2026-06-26T09:16:00.072Z</time>
        <name>1204</name>
        <extensions>
          <speed_mps>8.941</speed_mps>
          <speed_mph>20.0</speed_mph>
        </extensions>
      </trkpt>
      <trkpt lat="52.25595" lon="1.53594">
        <ele>0</ele>
        <time>2026-06-26T09:16:04.117Z</time>
        <name>1205</name>
        <extensions>
          <speed_mps>8.941</speed_mps>
          <speed_mph>20.0</speed_mph>
        </extensions>
      </trkpt>
      <trkpt lat="52.25595" lon="1.53595">
        <ele>0</ele>
        <time>2026-06-26T09:16:04.193Z</time>
        <name>1206</name>
        <extensions>
          <speed_mps>8.941</speed_mps>
          <speed_mph>20.0</speed_mph>
        </extensions>
      </trkpt>
      <trkpt lat="52.25581" lon="1.53671">
        <ele>0</ele>
        <time>2026-06-26T09:16:10.235Z</time>
        <name>1207</name>
        <extensions>
          <speed_mps>8.941</speed_mps>
          <speed_mph>20.0</speed_mph>
        </extensions>
      </trkpt>
      <trkpt lat="52.25572" lon="1.53705">
        <ele>0</ele>
        <time>2026-06-26T09:16:13.056Z</time>
        <name>1208</name>
        <extensions>
          <speed_mps>8.941</speed_mps>
          <speed_mph>20.0</speed_mph>
        </extensions>
      </trkpt>
      <trkpt lat="52.25572" lon="1.53706">
        <ele>0</ele>
        <time>2026-06-26T09:16:13.132Z</time>
        <name>1209</name>
        <extensions>
          <speed_mps>8.941</speed_mps>
          <speed_mph>20.0</speed_mph>
        </extensions>
      </trkpt>
      <trkpt lat="52.25564" lon="1.53734">
        <ele>0</ele>
        <time>2026-06-26T09:16:15.484Z</time>
        <name>1210</name>
        <extensions>
          <speed_mps>8.941</speed_mps>
          <speed_mph>20.0</speed_mph>
        </extensions>
      </trkpt>
      <trkpt lat="52.25564" lon="1.53735">
        <ele>0</ele>
        <time>2026-06-26T09:16:15.560Z</time>
        <name>1211</name>
        <extensions>
          <speed_mps>8.941</speed_mps>
          <speed_mph>20.0</speed_mph>
        </extensions>
      </trkpt>
      <trkpt lat="52.25542" lon="1.53799">
        <ele>0</ele>
        <time>2026-06-26T09:16:21.148Z</time>
        <name>1212</name>
        <extensions>
          <speed_mps>8.941</speed_mps>
          <speed_mph>20.0</speed_mph>
        </extensions>
      </trkpt>
      <trkpt lat="52.25542" lon="1.538">
        <ele>0</ele>
        <time>2026-06-26T09:16:21.224Z</time>
        <name>1213</name>
        <extensions>
          <speed_mps>8.941</speed_mps>
          <speed_mph>20.0</speed_mph>
        </extensions>
      </trkpt>
      <trkpt lat="52.25534" lon="1.53821">
        <ele>0</ele>
        <time>2026-06-26T09:16:23.107Z</time>
        <name>1214</name>
        <extensions>
          <speed_mps>8.941</speed_mps>
          <speed_mph>20.0</speed_mph>
        </extensions>
      </trkpt>
      <trkpt lat="52.2552" lon="1.5385">
        <ele>0</ele>
        <time>2026-06-26T09:16:25.919Z</time>
        <name>1215</name>
        <extensions>
          <speed_mps>8.941</speed_mps>
          <speed_mph>20.0</speed_mph>
        </extensions>
      </trkpt>
      <trkpt lat="52.25504" lon="1.5388">
        <ele>0</ele>
        <time>2026-06-26T09:16:28.948Z</time>
        <name>1216</name>
        <extensions>
          <speed_mps>8.941</speed_mps>
          <speed_mph>20.0</speed_mph>
        </extensions>
      </trkpt>
      <trkpt lat="52.25488" lon="1.53907">
        <ele>0</ele>
        <time>2026-06-26T09:16:31.809Z</time>
        <name>1217</name>
        <extensions>
          <speed_mps>8.941</speed_mps>
          <speed_mph>20.0</speed_mph>
        </extensions>
      </trkpt>
      <trkpt lat="52.25426" lon="1.53996">
        <ele>0</ele>
        <time>2026-06-26T09:16:42.074Z</time>
        <name>1218</name>
        <extensions>
          <speed_mps>8.941</speed_mps>
          <speed_mph>20.0</speed_mph>
        </extensions>
      </trkpt>
      <trkpt lat="52.25416" lon="1.54008">
        <ele>0</ele>
        <time>2026-06-26T09:16:43.617Z</time>
        <name>1219</name>
        <extensions>
          <speed_mps>8.941</speed_mps>
          <speed_mph>20.0</speed_mph>
        </extensions>
      </trkpt>
      <trkpt lat="52.25406" lon="1.54017">
        <ele>0</ele>
        <time>2026-06-26T09:16:45.037Z</time>
        <name>1220</name>
        <extensions>
          <speed_mps>8.941</speed_mps>
          <speed_mph>20.0</speed_mph>
        </extensions>
      </trkpt>
      <trkpt lat="52.25398" lon="1.54022">
        <ele>0</ele>
        <time>2026-06-26T09:16:46.103Z</time>
        <name>1221</name>
        <extensions>
          <speed_mps>8.941</speed_mps>
          <speed_mph>20.0</speed_mph>
        </extensions>
      </trkpt>
      <trkpt lat="52.25375" lon="1.5403">
        <ele>0</ele>
        <time>2026-06-26T09:16:49.027Z</time>
        <name>1222</name>
        <extensions>
          <speed_mps>8.941</speed_mps>
          <speed_mph>20.0</speed_mph>
        </extensions>
      </trkpt>
      <trkpt lat="52.25364" lon="1.54031">
        <ele>0</ele>
        <time>2026-06-26T09:16:50.397Z</time>
        <name>1223</name>
        <extensions>
          <speed_mps>8.941</speed_mps>
          <speed_mph>20.0</speed_mph>
        </extensions>
      </trkpt>
      <trkpt lat="52.25362" lon="1.54032">
        <ele>0</ele>
        <time>2026-06-26T09:16:50.658Z</time>
        <name>1224</name>
        <extensions>
          <speed_mps>8.941</speed_mps>
          <speed_mph>20.0</speed_mph>
        </extensions>
      </trkpt>
      <trkpt lat="52.25335" lon="1.54032">
        <ele>0</ele>
        <time>2026-06-26T09:16:54.015Z</time>
        <name>1225</name>
        <extensions>
          <speed_mps>8.941</speed_mps>
          <speed_mph>20.0</speed_mph>
        </extensions>
      </trkpt>
      <trkpt lat="52.25328" lon="1.54031">
        <ele>0</ele>
        <time>2026-06-26T09:16:54.889Z</time>
        <name>1226</name>
        <extensions>
          <speed_mps>8.941</speed_mps>
          <speed_mph>20.0</speed_mph>
        </extensions>
      </trkpt>
      <trkpt lat="52.25325" lon="1.5403">
        <ele>0</ele>
        <time>2026-06-26T09:16:55.270Z</time>
        <name>1227</name>
        <extensions>
          <speed_mps>8.941</speed_mps>
          <speed_mph>20.0</speed_mph>
        </extensions>
      </trkpt>
      <trkpt lat="52.2532" lon="1.5403">
        <ele>0</ele>
        <time>2026-06-26T09:16:55.892Z</time>
        <name>1228</name>
        <extensions>
          <speed_mps>8.941</speed_mps>
          <speed_mph>20.0</speed_mph>
        </extensions>
      </trkpt>
      <trkpt lat="52.25316" lon="1.54029">
        <ele>0</ele>
        <time>2026-06-26T09:16:56.395Z</time>
        <name>1229</name>
        <extensions>
          <speed_mps>8.941</speed_mps>
          <speed_mph>20.0</speed_mph>
        </extensions>
      </trkpt>
      <trkpt lat="52.2531" lon="1.54029">
        <ele>0</ele>
        <time>2026-06-26T09:16:57.141Z</time>
        <name>1230</name>
        <extensions>
          <speed_mps>8.941</speed_mps>
          <speed_mph>20.0</speed_mph>
        </extensions>
      </trkpt>
      <trkpt lat="52.25293" lon="1.54027">
        <ele>0</ele>
        <time>2026-06-26T09:16:59.261Z</time>
        <name>1231</name>
        <extensions>
          <speed_mps>8.941</speed_mps>
          <speed_mph>20.0</speed_mph>
        </extensions>
      </trkpt>
      <trkpt lat="52.25279" lon="1.54024">
        <ele>0</ele>
        <time>2026-06-26T09:17:01.017Z</time>
        <name>1232</name>
        <extensions>
          <speed_mps>8.941</speed_mps>
          <speed_mph>20.0</speed_mph>
        </extensions>
      </trkpt>
      <trkpt lat="52.2523" lon="1.54008">
        <ele>0</ele>
        <time>2026-06-26T09:17:07.232Z</time>
        <name>1233</name>
        <extensions>
          <speed_mps>8.941</speed_mps>
          <speed_mph>20.0</speed_mph>
        </extensions>
      </trkpt>
      <trkpt lat="52.2521" lon="1.53998">
        <ele>0</ele>
        <time>2026-06-26T09:17:09.833Z</time>
        <name>1234</name>
        <extensions>
          <speed_mps>8.941</speed_mps>
          <speed_mph>20.0</speed_mph>
        </extensions>
      </trkpt>
      <trkpt lat="52.25198" lon="1.53995">
        <ele>0</ele>
        <time>2026-06-26T09:17:11.343Z</time>
        <name>1235</name>
        <extensions>
          <speed_mps>8.941</speed_mps>
          <speed_mph>20.0</speed_mph>
        </extensions>
      </trkpt>
      <trkpt lat="52.25197" lon="1.53994">
        <ele>0</ele>
        <time>2026-06-26T09:17:11.489Z</time>
        <name>1236</name>
        <extensions>
          <speed_mps>8.941</speed_mps>
          <speed_mph>20.0</speed_mph>
        </extensions>
      </trkpt>
      <trkpt lat="52.25187" lon="1.53993">
        <ele>0</ele>
        <time>2026-06-26T09:17:12.735Z</time>
        <name>1237</name>
        <extensions>
          <speed_mps>8.941</speed_mps>
          <speed_mph>20.0</speed_mph>
        </extensions>
      </trkpt>
      <trkpt lat="52.25177" lon="1.53994">
        <ele>0</ele>
        <time>2026-06-26T09:17:13.981Z</time>
        <name>1238</name>
        <extensions>
          <speed_mps>8.941</speed_mps>
          <speed_mph>20.0</speed_mph>
        </extensions>
      </trkpt>
      <trkpt lat="52.2517" lon="1.53997">
        <ele>0</ele>
        <time>2026-06-26T09:17:14.881Z</time>
        <name>1239</name>
        <extensions>
          <speed_mps>8.941</speed_mps>
          <speed_mph>20.0</speed_mph>
        </extensions>
      </trkpt>
      <trkpt lat="52.25163" lon="1.54002">
        <ele>0</ele>
        <time>2026-06-26T09:17:15.831Z</time>
        <name>1240</name>
        <extensions>
          <speed_mps>8.941</speed_mps>
          <speed_mph>20.0</speed_mph>
        </extensions>
      </trkpt>
      <trkpt lat="52.2515" lon="1.54015">
        <ele>0</ele>
        <time>2026-06-26T09:17:17.727Z</time>
        <name>1241</name>
        <extensions>
          <speed_mps>8.941</speed_mps>
          <speed_mph>20.0</speed_mph>
        </extensions>
      </trkpt>
      <trkpt lat="52.25142" lon="1.54027">
        <ele>0</ele>
        <time>2026-06-26T09:17:19.077Z</time>
        <name>1242</name>
        <extensions>
          <speed_mps>8.941</speed_mps>
          <speed_mph>20.0</speed_mph>
        </extensions>
      </trkpt>
      <trkpt lat="52.25136" lon="1.54041">
        <ele>0</ele>
        <time>2026-06-26T09:17:20.379Z</time>
        <name>1243</name>
        <extensions>
          <speed_mps>8.941</speed_mps>
          <speed_mph>20.0</speed_mph>
        </extensions>
      </trkpt>
      <trkpt lat="52.25129" lon="1.54064">
        <ele>0</ele>
        <time>2026-06-26T09:17:22.334Z</time>
        <name>1244</name>
        <extensions>
          <speed_mps>8.941</speed_mps>
          <speed_mph>20.0</speed_mph>
        </extensions>
      </trkpt>
      <trkpt lat="52.25124" lon="1.54087">
        <ele>0</ele>
        <time>2026-06-26T09:17:24.193Z</time>
        <name>1245</name>
        <extensions>
          <speed_mps>8.941</speed_mps>
          <speed_mph>20.0</speed_mph>
        </extensions>
      </trkpt>
      <trkpt lat="52.25123" lon="1.5409">
        <ele>0</ele>
        <time>2026-06-26T09:17:24.453Z</time>
        <name>1246</name>
        <extensions>
          <speed_mps>8.941</speed_mps>
          <speed_mph>20.0</speed_mph>
        </extensions>
      </trkpt>
      <trkpt lat="52.25089" lon="1.54245">
        <ele>0</ele>
        <time>2026-06-26T09:17:36.989Z</time>
        <name>1247</name>
        <extensions>
          <speed_mps>8.941</speed_mps>
          <speed_mph>20.0</speed_mph>
        </extensions>
      </trkpt>
      <trkpt lat="52.25086" lon="1.54263">
        <ele>0</ele>
        <time>2026-06-26T09:17:38.409Z</time>
        <name>1248</name>
        <extensions>
          <speed_mps>8.941</speed_mps>
          <speed_mph>20.0</speed_mph>
        </extensions>
      </trkpt>
      <trkpt lat="52.25079" lon="1.54291">
        <ele>0</ele>
        <time>2026-06-26T09:17:40.712Z</time>
        <name>1249</name>
        <extensions>
          <speed_mps>8.941</speed_mps>
          <speed_mph>20.0</speed_mph>
        </extensions>
      </trkpt>
      <trkpt lat="52.25066" lon="1.54366">
        <ele>0</ele>
        <time>2026-06-26T09:17:46.647Z</time>
        <name>1250</name>
        <extensions>
          <speed_mps>8.941</speed_mps>
          <speed_mph>20.0</speed_mph>
        </extensions>
      </trkpt>
      <trkpt lat="52.25062" lon="1.54404">
        <ele>0</ele>
        <time>2026-06-26T09:17:49.583Z</time>
        <name>1251</name>
        <extensions>
          <speed_mps>8.941</speed_mps>
          <speed_mph>20.0</speed_mph>
        </extensions>
      </trkpt>
      <trkpt lat="52.25061" lon="1.54428">
        <ele>0</ele>
        <time>2026-06-26T09:17:51.414Z</time>
        <name>1252</name>
        <extensions>
          <speed_mps>8.941</speed_mps>
          <speed_mph>20.0</speed_mph>
        </extensions>
      </trkpt>
      <trkpt lat="52.2506" lon="1.54435">
        <ele>0</ele>
        <time>2026-06-26T09:17:51.961Z</time>
        <name>1253</name>
        <extensions>
          <speed_mps>8.941</speed_mps>
          <speed_mph>20.0</speed_mph>
        </extensions>
      </trkpt>
      <trkpt lat="52.2506" lon="1.54454">
        <ele>0</ele>
        <time>2026-06-26T09:17:53.408Z</time>
        <name>1254</name>
        <extensions>
          <speed_mps>8.941</speed_mps>
          <speed_mph>20.0</speed_mph>
        </extensions>
      </trkpt>
      <trkpt lat="52.25058" lon="1.54484">
        <ele>0</ele>
        <time>2026-06-26T09:17:55.706Z</time>
        <name>1255</name>
        <extensions>
          <speed_mps>8.941</speed_mps>
          <speed_mph>20.0</speed_mph>
        </extensions>
      </trkpt>
      <trkpt lat="52.25047" lon="1.54544">
        <ele>0</ele>
        <time>2026-06-26T09:18:00.475Z</time>
        <name>1256</name>
        <extensions>
          <speed_mps>8.941</speed_mps>
          <speed_mph>20.0</speed_mph>
        </extensions>
      </trkpt>
      <trkpt lat="52.25045" lon="1.54551">
        <ele>0</ele>
        <time>2026-06-26T09:18:01.063Z</time>
        <name>1257</name>
        <extensions>
          <speed_mps>8.941</speed_mps>
          <speed_mph>20.0</speed_mph>
        </extensions>
      </trkpt>
      <trkpt lat="52.2504" lon="1.54579">
        <ele>0</ele>
        <time>2026-06-26T09:18:03.284Z</time>
        <name>1258</name>
        <extensions>
          <speed_mps>8.941</speed_mps>
          <speed_mph>20.0</speed_mph>
        </extensions>
      </trkpt>
      <trkpt lat="52.25031" lon="1.54617">
        <ele>0</ele>
        <time>2026-06-26T09:18:06.386Z</time>
        <name>1259</name>
        <extensions>
          <speed_mps>8.941</speed_mps>
          <speed_mph>20.0</speed_mph>
        </extensions>
      </trkpt>
      <trkpt lat="52.25029" lon="1.54623">
        <ele>0</ele>
        <time>2026-06-26T09:18:06.906Z</time>
        <name>1260</name>
        <extensions>
          <speed_mps>8.941</speed_mps>
          <speed_mph>20.0</speed_mph>
        </extensions>
      </trkpt>
      <trkpt lat="52.25022" lon="1.5465">
        <ele>0</ele>
        <time>2026-06-26T09:18:09.138Z</time>
        <name>1261</name>
        <extensions>
          <speed_mps>8.941</speed_mps>
          <speed_mph>20.0</speed_mph>
        </extensions>
      </trkpt>
      <trkpt lat="52.24998" lon="1.54729">
        <ele>0</ele>
        <time>2026-06-26T09:18:15.853Z</time>
        <name>1262</name>
        <extensions>
          <speed_mps>8.941</speed_mps>
          <speed_mph>20.0</speed_mph>
        </extensions>
      </trkpt>
      <trkpt lat="52.24994" lon="1.54739">
        <ele>0</ele>
        <time>2026-06-26T09:18:16.763Z</time>
        <name>1263</name>
        <extensions>
          <speed_mps>8.941</speed_mps>
          <speed_mph>20.0</speed_mph>
        </extensions>
      </trkpt>
      <trkpt lat="52.24984" lon="1.54769">
        <ele>0</ele>
        <time>2026-06-26T09:18:19.364Z</time>
        <name>1264</name>
        <extensions>
          <speed_mps>8.941</speed_mps>
          <speed_mph>20.0</speed_mph>
        </extensions>
      </trkpt>
      <trkpt lat="52.24979" lon="1.54779">
        <ele>0</ele>
        <time>2026-06-26T09:18:20.347Z</time>
        <name>1265</name>
        <extensions>
          <speed_mps>8.941</speed_mps>
          <speed_mph>20.0</speed_mph>
        </extensions>
      </trkpt>
      <trkpt lat="52.24973" lon="1.54794">
        <ele>0</ele>
        <time>2026-06-26T09:18:21.711Z</time>
        <name>1266</name>
        <extensions>
          <speed_mps>8.941</speed_mps>
          <speed_mph>20.0</speed_mph>
        </extensions>
      </trkpt>
      <trkpt lat="52.24942" lon="1.54853">
        <ele>0</ele>
        <time>2026-06-26T09:18:27.631Z</time>
        <name>1267</name>
        <extensions>
          <speed_mps>8.941</speed_mps>
          <speed_mph>20.0</speed_mph>
        </extensions>
      </trkpt>
      <trkpt lat="52.24925" lon="1.54881">
        <ele>0</ele>
        <time>2026-06-26T09:18:30.634Z</time>
        <name>1268</name>
        <extensions>
          <speed_mps>8.941</speed_mps>
          <speed_mph>20.0</speed_mph>
        </extensions>
      </trkpt>
      <trkpt lat="52.24879" lon="1.54964">
        <ele>0</ele>
        <time>2026-06-26T09:18:39.158Z</time>
        <name>1269</name>
        <extensions>
          <speed_mps>8.941</speed_mps>
          <speed_mph>20.0</speed_mph>
        </extensions>
      </trkpt>
      <trkpt lat="52.24839" lon="1.55047">
        <ele>0</ele>
        <time>2026-06-26T09:18:47.201Z</time>
        <name>1270</name>
        <extensions>
          <speed_mps>8.941</speed_mps>
          <speed_mph>20.0</speed_mph>
        </extensions>
      </trkpt>
      <trkpt lat="52.24828" lon="1.55072">
        <ele>0</ele>
        <time>2026-06-26T09:18:49.545Z</time>
        <name>1271</name>
        <extensions>
          <speed_mps>8.941</speed_mps>
          <speed_mph>20.0</speed_mph>
        </extensions>
      </trkpt>
      <trkpt lat="52.24812" lon="1.55104">
        <ele>0</ele>
        <time>2026-06-26T09:18:52.691Z</time>
        <name>1272</name>
        <extensions>
          <speed_mps>8.941</speed_mps>
          <speed_mph>20.0</speed_mph>
        </extensions>
      </trkpt>
      <trkpt lat="52.24793" lon="1.55137">
        <ele>0</ele>
        <time>2026-06-26T09:18:56.140Z</time>
        <name>1273</name>
        <extensions>
          <speed_mps>8.941</speed_mps>
          <speed_mph>20.0</speed_mph>
        </extensions>
      </trkpt>
      <trkpt lat="52.24773" lon="1.55165">
        <ele>0</ele>
        <time>2026-06-26T09:18:59.416Z</time>
        <name>1274</name>
        <extensions>
          <speed_mps>8.941</speed_mps>
          <speed_mph>20.0</speed_mph>
        </extensions>
      </trkpt>
      <trkpt lat="52.24751" lon="1.55193">
        <ele>0</ele>
        <time>2026-06-26T09:19:02.885Z</time>
        <name>1275</name>
        <extensions>
          <speed_mps>8.941</speed_mps>
          <speed_mph>20.0</speed_mph>
        </extensions>
      </trkpt>
      <trkpt lat="52.24718" lon="1.55241">
        <ele>0</ele>
        <time>2026-06-26T09:19:08.381Z</time>
        <name>1276</name>
        <extensions>
          <speed_mps>8.941</speed_mps>
          <speed_mph>20.0</speed_mph>
        </extensions>
      </trkpt>
      <trkpt lat="52.24718" lon="1.55242">
        <ele>0</ele>
        <time>2026-06-26T09:19:08.457Z</time>
        <name>1277</name>
        <extensions>
          <speed_mps>8.941</speed_mps>
          <speed_mph>20.0</speed_mph>
        </extensions>
      </trkpt>
      <trkpt lat="52.24714" lon="1.55246">
        <ele>0</ele>
        <time>2026-06-26T09:19:09.040Z</time>
        <name>1278</name>
        <extensions>
          <speed_mps>8.941</speed_mps>
          <speed_mph>20.0</speed_mph>
        </extensions>
      </trkpt>
      <trkpt lat="52.2466" lon="1.55325">
        <ele>0</ele>
        <time>2026-06-26T09:19:18.056Z</time>
        <name>1279</name>
        <extensions>
          <speed_mps>8.941</speed_mps>
          <speed_mph>20.0</speed_mph>
        </extensions>
      </trkpt>
      <trkpt lat="52.24612" lon="1.554">
        <ele>0</ele>
        <time>2026-06-26T09:19:26.318Z</time>
        <name>1280</name>
        <extensions>
          <speed_mps>8.941</speed_mps>
          <speed_mph>20.0</speed_mph>
        </extensions>
      </trkpt>
      <trkpt lat="52.246" lon="1.55422">
        <ele>0</ele>
        <time>2026-06-26T09:19:28.561Z</time>
        <name>1281</name>
        <extensions>
          <speed_mps>8.941</speed_mps>
          <speed_mph>20.0</speed_mph>
        </extensions>
      </trkpt>
      <trkpt lat="52.24599" lon="1.55423">
        <ele>0</ele>
        <time>2026-06-26T09:19:28.707Z</time>
        <name>1282</name>
        <extensions>
          <speed_mps>8.941</speed_mps>
          <speed_mph>20.0</speed_mph>
        </extensions>
      </trkpt>
      <trkpt lat="52.24582" lon="1.55455">
        <ele>0</ele>
        <time>2026-06-26T09:19:31.933Z</time>
        <name>1283</name>
        <extensions>
          <speed_mps>8.941</speed_mps>
          <speed_mph>20.0</speed_mph>
        </extensions>
      </trkpt>
      <trkpt lat="52.24544" lon="1.55537">
        <ele>0</ele>
        <time>2026-06-26T09:19:39.764Z</time>
        <name>1284</name>
        <extensions>
          <speed_mps>8.941</speed_mps>
          <speed_mph>20.0</speed_mph>
        </extensions>
      </trkpt>
      <trkpt lat="52.2454" lon="1.55548">
        <ele>0</ele>
        <time>2026-06-26T09:19:40.738Z</time>
        <name>1285</name>
        <extensions>
          <speed_mps>8.941</speed_mps>
          <speed_mph>20.0</speed_mph>
        </extensions>
      </trkpt>
      <trkpt lat="52.24528" lon="1.55575">
        <ele>0</ele>
        <time>2026-06-26T09:19:43.279Z</time>
        <name>1286</name>
        <extensions>
          <speed_mps>8.941</speed_mps>
          <speed_mph>20.0</speed_mph>
        </extensions>
      </trkpt>
      <trkpt lat="52.24528" lon="1.55576">
        <ele>0</ele>
        <time>2026-06-26T09:19:43.355Z</time>
        <name>1287</name>
        <extensions>
          <speed_mps>8.941</speed_mps>
          <speed_mph>20.0</speed_mph>
        </extensions>
      </trkpt>
      <trkpt lat="52.2452" lon="1.55597">
        <ele>0</ele>
        <time>2026-06-26T09:19:45.239Z</time>
        <name>1288</name>
        <extensions>
          <speed_mps>8.941</speed_mps>
          <speed_mph>20.0</speed_mph>
        </extensions>
      </trkpt>
      <trkpt lat="52.24519" lon="1.55598">
        <ele>0</ele>
        <time>2026-06-26T09:19:45.384Z</time>
        <name>1289</name>
        <extensions>
          <speed_mps>8.941</speed_mps>
          <speed_mph>20.0</speed_mph>
        </extensions>
      </trkpt>
      <trkpt lat="52.24518" lon="1.556">
        <ele>0</ele>
        <time>2026-06-26T09:19:45.581Z</time>
        <name>1290</name>
        <extensions>
          <speed_mps>8.941</speed_mps>
          <speed_mph>20.0</speed_mph>
        </extensions>
      </trkpt>
      <trkpt lat="52.24483" lon="1.55693">
        <ele>0</ele>
        <time>2026-06-26T09:19:53.894Z</time>
        <name>1291</name>
        <extensions>
          <speed_mps>8.941</speed_mps>
          <speed_mph>20.0</speed_mph>
        </extensions>
      </trkpt>
      <trkpt lat="52.24473" lon="1.55723">
        <ele>0</ele>
        <time>2026-06-26T09:19:56.495Z</time>
        <name>1292</name>
        <extensions>
          <speed_mps>8.941</speed_mps>
          <speed_mph>20.0</speed_mph>
        </extensions>
      </trkpt>
      <trkpt lat="52.24473" lon="1.55724">
        <ele>0</ele>
        <time>2026-06-26T09:19:56.571Z</time>
        <name>1293</name>
        <extensions>
          <speed_mps>8.941</speed_mps>
          <speed_mph>20.0</speed_mph>
        </extensions>
      </trkpt>
      <trkpt lat="52.24472" lon="1.55726">
        <ele>0</ele>
        <time>2026-06-26T09:19:56.767Z</time>
        <name>1294</name>
        <extensions>
          <speed_mps>8.941</speed_mps>
          <speed_mph>20.0</speed_mph>
        </extensions>
      </trkpt>
      <trkpt lat="52.24456" lon="1.55774">
        <ele>0</ele>
        <time>2026-06-26T09:20:00.929Z</time>
        <name>1295</name>
        <extensions>
          <speed_mps>8.941</speed_mps>
          <speed_mph>20.0</speed_mph>
        </extensions>
      </trkpt>
      <trkpt lat="52.24456" lon="1.55776">
        <ele>0</ele>
        <time>2026-06-26T09:20:01.082Z</time>
        <name>1296</name>
        <extensions>
          <speed_mps>8.941</speed_mps>
          <speed_mph>20.0</speed_mph>
        </extensions>
      </trkpt>
      <trkpt lat="52.24455" lon="1.55778">
        <ele>0</ele>
        <time>2026-06-26T09:20:01.278Z</time>
        <name>1297</name>
        <extensions>
          <speed_mps>8.941</speed_mps>
          <speed_mph>20.0</speed_mph>
        </extensions>
      </trkpt>
      <trkpt lat="52.24438" lon="1.55825">
        <ele>0</ele>
        <time>2026-06-26T09:20:05.435Z</time>
        <name>1298</name>
        <extensions>
          <speed_mps>8.941</speed_mps>
          <speed_mph>20.0</speed_mph>
        </extensions>
      </trkpt>
      <trkpt lat="52.24438" lon="1.55827">
        <ele>0</ele>
        <time>2026-06-26T09:20:05.587Z</time>
        <name>1299</name>
        <extensions>
          <speed_mps>8.941</speed_mps>
          <speed_mph>20.0</speed_mph>
        </extensions>
      </trkpt>
      <trkpt lat="52.24401" lon="1.55925">
        <ele>0</ele>
        <time>2026-06-26T09:20:14.355Z</time>
        <name>1300</name>
        <extensions>
          <speed_mps>8.941</speed_mps>
          <speed_mph>20.0</speed_mph>
        </extensions>
      </trkpt>
      <trkpt lat="52.24401" lon="1.55926">
        <ele>0</ele>
        <time>2026-06-26T09:20:14.431Z</time>
        <name>1301</name>
        <extensions>
          <speed_mps>8.941</speed_mps>
          <speed_mph>20.0</speed_mph>
        </extensions>
      </trkpt>
      <trkpt lat="52.244" lon="1.55927">
        <ele>0</ele>
        <time>2026-06-26T09:20:14.577Z</time>
        <name>1302</name>
        <extensions>
          <speed_mps>8.941</speed_mps>
          <speed_mph>20.0</speed_mph>
        </extensions>
      </trkpt>
      <trkpt lat="52.244" lon="1.55929">
        <ele>0</ele>
        <time>2026-06-26T09:20:14.729Z</time>
        <name>1303</name>
        <extensions>
          <speed_mps>8.941</speed_mps>
          <speed_mph>20.0</speed_mph>
        </extensions>
      </trkpt>
      <trkpt lat="52.24382" lon="1.55978">
        <ele>0</ele>
        <time>2026-06-26T09:20:19.080Z</time>
        <name>1304</name>
        <extensions>
          <speed_mps>8.941</speed_mps>
          <speed_mph>20.0</speed_mph>
        </extensions>
      </trkpt>
      <trkpt lat="52.24358" lon="1.56055">
        <ele>0</ele>
        <time>2026-06-26T09:20:25.660Z</time>
        <name>1305</name>
        <extensions>
          <speed_mps>8.941</speed_mps>
          <speed_mph>20.0</speed_mph>
        </extensions>
      </trkpt>
      <trkpt lat="52.24358" lon="1.56056">
        <ele>0</ele>
        <time>2026-06-26T09:20:25.736Z</time>
        <name>1306</name>
        <extensions>
          <speed_mps>8.941</speed_mps>
          <speed_mph>20.0</speed_mph>
        </extensions>
      </trkpt>
      <trkpt lat="52.2435" lon="1.56081">
        <ele>0</ele>
        <time>2026-06-26T09:20:27.884Z</time>
        <name>1307</name>
        <extensions>
          <speed_mps>8.941</speed_mps>
          <speed_mph>20.0</speed_mph>
        </extensions>
      </trkpt>
      <trkpt lat="52.2435" lon="1.56082">
        <ele>0</ele>
        <time>2026-06-26T09:20:27.960Z</time>
        <name>1308</name>
        <extensions>
          <speed_mps>8.941</speed_mps>
          <speed_mph>20.0</speed_mph>
        </extensions>
      </trkpt>
      <trkpt lat="52.24312" lon="1.5621">
        <ele>0</ele>
        <time>2026-06-26T09:20:38.793Z</time>
        <name>1309</name>
        <extensions>
          <speed_mps>8.941</speed_mps>
          <speed_mph>20.0</speed_mph>
        </extensions>
      </trkpt>
      <trkpt lat="52.24312" lon="1.56211">
        <ele>0</ele>
        <time>2026-06-26T09:20:38.869Z</time>
        <name>1310</name>
        <extensions>
          <speed_mps>8.941</speed_mps>
          <speed_mph>20.0</speed_mph>
        </extensions>
      </trkpt>
      <trkpt lat="52.24302" lon="1.5625">
        <ele>0</ele>
        <time>2026-06-26T09:20:42.089Z</time>
        <name>1311</name>
        <extensions>
          <speed_mps>8.941</speed_mps>
          <speed_mph>20.0</speed_mph>
        </extensions>
      </trkpt>
      <trkpt lat="52.24284" lon="1.56311">
        <ele>0</ele>
        <time>2026-06-26T09:20:47.246Z</time>
        <name>1312</name>
        <extensions>
          <speed_mps>8.941</speed_mps>
          <speed_mph>20.0</speed_mph>
        </extensions>
      </trkpt>
      <trkpt lat="52.24281" lon="1.56316">
        <ele>0</ele>
        <time>2026-06-26T09:20:47.779Z</time>
        <name>1313</name>
        <extensions>
          <speed_mps>8.941</speed_mps>
          <speed_mph>20.0</speed_mph>
        </extensions>
      </trkpt>
      <trkpt lat="52.24272" lon="1.56341">
        <ele>0</ele>
        <time>2026-06-26T09:20:49.987Z</time>
        <name>1314</name>
        <extensions>
          <speed_mps>8.941</speed_mps>
          <speed_mph>20.0</speed_mph>
        </extensions>
      </trkpt>
      <trkpt lat="52.24258" lon="1.56372">
        <ele>0</ele>
        <time>2026-06-26T09:20:52.921Z</time>
        <name>1315</name>
        <extensions>
          <speed_mps>8.941</speed_mps>
          <speed_mph>20.0</speed_mph>
        </extensions>
      </trkpt>
      <trkpt lat="52.24238" lon="1.56409">
        <ele>0</ele>
        <time>2026-06-26T09:20:56.679Z</time>
        <name>1316</name>
        <extensions>
          <speed_mps>8.941</speed_mps>
          <speed_mph>20.0</speed_mph>
        </extensions>
      </trkpt>
      <trkpt lat="52.24212" lon="1.56451">
        <ele>0</ele>
        <time>2026-06-26T09:21:01.227Z</time>
        <name>1317</name>
        <extensions>
          <speed_mps>8.941</speed_mps>
          <speed_mph>20.0</speed_mph>
        </extensions>
      </trkpt>
      <trkpt lat="52.24205" lon="1.56464">
        <ele>0</ele>
        <time>2026-06-26T09:21:02.546Z</time>
        <name>1318</name>
        <extensions>
          <speed_mps>8.941</speed_mps>
          <speed_mph>20.0</speed_mph>
        </extensions>
      </trkpt>
      <trkpt lat="52.24172" lon="1.56509">
        <ele>0</ele>
        <time>2026-06-26T09:21:07.892Z</time>
        <name>1319</name>
        <extensions>
          <speed_mps>8.941</speed_mps>
          <speed_mph>20.0</speed_mph>
        </extensions>
      </trkpt>
      <trkpt lat="52.24117" lon="1.56571">
        <ele>0</ele>
        <time>2026-06-26T09:21:16.204Z</time>
        <name>1320</name>
        <extensions>
          <speed_mps>8.941</speed_mps>
          <speed_mph>20.0</speed_mph>
        </extensions>
      </trkpt>
      <trkpt lat="52.24056" lon="1.56626">
        <ele>0</ele>
        <time>2026-06-26T09:21:24.870Z</time>
        <name>1321</name>
        <extensions>
          <speed_mps>8.941</speed_mps>
          <speed_mph>20.0</speed_mph>
        </extensions>
      </trkpt>
      <trkpt lat="52.24043" lon="1.56635">
        <ele>0</ele>
        <time>2026-06-26T09:21:26.626Z</time>
        <name>1322</name>
        <extensions>
          <speed_mps>8.941</speed_mps>
          <speed_mph>20.0</speed_mph>
        </extensions>
      </trkpt>
      <trkpt lat="52.2404" lon="1.56638">
        <ele>0</ele>
        <time>2026-06-26T09:21:27.063Z</time>
        <name>1323</name>
        <extensions>
          <speed_mps>8.941</speed_mps>
          <speed_mph>20.0</speed_mph>
        </extensions>
      </trkpt>
      <trkpt lat="52.24012" lon="1.56654">
        <ele>0</ele>
        <time>2026-06-26T09:21:30.753Z</time>
        <name>1324</name>
        <extensions>
          <speed_mps>8.941</speed_mps>
          <speed_mph>20.0</speed_mph>
        </extensions>
      </trkpt>
      <trkpt lat="52.23992" lon="1.56663">
        <ele>0</ele>
        <time>2026-06-26T09:21:33.333Z</time>
        <name>1325</name>
        <extensions>
          <speed_mps>8.941</speed_mps>
          <speed_mph>20.0</speed_mph>
        </extensions>
      </trkpt>
      <trkpt lat="52.23957" lon="1.56673">
        <ele>0</ele>
        <time>2026-06-26T09:21:37.752Z</time>
        <name>1326</name>
        <extensions>
          <speed_mps>8.941</speed_mps>
          <speed_mph>20.0</speed_mph>
        </extensions>
      </trkpt>
      <trkpt lat="52.23885" lon="1.56689">
        <ele>0</ele>
        <time>2026-06-26T09:21:46.789Z</time>
        <name>1327</name>
        <extensions>
          <speed_mps>8.941</speed_mps>
          <speed_mph>20.0</speed_mph>
        </extensions>
      </trkpt>
      <trkpt lat="52.23854" lon="1.56694">
        <ele>0</ele>
        <time>2026-06-26T09:21:50.663Z</time>
        <name>1328</name>
        <extensions>
          <speed_mps>8.941</speed_mps>
          <speed_mph>20.0</speed_mph>
        </extensions>
      </trkpt>
      <trkpt lat="52.2385" lon="1.56695">
        <ele>0</ele>
        <time>2026-06-26T09:21:51.166Z</time>
        <name>1329</name>
        <extensions>
          <speed_mps>8.941</speed_mps>
          <speed_mph>20.0</speed_mph>
        </extensions>
      </trkpt>
      <trkpt lat="52.23843" lon="1.56696">
        <ele>0</ele>
        <time>2026-06-26T09:21:52.040Z</time>
        <name>1330</name>
        <extensions>
          <speed_mps>8.941</speed_mps>
          <speed_mph>20.0</speed_mph>
        </extensions>
      </trkpt>
      <trkpt lat="52.23839" lon="1.56697">
        <ele>0</ele>
        <time>2026-06-26T09:21:52.543Z</time>
        <name>1331</name>
        <extensions>
          <speed_mps>8.941</speed_mps>
          <speed_mph>20.0</speed_mph>
        </extensions>
      </trkpt>
      <trkpt lat="52.23802" lon="1.56703">
        <ele>0</ele>
        <time>2026-06-26T09:21:57.168Z</time>
        <name>1332</name>
        <extensions>
          <speed_mps>8.941</speed_mps>
          <speed_mph>20.0</speed_mph>
        </extensions>
      </trkpt>
      <trkpt lat="52.23797" lon="1.56706">
        <ele>0</ele>
        <time>2026-06-26T09:21:57.830Z</time>
        <name>1333</name>
        <extensions>
          <speed_mps>8.941</speed_mps>
          <speed_mph>20.0</speed_mph>
        </extensions>
      </trkpt>
      <trkpt lat="52.23792" lon="1.56708">
        <ele>0</ele>
        <time>2026-06-26T09:21:58.470Z</time>
        <name>1334</name>
        <extensions>
          <speed_mps>8.941</speed_mps>
          <speed_mph>20.0</speed_mph>
        </extensions>
      </trkpt>
      <trkpt lat="52.23781" lon="1.56716">
        <ele>0</ele>
        <time>2026-06-26T09:21:59.968Z</time>
        <name>1335</name>
        <extensions>
          <speed_mps>8.941</speed_mps>
          <speed_mph>20.0</speed_mph>
        </extensions>
      </trkpt>
      <trkpt lat="52.23773" lon="1.56725">
        <ele>0</ele>
        <time>2026-06-26T09:22:01.176Z</time>
        <name>1336</name>
        <extensions>
          <speed_mps>8.941</speed_mps>
          <speed_mph>20.0</speed_mph>
        </extensions>
      </trkpt>
      <trkpt lat="52.2375" lon="1.56755">
        <ele>0</ele>
        <time>2026-06-26T09:22:04.837Z</time>
        <name>1337</name>
        <extensions>
          <speed_mps>8.941</speed_mps>
          <speed_mph>20.0</speed_mph>
        </extensions>
      </trkpt>
      <trkpt lat="52.23749" lon="1.56756">
        <ele>0</ele>
        <time>2026-06-26T09:22:04.983Z</time>
        <name>1338</name>
        <extensions>
          <speed_mps>8.941</speed_mps>
          <speed_mph>20.0</speed_mph>
        </extensions>
      </trkpt>
      <trkpt lat="52.23722" lon="1.56799">
        <ele>0</ele>
        <time>2026-06-26T09:22:09.674Z</time>
        <name>1339</name>
        <extensions>
          <speed_mps>8.941</speed_mps>
          <speed_mph>20.0</speed_mph>
        </extensions>
      </trkpt>
      <trkpt lat="52.23678" lon="1.5688">
        <ele>0</ele>
        <time>2026-06-26T09:22:17.920Z</time>
        <name>1340</name>
        <extensions>
          <speed_mps>8.941</speed_mps>
          <speed_mph>20.0</speed_mph>
        </extensions>
      </trkpt>
      <trkpt lat="52.23664" lon="1.56902">
        <ele>0</ele>
        <time>2026-06-26T09:22:20.336Z</time>
        <name>1341</name>
        <extensions>
          <speed_mps>8.941</speed_mps>
          <speed_mph>20.0</speed_mph>
        </extensions>
      </trkpt>
      <trkpt lat="52.23644" lon="1.56929">
        <ele>0</ele>
        <time>2026-06-26T09:22:23.564Z</time>
        <name>1342</name>
        <extensions>
          <speed_mps>8.941</speed_mps>
          <speed_mph>20.0</speed_mph>
        </extensions>
      </trkpt>
      <trkpt lat="52.23615" lon="1.56965">
        <ele>0</ele>
        <time>2026-06-26T09:22:28.094Z</time>
        <name>1343</name>
        <extensions>
          <speed_mps>8.941</speed_mps>
          <speed_mph>20.0</speed_mph>
        </extensions>
      </trkpt>
      <trkpt lat="52.23603" lon="1.56978">
        <ele>0</ele>
        <time>2026-06-26T09:22:29.885Z</time>
        <name>1344</name>
        <extensions>
          <speed_mps>8.941</speed_mps>
          <speed_mph>20.0</speed_mph>
        </extensions>
      </trkpt>
      <trkpt lat="52.23601" lon="1.56981">
        <ele>0</ele>
        <time>2026-06-26T09:22:30.223Z</time>
        <name>1345</name>
        <extensions>
          <speed_mps>8.941</speed_mps>
          <speed_mph>20.0</speed_mph>
        </extensions>
      </trkpt>
      <trkpt lat="52.23562" lon="1.57028">
        <ele>0</ele>
        <time>2026-06-26T09:22:36.251Z</time>
        <name>1346</name>
        <extensions>
          <speed_mps>8.941</speed_mps>
          <speed_mph>20.0</speed_mph>
        </extensions>
      </trkpt>
      <trkpt lat="52.235" lon="1.57098">
        <ele>0</ele>
        <time>2026-06-26T09:22:45.626Z</time>
        <name>1347</name>
        <extensions>
          <speed_mps>8.941</speed_mps>
          <speed_mph>20.0</speed_mph>
        </extensions>
      </trkpt>
      <trkpt lat="52.23409" lon="1.57188">
        <ele>0</ele>
        <time>2026-06-26T09:22:58.858Z</time>
        <name>1348</name>
        <extensions>
          <speed_mps>8.941</speed_mps>
          <speed_mph>20.0</speed_mph>
        </extensions>
      </trkpt>
      <trkpt lat="52.23375" lon="1.57217">
        <ele>0</ele>
        <time>2026-06-26T09:23:03.628Z</time>
        <name>1349</name>
        <extensions>
          <speed_mps>8.941</speed_mps>
          <speed_mph>20.0</speed_mph>
        </extensions>
      </trkpt>
      <trkpt lat="52.23282" lon="1.57282">
        <ele>0</ele>
        <time>2026-06-26T09:23:16.210Z</time>
        <name>1350</name>
        <extensions>
          <speed_mps>8.941</speed_mps>
          <speed_mph>20.0</speed_mph>
        </extensions>
      </trkpt>
      <trkpt lat="52.23247" lon="1.57311">
        <ele>0</ele>
        <time>2026-06-26T09:23:21.091Z</time>
        <name>1351</name>
        <extensions>
          <speed_mps>8.941</speed_mps>
          <speed_mph>20.0</speed_mph>
        </extensions>
      </trkpt>
      <trkpt lat="52.23204" lon="1.57351">
        <ele>0</ele>
        <time>2026-06-26T09:23:27.246Z</time>
        <name>1352</name>
        <extensions>
          <speed_mps>8.941</speed_mps>
          <speed_mph>20.0</speed_mph>
        </extensions>
      </trkpt>
      <trkpt lat="52.23157" lon="1.57398">
        <ele>0</ele>
        <time>2026-06-26T09:23:34.100Z</time>
        <name>1353</name>
        <extensions>
          <speed_mps>8.941</speed_mps>
          <speed_mph>20.0</speed_mph>
        </extensions>
      </trkpt>
      <trkpt lat="52.23129" lon="1.57421">
        <ele>0</ele>
        <time>2026-06-26T09:23:37.998Z</time>
        <name>1354</name>
        <extensions>
          <speed_mps>8.941</speed_mps>
          <speed_mph>20.0</speed_mph>
        </extensions>
      </trkpt>
      <trkpt lat="52.23112" lon="1.57432">
        <ele>0</ele>
        <time>2026-06-26T09:23:40.273Z</time>
        <name>1355</name>
        <extensions>
          <speed_mps>8.941</speed_mps>
          <speed_mph>20.0</speed_mph>
        </extensions>
      </trkpt>
      <trkpt lat="52.23095" lon="1.5744">
        <ele>0</ele>
        <time>2026-06-26T09:23:42.473Z</time>
        <name>1356</name>
        <extensions>
          <speed_mps>8.941</speed_mps>
          <speed_mph>20.0</speed_mph>
        </extensions>
      </trkpt>
      <trkpt lat="52.23094" lon="1.57441">
        <ele>0</ele>
        <time>2026-06-26T09:23:42.619Z</time>
        <name>1357</name>
        <extensions>
          <speed_mps>8.941</speed_mps>
          <speed_mph>20.0</speed_mph>
        </extensions>
      </trkpt>
      <trkpt lat="52.23077" lon="1.57448">
        <ele>0</ele>
        <time>2026-06-26T09:23:44.799Z</time>
        <name>1358</name>
        <extensions>
          <speed_mps>8.941</speed_mps>
          <speed_mph>20.0</speed_mph>
        </extensions>
      </trkpt>
      <trkpt lat="52.23061" lon="1.57456">
        <ele>0</ele>
        <time>2026-06-26T09:23:46.880Z</time>
        <name>1359</name>
        <extensions>
          <speed_mps>8.941</speed_mps>
          <speed_mph>20.0</speed_mph>
        </extensions>
      </trkpt>
      <trkpt lat="52.23047" lon="1.57466">
        <ele>0</ele>
        <time>2026-06-26T09:23:48.781Z</time>
        <name>1360</name>
        <extensions>
          <speed_mps>8.941</speed_mps>
          <speed_mph>20.0</speed_mph>
        </extensions>
      </trkpt>
      <trkpt lat="52.23029" lon="1.57482">
        <ele>0</ele>
        <time>2026-06-26T09:23:51.330Z</time>
        <name>1361</name>
        <extensions>
          <speed_mps>8.941</speed_mps>
          <speed_mph>20.0</speed_mph>
        </extensions>
      </trkpt>
      <trkpt lat="52.23014" lon="1.57499">
        <ele>0</ele>
        <time>2026-06-26T09:23:53.601Z</time>
        <name>1362</name>
        <extensions>
          <speed_mps>8.941</speed_mps>
          <speed_mph>20.0</speed_mph>
        </extensions>
      </trkpt>
      <trkpt lat="52.23012" lon="1.575">
        <ele>0</ele>
        <time>2026-06-26T09:23:53.861Z</time>
        <name>1363</name>
        <extensions>
          <speed_mps>8.941</speed_mps>
          <speed_mph>20.0</speed_mph>
        </extensions>
      </trkpt>
      <trkpt lat="52.22983" lon="1.57538">
        <ele>0</ele>
        <time>2026-06-26T09:23:58.485Z</time>
        <name>1364</name>
        <extensions>
          <speed_mps>8.941</speed_mps>
          <speed_mph>20.0</speed_mph>
        </extensions>
      </trkpt>
      <trkpt lat="52.22961" lon="1.57569">
        <ele>0</ele>
        <time>2026-06-26T09:24:02.100Z</time>
        <name>1365</name>
        <extensions>
          <speed_mps>8.941</speed_mps>
          <speed_mph>20.0</speed_mph>
        </extensions>
      </trkpt>
      <trkpt lat="52.22945" lon="1.57594">
        <ele>0</ele>
        <time>2026-06-26T09:24:04.854Z</time>
        <name>1366</name>
        <extensions>
          <speed_mps>8.941</speed_mps>
          <speed_mph>20.0</speed_mph>
        </extensions>
      </trkpt>
      <trkpt lat="52.22943" lon="1.57598">
        <ele>0</ele>
        <time>2026-06-26T09:24:05.247Z</time>
        <name>1367</name>
        <extensions>
          <speed_mps>8.941</speed_mps>
          <speed_mph>20.0</speed_mph>
        </extensions>
      </trkpt>
      <trkpt lat="52.22932" lon="1.57614">
        <ele>0</ele>
        <time>2026-06-26T09:24:07.080Z</time>
        <name>1368</name>
        <extensions>
          <speed_mps>8.941</speed_mps>
          <speed_mph>20.0</speed_mph>
        </extensions>
      </trkpt>
      <trkpt lat="52.22905" lon="1.57659">
        <ele>0</ele>
        <time>2026-06-26T09:24:11.878Z</time>
        <name>1369</name>
        <extensions>
          <speed_mps>8.941</speed_mps>
          <speed_mph>20.0</speed_mph>
        </extensions>
      </trkpt>
      <trkpt lat="52.22888" lon="1.57691">
        <ele>0</ele>
        <time>2026-06-26T09:24:15.105Z</time>
        <name>1370</name>
        <extensions>
          <speed_mps>8.941</speed_mps>
          <speed_mph>20.0</speed_mph>
        </extensions>
      </trkpt>
      <trkpt lat="52.2285" lon="1.5777">
        <ele>0</ele>
        <time>2026-06-26T09:24:22.757Z</time>
        <name>1371</name>
        <extensions>
          <speed_mps>8.941</speed_mps>
          <speed_mph>20.0</speed_mph>
        </extensions>
      </trkpt>
      <trkpt lat="52.22849" lon="1.57773">
        <ele>0</ele>
        <time>2026-06-26T09:24:23.017Z</time>
        <name>1372</name>
        <extensions>
          <speed_mps>8.941</speed_mps>
          <speed_mph>20.0</speed_mph>
        </extensions>
      </trkpt>
      <trkpt lat="52.22819" lon="1.57834">
        <ele>0</ele>
        <time>2026-06-26T09:24:28.976Z</time>
        <name>1373</name>
        <extensions>
          <speed_mps>8.941</speed_mps>
          <speed_mph>20.0</speed_mph>
        </extensions>
      </trkpt>
      <trkpt lat="52.2281" lon="1.57849">
        <ele>0</ele>
        <time>2026-06-26T09:24:30.576Z</time>
        <name>1374</name>
        <extensions>
          <speed_mps>8.941</speed_mps>
          <speed_mph>20.0</speed_mph>
        </extensions>
      </trkpt>
      <trkpt lat="52.228" lon="1.57863">
        <ele>0</ele>
        <time>2026-06-26T09:24:32.214Z</time>
        <name>1375</name>
        <extensions>
          <speed_mps>8.941</speed_mps>
          <speed_mph>20.0</speed_mph>
        </extensions>
      </trkpt>
      <trkpt lat="52.22798" lon="1.57867">
        <ele>0</ele>
        <time>2026-06-26T09:24:32.608Z</time>
        <name>1376</name>
        <extensions>
          <speed_mps>8.941</speed_mps>
          <speed_mph>20.0</speed_mph>
        </extensions>
      </trkpt>
      <trkpt lat="52.2274" lon="1.57947">
        <ele>0</ele>
        <time>2026-06-26T09:24:42.051Z</time>
        <name>1377</name>
        <extensions>
          <speed_mps>8.941</speed_mps>
          <speed_mph>20.0</speed_mph>
        </extensions>
      </trkpt>
      <trkpt lat="52.22662" lon="1.58074">
        <ele>0</ele>
        <time>2026-06-26T09:24:55.751Z</time>
        <name>1378</name>
        <extensions>
          <speed_mps>8.941</speed_mps>
          <speed_mph>20.0</speed_mph>
        </extensions>
      </trkpt>
      <trkpt lat="52.22632" lon="1.58118">
        <ele>0</ele>
        <time>2026-06-26T09:25:00.767Z</time>
        <name>1379</name>
        <extensions>
          <speed_mps>8.941</speed_mps>
          <speed_mph>20.0</speed_mph>
        </extensions>
      </trkpt>
      <trkpt lat="52.22608" lon="1.58147">
        <ele>0</ele>
        <time>2026-06-26T09:25:04.480Z</time>
        <name>1380</name>
        <extensions>
          <speed_mps>8.941</speed_mps>
          <speed_mph>20.0</speed_mph>
        </extensions>
      </trkpt>
      <trkpt lat="52.22561" lon="1.58192">
        <ele>0</ele>
        <time>2026-06-26T09:25:11.257Z</time>
        <name>1381</name>
        <extensions>
          <speed_mps>8.941</speed_mps>
          <speed_mph>20.0</speed_mph>
        </extensions>
      </trkpt>
      <trkpt lat="52.22527" lon="1.5822">
        <ele>0</ele>
        <time>2026-06-26T09:25:15.993Z</time>
        <name>1382</name>
        <extensions>
          <speed_mps>8.941</speed_mps>
          <speed_mph>20.0</speed_mph>
        </extensions>
      </trkpt>
      <trkpt lat="52.22483" lon="1.58253">
        <ele>0</ele>
        <time>2026-06-26T09:25:22.015Z</time>
        <name>1383</name>
        <extensions>
          <speed_mps>8.941</speed_mps>
          <speed_mph>20.0</speed_mph>
        </extensions>
      </trkpt>
      <trkpt lat="52.22454" lon="1.58278">
        <ele>0</ele>
        <time>2026-06-26T09:25:26.094Z</time>
        <name>1384</name>
        <extensions>
          <speed_mps>8.941</speed_mps>
          <speed_mph>20.0</speed_mph>
        </extensions>
      </trkpt>
      <trkpt lat="52.22442" lon="1.58286">
        <ele>0</ele>
        <time>2026-06-26T09:25:27.706Z</time>
        <name>1385</name>
        <extensions>
          <speed_mps>8.941</speed_mps>
          <speed_mph>20.0</speed_mph>
        </extensions>
      </trkpt>
      <trkpt lat="52.22432" lon="1.58294">
        <ele>0</ele>
        <time>2026-06-26T09:25:29.091Z</time>
        <name>1386</name>
        <extensions>
          <speed_mps>8.941</speed_mps>
          <speed_mph>20.0</speed_mph>
        </extensions>
      </trkpt>
      <trkpt lat="52.22422" lon="1.583">
        <ele>0</ele>
        <time>2026-06-26T09:25:30.416Z</time>
        <name>1387</name>
        <extensions>
          <speed_mps>8.941</speed_mps>
          <speed_mph>20.0</speed_mph>
        </extensions>
      </trkpt>
      <trkpt lat="52.2241" lon="1.58306">
        <ele>0</ele>
        <time>2026-06-26T09:25:31.976Z</time>
        <name>1388</name>
        <extensions>
          <speed_mps>8.941</speed_mps>
          <speed_mph>20.0</speed_mph>
        </extensions>
      </trkpt>
      <trkpt lat="52.22394" lon="1.58312">
        <ele>0</ele>
        <time>2026-06-26T09:25:34.018Z</time>
        <name>1389</name>
        <extensions>
          <speed_mps>8.941</speed_mps>
          <speed_mph>20.0</speed_mph>
        </extensions>
      </trkpt>
      <trkpt lat="52.2236" lon="1.58318">
        <ele>0</ele>
        <time>2026-06-26T09:25:38.271Z</time>
        <name>1390</name>
        <extensions>
          <speed_mps>8.941</speed_mps>
          <speed_mph>20.0</speed_mph>
        </extensions>
      </trkpt>
      <trkpt lat="52.22341" lon="1.58317">
        <ele>0</ele>
        <time>2026-06-26T09:25:40.636Z</time>
        <name>1391</name>
        <extensions>
          <speed_mps>8.941</speed_mps>
          <speed_mph>20.0</speed_mph>
        </extensions>
      </trkpt>
      <trkpt lat="52.22326" lon="1.58315">
        <ele>0</ele>
        <time>2026-06-26T09:25:42.507Z</time>
        <name>1392</name>
        <extensions>
          <speed_mps>8.941</speed_mps>
          <speed_mph>20.0</speed_mph>
        </extensions>
      </trkpt>
      <trkpt lat="52.22313" lon="1.58312">
        <ele>0</ele>
        <time>2026-06-26T09:25:44.140Z</time>
        <name>1393</name>
        <extensions>
          <speed_mps>8.941</speed_mps>
          <speed_mph>20.0</speed_mph>
        </extensions>
      </trkpt>
      <trkpt lat="52.22299" lon="1.58307">
        <ele>0</ele>
        <time>2026-06-26T09:25:45.922Z</time>
        <name>1394</name>
        <extensions>
          <speed_mps>8.941</speed_mps>
          <speed_mph>20.0</speed_mph>
        </extensions>
      </trkpt>
      <trkpt lat="52.22259" lon="1.58283">
        <ele>0</ele>
        <time>2026-06-26T09:25:51.223Z</time>
        <name>1395</name>
        <extensions>
          <speed_mps>8.941</speed_mps>
          <speed_mph>20.0</speed_mph>
        </extensions>
      </trkpt>
      <trkpt lat="52.22241" lon="1.58271">
        <ele>0</ele>
        <time>2026-06-26T09:25:53.641Z</time>
        <name>1396</name>
        <extensions>
          <speed_mps>8.941</speed_mps>
          <speed_mph>20.0</speed_mph>
        </extensions>
      </trkpt>
      <trkpt lat="52.2222" lon="1.58252">
        <ele>0</ele>
        <time>2026-06-26T09:25:56.627Z</time>
        <name>1397</name>
        <extensions>
          <speed_mps>8.941</speed_mps>
          <speed_mph>20.0</speed_mph>
        </extensions>
      </trkpt>
      <trkpt lat="52.22202" lon="1.58234">
        <ele>0</ele>
        <time>2026-06-26T09:25:59.252Z</time>
        <name>1398</name>
        <extensions>
          <speed_mps>8.941</speed_mps>
          <speed_mph>20.0</speed_mph>
        </extensions>
      </trkpt>
      <trkpt lat="52.22046" lon="1.58064">
        <ele>0</ele>
        <time>2026-06-26T09:26:22.580Z</time>
        <name>1399</name>
        <extensions>
          <speed_mps>8.941</speed_mps>
          <speed_mph>20.0</speed_mph>
        </extensions>
      </trkpt>
      <trkpt lat="52.21918" lon="1.57913">
        <ele>0</ele>
        <time>2026-06-26T09:26:42.221Z</time>
        <name>1400</name>
        <extensions>
          <speed_mps>8.941</speed_mps>
          <speed_mph>20.0</speed_mph>
        </extensions>
      </trkpt>
      <trkpt lat="52.21877" lon="1.57867">
        <ele>0</ele>
        <time>2026-06-26T09:26:48.408Z</time>
        <name>1401</name>
        <extensions>
          <speed_mps>8.941</speed_mps>
          <speed_mph>20.0</speed_mph>
        </extensions>
      </trkpt>
      <trkpt lat="52.21843" lon="1.57832">
        <ele>0</ele>
        <time>2026-06-26T09:26:53.408Z</time>
        <name>1402</name>
        <extensions>
          <speed_mps>8.941</speed_mps>
          <speed_mph>20.0</speed_mph>
        </extensions>
      </trkpt>
      <trkpt lat="52.21824" lon="1.57816">
        <ele>0</ele>
        <time>2026-06-26T09:26:56.067Z</time>
        <name>1403</name>
        <extensions>
          <speed_mps>8.941</speed_mps>
          <speed_mph>20.0</speed_mph>
        </extensions>
      </trkpt>
      <trkpt lat="52.21808" lon="1.57805">
        <ele>0</ele>
        <time>2026-06-26T09:26:58.226Z</time>
        <name>1404</name>
        <extensions>
          <speed_mps>8.941</speed_mps>
          <speed_mph>20.0</speed_mph>
        </extensions>
      </trkpt>
      <trkpt lat="52.21787" lon="1.57794">
        <ele>0</ele>
        <time>2026-06-26T09:27:00.969Z</time>
        <name>1405</name>
        <extensions>
          <speed_mps>8.941</speed_mps>
          <speed_mph>20.0</speed_mph>
        </extensions>
      </trkpt>
      <trkpt lat="52.21786" lon="1.57793">
        <ele>0</ele>
        <time>2026-06-26T09:27:01.115Z</time>
        <name>1406</name>
        <extensions>
          <speed_mps>8.941</speed_mps>
          <speed_mph>20.0</speed_mph>
        </extensions>
      </trkpt>
      <trkpt lat="52.21758" lon="1.57781">
        <ele>0</ele>
        <time>2026-06-26T09:27:04.715Z</time>
        <name>1407</name>
        <extensions>
          <speed_mps>8.941</speed_mps>
          <speed_mph>20.0</speed_mph>
        </extensions>
      </trkpt>
      <trkpt lat="52.21757" lon="1.57788">
        <ele>0</ele>
        <time>2026-06-26T09:27:05.263Z</time>
        <name>1408</name>
        <extensions>
          <speed_mps>8.941</speed_mps>
          <speed_mph>20.0</speed_mph>
        </extensions>
      </trkpt>
      <trkpt lat="52.21757" lon="1.57794">
        <ele>0</ele>
        <time>2026-06-26T09:27:05.720Z</time>
        <name>1409</name>
        <extensions>
          <speed_mps>8.941</speed_mps>
          <speed_mph>20.0</speed_mph>
        </extensions>
      </trkpt>
      <trkpt lat="52.21755" lon="1.5781">
        <ele>0</ele>
        <time>2026-06-26T09:27:06.964Z</time>
        <name>1410</name>
        <extensions>
          <speed_mps>8.941</speed_mps>
          <speed_mph>20.0</speed_mph>
        </extensions>
      </trkpt>
      <trkpt lat="52.21751" lon="1.57874">
        <ele>0</ele>
        <time>2026-06-26T09:27:11.866Z</time>
        <name>1411</name>
        <extensions>
          <speed_mps>8.941</speed_mps>
          <speed_mph>20.0</speed_mph>
        </extensions>
      </trkpt>
      <trkpt lat="52.21751" lon="1.58257">
        <ele>0</ele>
        <time>2026-06-26T09:27:41.049Z</time>
        <name>1412</name>
        <extensions>
          <speed_mps>8.941</speed_mps>
          <speed_mph>20.0</speed_mph>
        </extensions>
      </trkpt>
      <trkpt lat="52.21768" lon="1.58588">
        <ele>0</ele>
        <time>2026-06-26T09:28:06.358Z</time>
        <name>1413</name>
        <extensions>
          <speed_mps>8.941</speed_mps>
          <speed_mph>20.0</speed_mph>
        </extensions>
      </trkpt>
      <trkpt lat="52.21768" lon="1.58623">
        <ele>0</ele>
        <time>2026-06-26T09:28:09.025Z</time>
        <name>1414</name>
        <extensions>
          <speed_mps>8.941</speed_mps>
          <speed_mph>20.0</speed_mph>
        </extensions>
      </trkpt>
      <trkpt lat="52.21764" lon="1.58658">
        <ele>0</ele>
        <time>2026-06-26T09:28:11.738Z</time>
        <name>1415</name>
        <extensions>
          <speed_mps>8.941</speed_mps>
          <speed_mph>20.0</speed_mph>
        </extensions>
      </trkpt>
      <trkpt lat="52.21759" lon="1.58686">
        <ele>0</ele>
        <time>2026-06-26T09:28:13.960Z</time>
        <name>1416</name>
        <extensions>
          <speed_mps>8.941</speed_mps>
          <speed_mph>20.0</speed_mph>
        </extensions>
      </trkpt>
      <trkpt lat="52.21759" lon="1.58688">
        <ele>0</ele>
        <time>2026-06-26T09:28:14.113Z</time>
        <name>1417</name>
        <extensions>
          <speed_mps>8.941</speed_mps>
          <speed_mph>20.0</speed_mph>
        </extensions>
      </trkpt>
      <trkpt lat="52.2175" lon="1.58734">
        <ele>0</ele>
        <time>2026-06-26T09:28:17.792Z</time>
        <name>1418</name>
        <extensions>
          <speed_mps>8.941</speed_mps>
          <speed_mph>20.0</speed_mph>
        </extensions>
      </trkpt>
      <trkpt lat="52.21743" lon="1.5878">
        <ele>0</ele>
        <time>2026-06-26T09:28:21.403Z</time>
        <name>1419</name>
        <extensions>
          <speed_mps>8.941</speed_mps>
          <speed_mph>20.0</speed_mph>
        </extensions>
      </trkpt>
      <trkpt lat="52.21742" lon="1.58829">
        <ele>0</ele>
        <time>2026-06-26T09:28:25.139Z</time>
        <name>1420</name>
        <extensions>
          <speed_mps>8.941</speed_mps>
          <speed_mph>20.0</speed_mph>
        </extensions>
      </trkpt>
      <trkpt lat="52.21748" lon="1.589">
        <ele>0</ele>
        <time>2026-06-26T09:28:30.600Z</time>
        <name>1421</name>
        <extensions>
          <speed_mps>8.941</speed_mps>
          <speed_mph>20.0</speed_mph>
        </extensions>
      </trkpt>
      <trkpt lat="52.21747" lon="1.58932">
        <ele>0</ele>
        <time>2026-06-26T09:28:33.042Z</time>
        <name>1422</name>
        <extensions>
          <speed_mps>8.941</speed_mps>
          <speed_mph>20.0</speed_mph>
        </extensions>
      </trkpt>
      <trkpt lat="52.21743" lon="1.58961">
        <ele>0</ele>
        <time>2026-06-26T09:28:35.307Z</time>
        <name>1423</name>
        <extensions>
          <speed_mps>8.941</speed_mps>
          <speed_mph>20.0</speed_mph>
        </extensions>
      </trkpt>
      <trkpt lat="52.21739" lon="1.58981">
        <ele>0</ele>
        <time>2026-06-26T09:28:36.910Z</time>
        <name>1424</name>
        <extensions>
          <speed_mps>8.941</speed_mps>
          <speed_mph>20.0</speed_mph>
        </extensions>
      </trkpt>
      <trkpt lat="52.21732" lon="1.59001">
        <ele>0</ele>
        <time>2026-06-26T09:28:38.665Z</time>
        <name>1425</name>
        <extensions>
          <speed_mps>8.941</speed_mps>
          <speed_mph>20.0</speed_mph>
        </extensions>
      </trkpt>
      <trkpt lat="52.21721" lon="1.59024">
        <ele>0</ele>
        <time>2026-06-26T09:28:40.888Z</time>
        <name>1426</name>
        <extensions>
          <speed_mps>8.941</speed_mps>
          <speed_mph>20.0</speed_mph>
        </extensions>
      </trkpt>
      <trkpt lat="52.21708" lon="1.59043">
        <ele>0</ele>
        <time>2026-06-26T09:28:43.058Z</time>
        <name>1427</name>
        <extensions>
          <speed_mps>8.941</speed_mps>
          <speed_mph>20.0</speed_mph>
        </extensions>
      </trkpt>
      <trkpt lat="52.21676" lon="1.59065">
        <ele>0</ele>
        <time>2026-06-26T09:28:47.377Z</time>
        <name>1428</name>
        <extensions>
          <speed_mps>8.941</speed_mps>
          <speed_mph>20.0</speed_mph>
        </extensions>
      </trkpt>
      <trkpt lat="52.21675" lon="1.59065">
        <ele>0</ele>
        <time>2026-06-26T09:28:47.501Z</time>
        <name>1429</name>
        <extensions>
          <speed_mps>8.941</speed_mps>
          <speed_mph>20.0</speed_mph>
        </extensions>
      </trkpt>
      <trkpt lat="52.21616" lon="1.59092">
        <ele>0</ele>
        <time>2026-06-26T09:28:55.122Z</time>
        <name>1430</name>
        <extensions>
          <speed_mps>8.941</speed_mps>
          <speed_mph>20.0</speed_mph>
        </extensions>
      </trkpt>
      <trkpt lat="52.21585" lon="1.5911">
        <ele>0</ele>
        <time>2026-06-26T09:28:59.214Z</time>
        <name>1431</name>
        <extensions>
          <speed_mps>8.941</speed_mps>
          <speed_mph>20.0</speed_mph>
        </extensions>
      </trkpt>
      <trkpt lat="52.21572" lon="1.5912">
        <ele>0</ele>
        <time>2026-06-26T09:29:01.001Z</time>
        <name>1432</name>
        <extensions>
          <speed_mps>8.941</speed_mps>
          <speed_mph>20.0</speed_mph>
        </extensions>
      </trkpt>
      <trkpt lat="52.21556" lon="1.59131">
        <ele>0</ele>
        <time>2026-06-26T09:29:03.160Z</time>
        <name>1433</name>
        <extensions>
          <speed_mps>8.941</speed_mps>
          <speed_mph>20.0</speed_mph>
        </extensions>
      </trkpt>
      <trkpt lat="52.21525" lon="1.59155">
        <ele>0</ele>
        <time>2026-06-26T09:29:07.428Z</time>
        <name>1434</name>
        <extensions>
          <speed_mps>8.941</speed_mps>
          <speed_mph>20.0</speed_mph>
        </extensions>
      </trkpt>
      <trkpt lat="52.21523" lon="1.59156">
        <ele>0</ele>
        <time>2026-06-26T09:29:07.688Z</time>
        <name>1435</name>
        <extensions>
          <speed_mps>8.941</speed_mps>
          <speed_mph>20.0</speed_mph>
        </extensions>
      </trkpt>
      <trkpt lat="52.21502" lon="1.59174">
        <ele>0</ele>
        <time>2026-06-26T09:29:10.638Z</time>
        <name>1436</name>
        <extensions>
          <speed_mps>8.941</speed_mps>
          <speed_mph>20.0</speed_mph>
        </extensions>
      </trkpt>
      <trkpt lat="52.21476" lon="1.592">
        <ele>0</ele>
        <time>2026-06-26T09:29:14.430Z</time>
        <name>1437</name>
        <extensions>
          <speed_mps>8.941</speed_mps>
          <speed_mph>20.0</speed_mph>
        </extensions>
      </trkpt>
      <trkpt lat="52.21462" lon="1.59217">
        <ele>0</ele>
        <time>2026-06-26T09:29:16.600Z</time>
        <name>1438</name>
        <extensions>
          <speed_mps>8.941</speed_mps>
          <speed_mph>20.0</speed_mph>
        </extensions>
      </trkpt>
      <trkpt lat="52.21439" lon="1.59241">
        <ele>0</ele>
        <time>2026-06-26T09:29:19.995Z</time>
        <name>1439</name>
        <extensions>
          <speed_mps>8.941</speed_mps>
          <speed_mph>20.0</speed_mph>
        </extensions>
      </trkpt>
      <trkpt lat="52.21417" lon="1.59259">
        <ele>0</ele>
        <time>2026-06-26T09:29:23.056Z</time>
        <name>1440</name>
        <extensions>
          <speed_mps>8.941</speed_mps>
          <speed_mph>20.0</speed_mph>
        </extensions>
      </trkpt>
      <trkpt lat="52.21357" lon="1.59318">
        <ele>0</ele>
        <time>2026-06-26T09:29:31.768Z</time>
        <name>1441</name>
        <extensions>
          <speed_mps>8.941</speed_mps>
          <speed_mph>20.0</speed_mph>
        </extensions>
      </trkpt>
      <trkpt lat="52.21353" lon="1.59321">
        <ele>0</ele>
        <time>2026-06-26T09:29:32.315Z</time>
        <name>1442</name>
        <extensions>
          <speed_mps>8.941</speed_mps>
          <speed_mph>20.0</speed_mph>
        </extensions>
      </trkpt>
      <trkpt lat="52.21343" lon="1.5933">
        <ele>0</ele>
        <time>2026-06-26T09:29:33.736Z</time>
        <name>1443</name>
        <extensions>
          <speed_mps>8.941</speed_mps>
          <speed_mph>20.0</speed_mph>
        </extensions>
      </trkpt>
      <trkpt lat="52.21337" lon="1.59333">
        <ele>0</ele>
        <time>2026-06-26T09:29:34.516Z</time>
        <name>1444</name>
        <extensions>
          <speed_mps>8.941</speed_mps>
          <speed_mph>20.0</speed_mph>
        </extensions>
      </trkpt>
      <trkpt lat="52.21322" lon="1.59343">
        <ele>0</ele>
        <time>2026-06-26T09:29:36.531Z</time>
        <name>1445</name>
        <extensions>
          <speed_mps>8.941</speed_mps>
          <speed_mph>20.0</speed_mph>
        </extensions>
      </trkpt>
      <trkpt lat="52.2132" lon="1.59344">
        <ele>0</ele>
        <time>2026-06-26T09:29:36.791Z</time>
        <name>1446</name>
        <extensions>
          <speed_mps>8.941</speed_mps>
          <speed_mph>20.0</speed_mph>
        </extensions>
      </trkpt>
      <trkpt lat="52.21303" lon="1.59355">
        <ele>0</ele>
        <time>2026-06-26T09:29:39.066Z</time>
        <name>1447</name>
        <extensions>
          <speed_mps>8.941</speed_mps>
          <speed_mph>20.0</speed_mph>
        </extensions>
      </trkpt>
      <trkpt lat="52.21276" lon="1.59367">
        <ele>0</ele>
        <time>2026-06-26T09:29:42.546Z</time>
        <name>1448</name>
        <extensions>
          <speed_mps>8.941</speed_mps>
          <speed_mph>20.0</speed_mph>
        </extensions>
      </trkpt>
      <trkpt lat="52.2122" lon="1.59395">
        <ele>0</ele>
        <time>2026-06-26T09:29:49.830Z</time>
        <name>1449</name>
        <extensions>
          <speed_mps>8.941</speed_mps>
          <speed_mph>20.0</speed_mph>
        </extensions>
      </trkpt>
      <trkpt lat="52.21186" lon="1.5941">
        <ele>0</ele>
        <time>2026-06-26T09:29:54.210Z</time>
        <name>1450</name>
        <extensions>
          <speed_mps>8.941</speed_mps>
          <speed_mph>20.0</speed_mph>
        </extensions>
      </trkpt>
      <trkpt lat="52.21034" lon="1.5949">
        <ele>0</ele>
        <time>2026-06-26T09:30:14.073Z</time>
        <name>1451</name>
        <extensions>
          <speed_mps>8.941</speed_mps>
          <speed_mph>20.0</speed_mph>
        </extensions>
      </trkpt>
      <trkpt lat="52.20846" lon="1.59583">
        <ele>0</ele>
        <time>2026-06-26T09:30:38.505Z</time>
        <name>1452</name>
        <extensions>
          <speed_mps>8.941</speed_mps>
          <speed_mph>20.0</speed_mph>
        </extensions>
      </trkpt>
      <trkpt lat="52.20844" lon="1.59583">
        <ele>0</ele>
        <time>2026-06-26T09:30:38.754Z</time>
        <name>1453</name>
        <extensions>
          <speed_mps>8.941</speed_mps>
          <speed_mph>20.0</speed_mph>
        </extensions>
      </trkpt>
      <trkpt lat="52.20776" lon="1.59618">
        <ele>0</ele>
        <time>2026-06-26T09:30:47.621Z</time>
        <name>1454</name>
        <extensions>
          <speed_mps>8.941</speed_mps>
          <speed_mph>20.0</speed_mph>
        </extensions>
      </trkpt>
      <trkpt lat="52.20737" lon="1.59636">
        <ele>0</ele>
        <time>2026-06-26T09:30:52.662Z</time>
        <name>1455</name>
        <extensions>
          <speed_mps>8.941</speed_mps>
          <speed_mph>20.0</speed_mph>
        </extensions>
      </trkpt>
      <trkpt lat="52.20724" lon="1.59641">
        <ele>0</ele>
        <time>2026-06-26T09:30:54.323Z</time>
        <name>1456</name>
        <extensions>
          <speed_mps>8.941</speed_mps>
          <speed_mph>20.0</speed_mph>
        </extensions>
      </trkpt>
      <trkpt lat="52.20691" lon="1.5965">
        <ele>0</ele>
        <time>2026-06-26T09:30:58.484Z</time>
        <name>1457</name>
        <extensions>
          <speed_mps>8.941</speed_mps>
          <speed_mph>20.0</speed_mph>
        </extensions>
      </trkpt>
      <trkpt lat="52.20664" lon="1.59659">
        <ele>0</ele>
        <time>2026-06-26T09:31:01.911Z</time>
        <name>1458</name>
        <extensions>
          <speed_mps>8.941</speed_mps>
          <speed_mph>20.0</speed_mph>
        </extensions>
      </trkpt>
      <trkpt lat="52.20646" lon="1.59667">
        <ele>0</ele>
        <time>2026-06-26T09:31:04.231Z</time>
        <name>1459</name>
        <extensions>
          <speed_mps>8.941</speed_mps>
          <speed_mph>20.0</speed_mph>
        </extensions>
      </trkpt>
      <trkpt lat="52.20631" lon="1.59675">
        <ele>0</ele>
        <time>2026-06-26T09:31:06.194Z</time>
        <name>1460</name>
        <extensions>
          <speed_mps>8.941</speed_mps>
          <speed_mph>20.0</speed_mph>
        </extensions>
      </trkpt>
      <trkpt lat="52.20618" lon="1.59686">
        <ele>0</ele>
        <time>2026-06-26T09:31:08.015Z</time>
        <name>1461</name>
        <extensions>
          <speed_mps>8.941</speed_mps>
          <speed_mph>20.0</speed_mph>
        </extensions>
      </trkpt>
      <trkpt lat="52.20605" lon="1.59701">
        <ele>0</ele>
        <time>2026-06-26T09:31:09.995Z</time>
        <name>1462</name>
        <extensions>
          <speed_mps>8.941</speed_mps>
          <speed_mph>20.0</speed_mph>
        </extensions>
      </trkpt>
      <trkpt lat="52.20591" lon="1.59721">
        <ele>0</ele>
        <time>2026-06-26T09:31:12.310Z</time>
        <name>1463</name>
        <extensions>
          <speed_mps>8.941</speed_mps>
          <speed_mph>20.0</speed_mph>
        </extensions>
      </trkpt>
      <trkpt lat="52.20581" lon="1.59739">
        <ele>0</ele>
        <time>2026-06-26T09:31:14.161Z</time>
        <name>1464</name>
        <extensions>
          <speed_mps>8.941</speed_mps>
          <speed_mph>20.0</speed_mph>
        </extensions>
      </trkpt>
      <trkpt lat="52.20569" lon="1.59765">
        <ele>0</ele>
        <time>2026-06-26T09:31:16.642Z</time>
        <name>1465</name>
        <extensions>
          <speed_mps>8.941</speed_mps>
          <speed_mph>20.0</speed_mph>
        </extensions>
      </trkpt>
      <trkpt lat="52.20478" lon="1.60055">
        <ele>0</ele>
        <time>2026-06-26T09:31:41.474Z</time>
        <name>1466</name>
        <extensions>
          <speed_mps>8.941</speed_mps>
          <speed_mph>20.0</speed_mph>
        </extensions>
      </trkpt>
      <trkpt lat="52.20461" lon="1.60141">
        <ele>0</ele>
        <time>2026-06-26T09:31:48.361Z</time>
        <name>1467</name>
        <extensions>
          <speed_mps>8.941</speed_mps>
          <speed_mph>20.0</speed_mph>
        </extensions>
      </trkpt>
      <trkpt lat="52.20445" lon="1.60248">
        <ele>0</ele>
        <time>2026-06-26T09:31:56.756Z</time>
        <name>1468</name>
        <extensions>
          <speed_mps>8.941</speed_mps>
          <speed_mph>20.0</speed_mph>
        </extensions>
      </trkpt>
      <trkpt lat="52.20441" lon="1.60292">
        <ele>0</ele>
        <time>2026-06-26T09:32:00.146Z</time>
        <name>1469</name>
        <extensions>
          <speed_mps>8.941</speed_mps>
          <speed_mph>20.0</speed_mph>
        </extensions>
      </trkpt>
      <trkpt lat="52.2044" lon="1.60401">
        <ele>0</ele>
        <time>2026-06-26T09:32:08.455Z</time>
        <name>1470</name>
        <extensions>
          <speed_mps>8.941</speed_mps>
          <speed_mph>20.0</speed_mph>
        </extensions>
      </trkpt>
      <trkpt lat="52.20442" lon="1.60445">
        <ele>0</ele>
        <time>2026-06-26T09:32:11.818Z</time>
        <name>1471</name>
        <extensions>
          <speed_mps>8.941</speed_mps>
          <speed_mph>20.0</speed_mph>
        </extensions>
      </trkpt>
      <trkpt lat="52.20446" lon="1.60482">
        <ele>0</ele>
        <time>2026-06-26T09:32:14.681Z</time>
        <name>1472</name>
        <extensions>
          <speed_mps>8.941</speed_mps>
          <speed_mph>20.0</speed_mph>
        </extensions>
      </trkpt>
      <trkpt lat="52.20507" lon="1.60845">
        <ele>0</ele>
        <time>2026-06-26T09:32:43.370Z</time>
        <name>1473</name>
        <extensions>
          <speed_mps>8.941</speed_mps>
          <speed_mph>20.0</speed_mph>
        </extensions>
      </trkpt>
      <trkpt lat="52.20539" lon="1.61015">
        <ele>0</ele>
        <time>2026-06-26T09:32:56.924Z</time>
        <name>1474</name>
        <extensions>
          <speed_mps>8.941</speed_mps>
          <speed_mph>20.0</speed_mph>
        </extensions>
      </trkpt>
      <trkpt lat="52.20539" lon="1.61016">
        <ele>0</ele>
        <time>2026-06-26T09:32:57.000Z</time>
        <name>1475</name>
        <extensions>
          <speed_mps>8.941</speed_mps>
          <speed_mph>20.0</speed_mph>
        </extensions>
      </trkpt>
      <trkpt lat="52.20584" lon="1.61261">
        <ele>0</ele>
        <time>2026-06-26T09:33:16.494Z</time>
        <name>1476</name>
        <extensions>
          <speed_mps>8.941</speed_mps>
          <speed_mph>20.0</speed_mph>
        </extensions>
      </trkpt>
      <trkpt lat="52.20584" lon="1.61264">
        <ele>0</ele>
        <time>2026-06-26T09:33:16.723Z</time>
        <name>1477</name>
        <extensions>
          <speed_mps>8.941</speed_mps>
          <speed_mph>20.0</speed_mph>
        </extensions>
      </trkpt>
      <trkpt lat="52.20596" lon="1.61334">
        <ele>0</ele>
        <time>2026-06-26T09:33:22.263Z</time>
        <name>1478</name>
        <extensions>
          <speed_mps>8.941</speed_mps>
          <speed_mph>20.0</speed_mph>
        </extensions>
      </trkpt>
      <trkpt lat="52.20607" lon="1.61436">
        <ele>0</ele>
        <time>2026-06-26T09:33:30.156Z</time>
        <name>1479</name>
        <extensions>
          <speed_mps>8.941</speed_mps>
          <speed_mph>20.0</speed_mph>
        </extensions>
      </trkpt>
      <trkpt lat="52.20614" lon="1.61558">
        <ele>0</ele>
        <time>2026-06-26T09:33:39.495Z</time>
        <name>1480</name>
        <extensions>
          <speed_mps>8.941</speed_mps>
          <speed_mph>20.0</speed_mph>
        </extensions>
      </trkpt>
      <trkpt lat="52.20613" lon="1.61609">
        <ele>0</ele>
        <time>2026-06-26T09:33:43.384Z</time>
        <name>1481</name>
        <extensions>
          <speed_mps>8.941</speed_mps>
          <speed_mph>20.0</speed_mph>
        </extensions>
      </trkpt>
      <trkpt lat="52.20615" lon="1.61657">
        <ele>0</ele>
        <time>2026-06-26T09:33:47.051Z</time>
        <name>1482</name>
        <extensions>
          <speed_mps>8.941</speed_mps>
          <speed_mph>20.0</speed_mph>
        </extensions>
      </trkpt>
      <trkpt lat="52.20627" lon="1.61705">
        <ele>0</ele>
        <time>2026-06-26T09:33:51.002Z</time>
        <name>1483</name>
        <extensions>
          <speed_mps>8.941</speed_mps>
          <speed_mph>20.0</speed_mph>
        </extensions>
      </trkpt>
      <trkpt lat="52.2064" lon="1.61745">
        <ele>0</ele>
        <time>2026-06-26T09:33:54.453Z</time>
        <name>1484</name>
        <extensions>
          <speed_mps>8.941</speed_mps>
          <speed_mph>20.0</speed_mph>
        </extensions>
      </trkpt>
      <trkpt lat="52.20657" lon="1.61792">
        <ele>0</ele>
        <time>2026-06-26T09:33:58.612Z</time>
        <name>1485</name>
        <extensions>
          <speed_mps>8.941</speed_mps>
          <speed_mph>20.0</speed_mph>
        </extensions>
      </trkpt>
      <trkpt lat="52.20675" lon="1.61833">
        <ele>0</ele>
        <time>2026-06-26T09:34:02.456Z</time>
        <name>1486</name>
        <extensions>
          <speed_mps>8.941</speed_mps>
          <speed_mph>20.0</speed_mph>
        </extensions>
      </trkpt>
      <trkpt lat="52.20694" lon="1.61872">
        <ele>0</ele>
        <time>2026-06-26T09:34:06.253Z</time>
        <name>1487</name>
        <extensions>
          <speed_mps>8.941</speed_mps>
          <speed_mph>20.0</speed_mph>
        </extensions>
      </trkpt>
      <trkpt lat="52.20707" lon="1.61902">
        <ele>0</ele>
        <time>2026-06-26T09:34:09.053Z</time>
        <name>1488</name>
        <extensions>
          <speed_mps>8.941</speed_mps>
          <speed_mph>20.0</speed_mph>
        </extensions>
      </trkpt>
      <trkpt lat="52.20723" lon="1.61947">
        <ele>0</ele>
        <time>2026-06-26T09:34:13.019Z</time>
        <name>1489</name>
        <extensions>
          <speed_mps>8.941</speed_mps>
          <speed_mph>20.0</speed_mph>
        </extensions>
      </trkpt>
      <trkpt lat="52.20738" lon="1.6195">
        <ele>0</ele>
        <time>2026-06-26T09:34:14.898Z</time>
        <name>1490</name>
        <extensions>
          <speed_mps>8.941</speed_mps>
          <speed_mph>20.0</speed_mph>
        </extensions>
      </trkpt>
      <trkpt lat="52.20744" lon="1.61952">
        <ele>0</ele>
        <time>2026-06-26T09:34:15.660Z</time>
        <name>1491</name>
        <extensions>
          <speed_mps>8.941</speed_mps>
          <speed_mph>20.0</speed_mph>
        </extensions>
      </trkpt>
      <trkpt lat="52.2076" lon="1.61955">
        <ele>0</ele>
        <time>2026-06-26T09:34:17.663Z</time>
        <name>1492</name>
        <extensions>
          <speed_mps>8.941</speed_mps>
          <speed_mph>20.0</speed_mph>
        </extensions>
      </trkpt>
      <trkpt lat="52.20773" lon="1.61955">
        <ele>0</ele>
        <time>2026-06-26T09:34:19.279Z</time>
        <name>1493</name>
        <extensions>
          <speed_mps>8.941</speed_mps>
          <speed_mph>20.0</speed_mph>
        </extensions>
      </trkpt>
      <trkpt lat="52.20788" lon="1.61952">
        <ele>0</ele>
        <time>2026-06-26T09:34:21.159Z</time>
        <name>1494</name>
        <extensions>
          <speed_mps>8.941</speed_mps>
          <speed_mph>20.0</speed_mph>
        </extensions>
      </trkpt>
      <trkpt lat="52.20791" lon="1.61951">
        <ele>0</ele>
        <time>2026-06-26T09:34:21.540Z</time>
        <name>1495</name>
        <extensions>
          <speed_mps>8.941</speed_mps>
          <speed_mph>20.0</speed_mph>
        </extensions>
      </trkpt>
      <trkpt lat="52.20806" lon="1.61948">
        <ele>0</ele>
        <time>2026-06-26T09:34:23.419Z</time>
        <name>1496</name>
        <extensions>
          <speed_mps>8.941</speed_mps>
          <speed_mph>20.0</speed_mph>
        </extensions>
      </trkpt>
      <trkpt lat="52.20824" lon="1.6194">
        <ele>0</ele>
        <time>2026-06-26T09:34:25.739Z</time>
        <name>1497</name>
        <extensions>
          <speed_mps>8.941</speed_mps>
          <speed_mph>20.0</speed_mph>
        </extensions>
      </trkpt>
      <trkpt lat="52.20827" lon="1.61941">
        <ele>0</ele>
        <time>2026-06-26T09:34:26.120Z</time>
        <name>1498</name>
        <extensions>
          <speed_mps>8.941</speed_mps>
          <speed_mph>20.0</speed_mph>
        </extensions>
      </trkpt>
      <trkpt lat="52.20854" lon="1.61922">
        <ele>0</ele>
        <time>2026-06-26T09:34:29.777Z</time>
        <name>1499</name>
        <extensions>
          <speed_mps>8.941</speed_mps>
          <speed_mph>20.0</speed_mph>
        </extensions>
      </trkpt>
      <trkpt lat="52.20872" lon="1.61907">
        <ele>0</ele>
        <time>2026-06-26T09:34:32.291Z</time>
        <name>1500</name>
        <extensions>
          <speed_mps>8.941</speed_mps>
          <speed_mph>20.0</speed_mph>
        </extensions>
      </trkpt>
      <trkpt lat="52.20891" lon="1.61888">
        <ele>0</ele>
        <time>2026-06-26T09:34:35.062Z</time>
        <name>1501</name>
        <extensions>
          <speed_mps>8.941</speed_mps>
          <speed_mph>20.0</speed_mph>
        </extensions>
      </trkpt>
      <trkpt lat="52.20952" lon="1.61821">
        <ele>0</ele>
        <time>2026-06-26T09:34:44.207Z</time>
        <name>1502</name>
        <extensions>
          <speed_mps>8.941</speed_mps>
          <speed_mph>20.0</speed_mph>
        </extensions>
      </trkpt>
      <trkpt lat="52.20989" lon="1.61783">
        <ele>0</ele>
        <time>2026-06-26T09:34:49.644Z</time>
        <name>1503</name>
        <extensions>
          <speed_mps>8.941</speed_mps>
          <speed_mph>20.0</speed_mph>
        </extensions>
      </trkpt>
      <trkpt lat="52.21003" lon="1.61767">
        <ele>0</ele>
        <time>2026-06-26T09:34:51.769Z</time>
        <name>1504</name>
        <extensions>
          <speed_mps>8.941</speed_mps>
          <speed_mph>20.0</speed_mph>
        </extensions>
      </trkpt>
      <trkpt lat="52.21013" lon="1.61753">
        <ele>0</ele>
        <time>2026-06-26T09:34:53.408Z</time>
        <name>1505</name>
        <extensions>
          <speed_mps>8.941</speed_mps>
          <speed_mph>20.0</speed_mph>
        </extensions>
      </trkpt>
      <trkpt lat="52.2102" lon="1.61738">
        <ele>0</ele>
        <time>2026-06-26T09:34:54.845Z</time>
        <name>1506</name>
        <extensions>
          <speed_mps>8.941</speed_mps>
          <speed_mph>20.0</speed_mph>
        </extensions>
      </trkpt>
      <trkpt lat="52.21024" lon="1.61727">
        <ele>0</ele>
        <time>2026-06-26T09:34:55.820Z</time>
        <name>1507</name>
        <extensions>
          <speed_mps>8.941</speed_mps>
          <speed_mph>20.0</speed_mph>
        </extensions>
      </trkpt>
      <trkpt lat="52.21028" lon="1.61713">
        <ele>0</ele>
        <time>2026-06-26T09:34:56.997Z</time>
        <name>1508</name>
        <extensions>
          <speed_mps>8.941</speed_mps>
          <speed_mph>20.0</speed_mph>
        </extensions>
      </trkpt>
      <trkpt lat="52.21041" lon="1.61629">
        <ele>0</ele>
        <time>2026-06-26T09:35:03.599Z</time>
        <name>1509</name>
        <extensions>
          <speed_mps>8.941</speed_mps>
          <speed_mph>20.0</speed_mph>
        </extensions>
      </trkpt>
      <trkpt lat="52.21041" lon="1.61626">
        <ele>0</ele>
        <time>2026-06-26T09:35:03.828Z</time>
        <name>1510</name>
        <extensions>
          <speed_mps>8.941</speed_mps>
          <speed_mph>20.0</speed_mph>
        </extensions>
      </trkpt>
      <trkpt lat="52.21049" lon="1.61577">
        <ele>0</ele>
        <time>2026-06-26T09:35:07.693Z</time>
        <name>1511</name>
        <extensions>
          <speed_mps>8.941</speed_mps>
          <speed_mph>20.0</speed_mph>
        </extensions>
      </trkpt>
      <trkpt lat="52.21053" lon="1.61565">
        <ele>0</ele>
        <time>2026-06-26T09:35:08.734Z</time>
        <name>1512</name>
        <extensions>
          <speed_mps>8.941</speed_mps>
          <speed_mph>20.0</speed_mph>
        </extensions>
      </trkpt>
      <trkpt lat="52.21063" lon="1.61547">
        <ele>0</ele>
        <time>2026-06-26T09:35:10.585Z</time>
        <name>1513</name>
        <extensions>
          <speed_mps>8.941</speed_mps>
          <speed_mph>20.0</speed_mph>
        </extensions>
      </trkpt>
      <trkpt lat="52.21071" lon="1.6154">
        <ele>0</ele>
        <time>2026-06-26T09:35:11.714Z</time>
        <name>1514</name>
        <extensions>
          <speed_mps>8.941</speed_mps>
          <speed_mph>20.0</speed_mph>
        </extensions>
      </trkpt>
      <trkpt lat="52.21076" lon="1.61537">
        <ele>0</ele>
        <time>2026-06-26T09:35:12.377Z</time>
        <name>1515</name>
        <extensions>
          <speed_mps>8.941</speed_mps>
          <speed_mph>20.0</speed_mph>
        </extensions>
      </trkpt>
      <trkpt lat="52.2108" lon="1.61537">
        <ele>0</ele>
        <time>2026-06-26T09:35:12.874Z</time>
        <name>1516</name>
        <extensions>
          <speed_mps>8.941</speed_mps>
          <speed_mph>20.0</speed_mph>
        </extensions>
      </trkpt>
      <trkpt lat="52.2108" lon="1.61536">
        <ele>0</ele>
        <time>2026-06-26T09:35:12.950Z</time>
        <name>1517</name>
        <extensions>
          <speed_mps>8.941</speed_mps>
          <speed_mph>20.0</speed_mph>
        </extensions>
      </trkpt>
      <trkpt lat="52.21097" lon="1.61536">
        <ele>0</ele>
        <time>2026-06-26T09:35:15.065Z</time>
        <name>1518</name>
        <extensions>
          <speed_mps>8.941</speed_mps>
          <speed_mph>20.0</speed_mph>
        </extensions>
      </trkpt>
      <trkpt lat="52.21186" lon="1.61545">
        <ele>0</ele>
        <time>2026-06-26T09:35:26.155Z</time>
        <name>1519</name>
        <extensions>
          <speed_mps>8.941</speed_mps>
          <speed_mph>20.0</speed_mph>
        </extensions>
      </trkpt>
      <trkpt lat="52.21193" lon="1.61545">
        <ele>0</ele>
        <time>2026-06-26T09:35:27.025Z</time>
        <name>1520</name>
        <extensions>
          <speed_mps>8.941</speed_mps>
          <speed_mph>20.0</speed_mph>
        </extensions>
      </trkpt>
      <trkpt lat="52.21205" lon="1.61548">
        <ele>0</ele>
        <time>2026-06-26T09:35:28.535Z</time>
        <name>1521</name>
        <extensions>
          <speed_mps>8.941</speed_mps>
          <speed_mph>20.0</speed_mph>
        </extensions>
      </trkpt>
      <trkpt lat="52.21217" lon="1.6155">
        <ele>0</ele>
        <time>2026-06-26T09:35:30.035Z</time>
        <name>1522</name>
        <extensions>
          <speed_mps>8.941</speed_mps>
          <speed_mph>20.0</speed_mph>
        </extensions>
      </trkpt>
      <trkpt lat="52.21239" lon="1.61552">
        <ele>0</ele>
        <time>2026-06-26T09:35:32.775Z</time>
        <name>1523</name>
        <extensions>
          <speed_mps>8.941</speed_mps>
          <speed_mph>20.0</speed_mph>
        </extensions>
      </trkpt>
      <trkpt lat="52.21249" lon="1.61552">
        <ele>0</ele>
        <time>2026-06-26T09:35:34.019Z</time>
        <name>1524</name>
        <extensions>
          <speed_mps>8.941</speed_mps>
          <speed_mph>20.0</speed_mph>
        </extensions>
      </trkpt>
      <trkpt lat="52.21258" lon="1.61551">
        <ele>0</ele>
        <time>2026-06-26T09:35:35.141Z</time>
        <name>1525</name>
        <extensions>
          <speed_mps>8.941</speed_mps>
          <speed_mph>20.0</speed_mph>
        </extensions>
      </trkpt>
      <trkpt lat="52.21322" lon="1.61551">
        <ele>0</ele>
        <time>2026-06-26T09:35:43.101Z</time>
        <name>1526</name>
        <extensions>
          <speed_mps>8.941</speed_mps>
          <speed_mph>20.0</speed_mph>
        </extensions>
      </trkpt>
      <trkpt lat="52.2134" lon="1.61552">
        <ele>0</ele>
        <time>2026-06-26T09:35:45.340Z</time>
        <name>1527</name>
        <extensions>
          <speed_mps>8.941</speed_mps>
          <speed_mph>20.0</speed_mph>
        </extensions>
      </trkpt>
      <trkpt lat="52.21376" lon="1.61552">
        <ele>0</ele>
        <time>2026-06-26T09:35:49.818Z</time>
        <name>1528</name>
        <extensions>
          <speed_mps>8.941</speed_mps>
          <speed_mph>20.0</speed_mph>
        </extensions>
      </trkpt>
      <trkpt lat="52.21428" lon="1.61555">
        <ele>0</ele>
        <time>2026-06-26T09:35:56.289Z</time>
        <name>1529</name>
        <extensions>
          <speed_mps>8.941</speed_mps>
          <speed_mph>20.0</speed_mph>
        </extensions>
      </trkpt>
      <trkpt lat="52.21433" lon="1.61556">
        <ele>0</ele>
        <time>2026-06-26T09:35:56.915Z</time>
        <name>1530</name>
        <extensions>
          <speed_mps>8.941</speed_mps>
          <speed_mph>20.0</speed_mph>
        </extensions>
      </trkpt>
      <trkpt lat="52.21595" lon="1.61573">
        <ele>0</ele>
        <time>2026-06-26T09:36:17.105Z</time>
        <name>1531</name>
        <extensions>
          <speed_mps>8.941</speed_mps>
          <speed_mph>20.0</speed_mph>
        </extensions>
      </trkpt>
      <trkpt lat="52.21693" lon="1.61579">
        <ele>0</ele>
        <time>2026-06-26T09:36:29.301Z</time>
        <name>1532</name>
        <extensions>
          <speed_mps>8.941</speed_mps>
          <speed_mph>20.0</speed_mph>
        </extensions>
      </trkpt>
      <trkpt lat="52.21747" lon="1.61584">
        <ele>0</ele>
        <time>2026-06-26T09:36:36.028Z</time>
        <name>1533</name>
        <extensions>
          <speed_mps>8.941</speed_mps>
          <speed_mph>20.0</speed_mph>
        </extensions>
      </trkpt>
      <trkpt lat="52.21752" lon="1.61585">
        <ele>0</ele>
        <time>2026-06-26T09:36:36.654Z</time>
        <name>1534</name>
        <extensions>
          <speed_mps>8.941</speed_mps>
          <speed_mph>20.0</speed_mph>
        </extensions>
      </trkpt>
      <trkpt lat="52.21753" lon="1.61585">
        <ele>0</ele>
        <time>2026-06-26T09:36:36.779Z</time>
        <name>1535</name>
        <extensions>
          <speed_mps>8.941</speed_mps>
          <speed_mph>20.0</speed_mph>
        </extensions>
      </trkpt>
      <trkpt lat="52.2178" lon="1.61611">
        <ele>0</ele>
        <time>2026-06-26T09:36:40.678Z</time>
        <name>1536</name>
        <extensions>
          <speed_mps>8.941</speed_mps>
          <speed_mph>20.0</speed_mph>
        </extensions>
      </trkpt>
      <trkpt lat="52.21785" lon="1.61615">
        <ele>0</ele>
        <time>2026-06-26T09:36:41.370Z</time>
        <name>1537</name>
        <extensions>
          <speed_mps>8.941</speed_mps>
          <speed_mph>20.0</speed_mph>
        </extensions>
      </trkpt>
      <trkpt lat="52.21878" lon="1.61627">
        <ele>0</ele>
        <time>2026-06-26T09:36:52.972Z</time>
        <name>1538</name>
        <extensions>
          <speed_mps>8.941</speed_mps>
          <speed_mph>20.0</speed_mph>
        </extensions>
      </trkpt>
      <trkpt lat="52.21877" lon="1.61672">
        <ele>0</ele>
        <time>2026-06-26T09:36:56.403Z</time>
        <name>1539</name>
        <extensions>
          <speed_mps>8.941</speed_mps>
          <speed_mph>20.0</speed_mph>
        </extensions>
      </trkpt>
      <trkpt lat="52.2183" lon="1.6167">
        <ele>0</ele>
        <time>2026-06-26T09:37:02.251Z</time>
        <name>1540</name>
        <extensions>
          <speed_mps>8.941</speed_mps>
          <speed_mph>20.0</speed_mph>
        </extensions>
      </trkpt>
      <trkpt lat="52.21828" lon="1.61742">
        <ele>0</ele>
        <time>2026-06-26T09:37:07.742Z</time>
        <name>1541</name>
        <extensions>
          <speed_mps>8.941</speed_mps>
          <speed_mph>20.0</speed_mph>
        </extensions>
      </trkpt>
    </trkseg>
  </trk>
</gpx>